update,step,done,success,fail,timeout,success_rate,fail_rate,timeout_rate,pi_loss,v_loss,teacher_loss,entropy,kl,std_mean,std_min,std_max,teacher_coef
1,8192,0,0,0,0,0.0,0.0,0.0,-0.01787712799850851,0.1859170338138938,0.0,2.170475074648857,0.010457010360551067,0.4977506995201111,0.49650847911834717,0.4994800090789795,0.0
2,16384,0,0,0,0,0.0,0.0,0.0,-0.01700295088230632,0.14198804730549455,0.0,2.1486154198646545,0.013049802559544332,0.4927569627761841,0.48940327763557434,0.4962610900402069,0.0
3,24576,3,0,3,0,0.0,1.0,0.0,-0.008827911707339809,0.21547918487340212,0.0,2.117078351974487,0.00773558161672554,0.48765891790390015,0.47820624709129333,0.4943844676017761,0.0
4,32768,3,0,3,0,0.0,1.0,0.0,-0.0022058644506614657,0.32302046902477743,0.0,2.099307581782341,0.006297639703552705,0.4870834946632385,0.4760860800743103,0.4964543581008911,0.0
5,40960,9,0,9,0,0.0,1.0,0.0,-0.0035655762068927286,0.4738291047513485,0.0,2.09732771217823,0.004920071764354361,0.4869310259819031,0.4755314290523529,0.4975639581680298,0.0
6,49152,113,0,4,109,0.0,0.035398230088495575,0.9646017699115044,-0.0023386397340800615,0.28905603028833865,0.0,2.088984400033951,0.0038820991867396515,0.4839429259300232,0.47098690271377563,0.4986340403556824,0.0
7,57344,1,0,1,0,0.0,1.0,0.0,-0.0048430593800731,0.08619993245229125,0.0,2.0657549679279326,0.003511779001564719,0.4801555275917053,0.46282491087913513,0.5001888871192932,0.0
8,65536,1,0,0,1,0.0,0.0,1.0,-0.0054478868725709615,0.044066957430914044,0.0,2.0387765020132065,0.0060456756124040115,0.475420206785202,0.45493170619010925,0.49236932396888733,0.0
9,73728,2,0,0,2,0.0,0.0,1.0,-0.001228916592663154,0.14761841706931592,0.0,2.0130919724702836,0.0051770818943623455,0.471944659948349,0.45082011818885803,0.4872887432575226,0.0
10,81920,4,0,0,4,0.0,0.0,1.0,-0.005873283045366407,0.0792573906481266,0.0,1.9971135959029198,0.006592836743948283,0.47073549032211304,0.4423616826534271,0.48796311020851135,0.0
11,90112,8,0,0,8,0.0,0.0,1.0,-0.0020528078079223634,0.1478498838841915,0.0,1.9883289605379104,0.0036115338254603556,0.46888646483421326,0.4391513466835022,0.48742571473121643,0.0
12,98304,112,0,0,112,0.0,0.0,1.0,-0.002857685065828264,0.2093866540119052,0.0,1.9717788130044938,0.002902467732928926,0.4657677114009857,0.433787077665329,0.4817759394645691,0.0
13,106496,1,0,0,1,0.0,0.0,1.0,-0.005258292821235955,0.023830759641714393,0.0,1.9457652047276497,0.006241672276519239,0.4613240659236908,0.42666566371917725,0.48111826181411743,0.0
14,114688,1,0,0,1,0.0,0.0,1.0,-0.003696850879350677,0.08567676730453969,0.0,1.9241114139556885,0.00798273533291649,0.45943090319633484,0.42314612865448,0.484892874956131,0.0
15,122880,3,0,0,3,0.0,0.0,1.0,-0.0020172818622086197,0.1258955962024629,0.0,1.9114571273326875,0.005939341954945121,0.457785427570343,0.41526830196380615,0.48830366134643555,0.0
16,131072,7,0,1,6,0.0,0.14285714285714285,0.8571428571428571,-0.002090652211336419,0.23516331519931555,0.0,1.8970100268721581,0.00591848700933042,0.45520877838134766,0.4125407040119171,0.48380765318870544,0.0
17,139264,7,0,0,7,0.0,0.0,1.0,-0.0025964540778659283,0.32281377278268336,0.0,1.8861242353916168,0.003914018996147206,0.45463797450065613,0.40699782967567444,0.4866017997264862,0.0
18,147456,109,0,3,106,0.0,0.027522935779816515,0.9724770642201835,-0.0037508346547838302,0.27610563337802885,0.0,1.8768159359693528,0.004113504325505346,0.45264357328414917,0.4039131700992584,0.4850143492221832,0.0
19,155648,1,0,0,1,0.0,0.0,1.0,-0.0002938981167972088,0.10458607422187924,0.0,1.8639527410268784,0.0038789560428995175,0.45074087381362915,0.40010273456573486,0.4848930537700653,0.0
20,163840,2,0,0,2,0.0,0.0,1.0,-0.0028788656112737955,0.014955962274689228,0.0,1.835097086429596,0.004601561708841473,0.4450010657310486,0.38897255063056946,0.4851176142692566,0.0
21,172032,2,0,0,2,0.0,0.0,1.0,-0.002812106188503094,0.012564297823701054,0.0,1.8010238736867905,0.005266298187052598,0.44124647974967957,0.3852803707122803,0.48408958315849304,0.0
22,180224,8,0,0,8,0.0,0.0,1.0,-0.003943635046016425,0.014147602510638535,0.0,1.77646793872118,0.006268693419406191,0.4374040961265564,0.38163453340530396,0.48031991720199585,0.0
23,188416,8,0,0,8,0.0,0.0,1.0,-0.0015960152668412775,0.017010888562072068,0.0,1.7588436737656594,0.0029486331157386305,0.43701910972595215,0.3764699697494507,0.4814281165599823,0.0
24,196608,107,0,0,107,0.0,0.0,1.0,-0.0007484579604351893,0.05211525382474065,0.0,1.749993158876896,0.003102777361345943,0.43495410680770874,0.3738934397697449,0.4805245101451874,0.0
25,204800,1,0,0,1,0.0,0.0,1.0,-0.0012837705027777702,0.045338274468667804,0.0,1.7381944179534912,0.006410272347784485,0.43400269746780396,0.3701189458370209,0.4785277545452118,0.0
26,212992,3,0,0,3,0.0,0.0,1.0,-0.005283638060791418,0.0135825879056938,0.0,1.7254001557826997,0.0069830537860980256,0.4317972660064697,0.3628171384334564,0.480736643075943,0.0
27,221184,1,0,0,1,0.0,0.0,1.0,-0.002127010325784795,0.011159908049739898,0.0,1.7003451004624366,0.004750392052301322,0.4273318946361542,0.35805535316467285,0.47644004225730896,0.0
28,229376,9,0,0,9,0.0,0.0,1.0,-0.0014848560851532966,0.014231571927666664,0.0,1.6802251517772675,0.0040374627969868015,0.4264838397502899,0.3568754196166992,0.4734697639942169,0.0
29,237568,7,0,0,7,0.0,0.0,1.0,-0.0023484977573389187,0.018083078088238835,0.0,1.6725417077541351,0.0043840672591613835,0.4249916970729828,0.3539116680622101,0.4733599126338959,0.0
30,245760,107,0,0,107,0.0,0.0,1.0,-0.0020113976730499416,0.044212979800067845,0.0,1.6563493862748147,0.0029227512430225035,0.42217370867729187,0.35059472918510437,0.47026899456977844,0.0
31,253952,1,0,0,1,0.0,0.0,1.0,-0.0008046791364904494,0.031035970174707474,0.0,1.6393284037709237,0.003729608283174457,0.42033085227012634,0.34866079688072205,0.4672020375728607,0.0
32,262144,3,0,0,3,0.0,0.0,1.0,1.6050541307777167e-05,0.09265595553442836,0.0,1.6179194226861,0.0014527622392051854,0.41643044352531433,0.34145745635032654,0.4642559587955475,0.0
33,270336,1,0,0,1,0.0,0.0,1.0,-0.0008851115242578089,0.2568673089146614,0.0,1.5949996531009674,0.003046679602994118,0.41453275084495544,0.34012994170188904,0.4642331600189209,0.0
34,278528,10,0,0,10,0.0,0.0,1.0,-0.0019399129087105393,0.4819643095135689,0.0,1.5822080016136169,0.005320262100940454,0.41295942664146423,0.33738118410110474,0.46460044384002686,0.0
35,286720,9,0,0,9,0.0,0.0,1.0,-0.0017496512969955801,0.5572180416435003,0.0,1.5591219291090965,0.0037980395223712548,0.40832898020744324,0.3308402895927429,0.4632165729999542,0.0
36,294912,104,0,0,104,0.0,0.0,1.0,-0.0022106949996668845,0.10373862525448203,0.0,1.5237385228276252,0.004944923467337503,0.40423139929771423,0.32810235023498535,0.45836329460144043,0.0
37,303104,1,0,0,1,0.0,0.0,1.0,-0.0013491213787347079,0.050580125930719075,0.0,1.4977941706776619,0.004595478984992951,0.40087759494781494,0.3257421851158142,0.45243367552757263,0.0
38,311296,3,0,0,3,0.0,0.0,1.0,-0.0017809943878091873,0.0156415103119798,0.0,1.4706811159849167,0.003280901780090062,0.39761656522750854,0.32113879919052124,0.45398756861686707,0.0
39,319488,2,0,0,2,0.0,0.0,1.0,-0.0033240124757867306,0.01626526559703052,0.0,1.4445764735341071,0.004808301946832216,0.39444202184677124,0.3171325922012329,0.4491056501865387,0.0
40,327680,11,0,0,11,0.0,0.0,1.0,-0.003792571771191433,0.01835736361099407,0.0,1.4311387449502946,0.006999790341069456,0.3940503001213074,0.3159171938896179,0.4486197829246521,0.0
41,335872,111,0,0,111,0.0,0.0,1.0,-0.00196623865631409,0.029992504208348692,0.0,1.4211963728070258,0.0027775734597526025,0.39178666472435,0.3146163523197174,0.44465571641921997,0.0
42,344064,1,0,0,1,0.0,0.0,1.0,-0.0019095257041044534,0.01650573730003089,0.0,1.4171726882457734,0.004467319146715454,0.3932436406612396,0.31458497047424316,0.44651299715042114,0.0
43,352256,1,0,0,1,0.0,0.0,1.0,-0.0007242476043757051,0.025302408658899368,0.0,1.4224183559417725,0.0038605775007454213,0.3928154408931732,0.31395605206489563,0.44437065720558167,0.0
44,360448,2,0,0,2,0.0,0.0,1.0,-0.00405838500300888,0.011283035040833056,0.0,1.402258574962616,0.004920040789875202,0.38876113295555115,0.3079242706298828,0.4390111565589905,0.0
45,368640,3,0,0,3,0.0,0.0,1.0,-0.0007854877854697407,0.012257627979852258,0.0,1.3757465496659278,0.0020447700553631876,0.3862728476524353,0.3030925989151001,0.43580347299575806,0.0
46,376832,10,0,0,10,0.0,0.0,1.0,-0.000760117347817868,0.014093352283816784,0.0,1.3592652723193168,0.0035333631727553438,0.3852693736553192,0.30015143752098083,0.4370206892490387,0.0
47,385024,111,0,0,111,0.0,0.0,1.0,-0.00252270121127367,0.023685381817631423,0.0,1.3486605361104012,0.003138971461521578,0.38399726152420044,0.29609784483909607,0.4383075535297394,0.0
48,393216,1,0,0,1,0.0,0.0,1.0,-0.0012508537445683032,0.028694654488936065,0.0,1.3408372789621352,0.0046844498356222175,0.3837176263332367,0.2977396547794342,0.43734481930732727,0.0
49,401408,1,0,0,1,0.0,0.0,1.0,-0.0013703081116545946,0.01145258778706193,0.0,1.3355519488453864,0.0031911868522001897,0.38226303458213806,0.29595285654067993,0.43854814767837524,0.0
50,409600,3,0,0,3,0.0,0.0,1.0,-0.0015950096683809533,0.010842232871800661,0.0,1.3237130016088485,0.003964949382498162,0.3813534677028656,0.29360848665237427,0.44110479950904846,0.0
51,417792,4,0,0,4,0.0,0.0,1.0,-0.0019462560070678593,0.013702680554706604,0.0,1.3151245430111884,0.006253813382136287,0.38025403022766113,0.2916237413883209,0.43933171033859253,0.0
52,425984,9,0,0,9,0.0,0.0,1.0,-0.0007508615322876722,0.09573056884109973,0.0,1.3056233271956443,0.004175070810015313,0.37910497188568115,0.290424108505249,0.43705078959465027,0.0
53,434176,110,0,0,110,0.0,0.0,1.0,-0.0026640381605830044,0.06321857934817672,0.0,1.2954154089093208,0.005227014696720289,0.3778616189956665,0.28817635774612427,0.4365304708480835,0.0
54,442368,1,0,0,1,0.0,0.0,1.0,-0.00010434308787807823,0.033281979919411245,0.0,1.2814808920025826,0.001743770118264365,0.3761596381664276,0.2847934365272522,0.43540164828300476,0.0
55,450560,1,0,0,1,0.0,0.0,1.0,-0.002573145247879438,0.011188469349872322,0.0,1.257418256998062,0.0053328803962358505,0.37250804901123047,0.2796931266784668,0.4315999150276184,0.0
56,458752,3,0,0,3,0.0,0.0,1.0,0.0003144519927445799,0.022822280623950066,0.0,1.233107215166092,0.004517043014493538,0.3703385293483734,0.279664546251297,0.42964157462120056,0.0
57,466944,8,0,0,8,0.0,0.0,1.0,-0.0014126463909633457,0.014776771259494125,0.0,1.2191180899739265,0.005672320751182269,0.36909860372543335,0.2775489091873169,0.430539071559906,0.0
58,475136,8,0,0,8,0.0,0.0,1.0,-0.0023036194266751408,0.01793617393122986,0.0,1.208139631152153,0.005209165490305168,0.36793094873428345,0.27490705251693726,0.43120983242988586,0.0
59,483328,107,0,0,107,0.0,0.0,1.0,-0.00254392804345116,0.03627018970437348,0.0,1.1866078570485115,0.004494908879496507,0.3639976382255554,0.27297845482826233,0.4293380379676819,0.0
60,491520,1,0,0,1,0.0,0.0,1.0,-0.0014783396036364138,0.026417480083182454,0.0,1.162213210761547,0.00399106996737828,0.3620462119579315,0.27138835191726685,0.42432963848114014,0.0
61,499712,3,0,0,3,0.0,0.0,1.0,-0.00033289909479208293,0.07924417741596698,0.0,1.1473752170801164,0.004275196550952387,0.3609834909439087,0.2675846219062805,0.42511633038520813,0.0
62,507904,1,0,0,1,0.0,0.0,1.0,-0.0009603410551790148,0.08248755410313606,0.0,1.1312984317541122,0.004636206893701455,0.35829657316207886,0.2657509446144104,0.42177945375442505,0.0
63,516096,8,0,0,8,0.0,0.0,1.0,-0.002156532811932266,0.04292529232334345,0.0,1.1128782466053964,0.0036737658221682066,0.3568062484264374,0.26457229256629944,0.421185702085495,0.0
64,524288,8,0,0,8,0.0,0.0,1.0,-0.001310048159211874,0.019376297830604017,0.0,1.100402794778347,0.00438608029653551,0.3550800085067749,0.26523226499557495,0.41779282689094543,0.0
65,532480,107,0,0,107,0.0,0.0,1.0,-0.0007504132925532758,0.03196903511416167,0.0,1.0869498267769813,0.003885887423530221,0.3530261516571045,0.2638283371925354,0.41507548093795776,0.0
66,540672,1,0,0,1,0.0,0.0,1.0,-0.0007520537677919492,0.029896327271126212,0.0,1.063747026026249,0.002676090431123157,0.34979885816574097,0.2605533301830292,0.41137051582336426,0.0
67,548864,3,0,0,3,0.0,0.0,1.0,-0.0029989346629008653,0.009346172725781799,0.0,1.0342451468110085,0.005477005450666183,0.34651994705200195,0.25758883357048035,0.4061461389064789,0.0
68,557056,1,0,0,1,0.0,0.0,1.0,-0.002005181252025068,0.009771332441596314,0.0,1.0088517755270003,0.0028079842195438687,0.3437597453594208,0.25438210368156433,0.40476086735725403,0.0
69,565248,10,0,0,10,0.0,0.0,1.0,-0.0008005308016436174,0.010795527859590948,0.0,0.9924820192158222,0.0024582647860370344,0.3436664938926697,0.25148892402648926,0.4039000868797302,0.0
70,573440,9,0,0,9,0.0,0.0,1.0,-0.0024373547756113114,0.026047378196381032,0.0,0.9817792691290379,0.006237201090334566,0.3419286608695984,0.24856331944465637,0.4029695987701416,0.0
71,581632,104,0,0,104,0.0,0.0,1.0,-0.0010876876825932414,0.020641889015678316,0.0,0.9679130204021931,0.005071067125390983,0.34103959798812866,0.24628077447414398,0.4017524719238281,0.0
72,589824,1,0,0,1,0.0,0.0,1.0,-0.00034183399693574754,0.018224391725379974,0.0,0.9578481137752533,0.002761320375429932,0.33945605158805847,0.24709489941596985,0.3984600901603699,0.0
73,598016,3,0,0,3,0.0,0.0,1.0,-0.0021312498138286173,0.009195332566741854,0.0,0.9485959760844708,0.004593020831089234,0.33861517906188965,0.24601373076438904,0.3988322913646698,0.0
74,606208,1,0,0,1,0.0,0.0,1.0,-0.0007926979043986649,0.009954734530765563,0.0,0.9425426706671715,0.002449643023282988,0.33838701248168945,0.2458837777376175,0.39757007360458374,0.0
75,614400,10,0,0,10,0.0,0.0,1.0,-0.0005601115495664999,0.011018086085096001,0.0,0.9451365135610104,0.0038188834085303826,0.3395635783672333,0.24529246985912323,0.3985345959663391,0.0
76,622592,113,0,0,113,0.0,0.0,1.0,-0.0010365243535488844,0.01600015045842156,0.0,0.9563833840191365,0.00198623396390758,0.34128671884536743,0.24437350034713745,0.4026276171207428,0.0
77,630784,1,0,0,1,0.0,0.0,1.0,-0.001446747308364138,0.010443522507557645,0.0,0.9683813251554966,0.0046661093278089535,0.3430365324020386,0.24388359487056732,0.4078735113143921,0.0
78,638976,1,0,0,1,0.0,0.0,1.0,0.0002449487161356956,0.015116623556241392,0.0,0.971022043377161,0.003277687118315953,0.3420445919036865,0.24278326332569122,0.4055621027946472,0.0
79,647168,2,0,0,2,0.0,0.0,1.0,-0.0003323706885566935,0.008352577994810418,0.0,0.9665226638317108,0.0034403250512696102,0.34244799613952637,0.24263215065002441,0.40473929047584534,0.0
80,655360,3,0,0,3,0.0,0.0,1.0,-0.0003319227515021339,0.00953830397920683,0.0,0.9638038344681263,0.0036667586187832057,0.3411266505718231,0.24284029006958008,0.40108272433280945,0.0
81,663552,10,0,0,10,0.0,0.0,1.0,-0.0014293043117504568,0.02545141093432903,0.0,0.9556223370134831,0.005464624029627885,0.34084510803222656,0.24035093188285828,0.39924874901771545,0.0
82,671744,111,0,0,111,0.0,0.0,1.0,-0.0014038178080227226,0.08299982543103397,0.0,0.9557188212871551,0.0070335704989702204,0.34199023246765137,0.23818272352218628,0.40228885412216187,0.0
83,679936,1,0,0,1,0.0,0.0,1.0,-0.0018982227891683578,0.012109923199750483,0.0,0.95025804489851,0.006126615178800421,0.34014081954956055,0.23744919896125793,0.4040757715702057,0.0
84,688128,1,0,0,1,0.0,0.0,1.0,-0.0015199522895272821,0.011424207320669667,0.0,0.9396470978856086,0.004381334521531244,0.3395504355430603,0.23749114573001862,0.40462327003479004,0.0
85,696320,2,0,0,2,0.0,0.0,1.0,-0.0010108714166563004,0.01386337720323354,0.0,0.9276639744639397,0.006129347684691311,0.33726966381073,0.23633427917957306,0.40310946106910706,0.0
86,704512,4,0,0,4,0.0,0.0,1.0,-0.0021975658426526936,0.033806305087637156,0.0,0.9111600093543529,0.006614740521035856,0.3359931707382202,0.23485757410526276,0.4029112756252289,0.0
87,712704,9,0,0,9,0.0,0.0,1.0,-0.0005834248586324975,0.021188396506477147,0.0,0.8943228349089622,0.005547063669291674,0.333437979221344,0.23375624418258667,0.40051111578941345,0.0
88,720896,111,0,0,111,0.0,0.0,1.0,-0.001901917700888589,0.020129819738212974,0.0,0.8763537801802158,0.004017727611790178,0.3320762813091278,0.23324450850486755,0.39689916372299194,0.0
89,729088,1,0,0,1,0.0,0.0,1.0,-0.0008610806777141988,0.014267357939388603,0.0,0.8573814928531647,0.002636120340321213,0.3285157084465027,0.23084282875061035,0.39030879735946655,0.0
90,737280,1,0,0,1,0.0,0.0,1.0,-0.0002927661873400211,0.008111980342073366,0.0,0.8264569848775863,0.004932813798586721,0.3258793354034424,0.22889187932014465,0.3899192214012146,0.0
91,745472,3,0,0,3,0.0,0.0,1.0,-0.0024676693428773433,0.008396894391626119,0.0,0.799176374822855,0.0048662675126252,0.3226557672023773,0.22591476142406464,0.3865901529788971,0.0
92,753664,7,0,0,7,0.0,0.0,1.0,-0.00028320363198872653,0.015517501789145172,0.0,0.7725578419864177,0.0033803253525547918,0.3203669488430023,0.2237331122159958,0.38499653339385986,0.0
93,761856,7,0,0,7,0.0,0.0,1.0,-0.00022074721637181937,0.012732510559726507,0.0,0.7589858070015907,0.004689113932545297,0.3201197385787964,0.2228890210390091,0.38624200224876404,0.0
94,770048,109,0,0,109,0.0,0.0,1.0,-0.0014606830722186715,0.020321231556590647,0.0,0.7531915545463562,0.003227704011078458,0.3187824785709381,0.22354282438755035,0.3831132650375366,0.0
95,778240,1,0,0,1,0.0,0.0,1.0,4.062135121785104e-05,0.014598010864574462,0.0,0.7453027747571468,0.0031333425125922077,0.3182471990585327,0.2217925488948822,0.38447412848472595,0.0
96,786432,3,0,0,3,0.0,0.0,1.0,0.00028623446996789426,0.010987937299069018,0.0,0.7328217618167401,0.005766821069846629,0.31616318225860596,0.22207054495811462,0.38037291169166565,0.0
97,794624,1,0,0,1,0.0,0.0,1.0,0.0004011424345662817,0.01526743471622467,0.0,0.721233370155096,0.003052181872044457,0.3158785104751587,0.2209174484014511,0.38156265020370483,0.0
98,802816,8,0,0,8,0.0,0.0,1.0,-0.0013908878026995808,0.11279664533212781,0.0,0.716091987490654,0.003797021873833728,0.3146430253982544,0.22161781787872314,0.3785552382469177,0.0
99,811008,8,0,0,8,0.0,0.0,1.0,-0.001229836547281593,0.1246083659119904,0.0,0.6941064573824406,0.004389042528418941,0.3107266128063202,0.21945196390151978,0.37149056792259216,0.0
100,819200,107,0,0,107,0.0,0.0,1.0,-0.0005898698087548837,0.020724635885562746,0.0,0.6559276975691318,0.0051092257745040115,0.3069884181022644,0.21689216792583466,0.3661960959434509,0.0
101,827392,1,0,0,1,0.0,0.0,1.0,-0.0004083562467712909,0.01441727556521073,0.0,0.6265964612364769,0.004057220278627938,0.3044944405555725,0.2158665955066681,0.3611386716365814,0.0
102,835584,3,0,0,3,0.0,0.0,1.0,-0.00037196707853581756,0.008409688685787842,0.0,0.6078262105584145,0.0026181131521298084,0.30267032980918884,0.2157183587551117,0.3576318323612213,0.0
103,843776,1,0,0,1,0.0,0.0,1.0,-0.0009457515901885927,0.010712605214212089,0.0,0.5855826318264008,0.0038737103175662925,0.2998845875263214,0.2135525345802307,0.3538517355918884,0.0
104,851968,9,0,0,9,0.0,0.0,1.0,-0.001998340175487101,0.10341950431466103,0.0,0.5717809081077576,0.007546111143892631,0.2995987832546234,0.21581070125102997,0.3523360788822174,0.0
105,860160,9,0,0,9,0.0,0.0,1.0,-0.0016012265579774976,0.0550041317474097,0.0,0.5717782080173492,0.005448022231576033,0.2988690733909607,0.21603518724441528,0.35104966163635254,0.0
106,868352,105,0,0,105,0.0,0.0,1.0,-0.0019795825763139875,0.024860412220004947,0.0,0.5700942218303681,0.00505886523751542,0.2992709279060364,0.21665062010288239,0.3494945168495178,0.0
107,876544,1,0,0,1,0.0,0.0,1.0,-0.0005420373927336186,0.02057203291915357,0.0,0.5588374957442284,0.004278031385911163,0.2963777184486389,0.2148338407278061,0.3465268611907959,0.0
108,884736,3,0,0,3,0.0,0.0,1.0,-0.002337565616471693,0.015758585289586336,0.0,0.5322088778018952,0.006469989363540663,0.2942989468574524,0.2130051702260971,0.3462778925895691,0.0
109,892928,1,0,0,1,0.0,0.0,1.0,-0.000537602708209306,0.012881184509024025,0.0,0.5138316079974174,0.004558886753511615,0.29277992248535156,0.21252644062042236,0.34282055497169495,0.0
110,901120,10,0,0,10,0.0,0.0,1.0,0.0006492796528618783,0.08313156077638269,0.0,0.4954056620597839,0.004183938437199686,0.2902711033821106,0.21176587045192719,0.33721253275871277,0.0
111,909312,9,0,0,9,0.0,0.0,1.0,-0.001927979799802415,0.017473844776395707,0.0,0.47747951149940493,0.005356287718313979,0.28925415873527527,0.21074645221233368,0.33507224917411804,0.0
112,917504,105,0,0,105,0.0,0.0,1.0,-0.0008902561326976866,0.019630220311228186,0.0,0.4706061825156212,0.0053767099809192585,0.2887578010559082,0.21095289289951324,0.3345472514629364,0.0
113,925696,0,0,0,0,0.0,0.0,0.0,-0.000661691784625873,0.011328563245479017,0.0,0.46250842809677123,0.004328300533234142,0.2870350480079651,0.2117934674024582,0.33259665966033936,0.0
114,933888,3,0,0,3,0.0,0.0,1.0,-0.0017448775353841484,0.014264051057398319,0.0,0.4546413689851761,0.005286754150438356,0.28699320554733276,0.21262289583683014,0.3322259783744812,0.0
115,942080,2,0,0,2,0.0,0.0,1.0,0.00011732249113265425,0.028057518624700607,0.0,0.4490157261490822,0.00533054087209166,0.28590524196624756,0.21093986928462982,0.33190515637397766,0.0
116,950272,11,0,0,11,0.0,0.0,1.0,-0.001183723408030346,0.09364922023378312,0.0,0.438226418197155,0.00433825641812291,0.28545814752578735,0.21028059720993042,0.33339059352874756,0.0
117,958464,111,0,0,111,0.0,0.0,1.0,-0.0015964313410222531,0.02028113518608734,0.0,0.4342897281050682,0.004985905277862912,0.2849281430244446,0.2100343257188797,0.33190271258354187,0.0
118,966656,1,0,0,1,0.0,0.0,1.0,-0.002642228425247595,0.009685327153420076,0.0,0.42904249429702757,0.004719121015659767,0.2847384214401245,0.20895835757255554,0.33384954929351807,0.0
119,974848,1,0,0,1,0.0,0.0,1.0,-0.00040895218262448907,0.012342354585416614,0.0,0.4172788769006729,0.0037370776211901103,0.2829339802265167,0.20714010298252106,0.3325884938240051,0.0
120,983040,2,0,0,2,0.0,0.0,1.0,0.00024960669106803833,0.007631681713974103,0.0,0.40080479979515077,0.003130326592508936,0.2817188501358032,0.20695994794368744,0.33097389340400696,0.0
121,991232,3,0,0,3,0.0,0.0,1.0,-0.00011958139366470277,0.028711115778423845,0.0,0.39257632493972777,0.004755568203108851,0.2814004421234131,0.20596511662006378,0.33263057470321655,0.0
122,999424,10,0,0,10,0.0,0.0,1.0,9.024617611430585e-05,0.14580014599487184,0.0,0.3807856127619743,0.003386380288429791,0.2800087630748749,0.20349903404712677,0.3348705768585205,0.0
123,1007616,111,0,0,111,0.0,0.0,1.0,0.0003641200426500291,0.07506497385911644,0.0,0.36794553250074385,0.0036017720245581585,0.278932124376297,0.2035437822341919,0.33240097761154175,0.0
124,1015808,1,0,0,1,0.0,0.0,1.0,-0.001877315278397873,0.021194539521820842,0.0,0.3465240389108658,0.0058505662171228325,0.2758946418762207,0.2010800987482071,0.32867535948753357,0.0
125,1024000,1,0,0,1,0.0,0.0,1.0,-0.0016799808654468507,0.01033709365874529,0.0,0.3238242581486702,0.004861394105682848,0.27549389004707336,0.19846312701702118,0.3302099108695984,0.0
126,1032192,3,0,0,3,0.0,0.0,1.0,-0.001540129299974069,0.007124018511967733,0.0,0.3269265845417976,0.005289964154508197,0.27678948640823364,0.19943338632583618,0.3323711156845093,0.0
127,1040384,6,0,0,6,0.0,0.0,1.0,0.00032932463509496304,0.01129561546840705,0.0,0.3246352866292,0.00417417523713084,0.27533474564552307,0.19643208384513855,0.33163389563560486,0.0
128,1048576,8,0,0,8,0.0,0.0,1.0,-0.000771287176758051,0.039241545274853705,0.0,0.313801234960556,0.00701761412419728,0.2749277353286743,0.19701047241687775,0.33078378438949585,0.0
129,1056768,109,0,0,109,0.0,0.0,1.0,-0.0030119742383249103,0.02173719658749178,0.0,0.30433252155780793,0.003887531812506495,0.2731589078903198,0.19685839116573334,0.32897308468818665,0.0
130,1064960,1,0,0,1,0.0,0.0,1.0,-0.0004969289351720363,0.015287441737018525,0.0,0.28195565938949585,0.00391459598831716,0.27103596925735474,0.19401195645332336,0.32805749773979187,0.0
131,1073152,2,0,0,2,0.0,0.0,1.0,-0.002350250992458314,0.006612009106902406,0.0,0.26496612280607224,0.003822905353445094,0.2708131968975067,0.19321678578853607,0.3260144889354706,0.0
132,1081344,2,0,0,2,0.0,0.0,1.0,-0.0005844800849445164,0.007853663386777043,0.0,0.26348869800567626,0.004475764106609858,0.2707115113735199,0.1913219690322876,0.3245304226875305,0.0
133,1089536,8,0,0,8,0.0,0.0,1.0,0.0005959626578260213,0.019246897543780506,0.0,0.26376170814037325,0.0035982664056064097,0.27137255668640137,0.19033385813236237,0.32622021436691284,0.0
134,1097728,8,0,0,8,0.0,0.0,1.0,0.0003377584129339084,0.044185602688230574,0.0,0.2587236016988754,0.003397762194799725,0.27013057470321655,0.18892823159694672,0.32430586218833923,0.0
135,1105920,107,0,0,107,0.0,0.0,1.0,0.00028895631548948587,0.018556576513219625,0.0,0.23718611150979996,0.003477350859611761,0.26770561933517456,0.18728050589561462,0.319469690322876,0.0
136,1114112,1,0,0,1,0.0,0.0,1.0,-0.0014324355695862323,0.025271235173568128,0.0,0.22138980776071548,0.003961099837761139,0.2674947679042816,0.1865515261888504,0.3190787136554718,0.0
137,1122304,3,0,0,3,0.0,0.0,1.0,-0.0032620143319945782,0.01444317155983299,0.0,0.2287657618522644,0.004327159183594631,0.2689485549926758,0.18711324036121368,0.3199251890182495,0.0
138,1130496,1,0,0,1,0.0,0.0,1.0,4.375352582428604e-05,0.12219601739197969,0.0,0.2344493255019188,0.003864535923639778,0.26860007643699646,0.1862201690673828,0.32014000415802,0.0
139,1138688,8,0,0,8,0.0,0.0,1.0,-0.0006468001753091812,0.12680641626939176,0.0,0.22430016994476318,0.004765987375867553,0.26722368597984314,0.18610596656799316,0.3167676627635956,0.0
140,1146880,8,0,0,8,0.0,0.0,1.0,0.00018206198001280427,0.09662898983806371,0.0,0.2073356255888939,0.004067833303270163,0.265665739774704,0.18334664404392242,0.3165091872215271,0.0
141,1155072,107,0,0,107,0.0,0.0,1.0,7.049027481116354e-05,0.04680227916687727,0.0,0.1856205016374588,0.002710859197395621,0.26392239332199097,0.18163658678531647,0.3146458864212036,0.0
142,1163264,1,0,0,1,0.0,0.0,1.0,-0.0007185921509517357,0.032264883839525284,0.0,0.17038253247737883,0.0031363470530777703,0.26315972208976746,0.180317223072052,0.3123185932636261,0.0
143,1171456,3,0,0,3,0.0,0.0,1.0,-0.0013478243490681052,0.03137584214564413,0.0,0.16433288007974625,0.0036001378946821207,0.2627212405204773,0.1815822273492813,0.31345173716545105,0.0
144,1179648,1,0,0,1,0.0,0.0,1.0,0.00019691051566042005,0.015325217740610242,0.0,0.1630855068564415,0.0036209446683642455,0.2627449631690979,0.18095286190509796,0.31472107768058777,0.0
145,1187840,10,0,0,10,0.0,0.0,1.0,0.0006266282114665955,0.05967273716814816,0.0,0.15965999513864518,0.006501258016942302,0.26237303018569946,0.1802264302968979,0.3157418966293335,0.0
146,1196032,9,0,0,9,0.0,0.0,1.0,-0.001520106743555516,0.0718127581756562,0.0,0.154474176466465,0.007649048748862697,0.2619352340698242,0.18017299473285675,0.3145357370376587,0.0
147,1204224,104,0,0,104,0.0,0.0,1.0,-0.0016189438407309352,0.02015994009561837,0.0,0.14943265318870544,0.004574681504891487,0.26155731081962585,0.17967872321605682,0.31320521235466003,0.0
148,1212416,1,0,0,1,0.0,0.0,1.0,0.0014018764137290417,0.015315666026435793,0.0,0.13681497275829316,0.004268954579310957,0.25978004932403564,0.17762862145900726,0.31093356013298035,0.0
149,1220608,3,0,0,3,0.0,0.0,1.0,-0.001355615325155668,0.009759688697522506,0.0,0.11994346976280212,0.004058266605716199,0.25887349247932434,0.17762979865074158,0.31167173385620117,0.0
150,1228800,2,0,0,2,0.0,0.0,1.0,0.0002989814354805276,0.008418349490966648,0.0,0.11187770962715149,0.0029318085915292615,0.2584382891654968,0.17630919814109802,0.3115808963775635,0.0
151,1236992,10,0,0,10,0.0,0.0,1.0,-0.00047508803545497357,0.01730936800013296,0.0,0.10994709879159928,0.005606253787846072,0.2589374780654907,0.1750069260597229,0.3124126195907593,0.0
152,1245184,112,0,0,112,0.0,0.0,1.0,-0.0015080059936735779,0.016630264767445623,0.0,0.10059662014245987,0.002545263980573509,0.257111132144928,0.17319409549236298,0.30968672037124634,0.0
153,1253376,1,0,0,1,0.0,0.0,1.0,-0.0015826356771867721,0.011491556448163465,0.0,0.07801860868930817,0.004811434798466507,0.25519365072250366,0.1729905605316162,0.30487754940986633,0.0
154,1261568,1,0,0,1,0.0,0.0,1.0,-0.0018901783740147948,0.009669250657316298,0.0,0.05643260627985001,0.003285145932022715,0.253301739692688,0.17100538313388824,0.301962286233902,0.0
155,1269760,2,0,0,2,0.0,0.0,1.0,-0.0007800103048793972,0.00960654864902608,0.0,0.0358023926615715,0.0037319117691367865,0.2520119249820709,0.17001096904277802,0.29951852560043335,0.0
156,1277952,3,0,0,3,0.0,0.0,1.0,5.160406581126153e-05,0.04832366048358381,0.0,0.028147518634796143,0.0033838892421044877,0.25212639570236206,0.1692858338356018,0.3008429706096649,0.0
157,1286144,10,0,0,10,0.0,0.0,1.0,-0.0006244702701224015,0.0859220303595066,0.0,0.02847381979227066,0.00513991350599099,0.25216466188430786,0.16923202574253082,0.3022959530353546,0.0
158,1294336,111,0,0,111,0.0,0.0,1.0,-0.0017097978154197336,0.04739450558554381,0.0,0.02398228198289871,0.006021108735149027,0.2509847581386566,0.17000016570091248,0.2998897433280945,0.0
159,1302528,1,0,0,1,0.0,0.0,1.0,-0.0004866295988904312,0.019089322385843842,0.0,0.019547750055789948,0.003172335225099232,0.25134408473968506,0.16919787228107452,0.29901498556137085,0.0
160,1310720,1,0,0,1,0.0,0.0,1.0,-0.00045094494707882405,0.006767360109370202,0.0,0.013901560008525849,0.002943282766500488,0.2501978278160095,0.16780680418014526,0.2979191541671753,0.0
161,1318912,3,0,0,3,0.0,0.0,1.0,-0.0005613655142951756,0.008213728386908769,0.0,-0.007348312437534333,0.002967876735056052,0.2482554167509079,0.16674871742725372,0.29451116919517517,0.0
162,1327104,4,0,0,4,0.0,0.0,1.0,0.0009434170206077397,0.008394476328976452,0.0,-0.020316480100154875,0.005868646405724575,0.24807177484035492,0.16620798408985138,0.29536473751068115,0.0
163,1335296,9,0,0,9,0.0,0.0,1.0,-7.731958758085966e-05,0.008488294534618034,0.0,-0.03057856410741806,0.0032087193423649294,0.24626421928405762,0.16541972756385803,0.2931133508682251,0.0
164,1343488,110,0,0,110,0.0,0.0,1.0,-0.0009679864335339517,0.015283594373613596,0.0,-0.05000910758972168,0.0062128022727847565,0.24497006833553314,0.16411271691322327,0.29047098755836487,0.0
165,1351680,1,0,0,1,0.0,0.0,1.0,0.0003813582472503185,0.021752994356211273,0.0,-0.06566563099622727,0.005563328053540317,0.2438267171382904,0.16354089975357056,0.2885700762271881,0.0
166,1359872,1,0,0,1,0.0,0.0,1.0,-0.000192733365111053,0.005737488612066954,0.0,-0.07661689221858978,0.004597627522889525,0.24322424829006195,0.1626003533601761,0.28658097982406616,0.0
167,1368064,3,0,0,3,0.0,0.0,1.0,-0.0012986475601792335,0.006196412676945329,0.0,-0.09096579104661942,0.0051647667802171785,0.2416093349456787,0.16129070520401,0.28595206141471863,0.0
168,1376256,7,0,0,7,0.0,0.0,1.0,0.00032828645780682566,0.006533905514515936,0.0,-0.10546811372041702,0.0049266608693869784,0.24096491932868958,0.1613246351480484,0.2847484350204468,0.0
169,1384448,9,0,0,9,0.0,0.0,1.0,-0.0003296406473964453,0.008801485697040335,0.0,-0.10976591855287551,0.005597449559718371,0.2409745156764984,0.1600821316242218,0.28556641936302185,0.0
170,1392640,107,0,0,107,0.0,0.0,1.0,-6.188408588059247e-05,0.01774261777754873,0.0,-0.11937720775604248,0.003425002007861622,0.2397298514842987,0.15853342413902283,0.2840072512626648,0.0
171,1400832,1,0,0,1,0.0,0.0,1.0,-0.0003121906949672848,0.02274703825823963,0.0,-0.14048293977975845,0.003354713483713567,0.23750996589660645,0.15853850543498993,0.27966082096099854,0.0
172,1409024,3,0,0,3,0.0,0.0,1.0,-0.002359162038192153,0.005870676256017759,0.0,-0.16468899548053742,0.006526618843781762,0.23580050468444824,0.15739001333713531,0.27934446930885315,0.0
173,1417216,1,0,0,1,0.0,0.0,1.0,-0.00029836061294190585,0.005876719800289721,0.0,-0.1766138941049576,0.005335552358883433,0.2357071340084076,0.15752048790454865,0.27908167243003845,0.0
174,1425408,8,0,0,8,0.0,0.0,1.0,0.00027452657232061026,0.012760048039490357,0.0,-0.1740386575460434,0.004214012176089454,0.2356899380683899,0.1571378856897354,0.2778807282447815,0.0
175,1433600,8,0,0,8,0.0,0.0,1.0,-0.0007153916521929204,0.012500524887582288,0.0,-0.1789875105023384,0.005608882335218368,0.2349754422903061,0.1578589230775833,0.2759273648262024,0.0
176,1441792,107,0,0,107,0.0,0.0,1.0,0.000760475842980668,0.016889827966224402,0.0,-0.18207470178604127,0.004017348212073557,0.23534172773361206,0.15665873885154724,0.2775517404079437,0.0
177,1449984,1,0,0,1,0.0,0.0,1.0,0.0002441144548356533,0.02305201718118042,0.0,-0.1870074063539505,0.005100144130119588,0.23475980758666992,0.15419287979602814,0.27866867184638977,0.0
178,1458176,3,0,0,3,0.0,0.0,1.0,-0.0015846125432290136,0.01302566208760254,0.0,-0.20395915061235428,0.006648043683526339,0.23333066701889038,0.15218816697597504,0.27649545669555664,0.0
179,1466368,1,0,0,1,0.0,0.0,1.0,0.0010887638083659113,0.01169547305908054,0.0,-0.21790806651115419,0.005272228645480936,0.2332933396100998,0.1516799032688141,0.2759300470352173,0.0
180,1474560,9,0,0,9,0.0,0.0,1.0,-0.0015541217901045457,0.00736640021787025,0.0,-0.2295493021607399,0.0065041434019804,0.2312602698802948,0.1508687436580658,0.27199435234069824,0.0
181,1482752,9,0,0,9,0.0,0.0,1.0,-0.0015171646169619634,0.009904440469108522,0.0,-0.26116971075534823,0.0038525689000380226,0.22816413640975952,0.15015041828155518,0.26829883456230164,0.0
182,1490944,105,0,0,105,0.0,0.0,1.0,-0.001394880295265466,0.01363776127109304,0.0,-0.2858057662844658,0.003824390114459675,0.22721438109874725,0.14955385029315948,0.26744431257247925,0.0
183,1499136,1,0,0,1,0.0,0.0,1.0,-0.0010497421608306468,0.011914865486323834,0.0,-0.2906067445874214,0.002680924151354702,0.22740213572978973,0.1498541384935379,0.2675745189189911,0.0
184,1507328,3,0,0,3,0.0,0.0,1.0,0.0002266363735543564,0.030970555008389057,0.0,-0.28010580986738204,0.005825066658144351,0.22887301445007324,0.15034542977809906,0.2694014608860016,0.0
185,1515520,1,0,0,1,0.0,0.0,1.0,0.0009292769012972712,0.11461894838139415,0.0,-0.27749384492635726,0.004994927951338468,0.22796562314033508,0.1488538682460785,0.2680296301841736,0.0
186,1523712,10,0,0,10,0.0,0.0,1.0,-0.0005649897531839088,0.18758181650191547,0.0,-0.2940149366855621,0.005637704910623142,0.22679182887077332,0.14787888526916504,0.2694622278213501,0.0
187,1531904,113,0,0,113,0.0,0.0,1.0,-0.000840672993217595,0.12292713578790426,0.0,-0.31247532814741136,0.0026293430928490125,0.22526681423187256,0.14616157114505768,0.2693537771701813,0.0
188,1540096,1,0,0,1,0.0,0.0,1.0,-5.652573308907449e-05,0.03082511604297906,0.0,-0.32725193798542024,0.0027197266863367986,0.2247997522354126,0.1463094800710678,0.26946815848350525,0.0
189,1548288,0,0,0,0,0.0,0.0,0.0,0.0005274112219922245,0.02676095294300467,0.0,-0.33239632844924927,0.005887374903977616,0.22408722341060638,0.14690083265304565,0.26920121908187866,0.0
190,1556480,3,0,0,3,0.0,0.0,1.0,-0.0015538800391368568,0.049251992534846065,0.0,-0.3398824244737625,0.008274953858199296,0.22334299981594086,0.14750723540782928,0.2672726511955261,0.0
191,1564672,3,0,0,3,0.0,0.0,1.0,-0.00045046151499263944,0.11718840301036834,0.0,-0.33807981908321383,0.004224719633930363,0.22406220436096191,0.1471915990114212,0.2693120539188385,0.0
192,1572864,10,0,0,10,0.0,0.0,1.0,-0.0011775495309848337,0.1767772317864001,0.0,-0.34333871155977247,0.00488034204026917,0.22272948920726776,0.14662015438079834,0.26732853055000305,0.0
193,1581056,111,0,0,111,0.0,0.0,1.0,-0.0012642570800380781,0.09381335424259304,0.0,-0.36681513488292694,0.004291896289942088,0.2207118719816208,0.14451996982097626,0.2660614848136902,0.0
194,1589248,1,0,0,1,0.0,0.0,1.0,-0.0009635620925109833,0.029916557227261366,0.0,-0.3817659020423889,0.004503599786403356,0.2209373563528061,0.14422215521335602,0.266554594039917,0.0
195,1597440,1,0,0,1,0.0,0.0,1.0,-0.0003925787517800927,0.04511252187658101,0.0,-0.37883379608392714,0.004529354930855334,0.22147402167320251,0.1430186927318573,0.2688448131084442,0.0
196,1605632,2,0,0,2,0.0,0.0,1.0,0.0004068733484018594,0.047247443627566096,0.0,-0.3883026003837585,0.004157033566298196,0.22006011009216309,0.14152692258358002,0.2672376334667206,0.0
197,1613824,4,0,0,4,0.0,0.0,1.0,-0.00043510725954547523,0.1770432533696294,0.0,-0.41297196596860886,0.005335112007014686,0.21807146072387695,0.14039906859397888,0.2639826238155365,0.0
198,1622016,9,0,0,9,0.0,0.0,1.0,0.0011601847887504845,0.11940851593390107,0.0,-0.4284267440438271,0.007082102708955063,0.21780407428741455,0.14082102477550507,0.26430732011795044,0.0
199,1630208,111,0,0,111,0.0,0.0,1.0,-0.000848730024881661,0.09860019562765956,0.0,-0.43780153393745425,0.007684247400175081,0.21614579856395721,0.1400180459022522,0.2631993591785431,0.0
200,1638400,1,0,0,1,0.0,0.0,1.0,-0.0012052062229486182,0.05089698769152164,0.0,-0.45643370896577834,0.006573202210711315,0.21542489528656006,0.13892579078674316,0.26215171813964844,0.0
201,1646592,1,0,0,1,0.0,0.0,1.0,-0.001109456003177911,0.03660372782032937,0.0,-0.4646142929792404,0.005152699028258212,0.21471571922302246,0.13945509493350983,0.2605345547199249,0.0
202,1654784,3,0,0,3,0.0,0.0,1.0,0.000569043299765326,0.026400115306023507,0.0,-0.47012381851673124,0.003635107209265698,0.21442179381847382,0.13946574926376343,0.2593245208263397,0.0
203,1662976,7,0,0,7,0.0,0.0,1.0,0.0008310138422530144,0.04144864492118359,0.0,-0.4773703634738922,0.0065161374943272675,0.2138182818889618,0.13779203593730927,0.25835078954696655,0.0
204,1671168,7,0,0,7,0.0,0.0,1.0,-0.000494554202305153,0.045703145186416806,0.0,-0.48573810011148455,0.006833068860578351,0.21356719732284546,0.13780507445335388,0.2584482431411743,0.0
205,1679360,109,0,0,109,0.0,0.0,1.0,4.053707816638052e-05,0.023464581021107732,0.0,-0.49229309260845183,0.004774477120372466,0.21266216039657593,0.13746367394924164,0.25753045082092285,0.0
206,1687552,1,0,0,1,0.0,0.0,1.0,-0.0004371849849121645,0.01622444740496576,0.0,-0.5108388766646386,0.003902547755569685,0.21107690036296844,0.13597773015499115,0.25516992807388306,0.0
207,1695744,2,0,0,2,0.0,0.0,1.0,0.0004250525147654116,0.007560860848752782,0.0,-0.5275790214538574,0.005629577837680699,0.21055492758750916,0.1356319934129715,0.2537999451160431,0.0
208,1703936,2,0,0,2,0.0,0.0,1.0,-0.00037812896771356465,0.009198584750993177,0.0,-0.5260632649064064,0.005632742185116513,0.21105483174324036,0.1367633044719696,0.25314247608184814,0.0
209,1712128,8,0,0,8,0.0,0.0,1.0,0.00010575872147455812,0.03190309058409184,0.0,-0.516232143342495,0.0033109626194345763,0.21172639727592468,0.13657043874263763,0.25636470317840576,0.0
210,1720320,8,0,0,8,0.0,0.0,1.0,-0.0006747209117747843,0.009702619235031306,0.0,-0.514140798151493,0.0036314785975264385,0.2114497423171997,0.13637152314186096,0.25716495513916016,0.0
211,1728512,107,0,0,107,0.0,0.0,1.0,-0.0007529548311140388,0.016905485768802464,0.0,-0.5235505282878876,0.004323039839800913,0.21065542101860046,0.1351117342710495,0.2568727433681488,0.0
212,1736704,1,0,0,1,0.0,0.0,1.0,-0.0006653994671069086,0.019870935240760446,0.0,-0.5414596110582351,0.0033968056042795068,0.2092636674642563,0.13416333496570587,0.2543269395828247,0.0
213,1744896,3,0,0,3,0.0,0.0,1.0,0.000925384002039209,0.005633337656036019,0.0,-0.558235588669777,0.004867792164441198,0.20857183635234833,0.13322897255420685,0.25414788722991943,0.0
214,1753088,1,0,0,1,0.0,0.0,1.0,0.0012592510087415577,0.006945449986960739,0.0,-0.56761744171381,0.004381366712186719,0.20799535512924194,0.13332824409008026,0.2524169981479645,0.0
215,1761280,9,0,0,9,0.0,0.0,1.0,-0.00026407408295199276,0.013628872716799379,0.0,-0.5703209295868874,0.0035729303846892433,0.20810648798942566,0.13280588388442993,0.2523612678050995,0.0
216,1769472,7,0,0,7,0.0,0.0,1.0,0.00041503039828967304,0.009432419517543167,0.0,-0.5760345250368119,0.005120492348214612,0.20671014487743378,0.13259561359882355,0.24984171986579895,0.0
217,1777664,107,0,0,107,0.0,0.0,1.0,0.0014161806378979237,0.012894081475678831,0.0,-0.5879505187273025,0.0038701688237779306,0.20663601160049438,0.13309858739376068,0.2503681778907776,0.0
218,1785856,1,0,0,1,0.0,0.0,1.0,0.0011755607032682748,0.010761351964902133,0.0,-0.5899622023105622,0.003311126110929763,0.20626011490821838,0.132349893450737,0.25112384557724,0.0
219,1794048,3,0,0,3,0.0,0.0,1.0,0.0007245280285133049,0.005129145452519879,0.0,-0.5962432652711869,0.004310345066187438,0.2061619758605957,0.13143040239810944,0.2530248463153839,0.0
220,1802240,1,0,0,1,0.0,0.0,1.0,0.0006731707719154656,0.005943084449972958,0.0,-0.6026625216007233,0.003944735123513965,0.20597867667675018,0.13017351925373077,0.2526839077472687,0.0
221,1810432,10,0,0,10,0.0,0.0,1.0,0.0004927268077153712,0.008209218143019826,0.0,-0.6063433572649956,0.005438870423677145,0.2058323323726654,0.13049167394638062,0.2528999149799347,0.0
222,1818624,9,0,0,9,0.0,0.0,1.0,-0.0016483693500049413,0.008857128128875047,0.0,-0.601531770825386,0.006323456111567793,0.2065100520849228,0.13093408942222595,0.2545832395553589,0.0
223,1826816,104,0,0,104,0.0,0.0,1.0,-0.00032947134459391234,0.01190741223981604,0.0,-0.5894035518169403,0.0035866335427272135,0.20745477080345154,0.131742462515831,0.2565830945968628,0.0
224,1835008,1,0,0,1,0.0,0.0,1.0,-0.0001302260032389313,0.007268923294031992,0.0,-0.5874373450875282,0.004443403039476834,0.20702382922172546,0.13037621974945068,0.2565963566303253,0.0
225,1843200,3,0,0,3,0.0,0.0,1.0,-0.00019902506610378624,0.00478630478028208,0.0,-0.5953830197453499,0.004694764909800142,0.20651385188102722,0.13059692084789276,0.25619012117385864,0.0
226,1851392,2,0,0,2,0.0,0.0,1.0,-0.0008991153648821637,0.005298901966307312,0.0,-0.6061594471335411,0.004326965886139078,0.20535850524902344,0.13014337420463562,0.25555333495140076,0.0
227,1859584,11,0,0,11,0.0,0.0,1.0,-0.00101914175611455,0.018964222935028374,0.0,-0.6140785947442055,0.0054785427033493764,0.205299973487854,0.13088162243366241,0.2554953992366791,0.0
228,1867776,111,0,0,111,0.0,0.0,1.0,0.0005550840753130615,0.04676275588572025,0.0,-0.616602686047554,0.004611268209555419,0.2048637866973877,0.130393847823143,0.25533127784729004,0.0
229,1875968,1,0,0,1,0.0,0.0,1.0,-0.0012503402133006603,0.008029923605499789,0.0,-0.6199414685368538,0.0030024868603504727,0.20490440726280212,0.13098326325416565,0.2546982169151306,0.0
230,1884160,1,0,0,1,0.0,0.0,1.0,-0.0015091605600900948,0.016467968886718153,0.0,-0.6226923286914825,0.004526856750453589,0.20430819690227509,0.12905697524547577,0.2525843381881714,0.0
231,1892352,2,0,0,2,0.0,0.0,1.0,-7.924763485789299e-06,0.04699857393279672,0.0,-0.6382210925221443,0.002483125209255377,0.20340776443481445,0.12883208692073822,0.25261813402175903,0.0
232,1900544,3,0,0,3,0.0,0.0,1.0,0.0002410539716947824,0.3094344072043896,0.0,-0.6536315068602562,0.0039092449726013,0.2016119360923767,0.12905550003051758,0.24996162950992584,0.0
233,1908736,10,0,0,10,0.0,0.0,1.0,-0.0012532970926258714,0.32506497129797934,0.0,-0.6727818369865417,0.004585121001582593,0.2006053924560547,0.12938018143177032,0.24989089369773865,0.0
234,1916928,111,0,0,111,0.0,0.0,1.0,-0.0003628144710091874,0.20508480127900838,0.0,-0.6881853401660919,0.005603538746800041,0.19889414310455322,0.12899255752563477,0.24810107052326202,0.0
235,1925120,1,0,0,1,0.0,0.0,1.0,-0.00012054891558364034,0.0480983782093972,0.0,-0.7066068649291992,0.00582687292189803,0.19836562871932983,0.12803472578525543,0.24786704778671265,0.0
236,1933312,1,0,0,1,0.0,0.0,1.0,-0.0018180592422140762,0.03385762050747872,0.0,-0.7160551339387894,0.005420365442842012,0.19772076606750488,0.12760664522647858,0.24848517775535583,0.0
237,1941504,3,0,0,3,0.0,0.0,1.0,0.00024524817708879707,0.09587427489459514,0.0,-0.731931708753109,0.004900936241756426,0.19664636254310608,0.12580479681491852,0.24833296239376068,0.0
238,1949696,4,0,0,4,0.0,0.0,1.0,-0.0006738393916748464,0.16361751314252615,0.0,-0.7488096922636032,0.004496217496489407,0.19608545303344727,0.12487863749265671,0.24914006888866425,0.0
239,1957888,9,0,0,9,0.0,0.0,1.0,0.0010274180007399992,0.25526748951524497,0.0,-0.7645353093743325,0.005793737594649429,0.19462601840496063,0.12433066964149475,0.246387779712677,0.0
240,1966080,110,0,0,110,0.0,0.0,1.0,-0.0013090347638353705,0.1358144932426512,0.0,-0.7815305083990097,0.0060881806937686635,0.19391781091690063,0.12320566922426224,0.24548719823360443,0.0
241,1974272,1,0,0,1,0.0,0.0,1.0,-0.0015042348706629128,0.03546537617221475,0.0,-0.7949254766106606,0.006271962022583466,0.19323420524597168,0.12229127436876297,0.24516786634922028,0.0
242,1982464,1,0,0,1,0.0,0.0,1.0,0.00019089437846560032,0.03577233033720404,0.0,-0.7975615814328194,0.00680060475715436,0.19384562969207764,0.12210045009851456,0.24584327638149261,0.0
243,1990656,3,0,0,3,0.0,0.0,1.0,-0.0006832756160292774,0.07303279717452824,0.0,-0.7960040166974067,0.004343831454752945,0.1937548816204071,0.12130849808454514,0.24594087898731232,0.0
244,1998848,8,0,0,8,0.0,0.0,1.0,0.0007160801906138659,0.16179135907441378,0.0,-0.7985510393977165,0.007152931101154536,0.1935272514820099,0.12153244763612747,0.24735136330127716,0.0
245,2007040,8,0,0,8,0.0,0.0,1.0,-3.6920860293321314e-05,0.11035981932654977,0.0,-0.8078050181269646,0.006874619461450493,0.19240358471870422,0.12167423963546753,0.24472467601299286,0.0
246,2015232,107,0,0,107,0.0,0.0,1.0,-0.0010404783504782244,0.06278553931042552,0.0,-0.8144638985395432,0.005403429525904358,0.19257307052612305,0.12131893634796143,0.24648433923721313,0.0
247,2023424,1,0,0,1,0.0,0.0,1.0,-0.0012152917915955186,0.03807589404750615,0.0,-0.824913564324379,0.005728972305223579,0.19134068489074707,0.11970526725053787,0.24564948678016663,0.0
248,2031616,3,0,0,3,0.0,0.0,1.0,-0.000670983744203113,0.046229829615913334,0.0,-0.8485440462827682,0.0053491259139264,0.19012127816677094,0.11784283816814423,0.24597203731536865,0.0
249,2039808,1,0,0,1,0.0,0.0,1.0,0.0007630798616446554,0.06650126003660262,0.0,-0.863072694838047,0.006237841433903668,0.19011008739471436,0.11773113161325455,0.24612100422382355,0.0
250,2048000,8,0,0,8,0.0,0.0,1.0,0.0010060175904072822,0.1782705496996641,0.0,-0.8659986928105354,0.007813063092180527,0.189758762717247,0.11711286753416061,0.24681688845157623,0.0
251,2056192,8,0,0,8,0.0,0.0,1.0,0.0011533560231328011,0.14111539628356695,0.0,-0.869140487909317,0.0033883692412928212,0.1898094266653061,0.11675774306058884,0.246442049741745,0.0
252,2064384,107,0,0,107,0.0,0.0,1.0,-0.00013865584623999893,0.040496166609227655,0.0,-0.8763476684689522,0.003991709581168834,0.18905065953731537,0.11638922989368439,0.24580788612365723,0.0
253,2072576,1,0,0,1,0.0,0.0,1.0,-0.0007083335833158344,0.021866316068917514,0.0,-0.8893264189362526,0.0029103103013767397,0.18821148574352264,0.11580707132816315,0.24523501098155975,0.0
254,2080768,3,0,0,3,0.0,0.0,1.0,-0.0010703668114729226,0.02656362219713628,0.0,-0.9010789707303047,0.005720644460234325,0.18748979270458221,0.11591532826423645,0.24387164413928986,0.0
255,2088960,1,0,0,1,0.0,0.0,1.0,-0.0008397504454478622,0.17090444285422562,0.0,-0.9161254405975342,0.005615909250627738,0.18631410598754883,0.11431426554918289,0.24319814145565033,0.0
256,2097152,10,0,0,10,0.0,0.0,1.0,-0.000177028524922207,0.2399562681093812,0.0,-0.9354985669255257,0.00866549118363764,0.18563321232795715,0.11346308887004852,0.2434290498495102,0.0
257,2105344,9,0,0,9,0.0,0.0,1.0,-0.002016059315064922,0.3823421269655228,0.0,-0.9456790447235107,0.006437701848335564,0.1855090856552124,0.11209007352590561,0.24440811574459076,0.0
258,2113536,104,0,0,104,0.0,0.0,1.0,0.0005348856677301228,0.05047824908979237,0.0,-0.954959987103939,0.008259390966850333,0.18487147986888885,0.11139656603336334,0.2437954843044281,0.0
259,2121728,1,0,0,1,0.0,0.0,1.0,-0.0005827058892464265,0.03538652178831399,0.0,-0.966117799282074,0.005422052231733687,0.18435268104076385,0.1115589365363121,0.2428828328847885,0.0
260,2129920,3,0,0,3,0.0,0.0,1.0,0.00015591428964398802,0.10083734095096589,0.0,-0.9707263261079788,0.005299669523810735,0.1839628517627716,0.1111721321940422,0.2427816241979599,0.0
261,2138112,1,0,0,1,0.0,0.0,1.0,1.686257601249963e-05,0.2796852834522724,0.0,-0.9832822382450104,0.004285007862927159,0.18290285766124725,0.11094129085540771,0.2412840723991394,0.0
262,2146304,10,0,0,10,0.0,0.0,1.0,0.0008961202402133495,0.24646905809640884,0.0,-1.0049418807029724,0.004061043705587508,0.18092793226242065,0.110285185277462,0.2374604046344757,0.0
263,2154496,113,0,0,113,0.0,0.0,1.0,0.0006952661497052759,0.1930920071899891,0.0,-1.0382623985409736,0.0053831794008146975,0.17875361442565918,0.10883013159036636,0.23527279496192932,0.0
264,2162688,1,0,0,1,0.0,0.0,1.0,-0.0007126818847609684,0.022075892123393715,0.0,-1.066501934826374,0.007600904655555496,0.17770056426525116,0.10848618298768997,0.23283836245536804,0.0
265,2170880,1,0,0,1,0.0,0.0,1.0,-0.0011293756193481385,0.03579046661034226,0.0,-1.0885058522224427,0.0030203799593436997,0.17606082558631897,0.1065298467874527,0.231476828455925,0.0
266,2179072,2,0,0,2,0.0,0.0,1.0,-0.00043389680795371535,0.03051525936461985,0.0,-1.1105575934052467,0.004880645527009619,0.17570975422859192,0.10643584281206131,0.2328910231590271,0.0
267,2187264,3,0,0,3,0.0,0.0,1.0,0.0005991040117805824,0.03700830028392375,0.0,-1.1165917724370957,0.004963552778644953,0.17523328959941864,0.10589681565761566,0.23171141743659973,0.0
268,2195456,10,0,0,10,0.0,0.0,1.0,-0.0004513491003308445,0.059623716538771986,0.0,-1.1168503880500793,0.008034931152360513,0.17576271295547485,0.1066158339381218,0.23154637217521667,0.0
269,2203648,111,0,0,111,0.0,0.0,1.0,0.00018652723520062864,0.07167541980743408,0.0,-1.1113047525286674,0.003946338593232212,0.17546775937080383,0.10640876740217209,0.22971726953983307,0.0
270,2211840,1,0,0,1,0.0,0.0,1.0,-0.0009908670210279525,0.014244936918839813,0.0,-1.1101285889744759,0.007368449946079636,0.1760048121213913,0.10653962194919586,0.23101706802845,0.0
271,2220032,1,0,0,1,0.0,0.0,1.0,0.0007673846150282771,0.011478712619282305,0.0,-1.1122724071145058,0.006205001648049801,0.17539891600608826,0.10543390363454819,0.23094746470451355,0.0
272,2228224,2,0,0,2,0.0,0.0,1.0,-0.003184336511185393,0.009079740440938622,0.0,-1.1206850022077561,0.008074338258302305,0.17551758885383606,0.10517565906047821,0.23130327463150024,0.0
273,2236416,4,0,0,4,0.0,0.0,1.0,0.0004810568876564503,0.021290132543072104,0.0,-1.1194759055972099,0.005925278443464776,0.17537884414196014,0.10556316375732422,0.23061493039131165,0.0
274,2244608,9,0,0,9,0.0,0.0,1.0,-0.0014851862972136587,0.04297449493315071,0.0,-1.1212096706032753,0.004824101233680267,0.17498306930065155,0.1062367781996727,0.23081748187541962,0.0
275,2252800,111,0,0,111,0.0,0.0,1.0,0.0008359962375834584,0.06861339565366506,0.0,-1.1251689523458481,0.0064965393416059666,0.1746930480003357,0.10620628297328949,0.23016485571861267,0.0
276,2260992,1,0,0,1,0.0,0.0,1.0,-0.0020069042249815537,0.016653016046620905,0.0,-1.1268471106886864,0.006022335154557368,0.17474322021007538,0.10646700114011765,0.2310468852519989,0.0
277,2269184,1,0,0,1,0.0,0.0,1.0,0.00024485229223500935,0.01648221875075251,0.0,-1.1240554749965668,0.004987566247291397,0.17519709467887878,0.10631605237722397,0.23354105651378632,0.0
278,2277376,3,0,0,3,0.0,0.0,1.0,-0.0010536959976889192,0.035602489532902834,0.0,-1.118524469435215,0.005179131279146531,0.17586937546730042,0.10626248270273209,0.23437635600566864,0.0
279,2285568,7,0,0,7,0.0,0.0,1.0,-0.0006876556901261211,0.08145529851317405,0.0,-1.1195548310875894,0.005905614074436016,0.17439693212509155,0.10733821243047714,0.23083196580410004,0.0
280,2293760,7,0,0,7,0.0,0.0,1.0,-0.002096827593049966,0.09617541953921319,0.0,-1.1417221784591676,0.007907992987020407,0.17275266349315643,0.10681815445423126,0.2283344268798828,0.0
281,2301952,109,0,0,109,0.0,0.0,1.0,-0.0018062256393022835,0.08647382967174053,0.0,-1.167892999947071,0.0062090738902043086,0.17152182757854462,0.10589204728603363,0.2286510467529297,0.0
282,2310144,1,0,0,1,0.0,0.0,1.0,-0.0002733176341280341,0.036410503927618264,0.0,-1.1852205529809,0.0039519164303783326,0.1709313988685608,0.10534028708934784,0.22861649096012115,0.0
283,2318336,3,0,0,3,0.0,0.0,1.0,0.0009745023853611201,0.07179958606138825,0.0,-1.195361116528511,0.004659799514774932,0.170292466878891,0.10520502924919128,0.22782859206199646,0.0
284,2326528,1,0,0,1,0.0,0.0,1.0,-0.00038815812731627373,0.09134085476398468,0.0,-1.2098808586597443,0.005386775872466387,0.16943609714508057,0.10428855568170547,0.2265976220369339,0.0
285,2334720,8,0,0,8,0.0,0.0,1.0,0.0012856998189818114,0.16960904356092216,0.0,-1.2313660100102424,0.005267373155948008,0.16789758205413818,0.1031387448310852,0.2258502095937729,0.0
286,2342912,8,0,0,8,0.0,0.0,1.0,-9.285068954341113e-05,0.13151770597323775,0.0,-1.260596902668476,0.006390074730734341,0.1665586531162262,0.10248136520385742,0.22462928295135498,0.0
287,2351104,107,0,0,107,0.0,0.0,1.0,-0.0006655535893514752,0.06008339142426848,0.0,-1.273915372788906,0.0083013539428066,0.16662611067295074,0.10165852308273315,0.22633996605873108,0.0
288,2359296,1,0,0,1,0.0,0.0,1.0,-4.035168676637113e-05,0.02033932041376829,0.0,-1.2876001864671707,0.004461884842748986,0.1653118133544922,0.10066672414541245,0.22542497515678406,0.0
289,2367488,3,0,0,3,0.0,0.0,1.0,-0.0001427970448276028,0.027744617708958686,0.0,-1.3109665855765342,0.005180979595024837,0.16425016522407532,0.10059057921171188,0.22350497543811798,0.0
290,2375680,1,0,0,1,0.0,0.0,1.0,0.001076779403956607,0.1273241950199008,0.0,-1.326664997637272,0.007369433279382065,0.16376417875289917,0.09901978075504303,0.22425052523612976,0.0
291,2383872,9,0,0,9,0.0,0.0,1.0,-0.001150075311306864,0.2820299597457051,0.0,-1.3380475983023643,0.00447706940540229,0.16299092769622803,0.09918224811553955,0.2212141454219818,0.0
292,2392064,10,1,0,9,0.1,0.0,0.9,-0.0017697632836643606,0.44703307598829267,0.0,-1.34936463534832,0.006541406614269362,0.16227275133132935,0.09895605593919754,0.2201290875673294,0.0
293,2400256,104,0,0,104,0.0,0.0,1.0,-0.00012866528704762458,0.05492339436896145,0.0,-1.3638148650527,0.005283126867288957,0.16138610243797302,0.09791676700115204,0.2187386006116867,0.0
294,2408448,1,0,0,1,0.0,0.0,1.0,-0.0016489430476212875,0.04375143516808748,0.0,-1.3838864803314208,0.0042434821181814185,0.16000996530056,0.09806966036558151,0.215765118598938,0.0
295,2416640,3,0,0,3,0.0,0.0,1.0,0.001048326733871363,0.07343519045971333,0.0,-1.4033667340874671,0.00939598415279761,0.15916943550109863,0.09727081656455994,0.21482548117637634,0.0
296,2424832,1,0,0,1,0.0,0.0,1.0,-0.0013785361603368073,0.2014385789632797,0.0,-1.4195531472563743,0.005289147244184278,0.15837155282497406,0.09680431336164474,0.2156912386417389,0.0
297,2433024,10,0,0,10,0.0,0.0,1.0,-0.000880073761800304,0.22062740344554185,0.0,-1.440530887246132,0.005943122753524222,0.1568487137556076,0.09629740566015244,0.21216745674610138,0.0
298,2441216,10,0,0,10,0.0,0.0,1.0,-0.0005988569522742182,0.3363795269280672,0.0,-1.4641925439238548,0.004226189330074704,0.15562337636947632,0.09589680284261703,0.2095496505498886,0.0
299,2449408,104,0,0,104,0.0,0.0,1.0,-0.0004991576162865386,0.040145000978372994,0.0,-1.4756541714072227,0.005426543858629884,0.15532079339027405,0.09642771631479263,0.208703875541687,0.0
300,2457600,0,0,0,0,0.0,0.0,0.0,-8.06451600510627e-05,0.05197707056067884,0.0,-1.4791703671216965,0.0047423188596440015,0.15489459037780762,0.09658394753932953,0.2077750265598297,0.0
301,2465792,3,0,0,3,0.0,0.0,1.0,0.0002458525646943599,0.11864257315173746,0.0,-1.4908845663070678,0.006981732992426259,0.1539391726255417,0.09621533751487732,0.2057531327009201,0.0
302,2473984,2,0,0,2,0.0,0.0,1.0,0.0001440363877918571,0.2062439976260066,0.0,-1.50883751809597,0.005583888928958914,0.15257351100444794,0.09600502997636795,0.20269887149333954,0.0
303,2482176,12,0,0,12,0.0,0.0,1.0,-0.0015467975928913802,0.3471769105643034,0.0,-1.539458680152893,0.003964249470300274,0.15067201852798462,0.09528703987598419,0.20047953724861145,0.0
304,2490368,110,0,0,110,0.0,0.0,1.0,-0.001502891309792176,0.36756129674613475,0.0,-1.5686335876584052,0.006714427866245387,0.14956793189048767,0.09488905221223831,0.19934195280075073,0.0
305,2498560,1,0,0,1,0.0,0.0,1.0,0.000838708080118522,0.021751771261915565,0.0,-1.5962636902928353,0.004506733858579537,0.14777842164039612,0.09411589056253433,0.19629192352294922,0.0
306,2506752,1,0,0,1,0.0,0.0,1.0,0.0002169681596569717,0.03563396560493857,0.0,-1.6247789114713669,0.003495165172353154,0.1466609686613083,0.09355463087558746,0.19569818675518036,0.0
307,2514944,2,0,0,2,0.0,0.0,1.0,0.0002737684815656394,0.0810839697252959,0.0,-1.6484269946813583,0.005141157579782884,0.1454641968011856,0.09331835806369781,0.19384071230888367,0.0
308,2523136,3,0,0,3,0.0,0.0,1.0,0.0004688772227382287,0.24405443165451288,0.0,-1.6662713572382928,0.0077951393912371715,0.1445663422346115,0.09319248795509338,0.19218672811985016,0.0
309,2531328,11,0,0,11,0.0,0.0,1.0,-0.0029446572181768714,0.33154499568045137,0.0,-1.6904818430542945,0.0065812652261229235,0.14311479032039642,0.092044398188591,0.1903306543827057,0.0
310,2539520,110,0,0,110,0.0,0.0,1.0,-0.0015456956258276477,0.23246852196753026,0.0,-1.719541735947132,0.004055200555012561,0.1418398916721344,0.09117498248815536,0.18850558996200562,0.0
311,2547712,1,0,0,1,0.0,0.0,1.0,0.0006220544397365302,0.06002323771826923,0.0,-1.7335050404071808,0.00714627492998261,0.1417512148618698,0.091063492000103,0.18833927810192108,0.0
312,2555904,1,0,0,1,0.0,0.0,1.0,-0.0010062349261716007,0.05431622196920216,0.0,-1.738904820382595,0.003703389364090981,0.14125460386276245,0.090782530605793,0.18638278543949127,0.0
313,2564096,3,0,0,3,0.0,0.0,1.0,-0.00031182419043034314,0.20115435924381017,0.0,-1.753366981446743,0.007624999624385964,0.14063763618469238,0.08937236666679382,0.18659308552742004,0.0
314,2572288,6,0,0,6,0.0,0.0,1.0,-0.0005205300287343562,0.23318425696343184,0.0,-1.7765142187476157,0.007181017443508608,0.13928811252117157,0.08795282244682312,0.1852516084909439,0.0
315,2580480,9,0,0,9,0.0,0.0,1.0,-0.0016674575163051486,0.3365064445883036,0.0,-1.8135546743869781,0.0038343733955116476,0.13752835988998413,0.08669250458478928,0.18225277960300446,0.0
316,2588672,108,0,0,108,0.0,0.0,1.0,0.0002816681459080428,0.19178460873663425,0.0,-1.8471213772892952,0.009163377095683245,0.13598185777664185,0.08588617295026779,0.18018436431884766,0.0
317,2596864,1,0,0,1,0.0,0.0,1.0,0.0008864402654580772,0.026164750405587255,0.0,-1.8723471119999886,0.00531880155831459,0.1354733109474182,0.08568015694618225,0.18062110245227814,0.0
318,2605056,2,0,0,2,0.0,0.0,1.0,0.001008569187251851,0.11343346750363707,0.0,-1.8897565573453903,0.006812241307488876,0.13454456627368927,0.08460653573274612,0.18084344267845154,0.0
319,2613248,2,0,0,2,0.0,0.0,1.0,0.00019940083147957922,0.1944184720516205,0.0,-1.9037797316908835,0.005742206312424969,0.1345154345035553,0.08432350307703018,0.18042565882205963,0.0
320,2621440,8,0,0,8,0.0,0.0,1.0,-0.0009501106629613787,0.4144027192145586,0.0,-1.9131622061133384,0.0035906278069887778,0.13347399234771729,0.08404669910669327,0.1786901354789734,0.0
321,2629632,9,0,0,9,0.0,0.0,1.0,-0.0023626157140824943,0.47648798041045665,0.0,-1.9437344297766685,0.007359552831621841,0.13186830282211304,0.08317122608423233,0.1762874722480774,0.0
322,2637824,106,0,0,106,0.0,0.0,1.0,0.00010965624242089688,0.1441101709380746,0.0,-1.9678324699401855,0.0058807628476643,0.1311303973197937,0.08284805715084076,0.17419639229774475,0.0
323,2646016,1,0,0,1,0.0,0.0,1.0,8.686369401402771e-05,0.05342154516838491,0.0,-1.9775908783078193,0.006821715254045557,0.1308574676513672,0.0824052095413208,0.17418615520000458,0.0
324,2654208,3,0,0,3,0.0,0.0,1.0,0.0003155450976919383,0.10874592759646476,0.0,-1.994748455286026,0.006800179632409709,0.12991377711296082,0.08097989857196808,0.17314568161964417,0.0
325,2662400,1,0,0,1,0.0,0.0,1.0,0.0012835145083954559,0.1580128598958254,0.0,-2.0210107028484345,0.006541969930549385,0.12888401746749878,0.08039619773626328,0.17136424779891968,0.0
326,2670592,8,0,0,8,0.0,0.0,1.0,0.0005057750735431909,0.2739090405404568,0.0,-2.047603464126587,0.007983112487272593,0.12728005647659302,0.07986543327569962,0.16857752203941345,0.0
327,2678784,9,0,0,9,0.0,0.0,1.0,0.002113187321810983,0.34733894653618336,0.0,-2.0764751464128492,0.01053191195751424,0.1263590157032013,0.07908404618501663,0.16691340506076813,0.0
328,2686976,106,0,0,106,0.0,0.0,1.0,-0.0014640483306720853,0.0677895050495863,0.0,-2.0972601890563967,0.008643141161155655,0.12541791796684265,0.07870690524578094,0.1648930311203003,0.0
329,2695168,1,0,0,1,0.0,0.0,1.0,-0.00020462425309233367,0.026764419185929,0.0,-2.112837228178978,0.005853823481447762,0.12492680549621582,0.07868005335330963,0.16338714957237244,0.0
330,2703360,3,0,0,3,0.0,0.0,1.0,-0.0012853880529291929,0.1054140749387443,0.0,-2.1165213376283645,0.0075857206815271635,0.12508371472358704,0.07816379517316818,0.16354212164878845,0.0
331,2711552,1,0,0,1,0.0,0.0,1.0,0.0004804409109055996,0.15682082269340752,0.0,-2.1165971547365188,0.006762065853399691,0.1250811219215393,0.0779949426651001,0.1637125313282013,0.0
332,2719744,10,0,0,10,0.0,0.0,1.0,-0.0022672720660921186,0.2608498755842447,0.0,-2.1318019151687624,0.011386880004283739,0.12368875741958618,0.0768674984574318,0.16188408434391022,0.0
333,2727936,10,1,0,9,0.1,0.0,0.9,0.0006849837605841458,0.37350838296115396,0.0,-2.1732065588235856,0.007240853316761786,0.12217438220977783,0.0758134201169014,0.1595529019832611,0.0
334,2736128,103,0,0,103,0.0,0.0,1.0,-0.0009064808255061507,0.03312737634405494,0.0,-2.1907115548849108,0.005267788493074477,0.12208724021911621,0.0756237730383873,0.15908972918987274,0.0
335,2744320,1,0,0,1,0.0,0.0,1.0,0.00032278188155032694,0.01513630715198815,0.0,-2.196039912104607,0.005242625792743638,0.12168370187282562,0.07524600625038147,0.1582430601119995,0.0
336,2752512,3,0,0,3,0.0,0.0,1.0,-0.001412267191335559,0.03843025206588209,0.0,-2.2057672113180162,0.00711266477665049,0.12135487049818039,0.0752549022436142,0.15823617577552795,0.0
337,2760704,2,0,0,2,0.0,0.0,1.0,-0.002056989981792867,0.1132214080542326,0.0,-2.219334414601326,0.00864119059915538,0.12045114487409592,0.07496676594018936,0.1570439636707306,0.0
338,2768896,10,0,0,10,0.0,0.0,1.0,-0.0014534878195263446,0.2589696284383535,0.0,-2.2493662893772126,0.006949917246674886,0.11874934285879135,0.07418152689933777,0.15389513969421387,0.0
339,2777088,112,0,0,112,0.0,0.0,1.0,0.0006899447645992041,0.2706531072035432,0.0,-2.2927523106336594,0.0035826433762849775,0.11683835834264755,0.07369063049554825,0.15085002779960632,0.0
340,2785280,1,0,0,1,0.0,0.0,1.0,-0.00020119883702136577,0.02626515830634162,0.0,-2.3283508509397506,0.0060692543600453066,0.1157461628317833,0.07314110547304153,0.14913436770439148,0.0
341,2793472,1,0,0,1,0.0,0.0,1.0,0.00033422312990296634,0.035552452248521146,0.0,-2.3519044131040574,0.004855463314015651,0.1150585263967514,0.07256817817687988,0.1477312594652176,0.0
342,2801664,2,0,0,2,0.0,0.0,1.0,0.0009035542869241908,0.07805245867930352,0.0,-2.3644232392311095,0.007287314948916901,0.11477462947368622,0.07178798317909241,0.14815391600131989,0.0
343,2809856,3,0,0,3,0.0,0.0,1.0,-0.00016502054349984974,0.1630458302795887,0.0,-2.389682361483574,0.006280033798248041,0.11336853355169296,0.07074576616287231,0.1462540626525879,0.0
344,2818048,11,0,0,11,0.0,0.0,1.0,-0.0023347106645815073,0.2079081429168582,0.0,-2.4305091083049772,0.0077330880965746475,0.11161017417907715,0.06986051052808762,0.14387983083724976,0.0
345,2826240,110,0,0,110,0.0,0.0,1.0,-0.00021373199415393175,0.24558241069316863,0.0,-2.4750199615955353,0.006735767795180436,0.11027117073535919,0.0686139389872551,0.1421184241771698,0.0
346,2834432,1,0,0,1,0.0,0.0,1.0,0.0008397413999773562,0.03528620176948607,0.0,-2.502853071689606,0.005010840537579497,0.10968159139156342,0.06808070093393326,0.14124169945716858,0.0
347,2842624,1,0,0,1,0.0,0.0,1.0,0.0021303151675965636,0.0282823579153046,0.0,-2.5161288380622864,0.007242570204107323,0.10931887477636337,0.06784436851739883,0.14115573465824127,0.0
348,2850816,3,0,0,3,0.0,0.0,1.0,-0.001305777096422389,0.09564483258873224,0.0,-2.5342355370521545,0.007246938422758831,0.1084805428981781,0.06709051877260208,0.14040078222751617,0.0
349,2859008,4,0,0,4,0.0,0.0,1.0,-0.0009248529560863972,0.22997551169246436,0.0,-2.563756522536278,0.00797127457917668,0.10713919252157211,0.06623492389917374,0.1385410577058792,0.0
350,2867200,10,0,0,10,0.0,0.0,1.0,0.0005030866304878145,0.4021262876689434,0.0,-2.604990780353546,0.007262301260925597,0.10575904697179794,0.0653383880853653,0.13624989986419678,0.0
351,2875392,109,0,0,109,0.0,0.0,1.0,-0.003628340139403008,0.25917583219707013,0.0,-2.6380725294351577,0.009193693120323587,0.10444185137748718,0.0648590698838234,0.13376659154891968,0.0
352,2883584,1,0,0,1,0.0,0.0,1.0,0.0014023532043211163,0.0858237525448203,0.0,-2.666703832149506,0.003983147309918422,0.10376056283712387,0.06443899869918823,0.13328196108341217,0.0
353,2891776,1,0,0,1,0.0,0.0,1.0,0.000258755317190662,0.05877476502209902,0.0,-2.6908436954021453,0.005468954431125894,0.10267557203769684,0.06387525796890259,0.13193927705287933,0.0
354,2899968,3,0,0,3,0.0,0.0,1.0,0.0013957745977677405,0.15740357227623464,0.0,-2.7221584796905516,0.00613389399368316,0.10157575458288193,0.06355424225330353,0.1298215091228485,0.0
355,2908160,7,0,0,7,0.0,0.0,1.0,-0.0008102137071546167,0.3264118704944849,0.0,-2.760864382982254,0.005151805141940713,0.09969502687454224,0.06301327049732208,0.1271304488182068,0.0
356,2916352,10,0,0,10,0.0,0.0,1.0,0.0017643073457293212,0.2869366828352213,0.0,-2.8050048828125,0.006665747633087448,0.09866663068532944,0.0618998184800148,0.1258375197649002,0.0
357,2924544,106,0,0,106,0.0,0.0,1.0,-6.0546398162841794e-05,0.14112397832795978,0.0,-2.826803994178772,0.00739903885696549,0.0983390212059021,0.06185951456427574,0.12536343932151794,0.0
358,2932736,2,1,0,1,0.5,0.0,0.5,1.5641463687643408e-05,0.12480770079419017,0.0,-2.8448814928531645,0.005751903809141368,0.09717734903097153,0.061538856476545334,0.12352155894041061,0.0
359,2940928,4,1,0,3,0.25,0.0,0.75,-0.0003076903463806957,0.1547384463250637,0.0,-2.8793226718902587,0.005292176021612249,0.0961632952094078,0.06089366227388382,0.12192442268133163,0.0
360,2949120,2,1,0,1,0.5,0.0,0.5,0.00012879141431767493,0.473758265376091,0.0,-2.906481009721756,0.005563173611881212,0.09538408368825912,0.060314372181892395,0.12097714841365814,0.0
361,2957312,9,1,0,8,0.1111111111111111,0.0,0.8888888888888888,-0.0016353883023839445,0.4833731591701508,0.0,-2.9444806575775146,0.0041494738616165705,0.093911312520504,0.05902589112520218,0.11910214275121689,0.0
362,2965504,12,4,0,8,0.3333333333333333,0.0,0.6666666666666666,-0.0002161575946956873,0.6225188981741667,0.0,-2.99618136882782,0.0065618198699667115,0.09209753572940826,0.05784158408641815,0.11634597927331924,0.0
363,2973696,99,1,0,98,0.010101010101010102,0.0,0.98989898989899,0.00023425124236382545,0.20084785521030427,0.0,-3.03908149600029,0.006490393857529852,0.09133335202932358,0.05753452330827713,0.11535216867923737,0.0
364,2981888,2,0,0,2,0.0,0.0,1.0,0.00023857219493947924,0.15804433980956673,0.0,-3.0530843794345857,0.008820555875718127,0.09115084260702133,0.057391565293073654,0.11450643092393875,0.0
365,2990080,4,0,0,4,0.0,0.0,1.0,0.0008151710120728239,0.20492859054356813,0.0,-3.0698861956596373,0.007979983599216211,0.09013804793357849,0.05682310834527016,0.11313577741384506,0.0
366,2998272,2,0,0,2,0.0,0.0,1.0,-0.0014339951099827885,0.387668789178133,0.0,-3.1022341310977937,0.009964744999888354,0.08924615383148193,0.0561041422188282,0.1117887943983078,0.0
367,3006464,11,2,0,9,0.18181818181818182,0.0,0.8181818181818182,-0.0012475410068873316,0.5466425165534019,0.0,-3.1473139464855193,0.006553558842279017,0.08759765326976776,0.055202666670084,0.10959416627883911,0.0
368,3014656,14,0,0,14,0.0,0.0,1.0,-0.0019460591545794159,0.4718793123960495,0.0,-3.200224959850311,0.007875502211390994,0.08616688847541809,0.054484546184539795,0.10787112265825272,0.0
369,3022848,95,2,0,94,0.021052631578947368,0.0,0.9894736842105263,0.0007725687290076166,0.19320894107222558,0.0,-3.2340980589389803,0.005767597137310077,0.08540039509534836,0.05424953252077103,0.10653597116470337,0.0
370,3031040,2,0,0,2,0.0,0.0,1.0,-0.0008950058487243951,0.05061907027848065,0.0,-3.250706785917282,0.00832085429574363,0.08520296216011047,0.05405229702591896,0.10673941671848297,0.0
371,3039232,4,0,0,4,0.0,0.0,1.0,0.002377654719748534,0.20718415286391972,0.0,-3.2642216086387634,0.009451361153332982,0.08464449644088745,0.0535401813685894,0.10606647282838821,0.0
372,3047424,3,0,0,3,0.0,0.0,1.0,0.0013007920351810753,0.49461116418242457,0.0,-3.2946257829666137,0.006204747075389605,0.0835423618555069,0.052757278084754944,0.10439624637365341,0.0
373,3055616,15,4,0,11,0.26666666666666666,0.0,0.7333333333333333,0.0029759886558167635,0.830324723571539,0.0,-3.3293752312660216,0.010697852053272072,0.08263958990573883,0.05208493396639824,0.10346977412700653,0.0
374,3063808,104,4,0,100,0.038461538461538464,0.0,0.9615384615384616,-0.00028471307305153457,0.6004449993371963,0.0,-3.364524930715561,0.008178446807141882,0.08170723915100098,0.05170236900448799,0.10202798247337341,0.0
375,3072000,2,0,0,2,0.0,0.0,1.0,0.0020290117477998137,0.1445961738936603,0.0,-3.3860461831092836,0.007941521109023597,0.08148102462291718,0.051556676626205444,0.10165360569953918,0.0
376,3080192,3,2,0,1,0.6666666666666666,0.0,0.3333333333333333,0.00036758172791451216,0.32637253049761056,0.0,-3.3972075402736666,0.009058101965638343,0.08101389557123184,0.05114303156733513,0.10080696642398834,0.0
377,3088384,3,0,0,3,0.0,0.0,1.0,0.001571702564251609,0.4264306932687759,0.0,-3.418910485506058,0.009126916859531774,0.0804111585021019,0.050755780190229416,0.09980551153421402,0.0
378,3096576,6,1,0,5,0.16666666666666666,0.0,0.8333333333333334,0.0005381600407417863,0.623026404902339,0.0,-3.4465484738349916,0.006805461217300035,0.07939916104078293,0.050021640956401825,0.09832526743412018,0.0
379,3104768,19,4,0,15,0.21052631578947367,0.0,0.7894736842105263,-0.000912327179685235,0.7139630407094956,0.0,-3.489698988199234,0.007907032866205555,0.07823532074689865,0.04916747659444809,0.096544049680233,0.0
380,3112960,95,2,0,93,0.021052631578947368,0.0,0.9789473684210527,0.0018601701362058521,0.44717220328748225,0.0,-3.5294952929019927,0.008151188991905655,0.0772235095500946,0.04871783405542374,0.09478049725294113,0.0
381,3121152,2,0,0,2,0.0,0.0,1.0,0.0006665955937933177,0.10733792930841446,0.0,-3.556750017404556,0.008135131966264452,0.0769367590546608,0.04842691868543625,0.09431885182857513,0.0
382,3129344,4,0,0,4,0.0,0.0,1.0,0.000694309122627601,0.28155351858586075,0.0,-3.575758934020996,0.007008229740313255,0.07617194205522537,0.04808430001139641,0.09351193904876709,0.0
383,3137536,5,3,0,2,0.6,0.0,0.4,0.0016893968597287313,0.7056077681481838,0.0,-3.6099100589752195,0.011227706674253568,0.07521244883537292,0.04733942076563835,0.092366062104702,0.0
384,3145728,11,5,0,6,0.45454545454545453,0.0,0.5454545454545454,2.431583998259157e-05,0.8764294162392616,0.0,-3.6558351814746857,0.007250533647311386,0.07387776672840118,0.046430088579654694,0.09036830067634583,0.0
385,3153920,23,5,0,18,0.21739130434782608,0.0,0.782608695652174,6.31858070846647e-05,0.9578006230294704,0.0,-3.7109335064888,0.0058525313579593785,0.07251941412687302,0.04561319202184677,0.08845654875040054,0.0
386,3162112,83,1,0,82,0.012048192771084338,0.0,0.9879518072289156,-0.0016636611544527113,0.6030821852385998,0.0,-3.7589859902858733,0.009058665846532676,0.07166425883769989,0.0449494831264019,0.08736702054738998,0.0
387,3170304,4,1,0,3,0.25,0.0,0.75,0.0004112257971428335,0.22297740168869495,0.0,-3.78617804646492,0.005426362254365813,0.07121382653713226,0.04465615376830101,0.08674686402082443,0.0
388,3178496,5,2,0,3,0.4,0.0,0.6,0.001620481227291748,0.4454613156616688,0.0,-3.808133143186569,0.009085623275313991,0.07044865190982819,0.04432039335370064,0.08571239560842514,0.0
389,3186688,12,5,0,7,0.4166666666666667,0.0,0.5833333333333334,0.002596394598367624,0.6869023889303207,0.0,-3.8428093791007996,0.009788039758859668,0.06971730291843414,0.04386387765407562,0.0847940593957901,0.0
390,3194880,21,11,0,10,0.5238095238095238,0.0,0.47619047619047616,-0.0003109745390247554,1.097486314922571,0.0,-3.880233424901962,0.007951985746331047,0.06856723874807358,0.04331555962562561,0.08305519819259644,0.0
391,3203072,22,5,0,17,0.22727272727272727,0.0,0.7727272727272727,3.200598875992e-05,0.8876249201595783,0.0,-3.9237806379795073,0.007922902471909766,0.06777514517307281,0.042676184326410294,0.08180268853902817,0.0
392,3211264,68,3,0,65,0.04411764705882353,0.0,0.9558823529411765,0.00028875803109258414,0.5589717503637075,0.0,-3.962886518239975,0.005835000898514409,0.06675603985786438,0.04219883680343628,0.08063949644565582,0.0
393,3219456,3,1,0,2,0.3333333333333333,0.0,0.6666666666666666,0.0017443159886170179,0.24424899071455003,0.0,-3.99511678814888,0.007175655230821576,0.06635130941867828,0.041891973465681076,0.07993824034929276,0.0
394,3227648,8,3,0,5,0.375,0.0,0.625,0.0053488342091441154,0.6613322734832764,0.0,-4.013144397735596,0.014122622685681563,0.06592506170272827,0.04172561690211296,0.07923918962478638,0.0
395,3235840,17,10,0,7,0.5882352941176471,0.0,0.4117647058823529,0.0005663448653649538,1.0518371611833572,0.0,-4.0434915840625765,0.008365966772544198,0.0649411529302597,0.041195206344127655,0.07785892486572266,0.0
396,3244032,26,7,0,19,0.2692307692307692,0.0,0.7307692307692307,0.0017336091492325067,1.0041814416646957,0.0,-4.085349464416504,0.008108366715896409,0.06408654153347015,0.04089608043432236,0.07683920860290527,0.0
397,3252224,25,6,0,19,0.24,0.0,0.76,0.0028936086979229002,1.1141381077468395,0.0,-4.11477677822113,0.009842580325494055,0.06356550753116608,0.0405818410217762,0.07608454674482346,0.0
398,3260416,54,8,0,46,0.14814814814814814,0.0,0.8518518518518519,0.0014847801299765705,0.635133121907711,0.0,-4.142804056406021,0.0076970557944150645,0.06288249045610428,0.03999987244606018,0.07496068626642227,0.0
399,3268608,11,9,0,2,0.8181818181818182,0.0,0.18181818181818182,0.0024274010793305933,0.8452110283076764,0.0,-4.1707828640937805,0.00920780453743646,0.06245177984237671,0.03991907462477684,0.07420213520526886,0.0
400,3276800,11,5,0,6,0.45454545454545453,0.0,0.5454545454545454,0.0023046860296744853,0.8396548226475715,0.0,-4.191423797607422,0.0072209894642583095,0.06189021095633507,0.03958768770098686,0.07345056533813477,0.0
401,3284992,19,7,0,12,0.3684210526315789,0.0,0.631578947368421,-0.0005259259720332921,0.9212100118398666,0.0,-4.224735051393509,0.0065363671616069045,0.0610935240983963,0.039100222289562225,0.07240653783082962,0.0
402,3293184,29,14,0,15,0.4827586206896552,0.0,0.5172413793103449,0.0007998428802238778,0.7342856794595718,0.0,-4.261246865987777,0.006285278600989841,0.06037507578730583,0.03891212120652199,0.07153528928756714,0.0
403,3301376,27,9,0,18,0.3333333333333333,0.0,0.6666666666666666,0.0015821562090422958,0.740062701702118,0.0,-4.2890792965888975,0.006111405191768426,0.059807490557432175,0.038735926151275635,0.07079826295375824,0.0
404,3309568,38,7,0,31,0.18421052631578946,0.0,0.8157894736842105,-0.00047565276618115603,0.7114126704633236,0.0,-4.314390552043915,0.008352647839637939,0.059351351112127304,0.03850328549742699,0.07019634544849396,0.0
405,3317760,18,11,0,7,0.6111111111111112,0.0,0.3888888888888889,0.0017996601818595082,0.6583381593227386,0.0,-4.338273292779922,0.006727743333613034,0.058888643980026245,0.038112886250019073,0.06941597163677216,0.0
406,3325952,17,9,0,8,0.5294117647058824,0.0,0.47058823529411764,0.0022112246020697056,0.9070650853216649,0.0,-4.3610674917697905,0.007064337792689912,0.05840803310275078,0.03789174556732178,0.06901480257511139,0.0
407,3334144,25,9,0,16,0.36,0.0,0.64,0.0013827024988131598,0.8712982915341854,0.0,-4.388454228639603,0.007703662649146281,0.05781236290931702,0.03752048686146736,0.068238265812397,0.0
408,3342336,27,10,0,18,0.37037037037037035,0.0,0.6666666666666666,0.0014387857750989496,0.494747381284833,0.0,-4.413932222127914,0.00905772646801779,0.05743604525923729,0.03718888387084007,0.06790421903133392,0.0
409,3350528,27,9,1,17,0.3333333333333333,0.037037037037037035,0.6296296296296297,0.00041868387488648296,0.8045392885804177,0.0,-4.437109261751175,0.007886580099875574,0.056893132627010345,0.03692875802516937,0.06726634502410889,0.0
410,3358720,30,7,0,23,0.23333333333333334,0.0,0.7666666666666667,0.001039663708070293,0.7023156158626079,0.0,-4.465730106830597,0.008961967882351018,0.05630110949277878,0.03678189963102341,0.06659705191850662,0.0
411,3366912,22,10,0,12,0.45454545454545453,0.0,0.5454545454545454,0.0018564383673947305,0.617343771085143,0.0,-4.499160861968994,0.009579458122607321,0.05553370714187622,0.036606237292289734,0.06541675329208374,0.0
412,3375104,27,17,1,9,0.6296296296296297,0.037037037037037035,0.3333333333333333,0.00214366473373957,1.1016540743410588,0.0,-4.528961455821991,0.011416664578428026,0.05504820495843887,0.03650015965104103,0.0649973675608635,0.0
413,3383296,31,19,0,12,0.6129032258064516,0.0,0.3870967741935484,0.0015087535080965607,0.9696905292570591,0.0,-4.5615983545780185,0.008877418619522359,0.05426713824272156,0.03620680049061775,0.06398773193359375,0.0
414,3391488,29,18,0,11,0.6206896551724138,0.0,0.3793103448275862,0.00044005134841427205,0.537384133413434,0.0,-4.600591462850571,0.008087589834758546,0.05360705405473709,0.035829104483127594,0.0631934106349945,0.0
415,3399680,29,13,0,16,0.4482758620689655,0.0,0.5517241379310345,0.0019989495223853735,0.8979072071611881,0.0,-4.629577267169952,0.00893230922811199,0.05317508429288864,0.0356757827103138,0.06252032518386841,0.0
416,3407872,23,18,0,5,0.782608695652174,0.0,0.21739130434782608,0.0012017352913971991,1.3293741732835769,0.0,-4.660438972711563,0.009043186318012885,0.052489541471004486,0.035130564123392105,0.06172405183315277,0.0
417,3416064,26,21,0,5,0.8076923076923077,0.0,0.19230769230769232,0.0018175252072978765,0.9957193493843078,0.0,-4.691273909807205,0.008331907866522669,0.052153751254081726,0.034763455390930176,0.061499740928411484,0.0
418,3424256,30,15,0,15,0.5,0.0,0.5,0.0027393054915592074,1.4219703301787376,0.0,-4.713420885801315,0.010390005899535027,0.05171440541744232,0.03455132246017456,0.06094310060143471,0.0
419,3432448,42,31,0,11,0.7380952380952381,0.0,0.2619047619047619,0.0015103549405466766,1.1108368024230004,0.0,-4.736139476299286,0.007960596146585886,0.05139372870326042,0.03419321030378342,0.060603052377700806,0.0
420,3440640,20,12,0,8,0.6,0.0,0.4,0.0025955197168514134,0.7845184877514839,0.0,-4.759832972288132,0.010150135832373054,0.05094589293003082,0.033778999000787735,0.06059528887271881,0.0
421,3448832,25,14,0,11,0.56,0.0,0.44,0.0007252724375575781,0.7553929843008518,0.0,-4.795436578989029,0.006679213292954955,0.050266336649656296,0.03336138278245926,0.060172539204359055,0.0
422,3457024,32,27,0,5,0.84375,0.0,0.15625,0.003525287986849435,0.7981245800852775,0.0,-4.825281900167465,0.010301053855801,0.049893006682395935,0.03315212205052376,0.05960243567824364,0.0
423,3465216,30,26,0,4,0.8666666666666667,0.0,0.13333333333333333,0.005668355672969483,0.834959577023983,0.0,-4.850265038013458,0.01495310768368654,0.04940202832221985,0.03269411623477936,0.05918148532509804,0.0
424,3473408,25,16,0,9,0.64,0.0,0.36,0.004392948100576177,1.0101047314703464,0.0,-4.882430636882782,0.012699970016547013,0.048968277871608734,0.03226223587989807,0.05865500122308731,0.0
425,3481600,30,18,0,12,0.6,0.0,0.4,0.0035147623741067944,0.49619214572012427,0.0,-4.905139666795731,0.010245137292076833,0.04870074242353439,0.03207884728908539,0.058229729533195496,0.0
426,3489792,22,18,0,4,0.8181818181818182,0.0,0.18181818181818182,0.0020765793189639224,1.0710876747965812,0.0,-4.922772198915482,0.006443701710668393,0.04835338518023491,0.031977199018001556,0.05779341608285904,0.0
427,3497984,36,26,0,10,0.7222222222222222,0.0,0.2777777777777778,0.002297381410608068,1.3815012350678444,0.0,-4.937303680181503,0.008275417219556403,0.04817438870668411,0.03186072036623955,0.05751539394259453,0.0
428,3506176,40,31,0,9,0.775,0.0,0.225,0.0021181803836952894,0.9644118323922157,0.0,-4.952116674184799,0.010866648562659975,0.04784625396132469,0.03172870725393295,0.057131409645080566,0.0
429,3514368,23,15,0,8,0.6521739130434783,0.0,0.34782608695652173,0.0032370518223615364,0.6497639112174511,0.0,-4.969150787591934,0.014180413109716027,0.04764090105891228,0.03167754039168358,0.05694301426410675,0.0
430,3522560,21,16,0,5,0.7619047619047619,0.0,0.23809523809523808,0.0017371301131788642,1.2067156486213206,0.0,-4.981685477495193,0.008685388692538255,0.04740908741950989,0.03146319463849068,0.05660831183195114,0.0
431,3530752,43,36,0,7,0.8372093023255814,0.0,0.16279069767441862,0.005759320751531049,0.9202025532722473,0.0,-4.994808810949325,0.013935955613851548,0.047292523086071014,0.03136895224452019,0.05660877004265785,0.0
432,3538944,25,20,0,6,0.8,0.0,0.24,0.006702114699874073,0.77504478469491,0.0,-5.005361533164978,0.016083904009428808,0.04703545570373535,0.03107420727610588,0.05648460611701012,0.0
433,3547136,21,16,0,5,0.7619047619047619,0.0,0.23809523809523808,0.0030125353659968823,1.6675297044217587,0.0,-5.029344081878662,0.012124186071741861,0.04660239443182945,0.030921638011932373,0.05582907050848007,0.0
434,3555328,39,26,0,13,0.6666666666666666,0.0,0.3333333333333333,0.002108664414845407,0.975192204862833,0.0,-5.0515256524086,0.008315011384547688,0.04624830186367035,0.030732758343219757,0.055540695786476135,0.0
435,3563520,28,22,0,6,0.7857142857142857,0.0,0.21428571428571427,0.002873278601327911,0.685116958618164,0.0,-5.075605618953705,0.009691641259996686,0.04592110216617584,0.030594905838370323,0.05510818585753441,0.0
436,3571712,28,19,0,9,0.6785714285714286,0.0,0.32142857142857145,0.0009171335841529071,1.4294864699244498,0.0,-5.094747942686081,0.006397770739567932,0.04554574936628342,0.030595146119594574,0.054423436522483826,0.0
437,3579904,33,26,0,7,0.7878787878787878,0.0,0.21212121212121213,0.00534319588332437,0.8468069277703762,0.0,-5.113428109884262,0.014335989588289522,0.04530587047338486,0.030246302485466003,0.05424744635820389,0.0
438,3588096,26,18,0,8,0.6923076923076923,0.0,0.3076923076923077,0.00243446727108676,1.2084825970232487,0.0,-5.135267281532288,0.007660770333313849,0.04495970532298088,0.02990269660949707,0.05403115227818489,0.0
439,3596288,27,20,0,7,0.7407407407407407,0.0,0.25925925925925924,0.0017092290334403514,1.1301544636487961,0.0,-5.156139224767685,0.007887343225593212,0.04472200572490692,0.029777737334370613,0.053473204374313354,0.0
440,3604480,34,19,0,15,0.5588235294117647,0.0,0.4411764705882353,0.00437484132417012,1.1960336148738862,0.0,-5.171513110399246,0.011870199622353538,0.044510312378406525,0.02968129701912403,0.05321812257170677,0.0
441,3612672,36,27,0,9,0.75,0.0,0.25,0.0030968073348049074,0.9586090974509716,0.0,-5.1831217288970945,0.010591608520189765,0.04430165886878967,0.02962706983089447,0.05298711732029915,0.0
442,3620864,26,19,0,7,0.7307692307692307,0.0,0.2692307692307692,0.001704126427648589,0.9439109332859517,0.0,-5.196248066425324,0.008319593624037225,0.0441078245639801,0.02957279421389103,0.052864402532577515,0.0
443,3629056,33,30,0,3,0.9090909090909091,0.0,0.09090909090909091,0.004498198608052917,0.9961314111948013,0.0,-5.211772829294205,0.012625938830024098,0.04382598027586937,0.02949478290975094,0.05263391509652138,0.0
444,3637248,34,25,0,9,0.7352941176470589,0.0,0.2647058823529412,0.002872390573611483,1.3101424299180509,0.0,-5.23023806810379,0.009731467752135358,0.043545302003622055,0.02919405698776245,0.052416715770959854,0.0
445,3645440,24,18,0,6,0.75,0.0,0.25,0.0023499330098275097,1.0653188198804855,0.0,-5.254204785823822,0.01114458660595119,0.04316563904285431,0.02887231670320034,0.051902513951063156,0.0
446,3653632,33,26,0,7,0.7878787878787878,0.0,0.21212121212121213,0.0035510835121385755,1.1539274342358112,0.0,-5.2726071059703825,0.013550624350318684,0.04303121566772461,0.0289029311388731,0.0517311617732048,0.0
447,3661824,38,33,0,5,0.868421052631579,0.0,0.13157894736842105,0.0034315843629883604,0.7649188913404942,0.0,-5.288387095928192,0.011487918306374922,0.042689815163612366,0.02874862030148506,0.05127013474702835,0.0
448,3670016,35,30,0,5,0.8571428571428571,0.0,0.14285714285714285,0.004399403469869867,1.3680424496531487,0.0,-5.304497075080872,0.01250221173686441,0.042521070688962936,0.02873789519071579,0.051138799637556076,0.0
449,3678208,32,24,0,8,0.75,0.0,0.25,0.0038695358962286264,1.3245448745787143,0.0,-5.319029635190963,0.011267552882782184,0.04223901778459549,0.02850753255188465,0.05091594532132149,0.0
450,3686400,38,31,0,7,0.8157894736842105,0.0,0.18421052631578946,0.002647083904594183,1.2271880313754082,0.0,-5.33493971824646,0.010884192321100272,0.04210779815912247,0.02836618758738041,0.0507831834256649,0.0
451,3694592,26,23,0,3,0.8846153846153846,0.0,0.11538461538461539,0.004486466594971717,0.8062022507190705,0.0,-5.347019904851914,0.011087619900354184,0.04191426560282707,0.028093930333852768,0.0507834367454052,0.0
452,3702784,37,34,0,3,0.918918918918919,0.0,0.08108108108108109,0.002090292813954875,1.1629972904920578,0.0,-5.361816990375519,0.008089385637140368,0.041740864515304565,0.027993546798825264,0.05071263387799263,0.0
453,3710976,40,34,0,6,0.85,0.0,0.15,0.004502463882090524,0.988593889772892,0.0,-5.364965957403183,0.01435683896561386,0.04186956584453583,0.028025707229971886,0.050927042961120605,0.0
454,3719168,25,20,0,5,0.8,0.0,0.2,0.003456640767399222,0.6646926149725914,0.0,-5.3588171124458315,0.009147889049199876,0.0419049970805645,0.02814408391714096,0.05107501149177551,0.0
455,3727360,29,25,0,4,0.8620689655172413,0.0,0.13793103448275862,0.0063134238589555025,1.1289796240627765,0.0,-5.359002882242203,0.017853889377147426,0.04177343472838402,0.028156131505966187,0.050988517701625824,0.0
456,3735552,38,29,1,8,0.7631578947368421,0.02631578947368421,0.21052631578947367,0.0027050262317061423,1.7149236172437667,0.0,-5.36867743730545,0.007460949108644854,0.04169238358736038,0.028166189789772034,0.05109478160738945,0.0
457,3743744,28,23,0,5,0.8214285714285714,0.0,0.17857142857142858,0.006955166143598035,1.367234718799591,0.0,-5.374505734443664,0.015163152787135915,0.04156116768717766,0.027996735647320747,0.0511246956884861,0.0
458,3751936,38,32,0,6,0.8421052631578947,0.0,0.15789473684210525,0.002327995834639296,1.5163555309176444,0.0,-5.396951973438263,0.009362110121583101,0.041179824620485306,0.027478044852614403,0.05079928785562515,0.0
459,3760128,37,28,0,9,0.7567567567567568,0.0,0.24324324324324326,0.003806085084215738,0.8488372594118119,0.0,-5.421117383241653,0.010636760822671931,0.04097810015082359,0.027367394417524338,0.05066925659775734,0.0
460,3768320,30,28,0,2,0.9333333333333333,0.0,0.06666666666666667,0.004324134718626737,1.4734122097492217,0.0,-5.431876295804978,0.014521548556513154,0.0408489964902401,0.027210602536797523,0.05071510002017021,0.0
461,3776512,33,27,0,6,0.8181818181818182,0.0,0.18181818181818182,0.00396699394332245,1.3611130967736245,0.0,-5.4489435136318205,0.014366594045714009,0.0406031496822834,0.026966791599988937,0.05048348754644394,0.0
462,3784704,36,29,0,7,0.8055555555555556,0.0,0.19444444444444445,0.0038801784976385534,1.0613970905542374,0.0,-5.464398229122162,0.011504775688808876,0.040461376309394836,0.026805205270648003,0.050409480929374695,0.0
463,3792896,36,33,1,2,0.9166666666666666,0.027777777777777776,0.05555555555555555,0.010364892822690309,1.144282405078411,0.0,-5.474920082092285,0.02486799653415801,0.040316544473171234,0.026848966255784035,0.05039585381746292,0.0
464,3801088,30,26,1,3,0.8666666666666667,0.03333333333333333,0.1,0.0026023966929642484,1.1758849248290062,0.0,-5.479161620140076,0.010316967850667425,0.0402960442006588,0.026784518733620644,0.050461091101169586,0.0
465,3809280,43,37,0,6,0.8604651162790697,0.0,0.13953488372093023,0.0030838843260426073,1.2105855725705623,0.0,-5.489656847715378,0.012337676872266456,0.040113817900419235,0.026613079011440277,0.05019966885447502,0.0
466,3817472,28,23,1,4,0.8214285714285714,0.03571428571428571,0.14285714285714285,0.003550422319676727,1.37740233913064,0.0,-5.510176694393158,0.011545153897895944,0.039748914539813995,0.02619091235101223,0.04995260015130043,0.0
467,3825664,31,26,0,5,0.8387096774193549,0.0,0.16129032258064516,0.002397540537640452,1.2428147450089455,0.0,-5.526969575881958,0.010488381709728855,0.03979785367846489,0.025988195091485977,0.05009249597787857,0.0
468,3833856,46,39,0,7,0.8478260869565217,0.0,0.15217391304347827,0.001318148011341691,1.6948256313800811,0.0,-5.535748451948166,0.010947049665264785,0.03961190953850746,0.02562389336526394,0.0500451996922493,0.0
469,3842048,31,26,0,5,0.8387096774193549,0.0,0.16129032258064516,0.0026120725960936397,0.8369927674531936,0.0,-5.549285578727722,0.009598369218292647,0.03951144963502884,0.025622736662626266,0.04985523968935013,0.0
470,3850240,32,26,0,6,0.8125,0.0,0.1875,0.0033663061505649237,0.8147343471646309,0.0,-5.556242579221726,0.012486338926828466,0.03939063474535942,0.025533080101013184,0.049684058874845505,0.0
471,3858432,36,32,0,4,0.8888888888888888,0.0,0.1111111111111111,0.005148576298961416,0.854529358446598,0.0,-5.563048475980759,0.012736138925538399,0.03937722370028496,0.02547566033899784,0.04980138689279556,0.0
472,3866624,29,24,0,5,0.8275862068965517,0.0,0.1724137931034483,0.004319397418294102,0.7064506083726882,0.0,-5.566658622026443,0.014431635447544977,0.03931787982583046,0.025377677753567696,0.04969464987516403,0.0
473,3874816,36,31,0,5,0.8611111111111112,0.0,0.1388888888888889,0.0027114425785839556,1.1728239469230175,0.0,-5.574262613058091,0.014600483667163645,0.039201389998197556,0.02518361434340477,0.04975990578532219,0.0
474,3883008,31,22,0,9,0.7096774193548387,0.0,0.2903225806451613,0.004733612877316773,1.0230481311678887,0.0,-5.595356947183609,0.01415317227365449,0.03884236514568329,0.024909047409892082,0.04937613010406494,0.0
475,3891200,41,34,0,7,0.8292682926829268,0.0,0.17073170731707318,0.0037724252557381987,1.1321411535143853,0.0,-5.614625746011734,0.011737698221986647,0.038727834820747375,0.024752603843808174,0.04944571107625961,0.0
476,3899392,32,27,0,5,0.84375,0.0,0.15625,0.003868157230317593,0.8460566952824593,0.0,-5.6229629695415495,0.011427377635845915,0.03864250332117081,0.02463991753757,0.049265772104263306,0.0
477,3907584,35,27,0,8,0.7714285714285715,0.0,0.22857142857142856,0.0030516050988808273,0.9302281022071839,0.0,-5.627159595489502,0.010161287912342231,0.038700856268405914,0.02449498325586319,0.04959671571850777,0.0
478,3915776,36,31,0,5,0.8611111111111112,0.0,0.1388888888888889,0.0034328138688579203,0.9799618318676948,0.0,-5.623151254653931,0.011485508608166129,0.03873872011899948,0.024702604860067368,0.04953107237815857,0.0
479,3923968,33,29,0,4,0.8787878787878788,0.0,0.12121212121212122,0.0023389694222714754,1.3595143154263496,0.0,-5.618557173013687,0.009438495030917694,0.03875131160020828,0.024639731273055077,0.049669813364744186,0.0
480,3932160,36,31,0,5,0.8611111111111112,0.0,0.1388888888888889,0.006657655193703249,1.2877214163541795,0.0,-5.633975964784622,0.014886554512486327,0.038446858525276184,0.02440294250845909,0.04931453987956047,0.0
481,3940352,32,26,0,6,0.8125,0.0,0.1875,0.0012040414731018245,1.4992791175842286,0.0,-5.658776247501374,0.0090243018057663,0.038070157170295715,0.02423742227256298,0.04854413494467735,0.0
482,3948544,31,22,0,9,0.7096774193548387,0.0,0.2903225806451613,0.00556630925857462,1.2915637582540511,0.0,-5.680659651756287,0.013103372944169678,0.03790067136287689,0.02402878738939762,0.048251450061798096,0.0
483,3956736,42,35,0,7,0.8333333333333334,0.0,0.16666666666666666,0.0034693204652285203,1.7318695306777954,0.0,-5.696048766374588,0.009201719563861843,0.037667904049158096,0.023867802694439888,0.04809219017624855,0.0
484,3964928,39,34,1,4,0.8717948717948718,0.02564102564102564,0.10256410256410256,0.003120443009538576,1.4295661330223084,0.0,-5.706623750925064,0.011973314646456856,0.03769400343298912,0.023763246834278107,0.04801567643880844,0.0
485,3973120,33,30,0,3,0.9090909090909091,0.0,0.09090909090909091,0.0006589779164642096,0.8671033918857575,0.0,-5.7181997239589695,0.012069147470174357,0.03734102100133896,0.023653890937566757,0.04743792116641998,0.0
486,3981312,32,28,1,3,0.875,0.03125,0.09375,0.003092030881089158,1.4378387175500393,0.0,-5.7351704895496365,0.016067948174895718,0.03733639419078827,0.02337430790066719,0.04755678027868271,0.0
487,3989504,29,24,0,5,0.8275862068965517,0.0,0.1724137931034483,0.002657585369888693,1.213861244916916,0.0,-5.743809109926223,0.014194290472369175,0.03714415058493614,0.023380683735013008,0.0472823865711689,0.0
488,3997696,48,42,0,6,0.875,0.0,0.125,0.006025144748855382,1.4193724736571312,0.0,-5.754012387990952,0.014681081990420352,0.03708101809024811,0.023359451442956924,0.047429222613573074,0.0
489,4005888,36,29,0,7,0.8055555555555556,0.0,0.19444444444444445,0.004825566196814179,1.2111213035881518,0.0,-5.76154408454895,0.013002288404095452,0.036922868341207504,0.023269744589924812,0.04727264866232872,0.0
490,4014080,37,31,1,5,0.8378378378378378,0.02702702702702703,0.13513513513513514,0.005827742157271132,1.6527753904461862,0.0,-5.771014785766601,0.017664158789557405,0.036886006593704224,0.023235345259308815,0.04731655865907669,0.0
491,4022272,27,23,1,3,0.8518518518518519,0.037037037037037035,0.1111111111111111,0.007214710768312216,1.259015791863203,0.0,-5.773105537891388,0.0181811536414898,0.03685113042593002,0.023300155997276306,0.047283731400966644,0.0
492,4030464,36,33,0,3,0.9166666666666666,0.0,0.08333333333333333,0.0033181255566887558,1.0604210391640663,0.0,-5.778014820814133,0.011465260622208007,0.03669734299182892,0.023519283160567284,0.047368500381708145,0.0
493,4038656,38,37,0,1,0.9736842105263158,0.0,0.02631578947368421,0.005053591320756823,1.2017770655453206,0.0,-5.789988952875137,0.015191050262365025,0.03650533780455589,0.023432381451129913,0.047417111694812775,0.0
494,4046848,36,24,2,10,0.6666666666666666,0.05555555555555555,0.2777777777777778,0.0052682455017929895,2.3713441759347917,0.0,-5.806224006414413,0.014941705648379867,0.036319732666015625,0.023320874199271202,0.04706285148859024,0.0
495,4055040,40,38,0,2,0.95,0.0,0.05,0.003874144406290725,1.4867633551359176,0.0,-5.821125733852386,0.012732923940347973,0.036137890070676804,0.023195715621113777,0.04685446619987488,0.0
496,4063232,40,33,2,5,0.825,0.05,0.125,0.0030557839723769574,1.6964388489723206,0.0,-5.837503510713577,0.010568007065739949,0.03596649318933487,0.023021867498755455,0.046874530613422394,0.0
497,4071424,30,24,0,6,0.8,0.0,0.2,0.0034049254085402937,1.4253629103302956,0.0,-5.852403151988983,0.012620206858264283,0.03580820560455322,0.02294214814901352,0.04672735184431076,0.0
498,4079616,36,33,1,2,0.9166666666666666,0.027777777777777776,0.05555555555555555,0.006107840331969783,1.406460388749838,0.0,-5.855575495958329,0.01539843145001214,0.03587200492620468,0.02299570105969906,0.04681216925382614,0.0
499,4087808,33,26,3,4,0.7878787878787878,0.09090909090909091,0.12121212121212122,0.005773059866623953,1.9031456276774406,0.0,-5.850991761684417,0.01715238561446313,0.03598611056804657,0.022850628942251205,0.047201674431562424,0.0
500,4096000,43,39,0,4,0.9069767441860465,0.0,0.09302325581395349,0.0012986334215383977,1.4298280984163285,0.0,-5.846051377058029,0.009203217262984254,0.03602750971913338,0.022819649428129196,0.04734291881322861,0.0
501,4104192,26,19,0,7,0.7307692307692307,0.0,0.2692307692307692,0.009022868541069328,0.8769613809883594,0.0,-5.846139413118363,0.016965838825854007,0.03600471839308739,0.0229620561003685,0.04759230464696884,0.0
502,4112384,39,34,0,5,0.8717948717948718,0.0,0.1282051282051282,0.001194497008691542,0.9833827927708626,0.0,-5.858270210027695,0.008671647316077724,0.03582724928855896,0.022555800154805183,0.04788690432906151,0.0
503,4120576,44,39,0,5,0.8863636363636364,0.0,0.11363636363636363,0.004810698033543304,1.071402046084404,0.0,-5.876656168699265,0.0154076089602313,0.035688143223524094,0.02234097756445408,0.047801852226257324,0.0
504,4128768,33,26,2,5,0.7878787878787878,0.06060606060606061,0.15151515151515152,0.004225552879506722,2.211228707432747,0.0,-5.895327270030975,0.015270601004885975,0.035472676157951355,0.022191530093550682,0.04759208858013153,0.0
505,4136960,29,26,1,2,0.896551724137931,0.034482758620689655,0.06896551724137931,0.00581891339388676,1.0955644428730011,0.0,-5.909957909584046,0.014531563885975629,0.035379163920879364,0.02193024940788746,0.04752973094582558,0.0
506,4145152,44,38,3,3,0.8636363636363636,0.06818181818181818,0.06818181818181818,0.005843866983195767,1.793629652261734,0.0,-5.909356319904328,0.015473578248929698,0.03553147241473198,0.022094910964369774,0.047789305448532104,0.0
507,4153344,35,28,2,5,0.8,0.05714285714285714,0.14285714285714285,0.004991113318828866,1.7288086399435998,0.0,-5.899861633777618,0.01573314642300829,0.035544853657484055,0.022139864042401314,0.047915179282426834,0.0
508,4161536,39,32,3,4,0.8205128205128205,0.07692307692307693,0.10256410256410256,0.0010190448520006612,1.780169276893139,0.0,-5.902582496404648,0.009967556051560678,0.035496946424245834,0.022142738103866577,0.04784253612160683,0.0
509,4169728,37,33,0,4,0.8918918918918919,0.0,0.10810810810810811,0.005896118440432474,1.1991006150841712,0.0,-5.90888420343399,0.015898930466210003,0.03538099676370621,0.022048192098736763,0.047811027616262436,0.0
510,4177920,30,24,2,4,0.8,0.06666666666666667,0.13333333333333333,0.005686571821570396,1.5309225492179395,0.0,-5.912707674503326,0.014934836798056494,0.03542282432317734,0.022149009630084038,0.0478333979845047,0.0
511,4186112,37,31,1,5,0.8378378378378378,0.02702702702702703,0.13513513513513514,0.005329916957998648,1.254818607121706,0.0,-5.906842654943466,0.016637607100710737,0.03544960170984268,0.022251764312386513,0.04768548160791397,0.0
512,4194304,35,28,1,6,0.8,0.02857142857142857,0.17142857142857143,0.00444381965789944,1.3466573178768158,0.0,-5.905574780702591,0.014555468680919148,0.03541707992553711,0.022149907425045967,0.047618307173252106,0.0
513,4202496,38,32,3,3,0.8421052631578947,0.07894736842105263,0.07894736842105263,0.001953503134427592,1.5684602499008178,0.0,-5.915695160627365,0.010232996796548832,0.03531802445650101,0.021984292194247246,0.0477442629635334,0.0
514,4210688,42,39,0,3,0.9285714285714286,0.0,0.07142857142857142,0.004666126822121442,0.6898807629942894,0.0,-5.921860110759735,0.014055362061480992,0.035317786037921906,0.02191310189664364,0.04773696884512901,0.0
515,4218880,35,28,0,7,0.8,0.0,0.2,0.0033398313506040724,0.8187369346618653,0.0,-5.92118667960167,0.012355917565582786,0.03530638664960861,0.02206728793680668,0.0475727915763855,0.0
516,4227072,37,34,1,2,0.918918918918919,0.02702702702702703,0.05405405405405406,0.004629302880493924,1.2604537196457386,0.0,-5.922621482610703,0.0159311743627768,0.03520819544792175,0.022140324115753174,0.047497935593128204,0.0
517,4235264,33,26,0,7,0.7878787878787878,0.0,0.21212121212121213,0.0025936064776033163,0.8996408380568027,0.0,-5.932266664505005,0.011489486430946272,0.035036079585552216,0.02201409824192524,0.04735064134001732,0.0
518,4243456,33,27,1,5,0.8181818181818182,0.030303030303030304,0.15151515151515152,0.004335871699731797,1.7939716264605523,0.0,-5.94529869556427,0.014515239080355968,0.03495611995458603,0.02196483686566353,0.0474499873816967,0.0
519,4251648,33,29,1,3,0.8787878787878788,0.030303030303030304,0.09090909090909091,0.0013121911964844913,2.317160615324974,0.0,-5.955052363872528,0.011444955530168954,0.03484969586133957,0.02177293412387371,0.04755476117134094,0.0
520,4259840,47,37,1,9,0.7872340425531915,0.02127659574468085,0.19148936170212766,0.0027569213416427374,1.2137870818376542,0.0,-5.9642712593078615,0.011029888220946305,0.034846674650907516,0.02158331498503685,0.04765598103404045,0.0
521,4268032,31,26,0,5,0.8387096774193549,0.0,0.16129032258064516,0.008578146470244973,0.9707673445343972,0.0,-5.9659312725067135,0.020037419753498396,0.034816525876522064,0.021674783900380135,0.0474134162068367,0.0
522,4276224,29,24,0,5,0.8275862068965517,0.0,0.1724137931034483,0.002691051276633516,1.3589592188596726,0.0,-5.9745910406112674,0.012137826580146793,0.034547775983810425,0.021632714197039604,0.04686681926250458,0.0
523,4284416,42,35,1,6,0.8333333333333334,0.023809523809523808,0.14285714285714285,0.007273600075859576,2.1387991860508917,0.0,-5.986994314193725,0.0171320373628987,0.0345347635447979,0.021547041833400726,0.046902839094400406,0.0
524,4292608,35,30,0,5,0.8571428571428571,0.0,0.14285714285714285,0.010072360801859758,1.3610640674829484,0.0,-5.9864561557769775,0.02169672204327071,0.03457173705101013,0.02160567045211792,0.046744827181100845,0.0
525,4300800,32,24,2,6,0.75,0.0625,0.1875,0.0024521110579371454,1.6324852846562863,0.0,-5.985282379388809,0.010309353664342779,0.034546222537755966,0.021546687930822372,0.04674597457051277,0.0
526,4308992,39,33,2,4,0.8461538461538461,0.05128205128205128,0.10256410256410256,0.004040222191542852,1.7580249577760696,0.0,-5.987435877323151,0.016428084038489034,0.03455476462841034,0.0215221606194973,0.04692501574754715,0.0
527,4317184,35,30,0,5,0.8571428571428571,0.0,0.14285714285714285,0.0054899400449357925,1.3304479360580443,0.0,-5.985053557157516,0.016097761390847155,0.03465676307678223,0.021486876532435417,0.047105319797992706,0.0
528,4325376,40,35,0,5,0.875,0.0,0.125,0.001084905446623452,1.0853264562785625,0.0,-5.993050092458725,0.009718172907014377,0.034390639513731,0.02115902304649353,0.04666189104318619,0.0
529,4333568,28,25,1,2,0.8928571428571429,0.03571428571428571,0.07142857142857142,0.002963079127948731,1.5991063833236694,0.0,-6.013450610637665,0.01131762939185137,0.034274615347385406,0.02104993723332882,0.04673309996724129,0.0
530,4341760,39,31,0,8,0.7948717948717948,0.0,0.20512820512820512,0.00413940901926253,1.414491555094719,0.0,-6.0198426425457,0.012562124987016431,0.03422572836279869,0.021152719855308533,0.046784721314907074,0.0
531,4349952,51,46,0,5,0.9019607843137255,0.0,0.09803921568627451,0.0033279011986451223,1.9964571192860603,0.0,-6.02358078956604,0.01467511819646461,0.03415338322520256,0.021151795983314514,0.046788714826107025,0.0
532,4358144,29,24,0,5,0.8275862068965517,0.0,0.1724137931034483,0.0029727821820415556,1.7820537745952607,0.0,-6.031091243028641,0.010632356171845459,0.03416465222835541,0.020972561091184616,0.047289568930864334,0.0
533,4366336,48,43,0,5,0.8958333333333334,0.0,0.10416666666666667,0.0018953464285004884,1.9384491339325904,0.0,-6.038365668058395,0.009026138718763833,0.03409770131111145,0.02085435763001442,0.04739280045032501,0.0
534,4374528,35,31,0,4,0.8857142857142857,0.0,0.11428571428571428,0.003678049921290949,0.9793608039617538,0.0,-6.048107939958572,0.011962585141009185,0.03398069366812706,0.02071969397366047,0.047223690897226334,0.0
535,4382720,30,27,0,3,0.9,0.0,0.1,0.0059681499958969654,0.9069368213415145,0.0,-6.055829179286957,0.014223122328985482,0.03397577628493309,0.020717283710837364,0.047402314841747284,0.0
536,4390912,45,40,1,4,0.8888888888888888,0.022222222222222223,0.08888888888888889,0.0023141942801885307,1.5840830132365227,0.0,-6.058963018655777,0.013185159824206493,0.033967744559049606,0.020546765998005867,0.047563523054122925,0.0
537,4399104,36,32,0,4,0.8888888888888888,0.0,0.1111111111111111,0.012714874098310246,0.9704625926911831,0.0,-6.0629994690418245,0.026902816881192847,0.03395845741033554,0.020510634407401085,0.04763347655534744,0.0
538,4407296,33,30,0,3,0.9090909090909091,0.0,0.09090909090909091,0.004498134285677224,0.6138902306556702,0.0,-6.058535391092301,0.014511516269703862,0.0341305211186409,0.02050897106528282,0.04806435480713844,0.0
539,4415488,43,37,0,6,0.8604651162790697,0.0,0.13953488372093023,0.005167879781220108,1.159486822783947,0.0,-6.057670927047729,0.015330645423091482,0.03397729620337486,0.020459113642573357,0.04787956178188324,0.0
540,4423680,38,32,1,5,0.8421052631578947,0.02631578947368421,0.13157894736842105,0.004282422782853246,1.1981170699000359,0.0,-6.074156528711319,0.013626058673253283,0.033750228583812714,0.02035774663090706,0.04770086705684662,0.0
541,4431872,31,25,0,6,0.8064516129032258,0.0,0.1935483870967742,0.0046869347192114216,1.1125423721969128,0.0,-6.091197067499161,0.01276642366865417,0.0336560383439064,0.020362254232168198,0.047799307852983475,0.0
542,4440064,43,36,1,6,0.8372093023255814,0.023255813953488372,0.13953488372093023,0.004645443515619263,1.3886278882622718,0.0,-6.098063284158707,0.018784283655986656,0.0336303785443306,0.020237931981682777,0.047980740666389465,0.0
543,4448256,32,28,1,3,0.875,0.03125,0.09375,0.006553264110698365,1.1515063807368278,0.0,-6.106187242269516,0.017700065186363644,0.033544328063726425,0.020245105028152466,0.04807112738490105,0.0
544,4456448,36,32,0,4,0.8888888888888888,0.0,0.1111111111111111,0.006480720971012488,1.2245346762239933,0.0,-6.110424929857254,0.018034260089916643,0.03357476741075516,0.020199118182063103,0.048151757568120956,0.0
545,4464640,44,37,1,6,0.8409090909090909,0.022727272727272728,0.13636363636363635,0.0029146611515898256,1.743610192835331,0.0,-6.119767588376999,0.011914376069034916,0.03343717381358147,0.01998569443821907,0.04839165881276131,0.0
546,4472832,39,32,2,5,0.8205128205128205,0.05128205128205128,0.1282051282051282,0.005860856943763792,1.3038775771856308,0.0,-6.124192494153976,0.01956369559338782,0.03350791335105896,0.020112168043851852,0.048448145389556885,0.0
547,4481024,25,22,0,3,0.88,0.0,0.12,0.00320348497480154,1.3794716984033584,0.0,-6.12523472905159,0.010840706928865984,0.03345194086432457,0.019988419488072395,0.04871971532702446,0.0
548,4489216,46,41,1,4,0.8913043478260869,0.021739130434782608,0.08695652173913043,0.0019144809164572507,1.5807750955224038,0.0,-6.140270209312439,0.01004773327440489,0.03333326801657677,0.01970043033361435,0.04901603236794472,0.0
549,4497408,36,32,0,4,0.8888888888888888,0.0,0.1111111111111111,0.005088398355292156,1.3914696112275124,0.0,-6.160521751642227,0.014697794253879692,0.0331670343875885,0.0195496566593647,0.04893828555941582,0.0
550,4505600,38,30,1,7,0.7894736842105263,0.02631578947368421,0.18421052631578946,0.004511914460454136,1.1821867302060127,0.0,-6.169350928068161,0.013946419380954467,0.033230870962142944,0.0194388497620821,0.049238625913858414,0.0
551,4513792,41,33,0,8,0.8048780487804879,0.0,0.1951219512195122,0.0041026882303413,1.2112846732139588,0.0,-6.177966743707657,0.013199262670241296,0.03298870474100113,0.019413093104958534,0.04904532805085182,0.0
552,4521984,41,36,0,5,0.8780487804878049,0.0,0.12195121951219512,0.003937188576674089,1.3534302026033402,0.0,-6.203711497783661,0.01163706931110937,0.03270122408866882,0.019203417003154755,0.04868536815047264,0.0
553,4530176,37,35,0,2,0.9459459459459459,0.0,0.05405405405405406,0.006209315807791427,1.8297102481126786,0.0,-6.22488009929657,0.018767581043357497,0.03262953460216522,0.01908961683511734,0.04884524270892143,0.0
554,4538368,38,31,0,7,0.8157894736842105,0.0,0.18421052631578946,0.0024786503752693536,1.4367200165987015,0.0,-6.234908640384674,0.011683818882738705,0.032578419893980026,0.0189219918102026,0.04914451763033867,0.0
555,4546560,43,39,1,3,0.9069767441860465,0.023255813953488372,0.06976744186046512,0.005071727832546458,1.4409309789538383,0.0,-6.2420082807540895,0.01646774747641757,0.03257119283080101,0.018859218806028366,0.049103476107120514,0.0
556,4554752,33,32,0,1,0.9696969696969697,0.0,0.030303030303030304,0.0045036979368887845,1.7293885976076127,0.0,-6.244397777318954,0.014556070875551086,0.03254780173301697,0.018832586705684662,0.049026504158973694,0.0
557,4562944,39,34,0,5,0.8717948717948718,0.0,0.1282051282051282,0.0031886306824162602,1.4119047299027443,0.0,-6.242609757184982,0.010846936954476406,0.03268638998270035,0.018645329400897026,0.04960429668426514,0.0
558,4571136,38,35,0,3,0.9210526315789473,0.0,0.07894736842105263,0.007436791152576916,1.9167099624872208,0.0,-6.2389869630336765,0.01900685139116831,0.03278396278619766,0.018759768456220627,0.04998406395316124,0.0
559,4579328,42,36,0,6,0.8571428571428571,0.0,0.14285714285714285,0.003180677129421383,1.0401647970080377,0.0,-6.228946071863175,0.013405395278823562,0.03294377028942108,0.018905850127339363,0.050511959940195084,0.0
560,4587520,31,28,0,3,0.9032258064516129,0.0,0.0967741935483871,0.004451795198838227,0.7057794019579887,0.0,-6.2300211727619175,0.014313639677129685,0.03279030695557594,0.01886792480945587,0.05056040734052658,0.0
561,4595712,40,35,0,5,0.875,0.0,0.125,0.003524204736459069,1.893816167116165,0.0,-6.239075195789337,0.012842630744853523,0.03290758281946182,0.018844757229089737,0.05090741440653801,0.0
562,4603904,51,47,0,4,0.9215686274509803,0.0,0.0784313725490196,0.004720233945408836,1.43295159637928,0.0,-6.237594670057296,0.01548042530339444,0.03276079520583153,0.018770333379507065,0.05042332783341408,0.0
563,4612096,37,34,0,3,0.918918918918919,0.0,0.08108108108108109,0.003382991359103471,1.2111857317388057,0.0,-6.244590836763382,0.012694359663873911,0.03271551802754402,0.01886737160384655,0.05034896731376648,0.0
564,4620288,32,27,0,5,0.84375,0.0,0.15625,0.005464652471709996,1.1203865341842174,0.0,-6.241704368591309,0.015453570229874458,0.03275654464960098,0.01905234530568123,0.05033460259437561,0.0
565,4628480,34,31,0,3,0.9117647058823529,0.0,0.08823529411764706,0.006238203140674159,1.6047390505671502,0.0,-6.236565053462982,0.015011958937975578,0.03278372809290886,0.019054625183343887,0.05044819787144661,0.0
566,4636672,48,44,1,3,0.9166666666666666,0.020833333333333332,0.0625,0.004542138334363699,1.3393404357135297,0.0,-6.231915390491485,0.015077282855054363,0.032925330102443695,0.019081702455878258,0.050877515226602554,0.0
567,4644864,26,21,0,5,0.8076923076923077,0.0,0.19230769230769232,0.004341836663661525,0.9307527974247932,0.0,-6.225117260217667,0.011532858008285985,0.03301859647035599,0.018980836495757103,0.05116673931479454,0.0
568,4653056,39,30,0,9,0.7692307692307693,0.0,0.23076923076923078,0.0007649899634998292,0.9160615995526313,0.0,-6.2211420118808745,0.008789799730584491,0.03304402157664299,0.019125841557979584,0.05123757943511009,0.0
569,4661248,44,36,0,8,0.8181818181818182,0.0,0.18181818181818182,0.00415774043649435,1.0678611256182193,0.0,-6.224432343244553,0.012259668768092525,0.03294076770544052,0.018985897302627563,0.050977226346731186,0.0
570,4669440,43,37,0,6,0.8604651162790697,0.0,0.13953488372093023,0.005520308058476075,0.7689903452992439,0.0,-6.232092726230621,0.01402986464818241,0.032908789813518524,0.018946154043078423,0.05106234923005104,0.0
571,4677632,41,34,0,7,0.8292682926829268,0.0,0.17073170731707318,0.005404512805398554,0.8105094999074935,0.0,-6.238908433914185,0.014935743145179004,0.03280515596270561,0.018900536000728607,0.05087906867265701,0.0
572,4685824,37,33,0,4,0.8918918918918919,0.0,0.10810810810810811,0.005532630399102345,1.0667999722063541,0.0,-6.2528213381767275,0.014718949898087886,0.03260643780231476,0.018811361864209175,0.050517186522483826,0.0
573,4694016,34,32,0,2,0.9411764705882353,0.0,0.058823529411764705,0.004798701719846576,1.1673380814492702,0.0,-6.263543140888214,0.013436457002535462,0.03253531455993652,0.018753398209810257,0.05042257159948349,0.0
574,4702208,31,27,0,4,0.8709677419354839,0.0,0.12903225806451613,0.004025439248653129,1.3320168897509574,0.0,-6.258509546518326,0.01666309821011964,0.032789960503578186,0.01869654841721058,0.051055971533060074,0.0
575,4710400,47,41,0,6,0.8723404255319149,0.0,0.1276595744680851,0.0018473379663191737,1.1717286087572574,0.0,-6.25284395813942,0.011540630306990351,0.032748088240623474,0.01870967634022236,0.051167264580726624,0.0
576,4718592,40,33,0,7,0.825,0.0,0.175,0.005061142437625676,1.0782272279262544,0.0,-6.260068082809449,0.01585886707616737,0.032737236469984055,0.01861168071627617,0.05140453949570656,0.0
577,4726784,40,35,0,5,0.875,0.0,0.125,0.003338511876063421,1.0799839459359646,0.0,-6.262023258209228,0.00946798955410486,0.03282216191291809,0.018610460683703423,0.05169588699936867,0.0
578,4734976,40,36,0,4,0.9,0.0,0.1,0.003648142016027123,1.347189447283745,0.0,-6.258999443054199,0.012576586910290644,0.03286566212773323,0.018605491146445274,0.05196823924779892,0.0
579,4743168,46,43,0,3,0.9347826086956522,0.0,0.06521739130434782,0.00543925185338594,1.2919150494039058,0.0,-6.264024168252945,0.018103827560844367,0.03274070844054222,0.018559088930487633,0.05172233283519745,0.0
580,4751360,38,35,0,3,0.9210526315789473,0.0,0.07894736842105263,0.006658221274847165,0.9456216976046562,0.0,-6.273676735162735,0.01865437343658414,0.032654620707035065,0.0186352226883173,0.0517035536468029,0.0
581,4759552,38,35,1,2,0.9210526315789473,0.02631578947368421,0.05263157894736842,0.0035596903297118844,1.6617399856448174,0.0,-6.282762295007705,0.012545665667857975,0.032594598829746246,0.01847539097070694,0.05178338661789894,0.0
582,4767744,36,35,1,0,0.9722222222222222,0.027777777777777776,0.0,0.0018193277181126177,1.062101784348488,0.0,-6.285308891534806,0.013192346290452406,0.03263290598988533,0.01858549751341343,0.051839109510183334,0.0
583,4775936,42,38,0,4,0.9047619047619048,0.0,0.09523809523809523,0.003809405886568129,0.9750507041811943,0.0,-6.284233975410461,0.012375233591592405,0.03258150815963745,0.018595319241285324,0.05182787403464317,0.0
584,4784128,39,36,0,3,0.9230769230769231,0.0,0.07692307692307693,0.00848162074398715,0.9334507316350937,0.0,-6.289761716127396,0.01897085966047598,0.032505642622709274,0.018611334264278412,0.051582593470811844,0.0
585,4792320,46,43,1,2,0.9347826086956522,0.021739130434782608,0.043478260869565216,0.0047378534974996,1.6248674109578132,0.0,-6.296547019481659,0.01536258763371734,0.03247520327568054,0.018480198457837105,0.05176452547311783,0.0
586,4800512,37,34,1,2,0.918918918918919,0.02702702702702703,0.05405405405405406,0.0041985841264249755,1.31754712164402,0.0,-6.30711367726326,0.01356258204759797,0.03235458955168724,0.018387120217084885,0.05159363895654678,0.0
587,4808704,42,37,0,5,0.8809523809523809,0.0,0.11904761904761904,0.003538439571275376,1.1880803547799588,0.0,-6.317350298166275,0.014198390860110521,0.03228249400854111,0.018238162621855736,0.05163959041237831,0.0
588,4816896,39,37,0,2,0.9487179487179487,0.0,0.05128205128205128,0.009465582791017368,1.0564805082976818,0.0,-6.329579830169678,0.023415406739513856,0.03221149370074272,0.018214236944913864,0.05159763619303703,0.0
589,4825088,32,30,0,2,0.9375,0.0,0.0625,0.009133356669917703,1.9401690542697907,0.0,-6.335031938552857,0.02202397751971148,0.032115545123815536,0.018178418278694153,0.05143699049949646,0.0
590,4833280,44,39,0,5,0.8863636363636364,0.0,0.11363636363636363,0.0036839110776782035,1.2992954596877098,0.0,-6.334802812337875,0.013604731905797963,0.032322078943252563,0.018078317865729332,0.052036773413419724,0.0
591,4841472,39,37,1,1,0.9487179487179487,0.02564102564102564,0.02564102564102564,0.005425189348170534,2.4068627059459686,0.0,-6.330481415987014,0.019975918068666942,0.032330699265003204,0.01815473474562168,0.05236883461475372,0.0
592,4849664,47,44,1,2,0.9361702127659575,0.02127659574468085,0.0425531914893617,0.0038905789784621446,1.1029752656817435,0.0,-6.339855927228927,0.010749589616898448,0.03222455829381943,0.0180472694337368,0.05226528272032738,0.0
593,4857856,42,39,2,1,0.9285714285714286,0.047619047619047616,0.023809523809523808,0.007995525529258885,1.8993685007095338,0.0,-6.345223605632782,0.021840686014911626,0.032231222838163376,0.018034080043435097,0.05227852985262871,0.0
594,4866048,47,42,2,3,0.8936170212765957,0.0425531914893617,0.06382978723404255,0.0031274127279175444,2.0007957726716996,0.0,-6.340018528699875,0.010334720999526325,0.032324593514204025,0.01803973875939846,0.05244744196534157,0.0
595,4874240,33,31,2,0,0.9393939393939394,0.06060606060606061,0.0,0.004324356117285788,1.8789327085018157,0.0,-6.334393656253814,0.014067937854269985,0.03246340528130531,0.018036315217614174,0.052880991250276566,0.0
596,4882432,57,51,1,5,0.8947368421052632,0.017543859649122806,0.08771929824561403,0.0028096197580453008,1.8319434747099876,0.0,-6.325025999546051,0.013734982215100899,0.03262565657496452,0.01790234073996544,0.05334305763244629,0.0
597,4890624,30,29,1,0,0.9666666666666667,0.03333333333333333,0.0,0.003995253756875173,1.2094549059867858,0.0,-6.332396286725998,0.016630262396938635,0.03252295404672623,0.017710646614432335,0.05346262827515602,0.0
598,4898816,32,29,0,3,0.90625,0.0,0.09375,0.005813305912306532,1.6740297004580498,0.0,-6.341247230768204,0.017201567671145314,0.03254171460866928,0.017648303881287575,0.05356018617749214,0.0
599,4907008,43,40,0,3,0.9302325581395349,0.0,0.06976744186046512,0.003916598233627155,1.32422376871109,0.0,-6.347097772359848,0.01367986198165454,0.03236031532287598,0.017764411866664886,0.053169358521699905,0.0
600,4915200,40,32,0,8,0.8,0.0,0.2,0.00637566540390253,1.578500896692276,0.0,-6.355722880363464,0.02191017443401506,0.03231482580304146,0.017615187913179398,0.0530523955821991,0.0
601,4923392,41,34,0,7,0.8292682926829268,0.0,0.17073170731707318,0.004744499392108992,0.9446094363927842,0.0,-6.363831496238708,0.014537725906120614,0.032237179577350616,0.017447810620069504,0.05303792655467987,0.0
602,4931584,44,36,0,8,0.8181818181818182,0.0,0.18181818181818182,0.003399026824627072,1.7531106352806092,0.0,-6.3753389656543735,0.012717882794095203,0.03219686821103096,0.017298975959420204,0.05331923067569733,0.0
603,4939776,44,40,3,1,0.9090909090909091,0.06818181818181818,0.022727272727272728,0.0031183626560959965,2.330137977004051,0.0,-6.382002681493759,0.01667551524733426,0.03225579857826233,0.017253436148166656,0.053568869829177856,0.0
604,4947968,33,31,0,2,0.9393939393939394,0.0,0.06060606060606061,0.006522018351824954,1.8052651762962342,0.0,-6.384195339679718,0.017929666860436556,0.03225408121943474,0.01713782362639904,0.053644903004169464,0.0
605,4956160,41,39,1,1,0.9512195121951219,0.024390243902439025,0.024390243902439025,0.002948673942591995,1.2189020052552224,0.0,-6.387498050928116,0.012707187490013894,0.03224300965666771,0.017101017758250237,0.053628869354724884,0.0
606,4964352,39,33,4,2,0.8461538461538461,0.10256410256410256,0.05128205128205128,0.0053785910102305936,1.6948903396725654,0.0,-6.384278935194016,0.016508860379690304,0.03230781480669975,0.017121300101280212,0.05366751179099083,0.0
607,4972544,48,43,2,3,0.8958333333333334,0.041666666666666664,0.0625,0.004060254301293753,2.00032801926136,0.0,-6.3840723693370816,0.012837475842388812,0.03224606066942215,0.016986491158604622,0.053635068237781525,0.0
608,4980736,48,45,2,1,0.9375,0.041666666666666664,0.020833333333333332,0.0035926981130614878,2.0440840497612953,0.0,-6.393979775905609,0.016605509254441132,0.03206450864672661,0.016948683187365532,0.05303196236491203,0.0
609,4988928,33,30,1,2,0.9090909090909091,0.030303030303030304,0.06060606060606061,0.011426905856933445,1.6613431945443153,0.0,-6.401932978630066,0.025993816590926144,0.03202076256275177,0.016910096630454063,0.052950698882341385,0.0
610,4997120,37,33,0,4,0.8918918918918919,0.0,0.10810810810810811,0.003286221658345312,1.1527126148343085,0.0,-6.404955941438675,0.0156778284770553,0.031980786472558975,0.016878437250852585,0.052817825227975845,0.0
611,5005312,48,45,1,2,0.9375,0.020833333333333332,0.041666666666666664,0.0025471598986769096,1.49720009714365,0.0,-6.414497065544128,0.011904609603516293,0.03178102895617485,0.016753077507019043,0.05241915583610535,0.0
612,5013504,35,33,0,2,0.9428571428571428,0.0,0.05714285714285714,0.0032795755425468085,1.3539697751402855,0.0,-6.427725839614868,0.011227303971827496,0.03177163749933243,0.016686879098415375,0.052540458738803864,0.0
613,5021696,46,40,0,6,0.8695652173913043,0.0,0.13043478260869565,0.004763160817674361,0.995174515992403,0.0,-6.435650366544723,0.014143915247404947,0.031591858714818954,0.016686217859387398,0.0523216649889946,0.0
614,5029888,45,39,1,5,0.8666666666666667,0.022222222222222223,0.1111111111111111,0.003349579946370795,2.3406881615519524,0.0,-6.449953538179398,0.012676983315031976,0.03156500682234764,0.01659439131617546,0.05233083292841911,0.0
615,5038080,33,32,0,1,0.9696969696969697,0.0,0.030303030303030304,0.0025125311833107842,0.8054307013750076,0.0,-6.455683028697967,0.014603822221397422,0.03147080913186073,0.01646808721125126,0.052225511521101,0.0
616,5046272,49,45,1,3,0.9183673469387755,0.02040816326530612,0.061224489795918366,0.003139232669491321,1.763574443757534,0.0,-6.456350743770599,0.012883454088296276,0.03167256712913513,0.016438234597444534,0.052700743079185486,0.0
617,5054464,36,33,0,3,0.9166666666666666,0.0,0.08333333333333333,0.005165420126286335,1.1758785344660283,0.0,-6.452782768011093,0.01233739450253779,0.031508851796388626,0.01644262485206127,0.05231451615691185,0.0
618,5062656,42,39,1,2,0.9285714285714286,0.023809523809523808,0.047619047619047616,0.004077023611171171,1.436663456261158,0.0,-6.472138911485672,0.01788366182881873,0.03133847936987877,0.016318637877702713,0.05221300944685936,0.0
619,5070848,43,37,1,5,0.8604651162790697,0.023255813953488372,0.11627906976744186,0.007001868303632364,1.7775558263063431,0.0,-6.480611127614975,0.01896705354884034,0.03138346970081329,0.016349080950021744,0.05245324596762657,0.0
620,5079040,37,35,0,2,0.9459459459459459,0.0,0.05405405405405406,0.00597241388168186,1.3823927864432335,0.0,-6.479190242290497,0.01972253879212076,0.03142046555876732,0.016276221722364426,0.05251333490014076,0.0
621,5087232,49,46,0,3,0.9387755102040817,0.0,0.061224489795918366,0.0026698605099227278,1.140212868899107,0.0,-6.480340421199799,0.015870425588218495,0.03139578551054001,0.016168465837836266,0.05253015086054802,0.0
622,5095424,40,35,0,5,0.875,0.0,0.125,0.004211605753516779,1.303070455044508,0.0,-6.475462025403976,0.01552799608471105,0.03158833086490631,0.016241619363427162,0.05290338769555092,0.0
623,5103616,42,41,0,1,0.9761904761904762,0.0,0.023809523809523808,0.0021938222576864063,1.186156477034092,0.0,-6.472688430547715,0.012823530244349967,0.03134820610284805,0.016258016228675842,0.05228827893733978,0.0
624,5111808,38,34,0,4,0.8947368421052632,0.0,0.10526315789473684,0.003700601065065712,0.733503483980894,0.0,-6.484022390842438,0.014584597533394117,0.031336549669504166,0.01624326966702938,0.05227453261613846,0.0
625,5120000,43,37,0,6,0.8604651162790697,0.0,0.13953488372093023,0.002302194299409166,1.2943715393543243,0.0,-6.488196307420731,0.011520935234148055,0.031230105087161064,0.01614641584455967,0.05199211835861206,0.0
626,5128192,38,38,0,0,1.0,0.0,0.0,0.0030918315169401467,1.7153770923614502,0.0,-6.489455729722977,0.014464087257510982,0.03130558878183365,0.016186602413654327,0.0521802082657814,0.0
627,5136384,37,34,1,2,0.918918918918919,0.02702702702702703,0.05405405405405406,0.00683451178483665,1.3749535031616689,0.0,-6.4887015402317045,0.017546223930548877,0.0313090942800045,0.01615118235349655,0.052391842007637024,0.0
628,5144576,42,35,0,7,0.8333333333333334,0.0,0.16666666666666666,0.008169314463157207,1.2164404168725014,0.0,-6.492340135574341,0.019031872060440946,0.031288642436265945,0.016221703961491585,0.05230895057320595,0.0
629,5152768,47,40,3,4,0.851063829787234,0.06382978723404255,0.0851063829787234,0.003983740849071183,2.0563326209783552,0.0,-6.495679211616516,0.011858506081625819,0.03120604157447815,0.016165537759661674,0.05228768289089203,0.0
630,5160960,35,31,0,4,0.8857142857142857,0.0,0.11428571428571428,0.0048856749606784435,1.2656519539654254,0.0,-6.501429069042206,0.01568252216675319,0.031204983592033386,0.016119707375764847,0.05224005505442619,0.0
631,5169152,42,37,1,4,0.8809523809523809,0.023809523809523808,0.09523809523809523,0.005534319399157539,1.7599836811423302,0.0,-6.507144343852997,0.016939962052856573,0.03110567294061184,0.01608024723827839,0.052088137716054916,0.0
632,5177344,49,48,0,1,0.9795918367346939,0.0,0.02040816326530612,0.005876053491374478,1.3616979211568832,0.0,-6.51520614027977,0.021046380669577047,0.03110044077038765,0.015958352014422417,0.052279964089393616,0.0
633,5185536,41,37,0,4,0.9024390243902439,0.0,0.0975609756097561,0.006994176044827327,1.133262064307928,0.0,-6.520606970787048,0.021583417674992233,0.031099913641810417,0.01585712470114231,0.052329063415527344,0.0
634,5193728,35,34,0,1,0.9714285714285714,0.0,0.02857142857142857,0.004463891434716061,1.3765730485320091,0.0,-6.516502732038498,0.01288136390503496,0.031265050172805786,0.015865042805671692,0.05279123783111572,0.0
635,5201920,56,53,0,3,0.9464285714285714,0.0,0.05357142857142857,0.0027084052009740843,1.9083476841449738,0.0,-6.516033720970154,0.01589881241961848,0.03125747665762901,0.015839576721191406,0.053124770522117615,0.0
636,5210112,40,39,1,0,0.975,0.025,0.0,0.007226476731011644,1.33848509863019,0.0,-6.520288437604904,0.02441617275471799,0.031363144516944885,0.015725331380963326,0.0535706989467144,0.0
637,5218304,39,36,0,3,0.9230769230769231,0.0,0.07692307692307693,0.0036044261185452344,1.300876384973526,0.0,-6.517571747303009,0.01342118897009641,0.03139689937233925,0.015715735033154488,0.05355432629585266,0.0
638,5226496,48,46,1,1,0.9583333333333334,0.020833333333333332,0.020833333333333332,0.007539852900663391,1.7316980421543122,0.0,-6.517294985055924,0.01709065795002971,0.031425464898347855,0.015723058953881264,0.05379674583673477,0.0
639,5234688,38,35,2,1,0.9210526315789473,0.05263157894736842,0.02631578947368421,0.004751620613387786,1.2859285444021225,0.0,-6.518714642524719,0.01624207376880804,0.03146914765238762,0.01569325476884842,0.0541946142911911,0.0
640,5242880,33,32,0,1,0.9696969696969697,0.0,0.030303030303030304,0.0027216769725782798,1.4111325174570084,0.0,-6.5221235871315,0.010937720039510167,0.031526319682598114,0.01559036411345005,0.0545169822871685,0.0
641,5251072,48,42,2,4,0.875,0.041666666666666664,0.08333333333333333,0.003711093426682055,1.6232221573591232,0.0,-6.512748485803604,0.011454033802147023,0.03174028545618057,0.01566627062857151,0.05495171248912811,0.0
642,5259264,41,38,0,3,0.926829268292683,0.0,0.07317073170731707,0.007176426507066935,1.1307387113571168,0.0,-6.508974838256836,0.018284643268270884,0.03175019845366478,0.015579735860228539,0.05522757023572922,0.0
643,5267456,37,34,1,2,0.918918918918919,0.02702702702702703,0.05405405405405406,0.007621514145284891,1.3552078276872634,0.0,-6.515107196569443,0.02321745689114323,0.03168026730418205,0.015534973703324795,0.05500026047229767,0.0
644,5275648,49,45,2,2,0.9183673469387755,0.04081632653061224,0.04081632653061224,0.003754981869133189,2.1298825845122336,0.0,-6.526764583587647,0.012786802097980398,0.03150384500622749,0.015402229502797127,0.05474225431680679,0.0
645,5283840,43,42,0,1,0.9767441860465116,0.0,0.023255813953488372,0.004396687156986445,1.2730226255953312,0.0,-6.537916725873947,0.014245968018076382,0.03160425275564194,0.015368188731372356,0.05537199601531029,0.0
646,5292032,33,32,1,0,0.9696969696969697,0.030303030303030304,0.0,0.0056634400389157236,1.8290685296058655,0.0,-6.542004090547562,0.013978012358711567,0.03161503002047539,0.015310252085328102,0.05560304597020149,0.0
647,5300224,48,42,2,4,0.875,0.041666666666666664,0.08333333333333333,0.005778750107856468,1.399230144917965,0.0,-6.5586166203022005,0.022401646101207005,0.03136575222015381,0.015234631486237049,0.05531349033117294,0.0
648,5308416,45,42,1,2,0.9333333333333333,0.022222222222222223,0.044444444444444446,0.004333224071888253,1.8787235990166664,0.0,-6.576519131660461,0.014944725556415506,0.031203053891658783,0.01526052225381136,0.054986417293548584,0.0
649,5316608,39,37,0,2,0.9487179487179487,0.0,0.05128205128205128,0.0020568064850522206,1.7893280789256096,0.0,-6.587363344430924,0.011492645145335701,0.03111402504146099,0.015283919870853424,0.054825980216264725,0.0
650,5324800,43,39,0,4,0.9069767441860465,0.0,0.09302325581395349,0.0032171972736250607,1.6122932627797126,0.0,-6.595441979169846,0.014153694923152216,0.03108096495270729,0.015312464907765388,0.05504488945007324,0.0
651,5332992,42,39,2,1,0.9285714285714286,0.047619047619047616,0.023809523809523808,0.003930766938719898,1.6648873656988143,0.0,-6.599033844470978,0.01540468717867043,0.03109653852880001,0.015301136299967766,0.055112846195697784,0.0
652,5341184,39,38,0,1,0.9743589743589743,0.0,0.02564102564102564,0.004462129587773233,0.9703072920441628,0.0,-6.599405062198639,0.013983947387896479,0.031109608709812164,0.015287922695279121,0.05524849891662598,0.0
653,5349376,43,41,0,2,0.9534883720930233,0.0,0.046511627906976744,0.0036618570738937706,1.6925583317875863,0.0,-6.605188626050949,0.014766699963365682,0.031031493097543716,0.015261795371770859,0.055127065628767014,0.0
654,5357568,37,34,0,3,0.918918918918919,0.0,0.08108108108108109,0.00337842449080199,1.484436672925949,0.0,-6.604304254055023,0.013375607086345553,0.03116389736533165,0.015300209634006023,0.055406149476766586,0.0
655,5365760,40,36,0,4,0.9,0.0,0.1,0.004248998721595854,1.2742576763033866,0.0,-6.604885870218277,0.011733587765775155,0.031111549586057663,0.015115599147975445,0.05553583800792694,0.0
656,5373952,43,38,0,5,0.8837209302325582,0.0,0.11627906976744186,0.0035051319806370883,0.7454393811523914,0.0,-6.615260934829712,0.013831752100668383,0.03116558864712715,0.01501312293112278,0.05598420649766922,0.0
657,5382144,46,42,0,4,0.9130434782608695,0.0,0.08695652173913043,0.005073195483419113,1.1257596999406814,0.0,-6.611088293790817,0.017506150413828435,0.03141859918832779,0.01502278447151184,0.05670243501663208,0.0
658,5390336,35,32,0,3,0.9142857142857143,0.0,0.08571428571428572,0.005981485577649437,0.6335263557732105,0.0,-6.601542967557907,0.01519269775453722,0.031440652906894684,0.015100225806236267,0.05669887736439705,0.0
659,5398528,47,40,0,7,0.851063829787234,0.0,0.14893617021276595,0.0029393579985480755,1.3553896963596344,0.0,-6.603478616476059,0.011703298655629624,0.0313444547355175,0.015163106843829155,0.05657230317592621,0.0
660,5406720,36,34,0,2,0.9444444444444444,0.0,0.05555555555555555,0.00594891668879427,1.0498191870748996,0.0,-6.612414878606796,0.013058033201377838,0.031213192269206047,0.015068174339830875,0.05625930801033974,0.0
661,5414912,37,33,0,4,0.8918918918918919,0.0,0.10810810810810811,0.004159798315959052,1.0879148460924626,0.0,-6.622115367650986,0.011872768124158028,0.031179672107100487,0.014931428246200085,0.05623173341155052,0.0
662,5423104,49,47,0,2,0.9591836734693877,0.0,0.04081632653061224,0.005320697254501283,1.6202223360538484,0.0,-6.631064230203629,0.015138957856106573,0.031134074553847313,0.014804927632212639,0.05625084415078163,0.0
663,5431296,42,39,0,3,0.9285714285714286,0.0,0.07142857142857142,0.0045291176240425555,0.9148922935128212,0.0,-6.637895840406418,0.013897096150321886,0.03106125257909298,0.014805760234594345,0.056071940809488297,0.0
664,5439488,30,28,0,2,0.9333333333333333,0.0,0.06666666666666667,0.004381314417696558,1.1349168367683888,0.0,-6.642820507287979,0.016632382065290587,0.03098432719707489,0.014832336455583572,0.0559673085808754,0.0
665,5447680,50,47,1,2,0.94,0.02,0.04,0.005148825232754462,1.3929433718323707,0.0,-6.642219579219818,0.014901035564253106,0.031019598245620728,0.014869160018861294,0.05592213198542595,0.0
666,5455872,34,28,0,6,0.8235294117647058,0.0,0.17647058823529413,0.00408604164258577,1.3994854718446732,0.0,-6.638132637739181,0.015524907676444854,0.0309781264513731,0.014882381074130535,0.05560913309454918,0.0
667,5464064,37,35,0,2,0.9459459459459459,0.0,0.05405405405405406,0.006090539024444297,1.452150371670723,0.0,-6.639531672000885,0.01612098779878579,0.030853498727083206,0.014900538139045238,0.0552232563495636,0.0
668,5472256,50,48,0,2,0.96,0.0,0.04,0.006308710027951747,1.260648101568222,0.0,-6.648430502414703,0.01668190043710638,0.03083309903740883,0.014862794429063797,0.05539274215698242,0.0
669,5480448,36,32,1,3,0.8888888888888888,0.027777777777777776,0.08333333333333333,0.004583899205317721,2.0428407594561575,0.0,-6.654584246873855,0.015044387240777723,0.030857376754283905,0.014790073968470097,0.05565067380666733,0.0
670,5488640,51,45,0,6,0.8823529411764706,0.0,0.11764705882352941,0.0035342959337867795,1.1847346112132073,0.0,-6.659313547611236,0.015500360517762601,0.030757948756217957,0.014733010903000832,0.055273059755563736,0.0
671,5496832,41,39,0,2,0.9512195121951219,0.0,0.04878048780487805,0.005387361877365038,0.991294713318348,0.0,-6.661366367340088,0.01389501934463624,0.030805712565779686,0.014756775461137295,0.05553188920021057,0.0
672,5505024,33,30,0,3,0.9090909090909091,0.0,0.09090909090909091,0.003202242834959179,0.9416347578167915,0.0,-6.654899877309799,0.011193844325316605,0.030936479568481445,0.014812631532549858,0.0557372085750103,0.0
673,5513216,40,36,1,3,0.9,0.025,0.075,0.0035509990935679524,1.8364694505929946,0.0,-6.649996823072433,0.013513836976198946,0.030987095087766647,0.01469416357576847,0.056036513298749924,0.0
674,5521408,50,45,0,5,0.9,0.0,0.1,0.005818220862420276,1.2708464287221433,0.0,-6.655809926986694,0.01690234246489126,0.030883967876434326,0.014621620066463947,0.05577782168984413,0.0
675,5529600,37,34,0,3,0.918918918918919,0.0,0.08108108108108109,0.005341152776964009,1.0417474403977394,0.0,-6.667512226104736,0.017801853541459422,0.03080935776233673,0.014516711235046387,0.055938590317964554,0.0
676,5537792,45,40,0,5,0.8888888888888888,0.0,0.1111111111111111,0.006205655098892748,1.53027236610651,0.0,-6.678376346826553,0.023292157477408183,0.030845781788229942,0.014511722140014172,0.056191008538007736,0.0
677,5545984,40,38,0,2,0.95,0.0,0.05,0.004471276316326112,1.060751347988844,0.0,-6.676781624555588,0.013553916127420962,0.030894029885530472,0.014584380201995373,0.0562763437628746,0.0
678,5554176,45,42,0,3,0.9333333333333333,0.0,0.06666666666666667,0.0039944991352967914,0.9500287145376205,0.0,-6.667682099342346,0.010817955128732137,0.030988581478595734,0.014628203585743904,0.056380439549684525,0.0
679,5562368,37,34,0,3,0.918918918918919,0.0,0.08108108108108109,0.005738895176909864,1.1990474410355092,0.0,-6.664087027311325,0.01763642281439388,0.03106767311692238,0.014508601278066635,0.05678386613726616,0.0
680,5570560,47,43,0,4,0.9148936170212766,0.0,0.0851063829787234,0.00274660853901878,1.7029027566313744,0.0,-6.661304777860641,0.011655446066288277,0.031155025586485863,0.014518504962325096,0.05695595219731331,0.0
681,5578752,37,30,1,6,0.8108108108108109,0.02702702702702703,0.16216216216216217,0.00432781578565482,1.4875229358673097,0.0,-6.656837767362594,0.014553422678727657,0.031146226450800896,0.014558025635778904,0.05690513551235199,0.0
682,5586944,42,39,1,2,0.9285714285714286,0.023809523809523808,0.047619047619047616,0.0041849143744912,1.7696696445345879,0.0,-6.664792114496231,0.016166321883792988,0.031008552759885788,0.014414598233997822,0.05661023035645485,0.0
683,5595136,40,39,0,1,0.975,0.0,0.025,0.005151017050957307,1.1358006022870542,0.0,-6.668133211135864,0.016243136498087552,0.031116634607315063,0.014352773316204548,0.05684373527765274,0.0
684,5603328,38,36,0,2,0.9473684210526315,0.0,0.05263157894736842,0.00589419205498416,1.072650396078825,0.0,-6.665417492389679,0.017613665698445403,0.031202051788568497,0.014190077781677246,0.05726373940706253,0.0
685,5611520,35,30,0,5,0.8571428571428571,0.0,0.14285714285714285,0.003823971119709313,1.121000634878874,0.0,-6.674172508716583,0.012922423626878298,0.031159743666648865,0.014147150330245495,0.05743005499243736,0.0
686,5619712,40,34,0,6,0.85,0.0,0.15,0.005790518914000131,1.0094083473086357,0.0,-6.678238463401795,0.015541516478697304,0.031237971037626266,0.014191045425832272,0.057750772684812546,0.0
687,5627904,40,37,0,3,0.925,0.0,0.075,0.007845471426844598,1.0193746611475945,0.0,-6.675081962347031,0.019425313599640504,0.03132679685950279,0.014216241426765919,0.05812790244817734,0.0
688,5636096,37,29,0,8,0.7837837837837838,0.0,0.21621621621621623,0.003620810981374234,1.1678127929568292,0.0,-6.682034605741501,0.014512325875693932,0.031079977750778198,0.014226649887859821,0.057482410222291946,0.0
689,5644288,44,39,0,5,0.8863636363636364,0.0,0.11363636363636363,0.0033008863450959326,1.0847561843693256,0.0,-6.685876756906509,0.010850846550602,0.03116758167743683,0.014230361208319664,0.05756222829222679,0.0
690,5652480,35,30,0,5,0.8571428571428571,0.0,0.14285714285714285,0.003734588186489418,1.0811634615063668,0.0,-6.678818488121033,0.012348009207926225,0.031230030581355095,0.01417302992194891,0.057747211307287216,0.0
691,5660672,51,45,0,6,0.8823529411764706,0.0,0.11764705882352941,0.0030035453441087157,1.344649963080883,0.0,-6.674514245986939,0.011550903499301057,0.031298890709877014,0.014211896806955338,0.057819921523332596,0.0
692,5668864,46,41,0,5,0.8913043478260869,0.0,0.10869565217391304,0.003332524123834446,1.3978830575942993,0.0,-6.672612142562866,0.013267988042207435,0.0312734954059124,0.014155253767967224,0.05780302360653877,0.0
693,5677056,39,36,0,3,0.9230769230769231,0.0,0.07692307692307693,0.005475708772428334,0.9011671863496303,0.0,-6.675605028867722,0.017857776385790204,0.03136404976248741,0.014018801972270012,0.05826617032289505,0.0
694,5685248,40,38,0,2,0.95,0.0,0.05,0.002217146335169673,1.2663212612271308,0.0,-6.6819924175739285,0.013344681222224607,0.031347014009952545,0.014024290256202221,0.05836545303463936,0.0
695,5693440,45,40,0,5,0.8888888888888888,0.0,0.1111111111111111,0.00548323011607863,1.215005672723055,0.0,-6.682885283231736,0.016107724281027913,0.03137630969285965,0.014059282839298248,0.05843295902013779,0.0
696,5701632,36,34,0,2,0.9444444444444444,0.0,0.05555555555555555,0.004033275501569733,1.1939302161335945,0.0,-6.67869462966919,0.013648522134462836,0.03141925483942032,0.014048191718757153,0.05847073718905449,0.0
697,5709824,34,31,0,3,0.9117647058823529,0.0,0.08823529411764706,0.00456335146445781,1.315977792441845,0.0,-6.674180567264557,0.011773995409021154,0.03141316398978233,0.014121746644377708,0.058463990688323975,0.0
698,5718016,47,39,0,8,0.8297872340425532,0.0,0.1702127659574468,0.007301148946862668,1.0271054208278656,0.0,-6.67270879149437,0.01657432109495858,0.03144808113574982,0.014209090732038021,0.05850806459784508,0.0
699,5726208,39,36,0,3,0.9230769230769231,0.0,0.07692307692307693,0.005969303959864192,1.1469409495592118,0.0,-6.681839591264724,0.01970361879066331,0.03132161125540733,0.013998587615787983,0.05857200548052788,0.0
700,5734400,47,40,0,7,0.851063829787234,0.0,0.14893617021276595,0.007175640994682908,0.8166780568659305,0.0,-6.697122085094452,0.0191117262802436,0.031290341168642044,0.01396207045763731,0.0585942417383194,0.0
701,5742592,38,33,0,5,0.868421052631579,0.0,0.13157894736842105,0.0059296407678630205,0.5253617651760578,0.0,-6.69438853263855,0.016857702292327303,0.03138077259063721,0.01401807926595211,0.05871758610010147,0.0
702,5750784,50,47,0,3,0.94,0.0,0.06,0.004572000534972176,1.910163938999176,0.0,-6.69426104426384,0.014699694786395412,0.03136759251356125,0.013899383135139942,0.05892515927553177,0.0
703,5758976,43,42,0,1,0.9767441860465116,0.0,0.023255813953488372,0.004089269222458824,1.326324386894703,0.0,-6.700512087345123,0.012959495984250679,0.0314641147851944,0.013903280720114708,0.059315651655197144,0.0
704,5767168,24,22,0,2,0.9166666666666666,0.0,0.08333333333333333,0.004003874643240124,0.8614690564572811,0.0,-6.705612659454346,0.014636597635399085,0.03140214830636978,0.013801301829516888,0.05943002924323082,0.0
705,5775360,49,44,0,5,0.8979591836734694,0.0,0.10204081632653061,0.006265853095101193,1.5967343151569366,0.0,-6.715594720840454,0.023160684914910235,0.03137423098087311,0.013833005912601948,0.05936211347579956,0.0
706,5783552,45,37,0,8,0.8222222222222222,0.0,0.17777777777777778,0.0063520199502818285,1.1654933549463748,0.0,-6.716789495944977,0.01678079085977515,0.0314328707754612,0.013769322074949741,0.059677984565496445,0.0
707,5791744,34,31,0,3,0.9117647058823529,0.0,0.08823529411764706,0.007697155015193857,0.7315311759710312,0.0,-6.721799683570862,0.021079926875245292,0.031319499015808105,0.013834133744239807,0.05944530665874481,0.0
708,5799936,55,47,0,8,0.8545454545454545,0.0,0.14545454545454545,0.0037552853173110634,1.3118926465511322,0.0,-6.736116796731949,0.016646648535970598,0.031044434756040573,0.013807297684252262,0.05889873579144478,0.0
709,5808128,33,31,0,2,0.9393939393939394,0.0,0.06060606060606061,0.003524225245928392,0.8780868232250214,0.0,-6.758821332454682,0.013361437726416625,0.0308585986495018,0.013706044293940067,0.05863245949149132,0.0
710,5816320,47,44,0,3,0.9361702127659575,0.0,0.06382978723404255,0.003578149020904675,1.4520792365074158,0.0,-6.777180331945419,0.013609262251702604,0.03070494905114174,0.013630622997879982,0.05829961597919464,0.0
711,5824512,42,39,0,3,0.9285714285714286,0.0,0.07142857142857142,0.00468452186905779,0.743264538794756,0.0,-6.791799652576446,0.015163759574352297,0.03050084039568901,0.01358755398541689,0.05779707059264183,0.0
712,5832704,42,40,0,2,0.9523809523809523,0.0,0.047619047619047616,0.005637890176149085,0.6744795769453049,0.0,-6.8087956547737125,0.016718573088292034,0.030300859361886978,0.01351279765367508,0.057436488568782806,0.0
713,5840896,41,38,0,3,0.926829268292683,0.0,0.07317073170731707,0.005970318877371028,0.916391895711422,0.0,-6.818041998147964,0.015397038655646612,0.030303774401545525,0.01351187564432621,0.05738368257880211,0.0
714,5849088,47,39,0,8,0.8297872340425532,0.0,0.1702127659574468,0.008445045020198449,0.7566025212407113,0.0,-6.814099591970444,0.020639594686508646,0.03030240908265114,0.013506155461072922,0.05726033076643944,0.0
715,5857280,38,37,0,1,0.9736842105263158,0.0,0.02631578947368421,0.0038674088777042926,0.6484662421047688,0.0,-6.819161158800125,0.013866235823661555,0.030198130756616592,0.013437451794743538,0.057074010372161865,0.0
716,5865472,53,49,0,4,0.9245283018867925,0.0,0.07547169811320754,0.005200324725592509,0.5698036819696426,0.0,-6.831553852558136,0.014363560565107037,0.030003024265170097,0.013392157852649689,0.05665024742484093,0.0
717,5873664,30,29,0,1,0.9666666666666667,0.0,0.03333333333333333,0.005839770706370473,0.5440591219812632,0.0,-6.847588062286377,0.014091050504066515,0.029893783852458,0.013312825001776218,0.05652618035674095,0.0
718,5881856,40,36,0,4,0.9,0.0,0.1,0.005126335227396339,0.8879886537790298,0.0,-6.8614370882511135,0.01187979496025946,0.029781192541122437,0.013285473920404911,0.056340985000133514,0.0
719,5890048,44,37,0,7,0.8409090909090909,0.0,0.1590909090909091,0.005563263816293329,1.5844784513115884,0.0,-6.868947023153305,0.015433869548724033,0.02981773018836975,0.01320307794958353,0.0565619021654129,0.0
720,5898240,40,31,0,9,0.775,0.0,0.225,0.00742856873839628,0.8221833944320679,0.0,-6.8711459815502165,0.015449445943522733,0.02987130545079708,0.013163241557776928,0.05679093301296234,0.0
721,5906432,44,39,0,5,0.8863636363636364,0.0,0.11363636363636363,0.0064030862646177415,0.9127841934561729,0.0,-6.869515538215637,0.017335605416155885,0.029863810166716576,0.01317926961928606,0.05672977864742279,0.0
722,5914624,37,33,0,4,0.8918918918918919,0.0,0.10810810810810811,0.007077956016291864,0.919438586384058,0.0,-6.878853732347489,0.019718770566396416,0.029697593301534653,0.013150368817150593,0.056515373289585114,0.0
723,5922816,49,44,0,5,0.8979591836734694,0.0,0.10204081632653061,0.005760704790009186,0.8080961175262928,0.0,-6.898550349473953,0.015569062593567651,0.029529957100749016,0.013039368204772472,0.05630110576748848,0.0
724,5931008,33,29,0,4,0.8787878787878788,0.0,0.12121212121212122,0.004048264026641846,0.6924915574491024,0.0,-6.913327014446258,0.01285456848272588,0.029517626389861107,0.01297204289585352,0.056304946541786194,0.0
725,5939200,40,36,0,4,0.9,0.0,0.1,0.004921710304915905,1.2211437314748763,0.0,-6.922541183233261,0.01752684775565285,0.029367610812187195,0.012796752154827118,0.05603199824690819,0.0
726,5947392,41,38,0,3,0.926829268292683,0.0,0.07317073170731707,0.005000160250347108,0.7191508151590824,0.0,-6.938608336448669,0.015897750563453883,0.02920735999941826,0.012768963351845741,0.055647753179073334,0.0
727,5955584,45,36,0,9,0.8,0.0,0.2,0.008740282006328925,0.7501546323299408,0.0,-6.946907323598862,0.02320376455463702,0.02915376052260399,0.012760167941451073,0.0554736889898777,0.0
728,5963776,34,32,0,2,0.9411764705882353,0.0,0.058823529411764705,0.006598791561555117,0.5090748138725758,0.0,-6.944537049531936,0.016184944717679173,0.029196634888648987,0.012813585810363293,0.055555105209350586,0.0
729,5971968,46,39,0,7,0.8478260869565217,0.0,0.15217391304347827,0.00525104405824095,0.6261196535080671,0.0,-6.9460041463375095,0.014583834818040486,0.02910604141652584,0.01275063119828701,0.05529818311333656,0.0
730,5980160,42,35,0,8,0.8333333333333334,0.0,0.19047619047619047,0.0054970921657513825,0.6061779167503119,0.0,-6.9510747492313385,0.01691918835276738,0.029137877747416496,0.012712173163890839,0.05550675094127655,0.0
731,5988352,42,37,0,5,0.8809523809523809,0.0,0.11904761904761904,0.004948301683180034,0.7005235604941845,0.0,-6.95925624370575,0.013438279717229306,0.029077185317873955,0.012628062628209591,0.05560687556862831,0.0
732,5996544,46,42,0,4,0.9130434782608695,0.0,0.08695652173913043,0.004474774916889146,0.6077871281653643,0.0,-6.987866455316544,0.013740175917337182,0.028734561055898666,0.01247219555079937,0.05499371886253357,0.0
733,6004736,40,38,0,2,0.95,0.0,0.05,0.005437341757351532,0.5037163540720939,0.0,-7.008984291553498,0.01579472925805021,0.028677910566329956,0.012424726039171219,0.05485616624355316,0.0
734,6012928,43,40,0,3,0.9302325581395349,0.0,0.06976744186046512,0.00469003293546848,0.4366396453231573,0.0,-7.008216089010238,0.016578067089722027,0.028681999072432518,0.012468193657696247,0.05472321808338165,0.0
735,6021120,46,43,0,3,0.9347826086956522,0.0,0.06521739130434782,0.007665715023176744,0.9019175112247467,0.0,-7.005466896295547,0.018312395505199676,0.028621237725019455,0.012470554560422897,0.0545668751001358,0.0
736,6029312,39,38,0,1,0.9743589743589743,0.0,0.02564102564102564,0.004495855455752462,0.6496109172701836,0.0,-7.011319667100906,0.014274385423050262,0.028536779806017876,0.012544156052172184,0.05441562458872795,0.0
737,6037504,43,41,0,2,0.9534883720930233,0.0,0.046511627906976744,0.005438988725654781,0.6075695529580116,0.0,-7.015480053424835,0.014007129447418266,0.028507933020591736,0.012513686902821064,0.05428377538919449,0.0
738,6045696,46,40,0,6,0.8695652173913043,0.0,0.13043478260869565,0.007107759555219672,0.9394747480750084,0.0,-7.01574889421463,0.01724180439778138,0.028517533093690872,0.012457781471312046,0.05431952327489853,0.0
739,6053888,44,39,0,5,0.8863636363636364,0.0,0.11363636363636363,0.00606129367952235,0.6063371822237968,0.0,-7.020470213890076,0.017277033858408685,0.028340578079223633,0.012524504214525223,0.05386258289217949,0.0
740,6062080,46,42,0,4,0.9130434782608695,0.0,0.08695652173913043,0.004371799010550603,0.6921347826719284,0.0,-7.040929353237152,0.016811109549598767,0.028176691383123398,0.012351655401289463,0.05369122326374054,0.0
741,6070272,38,33,0,5,0.868421052631579,0.0,0.13157894736842105,0.006346435245359316,0.47298552356660367,0.0,-7.055445498228073,0.016961502653430216,0.028077727183699608,0.012343818321824074,0.05335528030991554,0.0
742,6078464,39,36,0,3,0.9230769230769231,0.0,0.07692307692307693,0.01119055945018772,0.517928060144186,0.0,-7.05855678319931,0.023654232679109554,0.028009291738271713,0.012282644398510456,0.05313213914632797,0.0
743,6086656,41,37,0,4,0.9024390243902439,0.0,0.0975609756097561,0.006947031582240015,0.871452184021473,0.0,-7.066214901208878,0.016242126001452563,0.027955731377005577,0.01220790483057499,0.05305761843919754,0.0
744,6094848,42,39,0,3,0.9285714285714286,0.0,0.07142857142857142,0.004960654291789979,0.7104661643505097,0.0,-7.071991294622421,0.018674924269726036,0.027907339856028557,0.012198246084153652,0.05299636349081993,0.0
745,6103040,42,36,0,6,0.8571428571428571,0.0,0.14285714285714285,0.009644636436132715,0.7238183051347733,0.0,-7.0760721325874325,0.020078979362733663,0.02783641219139099,0.012247839011251926,0.05270211398601532,0.0
746,6111232,40,34,0,6,0.85,0.0,0.15,0.0036254727572668346,0.7110810808837413,0.0,-7.066641157865524,0.014757288446708117,0.02796493098139763,0.012307578697800636,0.05279292166233063,0.0
747,6119424,36,35,0,1,0.9722222222222222,0.0,0.027777777777777776,0.006342579578631558,0.4905620008707047,0.0,-7.056383395195008,0.01643930530844955,0.027958527207374573,0.012289538979530334,0.05282551795244217,0.0
748,6127616,42,40,0,2,0.9523809523809523,0.0,0.047619047619047616,0.005465736574842594,0.6787479512393475,0.0,-7.066917341947556,0.016693710631807336,0.027917122468352318,0.012120615690946579,0.0529659129679203,0.0
749,6135808,50,43,0,7,0.86,0.0,0.14,0.004902066476643085,0.8700053729116917,0.0,-7.077927672863007,0.014692185322928708,0.02793479710817337,0.011987400241196156,0.05313457176089287,0.0
750,6144000,33,28,0,5,0.8484848484848485,0.0,0.15151515151515152,0.004057193722110242,0.6060903441160918,0.0,-7.079156243801117,0.013988340432115364,0.027965102344751358,0.01202316116541624,0.05303693935275078,0.0
751,6152192,42,41,0,1,0.9761904761904762,0.0,0.023809523809523808,0.0070901191851589825,0.806700624525547,0.0,-7.081068634986877,0.01678858041996136,0.027757108211517334,0.011991105042397976,0.05246122553944588,0.0
752,6160384,39,31,0,8,0.7948717948717948,0.0,0.20512820512820512,0.005154397391015664,0.748016069829464,0.0,-7.09234202504158,0.012366700038546697,0.027675330638885498,0.011928947642445564,0.0522954985499382,0.0
753,6168576,43,39,0,4,0.9069767441860465,0.0,0.09302325581395349,0.0043255738157313315,0.6462887763977051,0.0,-7.104304838180542,0.014110014805919491,0.02750818058848381,0.01194094493985176,0.05200296640396118,0.0
754,6176768,45,36,0,9,0.8,0.0,0.2,0.00933540950936731,0.6583470322191716,0.0,-7.114605432748794,0.020152817195048557,0.027498528361320496,0.011928129009902477,0.05195245519280434,0.0
755,6184960,42,37,0,5,0.8809523809523809,0.0,0.11904761904761904,0.005283117986982689,1.3761312782764434,0.0,-7.121799600124359,0.014379167711012997,0.027307644486427307,0.011900598183274269,0.05158650502562523,0.0
756,6193152,39,35,0,4,0.8974358974358975,0.0,0.10256410256410256,0.006620199611643329,0.5949350390583277,0.0,-7.129879552125931,0.023873829579679297,0.02733727917075157,0.011945723555982113,0.05160938948392868,0.0
757,6201344,47,42,0,5,0.8936170212765957,0.0,0.10638297872340426,0.010682423593243584,1.420694962143898,0.0,-7.1373397469520565,0.022848973602231128,0.027222661301493645,0.011795117519795895,0.05154161900281906,0.0
758,6209536,42,39,0,3,0.9285714285714286,0.0,0.07142857142857142,0.006426421186188236,1.2762155711650849,0.0,-7.147224700450897,0.015815779902914072,0.02721841260790825,0.011799588799476624,0.05144767463207245,0.0
759,6217728,40,38,0,3,0.95,0.0,0.075,0.0033490296395029874,0.7918209873139859,0.0,-7.146001374721527,0.010691078995296265,0.02730756811797619,0.011712828651070595,0.05182640254497528,0.0
760,6225920,44,37,0,7,0.8409090909090909,0.0,0.1590909090909091,0.0021602913388051093,0.7603681974112988,0.0,-7.159333598613739,0.011148376906930935,0.0269650649279356,0.0116834482178092,0.050932176411151886,0.0
761,6234112,35,27,0,8,0.7714285714285715,0.0,0.22857142857142856,0.009607720182975754,0.5787661027163267,0.0,-7.172917252779007,0.02130702456634026,0.026925405487418175,0.01167105883359909,0.05075303465127945,0.0
762,6242304,34,32,0,2,0.9411764705882353,0.0,0.058823529411764705,0.006959163473220542,0.836981999874115,0.0,-7.174333381652832,0.014894293932593427,0.026914402842521667,0.011594921350479126,0.05079048499464989,0.0
763,6250496,52,39,0,13,0.75,0.0,0.25,0.006482058885740116,1.0120119050145149,0.0,-7.183429008722305,0.015081536272191443,0.02685031294822693,0.011557440273463726,0.05070210620760918,0.0
764,6258688,44,40,0,4,0.9090909090909091,0.0,0.09090909090909091,0.006243745016399771,0.6062922406941652,0.0,-7.184033185243607,0.017759568567271344,0.026937272399663925,0.011573047377169132,0.050980858504772186,0.0
765,6266880,40,34,0,6,0.85,0.0,0.15,0.004685426305513829,0.7821281030774117,0.0,-7.175814360380173,0.014992028575215954,0.02696394734084606,0.01161662582308054,0.050883933901786804,0.0
766,6275072,48,43,0,5,0.8958333333333334,0.0,0.10416666666666667,0.005580171581823379,0.714455821365118,0.0,-7.17375550866127,0.014888408969272859,0.02695135772228241,0.011624078266322613,0.05091022700071335,0.0
767,6283264,44,40,0,4,0.9090909090909091,0.0,0.09090909090909091,0.009702206804649904,0.6564714089035988,0.0,-7.174159687757492,0.02259746807394549,0.02700003981590271,0.011619091033935547,0.05105238035321236,0.0
768,6291456,41,40,0,1,0.975609756097561,0.0,0.024390243902439025,0.008362571618636138,0.5020667266100645,0.0,-7.1747685134410855,0.02071789674082538,0.026973439380526543,0.011583012528717518,0.051088783890008926,0.0
769,6299648,43,37,0,6,0.8604651162790697,0.0,0.13953488372093023,0.004792739218100905,0.5195776164531708,0.0,-7.186289232969284,0.018338551258784717,0.02687089890241623,0.011520334519445896,0.0509805791079998,0.0
770,6307840,37,34,0,3,0.918918918918919,0.0,0.08108108108108109,0.006242396670859307,0.579829615727067,0.0,-7.199303758144379,0.02065975944278762,0.02681919001042843,0.011400536634027958,0.05086277052760124,0.0
771,6316032,48,44,0,4,0.9166666666666666,0.0,0.08333333333333333,0.007832576433429495,0.47637434005737306,0.0,-7.20078011751175,0.016796291300852317,0.02682827040553093,0.011446057818830013,0.050837185233831406,0.0
772,6324224,42,37,0,5,0.8809523809523809,0.0,0.11904761904761904,0.004952557425713167,0.4519597262144089,0.0,-7.199914634227753,0.01999886647972744,0.026815664023160934,0.011493273079395294,0.050913818180561066,0.0
773,6332416,39,36,0,3,0.9230769230769231,0.0,0.07692307692307693,0.010578145828912967,0.48655062802135945,0.0,-7.205790567398071,0.023798961911234075,0.026698654517531395,0.011449349112808704,0.050602324306964874,0.0
774,6340608,45,42,0,3,0.9333333333333333,0.0,0.06666666666666667,0.009693451615748926,0.4661181915551424,0.0,-7.215316551923752,0.022056065387732814,0.02673276886343956,0.011369094252586365,0.0508258193731308,0.0
775,6348800,38,37,0,1,0.9736842105263158,0.0,0.02631578947368421,0.008377931598806754,0.40367827117443084,0.0,-7.2188722610473635,0.02008675845572725,0.026662498712539673,0.011371143162250519,0.05069581791758537,0.0
776,6356992,42,38,0,4,0.9047619047619048,0.0,0.09523809523809523,0.009824928088346497,0.471405766159296,0.0,-7.235275274515152,0.02056109918630682,0.026460682973265648,0.011282630264759064,0.05026578903198242,0.0
777,6365184,50,46,0,4,0.92,0.0,0.08,0.00600963948527351,0.618939570337534,0.0,-7.24239929318428,0.01836299501301255,0.026468351483345032,0.011327901855111122,0.05020485073328018,0.0
778,6373376,38,36,0,2,0.9473684210526315,0.0,0.05263157894736842,0.004734875398571603,0.380168080702424,0.0,-7.245439499616623,0.013606474864354822,0.02639414742588997,0.011267459020018578,0.05009223520755768,0.0
779,6381568,47,46,0,1,0.9787234042553191,0.0,0.02127659574468085,0.002006606664508581,0.5618932753801346,0.0,-7.256363952159882,0.012813303995062596,0.026245038956403732,0.011221524327993393,0.04974650219082832,0.0
780,6389760,44,42,0,2,0.9545454545454546,0.0,0.045454545454545456,0.007404674199642613,0.582287322729826,0.0,-7.264935153722763,0.02208274662698386,0.02627701126039028,0.011234973557293415,0.0498821921646595,0.0
781,6397952,37,36,0,1,0.972972972972973,0.0,0.02702702702702703,0.006223854207200929,0.4035886812955141,0.0,-7.262759882211685,0.023861963688977993,0.026266831904649734,0.01133288349956274,0.04973708465695381,0.0
782,6406144,48,47,0,1,0.9791666666666666,0.0,0.020833333333333332,0.01275209350278601,0.429639408737421,0.0,-7.252828299999237,0.028263894363772125,0.02630525454878807,0.01134752668440342,0.049758460372686386,0.0
783,6414336,45,41,0,4,0.9111111111111111,0.0,0.08888888888888889,0.005425251481938176,0.5777611590921878,0.0,-7.248470795154572,0.015928988446830772,0.026378240436315536,0.011286068707704544,0.04989926144480705,0.0
784,6422528,42,39,0,3,0.9285714285714286,0.0,0.07142857142857142,0.008455624402267858,0.5089765682816505,0.0,-7.242843782901764,0.020390936062904076,0.026454759761691093,0.011349317617714405,0.050173502415418625,0.0
785,6430720,28,28,0,0,1.0,0.0,0.0,0.0056089626566972585,0.3755167178809643,0.0,-7.244156175851822,0.014629825158044696,0.026367761194705963,0.01134166307747364,0.049934666603803635,0.0
786,6438912,50,48,0,2,0.96,0.0,0.04,0.005328650731826201,0.5135150335729122,0.0,-7.251502913236618,0.015173016244079917,0.026293501257896423,0.011226699687540531,0.04983104392886162,0.0
787,6447104,39,33,0,6,0.8461538461538461,0.0,0.15384615384615385,0.005234788823872805,0.5038631990551948,0.0,-7.265337687730789,0.0156649448123062,0.026150699704885483,0.011188867501914501,0.049484286457300186,0.0
788,6455296,50,41,0,9,0.82,0.0,0.18,0.007370812655426562,0.4865892820060253,0.0,-7.278808391094207,0.01833654855872737,0.026038682088255882,0.011088198982179165,0.04928310215473175,0.0
789,6463488,39,35,0,4,0.8974358974358975,0.0,0.10256410256410256,0.005442398670129478,0.39190098345279695,0.0,-7.283373016119003,0.016613384809170385,0.026178283616900444,0.011098523624241352,0.049666162580251694,0.0
790,6471680,42,42,0,0,1.0,0.0,0.0,0.005916937923757359,0.608009485900402,0.0,-7.286490046977997,0.01722942584165139,0.026022344827651978,0.011024695821106434,0.04943765699863434,0.0
791,6479872,52,49,0,3,0.9423076923076923,0.0,0.057692307692307696,0.006434876972343772,0.5927130445837975,0.0,-7.303230130672455,0.016760914734913968,0.02596222423017025,0.010940037667751312,0.049339380115270615,0.0
792,6488064,33,31,0,2,0.9393939393939394,0.0,0.06060606060606061,0.004790835521998815,0.3264674410223961,0.0,-7.3012262880802155,0.015954216566751712,0.026096824556589127,0.010945245623588562,0.04966378211975098,0.0
793,6496256,42,41,0,1,0.9761904761904762,0.0,0.023809523809523808,0.006086088070878759,0.6781916216015815,0.0,-7.294251996278763,0.014309415667958092,0.026223450899124146,0.010880936868488789,0.05010194703936577,0.0
794,6504448,51,47,0,4,0.9215686274509803,0.0,0.0784313725490196,0.009720930497860537,0.5219487018883229,0.0,-7.290117490291595,0.022435237307217904,0.026230160146951675,0.0109463045373559,0.050100285559892654,0.0
795,6512640,36,33,0,3,0.9166666666666666,0.0,0.08333333333333333,0.007964430161518977,0.4316326856613159,0.0,-7.286353087425232,0.019431509444257245,0.026329651474952698,0.010977232828736305,0.05038967728614807,0.0
796,6520832,41,39,0,2,0.9512195121951219,0.0,0.04878048780487805,0.006336823670426384,0.5110179122537375,0.0,-7.282089167833329,0.01902398106758483,0.026350153610110283,0.010923691093921661,0.05052046477794647,0.0
797,6529024,46,40,0,6,0.8695652173913043,0.0,0.13043478260869565,0.005464036186458543,0.6392440538853407,0.0,-7.285593271255493,0.015570661945093888,0.026475748047232628,0.010849710553884506,0.05100083351135254,0.0
798,6537216,44,40,0,4,0.9090909090909091,0.0,0.09090909090909091,0.006489931605756283,0.677337558567524,0.0,-7.287237519025803,0.01652843338670209,0.026468371972441673,0.010768805630505085,0.05107239633798599,0.0
799,6545408,44,41,0,3,0.9318181818181818,0.0,0.06818181818181818,0.0049191082100151105,0.4895378962159157,0.0,-7.289922249317169,0.0161064209183678,0.026460319757461548,0.010766551829874516,0.05099181458353996,0.0
800,6553600,39,36,0,3,0.9230769230769231,0.0,0.07692307692307693,0.01036347060580738,0.6838455110788345,0.0,-7.293084233999252,0.02366102197120199,0.026405787095427513,0.010759941302239895,0.0509253554046154,0.0
801,6561792,51,48,0,3,0.9411764705882353,0.0,0.058823529411764705,0.008298719621961936,0.6424589991569519,0.0,-7.306376397609711,0.021685572498245164,0.02620500884950161,0.010668374598026276,0.0504985935986042,0.0
802,6569984,32,28,0,4,0.875,0.0,0.125,0.004777889416436665,0.4753245942294598,0.0,-7.326141923666,0.014809344032255468,0.026020294055342674,0.01064397394657135,0.05002524331212044,0.0
803,6578176,47,44,0,3,0.9361702127659575,0.0,0.06382978723404255,0.009417312196455896,0.7831019312143326,0.0,-7.334500402212143,0.02517446767160436,0.025943536311388016,0.010669982060790062,0.04978378117084503,0.0
804,6586368,47,40,0,7,0.851063829787234,0.0,0.14893617021276595,0.0056841336307115855,0.7904612623155117,0.0,-7.338811522722244,0.01631635255180299,0.02585086040198803,0.010668741539120674,0.04952557012438774,0.0
805,6594560,43,40,0,3,0.9302325581395349,0.0,0.06976744186046512,0.00785772951785475,0.547523993998766,0.0,-7.348680597543717,0.01563071808486711,0.025777913630008698,0.010637409053742886,0.04946056380867958,0.0
806,6602752,51,50,0,1,0.9803921568627451,0.0,0.0196078431372549,0.006444741314044222,0.7824037611484528,0.0,-7.353345274925232,0.018050971133925488,0.025772076100111008,0.010663975961506367,0.04941311106085777,0.0
807,6610944,34,29,0,5,0.8529411764705882,0.0,0.14705882352941177,0.008795663763885386,0.5119385872036218,0.0,-7.356368982791901,0.023211183985404206,0.02568945288658142,0.010670582763850689,0.04927893355488777,0.0
808,6619136,53,50,0,3,0.9433962264150944,0.0,0.05660377358490566,0.006369175354484469,0.7567823596298695,0.0,-7.356850826740265,0.01738441046909429,0.025759484618902206,0.010713980533182621,0.049390874803066254,0.0
809,6627328,44,40,0,4,0.9090909090909091,0.0,0.09090909090909091,0.0060229831258766355,0.4647665236145258,0.0,-7.354266256093979,0.01741325234324904,0.025649769231677055,0.010723629966378212,0.04903947934508324,0.0
810,6635520,38,36,0,2,0.9473684210526315,0.0,0.05263157894736842,0.006072369124740362,0.622705452889204,0.0,-7.364470040798187,0.017616581395850518,0.025482982397079468,0.010654663667082787,0.04867037385702133,0.0
811,6643712,45,42,0,3,0.9333333333333333,0.0,0.06666666666666667,0.006015216716332361,0.5036914691329002,0.0,-7.377340400218964,0.017887835313740653,0.025506390258669853,0.010594649240374565,0.04878431558609009,0.0
812,6651904,43,40,0,3,0.9302325581395349,0.0,0.06976744186046512,0.007019905181368813,0.582336401194334,0.0,-7.378525561094284,0.015012763591948896,0.025465674698352814,0.010597211308777332,0.04876771941781044,0.0
813,6660096,33,30,0,3,0.9090909090909091,0.0,0.09090909090909091,0.00578805630793795,0.5108849536627531,0.0,-7.385632854700089,0.017451953010458966,0.02547517791390419,0.010585075244307518,0.048840492963790894,0.0
814,6668288,51,46,0,5,0.9019607843137255,0.0,0.09803921568627451,0.007186668092617765,0.9030101880431175,0.0,-7.386692786216736,0.024319530770299025,0.025433754548430443,0.010654150508344173,0.04874267056584358,0.0
815,6676480,45,35,0,10,0.7777777777777778,0.0,0.2222222222222222,0.015285607369150966,0.4071356523782015,0.0,-7.385936069488525,0.03592918160720728,0.025423569604754448,0.010662587359547615,0.048697978258132935,0.0
816,6684672,37,34,0,3,0.918918918918919,0.0,0.08108108108108109,0.005282086075749248,0.5868559993803502,0.0,-7.393461626768112,0.01512987702008104,0.025234661996364594,0.010700649581849575,0.04818893224000931,0.0
817,6692864,43,43,0,0,1.0,0.0,0.0,0.004427429114002734,0.6386414717882871,0.0,-7.407210850715638,0.015562298220174853,0.0250556580722332,0.01069469191133976,0.047771602869033813,0.0
818,6701056,38,36,0,2,0.9473684210526315,0.0,0.05263157894736842,0.00825909106351901,0.6673827476799488,0.0,-7.422156739234924,0.017902573247556574,0.024934668093919754,0.010708852671086788,0.04751863703131676,0.0
819,6709248,33,30,0,3,0.9090909090909091,0.0,0.09090909090909091,0.006607550731860101,0.6272642280906439,0.0,-7.432676196098328,0.014912032993743196,0.024812206625938416,0.010717899538576603,0.0472557470202446,0.0
820,6717440,54,46,0,8,0.8518518518518519,0.0,0.14814814814814814,0.007099018982262351,0.6158465713262558,0.0,-7.439998090267181,0.01713051240803907,0.024665798991918564,0.010711380280554295,0.0466528944671154,0.0
821,6725632,44,37,0,7,0.8409090909090909,0.0,0.1590909090909091,0.0061536870547570285,0.8612381890416145,0.0,-7.4400664329528805,0.01917928824259434,0.02460131049156189,0.01072963047772646,0.04631931707262993,0.0
822,6733824,33,33,0,0,1.0,0.0,0.0,0.005734293136629276,0.45052740052342416,0.0,-7.444311910867691,0.01798021430586232,0.024434983730316162,0.010713137686252594,0.045834481716156006,0.0
823,6742016,60,55,0,5,0.9166666666666666,0.0,0.08333333333333333,0.0052915659412974495,0.7431437097489834,0.0,-7.457247722148895,0.016403941783937625,0.02432902157306671,0.010709695518016815,0.04562614858150482,0.0
824,6750208,35,35,0,0,1.0,0.0,0.0,0.003675989995826967,0.4463798191398382,0.0,-7.468762129545212,0.011785838133073412,0.024193739518523216,0.010700185783207417,0.045264389365911484,0.0
825,6758400,46,42,0,4,0.9130434782608695,0.0,0.08695652173913043,0.005813513247994706,0.4792485248297453,0.0,-7.472396576404572,0.0181730104421149,0.024147307500243187,0.010792452841997147,0.04510805010795593,0.0
826,6766592,51,47,0,4,0.9215686274509803,0.0,0.0784313725490196,0.007089276250917464,0.5040726654231549,0.0,-7.473794567584991,0.01937930368439993,0.024100661277770996,0.01079435646533966,0.04494451358914375,0.0
827,6774784,40,37,0,3,0.925,0.0,0.075,0.010412185091990978,0.48000097535550595,0.0,-7.4736027181148526,0.026899452949874104,0.024167990311980247,0.01075943373143673,0.0451950840651989,0.0
828,6782976,44,41,0,3,0.9318181818181818,0.0,0.06818181818181818,0.005182635964592919,0.5167107284069061,0.0,-7.4714687943458555,0.012159143757889979,0.02425067499279976,0.010706488974392414,0.04543957859277725,0.0
829,6791168,43,42,0,1,0.9767441860465116,0.0,0.023255813953488372,0.010473544785054401,0.5175137232989073,0.0,-7.465130966901779,0.021786649010027758,0.02430327609181404,0.01076799351722002,0.04551243782043457,0.0
830,6799360,39,37,0,2,0.9487179487179487,0.0,0.05128205128205128,0.005623912846203893,0.6045373972505331,0.0,-7.460521805286407,0.01563286420132499,0.024325042963027954,0.010725476779043674,0.045587699860334396,0.0
831,6807552,48,43,0,5,0.8958333333333334,0.0,0.10416666666666667,0.006183486041845754,0.4822798892855644,0.0,-7.465814566612243,0.01642446313344408,0.02426065318286419,0.010687493719160557,0.04552459344267845,0.0
832,6815744,46,43,0,3,0.9347826086956522,0.0,0.06521739130434782,0.007837750809267163,0.7705033183097839,0.0,-7.472907572984695,0.019342233585484793,0.024206465110182762,0.010718298144638538,0.04534022510051727,0.0
833,6823936,41,37,0,4,0.9024390243902439,0.0,0.0975609756097561,0.00786609195638448,0.5774679578840732,0.0,-7.47257776260376,0.01891859673341969,0.024333901703357697,0.010613655671477318,0.04582006856799126,0.0
834,6832128,41,38,0,3,0.926829268292683,0.0,0.07317073170731707,0.0045418979978421705,0.6719738103449344,0.0,-7.467827659845352,0.014851367252413183,0.02446957677602768,0.010560905560851097,0.046178579330444336,0.0
835,6840320,40,39,0,1,0.975,0.0,0.025,0.002092274371534586,0.8258470855653286,0.0,-7.4686404168605804,0.009449067259265576,0.02433950826525688,0.010469929315149784,0.04573403298854828,0.0
836,6848512,43,40,0,3,0.9302325581395349,0.0,0.06976744186046512,0.0060508231807034464,1.160074234753847,0.0,-7.483240646123886,0.019208501654793507,0.024260863661766052,0.010337638668715954,0.045821599662303925,0.0
837,6856704,40,34,0,6,0.85,0.0,0.15,0.008875875908415765,0.5312548443675041,0.0,-7.495758134126663,0.018523957135039383,0.02422361634671688,0.01040448434650898,0.045676834881305695,0.0
838,6864896,38,35,0,3,0.9210526315789473,0.0,0.07894736842105263,0.006177800742443651,0.5852185145020485,0.0,-7.494307285547256,0.017515637903125027,0.02424425259232521,0.010394868440926075,0.045837681740522385,0.0
839,6873088,56,48,0,8,0.8571428571428571,0.0,0.14285714285714285,0.006975048570893705,0.6319399125874042,0.0,-7.501235377788544,0.02016405306494562,0.02415541186928749,0.010377658531069756,0.0456053763628006,0.0
840,6881280,40,35,0,5,0.875,0.0,0.125,0.008283630141522735,0.6815332807600498,0.0,-7.502277439832687,0.020432837432599625,0.024227526038885117,0.010377603583037853,0.04581476375460625,0.0
841,6889472,46,43,0,3,0.9347826086956522,0.0,0.06521739130434782,0.005895883342600427,0.7330260396003723,0.0,-7.500852054357528,0.016083405022800434,0.02421066164970398,0.010338210500776768,0.04578656703233719,0.0
842,6897664,49,46,0,3,0.9387755102040817,0.0,0.061224489795918366,0.004914963254122995,0.7588689386844635,0.0,-7.505072855949402,0.017925997579004614,0.024132391437888145,0.010356071405112743,0.045545611530542374,0.0
843,6905856,37,35,0,2,0.9459459459459459,0.0,0.05405405405405406,0.009202727349475026,0.44056007713079454,0.0,-7.519086617231369,0.023469064876553602,0.023880988359451294,0.010305657051503658,0.04495817795395851,0.0
844,6914048,40,35,0,5,0.875,0.0,0.125,0.004806732491124422,0.6143979914486408,0.0,-7.5379187047481535,0.020910975433071143,0.02380955033004284,0.010310749523341656,0.04490155354142189,0.0
845,6922240,46,43,0,3,0.9347826086956522,0.0,0.06521739130434782,0.010541896743234247,0.6679594688117504,0.0,-7.545557856559753,0.021802954755548852,0.023763438686728477,0.010316405445337296,0.044803887605667114,0.0
846,6930432,45,42,0,3,0.9333333333333333,0.0,0.06666666666666667,0.005768253450514749,0.4580398481339216,0.0,-7.552311724424362,0.016832670876465273,0.023779060691595078,0.010207000188529491,0.04497695341706276,0.0
847,6938624,50,45,0,5,0.9,0.0,0.1,0.0062637461407575755,0.5878321673721075,0.0,-7.562382233142853,0.016871965389873365,0.023709643632173538,0.010182256810367107,0.04499058052897453,0.0
848,6946816,39,37,0,2,0.9487179487179487,0.0,0.05128205128205128,0.0055245984607608985,0.504299433901906,0.0,-7.580420655012131,0.020262907847063617,0.02360754832625389,0.010038625448942184,0.04496435075998306,0.0
849,6955008,47,43,0,4,0.9148936170212766,0.0,0.0851063829787234,0.005217971093952656,0.726332439482212,0.0,-7.5986150205135345,0.015950693866761866,0.023523060604929924,0.009996571578085423,0.04479625076055527,0.0
850,6963200,43,41,0,2,0.9534883720930233,0.0,0.046511627906976744,0.005818198336055502,0.5636828180402518,0.0,-7.610928320884705,0.014959872743929736,0.02340683713555336,0.00992624368518591,0.04462413489818573,0.0
851,6971392,47,43,0,4,0.9148936170212766,0.0,0.0851063829787234,0.006548340478911996,0.5035625278949738,0.0,-7.632494074106217,0.018791089576552622,0.023249313235282898,0.009815606288611889,0.0443439744412899,0.0
852,6979584,44,40,0,4,0.9090909090909091,0.0,0.09090909090909091,0.006783257419010624,0.6305853836238384,0.0,-7.642933744192123,0.018918802420375868,0.023291384801268578,0.009787755087018013,0.04440047964453697,0.0
853,6987776,50,45,0,5,0.9,0.0,0.1,0.008702916745096444,0.5577535647898912,0.0,-7.642965394258499,0.021959270944353192,0.023250503465533257,0.009753664955496788,0.04434605687856674,0.0
854,6995968,45,44,0,1,0.9777777777777777,0.0,0.022222222222222223,0.007970954186748713,0.5537465751171112,0.0,-7.654521518945694,0.026219405865413138,0.023129962384700775,0.009695202112197876,0.044116418808698654,0.0
855,7004160,41,39,0,2,0.9512195121951219,0.0,0.04878048780487805,0.008761457627406344,0.6324436880648137,0.0,-7.665590983629227,0.02291581472964026,0.023080524057149887,0.00966841634362936,0.043933603912591934,0.0
856,7012352,46,44,0,2,0.9565217391304348,0.0,0.043478260869565216,0.009324304707115516,0.5085036281496287,0.0,-7.662895745038986,0.018474387178139297,0.023124031722545624,0.009654384106397629,0.04404782876372337,0.0
857,7020544,46,42,0,4,0.9130434782608695,0.0,0.08695652173913043,0.008941070619039237,0.8314764022827148,0.0,-7.660973972082138,0.0197797220753273,0.023152422159910202,0.009670172818005085,0.044127874076366425,0.0
858,7028736,53,47,0,6,0.8867924528301887,0.0,0.11320754716981132,0.0046319390530698,0.7430772680789233,0.0,-7.657435739040375,0.016515083715785295,0.023159008473157883,0.00970467459410429,0.04406428709626198,0.0
859,7036928,32,32,0,0,1.0,0.0,0.0,0.0034450784558430316,0.45124934799969196,0.0,-7.6519307613372805,0.018142435618210585,0.023299938067793846,0.009623217396438122,0.04454023018479347,0.0
860,7045120,57,54,0,3,0.9473684210526315,0.0,0.05263157894736842,0.015976038738153876,1.0083135336637497,0.0,-7.652444547414779,0.030648121910053304,0.0231949295848608,0.009646243415772915,0.04423917457461357,0.0
861,7053312,35,34,0,1,0.9714285714285714,0.0,0.02857142857142857,0.007270367472665384,0.47688326351344584,0.0,-7.662695986032486,0.025627754101878963,0.023061228916049004,0.009646487422287464,0.04390030726790428,0.0
862,7061504,46,41,0,5,0.8913043478260869,0.0,0.10869565217391304,0.006351065734634176,0.5552330188453197,0.0,-7.669272756576538,0.017364962289866524,0.0231209434568882,0.009593533352017403,0.04417451471090317,0.0
863,7069696,55,52,0,3,0.9454545454545454,0.0,0.05454545454545454,0.007908389100339263,0.7333319194614887,0.0,-7.66814022064209,0.020250136668619235,0.023171965032815933,0.009609914384782314,0.044336311519145966,0.0
864,7077888,40,37,0,3,0.925,0.0,0.075,0.010412542952690274,0.7451260887086392,0.0,-7.665843069553375,0.027129806608718353,0.023140989243984222,0.009645604528486729,0.0441422276198864,0.0
865,7086080,50,48,0,2,0.96,0.0,0.04,0.007488785951863974,0.437611661106348,0.0,-7.664790767431259,0.017891620873706417,0.02304665744304657,0.009633074514567852,0.04380420222878456,0.0
866,7094272,37,33,0,4,0.8918918918918919,0.0,0.10810810810810811,0.010791425860952586,0.3620866436511278,0.0,-7.666458684206009,0.026393201196333392,0.023047342896461487,0.009663986973464489,0.04383855313062668,0.0
867,7102464,45,44,0,1,0.9777777777777777,0.0,0.022222222222222223,0.010898768436163664,0.4249172318726778,0.0,-7.664743024110794,0.02424088450934505,0.023138752207159996,0.009668813087046146,0.044123128056526184,0.0
868,7110656,47,43,0,4,0.9148936170212766,0.0,0.0851063829787234,0.007280387973878533,0.6177120666950942,0.0,-7.660676717758179,0.021410841692704706,0.023133400827646255,0.00963390152901411,0.04410392418503761,0.0
869,7118848,52,49,0,3,0.9423076923076923,0.0,0.057692307692307696,0.006156755954725668,0.5235448993742466,0.0,-7.66771851181984,0.018865018160431644,0.02308441698551178,0.009582601487636566,0.044066254049539566,0.0
870,7127040,44,42,0,2,0.9545454545454546,0.0,0.045454545454545456,0.014472916343947873,0.500080906227231,0.0,-7.676027327775955,0.027510262976284137,0.0230718981474638,0.009508959017693996,0.04415012151002884,0.0
871,7135232,39,37,0,2,0.9487179487179487,0.0,0.05128205128205128,0.009288568131159991,0.49613049291074274,0.0,-7.685892409086227,0.02068390466738492,0.0230306014418602,0.009483505971729755,0.044082771986722946,0.0
872,7143424,53,48,0,5,0.9056603773584906,0.0,0.09433962264150944,0.010693201338290237,0.6188107889145613,0.0,-7.687517780065536,0.021247055538697168,0.023105746135115623,0.009447041898965836,0.04434008151292801,0.0
873,7151616,33,31,0,2,0.9393939393939394,0.0,0.06060606060606061,0.0056499833386624235,0.38356993831694125,0.0,-7.687613970041275,0.015940617003070656,0.023098938167095184,0.009412791579961777,0.044373322278261185,0.0
874,7159808,59,54,0,5,0.9152542372881356,0.0,0.0847457627118644,0.008213795418851078,0.49840244725346566,0.0,-7.683901244401932,0.022894660892779937,0.023179177194833755,0.009396499954164028,0.04448634013533592,0.0
875,7168000,44,41,0,3,0.9318181818181818,0.0,0.06818181818181818,0.005541961695416831,0.3857868369668722,0.0,-7.686859875917435,0.01925415005243849,0.02310250513255596,0.009349615313112736,0.04440492391586304,0.0
876,7176192,38,36,0,2,0.9473684210526315,0.0,0.05263157894736842,0.007858395529910921,0.5072368819266557,0.0,-7.694926172494888,0.019869480923807713,0.023127881810069084,0.009336384013295174,0.04457290843129158,0.0
877,7184384,55,52,0,3,0.9454545454545454,0.0,0.05454545454545454,0.009272571248584428,0.5232004258781672,0.0,-7.698141938447952,0.02163958947203355,0.023103881627321243,0.00931696780025959,0.04452015459537506,0.0
878,7192576,43,41,0,2,0.9534883720930233,0.0,0.046511627906976744,0.005598432943224907,0.4801776625216007,0.0,-7.701349431276322,0.01803737870795885,0.023070309311151505,0.00929808709770441,0.04442713037133217,0.0
879,7200768,46,44,0,2,0.9565217391304348,0.0,0.043478260869565216,0.0053463165881112214,0.2725499192252755,0.0,-7.698554486036301,0.01817808984196745,0.02323082648217678,0.009330691769719124,0.04498616233468056,0.0
880,7208960,41,38,0,3,0.926829268292683,0.0,0.07317073170731707,0.004571553453570232,0.3299245724454522,0.0,-7.698164021968841,0.016104941880621483,0.023102380335330963,0.009298916906118393,0.044651053845882416,0.0
881,7217152,47,46,0,1,0.9787234042553191,0.0,0.02127659574468085,0.010793166141957045,0.3693446733057499,0.0,-7.708561462163925,0.02488283914863132,0.02311357669532299,0.00926211103796959,0.04473205283284187,0.0
882,7225344,44,43,0,1,0.9772727272727273,0.0,0.022727272727272728,0.008928904717322439,0.3987396016716957,0.0,-7.712383753061294,0.019984481362916993,0.023032603785395622,0.009234989061951637,0.04453917220234871,0.0
883,7233536,49,44,0,5,0.8979591836734694,0.0,0.10204081632653061,0.008206491218879819,0.3868690926581621,0.0,-7.721545547246933,0.018609792068309615,0.022965801879763603,0.009239261969923973,0.04443856328725815,0.0
884,7241728,48,44,0,4,0.9166666666666666,0.0,0.08333333333333333,0.009099466100451536,0.36065792553126813,0.0,-7.7249487221240996,0.024076027123373932,0.022956877946853638,0.00923826638609171,0.04436895251274109,0.0
885,7249920,50,44,0,6,0.88,0.0,0.12,0.008249056118074805,0.4101744581013918,0.0,-7.73550837635994,0.021437240485101938,0.02279665693640709,0.009194266982376575,0.04408646374940872,0.0
886,7258112,50,48,0,2,0.96,0.0,0.04,0.012545833774493077,0.3090654894709587,0.0,-7.748614108562469,0.026144139459938744,0.022743796929717064,0.009195872582495213,0.04397031292319298,0.0
887,7266304,34,34,0,0,1.0,0.0,0.0,0.007086825097212568,0.30877254977822305,0.0,-7.7519759118556975,0.025551567002548837,0.022799579426646233,0.009178384207189083,0.044146206229925156,0.0
888,7274496,56,55,0,1,0.9821428571428571,0.0,0.017857142857142856,0.009689784958027303,0.4112561229616404,0.0,-7.759225058555603,0.02053946158848703,0.022607475519180298,0.009083732962608337,0.04380020126700401,0.0
889,7282688,51,50,0,1,0.9803921568627451,0.0,0.0196078431372549,0.008405332209076733,0.37381072752177713,0.0,-7.788252604007721,0.019904620957095175,0.022411834448575974,0.009005241096019745,0.043355707079172134,0.0
890,7290880,45,42,0,3,0.9333333333333333,0.0,0.06666666666666667,0.008136913186172023,0.347835037112236,0.0,-7.7990786015987394,0.016120661463355647,0.022377248853445053,0.009077687747776508,0.04320424422621727,0.0
891,7299072,47,45,0,2,0.9574468085106383,0.0,0.0425531914893617,0.013081948732724414,0.6403383493423462,0.0,-7.79494189620018,0.026903780800057574,0.022363414987921715,0.00909994263201952,0.043089140206575394,0.0
892,7307264,47,44,0,3,0.9361702127659575,0.0,0.06382978723404255,0.00793050232459791,0.3708702202886343,0.0,-7.796322113275528,0.020018158480525017,0.022334061563014984,0.009041897021234035,0.043002899736166,0.0
893,7315456,43,42,0,1,0.9767441860465116,0.0,0.023255813953488372,0.0054954819730483,0.3936920378357172,0.0,-7.797074973583221,0.0188192374407663,0.022397523745894432,0.009007882326841354,0.04322592169046402,0.0
894,7323648,48,45,0,3,0.9375,0.0,0.0625,0.00459935084800236,0.7710970252752304,0.0,-7.790195518732071,0.01756286694726441,0.02244020253419876,0.009118324145674706,0.04326871037483215,0.0
895,7331840,44,40,0,4,0.9090909090909091,0.0,0.09090909090909091,0.008448682754533365,0.47538309805095197,0.0,-7.780099248886108,0.02309866389259696,0.022562529891729355,0.009153522551059723,0.043693531304597855,0.0
896,7340032,42,39,0,3,0.9285714285714286,0.0,0.07142857142857142,0.0063169511500746015,0.6057787232100964,0.0,-7.783191108703614,0.014117035322124138,0.02254193089902401,0.00914980098605156,0.04380038008093834,0.0
897,7348224,55,54,0,1,0.9818181818181818,0.0,0.01818181818181818,0.007830889520118945,0.5314209435135127,0.0,-7.797962474822998,0.01664411422534613,0.022403430193662643,0.00906743947416544,0.04357869550585747,0.0
898,7356416,48,43,0,5,0.8958333333333334,0.0,0.10416666666666667,0.006117228115908801,0.5868412520736456,0.0,-7.814040851593018,0.015863492019707336,0.022321972995996475,0.00905366986989975,0.043396104127168655,0.0
899,7364608,48,43,0,5,0.8958333333333334,0.0,0.10416666666666667,0.007553649978945032,0.5980104580521584,0.0,-7.817914289236069,0.01948425097652944,0.02232169173657894,0.009079155512154102,0.043436046689748764,0.0
900,7372800,43,41,0,2,0.9534883720930233,0.0,0.046511627906976744,0.005778167396783829,0.5044454034417868,0.0,-7.825935912132263,0.015227078582393005,0.02229578047990799,0.008946429938077927,0.04352249950170517,0.0
901,7380992,52,51,0,1,0.9807692307692307,0.0,0.019230769230769232,0.008470319386105984,0.38817199766635896,0.0,-7.83933339715004,0.021355114245670846,0.02220998704433441,0.008934040553867817,0.04338468238711357,0.0
902,7389184,46,42,0,4,0.9130434782608695,0.0,0.08695652173913043,0.006974099541548639,0.7252495907247066,0.0,-7.85009805560112,0.02093916376325069,0.022198280319571495,0.008919836021959782,0.04348599165678024,0.0
903,7397376,45,40,0,5,0.8888888888888888,0.0,0.1111111111111111,0.004948794358642772,0.5114796038717031,0.0,-7.858256775140762,0.016236846159154085,0.022125903517007828,0.008899792097508907,0.04332515224814415,0.0
904,7405568,51,48,0,3,0.9411764705882353,0.0,0.058823529411764705,0.011557332472875714,0.4795617893338203,0.0,-7.8668675243854524,0.023539059549511875,0.02203700691461563,0.008893921039998531,0.04312090948224068,0.0
905,7413760,54,52,0,2,0.9629629629629629,0.0,0.037037037037037035,0.010408880579052492,0.6745590984821319,0.0,-7.8714760601520535,0.023251441965112463,0.022124197334051132,0.008842525072395802,0.04344906657934189,0.0
906,7421952,42,40,0,2,0.9523809523809523,0.0,0.047619047619047616,0.005565484831458889,0.620531976595521,0.0,-7.876350712776184,0.01597112167655723,0.02210344187915325,0.008781245909631252,0.043529435992240906,0.0
907,7430144,55,52,0,3,0.9454545454545454,0.0,0.05454545454545454,0.00767725253244862,0.5000811759382486,0.0,-7.877743911743164,0.02052593932457967,0.022179698571562767,0.008791041560471058,0.04370276629924774,0.0
908,7438336,42,41,0,1,0.9761904761904762,0.0,0.023809523809523808,0.0068916854332201185,0.42376409471035004,0.0,-7.887573087215424,0.020102011751441752,0.021941833198070526,0.008739052340388298,0.043161217123270035,0.0
909,7446528,49,45,0,4,0.9183673469387755,0.0,0.08163265306122448,0.008183301548706367,0.7310485035181046,0.0,-7.892676556110382,0.016837222895992453,0.02212643250823021,0.00869046151638031,0.04364262893795967,0.0
910,7454720,41,40,0,1,0.975609756097561,0.0,0.024390243902439025,0.013303258569794706,0.40272523984313013,0.0,-7.884316188097,0.031446153565775604,0.02220037579536438,0.008649962954223156,0.04383387416601181,0.0
911,7462912,44,42,0,2,0.9545454545454546,0.0,0.045454545454545456,0.010382909106556325,0.5360519461333751,0.0,-7.883577883243561,0.021325343077478465,0.022175243124365807,0.008584064431488514,0.04376637935638428,0.0
912,7471104,53,48,0,5,0.9056603773584906,0.0,0.09433962264150944,0.008653078507632018,0.41673062182962894,0.0,-7.8840393126010895,0.025203060949570498,0.022176295518875122,0.008645179681479931,0.043755438178777695,0.0
913,7479296,39,33,0,6,0.8461538461538461,0.0,0.15384615384615385,0.007499311940046027,0.4568526901304722,0.0,-7.877257424592972,0.017321564746089278,0.022277530282735825,0.008642153814435005,0.04402783885598183,0.0
914,7487488,49,47,0,2,0.9591836734693877,0.0,0.04081632653061224,0.006033757657860406,0.612192977592349,0.0,-7.878258085250854,0.016211625817231835,0.02218007855117321,0.008631302043795586,0.043741196393966675,0.0
915,7495680,52,47,0,5,0.9038461538461539,0.0,0.09615384615384616,0.005922066676430404,0.4406673353165388,0.0,-7.880618226528168,0.021770820242818446,0.022169385105371475,0.008663910441100597,0.04363630712032318,0.0
916,7503872,43,40,0,3,0.9302325581395349,0.0,0.06976744186046512,0.006563273002393543,0.5801632255315781,0.0,-7.8774766564369205,0.018119599058991298,0.022101502865552902,0.008716902695596218,0.04336189106106758,0.0
917,7512064,49,46,0,3,0.9387755102040817,0.0,0.061224489795918366,0.005027860420523211,0.4297195076942444,0.0,-7.883276808261871,0.02359050808881875,0.021925723180174828,0.00871313363313675,0.042880892753601074,0.0
918,7520256,44,43,0,1,0.9772727272727273,0.0,0.022727272727272728,0.0063315840816358104,0.8192321382462978,0.0,-7.888683915138245,0.01919383902277332,0.02202039770781994,0.00875931978225708,0.04321713000535965,0.0
919,7528448,41,39,0,2,0.9512195121951219,0.0,0.04878048780487805,0.00881962719722651,0.6032589267939329,0.0,-7.883714932203293,0.02355170269147493,0.022023405879735947,0.008782317861914635,0.043240584433078766,0.0
920,7536640,50,46,0,4,0.92,0.0,0.08,0.00660073600593023,0.45157921463251116,0.0,-7.891234123706818,0.017473546910332517,0.021962478756904602,0.008711205795407295,0.043165404349565506,0.0
921,7544832,41,36,0,5,0.8780487804878049,0.0,0.12195121951219512,0.013450792612275109,0.4333287551999092,0.0,-7.900760817527771,0.03274972402723506,0.02184976264834404,0.008718333207070827,0.04280978441238403,0.0
922,7553024,49,42,0,7,0.8571428571428571,0.0,0.14285714285714285,0.008578408701578156,0.4901700921356678,0.0,-7.90216737985611,0.024552166476496495,0.021809805184602737,0.008745426312088966,0.0426006019115448,0.0
923,7561216,49,47,0,2,0.9591836734693877,0.0,0.04081632653061224,0.006024891772540286,0.3354376383125782,0.0,-7.905294746160507,0.018373342812992632,0.021854311227798462,0.008700749836862087,0.04288387671113014,0.0
924,7569408,48,47,0,1,0.9791666666666666,0.0,0.020833333333333332,0.006418644631048664,0.3113555274903774,0.0,-7.906196910142898,0.01770459471299546,0.021822132170200348,0.008717035874724388,0.04272099956870079,0.0
925,7577600,54,54,0,0,1.0,0.0,0.0,0.00607708387542516,0.3728509355336428,0.0,-7.91204382777214,0.02208393096807413,0.021657735109329224,0.00874898862093687,0.04228490591049194,0.0
926,7585792,49,48,0,1,0.9795918367346939,0.0,0.02040816326530612,0.010121971281478181,0.39844316206872465,0.0,-7.921176689863205,0.022157103885547258,0.021609101444482803,0.008695303462445736,0.042198143899440765,0.0
927,7593984,49,48,0,1,0.9795918367346939,0.0,0.02040816326530612,0.00728808522108011,0.3677004337310791,0.0,-7.920046007633209,0.022623959492193535,0.02171948179602623,0.008741268888115883,0.042450882494449615,0.0
928,7602176,51,48,0,3,0.9411764705882353,0.0,0.058823529411764705,0.00878243216429837,0.5347110603004694,0.0,-7.908313947916031,0.01890156290901359,0.021790914237499237,0.0088191544637084,0.04257797822356224,0.0
929,7610368,47,46,0,1,0.9787234042553191,0.0,0.02127659574468085,0.009225701662944629,0.2555970810353756,0.0,-7.904771387577057,0.023692373494850472,0.021723642945289612,0.008759737946093082,0.04239203780889511,0.0
930,7618560,48,47,0,1,0.9791666666666666,0.0,0.020833333333333332,0.00762849090679083,0.3664718855172396,0.0,-7.910368996858597,0.01922314787225332,0.021705277264118195,0.008730064146220684,0.04236043244600296,0.0
931,7626752,51,47,0,4,0.9215686274509803,0.0,0.0784313725490196,0.009167679428355769,0.45084734112024305,0.0,-7.914768761396408,0.021989816788118333,0.021664682775735855,0.008690088987350464,0.04226763918995857,0.0
932,7634944,54,51,0,3,0.9444444444444444,0.0,0.05555555555555555,0.009010592673439533,0.46009199880063534,0.0,-7.923504817485809,0.022019011559314093,0.021639149636030197,0.008607308380305767,0.04227413982152939,0.0
933,7643136,51,50,0,1,0.9803921568627451,0.0,0.0196078431372549,0.008042491547530516,0.33729063607752324,0.0,-7.932924807071686,0.01709114964469336,0.021624160930514336,0.008541763760149479,0.0423508882522583,0.0
934,7651328,46,46,0,0,1.0,0.0,0.0,0.00828717533731833,0.4904259525239468,0.0,-7.942807161808014,0.01542724887985969,0.021484527736902237,0.008533722721040249,0.04190940409898758,0.0
935,7659520,50,45,0,5,0.9,0.0,0.1,0.006657672376604751,0.2885476380586624,0.0,-7.947291016578674,0.018227051207213664,0.02153187245130539,0.008516823872923851,0.0420948751270771,0.0
936,7667712,47,45,0,2,0.9574468085106383,0.0,0.0425531914893617,0.008092375501291826,0.5106419332325458,0.0,-7.951613807678223,0.01923387644055765,0.021533288061618805,0.008456805720925331,0.04227166995406151,0.0
937,7675904,58,56,0,2,0.9655172413793104,0.0,0.034482758620689655,0.010291562764905393,0.3663004904985428,0.0,-7.959727811813354,0.028239853199920617,0.021451039239764214,0.00846108142286539,0.042008403688669205,0.0
938,7684096,41,39,0,2,0.9512195121951219,0.0,0.04878048780487805,0.009590764675522223,0.3682234469801188,0.0,-7.96535941362381,0.02187510046933312,0.021383797749876976,0.008478674106299877,0.041832566261291504,0.0
939,7692288,50,49,0,1,0.98,0.0,0.02,0.005837997651542537,0.5705485817044973,0.0,-7.975540333986283,0.018419425902538932,0.021275890991091728,0.008459625765681267,0.04163259267807007,0.0
940,7700480,61,59,0,2,0.9672131147540983,0.0,0.03278688524590164,0.008278907672502101,0.44193659014999864,0.0,-7.986723345518112,0.01748322677449323,0.021242152899503708,0.008418355137109756,0.04162858799099922,0.0
941,7708672,37,36,0,1,0.972972972972973,0.0,0.02702702702702703,0.0046895632869563995,0.4254543140530586,0.0,-7.996919602155685,0.015669673992670143,0.021151967346668243,0.008408649824559689,0.0414167121052742,0.0
942,7716864,51,48,0,3,0.9411764705882353,0.0,0.058823529411764705,0.011560614238260315,0.6984124422073364,0.0,-7.999313563108444,0.024210946800303647,0.021182619035243988,0.008411750197410583,0.0414922796189785,0.0
943,7725056,50,48,0,2,0.96,0.0,0.04,0.014132138251443393,0.5196226589381695,0.0,-7.996043187379837,0.02934091234783409,0.021244559437036514,0.008409435860812664,0.041689433157444,0.0
944,7733248,40,39,0,1,0.975,0.0,0.025,0.007463268371066078,0.811382456868887,0.0,-8.0035205245018,0.01604292867705226,0.02106970176100731,0.008400843478739262,0.04125801846385002,0.0
945,7741440,47,46,0,1,0.9787234042553191,0.0,0.02127659574468085,0.006490549477166496,0.6455468639731408,0.0,-8.011764669418335,0.016878125666698905,0.02106383815407753,0.00839361920952797,0.04119657725095749,0.0
946,7749632,47,43,0,4,0.9148936170212766,0.0,0.0851063829787234,0.003605869895545766,0.5914055474102498,0.0,-8.009827840328217,0.014771065858076327,0.021089544519782066,0.008433179929852486,0.04132682457566261,0.0
947,7757824,50,46,0,4,0.92,0.0,0.08,0.006660269683925435,0.6586564783006906,0.0,-8.003125286102295,0.020551077686832286,0.021162210032343864,0.00849494244903326,0.04146886244416237,0.0
948,7766016,48,46,0,2,0.9583333333333334,0.0,0.041666666666666664,0.009473885485203937,0.6633893787860871,0.0,-8.002771627902984,0.01916796723671723,0.02110622450709343,0.008480550721287727,0.04146815091371536,0.0
949,7774208,48,46,0,2,0.9583333333333334,0.0,0.041666666666666664,0.006748071010224521,0.44853122532367706,0.0,-8.0171377658844,0.016258180054137483,0.020989028736948967,0.008431479334831238,0.04111059382557869,0.0
950,7782400,48,47,0,1,0.9791666666666666,0.0,0.020833333333333332,0.013124056166270747,0.7018916882574558,0.0,-8.015294659137727,0.023854382081481162,0.021121470257639885,0.008414040319621563,0.041477710008621216,0.0
951,7790592,40,37,0,3,0.925,0.0,0.075,0.006951168153318576,0.38169107735157015,0.0,-8.017171990871429,0.02041933136933949,0.021002797409892082,0.008355719037353992,0.041195180267095566,0.0
952,7798784,51,47,0,4,0.9215686274509803,0.0,0.0784313725490196,0.006385576270986348,0.521240608021617,0.0,-8.026878333091735,0.018841675255680458,0.02096547745168209,0.008320766501128674,0.04101469740271568,0.0
953,7806976,44,39,0,5,0.8863636363636364,0.0,0.11363636363636363,0.01039089243276976,0.39268840849399567,0.0,-8.018949699401855,0.02952578151889611,0.021068258211016655,0.008390022441744804,0.04127487167716026,0.0
954,7815168,54,51,0,3,0.9444444444444444,0.0,0.05555555555555555,0.009183198134996929,0.6344321578741073,0.0,-8.016812205314636,0.021644251578254625,0.020989567041397095,0.008343721739947796,0.04108250141143799,0.0
955,7823360,45,43,0,2,0.9555555555555556,0.0,0.044444444444444446,0.011380946700228378,0.385710946470499,0.0,-8.025924611091614,0.026757893484318628,0.02098340168595314,0.008343339897692204,0.0411149337887764,0.0
956,7831552,50,46,0,4,0.92,0.0,0.08,0.010089397401316091,0.5182634092867374,0.0,-8.030016386508942,0.017824416526127606,0.020947381854057312,0.008324068039655685,0.04106882959604263,0.0
957,7839744,43,42,0,1,0.9767441860465116,0.0,0.023255813953488372,0.0073684651841176676,0.7091945320367813,0.0,-8.039488351345062,0.02151713349740021,0.020847909152507782,0.00831975881010294,0.04086830094456673,0.0
958,7847936,43,40,0,3,0.9302325581395349,0.0,0.06976744186046512,0.0071431475575082,0.777818551659584,0.0,-8.049368476867675,0.019814071379369125,0.02085484378039837,0.008245677687227726,0.040976665914058685,0.0
959,7856128,46,43,0,3,0.9347826086956522,0.0,0.06521739130434782,0.005885699557256885,0.583520570397377,0.0,-8.062336695194244,0.014139513239206281,0.020689895376563072,0.008192033506929874,0.040606360882520676,0.0
960,7864320,55,52,0,3,0.9454545454545454,0.0,0.05454545454545454,0.005956860294099897,0.9935689993202687,0.0,-8.072728443145753,0.015374730272742453,0.02077280357480049,0.008183822967112064,0.04087225720286369,0.0
961,7872512,42,39,0,3,0.9285714285714286,0.0,0.07142857142857142,0.008542245777789503,0.5974987432360649,0.0,-8.07175234556198,0.023808521503815426,0.020724432542920113,0.00819327961653471,0.04081474617123604,0.0
962,7880704,43,39,0,4,0.9069767441860465,0.0,0.09302325581395349,0.0067199270473793146,0.7645926959812641,0.0,-8.078861951828003,0.01930990298569668,0.02072097361087799,0.008178669959306717,0.040842488408088684,0.0
963,7888896,51,48,0,3,0.9411764705882353,0.0,0.058823529411764705,0.00747256021713838,0.6721590392291545,0.0,-8.078261983394622,0.018102636089315637,0.020777547731995583,0.00813047681003809,0.041051484644412994,0.0
964,7897088,42,39,0,3,0.9285714285714286,0.0,0.07142857142857142,0.008157404340454377,0.6566643409430981,0.0,-8.07174198627472,0.0175054947641911,0.020836159586906433,0.008146236650645733,0.041024137288331985,0.0
965,7905280,50,47,0,3,0.94,0.0,0.06,0.005160201966646127,0.6222983006387949,0.0,-8.060131525993347,0.019161689982865937,0.02086273953318596,0.008194413036108017,0.041064560413360596,0.0
966,7913472,52,48,0,4,0.9230769230769231,0.0,0.07692307692307693,0.011395126447314396,0.8222417689859867,0.0,-8.05745359659195,0.03041606183978729,0.02084682695567608,0.008210386149585247,0.040988922119140625,0.0
967,7921664,43,40,0,3,0.9302325581395349,0.0,0.06976744186046512,0.009717701128101908,0.7822036191821098,0.0,-8.064093613624573,0.022801464624353684,0.020746883004903793,0.008155700750648975,0.04078618437051773,0.0
968,7929856,47,40,0,7,0.851063829787234,0.0,0.14893617021276595,0.0059912187687586995,0.6143029268831015,0.0,-8.074080753326417,0.02143415848258883,0.020677652209997177,0.008158057928085327,0.040581315755844116,0.0
969,7938048,46,43,0,3,0.9347826086956522,0.0,0.06521739130434782,0.007993140892358497,0.5895381815731525,0.0,-8.077025890350342,0.02045598384574987,0.02066768705844879,0.008147956803441048,0.040520522743463516,0.0
970,7946240,54,52,0,2,0.9629629629629629,0.0,0.037037037037037035,0.008297747664619238,0.44469053484499454,0.0,-8.070702314376831,0.020794477890012784,0.020777158439159393,0.008216163143515587,0.040843717753887177,0.0
971,7954432,43,43,0,0,1.0,0.0,0.0,0.005188285920303315,0.5162812370806933,0.0,-8.069011890888214,0.014137779214070178,0.020754927769303322,0.008147249929606915,0.040803294628858566,0.0
972,7962624,50,48,0,2,0.96,0.0,0.04,0.00711737279780209,0.5938587192445993,0.0,-8.071410894393921,0.018881769906147382,0.020726051181554794,0.008147362619638443,0.04071104899048805,0.0
973,7970816,41,39,0,2,0.9512195121951219,0.0,0.04878048780487805,0.007483177911490202,0.7687821730971336,0.0,-8.073263537883758,0.021786758326925337,0.020680129528045654,0.00820687972009182,0.04058605805039406,0.0
974,7979008,65,59,0,6,0.9076923076923077,0.0,0.09230769230769231,0.00841572247154545,0.5829594351351262,0.0,-8.06850607395172,0.020059947627305518,0.02074207365512848,0.008248025551438332,0.04065396636724472,0.0
975,7987200,33,30,0,3,0.9090909090909091,0.0,0.09090909090909091,0.007992954840301537,0.38719966560602187,0.0,-8.062051022052765,0.02457786784216296,0.020732998847961426,0.008298643864691257,0.040708836168050766,0.0
976,7995392,49,46,0,3,0.9387755102040817,0.0,0.061224489795918366,0.005633924511494115,0.6517558708786965,0.0,-8.067903435230255,0.015065571464947424,0.020737027749419212,0.008242041803896427,0.04080430418252945,0.0
977,8003584,45,43,0,2,0.9555555555555556,0.0,0.044444444444444446,0.006379897627630271,0.5517029948532581,0.0,-8.073157823085785,0.02442753614450339,0.02063513919711113,0.008291584439575672,0.04049781709909439,0.0
978,8011776,40,38,0,2,0.95,0.0,0.05,0.00518466632347554,0.48306286707520485,0.0,-8.08724217414856,0.01673124547523912,0.020442839711904526,0.008214929141104221,0.040066514164209366,0.0
979,8019968,49,45,0,4,0.9183673469387755,0.0,0.08163265306122448,0.008776045014383272,0.7015860270708799,0.0,-8.104793894290925,0.02764612741593737,0.020395824685692787,0.00823217537254095,0.03998729586601257,0.0
980,8028160,45,42,0,3,0.9333333333333333,0.0,0.06666666666666667,0.006719693366903812,0.38362905867397784,0.0,-8.113527166843415,0.017936187860323118,0.02035791240632534,0.008206460624933243,0.040019191801548004,0.0
981,8036352,47,42,0,5,0.8936170212765957,0.0,0.10638297872340426,0.005550325475633144,0.6013738662004471,0.0,-8.122694027423858,0.01653340148332063,0.020318597555160522,0.00821447093039751,0.04001043364405632,0.0
982,8044544,53,48,0,5,0.9056603773584906,0.0,0.09433962264150944,0.006692213995847851,0.3827938798815012,0.0,-8.129127037525176,0.016566214538761413,0.020288612693548203,0.008169050328433514,0.03991914168000221,0.0
983,8052736,56,54,0,2,0.9642857142857143,0.0,0.03571428571428571,0.00822424141515512,0.5316944628953933,0.0,-8.12843632698059,0.018615199928171934,0.02031576633453369,0.008188002742826939,0.03998317942023277,0.0
984,8060928,37,35,0,2,0.9459459459459459,0.0,0.05405405405405406,0.008748359669698402,0.41410886831581595,0.0,-8.12641738653183,0.02187358581722947,0.020351829007267952,0.008173862472176552,0.04004722461104393,0.0
985,8069120,56,56,0,0,1.0,0.0,0.0,0.005481023353058845,0.6001684196293354,0.0,-8.122692704200745,0.01609653540799627,0.02037104219198227,0.008169225417077541,0.04013102874159813,0.0
986,8077312,50,50,0,0,1.0,0.0,0.0,0.007245853918720968,0.3335820436477661,0.0,-8.124278235435487,0.023672523762797937,0.020309433341026306,0.008228270336985588,0.03991764783859253,0.0
987,8085504,47,44,0,3,0.9361702127659575,0.0,0.06382978723404255,0.011284400665317662,0.41472631059587,0.0,-8.124749553203582,0.01985302905086428,0.02035556361079216,0.008191986940801144,0.04011216387152672,0.0
988,8093696,46,45,0,1,0.9782608695652174,0.0,0.021739130434782608,0.005418615008238703,0.6137755215167999,0.0,-8.127086913585662,0.018277499830583112,0.020343482494354248,0.008137400262057781,0.04011107236146927,0.0
989,8101888,47,44,0,3,0.9361702127659575,0.0,0.06382978723404255,0.006310796673642471,0.39796278849244116,0.0,-8.130095720291138,0.016339573253935667,0.020431149750947952,0.008067797869443893,0.040426429361104965,0.0
990,8110080,54,51,0,3,0.9444444444444444,0.0,0.05555555555555555,0.010246021661441774,0.8334696874022484,0.0,-8.127892804145812,0.0257968209363753,0.020441098138689995,0.008082980290055275,0.040427617728710175,0.0
991,8118272,43,41,0,2,0.9534883720930233,0.0,0.046511627906976744,0.007950631424319,0.4057571992278099,0.0,-8.12823965549469,0.019153993972577155,0.02040492184460163,0.008041603490710258,0.04031912609934807,0.0
992,8126464,50,47,0,3,0.94,0.0,0.06,0.007054010377032682,0.40268447510898114,0.0,-8.136777400970459,0.021769368762033992,0.02031632512807846,0.008051644079387188,0.04014536365866661,0.0
993,8134656,54,51,0,3,0.9444444444444444,0.0,0.05555555555555555,0.006783287521102466,0.5290100939571858,0.0,-8.14553472995758,0.017518608529644552,0.020258955657482147,0.008053392171859741,0.03997519239783287,0.0
994,8142848,42,40,0,2,0.9523809523809523,0.0,0.047619047619047616,0.009138752150465734,0.5367145419120789,0.0,-8.146592545509339,0.025823599638533777,0.020290330052375793,0.008019007742404938,0.04006607457995415,0.0
995,8151040,51,48,0,3,0.9411764705882353,0.0,0.058823529411764705,0.0106843123678118,0.7879519134759903,0.0,-8.152499270439147,0.024684646243986207,0.020146481692790985,0.007992446422576904,0.039702124893665314,0.0
996,8159232,47,45,0,2,0.9574468085106383,0.0,0.0425531914893617,0.00918326660466846,0.5673909265547991,0.0,-8.168679559230805,0.020804350246908142,0.020037168636918068,0.00797271728515625,0.03945121914148331,0.0
997,8167424,46,40,0,6,0.8695652173913043,0.0,0.13043478260869565,0.009677597047993914,0.6338093187659979,0.0,-8.17212246656418,0.026679347708704882,0.020073693245649338,0.007976576685905457,0.03951248154044151,0.0
998,8175616,56,55,0,1,0.9821428571428571,0.0,0.017857142857142856,0.0077012354449834675,0.5152226757258177,0.0,-8.174456632137298,0.02083982387848664,0.020000707358121872,0.007962895557284355,0.039442602545022964,0.0
999,8183808,48,46,0,2,0.9583333333333334,0.0,0.041666666666666664,0.01885244797449559,0.4808895971626043,0.0,-8.179509210586549,0.04670023962389678,0.020058201625943184,0.00800736527889967,0.03955872356891632,0.0
1000,8192000,53,52,0,1,0.9811320754716981,0.0,0.018867924528301886,0.010482561829849146,0.40635649114847183,0.0,-8.173279547691346,0.023573506383399945,0.02006400190293789,0.008014103397727013,0.03958810493350029,0.0
