update,step,done,success,fail,timeout,success_rate,fail_rate,timeout_rate,pi_loss,v_loss,teacher_loss,entropy,kl,std_mean,std_min,std_max,teacher_coef
1,8192,1,0,1,0,0.0,1.0,0.0,-0.01543822402600199,0.3307180881500244,0.0,2.1817555844783785,0.012261462076276075,0.5014184713363647,0.5000951886177063,0.503239095211029,0.0
2,16384,25,0,25,0,0.0,1.0,0.0,-0.006152908207150176,0.9735119424760341,0.0,2.179184240102768,0.009827996592503042,0.4987303912639618,0.4976608455181122,0.5006621479988098,0.0
3,24576,19,0,19,0,0.0,1.0,0.0,-0.0103531843284145,0.6516253646463156,0.0,2.1665542244911196,0.009060416917782277,0.4978969991207123,0.4957731366157532,0.5000362992286682,0.0
4,32768,29,0,29,0,0.0,1.0,0.0,-0.008496475697029382,0.7262806430459022,0.0,2.1635634005069733,0.012375473434804007,0.49742716550827026,0.4907360076904297,0.5014632344245911,0.0
5,40960,20,0,20,0,0.0,1.0,0.0,-0.004072667317814194,0.4621241167187691,0.0,2.158938819169998,0.006695110361033585,0.4964430034160614,0.48800501227378845,0.5025308728218079,0.0
6,49152,54,0,10,44,0.0,0.18518518518518517,0.8148148148148148,-0.004608451569220051,0.23654183177277446,0.0,2.1548999458551408,0.012281347663520136,0.4960464835166931,0.48754027485847473,0.5033749938011169,0.0
7,57344,3,0,3,0,0.0,1.0,0.0,-0.008102647849591449,0.09878166695125401,0.0,2.1527256786823274,0.011036204009724316,0.4957292973995209,0.4882071614265442,0.5026583075523376,0.0
8,65536,15,0,0,15,0.0,0.0,1.0,-0.009067961270920933,0.04063611188903451,0.0,2.153052255511284,0.0120724250053172,0.49627840518951416,0.49047911167144775,0.5030233263969421,0.0
9,73728,13,0,0,13,0.0,0.0,1.0,-0.013491793593857437,0.0324143948033452,0.0,2.1414062529802322,0.011048182813101447,0.4919849634170532,0.48415231704711914,0.49930939078330994,0.0
10,81920,27,0,0,27,0.0,0.0,1.0,-0.01134041040786542,0.027131127729080617,0.0,2.12237289249897,0.01183403164250194,0.4899246394634247,0.47818246483802795,0.5011323690414429,0.0
11,90112,20,0,0,20,0.0,0.0,1.0,-0.011290867294883355,0.03290806959848851,0.0,2.0997769981622696,0.012675986202521018,0.48484236001968384,0.4767291247844696,0.4964022934436798,0.0
12,98304,50,0,0,50,0.0,0.0,1.0,-0.008447573333978654,0.04434592791367322,0.0,2.0728067368268968,0.00950066922669066,0.48067283630371094,0.4736398160457611,0.4933314323425293,0.0
13,106496,5,0,0,5,0.0,0.0,1.0,-0.008134875990799628,0.04036211206112057,0.0,2.0503396868705748,0.009343523338611704,0.4783717095851898,0.4670111835002899,0.49399760365486145,0.0
14,114688,14,0,0,14,0.0,0.0,1.0,-0.008703617594437673,0.048975071008317175,0.0,2.040184611082077,0.011939998560410458,0.4772830903530121,0.46567583084106445,0.4921398460865021,0.0
15,122880,16,0,0,16,0.0,0.0,1.0,-0.007465125262388028,0.03724496569484472,0.0,2.0237384289503098,0.011306333179527428,0.4724753797054291,0.4586583077907562,0.48488008975982666,0.0
16,131072,28,0,0,28,0.0,0.0,1.0,-0.0021014519326854495,0.0699984673410654,0.0,1.9954526022076606,0.00877732622102485,0.4690593183040619,0.45254141092300415,0.482090562582016,0.0
17,139264,16,0,0,16,0.0,0.0,1.0,-0.003148335195146501,0.10332033028826118,0.0,1.9737022146582603,0.00820365330655477,0.4656541049480438,0.4491368532180786,0.4787416458129883,0.0
18,147456,53,0,3,50,0.0,0.05660377358490566,0.9433962264150944,-0.0022381615708582103,0.2259927736595273,0.0,1.9502247154712677,0.007989026164432289,0.46197614073753357,0.4451161026954651,0.47454848885536194,0.0
19,155648,9,0,3,6,0.0,0.3333333333333333,0.6666666666666666,-0.0005212623509578407,0.25127384550869464,0.0,1.9287169575691223,0.0070666350700776094,0.45915016531944275,0.4403328597545624,0.4712616503238678,0.0
20,163840,16,0,3,13,0.0,0.1875,0.8125,-0.0008551623323000968,0.23050315883010625,0.0,1.9136890679597856,0.007031674277823185,0.4568863809108734,0.4374535381793976,0.466945618391037,0.0
21,172032,19,0,6,13,0.0,0.3157894736842105,0.6842105263157895,-0.0029608009965158997,0.3046022402122617,0.0,1.8941541716456414,0.005826661262108246,0.453782320022583,0.4319472014904022,0.46631699800491333,0.0
22,180224,20,0,0,20,0.0,0.0,1.0,-0.0005247585329925641,0.24112407583743334,0.0,1.8729821473360062,0.006192684726556763,0.4504573941230774,0.42475226521492004,0.4654010534286499,0.0
23,188416,15,0,0,15,0.0,0.0,1.0,-0.0024429517274256797,0.18761185985058546,0.0,1.8533218175172805,0.009816240989312063,0.44802746176719666,0.4175994396209717,0.46499037742614746,0.0
24,196608,49,0,0,49,0.0,0.0,1.0,-0.0014941819885279984,0.09078842252492905,0.0,1.8359330311417579,0.007584748570661759,0.44531258940696716,0.4145888090133667,0.4613207280635834,0.0
25,204800,10,0,0,10,0.0,0.0,1.0,-0.0025826702767517418,0.03175141597166657,0.0,1.8167511463165282,0.013892982683319132,0.44237226247787476,0.4118211567401886,0.4584229290485382,0.0
26,212992,16,0,0,16,0.0,0.0,1.0,-0.0015988641418516636,0.03137254021130502,0.0,1.7981652095913887,0.005563113850075752,0.4401145875453949,0.40837061405181885,0.4570607841014862,0.0
27,221184,24,0,0,24,0.0,0.0,1.0,0.0008645710127893836,0.022218103101477028,0.0,1.7825792014598847,0.006824123924889136,0.43797561526298523,0.40597212314605713,0.4548173248767853,0.0
28,229376,16,0,0,16,0.0,0.0,1.0,-0.000730764342006296,0.01973840923747048,0.0,1.7665899410843848,0.005703094369528117,0.4353020191192627,0.39981696009635925,0.4544523358345032,0.0
29,237568,15,0,0,15,0.0,0.0,1.0,-0.0012003707117401064,0.019440703745931386,0.0,1.750803677737713,0.006144185757875675,0.433815598487854,0.3974326550960541,0.4541442096233368,0.0
30,245760,47,0,0,47,0.0,0.0,1.0,-0.0019236147782066837,0.025874127401039004,0.0,1.7409036934375763,0.006809795589651913,0.432422012090683,0.394349068403244,0.45426785945892334,0.0
31,253952,12,0,0,12,0.0,0.0,1.0,-0.0016609667101874948,0.030554022919386626,0.0,1.7255301967263221,0.007405546664813301,0.4295065402984619,0.3889935314655304,0.4527202248573303,0.0
32,262144,16,0,0,16,0.0,0.0,1.0,0.0008732594549655914,0.035698467609472574,0.0,1.7058636412024497,0.007177505853178445,0.4271615445613861,0.3867337703704834,0.45076680183410645,0.0
33,270336,24,0,0,24,0.0,0.0,1.0,0.0014999082050053403,0.02236722286324948,0.0,1.685798668861389,0.009482639425550587,0.423958957195282,0.3836129307746887,0.45079413056373596,0.0
34,278528,18,0,0,18,0.0,0.0,1.0,0.002181457765982486,0.018501907342579216,0.0,1.6726669132709504,0.010189245166111504,0.4233030676841736,0.3824175000190735,0.45411035418510437,0.0
35,286720,14,0,0,14,0.0,0.0,1.0,-0.0024907323881052435,0.012973275710828602,0.0,1.6612234860658646,0.008099510296597145,0.4205949306488037,0.38014888763427734,0.4495057165622711,0.0
36,294912,44,0,0,44,0.0,0.0,1.0,0.002073215926066041,0.017973251559305937,0.0,1.6421909898519516,0.009775779494157177,0.4178924262523651,0.377691388130188,0.44566038250923157,0.0
37,303104,16,0,0,16,0.0,0.0,1.0,0.002043602179037407,0.017530614626593888,0.0,1.6262852564454078,0.010410774934280198,0.4167724549770355,0.376295804977417,0.4445975422859192,0.0
38,311296,15,0,0,15,0.0,0.0,1.0,0.00281770407455042,0.015479156491346657,0.0,1.6169317677617072,0.009048395488207461,0.4151197671890259,0.3731749653816223,0.4421611428260803,0.0
39,319488,23,0,0,23,0.0,0.0,1.0,-0.002625594270648435,0.012950042285956443,0.0,1.602507610619068,0.009073999349857332,0.4128255844116211,0.3703112304210663,0.44065943360328674,0.0
40,327680,19,0,0,19,0.0,0.0,1.0,0.003483625431545079,0.019918573123868556,0.0,1.587757758796215,0.014380409772638814,0.41132983565330505,0.36740922927856445,0.43859216570854187,0.0
41,335872,52,0,0,52,0.0,0.0,1.0,0.0013780804525595157,0.024722278653644025,0.0,1.5795493230223656,0.007235897560531157,0.41066062450408936,0.36672472953796387,0.43702954053878784,0.0
42,344064,5,0,0,5,0.0,0.0,1.0,0.0003666070580948144,0.018851693812757732,0.0,1.567158904671669,0.0084569673959777,0.40820616483688354,0.3634912967681885,0.43260353803634644,0.0
43,352256,18,0,0,18,0.0,0.0,1.0,0.0002904968918301165,0.027100915275514125,0.0,1.5568927571177482,0.007017756822096999,0.4076060652732849,0.3630220592021942,0.43035396933555603,0.0
44,360448,16,0,0,16,0.0,0.0,1.0,0.00374003253527917,0.023223153548315167,0.0,1.5476872116327285,0.01224629462521989,0.40550947189331055,0.36106735467910767,0.42776885628700256,0.0
45,368640,22,0,0,22,0.0,0.0,1.0,-0.002582809218438342,0.02019555022707209,0.0,1.5311255976557732,0.005775126825028565,0.4035983979701996,0.3555002510547638,0.4308179020881653,0.0
46,376832,18,0,0,18,0.0,0.0,1.0,-0.0002747213584370911,0.01073862969642505,0.0,1.5169717878103257,0.004919985509332037,0.4020633101463318,0.3492344617843628,0.4328846335411072,0.0
47,385024,50,0,0,50,0.0,0.0,1.0,0.0021896866732276977,0.019302557723131032,0.0,1.4975077763199807,0.00969071748040733,0.39861130714416504,0.3458297848701477,0.4282507598400116,0.0
48,393216,7,0,0,7,0.0,0.0,1.0,0.001912448217626661,0.013293289754074067,0.0,1.4776842907071113,0.006964437140413793,0.397483229637146,0.3440999388694763,0.4271914064884186,0.0
49,401408,16,0,0,16,0.0,0.0,1.0,-0.0024138389620929957,0.016740012529771774,0.0,1.4654981970787049,0.01077156681130873,0.3948773145675659,0.3414319157600403,0.4222835600376129,0.0
50,409600,17,0,0,17,0.0,0.0,1.0,0.0005749512871261686,0.011059348506387323,0.0,1.4482148736715317,0.01043729721022828,0.39330968260765076,0.33842095732688904,0.42231103777885437,0.0
51,417792,22,0,0,22,0.0,0.0,1.0,0.0020716752391308547,0.011569440126186237,0.0,1.4417402356863023,0.009799361241675797,0.3933170735836029,0.33791807293891907,0.42350462079048157,0.0
52,425984,16,0,0,16,0.0,0.0,1.0,0.00383722638071049,0.020595510851126164,0.0,1.4377408236265183,0.011090720848733327,0.39205288887023926,0.3357999622821808,0.4227127730846405,0.0
53,434176,52,0,0,52,0.0,0.0,1.0,-0.0005780137318652124,0.02721831148955971,0.0,1.426982682943344,0.009199990840716054,0.3912385404109955,0.3331676423549652,0.42360177636146545,0.0
54,442368,7,0,0,7,0.0,0.0,1.0,0.0016501475009135901,0.02254207672085613,0.0,1.4136043623089791,0.0065151776849234014,0.3885015845298767,0.33019813895225525,0.4212369918823242,0.0
55,450560,16,0,0,16,0.0,0.0,1.0,0.0023496685666032136,0.013425465603359044,0.0,1.3899985685944558,0.008392623166946578,0.3857113718986511,0.3263433277606964,0.4186971187591553,0.0
56,458752,20,0,0,20,0.0,0.0,1.0,0.002147023275028914,0.012676015018951148,0.0,1.3709891468286515,0.007406667520263,0.3836953341960907,0.3208323121070862,0.41844502091407776,0.0
57,466944,20,0,0,20,0.0,0.0,1.0,0.0020794839947484434,0.01165133387548849,0.0,1.355232945084572,0.011143442948377925,0.3818252980709076,0.3185495436191559,0.41581448912620544,0.0
58,475136,15,0,0,15,0.0,0.0,1.0,-0.00044147801236249506,0.0125614007236436,0.0,1.3412992388010025,0.006971662888827268,0.3808786869049072,0.3161625564098358,0.4136465787887573,0.0
59,483328,50,0,0,50,0.0,0.0,1.0,0.0010365522233769298,0.015594657929614186,0.0,1.332627210021019,0.009534200018970295,0.3795706629753113,0.3134094774723053,0.412775456905365,0.0
60,491520,10,0,0,10,0.0,0.0,1.0,0.004601614404236898,0.01682364420266822,0.0,1.3203523501753807,0.015917071031799422,0.378493070602417,0.31217440962791443,0.41165444254875183,0.0
61,499712,15,0,0,15,0.0,0.0,1.0,0.0019389133318327366,0.01224512291373685,0.0,1.312024010717869,0.010311602512956597,0.3772431015968323,0.3097725212574005,0.4134252369403839,0.0
62,507904,22,0,0,22,0.0,0.0,1.0,0.005845127819338813,0.011018354468978942,0.0,1.304033750295639,0.013582625543131143,0.3768855035305023,0.3079148530960083,0.41467174887657166,0.0
63,516096,18,0,0,18,0.0,0.0,1.0,0.003530090252752416,0.012662064924370497,0.0,1.300454890727997,0.013865365683523123,0.3762992024421692,0.3061505854129791,0.41601237654685974,0.0
64,524288,14,0,0,14,0.0,0.0,1.0,0.0040645476779900495,0.01101259320275858,0.0,1.2883056983351708,0.013419737404910847,0.37400659918785095,0.3033325672149658,0.41357019543647766,0.0
65,532480,49,0,0,49,0.0,0.0,1.0,0.0033924573042895647,0.017235362308565528,0.0,1.276530572772026,0.014969843781000237,0.37384530901908875,0.3029036819934845,0.41357967257499695,0.0
66,540672,10,0,0,10,0.0,0.0,1.0,0.006131237983936444,0.011081436567474156,0.0,1.2705502182245254,0.015628561462654032,0.37236183881759644,0.30148229002952576,0.4132700562477112,0.0
67,548864,18,0,0,18,0.0,0.0,1.0,0.0005845526524353772,0.012461050954880194,0.0,1.2547146558761597,0.0074067541623662695,0.3701171278953552,0.29928696155548096,0.41112762689590454,0.0
68,557056,22,0,0,22,0.0,0.0,1.0,0.005734314932487905,0.013033461780287326,0.0,1.2429193615913392,0.016389233542940928,0.36963507533073425,0.29911595582962036,0.4100607931613922,0.0
69,565248,18,0,0,18,0.0,0.0,1.0,-0.0012680929765338078,0.012954777595587075,0.0,1.2340253829956054,0.007057890826763469,0.3678008019924164,0.2958001494407654,0.4089162349700928,0.0
70,573440,14,0,0,14,0.0,0.0,1.0,0.000919953448465094,0.015982968243770303,0.0,1.2231081575155258,0.008936661831467064,0.3677324056625366,0.29409196972846985,0.4079689383506775,0.0
71,581632,46,0,0,46,0.0,0.0,1.0,0.004750349832465872,0.025877238879911602,0.0,1.2183200478553773,0.01484057242378185,0.36685657501220703,0.291554719209671,0.40943750739097595,0.0
72,589824,15,0,0,15,0.0,0.0,1.0,0.0024666004930622874,0.01743369004689157,0.0,1.2073344856500625,0.008913695220689988,0.365156888961792,0.28923413157463074,0.4087994396686554,0.0
73,598016,16,0,0,16,0.0,0.0,1.0,0.0025742096768226475,0.012471159163396806,0.0,1.1889094442129136,0.01166021754470421,0.3628838062286377,0.28749167919158936,0.4038670063018799,0.0
74,606208,23,0,0,23,0.0,0.0,1.0,0.0062999343266710636,0.010046119429171085,0.0,1.1719641372561456,0.01413664364044962,0.36094924807548523,0.2860477864742279,0.4016379714012146,0.0
75,614400,17,0,0,17,0.0,0.0,1.0,0.004411054868251085,0.0109782965562772,0.0,1.156413620710373,0.010510106732908753,0.3588521182537079,0.28433850407600403,0.39854875206947327,0.0
76,622592,53,0,0,53,0.0,0.0,1.0,0.0020735193815198728,0.018261105997953563,0.0,1.1436825305223466,0.006713141829823144,0.3582918047904968,0.2809846103191376,0.4002162218093872,0.0
77,630784,5,0,0,5,0.0,0.0,1.0,0.004447285825153813,0.010140637366566807,0.0,1.12210583537817,0.013383752879235544,0.3546146750450134,0.2756972312927246,0.3963175415992737,0.0
78,638976,18,0,0,18,0.0,0.0,1.0,0.0011411877407226712,0.01797105835285038,0.0,1.1002804890275002,0.009046078282699455,0.35331010818481445,0.2752394378185272,0.3934782147407532,0.0
79,647168,14,0,0,14,0.0,0.0,1.0,0.004256408085348084,0.015893107559531928,0.0,1.0931597396731376,0.01149851598420355,0.3527253568172455,0.27348658442497253,0.3939436078071594,0.0
80,655360,24,0,0,24,0.0,0.0,1.0,0.0017186236043926328,0.015209329035133123,0.0,1.085933019220829,0.007386969610888627,0.352152556180954,0.27247947454452515,0.39397993683815,0.0
81,663552,16,0,0,16,0.0,0.0,1.0,0.0033948100928682832,0.014410711138043552,0.0,1.0788179248571397,0.016575223393010673,0.35113561153411865,0.2715340256690979,0.3918132781982422,0.0
82,671744,52,0,0,52,0.0,0.0,1.0,0.0037794546457007526,0.027488644444383682,0.0,1.0683150574564935,0.012739603529917076,0.34924596548080444,0.27022749185562134,0.3896579146385193,0.0
83,679936,7,0,0,7,0.0,0.0,1.0,0.004118638348882086,0.018947232922073454,0.0,1.0531066492199899,0.011520852131798164,0.34837740659713745,0.2694964110851288,0.3885985016822815,0.0
84,688128,17,0,0,17,0.0,0.0,1.0,0.0014717554673552512,0.01652811505482532,0.0,1.0408813670277595,0.010296385669425945,0.3460598587989807,0.2682706117630005,0.3906077444553375,0.0
85,696320,17,0,0,17,0.0,0.0,1.0,-0.00041155196668114514,0.010339994356036187,0.0,1.0260204926133156,0.007739032909012167,0.3446078896522522,0.2664322257041931,0.390222430229187,0.0
86,704512,21,0,0,21,0.0,0.0,1.0,0.0012184385326690973,0.01176157481968403,0.0,1.0087727263569832,0.009677768097390071,0.34278950095176697,0.26298221945762634,0.39007875323295593,0.0
87,712704,17,0,0,17,0.0,0.0,1.0,0.0004519289475865662,0.009754406922729686,0.0,0.9925994031131268,0.007675694827048574,0.34156209230422974,0.2607063949108124,0.39074018597602844,0.0
88,720896,51,0,0,51,0.0,0.0,1.0,0.0019510769168846309,0.017974431719630958,0.0,0.9813345715403556,0.007546781863857177,0.33998414874076843,0.2573480010032654,0.3887290060520172,0.0
89,729088,7,0,0,7,0.0,0.0,1.0,0.003349310258636251,0.015170858637429775,0.0,0.9617742128670216,0.015576824112940812,0.3380471169948578,0.2563757598400116,0.3835373818874359,0.0
90,737280,17,0,0,17,0.0,0.0,1.0,0.006130258372286335,0.0198078669491224,0.0,0.9527892664074897,0.013295717151777353,0.33779215812683105,0.2559327781200409,0.38318225741386414,0.0
91,745472,17,0,0,17,0.0,0.0,1.0,0.0006967088556848466,0.01024552492890507,0.0,0.9448860749602318,0.01015729844039015,0.3364734649658203,0.25388240814208984,0.3822016716003418,0.0
92,753664,23,0,0,23,0.0,0.0,1.0,-0.00026273785042576494,0.01442613642429933,0.0,0.9283561833202839,0.006570274963814881,0.3341531455516815,0.2513066232204437,0.379256933927536,0.0
93,761856,14,0,0,14,0.0,0.0,1.0,0.002251103101298213,0.012000723835080862,0.0,0.917964019626379,0.010172421480092453,0.33445096015930176,0.2512474060058594,0.379484087228775,0.0
94,770048,51,0,0,51,0.0,0.0,1.0,-0.0007959328184369951,0.0133903507492505,0.0,0.9104027763009072,0.008008448079635855,0.3330138623714447,0.24792718887329102,0.38081803917884827,0.0
95,778240,10,0,0,10,0.0,0.0,1.0,0.005011249834205955,0.015123869862873108,0.0,0.8985361561179162,0.01392849831172498,0.33243006467819214,0.2459842562675476,0.3810276985168457,0.0
96,786432,15,0,0,15,0.0,0.0,1.0,0.0020812652306631207,0.008604427479440346,0.0,0.8953827299177647,0.011098467521151179,0.33225271105766296,0.24542741477489471,0.38183102011680603,0.0
97,794624,19,0,0,19,0.0,0.0,1.0,0.007455256197135896,0.024717317888280375,0.0,0.8937256895005703,0.011569531494387775,0.3322908580303192,0.24560220539569855,0.3829335868358612,0.0
98,802816,21,0,0,21,0.0,0.0,1.0,0.0018667330616153777,0.015981060860212892,0.0,0.8888685211539269,0.008349294738218304,0.3317387104034424,0.24243369698524475,0.3837909400463104,0.0
99,811008,14,0,0,14,0.0,0.0,1.0,0.0033543607103638353,0.012053840386215597,0.0,0.8814838536083698,0.011214889003531426,0.3309939503669739,0.24119170010089874,0.3826763927936554,0.0
100,819200,49,0,0,49,0.0,0.0,1.0,0.0064219722582492976,0.013605647347867489,0.0,0.8702216565608978,0.017402739052704418,0.3295148015022278,0.24002555012702942,0.3811517655849457,0.0
101,827392,10,0,0,10,0.0,0.0,1.0,0.0012068819429259746,0.015609961620066315,0.0,0.8572945423424244,0.009352107380254892,0.328342080116272,0.23861005902290344,0.3791121542453766,0.0
102,835584,16,0,0,16,0.0,0.0,1.0,0.003315917131840251,0.010077577736228704,0.0,0.8433755002915859,0.011575284066202585,0.32650092244148254,0.23738962411880493,0.3777032494544983,0.0
103,843776,24,0,0,24,0.0,0.0,1.0,0.003809992829337716,0.014598536828998476,0.0,0.830527650564909,0.013643327178579056,0.3256169557571411,0.23658178746700287,0.3792874813079834,0.0
104,851968,16,0,0,16,0.0,0.0,1.0,0.0017062835191609337,0.01711145186563954,0.0,0.8234028048813343,0.00921365270514798,0.32458266615867615,0.23606646060943604,0.37690475583076477,0.0
105,860160,15,0,0,15,0.0,0.0,1.0,0.004378321650438011,0.01287952468264848,0.0,0.8117040552198886,0.016845770658619585,0.3237682580947876,0.2345096617937088,0.3760114014148712,0.0
106,868352,47,0,0,47,0.0,0.0,1.0,0.0025732967449584978,0.021337798819877206,0.0,0.8156471103429794,0.010303997823939426,0.32513922452926636,0.23485974967479706,0.379850298166275,0.0
107,876544,14,0,0,14,0.0,0.0,1.0,0.0021054030512459576,0.011771046824287623,0.0,0.8108752109110355,0.011685678448338876,0.32296785712242126,0.23341241478919983,0.37824708223342896,0.0
108,884736,14,0,0,14,0.0,0.0,1.0,0.0015676537062972785,0.015025653422344475,0.0,0.7888439916074276,0.011374861306103412,0.32103845477104187,0.23201337456703186,0.3788135051727295,0.0
109,892928,24,0,0,24,0.0,0.0,1.0,0.002067321602953598,0.014206847758032382,0.0,0.773428738117218,0.008547671465203166,0.319033682346344,0.22998660802841187,0.37953564524650574,0.0
110,901120,18,0,0,18,0.0,0.0,1.0,0.0024993436003569514,0.008283042476978152,0.0,0.7506944760680199,0.010793750804077717,0.3172353506088257,0.22847004234790802,0.37717103958129883,0.0
111,909312,14,0,0,14,0.0,0.0,1.0,-0.00099352533579804,0.009008582693058997,0.0,0.7351645357906819,0.010521562950816587,0.31552261114120483,0.22686326503753662,0.37546172738075256,0.0
112,917504,44,0,0,44,0.0,0.0,1.0,0.004173102974891663,0.013598523614928127,0.0,0.7186720170080662,0.012519787376004388,0.3137046694755554,0.2258422076702118,0.3725738823413849,0.0
113,925696,17,0,0,17,0.0,0.0,1.0,0.0028096087538870052,0.01364571121521294,0.0,0.7103974014520645,0.013177463000829448,0.31368958950042725,0.22494913637638092,0.3726831078529358,0.0
114,933888,14,0,0,14,0.0,0.0,1.0,0.00043046041973866523,0.012817075807834043,0.0,0.7019797950983048,0.0075978601915267065,0.3125179708003998,0.22221197187900543,0.37181562185287476,0.0
115,942080,23,0,0,23,0.0,0.0,1.0,0.001114482362754643,0.016361678927205504,0.0,0.6808664068579674,0.007364780021816841,0.3095659017562866,0.22059103846549988,0.368869811296463,0.0
116,950272,19,0,0,19,0.0,0.0,1.0,0.003097415086813271,0.013698085688520222,0.0,0.6478818081319332,0.009583606154774316,0.3060009777545929,0.21825237572193146,0.36360859870910645,0.0
117,958464,52,0,0,52,0.0,0.0,1.0,0.0015581021405523642,0.01530276151606813,0.0,0.6340694203972816,0.010242931827087886,0.3063780665397644,0.21770216524600983,0.36578139662742615,0.0
118,966656,5,0,0,5,0.0,0.0,1.0,0.003272896457929164,0.010699459910392761,0.0,0.6271737188100814,0.008659672147769016,0.30501216650009155,0.21591763198375702,0.36632463335990906,0.0
119,974848,18,0,0,18,0.0,0.0,1.0,0.0001848328742198646,0.008966298325685785,0.0,0.617642717063427,0.008155520495347447,0.3047710061073303,0.21520927548408508,0.36700212955474854,0.0
120,983040,17,0,0,17,0.0,0.0,1.0,-0.0005494050739798695,0.013914948632009327,0.0,0.6094369813799858,0.008448182924621506,0.30337613821029663,0.21392929553985596,0.3655565679073334,0.0
121,991232,21,0,0,21,0.0,0.0,1.0,0.0014828253421001135,0.019388905563391744,0.0,0.5976230211555957,0.009413870453863637,0.30318379402160645,0.21137100458145142,0.3683456480503082,0.0
122,999424,18,0,0,18,0.0,0.0,1.0,0.0019308427406940609,0.01831585286417976,0.0,0.5893587559461594,0.010662838850839762,0.30234310030937195,0.20954515039920807,0.36772122979164124,0.0
123,1007616,50,0,0,50,0.0,0.0,1.0,0.0006895896221976727,0.018205441464670003,0.0,0.5781468659639358,0.011103856031695614,0.30129337310791016,0.20780470967292786,0.36660775542259216,0.0
124,1015808,7,0,0,7,0.0,0.0,1.0,0.0015920364065095782,0.00838133044890128,0.0,0.5594870015978813,0.009340843804966425,0.2993599474430084,0.20547428727149963,0.36523789167404175,0.0
125,1024000,16,0,0,16,0.0,0.0,1.0,0.0033543105237185955,0.019532375945709647,0.0,0.5473635867238045,0.013376570631953655,0.2989200949668884,0.20419159531593323,0.3640056252479553,0.0
126,1032192,18,0,0,18,0.0,0.0,1.0,0.002450397307984531,0.0161039907427039,0.0,0.5366815611720085,0.009805297666025581,0.2970278859138489,0.2030448317527771,0.3621252775192261,0.0
127,1040384,24,0,0,24,0.0,0.0,1.0,0.005371532851131633,0.04788175772409886,0.0,0.5186318933963776,0.01956135502186953,0.29603028297424316,0.20115867257118225,0.3621363341808319,0.0
128,1048576,13,0,0,13,0.0,0.0,1.0,0.002899638080270961,0.03896847502328456,0.0,0.5054332345724106,0.011714612027572003,0.29486075043678284,0.19954271614551544,0.36243271827697754,0.0
129,1056768,52,0,0,52,0.0,0.0,1.0,0.004501439782325178,0.047068191971629855,0.0,0.488742433488369,0.015426674990158063,0.2932717204093933,0.19658273458480835,0.3620453476905823,0.0
130,1064960,8,0,0,8,0.0,0.0,1.0,0.0035360085516003893,0.022436504485085607,0.0,0.47367992997169495,0.018263392098015176,0.29224061965942383,0.19649922847747803,0.36342155933380127,0.0
131,1073152,16,0,0,16,0.0,0.0,1.0,0.005233910901006311,0.020684838597662746,0.0,0.46468605399131774,0.020096359661692986,0.29195529222488403,0.19491469860076904,0.361776739358902,0.0
132,1081344,20,0,0,20,0.0,0.0,1.0,0.003935362878837623,0.01338185096392408,0.0,0.45930998474359513,0.010233098403114127,0.2911369800567627,0.19384393095970154,0.36069509387016296,0.0
133,1089536,20,0,0,20,0.0,0.0,1.0,0.003022763680201024,0.011984182638116181,0.0,0.4510122314095497,0.010803060235048179,0.29055434465408325,0.1924770176410675,0.36012423038482666,0.0
134,1097728,14,0,0,14,0.0,0.0,1.0,0.0033354487066389995,0.023555413831491023,0.0,0.44411476999521254,0.010296576491964516,0.2904297709465027,0.19228078424930573,0.3603823781013489,0.0
135,1105920,50,0,0,50,0.0,0.0,1.0,0.0030549547343980523,0.013579033559653907,0.0,0.44366622120141985,0.008692527528182836,0.29042118787765503,0.19203545153141022,0.3596382439136505,0.0
136,1114112,10,0,0,10,0.0,0.0,1.0,0.0022656824032310395,0.011817352275829762,0.0,0.44077153950929643,0.008497096771316137,0.2899817228317261,0.19152452051639557,0.35903751850128174,0.0
137,1122304,15,0,0,15,0.0,0.0,1.0,0.001963217815500684,0.015894672635477038,0.0,0.4365702852606773,0.01267722726552165,0.29003357887268066,0.19148877263069153,0.3610992729663849,0.0
138,1130496,25,0,0,25,0.0,0.0,1.0,0.001640539726940915,0.022286180208902807,0.0,0.4343018278479576,0.012380775950441602,0.2894898056983948,0.19042472541332245,0.3602137565612793,0.0
139,1138688,15,0,0,15,0.0,0.0,1.0,0.004515678959432989,0.008582846232457086,0.0,0.4230715423822403,0.013023513493681093,0.2882269620895386,0.18915286660194397,0.35815998911857605,0.0
140,1146880,15,0,0,15,0.0,0.0,1.0,0.0021824796567671,0.008549930719891564,0.0,0.414000529050827,0.00868099883373361,0.2874700427055359,0.18915291130542755,0.3565657138824463,0.0
141,1155072,48,0,0,48,0.0,0.0,1.0,0.00832522323471494,0.011435702024027706,0.0,0.40735973566770556,0.02100230574651505,0.2869972586631775,0.1891041249036789,0.3565465807914734,0.0
142,1163264,11,0,0,11,0.0,0.0,1.0,0.0029520992451580242,0.0183501593535766,0.0,0.39719429016113283,0.01684603763424093,0.28486624360084534,0.1887836456298828,0.35285645723342896,0.0
143,1171456,17,0,0,17,0.0,0.0,1.0,0.002479768340708688,0.02021465532016009,0.0,0.38197273164987566,0.012348837611352793,0.2838885486125946,0.1891447901725769,0.3532637357711792,0.0
144,1179648,23,0,0,23,0.0,0.0,1.0,0.006780211586738005,0.06285755112767219,0.0,0.3676389828324318,0.020386186472023837,0.283016562461853,0.18697594106197357,0.3529614508152008,0.0
145,1187840,18,0,0,18,0.0,0.0,1.0,0.005755768535891548,0.033183411112986505,0.0,0.3626811683177948,0.018845841239090076,0.2827748656272888,0.18681278824806213,0.3534025251865387,0.0
146,1196032,13,0,0,13,0.0,0.0,1.0,0.004364629823248834,0.07218558257445692,0.0,0.35043718814849856,0.015851442828716245,0.2805229425430298,0.18553166091442108,0.3503967821598053,0.0
147,1204224,46,0,0,46,0.0,0.0,1.0,0.006732850638218224,0.08948777010664344,0.0,0.33480866253376007,0.018485164566664027,0.2803141474723816,0.1842045933008194,0.3504340350627899,0.0
148,1212416,15,0,0,15,0.0,0.0,1.0,0.006166482670232653,0.08165685348212719,0.0,0.333232082426548,0.01975611918605864,0.28037184476852417,0.18462613224983215,0.3504113256931305,0.0
149,1220608,16,0,0,16,0.0,0.0,1.0,0.0017637772602029146,0.12045061690732836,0.0,0.33290975987911225,0.009124286096630385,0.28032630681991577,0.18376944959163666,0.35288476943969727,0.0
150,1228800,23,0,0,23,0.0,0.0,1.0,0.005826754181180149,0.16743494514375926,0.0,0.324497190117836,0.014882438147469656,0.2790018320083618,0.18357804417610168,0.3527168333530426,0.0
151,1236992,19,0,0,19,0.0,0.0,1.0,0.0013121961208526045,0.17466141041368247,0.0,0.31161284148693086,0.010959492128313287,0.27822208404541016,0.18275515735149384,0.35359498858451843,0.0
152,1245184,52,0,0,52,0.0,0.0,1.0,0.0018777264282107352,0.09908150602132082,0.0,0.29774023294448854,0.012738967596669681,0.2767554223537445,0.1814110279083252,0.3529871702194214,0.0
153,1253376,5,0,0,5,0.0,0.0,1.0,0.0026271076349075884,0.0156031746417284,0.0,0.29054727256298063,0.0115989403318963,0.27704739570617676,0.1806349903345108,0.3539451062679291,0.0
154,1261568,17,0,0,17,0.0,0.0,1.0,0.004395430962904357,0.020835510920733213,0.0,0.2857641354203224,0.010286220052512363,0.27592089772224426,0.1803000122308731,0.35303008556365967,0.0
155,1269760,16,0,0,16,0.0,0.0,1.0,0.0053679337201174345,0.02487877312814817,0.0,0.2747872069478035,0.010931642696232303,0.27514100074768066,0.18038935959339142,0.351392924785614,0.0
156,1277952,22,0,0,22,0.0,0.0,1.0,0.0025096535740885884,0.021387367963325233,0.0,0.2741348952054977,0.01009196148297633,0.27543124556541443,0.18087032437324524,0.35192951560020447,0.0
157,1286144,17,0,0,17,0.0,0.0,1.0,0.005581435922067612,0.009935070504434406,0.0,0.2762569889426231,0.016701847383956192,0.2751487195491791,0.18151447176933289,0.35018447041511536,0.0
158,1294336,52,0,0,52,0.0,0.0,1.0,0.004391238745301962,0.030595702421851455,0.0,0.27593578994274137,0.013864313501107972,0.27542707324028015,0.18026293814182281,0.3501165211200714,0.0
159,1302528,7,0,0,7,0.0,0.0,1.0,0.006080261891474948,0.018294432968832552,0.0,0.27890760749578475,0.01680358376033837,0.27602484822273254,0.17993763089179993,0.3511946201324463,0.0
160,1310720,16,0,0,16,0.0,0.0,1.0,0.00864330661133863,0.03355719263199717,0.0,0.2802804335951805,0.02099087900860468,0.2755669057369232,0.18006910383701324,0.35054656863212585,0.0
161,1318912,17,0,0,17,0.0,0.0,1.0,0.006619460630463436,0.07847311226651073,0.0,0.2744257763028145,0.017315467692969832,0.274971067905426,0.18011803925037384,0.3488003611564636,0.0
162,1327104,21,0,0,21,0.0,0.0,1.0,0.00379797337227501,0.1364688590168953,0.0,0.27039760798215867,0.015070905923494138,0.2749021053314209,0.1794794350862503,0.34964776039123535,0.0
163,1335296,17,0,0,17,0.0,0.0,1.0,0.0036716302420245484,0.06567078963853419,0.0,0.2661179780960083,0.01410592688480392,0.2743982672691345,0.17896753549575806,0.34976401925086975,0.0
164,1343488,51,0,0,51,0.0,0.0,1.0,0.005760582082439214,0.014782546297647059,0.0,0.2605737790465355,0.016975369647843762,0.2738663852214813,0.17823337018489838,0.3489767909049988,0.0
165,1351680,7,0,0,7,0.0,0.0,1.0,0.0021427865489386023,0.009431673056678847,0.0,0.25695992112159727,0.01258305687151733,0.2742776572704315,0.1778671145439148,0.34953412413597107,0.0
166,1359872,17,0,0,17,0.0,0.0,1.0,0.004739035700913519,0.013071281113661825,0.0,0.25724896788597107,0.015453726163104874,0.2735070586204529,0.17755027115345,0.34886160492897034,0.0
167,1368064,20,0,0,20,0.0,0.0,1.0,0.0027962790336459875,0.02674126047641039,0.0,0.24688167870044708,0.01249272444692906,0.2734481692314148,0.175761416554451,0.34999391436576843,0.0
168,1376256,20,0,0,20,0.0,0.0,1.0,0.003039714117767289,0.04505392850842327,0.0,0.2446994200348854,0.013413737215887522,0.27292442321777344,0.17632059752941132,0.34966179728507996,0.0
169,1384448,15,0,0,15,0.0,0.0,1.0,0.010312050866195932,0.03794343823101372,0.0,0.23809475898742677,0.0272076179193391,0.2718954384326935,0.17683646082878113,0.3470098078250885,0.0
170,1392640,50,0,0,50,0.0,0.0,1.0,0.008240909443702548,0.08735421015881002,0.0,0.2293161228299141,0.02362179252304486,0.27118122577667236,0.17653435468673706,0.3466692566871643,0.0
171,1400832,10,0,0,10,0.0,0.0,1.0,0.004043103128788061,0.03435290101915598,0.0,0.225491064786911,0.017047557816113112,0.27114376425743103,0.1756952852010727,0.34550249576568604,0.0
172,1409024,15,0,0,15,0.0,0.0,1.0,0.0019947364169638606,0.028864131052978338,0.0,0.21522905677556992,0.01678651012625778,0.26936253905296326,0.17593398690223694,0.34434831142425537,0.0
173,1417216,19,0,0,19,0.0,0.0,1.0,0.007925907184835523,0.03558977714274079,0.0,0.20731748193502425,0.02424586455526878,0.26942509412765503,0.17573946714401245,0.3453592360019684,0.0
174,1425408,21,0,0,21,0.0,0.0,1.0,0.00042757678893394767,0.03460510764271021,0.0,0.196931292116642,0.008494321249600034,0.2676922678947449,0.174626886844635,0.34432923793792725,0.0
175,1433600,14,0,0,14,0.0,0.0,1.0,0.006712766806595027,0.020726836298126727,0.0,0.184467414021492,0.020074843949259957,0.26707723736763,0.1757582128047943,0.3420257270336151,0.0
176,1441792,49,0,0,49,0.0,0.0,1.0,0.005399150715675205,0.03202079862821847,0.0,0.18254871666431427,0.015164066961006029,0.2668917775154114,0.17565983533859253,0.34303274750709534,0.0
177,1449984,10,0,0,10,0.0,0.0,1.0,0.0037074629974085836,0.059032588126137854,0.0,0.1850719466805458,0.016619722280302084,0.267472505569458,0.1756371408700943,0.3452649414539337,0.0
178,1458176,17,0,0,17,0.0,0.0,1.0,0.007283771625952795,0.1222069401293993,0.0,0.17217158824205397,0.0196721617183357,0.26533621549606323,0.17488738894462585,0.3465745449066162,0.0
179,1466368,23,0,0,23,0.0,0.0,1.0,0.004028448014287278,0.14937773114070296,0.0,0.15125029981136323,0.011966392493923195,0.26418188214302063,0.17400281131267548,0.3476722836494446,0.0
180,1474560,16,0,0,16,0.0,0.0,1.0,0.015046112390700727,0.053638063743710516,0.0,0.14516817927360534,0.035508247498364655,0.2644076943397522,0.17320020496845245,0.35034358501434326,0.0
181,1482752,15,0,0,15,0.0,0.0,1.0,0.0068881977262208235,0.01620171855902299,0.0,0.14024951606988906,0.018499546010571067,0.2638154625892639,0.17200373113155365,0.3506331741809845,0.0
182,1490944,47,0,0,47,0.0,0.0,1.0,0.003577957139350474,0.020672643196303398,0.0,0.13752859979867935,0.014215413170313695,0.26450681686401367,0.17181453108787537,0.3513830900192261,0.0
183,1499136,15,0,0,15,0.0,0.0,1.0,0.008814368618186564,0.01654285070253536,0.0,0.1374120071530342,0.021349842699419242,0.26363998651504517,0.17047953605651855,0.3499840795993805,0.0
184,1507328,14,0,0,14,0.0,0.0,1.0,0.00473528869333677,0.011572162935044617,0.0,0.12924594730138778,0.014514525048434734,0.26379507780075073,0.17000973224639893,0.3504992127418518,0.0
185,1515520,23,0,0,23,0.0,0.0,1.0,0.003950984089169651,0.01888368946965784,0.0,0.1263859137892723,0.014888079553929855,0.2632952332496643,0.1689065843820572,0.35090750455856323,0.0
186,1523712,18,0,0,18,0.0,0.0,1.0,0.005271613044897094,0.012057631649076939,0.0,0.1109356477856636,0.016223381958116078,0.2615463137626648,0.16780704259872437,0.3462407886981964,0.0
187,1531904,54,0,0,54,0.0,0.0,1.0,0.0019526663410943002,0.02727907571243122,0.0,0.09231490343809128,0.010467333078122466,0.25966018438339233,0.1656169593334198,0.3434261083602905,0.0
188,1540096,4,0,0,4,0.0,0.0,1.0,0.006134950226987712,0.018727159244008362,0.0,0.08381746858358383,0.018395918369060384,0.2604820728302002,0.16540783643722534,0.345176637172699,0.0
189,1548288,18,0,0,18,0.0,0.0,1.0,0.0009205654612742364,0.02292061683256179,0.0,0.0804415538907051,0.013248312111682026,0.2592538595199585,0.1637706309556961,0.34453845024108887,0.0
190,1556480,13,0,0,13,0.0,0.0,1.0,0.011007589989458211,0.007458874973235652,0.0,0.0669033706188202,0.02369661482007359,0.25935763120651245,0.16199317574501038,0.34633538126945496,0.0
191,1564672,26,0,0,26,0.0,0.0,1.0,0.0022087892779381947,0.016812715033302082,0.0,0.06411739736795426,0.015213274158304558,0.25862860679626465,0.16203275322914124,0.3434939682483673,0.0
192,1572864,16,0,0,16,0.0,0.0,1.0,0.0007263377076014877,0.006295059126568958,0.0,0.056527136266231535,0.012906223646859871,0.25812503695487976,0.16123196482658386,0.3415234684944153,0.0
193,1581056,52,0,0,52,0.0,0.0,1.0,0.0060955899709369986,0.011153567931614816,0.0,0.0510465070605278,0.022057624894659966,0.257954478263855,0.16057297587394714,0.34342971444129944,0.0
194,1589248,5,0,0,5,0.0,0.0,1.0,0.008345738344360143,0.007553415634902194,0.0,0.04373972713947296,0.01693394665780943,0.2571414113044739,0.1598053276538849,0.34418368339538574,0.0
195,1597440,19,0,0,19,0.0,0.0,1.0,0.009731206146534532,0.012449991650646553,0.0,0.03675202280282974,0.017651631423359505,0.2565074563026428,0.1603599339723587,0.34173116087913513,0.0
196,1605632,17,0,0,17,0.0,0.0,1.0,0.0012350245466222986,0.018914080795366318,0.0,0.031153148412704466,0.01604740010225214,0.2561723589897156,0.16038580238819122,0.3407469689846039,0.0
197,1613824,20,0,0,20,0.0,0.0,1.0,0.001455849374178797,0.02253270400688052,0.0,0.02475128173828125,0.012500433158129454,0.2548852860927582,0.160043865442276,0.3377194106578827,0.0
198,1622016,18,0,0,18,0.0,0.0,1.0,0.002678272852790542,0.02334797172807157,0.0,0.012383009493350982,0.019020357446424895,0.2546096444129944,0.15822891891002655,0.3387397229671478,0.0
199,1630208,50,0,0,50,0.0,0.0,1.0,0.010736600434756837,0.03418437618529424,0.0,0.0025605708360671997,0.025641701324639145,0.25377756357192993,0.15722323954105377,0.3380349576473236,0.0
200,1638400,7,0,0,7,0.0,0.0,1.0,0.010630985817988403,0.01832736199721694,0.0,-0.00822196900844574,0.02727594856187352,0.25245633721351624,0.15689028799533844,0.3361205458641052,0.0
201,1646592,17,0,0,17,0.0,0.0,1.0,0.014899644878460095,0.007484764285618439,0.0,-0.021460844576358794,0.03244665759048075,0.25184398889541626,0.1557224988937378,0.33523523807525635,0.0
202,1654784,18,0,0,18,0.0,0.0,1.0,0.008116859995061532,0.01641434517223388,0.0,-0.031837016344070435,0.02593839703768026,0.25041037797927856,0.1554679125547409,0.3319668471813202,0.0
203,1662976,23,0,0,23,0.0,0.0,1.0,0.005783114663790912,0.032213127333670856,0.0,-0.041868530213832855,0.015497995787154651,0.2501804828643799,0.15588712692260742,0.33309343457221985,0.0
204,1671168,14,0,0,14,0.0,0.0,1.0,0.006853214465081692,0.012344127177493646,0.0,-0.05195617973804474,0.02450851384419366,0.24862352013587952,0.15490689873695374,0.3320038318634033,0.0
205,1679360,51,0,0,51,0.0,0.0,1.0,0.004876788117690012,0.021456080907955765,0.0,-0.07016772180795669,0.014527326862298651,0.2476077526807785,0.153572216629982,0.32999187707901,0.0
206,1687552,9,0,0,9,0.0,0.0,1.0,0.0008867845783242956,0.01432417674222961,0.0,-0.08125792741775513,0.009325209651433398,0.24708132445812225,0.1524054855108261,0.3316521942615509,0.0
207,1695744,16,0,0,16,0.0,0.0,1.0,-0.002603547152830288,0.01598971866769716,0.0,-0.08630187660455704,0.013832698952319334,0.24703854322433472,0.15181295573711395,0.3314579725265503,0.0
208,1703936,19,0,0,19,0.0,0.0,1.0,0.002682158362586051,0.011312656599329785,0.0,-0.09264434427022934,0.013500273918180029,0.24641987681388855,0.15070699155330658,0.33086463809013367,0.0
209,1712128,20,0,0,20,0.0,0.0,1.0,0.006723381881602109,0.009016935134422966,0.0,-0.09873352944850922,0.019363545785017776,0.2464362382888794,0.1505201756954193,0.3311748206615448,0.0
210,1720320,15,0,0,15,0.0,0.0,1.0,0.005703472430468537,0.012691183912102133,0.0,-0.10255297422409057,0.01884218210398103,0.24558040499687195,0.15056955814361572,0.3300870358943939,0.0
211,1728512,49,0,0,49,0.0,0.0,1.0,0.01131536794709973,0.031570323766209184,0.0,-0.11466660648584366,0.03272962179325987,0.24502018094062805,0.14917926490306854,0.3312593102455139,0.0
212,1736704,10,0,0,10,0.0,0.0,1.0,0.0043644988938467575,0.06450465526431799,0.0,-0.12715441584587098,0.02476268021564465,0.2432703822851181,0.14942221343517303,0.328200101852417,0.0
213,1744896,16,0,0,16,0.0,0.0,1.0,0.006138369170366786,0.038781835208646954,0.0,-0.14132793247699738,0.019524941541749285,0.24260041117668152,0.14813432097434998,0.32671499252319336,0.0
214,1753088,24,0,0,24,0.0,0.0,1.0,0.0039134685299359265,0.041903841821476814,0.0,-0.1532427966594696,0.018070260590320686,0.24132925271987915,0.14798994362354279,0.3249385356903076,0.0
215,1761280,16,0,0,16,0.0,0.0,1.0,0.009776429441990331,0.06714647249318659,0.0,-0.15865292698144912,0.03047894088376779,0.24143336713314056,0.14863716065883636,0.3255329728126526,0.0
216,1769472,15,0,0,15,0.0,0.0,1.0,0.01041615231661126,0.16543558165431022,0.0,-0.1612650230526924,0.02840010153595358,0.24097470939159393,0.14768658578395844,0.3247312605381012,0.0
217,1777664,47,0,0,47,0.0,0.0,1.0,0.013665146793937311,0.12676329854875804,0.0,-0.16503566056489943,0.03430897615326103,0.24091944098472595,0.14771141111850739,0.3237268924713135,0.0
218,1785856,12,0,0,12,0.0,0.0,1.0,0.001516852286295034,0.1496280563995242,0.0,-0.1631489560008049,0.017082115912489825,0.24098339676856995,0.1490848958492279,0.32337188720703125,0.0
219,1794048,16,0,0,16,0.0,0.0,1.0,0.014880344859557226,0.17695644218474627,0.0,-0.16606799364089966,0.03907587220455753,0.24011245369911194,0.14877791702747345,0.32260215282440186,0.0
220,1802240,24,0,0,24,0.0,0.0,1.0,0.010719005338614807,0.12481035087257623,0.0,-0.17321352511644364,0.026110142035759055,0.23997478187084198,0.14765648543834686,0.3226737082004547,0.0
221,1810432,18,0,0,18,0.0,0.0,1.0,0.009969014063244686,0.17286008130759,0.0,-0.18190534561872482,0.0249645355528628,0.23903033137321472,0.14706449210643768,0.3212970793247223,0.0
222,1818624,14,0,0,14,0.0,0.0,1.0,0.008527787204366177,0.14042315585538745,0.0,-0.1888831824064255,0.029235964537656402,0.23869433999061584,0.14690354466438293,0.3212379217147827,0.0
223,1826816,44,0,0,44,0.0,0.0,1.0,0.00010632607445586473,0.1267353161238134,0.0,-0.19846371710300445,0.022438699538906804,0.23762080073356628,0.14547193050384521,0.3207114338874817,0.0
224,1835008,17,0,1,16,0.0,0.058823529411764705,0.9411764705882353,-0.004697116807801649,0.1873168472200632,0.0,-0.21710630804300307,0.015774065407458692,0.23658764362335205,0.14363332092761993,0.31874600052833557,0.0
225,1843200,17,0,2,15,0.0,0.11764705882352941,0.8823529411764706,0.004090741503750906,0.17711149174720048,0.0,-0.22373695373535157,0.02484029992847354,0.2366107702255249,0.14324739575386047,0.31900569796562195,0.0
226,1851392,23,0,2,21,0.0,0.08695652173913043,0.9130434782608695,0.008764278935268521,0.16382864397019148,0.0,-0.2297522947192192,0.028766137641650858,0.2362636774778366,0.1425437331199646,0.3193264603614807,0.0
227,1859584,19,0,0,19,0.0,0.0,1.0,0.008033611823339015,0.15881598368287086,0.0,-0.23520803451538086,0.029495626275456745,0.23587577044963837,0.1419469118118286,0.3185156285762787,0.0
228,1867776,49,0,0,49,0.0,0.0,1.0,0.015192898115492426,0.14643508493900298,0.0,-0.24549338668584825,0.034292094907868886,0.23451706767082214,0.140777125954628,0.31761908531188965,0.0
229,1875968,6,0,1,5,0.0,0.16666666666666666,0.8333333333333334,0.00609819662058726,0.12858062889426947,0.0,-0.2614212676882744,0.024079381151386768,0.23423314094543457,0.13989649713039398,0.3185235559940338,0.0
230,1884160,19,0,0,19,0.0,0.0,1.0,0.003828788158716634,0.08856785246171058,0.0,-0.2728405758738518,0.016826518797461176,0.2323223352432251,0.14028261601924896,0.31483137607574463,0.0
231,1892352,17,0,0,17,0.0,0.0,1.0,0.007674788346048444,0.06888358895666898,0.0,-0.2821248322725296,0.023920374270528556,0.23224031925201416,0.14038434624671936,0.3132764399051666,0.0
232,1900544,23,0,1,22,0.0,0.043478260869565216,0.9565217391304348,0.0027206555590964855,0.1571305263787508,0.0,-0.28395267128944396,0.015186324398382568,0.23206406831741333,0.1391875147819519,0.3139638900756836,0.0
233,1908736,18,0,0,18,0.0,0.0,1.0,-0.001432391454000026,0.15294371163472534,0.0,-0.29273169189691545,0.021490330939559498,0.2314513623714447,0.13848663866519928,0.3135663568973541,0.0
234,1916928,46,0,0,46,0.0,0.0,1.0,0.004424841370200739,0.09804001161828638,0.0,-0.30913751423358915,0.01733627447974868,0.2298014611005783,0.13720011711120605,0.31210485100746155,0.0
235,1925120,8,0,0,8,0.0,0.0,1.0,0.014985873742261901,0.0422240256331861,0.0,-0.32288701087236404,0.04837362628168194,0.22929136455059052,0.13705769181251526,0.3118576407432556,0.0
236,1933312,17,0,0,17,0.0,0.0,1.0,0.00948977752123028,0.08918800875544548,0.0,-0.3277279272675514,0.027309953133226372,0.22928735613822937,0.13722164928913116,0.3119520843029022,0.0
237,1941504,18,0,0,18,0.0,0.0,1.0,0.00020144289883319288,0.15236608348786831,0.0,-0.329889252781868,0.015541153044614476,0.22878676652908325,0.13699248433113098,0.31184059381484985,0.0
238,1949696,23,0,0,23,0.0,0.0,1.0,0.007862683909479529,0.07175252586603165,0.0,-0.339541520178318,0.021315506751125212,0.22800730168819427,0.13721737265586853,0.31048184633255005,0.0
239,1957888,16,0,0,16,0.0,0.0,1.0,0.00958855832577683,0.11030528098344802,0.0,-0.34738193154335023,0.03362182459750329,0.22725316882133484,0.136252298951149,0.31012749671936035,0.0
240,1966080,48,0,0,48,0.0,0.0,1.0,0.00408435401332099,0.09004415385425091,0.0,-0.3563565596938133,0.020527441674494183,0.22670617699623108,0.13688673079013824,0.30843108892440796,0.0
241,1974272,8,0,0,8,0.0,0.0,1.0,0.006509890590677969,0.06852586683817208,0.0,-0.36597054451704025,0.020927879139344442,0.22536492347717285,0.13642796874046326,0.307587593793869,0.0
242,1982464,17,0,0,17,0.0,0.0,1.0,0.0065332086873240765,0.05646693781018257,0.0,-0.38113741874694823,0.021486447292409137,0.22490990161895752,0.13545504212379456,0.30955514311790466,0.0
243,1990656,21,0,0,21,0.0,0.0,1.0,0.00513217750703916,0.10894434079527855,0.0,-0.38301060944795606,0.020420097939495462,0.22544562816619873,0.13499240577220917,0.30959397554397583,0.0
244,1998848,21,0,0,21,0.0,0.0,1.0,0.006946901453193277,0.060643794015049934,0.0,-0.3869255751371384,0.02746312720773858,0.22480057179927826,0.13338683545589447,0.3095516562461853,0.0
245,2007040,15,0,0,15,0.0,0.0,1.0,0.0077681247028522195,0.05712291239760816,0.0,-0.39853301346302034,0.019321470678551122,0.2242252230644226,0.13319511711597443,0.31063249707221985,0.0
246,2015232,46,0,0,46,0.0,0.0,1.0,0.006038817833177746,0.06679967478848994,0.0,-0.4045997351408005,0.027997407951625065,0.22374019026756287,0.1330529898405075,0.30956700444221497,0.0
247,2023424,11,0,0,11,0.0,0.0,1.0,0.0016760118116508238,0.04896651902236045,0.0,-0.4159178763628006,0.021213512573740444,0.22271192073822021,0.1326618641614914,0.30940088629722595,0.0
248,2031616,16,0,0,16,0.0,0.0,1.0,0.008008038386469707,0.04958051205612719,0.0,-0.43372676372528074,0.030451567951240578,0.2218807190656662,0.13068751990795135,0.3098030984401703,0.0
249,2039808,25,0,0,25,0.0,0.0,1.0,0.006652211031178012,0.057759073376655576,0.0,-0.45333965569734574,0.022407177651621167,0.22004175186157227,0.12944935262203217,0.3051809072494507,0.0
250,2048000,17,0,0,17,0.0,0.0,1.0,0.008138853622949683,0.06786896889097989,0.0,-0.46475723534822466,0.02558176420716336,0.2197522521018982,0.12974372506141663,0.3051154613494873,0.0
251,2056192,14,0,0,14,0.0,0.0,1.0,0.0029444621701259165,0.06513789677992463,0.0,-0.4639105722308159,0.02505006561477785,0.22002848982810974,0.1300497055053711,0.30569660663604736,0.0
252,2064384,45,0,0,45,0.0,0.0,1.0,0.007892060949234291,0.03027976907324046,0.0,-0.4665272355079651,0.022899056055030086,0.2193061113357544,0.12968428432941437,0.3032863736152649,0.0
253,2072576,12,0,0,12,0.0,0.0,1.0,0.006835499338922091,0.05179298298899084,0.0,-0.46488198190927504,0.026792189235129625,0.21995675563812256,0.13038314878940582,0.30457058548927307,0.0
254,2080768,18,0,0,18,0.0,0.0,1.0,0.004615640256088227,0.03145865791011602,0.0,-0.47288879156112673,0.018130927919992247,0.2185935229063034,0.12879833579063416,0.3046899437904358,0.0
255,2088960,24,0,0,24,0.0,0.0,1.0,0.011129343858920037,0.10294460030272604,0.0,-0.48700009733438493,0.038714694189548024,0.21846112608909607,0.1285652369260788,0.30503910779953003,0.0
256,2097152,18,0,0,18,0.0,0.0,1.0,0.008398199488874524,0.06017275592312217,0.0,-0.48978646397590636,0.030186173059337306,0.2183012068271637,0.12835562229156494,0.3044395446777344,0.0
257,2105344,13,0,0,13,0.0,0.0,1.0,0.0012313702842220663,0.10382750984281301,0.0,-0.4939439848065376,0.019216530317498835,0.21773141622543335,0.12749850749969482,0.30318403244018555,0.0
258,2113536,45,0,1,44,0.0,0.022222222222222223,0.9777777777777777,0.001707753201480955,0.1294283837080002,0.0,-0.5014756575226784,0.026565255397144938,0.21759045124053955,0.1268511861562729,0.30206647515296936,0.0
259,2121728,17,0,2,15,0.0,0.11764705882352941,0.8823529411764706,0.009190318759647199,0.11203668601810932,0.0,-0.5024667724967002,0.03544531524021295,0.21745185554027557,0.12718680500984192,0.30158957839012146,0.0
260,2129920,16,0,0,16,0.0,0.0,1.0,0.006861955364001915,0.09431789321824909,0.0,-0.5102720245718956,0.029452814166143072,0.21601080894470215,0.12685713171958923,0.2986827790737152,0.0
261,2138112,24,0,1,23,0.0,0.041666666666666664,0.9583333333333334,0.015231172990752384,0.11324123144149781,0.0,-0.5293701365590096,0.04184919836843619,0.21484951674938202,0.12610164284706116,0.2975199222564697,0.0
262,2146304,16,0,0,16,0.0,0.0,1.0,0.0022028391831554472,0.06826152433641255,0.0,-0.5408065155148506,0.022792469560954487,0.21406447887420654,0.12603145837783813,0.29523202776908875,0.0
263,2154496,49,0,2,47,0.0,0.04081632653061224,0.9591836734693877,0.002554218110162765,0.14454473964869977,0.0,-0.5545795008540153,0.02088889232472866,0.21277999877929688,0.12480735778808594,0.29228779673576355,0.0
264,2162688,8,0,0,8,0.0,0.0,1.0,0.018922168205608613,0.059751088824123146,0.0,-0.5675135925412178,0.041085289554757765,0.2122965157032013,0.12418060004711151,0.2927333414554596,0.0
265,2170880,18,0,1,17,0.0,0.05555555555555555,0.9444444444444444,0.0074418391974177215,0.08933985708281397,0.0,-0.5808312460780144,0.028309899690793828,0.21151404082775116,0.12314414232969284,0.29152342677116394,0.0
266,2179072,14,0,1,13,0.0,0.07142857142857142,0.9285714285714286,0.00559104909771122,0.12415875466540456,0.0,-0.5876775622367859,0.018744465095369377,0.2114141881465912,0.12270822376012802,0.2921726703643799,0.0
267,2187264,26,0,0,26,0.0,0.0,1.0,0.012207424838561565,0.06552010090090335,0.0,-0.5868795737624168,0.03185341997159412,0.21180033683776855,0.12240847200155258,0.29150471091270447,0.0
268,2195456,15,0,0,15,0.0,0.0,1.0,0.011516549944644794,0.09537864681333304,0.0,-0.5844967395067215,0.025179842668148922,0.21141505241394043,0.12254989892244339,0.2912242114543915,0.0
269,2203648,48,0,0,48,0.0,0.0,1.0,0.008518234675284475,0.07474648561328649,0.0,-0.5907970666885376,0.025819698860141217,0.21065688133239746,0.12305178493261337,0.2889953851699829,0.0
270,2211840,10,0,0,10,0.0,0.0,1.0,0.010637150617549196,0.07148425090126694,0.0,-0.5969948634505272,0.025521799807756908,0.21018211543560028,0.12309520691633224,0.2883271872997284,0.0
271,2220032,16,0,0,16,0.0,0.0,1.0,0.012883281405083834,0.07281583831645548,0.0,-0.6042777821421623,0.0400719830126036,0.20976150035858154,0.12201818078756332,0.2867506742477417,0.0
272,2228224,18,0,0,18,0.0,0.0,1.0,0.011294645234011113,0.06457975846715272,0.0,-0.6165852844715118,0.035000964787468544,0.2086808979511261,0.12077110260725021,0.2856859564781189,0.0
273,2236416,23,0,0,23,0.0,0.0,1.0,0.005879320070380345,0.08939467081800104,0.0,-0.6359849110245704,0.035968765277357304,0.20745591819286346,0.11970926821231842,0.28366369009017944,0.0
274,2244608,17,0,0,17,0.0,0.0,1.0,0.009770286263665185,0.07508226446807384,0.0,-0.6478707045316696,0.02682034546305658,0.20683614909648895,0.11979669332504272,0.2813131511211395,0.0
275,2252800,46,0,0,46,0.0,0.0,1.0,0.004393260576762259,0.07695896937511862,0.0,-0.6530007749795914,0.030594384329015158,0.20628558099269867,0.11940301209688187,0.2805095613002777,0.0
276,2260992,11,0,0,11,0.0,0.0,1.0,0.020955851883627474,0.058903694804757836,0.0,-0.6608918160200119,0.058921344456030054,0.20622849464416504,0.11921746283769608,0.2810775935649872,0.0
277,2269184,15,0,0,15,0.0,0.0,1.0,0.02111227036220953,0.08388249184936285,0.0,-0.6654934614896775,0.04392555449157953,0.20571713149547577,0.11864075064659119,0.2813224196434021,0.0
278,2277376,18,0,0,18,0.0,0.0,1.0,0.017478849983308464,0.09070621598511934,0.0,-0.6788680642843247,0.057330642977467504,0.20483390986919403,0.11824529618024826,0.28058409690856934,0.0
279,2285568,24,0,0,24,0.0,0.0,1.0,0.010956682515097783,0.15776432249695063,0.0,-0.6877544716000557,0.04186269044948858,0.20407545566558838,0.11819171160459518,0.27902480959892273,0.0
280,2293760,15,0,0,15,0.0,0.0,1.0,-0.0004939289239700884,0.12274295212700963,0.0,-0.695968459546566,0.02661463027616264,0.20338353514671326,0.11811315268278122,0.27749356627464294,0.0
281,2301952,46,0,0,46,0.0,0.0,1.0,0.008319400280015543,0.05919237500056625,0.0,-0.7088048443198204,0.03341593673758325,0.20282892882823944,0.11671632528305054,0.27786877751350403,0.0
282,2310144,13,0,0,13,0.0,0.0,1.0,0.0020371564547531306,0.07533133830875158,0.0,-0.7207853451371193,0.018895048461126863,0.20189735293388367,0.11624501645565033,0.2765718400478363,0.0
283,2318336,15,0,0,15,0.0,0.0,1.0,0.0008228670863900334,0.07756639271974564,0.0,-0.7306197360157967,0.02036367754189996,0.20164702832698822,0.1157323494553566,0.27652645111083984,0.0
284,2326528,21,0,0,21,0.0,0.0,1.0,0.001717185723828152,0.08495670785196126,0.0,-0.738622197508812,0.018666789919370784,0.20088714361190796,0.11518148332834244,0.27569830417633057,0.0
285,2334720,20,0,0,20,0.0,0.0,1.0,0.010882821082486772,0.10024947924539447,0.0,-0.7465854823589325,0.033343158229399705,0.20091287791728973,0.11492966115474701,0.27662256360054016,0.0
286,2342912,15,0,0,15,0.0,0.0,1.0,0.007350956846494228,0.07444645869545638,0.0,-0.7527516797184944,0.024624432904238346,0.19995439052581787,0.1144958958029747,0.2738378643989563,0.0
287,2351104,45,0,0,45,0.0,0.0,1.0,0.004871744883712381,0.07424142146483063,0.0,-0.7638228148221969,0.022437676961999387,0.19934386014938354,0.11454176157712936,0.2716982364654541,0.0
288,2359296,13,0,0,13,0.0,0.0,1.0,0.008063915517413988,0.06726297331042588,0.0,-0.7743091478943824,0.021634376383008202,0.19818387925624847,0.11362206190824509,0.2706262171268463,0.0
289,2367488,15,0,0,15,0.0,0.0,1.0,0.00564973740838468,0.057297945395112036,0.0,-0.7887703642249108,0.01941816372127505,0.19785360991954803,0.11329949647188187,0.26823270320892334,0.0
290,2375680,26,0,0,26,0.0,0.0,1.0,0.007648937322665006,0.08983727470040322,0.0,-0.7947670578956604,0.03318734073836822,0.1972758024930954,0.11294039338827133,0.2674237787723541,0.0
291,2383872,15,0,0,15,0.0,0.0,1.0,0.009079987171571702,0.03380633569322526,0.0,-0.7984507560729981,0.03394983614271041,0.1970769464969635,0.11272075027227402,0.26737841963768005,0.0
292,2392064,15,0,0,15,0.0,0.0,1.0,0.010042682971106841,0.0671129456255585,0.0,-0.799958099424839,0.029774052175343967,0.19714197516441345,0.11288642138242722,0.26776203513145447,0.0
293,2400256,45,0,0,45,0.0,0.0,1.0,0.016643258597468957,0.04828638434410095,0.0,-0.8074405908584594,0.05314226849441184,0.19623872637748718,0.11200755089521408,0.26757708191871643,0.0
294,2408448,16,0,0,16,0.0,0.0,1.0,0.0027413994568632914,0.1001725166104734,0.0,-0.8192179173231124,0.022946022266114596,0.19561949372291565,0.11155427992343903,0.2662460505962372,0.0
295,2416640,14,0,0,14,0.0,0.0,1.0,0.012289412401150912,0.0710705359466374,0.0,-0.8284999325871467,0.04535404999624006,0.19508621096611023,0.11144135892391205,0.2646391689777374,0.0
296,2424832,25,0,0,25,0.0,0.0,1.0,0.00189393216278404,0.04970432724803686,0.0,-0.8325575143098831,0.028277924894791796,0.1948808878660202,0.11152628064155579,0.26514676213264465,0.0
297,2433024,17,0,0,17,0.0,0.0,1.0,0.00822362685285043,0.08765915418043732,0.0,-0.8374888464808464,0.05398628776310943,0.19448082149028778,0.11174412816762924,0.2636909782886505,0.0
298,2441216,15,0,0,15,0.0,0.0,1.0,0.00399530956055969,0.09836854413151741,0.0,-0.8430365070700645,0.02372580692099291,0.1935640275478363,0.11171765625476837,0.2619512379169464,0.0
299,2449408,42,0,0,42,0.0,0.0,1.0,0.00590637955465354,0.05894533987157047,0.0,-0.8556219547986984,0.02062415398977464,0.19233500957489014,0.1117473840713501,0.2591592073440552,0.0
300,2457600,17,0,0,17,0.0,0.0,1.0,0.00402642953558825,0.057184300804510715,0.0,-0.872778870165348,0.024371551069634734,0.19158892333507538,0.11155816912651062,0.2582264542579651,0.0
301,2465792,15,0,0,15,0.0,0.0,1.0,0.004815422664978542,0.046580271469429134,0.0,-0.8795771226286888,0.025046338470565387,0.19114860892295837,0.11147280037403107,0.25830864906311035,0.0
302,2473984,24,0,0,24,0.0,0.0,1.0,0.021146551391575487,0.05090017537586391,0.0,-0.8827562525868415,0.06187462983652949,0.19123288989067078,0.11142982542514801,0.25850987434387207,0.0
303,2482176,18,0,0,18,0.0,0.0,1.0,0.0023980229831067844,0.09169129449874162,0.0,-0.882805486023426,0.023781220502132782,0.19081485271453857,0.11125119775533676,0.25750380754470825,0.0
304,2490368,48,0,0,48,0.0,0.0,1.0,0.014585799578344449,0.07327752276323736,0.0,-0.8898587316274643,0.04660220356527134,0.19048333168029785,0.11091963201761246,0.25769639015197754,0.0
305,2498560,8,0,0,8,0.0,0.0,1.0,0.007598789117764682,0.08404933921992779,0.0,-0.901663413643837,0.028506957408535528,0.18927565217018127,0.11135300248861313,0.25551527738571167,0.0
306,2506752,18,0,0,18,0.0,0.0,1.0,0.00632722647569608,0.08779422380030155,0.0,-0.9074486926198005,0.028622757727862335,0.18941007554531097,0.11115339398384094,0.2560458779335022,0.0
307,2514944,17,0,0,17,0.0,0.0,1.0,0.0015514325466938316,0.11376163633540273,0.0,-0.9087824508547783,0.020180739875650035,0.18890690803527832,0.11087666451931,0.25468710064888,0.0
308,2523136,23,0,0,23,0.0,0.0,1.0,0.010154990619048477,0.12166178664192558,0.0,-0.9163844674825669,0.034037495345546634,0.18875639140605927,0.11057200282812119,0.25497767329216003,0.0
309,2531328,18,0,0,18,0.0,0.0,1.0,0.001179702876834199,0.05797209348529577,0.0,-0.924189530313015,0.019697806199837943,0.18818406760692596,0.1096925362944603,0.2542845606803894,0.0
310,2539520,45,0,0,45,0.0,0.0,1.0,0.0052137384715024385,0.062367064878344536,0.0,-0.9407815337181091,0.02401481877459446,0.18693797290325165,0.10927293449640274,0.25377219915390015,0.0
311,2547712,10,0,0,10,0.0,0.0,1.0,0.011685540626058356,0.08246569312177598,0.0,-0.9534428372979165,0.036104466697725004,0.18600571155548096,0.10923753678798676,0.25147584080696106,0.0
312,2555904,15,0,0,15,0.0,0.0,1.0,0.00835843211680185,0.05812467667274177,0.0,-0.9620751872658729,0.029227021723636427,0.1859639585018158,0.10902472585439682,0.25245290994644165,0.0
313,2564096,20,0,0,20,0.0,0.0,1.0,0.013936770844156853,0.045404759654775265,0.0,-0.9711573675274849,0.032554066469310784,0.18486003577709198,0.1086919978260994,0.2506389021873474,0.0
314,2572288,24,0,0,24,0.0,0.0,1.0,0.00827091041719541,0.0606150861363858,0.0,-0.9931505396962166,0.026161049901566,0.183500736951828,0.10788176953792572,0.24964722990989685,0.0
315,2580480,14,0,0,14,0.0,0.0,1.0,0.014638976601418108,0.04022074239328503,0.0,-1.0072589352726937,0.03600766090094112,0.18276888132095337,0.10809645056724548,0.24884472787380219,0.0
316,2588672,47,0,0,47,0.0,0.0,1.0,0.005884559452533722,0.05979259768500924,0.0,-1.0172972187399865,0.03458579034122522,0.18218910694122314,0.10761745274066925,0.24827885627746582,0.0
317,2596864,10,0,0,10,0.0,0.0,1.0,0.005972649052273482,0.04194125169888139,0.0,-1.0382709830999375,0.01795735508276266,0.1799640953540802,0.10623791813850403,0.24470216035842896,0.0
318,2605056,16,0,0,16,0.0,0.0,1.0,0.012666847600485198,0.04754643179476261,0.0,-1.0649618566036225,0.03276334316833527,0.1793074607849121,0.10569465160369873,0.2432042807340622,0.0
319,2613248,22,0,0,22,0.0,0.0,1.0,0.008113693405175582,0.06712122061289846,0.0,-1.0798230648040772,0.02501297735143453,0.17833779752254486,0.10489008575677872,0.24149189889431,0.0
320,2621440,20,0,0,20,0.0,0.0,1.0,0.006223803252214566,0.05798160983249545,0.0,-1.0892774268984795,0.018649257087963632,0.17811904847621918,0.10440690070390701,0.2418796867132187,0.0
321,2629632,15,0,1,14,0.0,0.06666666666666667,0.9333333333333333,0.0083078465948347,0.12533062435686587,0.0,-1.101698914170265,0.03649523095082259,0.1770777404308319,0.10421247035264969,0.2390678972005844,0.0
322,2637824,46,0,0,46,0.0,0.0,1.0,0.013556840890669265,0.06817483939230443,0.0,-1.1049915209412575,0.03352377187111415,0.17717668414115906,0.10405337810516357,0.23900793492794037,0.0
323,2646016,12,0,1,11,0.0,0.08333333333333333,0.9166666666666666,0.012665509770158678,0.19224495775997638,0.0,-1.105585190653801,0.03627026455505984,0.1774579882621765,0.10371369123458862,0.240969717502594,0.0
324,2654208,15,0,0,15,0.0,0.0,1.0,0.0026103294163476675,0.18126480970531703,0.0,-1.1078134909272195,0.014869609512243188,0.17727665603160858,0.10319669544696808,0.24109503626823425,0.0
325,2662400,27,0,0,27,0.0,0.0,1.0,0.01698389137745835,0.11558416057378054,0.0,-1.1120783910155296,0.04512298419795115,0.1771482676267624,0.10283124446868896,0.24085059762001038,0.0
326,2670592,14,0,0,14,0.0,0.0,1.0,0.007777793158311397,0.09574843030422926,0.0,-1.1171367585659027,0.02869575634613284,0.17676661908626556,0.10244738310575485,0.2407332807779312,0.0
327,2678784,16,0,0,16,0.0,0.0,1.0,0.011430049175396561,0.0564630005043,0.0,-1.1272467598319054,0.027413397878262913,0.1761694997549057,0.10153912752866745,0.23936688899993896,0.0
328,2686976,44,0,0,44,0.0,0.0,1.0,0.004236304457299412,0.044468014338053766,0.0,-1.1456431984901427,0.017956590530229733,0.17478516697883606,0.1007615327835083,0.23606173694133759,0.0
329,2695168,14,0,0,14,0.0,0.0,1.0,0.012168580055003986,0.055493134167045356,0.0,-1.1571007654070855,0.03556670695907087,0.174576073884964,0.10098767280578613,0.23439575731754303,0.0
330,2703360,17,0,1,16,0.0,0.058823529411764705,0.9411764705882353,0.007980802908423356,0.08742886735126376,0.0,-1.158733457326889,0.03136687180522131,0.17381760478019714,0.10142277181148529,0.23289534449577332,0.0
331,2711552,24,0,0,24,0.0,0.0,1.0,0.005466776070534252,0.0728888067882508,0.0,-1.1591891631484033,0.020459324476541953,0.1745997965335846,0.1013152226805687,0.2343977689743042,0.0
332,2719744,17,0,1,16,0.0,0.058823529411764705,0.9411764705882353,0.0197294832294574,0.11234347568824887,0.0,-1.1524080276489257,0.0671658611689054,0.1744132936000824,0.10203330963850021,0.23330214619636536,0.0
333,2727936,14,0,0,14,0.0,0.0,1.0,0.01911117908312008,0.07281192978844046,0.0,-1.153572568297386,0.04416808086825767,0.17416100203990936,0.10270693898200989,0.23266342282295227,0.0
334,2736128,45,0,0,45,0.0,0.0,1.0,0.005162183358334005,0.08776851315051318,0.0,-1.1541385352611542,0.032529320209869185,0.17393968999385834,0.10249823331832886,0.2308933287858963,0.0
335,2744320,15,0,0,15,0.0,0.0,1.0,-0.0005709038814529777,0.05729571324773133,0.0,-1.1542866706848145,0.01432717900024727,0.17409031093120575,0.10262543708086014,0.2307688295841217,0.0
336,2752512,16,0,0,16,0.0,0.0,1.0,0.017158450395800173,0.0681262859608978,0.0,-1.1522488832473754,0.053098813546239396,0.17402708530426025,0.10281609743833542,0.23011112213134766,0.0
337,2760704,24,0,1,23,0.0,0.041666666666666664,0.9583333333333334,-0.00011487026640679687,0.1035993161611259,0.0,-1.15800029784441,0.02034744461561786,0.17324289679527283,0.1027100533246994,0.22752860188484192,0.0
338,2768896,19,0,0,19,0.0,0.0,1.0,0.00343893623794429,0.05917115760967136,0.0,-1.1704647853970527,0.01833522181113949,0.17204809188842773,0.10257193446159363,0.22566303610801697,0.0
339,2777088,47,0,0,47,0.0,0.0,1.0,0.015790652355644853,0.0328608209034428,0.0,-1.1841250881552696,0.045246031952410705,0.1714954823255539,0.10309076309204102,0.22494900226593018,0.0
340,2785280,9,0,0,9,0.0,0.0,1.0,0.0067311591119505465,0.033154654502868655,0.0,-1.192020434141159,0.026255361748917495,0.1710108518600464,0.10254129767417908,0.22293777763843536,0.0
341,2793472,16,0,0,16,0.0,0.0,1.0,0.004189242806751281,0.06361696217209101,0.0,-1.1997011497616767,0.029437626555591123,0.17029301822185516,0.102945476770401,0.22115571796894073,0.0
342,2801664,16,0,0,16,0.0,0.0,1.0,0.002828662091633305,0.04921072982251644,0.0,-1.2090695261955262,0.01692203514830908,0.1699432134628296,0.10224507749080658,0.22056181728839874,0.0
343,2809856,24,0,0,24,0.0,0.0,1.0,0.00484284495760221,0.03824941499624401,0.0,-1.2225028052926064,0.029861406701093073,0.16845133900642395,0.10174819827079773,0.2179984152317047,0.0
344,2818048,17,0,0,17,0.0,0.0,1.0,0.011119709047488869,0.049302068166434766,0.0,-1.2403166800737382,0.03721952049018,0.16829103231430054,0.100994773209095,0.2175699919462204,0.0
345,2826240,47,0,2,45,0.0,0.0425531914893617,0.9574468085106383,0.014423892367631197,0.14240929055958987,0.0,-1.24261035323143,0.04421235921763582,0.16819117963314056,0.1007767841219902,0.21780087053775787,0.0
346,2834432,10,0,0,10,0.0,0.0,1.0,0.004874140664469451,0.08519553462974727,0.0,-1.245889313519001,0.02784632123148185,0.16805294156074524,0.10100734233856201,0.2182217836380005,0.0
347,2842624,15,0,0,15,0.0,0.0,1.0,0.012288562901085242,0.03698156815953553,0.0,-1.241601325571537,0.035777638769650365,0.16837726533412933,0.10154348611831665,0.217697873711586,0.0
348,2850816,19,0,0,19,0.0,0.0,1.0,0.008993804303463549,0.03820384985301643,0.0,-1.2445287466049195,0.028108135062939254,0.16740024089813232,0.10200876742601395,0.2162255346775055,0.0
349,2859008,22,0,0,22,0.0,0.0,1.0,0.005452503374544904,0.08018855033442378,0.0,-1.2580874159932136,0.020964836993516655,0.16638515889644623,0.10156033933162689,0.21482199430465698,0.0
350,2867200,17,0,0,17,0.0,0.0,1.0,0.004532302898587659,0.09084887448698283,0.0,-1.272046150267124,0.030003302869590697,0.165891632437706,0.101390041410923,0.2137177735567093,0.0
351,2875392,46,0,0,46,0.0,0.0,1.0,0.004772078688256442,0.08912686356343329,0.0,-1.2765050396323203,0.028421606055781014,0.16584448516368866,0.1012633815407753,0.21430367231369019,0.0
352,2883584,11,0,0,11,0.0,0.0,1.0,0.0025694913812913,0.05387076265178621,0.0,-1.280951350927353,0.023549799963075203,0.1652834564447403,0.10154055804014206,0.2130315899848938,0.0
353,2891776,15,0,0,15,0.0,0.0,1.0,0.005166686643497087,0.05786214512772858,0.0,-1.2861835330724716,0.020568434996675933,0.1651473045349121,0.10065317153930664,0.2129436880350113,0.0
354,2899968,22,0,1,21,0.0,0.045454545454545456,0.9545454545454546,0.0011124176206067204,0.14182581417262555,0.0,-1.2979812353849411,0.018756905181362526,0.164455845952034,0.09995079785585403,0.2127985656261444,0.0
355,2908160,20,0,0,20,0.0,0.0,1.0,0.006301715108565986,0.0890405876096338,0.0,-1.3198601603507996,0.025097969132912113,0.16307604312896729,0.09883062541484833,0.21132276952266693,0.0
356,2916352,16,0,0,16,0.0,0.0,1.0,0.00047112872125580906,0.11317449202761054,0.0,-1.3319019958376885,0.014784349744149949,0.1634684056043625,0.09828005731105804,0.21208588778972626,0.0
357,2924544,45,0,0,45,0.0,0.0,1.0,0.007444560641306453,0.08843318158760667,0.0,-1.335107582807541,0.02871262643748196,0.16278794407844543,0.09756039083003998,0.2104455828666687,0.0
358,2932736,13,0,0,13,0.0,0.0,1.0,0.009499519542441704,0.06511579821817577,0.0,-1.3494998514652252,0.03190964068780886,0.16192995011806488,0.09784779697656631,0.2085869461297989,0.0
359,2940928,15,0,0,15,0.0,0.0,1.0,0.0038552406476810575,0.044286989280954,0.0,-1.359278456866741,0.015803412294917506,0.16132943332195282,0.09760907292366028,0.2086418718099594,0.0
360,2949120,23,0,0,23,0.0,0.0,1.0,0.007864109764341265,0.04557034047320485,0.0,-1.3640079483389855,0.024443464316573228,0.16144375503063202,0.09771661460399628,0.20948651432991028,0.0
361,2957312,19,0,0,19,0.0,0.0,1.0,0.005683610163396224,0.06975580616854131,0.0,-1.3697853952646255,0.023081737288157454,0.16060300171375275,0.09761397540569305,0.20918241143226624,0.0
362,2965504,15,0,0,15,0.0,0.0,1.0,0.0066542158834636215,0.03556192102842033,0.0,-1.383883373439312,0.0200518621946685,0.16006407141685486,0.09691969305276871,0.20781952142715454,0.0
363,2973696,44,0,0,44,0.0,0.0,1.0,0.008182529572513886,0.03476134557276964,0.0,-1.3910366415977478,0.022447118537820644,0.1598617136478424,0.09640222042798996,0.20821689069271088,0.0
364,2981888,13,0,0,13,0.0,0.0,1.0,0.00975155386258848,0.05134997759014368,0.0,-1.3946811452507972,0.030180186757206684,0.15998435020446777,0.09654220938682556,0.20904137194156647,0.0
365,2990080,16,0,0,16,0.0,0.0,1.0,0.0077709858363959935,0.02662886322941631,0.0,-1.394942656159401,0.024548366459930547,0.15965169668197632,0.09644944220781326,0.20846956968307495,0.0
366,2998272,27,0,0,27,0.0,0.0,1.0,0.004981564520858228,0.044278439087793234,0.0,-1.4092965349555016,0.02367761949499254,0.15828993916511536,0.09633905440568924,0.20529504120349884,0.0
367,3006464,14,0,0,14,0.0,0.0,1.0,0.00968794105865527,0.039959002682007846,0.0,-1.4313077181577682,0.03542700697798864,0.1569378674030304,0.09628190845251083,0.20376795530319214,0.0
368,3014656,16,0,0,16,0.0,0.0,1.0,0.005072222126182168,0.06860475256107748,0.0,-1.4529302939772606,0.024573814365430734,0.15566569566726685,0.09617259353399277,0.20185332000255585,0.0
369,3022848,44,0,0,44,0.0,0.0,1.0,0.002735525951720774,0.07256087395362557,0.0,-1.4696179702877998,0.01763577332967543,0.15484727919101715,0.09621208161115646,0.1990920603275299,0.0
370,3031040,16,0,0,16,0.0,0.0,1.0,0.0036082049307879062,0.07039247709326446,0.0,-1.4791840374469758,0.025576565421215492,0.15424419939517975,0.09668248891830444,0.19802752137184143,0.0
371,3039232,14,0,0,14,0.0,0.0,1.0,0.0045466447423677895,0.07281784960068763,0.0,-1.484771119058132,0.017359067081997637,0.15381625294685364,0.09740868210792542,0.1974029690027237,0.0
372,3047424,25,0,0,25,0.0,0.0,1.0,0.011931338027352467,0.027346375305205582,0.0,-1.4918804869055748,0.034873180969589156,0.15313595533370972,0.09669244289398193,0.19818221032619476,0.0
373,3055616,16,0,0,16,0.0,0.0,1.0,0.009551454454776832,0.047961476095952096,0.0,-1.5144832581281662,0.029277144057414262,0.15206103026866913,0.09630250185728073,0.1961667835712433,0.0
374,3063808,50,0,0,50,0.0,0.0,1.0,0.006682827524491586,0.10038464870303869,0.0,-1.5239658594131469,0.03006645066125202,0.15184664726257324,0.09603781253099442,0.19575320184230804,0.0
375,3072000,8,0,0,8,0.0,0.0,1.0,0.005380195163888856,0.06232991851866245,0.0,-1.5259239420294761,0.022547462720103793,0.1518869251012802,0.09640465676784515,0.19602638483047485,0.0
376,3080192,17,0,0,17,0.0,0.0,1.0,0.00034420340089127424,0.08626407003030181,0.0,-1.5211750954389571,0.015996126596292015,0.1521790325641632,0.0966399610042572,0.19624683260917664,0.0
377,3088384,14,0,0,14,0.0,0.0,1.0,-0.0016284988378174603,0.09378412496298552,0.0,-1.5208803445100785,0.015487321832915768,0.15187039971351624,0.09627263247966766,0.19552019238471985,0.0
378,3096576,27,0,0,27,0.0,0.0,1.0,0.006324960780330002,0.045381378126330675,0.0,-1.532841867208481,0.0185640453324595,0.1510401964187622,0.09586847573518753,0.19404275715351105,0.0
379,3104768,16,0,0,16,0.0,0.0,1.0,0.0036475253727985546,0.04212807139847428,0.0,-1.5463157653808595,0.018676070077344776,0.15044888854026794,0.09522661566734314,0.19182632863521576,0.0
380,3112960,47,0,0,47,0.0,0.0,1.0,0.011061152472393587,0.03474614783190191,0.0,-1.557114028930664,0.023986251636233646,0.1498100459575653,0.09501869976520538,0.19046184420585632,0.0
381,3121152,9,0,0,9,0.0,0.0,1.0,0.0048799991665873675,0.038978539407253265,0.0,-1.5676859870553017,0.023023847925651354,0.14957696199417114,0.09457846730947495,0.19022579491138458,0.0
382,3129344,17,0,0,17,0.0,0.0,1.0,0.010696138883940876,0.03660351461730897,0.0,-1.5732008785009384,0.026777378529368435,0.14914849400520325,0.0949777215719223,0.19049939513206482,0.0
383,3137536,18,0,0,18,0.0,0.0,1.0,0.002682588150491938,0.0612166712526232,0.0,-1.5671689167618752,0.020743535801011605,0.15004286170005798,0.09552578628063202,0.19215211272239685,0.0
384,3145728,22,0,0,22,0.0,0.0,1.0,0.006195565062807873,0.03199671977199614,0.0,-1.5550978466868401,0.02523614791862201,0.1501864641904831,0.09605985879898071,0.1915772706270218,0.0
385,3153920,18,0,0,18,0.0,0.0,1.0,0.006633491633692756,0.040233713039197025,0.0,-1.5548103913664817,0.024188151601993012,0.14991480112075806,0.09616667032241821,0.1913762390613556,0.0
386,3162112,45,0,0,45,0.0,0.0,1.0,0.005764453008305281,0.05580303878523409,0.0,-1.552019937336445,0.017332500761403934,0.1509106606245041,0.09520462155342102,0.19530455768108368,0.0
387,3170304,11,0,0,11,0.0,0.0,1.0,0.013305284368107096,0.021097074332647025,0.0,-1.55084737688303,0.03295893316026195,0.15043112635612488,0.09454116970300674,0.1942269653081894,0.0
388,3178496,15,0,0,15,0.0,0.0,1.0,0.007342111045727506,0.026196560356765985,0.0,-1.5641938164830207,0.02229569054688909,0.14964823424816132,0.09448709338903427,0.19248218834400177,0.0
389,3186688,20,0,1,19,0.0,0.05,0.95,-0.002528261236147955,0.09163355119526387,0.0,-1.5745124101638794,0.11750493149156682,0.1489507406949997,0.09454620629549026,0.19110390543937683,0.0
390,3194880,24,0,0,24,0.0,0.0,1.0,0.0006039481260813773,0.053153215115889905,0.0,-1.5909150317311287,0.018974248864105904,0.1481282114982605,0.09386267513036728,0.19000305235385895,0.0
391,3203072,15,0,0,15,0.0,0.0,1.0,0.012252899172017351,0.04557232330553233,0.0,-1.597093439102173,0.030824116055009655,0.14837846159934998,0.09391290694475174,0.19024093449115753,0.0
392,3211264,45,0,0,45,0.0,0.0,1.0,0.011340082457172685,0.04039296556729823,0.0,-1.5988536924123764,0.029149769696959992,0.14773651957511902,0.09367599338293076,0.18985922634601593,0.0
393,3219456,11,0,0,11,0.0,0.0,1.0,0.0107853685709415,0.03301991709740833,0.0,-1.6092933386564254,0.028349536725727376,0.1475486308336258,0.09387259185314178,0.18988573551177979,0.0
394,3227648,17,0,0,17,0.0,0.0,1.0,0.014737071440322325,0.049181714002043006,0.0,-1.6095809906721115,0.05350611454559839,0.14780035614967346,0.09354570508003235,0.1903061866760254,0.0
395,3235840,23,0,0,23,0.0,0.0,1.0,0.010791681805858388,0.0395343906013295,0.0,-1.6011302873492241,0.04757723408329184,0.14853915572166443,0.09339191764593124,0.19142813980579376,0.0
396,3244032,18,0,0,18,0.0,0.0,1.0,0.002484003867721185,0.08987940223887562,0.0,-1.5956362634897232,0.02566571494025993,0.1485583484172821,0.09332465380430222,0.19141337275505066,0.0
397,3252224,17,0,0,17,0.0,0.0,1.0,0.005620243313023821,0.031066057737916708,0.0,-1.5976785629987718,0.02401198488951195,0.14824776351451874,0.09300936758518219,0.19238431751728058,0.0
398,3260416,43,0,0,43,0.0,0.0,1.0,0.005588643054943531,0.03981242140289396,0.0,-1.6078221201896667,0.0192456471027981,0.14799049496650696,0.09257928282022476,0.1931399703025818,0.0
399,3268608,13,0,0,13,0.0,0.0,1.0,0.008377117459895089,0.027440079022198915,0.0,-1.6216227754950523,0.022043077251146313,0.14707767963409424,0.09190452098846436,0.19179920852184296,0.0
400,3276800,15,0,0,15,0.0,0.0,1.0,0.0065960488194832575,0.03114312430843711,0.0,-1.6319210290908814,0.025264638051157817,0.14687347412109375,0.09184763580560684,0.1918209046125412,0.0
401,3284992,29,0,0,29,0.0,0.0,1.0,0.004532360011944547,0.04843181199394166,0.0,-1.635100045800209,0.10558821745071327,0.1466115564107895,0.0919494703412056,0.19152788817882538,0.0
402,3293184,14,0,0,14,0.0,0.0,1.0,0.007474071308388374,0.024612528108991682,0.0,-1.6418967992067337,0.021620412336778826,0.14639267325401306,0.09140495210886002,0.19213584065437317,0.0
403,3301376,15,0,0,15,0.0,0.0,1.0,0.008411424249061383,0.018847146141342818,0.0,-1.6480577677488326,0.024212063932645835,0.14625030755996704,0.09132581949234009,0.1923663318157196,0.0
404,3309568,43,0,0,43,0.0,0.0,1.0,0.00038505147094838323,0.06263410914689302,0.0,-1.6559323444962502,0.019484571024077014,0.14533638954162598,0.09084831178188324,0.19074735045433044,0.0
405,3317760,14,0,0,14,0.0,0.0,1.0,0.005812374717788771,0.028850777260959148,0.0,-1.674584273993969,0.025397629433427937,0.1448066383600235,0.09021696448326111,0.18963105976581573,0.0
406,3325952,16,0,0,16,0.0,0.0,1.0,0.003592991566983983,0.07343595419079066,0.0,-1.6757678747177125,0.017540865303453758,0.14510032534599304,0.09037473797798157,0.1896830052137375,0.0
407,3334144,27,0,0,27,0.0,0.0,1.0,0.004188783472636714,0.07932785893790424,0.0,-1.6829376757144927,0.022817129492614184,0.14414146542549133,0.09008830040693283,0.18847954273223877,0.0
408,3342336,16,0,0,16,0.0,0.0,1.0,0.004695382367935963,0.06592479292303324,0.0,-1.693501962721348,0.027006072273798053,0.14401113986968994,0.08957831561565399,0.1895390897989273,0.0
409,3350528,16,0,0,16,0.0,0.0,1.0,0.004521240934263915,0.03497519358061254,0.0,-1.6989290490746498,0.020409583653963635,0.1438581645488739,0.08937294781208038,0.19031070172786713,0.0
410,3358720,41,0,0,41,0.0,0.0,1.0,0.003173120872816071,0.05662190834991634,0.0,-1.7034740835428237,0.024648487968806875,0.14358067512512207,0.08954814821481705,0.1896950602531433,0.0
411,3366912,16,0,0,16,0.0,0.0,1.0,0.007308944623218849,0.04654192209709436,0.0,-1.7149258896708488,0.020979849160357843,0.1427837312221527,0.08939564228057861,0.18792365491390228,0.0
412,3375104,16,0,0,16,0.0,0.0,1.0,0.00698613584972918,0.030470681213773786,0.0,-1.7277530550956726,0.029378659907524706,0.14206086099147797,0.08860098570585251,0.18761390447616577,0.0
413,3383296,24,0,0,24,0.0,0.0,1.0,0.00821766730514355,0.040831366798374805,0.0,-1.7464787438511848,0.03928921902552247,0.14155271649360657,0.08738715201616287,0.1866532862186432,0.0
414,3391488,19,0,0,19,0.0,0.0,1.0,0.010549904283834621,0.04120072294026613,0.0,-1.752041532099247,0.036240767846175005,0.14162632822990417,0.08736390620470047,0.18686622381210327,0.0
415,3399680,46,0,0,46,0.0,0.0,1.0,0.008705237609683536,0.030148290703073143,0.0,-1.7492795959115028,0.02602182106638793,0.14174994826316833,0.08762714266777039,0.18676333129405975,0.0
416,3407872,9,0,0,9,0.0,0.0,1.0,0.0047710782324429605,0.03274797045160085,0.0,-1.7518094226717948,0.015825425233924762,0.1409653276205063,0.08762239664793015,0.18536531925201416,0.0
417,3416064,17,0,0,17,0.0,0.0,1.0,0.009318186675955076,0.032715182250831275,0.0,-1.7569904416799544,0.02637468649481889,0.14132198691368103,0.08822530508041382,0.18601486086845398,0.0
418,3424256,17,0,0,17,0.0,0.0,1.0,0.006245325814234093,0.06231458331458271,0.0,-1.752643072605133,0.025599919299565954,0.14116305112838745,0.08803151547908783,0.18654340505599976,0.0
419,3432448,24,0,0,24,0.0,0.0,1.0,0.009144397752243094,0.04127210995648056,0.0,-1.7588997200131415,0.03893907682067947,0.14085370302200317,0.08836434781551361,0.18569853901863098,0.0
420,3440640,18,0,0,18,0.0,0.0,1.0,0.009030306269414723,0.0159707605605945,0.0,-1.7592465624213218,0.023503910987346898,0.1406727433204651,0.08903086185455322,0.18421009182929993,0.0
421,3448832,44,0,0,44,0.0,0.0,1.0,0.00732954740524292,0.02360376458382234,0.0,-1.763869246840477,0.02150598770385841,0.14020168781280518,0.08882636576890945,0.18311214447021484,0.0
422,3457024,10,0,0,10,0.0,0.0,1.0,0.0029300636844709514,0.02205975365359336,0.0,-1.779451598227024,0.014406305609008995,0.13894888758659363,0.08791781216859818,0.182958722114563,0.0
423,3465216,15,0,0,15,0.0,0.0,1.0,0.005787211761344224,0.023883620754349976,0.0,-1.8101442530751228,0.018980401507724308,0.1377938985824585,0.08756434172391891,0.1807873696088791,0.0
424,3473408,20,0,0,20,0.0,0.0,1.0,0.008053561730775982,0.02361797746270895,0.0,-1.826644490659237,0.030503672484337586,0.13695859909057617,0.08754540979862213,0.1792154461145401,0.0
425,3481600,23,0,0,23,0.0,0.0,1.0,0.011160376045154408,0.038607791718095544,0.0,-1.8357939317822456,0.0335936569434125,0.13705897331237793,0.08779426664113998,0.17933835089206696,0.0
426,3489792,16,0,0,16,0.0,0.0,1.0,0.0069048616860527545,0.027108019730076195,0.0,-1.8331061482429505,0.022240286019950872,0.13690152764320374,0.08697465807199478,0.17842935025691986,0.0
427,3497984,46,0,0,46,0.0,0.0,1.0,0.0030872912146151068,0.036618799227289854,0.0,-1.838399387896061,0.021213686995906755,0.13677412271499634,0.0868205651640892,0.17834830284118652,0.0
428,3506176,10,0,0,10,0.0,0.0,1.0,0.0069201912148855625,0.06728290822356939,0.0,-1.8424176678061486,0.03724816170943086,0.1366591602563858,0.08683285117149353,0.17767885327339172,0.0
429,3514368,16,0,0,16,0.0,0.0,1.0,0.0026795385754667224,0.10657717818394304,0.0,-1.84775750041008,0.02879913857977954,0.1359776258468628,0.08714281022548676,0.17582997679710388,0.0
430,3522560,23,0,0,23,0.0,0.0,1.0,0.010993941884953529,0.05172099836636335,0.0,-1.851108294725418,0.037780476282932796,0.1363297551870346,0.08729623258113861,0.1756601184606552,0.0
431,3530752,19,0,0,19,0.0,0.0,1.0,0.010964203506591729,0.03622330266516656,0.0,-1.8431232139468192,0.03541452716381173,0.1365453600883484,0.08702545613050461,0.17633594572544098,0.0
432,3538944,17,0,1,16,0.0,0.058823529411764705,0.9411764705882353,0.008496980293421075,0.08775417024735362,0.0,-1.8367264866828918,0.032690431262744825,0.13712015748023987,0.08745497465133667,0.17777825891971588,0.0
433,3547136,44,0,0,44,0.0,0.0,1.0,0.008742362802149729,0.04559936057776213,0.0,-1.8390977680683136,0.026961103323264977,0.13606181740760803,0.08723379671573639,0.1764587163925171,0.0
434,3555328,12,0,0,12,0.0,0.0,1.0,0.005841057491488754,0.05847377884201706,0.0,-1.8576981231570244,0.026003689168283016,0.1354297697544098,0.0873202532529831,0.1752435863018036,0.0
435,3563520,15,0,0,15,0.0,0.0,1.0,0.004975435126107186,0.060084401117637756,0.0,-1.8622650071978568,0.02711677768311347,0.13543051481246948,0.08757267147302628,0.17533501982688904,0.0
436,3571712,27,0,0,27,0.0,0.0,1.0,0.009968195838155225,0.03617322517093271,0.0,-1.8713979750871659,0.031415907284826974,0.13451489806175232,0.08708299696445465,0.17340900003910065,0.0
437,3579904,16,0,0,16,0.0,0.0,1.0,0.006074601603904739,0.023045100015588106,0.0,-1.8802878126502036,0.024161000777530715,0.13477641344070435,0.08715246617794037,0.17398858070373535,0.0
438,3588096,16,0,0,16,0.0,0.0,1.0,0.009658714209217578,0.033602542453445496,0.0,-1.8744630634784698,0.028022316635178866,0.13484428822994232,0.08707692474126816,0.17429816722869873,0.0
439,3596288,42,0,0,42,0.0,0.0,1.0,0.0038387727458029986,0.08470928804017604,0.0,-1.8775597974658012,0.0300409791925631,0.13445574045181274,0.0870572105050087,0.17375048995018005,0.0
440,3604480,13,0,0,13,0.0,0.0,1.0,0.008960602100705728,0.03928485717624426,0.0,-1.8865367859601974,0.022232424558751518,0.13400691747665405,0.08709565550088882,0.1731487363576889,0.0
441,3612672,17,0,0,17,0.0,0.0,1.0,0.0034736215660814197,0.02522999024949968,0.0,-1.8952747896313666,0.020022429061646106,0.1335882544517517,0.08726322650909424,0.17242193222045898,0.0
442,3620864,27,0,0,27,0.0,0.0,1.0,0.015012634519371204,0.02049055603565648,0.0,-1.9029651686549187,0.03633419968246017,0.13326211273670197,0.08706490695476532,0.17223355174064636,0.0
443,3629056,16,0,0,16,0.0,0.0,1.0,0.0050716843514237555,0.02145811760565266,0.0,-1.9121045842766762,0.02260579444337054,0.13268472254276276,0.08695638924837112,0.17171984910964966,0.0
444,3637248,15,0,0,15,0.0,0.0,1.0,0.004457592804101296,0.030220319610089065,0.0,-1.9266666799783707,0.020517159372684547,0.13206569850444794,0.08662068843841553,0.17106914520263672,0.0
445,3645440,42,0,0,42,0.0,0.0,1.0,0.005800212192116305,0.034486991446465255,0.0,-1.933827069401741,0.016684531260398216,0.1318272054195404,0.08600042760372162,0.17203596234321594,0.0
446,3653632,16,0,0,16,0.0,0.0,1.0,0.008382125131902285,0.037912298436276616,0.0,-1.9463946580886842,0.02246505851726397,0.1312057375907898,0.08625215291976929,0.17036320269107819,0.0
447,3661824,17,0,0,17,0.0,0.0,1.0,0.003702741439337842,0.011604682105826214,0.0,-1.9638837590813636,0.015623536933708238,0.1302034556865692,0.08555253595113754,0.1693052500486374,0.0
448,3670016,24,0,0,24,0.0,0.0,1.0,0.005131475126836449,0.0289467059308663,0.0,-1.9834495231509208,0.017336458196950844,0.1294793337583542,0.0851406529545784,0.16871362924575806,0.0
449,3678208,17,0,0,17,0.0,0.0,1.0,0.0024724949384108187,0.033360442612320185,0.0,-2.0018775314092636,0.020081772462435764,0.12870685756206512,0.084407277405262,0.16756998002529144,0.0
450,3686400,48,0,0,48,0.0,0.0,1.0,0.01381824330019299,0.03718746623490006,0.0,-2.0107370376586915,0.042232824317761694,0.12866435945034027,0.08433512598276138,0.1679658144712448,0.0
451,3694592,8,0,0,8,0.0,0.0,1.0,0.014219791523646563,0.034654006781056526,0.0,-2.0132098138332366,0.04363898693773081,0.12851659953594208,0.08472486585378647,0.16733400523662567,0.0
452,3702784,17,0,0,17,0.0,0.0,1.0,0.004205752612324432,0.016065573215018957,0.0,-2.012109789252281,0.016126858790812548,0.12866000831127167,0.08481089770793915,0.16813255846500397,0.0
453,3710976,15,0,0,15,0.0,0.0,1.0,0.005846621686941944,0.017780503700487317,0.0,-2.0153074353933333,0.01772869632113725,0.12835150957107544,0.08430828154087067,0.16879290342330933,0.0
454,3719168,26,0,0,26,0.0,0.0,1.0,0.011373668885789811,0.024535375647246838,0.0,-2.0343678325414656,0.026484008558327332,0.12732312083244324,0.08347906917333603,0.1672031730413437,0.0
455,3727360,16,0,0,16,0.0,0.0,1.0,0.0065049047872889785,0.024276341730728745,0.0,-2.047211354970932,0.019015570906049106,0.12716569006443024,0.0833386704325676,0.16707658767700195,0.0
456,3735552,47,0,0,47,0.0,0.0,1.0,0.004640843186643906,0.034010644908994435,0.0,-2.0576326727867125,0.01400072726610233,0.12662389874458313,0.08241332322359085,0.16723421216011047,0.0
457,3743744,10,0,0,10,0.0,0.0,1.0,0.008759295177878813,0.024497403670102356,0.0,-2.077701023221016,0.02473826972855022,0.12576377391815186,0.08186385035514832,0.16624069213867188,0.0
458,3751936,15,0,0,15,0.0,0.0,1.0,0.0056603749340865765,0.060124505683779715,0.0,-2.0929688990116118,0.02528931813503732,0.12523463368415833,0.08134336769580841,0.1648257076740265,0.0
459,3760128,19,0,0,19,0.0,0.0,1.0,0.00412664141622372,0.036256078910082576,0.0,-2.1048779428005218,0.018981137304217556,0.12458251416683197,0.08127806335687637,0.1638716459274292,0.0
460,3768320,23,0,0,23,0.0,0.0,1.0,0.0067921609443146735,0.025943096540868283,0.0,-2.1080889731645582,0.030638708602054976,0.12489533424377441,0.08161831647157669,0.16353055834770203,0.0
461,3776512,17,0,0,17,0.0,0.0,1.0,0.009899933985434473,0.011362213373649866,0.0,-2.106134808063507,0.02326760378637118,0.12458339333534241,0.08179537951946259,0.16329622268676758,0.0
462,3784704,45,0,0,45,0.0,0.0,1.0,0.00467148088500835,0.04215326968114823,0.0,-2.109722325205803,0.022203157986223233,0.12449701130390167,0.08208157867193222,0.16287517547607422,0.0
463,3792896,11,0,0,11,0.0,0.0,1.0,0.005835809951531701,0.0299399757059291,0.0,-2.1074679762125017,0.017352330526773586,0.12466355413198471,0.08235662430524826,0.16269047558307648,0.0
464,3801088,15,0,0,15,0.0,0.0,1.0,0.005990526912501082,0.04599190889857709,0.0,-2.1085922837257387,0.023122302523552206,0.12423165887594223,0.08237240463495255,0.1614741086959839,0.0
465,3809280,19,0,0,19,0.0,0.0,1.0,0.01221583922742866,0.03244015359086916,0.0,-2.105066066980362,0.031217259799450402,0.12485980987548828,0.08235803246498108,0.1622118204832077,0.0
466,3817472,24,0,0,24,0.0,0.0,1.0,0.0053920572914648805,0.05041051402222365,0.0,-2.108165004849434,0.020802933193772334,0.124160036444664,0.08166583627462387,0.1617545336484909,0.0
467,3825664,15,0,0,15,0.0,0.0,1.0,0.004373970185406506,0.04608250977471471,0.0,-2.11656274497509,0.020215009519597517,0.12420690059661865,0.08170211315155029,0.1614609658718109,0.0
468,3833856,45,0,0,45,0.0,0.0,1.0,0.008149586824583822,0.01971072992309928,0.0,-2.118005561828613,0.0289045820805768,0.12403582036495209,0.08146314322948456,0.1608150750398636,0.0
469,3842048,13,0,0,13,0.0,0.0,1.0,0.005855621283990331,0.03087102104909718,0.0,-2.1209647566080094,0.026062096461828332,0.12394651025533676,0.08166384696960449,0.16050025820732117,0.0
470,3850240,15,0,0,15,0.0,0.0,1.0,0.010402086476096884,0.03158473838120699,0.0,-2.117484351992607,0.02577479702376877,0.12417799234390259,0.08149958401918411,0.1602369099855423,0.0
471,3858432,23,0,0,23,0.0,0.0,1.0,0.003985194553388282,0.022730720543768256,0.0,-2.11531640291214,0.023057268124830443,0.12430976331233978,0.08158392459154129,0.16037039458751678,0.0
472,3866624,19,0,0,19,0.0,0.0,1.0,0.005098211631411687,0.025376206694636493,0.0,-2.1209572523832323,0.0173706811539887,0.12370600551366806,0.0810164287686348,0.1603086143732071,0.0
473,3874816,17,0,0,17,0.0,0.0,1.0,0.004254556313389913,0.0379783266922459,0.0,-2.1285098016262056,0.02266109123156639,0.12382938712835312,0.08088727295398712,0.16102595627307892,0.0
474,3883008,42,0,0,42,0.0,0.0,1.0,0.006495347031159326,0.031872344017028806,0.0,-2.1150268375873567,0.024720926611917094,0.12486889213323593,0.08187601715326309,0.16310079395771027,0.0
475,3891200,13,0,0,13,0.0,0.0,1.0,0.008327739598462358,0.06501130438409745,0.0,-2.1049361675977707,0.031699673947150585,0.12465433776378632,0.08154613524675369,0.16302567720413208,0.0
476,3899392,15,0,0,15,0.0,0.0,1.0,0.0019363870320376008,0.06285112942568957,0.0,-2.104851147532463,0.018812125069234752,0.12516823410987854,0.08150321990251541,0.16471591591835022,0.0
477,3907584,29,0,0,29,0.0,0.0,1.0,0.007901182098430581,0.06052979077212513,0.0,-2.093996375799179,0.027812337705108804,0.12556831538677216,0.08134682476520538,0.16484025120735168,0.0
478,3915776,14,0,0,14,0.0,0.0,1.0,0.006050076422980055,0.02451226752018556,0.0,-2.0968816548585893,0.028618210842978442,0.12497808784246445,0.08134901523590088,0.16408546268939972,0.0
479,3923968,16,0,0,16,0.0,0.0,1.0,0.010394650339731016,0.02183745177462697,0.0,-2.103338974714279,0.02375225037394557,0.12497052550315857,0.08155125379562378,0.16336120665073395,0.0
480,3932160,42,0,0,42,0.0,0.0,1.0,0.004774766112677753,0.03308472335338593,0.0,-2.1065595239400863,0.021517837514693383,0.12457948178052902,0.08164889365434647,0.16235074400901794,0.0
481,3940352,16,0,0,16,0.0,0.0,1.0,0.0028190677228849383,0.11055554887279868,0.0,-2.1101110577583313,0.018733618891565128,0.12438687682151794,0.08183283358812332,0.16211673617362976,0.0
482,3948544,14,0,0,14,0.0,0.0,1.0,0.004764124186476692,0.06610535858199,0.0,-2.115829536318779,0.02109820037803729,0.12402673810720444,0.08154042065143585,0.16118167340755463,0.0
483,3956736,27,0,0,27,0.0,0.0,1.0,0.007195012268493883,0.07273667892441153,0.0,-2.123723363876343,0.025938701374980156,0.1236729770898819,0.08151751011610031,0.16076883673667908,0.0
484,3964928,16,0,0,16,0.0,0.0,1.0,0.002855061861919239,0.04286199870985001,0.0,-2.1320831388235093,0.017474628645140912,0.12335501611232758,0.08173581957817078,0.160505473613739,0.0
485,3973120,17,0,0,17,0.0,0.0,1.0,0.007380942249437794,0.0380663076415658,0.0,-2.136712354421616,0.020931151019613025,0.12327861785888672,0.08132532238960266,0.16125422716140747,0.0
486,3981312,40,0,0,40,0.0,0.0,1.0,0.009890184202231467,0.035731234471313655,0.0,-2.1398307353258135,0.027567537418508436,0.1232285350561142,0.08109176158905029,0.16114674508571625,0.0
487,3989504,16,0,0,16,0.0,0.0,1.0,0.006176970025990158,0.03466998669318855,0.0,-2.144423297047615,0.016501494035765063,0.12271048128604889,0.08120489865541458,0.15956053137779236,0.0
488,3997696,16,0,0,16,0.0,0.0,1.0,0.009002061421051621,0.028729105822276325,0.0,-2.16079366505146,0.027518509381479817,0.12205563485622406,0.08021681010723114,0.15864691138267517,0.0
489,4005888,24,0,0,24,0.0,0.0,1.0,0.010387744949548505,0.02959121708991006,0.0,-2.169979512691498,0.02705042948073242,0.12199436128139496,0.08014751225709915,0.157561257481575,0.0
490,4014080,19,0,0,19,0.0,0.0,1.0,0.01671988097950816,0.03325571296736598,0.0,-2.168047475814819,0.044797885514708466,0.12206070125102997,0.07979114353656769,0.15770210325717926,0.0
491,4022272,47,0,0,47,0.0,0.0,1.0,0.0031391878554131837,0.06693554110825062,0.0,-2.1695730060338976,0.022807447677041636,0.12203879654407501,0.08006590604782104,0.15846242010593414,0.0
492,4030464,8,0,0,8,0.0,0.0,1.0,0.00671829903149046,0.06395691493526101,0.0,-2.1717310547828674,0.027446842892823044,0.12202560901641846,0.0794801265001297,0.15902473032474518,0.0
493,4038656,17,0,0,17,0.0,0.0,1.0,0.008167706988751888,0.08660006849095225,0.0,-2.1758257865905763,0.03387070328826667,0.12189799547195435,0.07935947179794312,0.15885396301746368,0.0
494,4046848,18,0,0,18,0.0,0.0,1.0,0.003238804201828316,0.053793591214343905,0.0,-2.1777375429868697,0.025395329017192124,0.12174327671527863,0.07927460223436356,0.1581994891166687,0.0
495,4055040,23,0,0,23,0.0,0.0,1.0,0.0035853530920576305,0.05017739958129823,0.0,-2.178536021709442,0.020759307949629147,0.12178000062704086,0.07950656861066818,0.15811137855052948,0.0
496,4063232,18,0,0,18,0.0,0.0,1.0,0.004796935751801357,0.06071720663458109,0.0,-2.183665630221367,0.031575239587982654,0.12113149464130402,0.07934844493865967,0.15780474245548248,0.0
497,4071424,44,0,0,44,0.0,0.0,1.0,0.015014282829361037,0.024180233920924367,0.0,-2.1947470247745513,0.03270578271913109,0.12105884402990341,0.07903747260570526,0.15770672261714935,0.0
498,4079616,10,0,0,10,0.0,0.0,1.0,0.0035293322405777873,0.03663551476784051,0.0,-2.2020992815494536,0.018793595698662104,0.12062674760818481,0.07872353494167328,0.1572129726409912,0.0
499,4087808,15,0,0,15,0.0,0.0,1.0,0.00908357954758685,0.03168317317031324,0.0,-2.2074864506721497,0.028590352150058607,0.12055876106023788,0.07900352030992508,0.1568773239850998,0.0
500,4096000,21,0,0,21,0.0,0.0,1.0,0.002183766639791429,0.03342402798589319,0.0,-2.205436107516289,0.018229552621778566,0.12062810361385345,0.07934293150901794,0.15722307562828064,0.0
501,4104192,24,0,0,24,0.0,0.0,1.0,0.0017694009322440252,0.0326686238637194,0.0,-2.199777916073799,0.015716035488730996,0.12103714793920517,0.07938847690820694,0.1579771637916565,0.0
502,4112384,14,0,0,14,0.0,0.0,1.0,0.001648625102825463,0.025369864306412637,0.0,-2.196330726146698,0.01773379861333524,0.12097305059432983,0.07907883077859879,0.15768395364284515,0.0
503,4120576,46,0,0,46,0.0,0.0,1.0,0.0040834216575603936,0.027946024027187377,0.0,-2.2007927924394606,0.02232648918143241,0.12069859355688095,0.07916392385959625,0.15676285326480865,0.0
504,4128768,10,0,0,10,0.0,0.0,1.0,0.006539248354965821,0.03589902548119426,0.0,-2.210629406571388,0.029108728279243223,0.12009434401988983,0.07868041098117828,0.1551184356212616,0.0
505,4136960,16,0,0,16,0.0,0.0,1.0,0.0055550613848026845,0.029925522510893643,0.0,-2.2248830825090407,0.025500610908784437,0.11945020407438278,0.07783359289169312,0.15431460738182068,0.0
506,4145152,24,0,0,24,0.0,0.0,1.0,0.008505465934285894,0.018441108532715588,0.0,-2.243597835302353,0.024761952063272474,0.11861321330070496,0.07807216048240662,0.1522061675786972,0.0
507,4153344,19,0,0,19,0.0,0.0,1.0,0.008490411532693542,0.02396475925343111,0.0,-2.2575174152851103,0.025934712363232394,0.11788337677717209,0.07818491011857986,0.15041673183441162,0.0
508,4161536,16,0,0,16,0.0,0.0,1.0,0.007861639792099594,0.02245359228691086,0.0,-2.2718118488788606,0.028937594643502963,0.11748571693897247,0.07784619182348251,0.15047933161258698,0.0
509,4169728,44,0,0,44,0.0,0.0,1.0,0.009188677233760245,0.05486565651372075,0.0,-2.2877411276102064,0.031132894288748502,0.11657805740833282,0.07724986225366592,0.14948511123657227,0.0
510,4177920,12,0,0,12,0.0,0.0,1.0,0.004445352594484575,0.022032293851953,0.0,-2.3075945734977723,0.019657663514954037,0.11605590581893921,0.07710970193147659,0.1483219712972641,0.0
511,4186112,15,0,0,15,0.0,0.0,1.0,0.010576762270648032,0.0201445925864391,0.0,-2.3099664390087127,0.030411886834190226,0.11623787879943848,0.07729130983352661,0.14872749149799347,0.0
512,4194304,29,0,0,29,0.0,0.0,1.0,0.005946131295058876,0.030030288663692773,0.0,-2.3074638575315474,0.02557449284940958,0.11623101681470871,0.07752928137779236,0.14895543456077576,0.0
513,4202496,14,0,0,14,0.0,0.0,1.0,0.008877890917938202,0.024053860222920775,0.0,-2.3106454789638518,0.03312879663135391,0.1158677339553833,0.07725884765386581,0.1482497751712799,0.0
514,4210688,17,0,0,17,0.0,0.0,1.0,0.00959600232890807,0.017629674647469073,0.0,-2.323988264799118,0.030728073009231593,0.11533429473638535,0.0770779475569725,0.14705942571163177,0.0
515,4218880,41,0,0,41,0.0,0.0,1.0,0.005695037648547441,0.029088913823943584,0.0,-2.32629679441452,0.02851636618070188,0.1154118999838829,0.07717828452587128,0.14691154658794403,0.0
516,4227072,14,0,0,14,0.0,0.0,1.0,0.007852615904994309,0.05166512536816299,0.0,-2.3263555973768235,0.02865732018763083,0.11536730825901031,0.07725457102060318,0.14643022418022156,0.0
517,4235264,17,0,0,17,0.0,0.0,1.0,0.007992530855699443,0.04437524424865842,0.0,-2.3241943567991257,0.03279635035360116,0.11537062376737595,0.07751870900392532,0.14647260308265686,0.0
518,4243456,27,0,0,27,0.0,0.0,1.0,0.008216785755939782,0.02668775515630841,0.0,-2.3240183293819427,0.03603854629400303,0.11526861041784286,0.07713109999895096,0.146029531955719,0.0
519,4251648,15,0,0,15,0.0,0.0,1.0,0.007586074501159601,0.03393703200854361,0.0,-2.331753194332123,0.022727601279621014,0.11496313661336899,0.0773657038807869,0.14546804130077362,0.0
520,4259840,16,0,0,16,0.0,0.0,1.0,0.011082626055576838,0.02217806250555441,0.0,-2.3365633487701416,0.028263750937912845,0.11466631293296814,0.07707779109477997,0.14575105905532837,0.0
521,4268032,42,0,0,42,0.0,0.0,1.0,0.0006555962841957808,0.054398069297894834,0.0,-2.344543421268463,0.017793087563040898,0.11458125710487366,0.07702498883008957,0.1459348052740097,0.0
522,4276224,15,0,0,15,0.0,0.0,1.0,0.006474522774806246,0.057682951586320995,0.0,-2.3479859054088594,0.027078614468337037,0.114449143409729,0.07632467895746231,0.1453162282705307,0.0
523,4284416,17,0,0,17,0.0,0.0,1.0,0.007062321156263351,0.036364269093610346,0.0,-2.3503569811582565,0.028712872815231095,0.11452615261077881,0.07629159092903137,0.14515574276447296,0.0
524,4292608,24,0,0,24,0.0,0.0,1.0,0.011945100253797136,0.032003412500489506,0.0,-2.3520624190568924,0.04054529027926037,0.11444937437772751,0.07610324770212173,0.14504313468933105,0.0
525,4300800,19,0,0,19,0.0,0.0,1.0,0.0077737387560773644,0.018747245124541224,0.0,-2.3576699942350388,0.025772090097598267,0.11392056941986084,0.0757824257016182,0.14407262206077576,0.0
526,4308992,47,0,0,47,0.0,0.0,1.0,0.005449872877215966,0.02859336039982736,0.0,-2.3726637929677965,0.027099345139140495,0.11338384449481964,0.07544408738613129,0.1428433656692505,0.0
527,4317184,8,0,0,8,0.0,0.0,1.0,0.005094920209376142,0.04111739012878388,0.0,-2.3872240275144576,0.01959099659216008,0.11282548308372498,0.07453369349241257,0.14280709624290466,0.0
528,4325376,16,0,0,16,0.0,0.0,1.0,0.0036024745495524257,0.04731219473760575,0.0,-2.3998791694641115,0.018837012817675712,0.1126173734664917,0.07466989755630493,0.1421550214290619,0.0
529,4333568,17,0,0,17,0.0,0.0,1.0,0.005307697760872543,0.04131256542168558,0.0,-2.389278417825699,0.02510093899545609,0.11334884166717529,0.0752352699637413,0.14248965680599213,0.0
530,4341760,24,0,0,24,0.0,0.0,1.0,0.005154896731255576,0.02842563355807215,0.0,-2.3748557567596436,0.025042830671009143,0.11363339424133301,0.07555171102285385,0.1435966193675995,0.0
531,4349952,17,0,0,17,0.0,0.0,1.0,0.0020513866737019272,0.04120745088439435,0.0,-2.3755226761102675,0.02319454216194572,0.11338778585195541,0.07547067850828171,0.14298556745052338,0.0
532,4358144,46,0,0,46,0.0,0.0,1.0,0.005111837809090502,0.044912227196618915,0.0,-2.3835971385240553,0.014843062124418794,0.11314046382904053,0.07493378967046738,0.1422213464975357,0.0
533,4366336,10,0,0,10,0.0,0.0,1.0,0.010347620386164635,0.03104658650700003,0.0,-2.3846725791692736,0.02561637246981263,0.11330199241638184,0.07490980625152588,0.142913356423378,0.0
534,4374528,15,0,0,15,0.0,0.0,1.0,0.0023727663967292754,0.06114791808649898,0.0,-2.3803837060928346,0.015653487557574407,0.11351551115512848,0.0748964250087738,0.14374180138111115,0.0
535,4382720,20,0,1,19,0.0,0.05,0.95,0.004462989326566458,0.08083037100732327,0.0,-2.3824879080057144,0.026883541819552194,0.11334994435310364,0.07457203418016434,0.1437024474143982,0.0
536,4390912,22,0,0,22,0.0,0.0,1.0,0.0017718266550218686,0.04276372450403869,0.0,-2.3922765046358108,0.020192252748529427,0.11274304240942001,0.07428711652755737,0.14242306351661682,0.0
537,4399104,17,0,0,17,0.0,0.0,1.0,0.00402394492411986,0.0541099953930825,0.0,-2.401377183198929,0.025577441621862818,0.11254119873046875,0.07439425587654114,0.14153152704238892,0.0
538,4407296,45,0,2,43,0.0,0.044444444444444446,0.9555555555555556,0.005408726580208167,0.13693823819048703,0.0,-2.4103793770074846,0.031782648983062246,0.11217691749334335,0.07380153983831406,0.1404171884059906,0.0
539,4415488,12,0,1,11,0.0,0.08333333333333333,0.9166666666666666,0.011797799618216231,0.08487959261983632,0.0,-2.4109638214111326,0.046229433218832126,0.11240462958812714,0.07390718907117844,0.1402355134487152,0.0
540,4423680,14,0,0,14,0.0,0.0,1.0,0.00624007947917562,0.05322124944068492,0.0,-2.4087516874074937,0.025706619111588225,0.11240456998348236,0.07375893741846085,0.14075717329978943,0.0
541,4431872,23,0,0,23,0.0,0.0,1.0,0.003148256026906893,0.03635748173110187,0.0,-2.411922773718834,0.02109704579343088,0.11222516000270844,0.07332028448581696,0.14109709858894348,0.0
542,4440064,20,0,1,19,0.0,0.05,0.95,0.005427806871011853,0.07462620753794909,0.0,-2.4148041933774946,0.03632392089057248,0.11237698793411255,0.07298611849546432,0.14161263406276703,0.0
543,4448256,17,0,0,17,0.0,0.0,1.0,0.004966163047356531,0.046243281965143976,0.0,-2.418445089459419,0.02609789639536757,0.11207848787307739,0.07301682233810425,0.14201146364212036,0.0
544,4456448,43,0,0,43,0.0,0.0,1.0,0.004088619112735614,0.03851094869896769,0.0,-2.4227236568927766,0.021079015777650055,0.1117970198392868,0.07378948479890823,0.14138798415660858,0.0
545,4464640,13,0,0,13,0.0,0.0,1.0,0.015571347341756336,0.01963793145259842,0.0,-2.4216670423746107,0.03715599588176701,0.11199629306793213,0.07410438358783722,0.1415671408176422,0.0
546,4472832,15,0,0,15,0.0,0.0,1.0,0.0027341054286807776,0.021778099157381804,0.0,-2.4271255105733873,0.01493042469082866,0.1111454963684082,0.07380451261997223,0.14069552719593048,0.0
547,4481024,24,0,0,24,0.0,0.0,1.0,0.006374092976329848,0.022119812422897667,0.0,-2.4490702509880067,0.0227375516165921,0.1105133518576622,0.07397834211587906,0.13936229050159454,0.0
548,4489216,19,0,0,19,0.0,0.0,1.0,0.006165938996127806,0.032650927710346875,0.0,-2.4497542709112166,0.026618006029457318,0.11070477962493896,0.07432175427675247,0.1392102688550949,0.0
549,4497408,16,0,0,16,0.0,0.0,1.0,0.004345363413449377,0.018575429101474583,0.0,-2.4459202915430067,0.021671133430936608,0.11053428053855896,0.0751146674156189,0.13831189274787903,0.0
550,4505600,42,0,0,42,0.0,0.0,1.0,0.007511071802582592,0.022374858940020205,0.0,-2.445548579096794,0.025054432763135993,0.11054961383342743,0.0749843493103981,0.13819067180156708,0.0
551,4513792,13,0,0,13,0.0,0.0,1.0,0.009715976630104706,0.02256404106738046,0.0,-2.441074475646019,0.024924112315056847,0.11079244315624237,0.07544425129890442,0.13809898495674133,0.0
552,4521984,17,0,0,17,0.0,0.0,1.0,0.006577909045154229,0.011319598573027178,0.0,-2.4443109065294264,0.01999215667892713,0.11027183383703232,0.0754404366016388,0.13727009296417236,0.0
553,4530176,27,0,0,27,0.0,0.0,1.0,0.004167367104673758,0.025623980327509344,0.0,-2.4582587510347365,0.022788643192325254,0.10978849232196808,0.07441980391740799,0.13740819692611694,0.0
554,4538368,14,0,0,14,0.0,0.0,1.0,0.006231342564569786,0.039767744741402565,0.0,-2.4690269827842712,0.023546063419780695,0.10971604287624359,0.07406789064407349,0.13783851265907288,0.0
555,4546560,16,0,0,16,0.0,0.0,1.0,0.00248078127624467,0.04704908423591405,0.0,-2.4733093708753584,0.025281730643473565,0.10946928709745407,0.07439281791448593,0.13702687621116638,0.0
556,4554752,43,0,0,43,0.0,0.0,1.0,0.005801385687664151,0.0291547896922566,0.0,-2.4778166025877,0.019769227932556532,0.10923390090465546,0.07420162111520767,0.13663363456726074,0.0
557,4562944,16,0,0,16,0.0,0.0,1.0,0.008061294959043152,0.034869344998151065,0.0,-2.4821654498577117,0.026207058115687687,0.10919057577848434,0.07421848177909851,0.13677996397018433,0.0
558,4571136,15,0,0,15,0.0,0.0,1.0,0.008139801264042035,0.016614853264763953,0.0,-2.4838418513536453,0.019298608745157254,0.10913287103176117,0.07389137148857117,0.13731591403484344,0.0
559,4579328,26,0,0,26,0.0,0.0,1.0,0.01855216539115645,0.027655195561237633,0.0,-2.486524227261543,0.053495099089923316,0.10913324356079102,0.07365462183952332,0.13758297264575958,0.0
560,4587520,15,0,0,15,0.0,0.0,1.0,0.00775082214968279,0.0269531806348823,0.0,-2.4869919776916505,0.02620425362838432,0.10928569734096527,0.07394081354141235,0.13821139931678772,0.0
561,4595712,50,0,0,50,0.0,0.0,1.0,0.010598810925148427,0.024707661545835435,0.0,-2.4920010209083556,0.030720533979183527,0.10863345861434937,0.07350024580955505,0.13724981248378754,0.0
562,4603904,7,0,0,7,0.0,0.0,1.0,0.007325202523497864,0.03253599309828133,0.0,-2.5055869072675705,0.02645193448261125,0.10825935006141663,0.07295417785644531,0.13697493076324463,0.0
563,4612096,17,0,0,17,0.0,0.0,1.0,0.006255520711420104,0.028725939127616583,0.0,-2.5339057624340056,0.019184942814172247,0.1069745123386383,0.07199368625879288,0.13577717542648315,0.0
564,4620288,15,0,0,15,0.0,0.0,1.0,0.005770473697339185,0.01760371479904279,0.0,-2.5577314347028732,0.020229761002701706,0.10654453933238983,0.07169318944215775,0.13495483994483948,0.0
565,4628480,27,0,0,27,0.0,0.0,1.0,0.007402159547200427,0.029088425752706825,0.0,-2.5642094910144806,0.025975193176418544,0.10633834451436996,0.07183662056922913,0.13456347584724426,0.0
566,4636672,16,0,0,16,0.0,0.0,1.0,0.0030015338823432105,0.0299147596815601,0.0,-2.57172429561615,0.021821572286717127,0.10585524886846542,0.07150140404701233,0.13334175944328308,0.0
567,4644864,47,0,0,47,0.0,0.0,1.0,0.006258496374357492,0.018090236000716686,0.0,-2.584989768266678,0.015562171518104151,0.10543235391378403,0.0714707300066948,0.13283073902130127,0.0
568,4653056,9,0,0,9,0.0,0.0,1.0,0.004761496762512252,0.0251810347661376,0.0,-2.5943965554237365,0.020454629800224212,0.10516779124736786,0.07119862735271454,0.1329765021800995,0.0
569,4661248,16,0,0,16,0.0,0.0,1.0,0.005623726587509736,0.02542715452145785,0.0,-2.6011366188526153,0.021342037846625316,0.10506837069988251,0.07066788524389267,0.13298724591732025,0.0
570,4669440,19,0,0,19,0.0,0.0,1.0,0.006707849254598841,0.022736344928853215,0.0,-2.6061565458774565,0.028622529533458875,0.10480596125125885,0.07097701728343964,0.13278941810131073,0.0
571,4677632,22,0,0,22,0.0,0.0,1.0,0.005130227311747148,0.041716405050829054,0.0,-2.6070232689380646,0.02688125712738838,0.10499193519353867,0.07102404534816742,0.133159339427948,0.0
572,4685824,18,0,0,18,0.0,0.0,1.0,0.006884095288114622,0.034624799224548045,0.0,-2.6078507602214813,0.02936735459807096,0.10467519611120224,0.07085937261581421,0.1324760466814041,0.0
573,4694016,45,0,0,45,0.0,0.0,1.0,0.004696368600707501,0.04063806836493313,0.0,-2.6240038156509398,0.017364063512650317,0.10397463291883469,0.07046151906251907,0.13171100616455078,0.0
574,4702208,11,0,0,11,0.0,0.0,1.0,0.008917334681609646,0.021904392074793576,0.0,-2.6315480351448057,0.024035139012266882,0.10403484106063843,0.070297971367836,0.13154084980487823,0.0
575,4710400,14,0,0,14,0.0,0.0,1.0,0.004698466905392706,0.03530569209251553,0.0,-2.6344312131404877,0.0317740967075224,0.10379507392644882,0.07004480808973312,0.13097451627254486,0.0
576,4718592,20,0,0,20,0.0,0.0,1.0,0.004928233160171658,0.0151362037693616,0.0,-2.643355244398117,0.021652508634724656,0.10336490720510483,0.07008852809667587,0.13023990392684937,0.0
577,4726784,24,0,0,24,0.0,0.0,1.0,0.008158033335348591,0.026554744131863116,0.0,-2.6593314170837403,0.034012588126643095,0.10280917584896088,0.0698813945055008,0.12930989265441895,0.0
578,4734976,15,0,0,15,0.0,0.0,1.0,0.013672050961758941,0.014741177269024774,0.0,-2.6673709392547607,0.04160367983567994,0.10259698331356049,0.06975607573986053,0.12857243418693542,0.0
579,4743168,45,0,0,45,0.0,0.0,1.0,0.007594597560819238,0.03235424091108143,0.0,-2.6709058225154876,0.027962493227096274,0.10245798528194427,0.06997496634721756,0.12832196056842804,0.0
580,4751360,12,0,0,12,0.0,0.0,1.0,0.004230406018905342,0.05204714178107679,0.0,-2.68115376830101,0.02241257102723466,0.10184937715530396,0.06967686116695404,0.1277584582567215,0.0
581,4759552,16,0,0,16,0.0,0.0,1.0,0.0033635106927249582,0.030812084581702946,0.0,-2.6933264672756194,0.01914255090232473,0.10157996416091919,0.06950041651725769,0.1273389607667923,0.0
582,4767744,23,0,0,23,0.0,0.0,1.0,0.010144693223992363,0.04226029808633029,0.0,-2.69432869553566,0.028876505985681433,0.101726233959198,0.06980609148740768,0.1279752403497696,0.0
583,4775936,18,0,0,18,0.0,0.0,1.0,0.002959977911086753,0.06303760758601129,0.0,-2.690154975652695,0.01813457486423431,0.10179337114095688,0.07023932039737701,0.12713515758514404,0.0
584,4784128,18,0,0,18,0.0,0.0,1.0,0.004877947038039565,0.04994424490723759,0.0,-2.6859840989112853,0.03294191844324814,0.10185646265745163,0.07016252726316452,0.12736232578754425,0.0
585,4792320,42,0,0,42,0.0,0.0,1.0,0.006014666365808807,0.050910113262943923,0.0,-2.6859270334243774,0.030681574098707642,0.10178552567958832,0.07032376527786255,0.12728537619113922,0.0
586,4800512,13,0,0,13,0.0,0.0,1.0,0.006250341606209986,0.03451332829426974,0.0,-2.6855697214603422,0.02074740446259966,0.10191333293914795,0.07053179293870926,0.12713703513145447,0.0
587,4808704,15,0,0,15,0.0,0.0,1.0,0.010514708881964907,0.035278668720275165,0.0,-2.6887223720550537,0.03173725833039498,0.10155665874481201,0.06974241137504578,0.12673518061637878,0.0
588,4816896,29,0,0,29,0.0,0.0,1.0,0.0014457311539445073,0.0568921584635973,0.0,-2.6999062478542326,0.021632975027023348,0.10129563510417938,0.06988755613565445,0.1275593787431717,0.0
589,4825088,14,0,0,14,0.0,0.0,1.0,0.006950641897856258,0.03499949835240841,0.0,-2.713410919904709,0.02022474460391095,0.10069625079631805,0.06979075819253922,0.12707848846912384,0.0
590,4833280,16,0,0,16,0.0,0.0,1.0,0.006674621746060439,0.04495341763831675,0.0,-2.721949207782745,0.03233464697841555,0.10056084394454956,0.06976595520973206,0.12644192576408386,0.0
591,4841472,42,0,0,42,0.0,0.0,1.0,0.004030893289018423,0.043462520302273336,0.0,-2.7285089552402497,0.01854478160094004,0.10017970204353333,0.06940233707427979,0.12680312991142273,0.0
592,4849664,14,0,0,14,0.0,0.0,1.0,0.008160278288414702,0.026395800965838136,0.0,-2.736730235815048,0.025293914244684856,0.1002015620470047,0.06912969797849655,0.12702995538711548,0.0
593,4857856,17,0,0,17,0.0,0.0,1.0,0.008751136469072662,0.08280751165002584,0.0,-2.7366325080394747,0.02548453386116307,0.10021716356277466,0.06927718967199326,0.12689745426177979,0.0
594,4866048,27,0,0,27,0.0,0.0,1.0,0.010296341544017196,0.07299806610681117,0.0,-2.7338184356689452,0.03336809787142556,0.1003432497382164,0.06923029571771622,0.12734802067279816,0.0
595,4874240,15,0,0,15,0.0,0.0,1.0,0.007156058825785294,0.047523939446546135,0.0,-2.731054735183716,0.027659697778290138,0.10048475861549377,0.0694030150771141,0.127471461892128,0.0
596,4882432,17,0,0,17,0.0,0.0,1.0,0.016319148504408076,0.03194821348879486,0.0,-2.7266001462936402,0.05626321549352724,0.10043975710868835,0.06998009234666824,0.1265796720981598,0.0
597,4890624,40,0,0,40,0.0,0.0,1.0,0.010193733993219212,0.023667124460916966,0.0,-2.725324237346649,0.026634201654815115,0.10042023658752441,0.0700535774230957,0.1271377056837082,0.0
598,4898816,16,0,0,16,0.0,0.0,1.0,0.0040728601510636505,0.05854458077810705,0.0,-2.733241242170334,0.022951055274461396,0.1001267284154892,0.06977718323469162,0.12747083604335785,0.0
599,4907008,16,0,0,16,0.0,0.0,1.0,0.0074974067392759025,0.04445538343861699,0.0,-2.7434711873531343,0.01844522319006501,0.0997181385755539,0.06969534605741501,0.1266452670097351,0.0
600,4915200,25,0,0,25,0.0,0.0,1.0,0.009027496125781909,0.07389104808680713,0.0,-2.7557976722717283,0.029047260040533728,0.09916304051876068,0.06946296244859695,0.1258547604084015,0.0
601,4923392,18,0,0,18,0.0,0.0,1.0,0.014332195837050676,0.046846191165968776,0.0,-2.7680576503276826,0.039694907535158565,0.09896454215049744,0.06947950273752213,0.1256721168756485,0.0
602,4931584,47,0,0,47,0.0,0.0,1.0,0.005787817819509655,0.08643978592008353,0.0,-2.771008014678955,0.025364036769315135,0.09882299602031708,0.06979932636022568,0.1254761666059494,0.0
603,4939776,8,0,0,8,0.0,0.0,1.0,0.003517613292206079,0.0863058260641992,0.0,-2.778529614210129,0.01894049962575082,0.09833487123250961,0.06945331394672394,0.12453751266002655,0.0
604,4947968,17,0,0,17,0.0,0.0,1.0,0.006726452137809247,0.08176736314781011,0.0,-2.7912333786487578,0.02983350234426325,0.09808558225631714,0.06913664191961288,0.1245088055729866,0.0
605,4956160,17,0,0,17,0.0,0.0,1.0,0.006836447736714035,0.037419792637228964,0.0,-2.8008274495601655,0.025067742100509348,0.09768222272396088,0.06893932074308395,0.12394556403160095,0.0
606,4964352,24,0,0,24,0.0,0.0,1.0,0.005445775127736851,0.055628365743905304,0.0,-2.801896387338638,0.023743550178187432,0.09796766936779022,0.0692695900797844,0.12478198111057281,0.0
607,4972544,18,0,0,18,0.0,0.0,1.0,0.010654024218092672,0.029750172211788595,0.0,-2.808295065164566,0.026011224163812584,0.09740431606769562,0.06889505684375763,0.12420988827943802,0.0
608,4980736,45,0,0,45,0.0,0.0,1.0,0.006368746142834425,0.029306492221076043,0.0,-2.817080610990524,0.018595716886920854,0.09730987995862961,0.06889713555574417,0.12365137785673141,0.0
609,4988928,10,0,0,10,0.0,0.0,1.0,0.007357673026854172,0.03187689518090338,0.0,-2.8192669630050657,0.021466773029533214,0.09720441699028015,0.06862009316682816,0.12394411116838455,0.0
610,4997120,14,0,0,14,0.0,0.0,1.0,0.008990626671584323,0.021136010228656233,0.0,-2.8277810156345367,0.03475917082978412,0.09683012962341309,0.06836187839508057,0.12348752468824387,0.0
611,5005312,20,0,0,20,0.0,0.0,1.0,0.01635427923174575,0.01390922472346574,0.0,-2.833960402011871,0.04134555981872836,0.09691125154495239,0.06830478459596634,0.12343832850456238,0.0
612,5013504,23,0,0,23,0.0,0.0,1.0,0.005894799338420853,0.09421080886386335,0.0,-2.8378592133522034,0.02295064930076478,0.0965108722448349,0.06822548061609268,0.1227092444896698,0.0
613,5021696,16,0,0,16,0.0,0.0,1.0,0.009668225439963863,0.020314175495877863,0.0,-2.8429246962070467,0.028032860626990442,0.09640194475650787,0.06843917071819305,0.12238799780607224,0.0
614,5029888,46,0,0,46,0.0,0.0,1.0,0.007633779442403466,0.029808942158706487,0.0,-2.843814420700073,0.024046480104152577,0.09651081264019012,0.06835979968309402,0.12300033867359161,0.0
615,5038080,11,0,0,11,0.0,0.0,1.0,0.005551796470535919,0.034050822141580284,0.0,-2.8401486992836,0.025510588609904516,0.0967928022146225,0.06803680956363678,0.12406332045793533,0.0
616,5046272,15,0,0,15,0.0,0.0,1.0,0.006011120555922389,0.03913090340793133,0.0,-2.835350811481476,0.02626033887208905,0.09677722305059433,0.06865712255239487,0.12370460480451584,0.0
617,5054464,23,0,0,23,0.0,0.0,1.0,0.009298632841091604,0.03893864925485104,0.0,-2.8306078195571898,0.036182135225681124,0.0970526933670044,0.06911783665418625,0.12420665472745895,0.0
618,5062656,19,0,0,19,0.0,0.0,1.0,0.0033409064111765475,0.04301767826545984,0.0,-2.8245842516422273,0.024448817435768433,0.09691460430622101,0.06934228539466858,0.12377990037202835,0.0
619,5070848,17,0,0,17,0.0,0.0,1.0,0.006855041152448393,0.015818377037066966,0.0,-2.8307804644107817,0.029487396571494174,0.09663282334804535,0.06948089599609375,0.1229686439037323,0.0
620,5079040,44,0,0,44,0.0,0.0,1.0,0.008915112761314958,0.04233869225718081,0.0,-2.836742025613785,0.029396127111976967,0.09646257758140564,0.06913214176893234,0.12213107198476791,0.0
621,5087232,12,0,0,12,0.0,0.0,1.0,0.0075917564099654555,0.029134673159569503,0.0,-2.845630478858948,0.02909886583511252,0.09607132524251938,0.06868040561676025,0.12101852893829346,0.0
622,5095424,15,0,0,15,0.0,0.0,1.0,0.004545364703517407,0.00925839199917391,0.0,-2.856643611192703,0.017247468253481203,0.09557552635669708,0.06816408038139343,0.12028329074382782,0.0
623,5103616,27,0,0,27,0.0,0.0,1.0,0.011282341266633012,0.02673308482626453,0.0,-2.86555597782135,0.043198718910571185,0.09568697214126587,0.0687234178185463,0.12008817493915558,0.0
624,5111808,16,0,0,16,0.0,0.0,1.0,0.0077225695480592545,0.01862575716804713,0.0,-2.859874260425568,0.02937789737334242,0.09560869634151459,0.0685558095574379,0.12017074227333069,0.0
625,5120000,16,0,0,16,0.0,0.0,1.0,0.007827242492930963,0.03370983437635004,0.0,-2.873219621181488,0.02515767310396768,0.09511354565620422,0.06781983375549316,0.11932080239057541,0.0
626,5128192,42,0,0,42,0.0,0.0,1.0,0.0034368200023891403,0.026909760176204146,0.0,-2.8832803666591644,0.020056775267585182,0.09503167122602463,0.06755776703357697,0.11950161308050156,0.0
627,5136384,13,0,0,13,0.0,0.0,1.0,0.004900298872962594,0.06289382423274219,0.0,-2.890425044298172,0.02249332605570089,0.09472024440765381,0.06752733141183853,0.11953546851873398,0.0
628,5144576,18,0,0,18,0.0,0.0,1.0,0.013907580316299573,0.0412456693360582,0.0,-2.900750535726547,0.03907373496622313,0.0943131372332573,0.06740041822195053,0.11934996396303177,0.0
629,5152768,27,0,0,27,0.0,0.0,1.0,0.002985903405351564,0.10614802176132798,0.0,-2.9106097519397736,0.023140981681353878,0.09410776942968369,0.06747354567050934,0.11984817683696747,0.0
630,5160960,15,0,0,15,0.0,0.0,1.0,0.0028778919659089297,0.04334829025901854,0.0,-2.909680610895157,0.023754067075788043,0.09450280666351318,0.06802000850439072,0.12062302231788635,0.0
631,5169152,15,0,0,15,0.0,0.0,1.0,0.009986893739551306,0.20823694057762623,0.0,-2.899028104543686,0.028016421833308415,0.09460064023733139,0.06800953298807144,0.1206439882516861,0.0
632,5177344,42,0,0,42,0.0,0.0,1.0,0.009409900062019005,0.1639668021351099,0.0,-2.8991003394126893,0.030449884202971587,0.09456818550825119,0.0680723562836647,0.12065009027719498,0.0
633,5185536,16,0,0,16,0.0,0.0,1.0,0.0044241593917831775,0.08383115935139358,0.0,-2.904172956943512,0.018891804106533527,0.09426497668027878,0.06767188757658005,0.1204555332660675,0.0
634,5193728,17,0,0,17,0.0,0.0,1.0,0.0015105338796274736,0.08294881032779813,0.0,-2.909231352806091,0.01814988543628715,0.09452293813228607,0.06683780997991562,0.12176107615232468,0.0
635,5201920,25,0,0,25,0.0,0.0,1.0,0.003733343642670661,0.07495491430163384,0.0,-2.9146814227104185,0.025378000260388944,0.09419317543506622,0.0667688176035881,0.12148809432983398,0.0
636,5210112,16,0,0,16,0.0,0.0,1.0,0.00628639772767201,0.04217767540831119,0.0,-2.923168259859085,0.022401391001767478,0.09386193752288818,0.0668683871626854,0.12121453881263733,0.0
637,5218304,48,0,0,48,0.0,0.0,1.0,0.011847808241145685,0.02862555501051247,0.0,-2.928551214933395,0.033507510869821996,0.09392090886831284,0.06685880571603775,0.12171074748039246,0.0
638,5226496,8,0,0,8,0.0,0.0,1.0,0.0061367025540675964,0.012905079533811658,0.0,-2.9279371976852415,0.019100294311647302,0.09389673173427582,0.06697865575551987,0.12164472043514252,0.0
639,5234688,17,0,0,17,0.0,0.0,1.0,0.006557305145543068,0.040392342628911136,0.0,-2.9259221494197845,0.0278400189083186,0.09401111304759979,0.06686791777610779,0.12199962139129639,0.0
640,5242880,15,0,0,15,0.0,0.0,1.0,0.00851452288334258,0.03206422566436231,0.0,-2.9244731962680817,0.025465241661004258,0.09401904046535492,0.06712760031223297,0.12236229330301285,0.0
641,5251072,26,0,0,26,0.0,0.0,1.0,0.006134875840507448,0.05276129879057408,0.0,-2.920192527770996,0.026873374705610333,0.0943232923746109,0.06724873930215836,0.1226051077246666,0.0
642,5259264,16,0,0,16,0.0,0.0,1.0,0.00745603940449655,0.023336336063221098,0.0,-2.9226076900959015,0.025805241214402485,0.09385436028242111,0.0670313760638237,0.12202736735343933,0.0
643,5267456,47,0,0,47,0.0,0.0,1.0,0.007422020900412463,0.04110497049987316,0.0,-2.9287872314453125,0.02985235726227984,0.09398826211690903,0.06708779186010361,0.12242402881383896,0.0
644,5275648,11,0,0,11,0.0,0.0,1.0,0.008989470766391606,0.03842083066701889,0.0,-2.925243228673935,0.028054165239154827,0.09397228807210922,0.06741766631603241,0.12183544039726257,0.0
645,5283840,14,0,0,14,0.0,0.0,1.0,0.011101723174215294,0.04924145983532071,0.0,-2.919386053085327,0.034830572971259244,0.09414166212081909,0.06769111007452011,0.12223507463932037,0.0
646,5292032,19,0,0,19,0.0,0.0,1.0,0.006757676287088543,0.041724002454429865,0.0,-2.908772212266922,0.028613251401111484,0.0947306752204895,0.06819216907024384,0.12289653718471527,0.0
647,5300224,23,0,0,23,0.0,0.0,1.0,0.010199685316183604,0.06097639133222401,0.0,-2.8945135354995726,0.0349687155438005,0.09503377974033356,0.06873769313097,0.12389355897903442,0.0
648,5308416,17,0,0,17,0.0,0.0,1.0,0.003358574883895926,0.04897653402294964,0.0,-2.886838358640671,0.02612034131307155,0.09512536227703094,0.06898977607488632,0.12382030487060547,0.0
649,5316608,45,0,0,45,0.0,0.0,1.0,0.007773810130311176,0.0500666790176183,0.0,-2.8875169694423675,0.030125982433673926,0.09511096775531769,0.06890358030796051,0.12349611520767212,0.0
650,5324800,12,0,0,12,0.0,0.0,1.0,0.007148280245019123,0.08912376472726465,0.0,-2.888505035638809,0.027767730518826285,0.09483474493026733,0.06922468543052673,0.12261887639760971,0.0
651,5332992,14,0,0,14,0.0,0.0,1.0,0.00497147545684129,0.04152564995456487,0.0,-2.8932041466236114,0.0324701358564198,0.09474577009677887,0.06913220882415771,0.12266013026237488,0.0
652,5341184,19,0,0,19,0.0,0.0,1.0,0.004677026986610144,0.011475512594915926,0.0,-2.8969150483608246,0.018666519720864017,0.09446333348751068,0.06909631937742233,0.12203498929738998,0.0
653,5349376,24,0,0,24,0.0,0.0,1.0,0.004711117141414434,0.055185231007635595,0.0,-2.9014146506786345,0.022382324149657507,0.09463976323604584,0.06870651245117188,0.12272589653730392,0.0
654,5357568,15,0,0,15,0.0,0.0,1.0,0.0036689617059892043,0.028235353622585536,0.0,-2.8998735904693604,0.02504020064516226,0.09463205933570862,0.06862248480319977,0.12320775538682938,0.0
655,5365760,45,0,0,45,0.0,0.0,1.0,0.003932781057665124,0.04001724319532514,0.0,-2.9094759583473206,0.017956056985713075,0.0941837877035141,0.06822258234024048,0.12255147844552994,0.0
656,5373952,13,0,0,13,0.0,0.0,1.0,0.00575379523797892,0.03441327188629657,0.0,-2.923628580570221,0.022586212608439384,0.0937291607260704,0.06737964600324631,0.1224781945347786,0.0
657,5382144,15,0,0,15,0.0,0.0,1.0,0.00848033704678528,0.041786587913520634,0.0,-2.9455909371376037,0.030635366444766988,0.09312859177589417,0.06685172766447067,0.12129368633031845,0.0
658,5390336,23,0,0,23,0.0,0.0,1.0,0.0030829724564682692,0.029582177544943987,0.0,-2.9615243136882783,0.019668895928771236,0.09280522912740707,0.06592589616775513,0.12183379381895065,0.0
659,5398528,19,0,0,19,0.0,0.0,1.0,0.006623625010251999,0.06021653469651937,0.0,-2.9702811181545257,0.01935285218496574,0.0927019938826561,0.06576211005449295,0.12113959342241287,0.0
660,5406720,17,0,0,17,0.0,0.0,1.0,0.007217968325130641,0.029988377634435893,0.0,-2.969639724493027,0.03610434207657818,0.09259574860334396,0.06606651097536087,0.12031850963830948,0.0
661,5414912,42,0,0,42,0.0,0.0,1.0,0.0073479098093230276,0.034697660035453735,0.0,-2.973343998193741,0.031334514771879186,0.09234067797660828,0.06591946631669998,0.11978112906217575,0.0
662,5423104,13,0,0,13,0.0,0.0,1.0,0.0067397155391518025,0.040405323798768225,0.0,-2.967768430709839,0.02928508546028752,0.09294700622558594,0.06664171069860458,0.12060099095106125,0.0
663,5431296,16,0,0,16,0.0,0.0,1.0,0.005170831806026399,0.024837889964692293,0.0,-2.957809591293335,0.026209061696135905,0.09303049743175507,0.06616155058145523,0.12166580557823181,0.0
664,5439488,28,0,0,28,0.0,0.0,1.0,0.00382998434943147,0.03162105951923877,0.0,-2.9540985465049743,0.026985465029429178,0.0933455228805542,0.06639908999204636,0.12182646244764328,0.0
665,5447680,14,0,0,14,0.0,0.0,1.0,0.007701315416488797,0.022826166939921677,0.0,-2.945793867111206,0.0288176772010047,0.09353581070899963,0.0667416900396347,0.12220890820026398,0.0
666,5455872,16,0,0,16,0.0,0.0,1.0,0.00427299608127214,0.02680061963619664,0.0,-2.9397601783275604,0.01971436142193852,0.09362426400184631,0.06671441346406937,0.12204314023256302,0.0
667,5464064,42,0,0,42,0.0,0.0,1.0,0.004901574098039418,0.035582309612073,0.0,-2.9456672072410583,0.018907238291285468,0.09321969002485275,0.06654724478721619,0.12205798178911209,0.0
668,5472256,16,0,0,16,0.0,0.0,1.0,0.004775532073108479,0.00861258560908027,0.0,-2.952577716112137,0.016612257495580707,0.09329640865325928,0.06634768098592758,0.1222316101193428,0.0
669,5480448,15,0,0,15,0.0,0.0,1.0,0.009036310404189863,0.025489743205253036,0.0,-2.9446579813957214,0.03113414703257149,0.09372603893280029,0.06606528908014297,0.12304356694221497,0.0
670,5488640,27,0,0,27,0.0,0.0,1.0,0.0065825653029605745,0.04446478825993836,0.0,-2.9413579523563387,0.028233426001679617,0.09363611787557602,0.06604911386966705,0.12261586636304855,0.0
671,5496832,15,0,0,15,0.0,0.0,1.0,0.007497553713619709,0.03684520339593291,0.0,-2.9409655392169953,0.03272390057099983,0.09371574223041534,0.06600956618785858,0.12267885357141495,0.0
672,5505024,18,0,0,18,0.0,0.0,1.0,0.004987122595775872,0.01534504882292822,0.0,-2.9423843920230865,0.020285359576519113,0.09356960654258728,0.0654677152633667,0.12291643768548965,0.0
673,5513216,39,0,0,39,0.0,0.0,1.0,0.011176838260143995,0.05200495440512896,0.0,-2.9523697316646578,0.04031481740094023,0.0932522565126419,0.06546522676944733,0.12235035747289658,0.0
674,5521408,16,0,0,16,0.0,0.0,1.0,0.007040802465053275,0.0828895855229348,0.0,-2.9605075120925903,0.02727565194363706,0.09306620061397552,0.06552080065011978,0.12208950519561768,0.0
675,5529600,16,0,0,16,0.0,0.0,1.0,0.002250761131290346,0.03567704216111452,0.0,-2.961116147041321,0.02568979563220637,0.09314239025115967,0.06535148620605469,0.12266600877046585,0.0
676,5537792,25,0,0,25,0.0,0.0,1.0,0.009367664321325719,0.09428782523609698,0.0,-2.967264974117279,0.038333540769235695,0.09283234179019928,0.06523478031158447,0.12254779785871506,0.0
677,5545984,18,0,0,18,0.0,0.0,1.0,0.004597765998914838,0.08143045254983008,0.0,-2.977506387233734,0.0199284869217081,0.09256841987371445,0.06518714129924774,0.12280556559562683,0.0
678,5554176,47,0,0,47,0.0,0.0,1.0,0.01813866194570437,0.039488256862387064,0.0,-2.989025330543518,0.0530566113506211,0.09221794456243515,0.0645572617650032,0.12230030447244644,0.0
679,5562368,8,0,0,8,0.0,0.0,1.0,0.00383150321431458,0.049710983457043764,0.0,-2.9915399134159086,0.023347289189405273,0.09238895773887634,0.06427513808012009,0.1225840225815773,0.0
680,5570560,17,0,0,17,0.0,0.0,1.0,0.007087425398640335,0.033103441458661106,0.0,-2.996708017587662,0.02590562018303899,0.09208804368972778,0.06370832026004791,0.12228702008724213,0.0
681,5578752,18,0,0,18,0.0,0.0,1.0,0.008150405978085473,0.039550513378344476,0.0,-3.00825896859169,0.03977023273328086,0.09183266758918762,0.06367119401693344,0.12197097390890121,0.0
682,5586944,23,0,0,23,0.0,0.0,1.0,0.008202965644886717,0.060112899029627444,0.0,-3.0026698768138886,0.03192807449086103,0.0923609733581543,0.06370344012975693,0.12242919951677322,0.0
683,5595136,18,0,0,18,0.0,0.0,1.0,0.003913182456744835,0.03978302259929478,0.0,-2.9882886350154876,0.022013471313402987,0.0927259624004364,0.0639265775680542,0.12275009602308273,0.0
684,5603328,45,0,0,45,0.0,0.0,1.0,0.008166704577161,0.03629255581181497,0.0,-2.98189337849617,0.03483886932954192,0.09266077727079391,0.06393284350633621,0.12228640168905258,0.0
685,5611520,10,0,0,10,0.0,0.0,1.0,0.006051084006321617,0.036996035580523313,0.0,-2.982822394371033,0.02299006312241545,0.09256508946418762,0.06433649361133575,0.12152079492807388,0.0
686,5619712,14,0,0,14,0.0,0.0,1.0,0.004216961882775649,0.022188188962172718,0.0,-2.9916038513183594,0.016981946122541558,0.09187005460262299,0.06361600756645203,0.12030060589313507,0.0
687,5627904,21,0,0,21,0.0,0.0,1.0,0.0053326744702644644,0.019145453127566724,0.0,-3.015290176868439,0.024150703809573314,0.09129714965820312,0.06310371309518814,0.1202651634812355,0.0
688,5636096,24,0,0,24,0.0,0.0,1.0,0.0047158888424746696,0.06243120450526476,0.0,-3.0248965978622437,0.03448110978497425,0.09137319773435593,0.0636025220155716,0.12066725641489029,0.0
689,5644288,14,0,0,14,0.0,0.0,1.0,0.006112458865391091,0.039450443617533894,0.0,-3.0229072093963625,0.02324172345252009,0.09127770364284515,0.06370482593774796,0.12072372436523438,0.0
690,5652480,46,0,0,46,0.0,0.0,1.0,0.005063746799714863,0.05410640069749206,0.0,-3.0305339455604554,0.021305276235216296,0.09101438522338867,0.06356954574584961,0.12058843672275543,0.0
691,5660672,11,0,0,11,0.0,0.0,1.0,0.007872128405142575,0.03513917566742748,0.0,-3.0296283960342407,0.024352495458151678,0.09136068820953369,0.06379790604114532,0.12150326371192932,0.0
692,5668864,15,0,0,15,0.0,0.0,1.0,0.004771712131332606,0.046499624475836755,0.0,-3.0201812386512756,0.016631117259385063,0.09166741371154785,0.06328286975622177,0.12229235470294952,0.0
693,5677056,24,0,0,24,0.0,0.0,1.0,0.004379979782970622,0.04143390380777419,0.0,-3.0190400540828706,0.022215635147586,0.09152457118034363,0.06358743458986282,0.12189945578575134,0.0
694,5685248,19,0,0,19,0.0,0.0,1.0,0.006783175389864482,0.04481799704954028,0.0,-3.0212096214294433,0.02242823738779407,0.09158876538276672,0.06386151909828186,0.12280230969190598,0.0
695,5693440,16,0,0,16,0.0,0.0,1.0,0.005392679671058431,0.04875740378629416,0.0,-3.029366821050644,0.019660678175569046,0.0910770520567894,0.06360435485839844,0.12160255759954453,0.0
696,5701632,44,0,0,44,0.0,0.0,1.0,0.006220692943315953,0.028704119590111078,0.0,-3.0351164638996124,0.0233641935425112,0.09105442464351654,0.06369423866271973,0.12133953720331192,0.0
697,5709824,12,0,0,12,0.0,0.0,1.0,0.0069513939262833445,0.054258851893246175,0.0,-3.0349552750587465,0.027221154172730168,0.09116537868976593,0.06368345767259598,0.1220846101641655,0.0
698,5718016,15,0,0,15,0.0,0.0,1.0,0.011132163062575274,0.029245476436335592,0.0,-3.036818152666092,0.03204590789391659,0.09094952046871185,0.06354710459709167,0.12157843261957169,0.0
699,5726208,29,0,0,29,0.0,0.0,1.0,0.003699189965846017,0.019961291167419404,0.0,-3.0327890694141386,0.016922992766194512,0.09142212569713593,0.06384579092264175,0.122419573366642,0.0
700,5734400,14,0,0,14,0.0,0.0,1.0,0.014164739212719723,0.025685747072566302,0.0,-3.0279607355594633,0.04273541966394987,0.09104552119970322,0.06382627785205841,0.12178816646337509,0.0
701,5742592,17,0,0,17,0.0,0.0,1.0,0.004847749922191724,0.023229675367474556,0.0,-3.0351128339767457,0.02851394601602806,0.09112793207168579,0.06401314586400986,0.12194881588220596,0.0
702,5750784,41,0,0,41,0.0,0.0,1.0,0.005295487862895243,0.0412840629927814,0.0,-3.031357651948929,0.027267072352697142,0.09128579497337341,0.06382894515991211,0.12252962589263916,0.0
703,5758976,14,0,0,14,0.0,0.0,1.0,0.0068547336617484685,0.025456313393078744,0.0,-3.036000043153763,0.02615758361207554,0.09096267074346542,0.06315438449382782,0.12249746173620224,0.0
704,5767168,18,0,0,18,0.0,0.0,1.0,0.007595467593637295,0.017555862572044133,0.0,-3.046266484260559,0.027480585779994727,0.09088695049285889,0.06316455453634262,0.12264340370893478,0.0
705,5775360,27,0,0,27,0.0,0.0,1.0,0.008483635040465742,0.0331817066646181,0.0,-3.0497407376766206,0.028371136728674175,0.09087064862251282,0.06285778433084488,0.12283478677272797,0.0
706,5783552,14,0,0,14,0.0,0.0,1.0,0.01056921448907815,0.039903091196902093,0.0,-3.05277025103569,0.0292465523496503,0.09064766019582748,0.06285585463047028,0.12274572998285294,0.0
707,5791744,16,0,0,16,0.0,0.0,1.0,0.008971877847216092,0.03604334003757685,0.0,-3.0579715967178345,0.03136729717953131,0.09047931432723999,0.06327188014984131,0.1219748929142952,0.0
708,5799936,42,0,0,42,0.0,0.0,1.0,0.00601220490061678,0.04814171034377068,0.0,-3.06582493185997,0.0219430817218381,0.09008179605007172,0.0629969984292984,0.12156887352466583,0.0
709,5808128,15,0,0,15,0.0,0.0,1.0,0.01219040823634714,0.04508863016963005,0.0,-3.07385972738266,0.04480135767225875,0.09004399180412292,0.06281248480081558,0.12151764333248138,0.0
710,5816320,17,0,0,17,0.0,0.0,1.0,0.006016015983186662,0.03218882933724672,0.0,-3.073773241043091,0.022320857767772394,0.08994966745376587,0.0631803572177887,0.12066386640071869,0.0
711,5824512,25,0,0,25,0.0,0.0,1.0,0.00490620550699532,0.04229860822670162,0.0,-3.0699965000152587,0.02666288634063676,0.0899042934179306,0.06350022554397583,0.12022843956947327,0.0
712,5832704,18,0,0,18,0.0,0.0,1.0,0.008819284557830542,0.03157087207073346,0.0,-3.0695983946323393,0.03505037720897235,0.09015445411205292,0.06376845389604568,0.12097011506557465,0.0
713,5840896,47,0,0,47,0.0,0.0,1.0,0.005933653889223933,0.034588545188307764,0.0,-3.0719606995582582,0.021036893858399706,0.08983874320983887,0.06286890059709549,0.12078346312046051,0.0
714,5849088,8,0,0,8,0.0,0.0,1.0,0.007641372259240597,0.026494416582863778,0.0,-3.081908804178238,0.027640538732521237,0.08971019834280014,0.06276453286409378,0.12095016241073608,0.0
715,5857280,16,0,0,16,0.0,0.0,1.0,0.003396147702005692,0.040550386323593555,0.0,-3.084434336423874,0.022714584445930087,0.08973272889852524,0.06276107579469681,0.12104230374097824,0.0
716,5865472,17,0,0,17,0.0,0.0,1.0,0.0050089161843061445,0.05302456228528172,0.0,-3.087793320417404,0.02308641082927352,0.08952060341835022,0.06282947957515717,0.12062157690525055,0.0
717,5873664,24,0,0,24,0.0,0.0,1.0,0.009231326446752064,0.046918681380338965,0.0,-3.0862219095230103,0.037745814968366175,0.08975635468959808,0.0626007691025734,0.12111397832632065,0.0
718,5881856,17,0,0,17,0.0,0.0,1.0,0.007764930633129552,0.01935427002608776,0.0,-3.0852798163890838,0.024070749882957897,0.08967128396034241,0.06251835823059082,0.12088039517402649,0.0
719,5890048,46,0,0,46,0.0,0.0,1.0,0.006530184848816134,0.03300983919762075,0.0,-3.093035477399826,0.024633442160848062,0.08925797790288925,0.0623084232211113,0.11996323615312576,0.0
720,5898240,11,0,0,11,0.0,0.0,1.0,0.00774500158149749,0.02113714434672147,0.0,-3.1013753533363344,0.021829181924113074,0.08910080045461655,0.06194626912474632,0.11931692808866501,0.0
721,5906432,14,0,0,14,0.0,0.0,1.0,0.007127832813421264,0.03464949347544462,0.0,-3.0995267927646637,0.020789042698743286,0.08931924402713776,0.06221490353345871,0.11929485946893692,0.0
722,5914624,20,0,0,20,0.0,0.0,1.0,0.006057334097567946,0.017902644979767502,0.0,-3.0969118237495423,0.022676507676078473,0.08918946981430054,0.06220944970846176,0.11968226730823517,0.0
723,5922816,22,0,0,22,0.0,0.0,1.0,0.006097233894979581,0.0825918844435364,0.0,-3.0988740801811216,0.036735105264233424,0.08934982120990753,0.06236870586872101,0.11994332820177078,0.0
724,5931008,17,0,0,17,0.0,0.0,1.0,0.013649112184066326,0.04343607148621231,0.0,-3.098549896478653,0.052112488985585514,0.08918650448322296,0.061784252524375916,0.11992701143026352,0.0
725,5939200,45,0,0,45,0.0,0.0,1.0,0.006406451173825189,0.02511696454603225,0.0,-3.1060309231281282,0.024626583354256583,0.08907856792211533,0.06162528321146965,0.1197042390704155,0.0
726,5947392,12,0,0,12,0.0,0.0,1.0,0.00437731082784012,0.035483408870641144,0.0,-3.1079835474491118,0.02150358320795931,0.08892165869474411,0.06153394654393196,0.11855451762676239,0.0
727,5955584,14,0,0,14,0.0,0.0,1.0,0.006129750740365125,0.02228535052854568,0.0,-3.1071675539016725,0.024808109049627092,0.0890980064868927,0.061492882668972015,0.11895809322595596,0.0
728,5963776,23,0,0,23,0.0,0.0,1.0,0.005934444459853694,0.025861007126513867,0.0,-3.105346065759659,0.027868799414136447,0.08901463449001312,0.06143604964017868,0.11884206533432007,0.0
729,5971968,20,0,0,20,0.0,0.0,1.0,0.006641457250225358,0.05873077274300158,0.0,-3.10026216506958,0.035266956916893834,0.08935777842998505,0.06185084581375122,0.11973179131746292,0.0
730,5980160,17,0,0,17,0.0,0.0,1.0,0.002640651073306799,0.026942515023984016,0.0,-3.095102661848068,0.020518972446734552,0.08936633914709091,0.06214822456240654,0.1196625605225563,0.0
731,5988352,43,0,0,43,0.0,0.0,1.0,0.003496313520008698,0.021148000797256827,0.0,-3.094195294380188,0.01987255898420699,0.08929428458213806,0.06243274360895157,0.11917898058891296,0.0
732,5996544,13,0,0,13,0.0,0.0,1.0,0.005130320598254912,0.03743709069676697,0.0,-3.093995052576065,0.01856855442019878,0.08931604027748108,0.062422312796115875,0.11929067969322205,0.0
733,6004736,15,0,0,15,0.0,0.0,1.0,0.008181376062566414,0.01918800186831504,0.0,-3.092739278078079,0.024415462426259183,0.08932577818632126,0.0623302087187767,0.11902133375406265,0.0
734,6012928,24,0,0,24,0.0,0.0,1.0,0.008266591012943535,0.023755254095885903,0.0,-3.090470951795578,0.030328428532811813,0.08954016864299774,0.06249091401696205,0.11981379985809326,0.0
735,6021120,19,0,0,19,0.0,0.0,1.0,0.00679606394842267,0.03836524261860177,0.0,-3.0900999188423155,0.026239182516292203,0.08944438397884369,0.06263391673564911,0.11978555470705032,0.0
736,6029312,16,0,0,16,0.0,0.0,1.0,0.007567120937164873,0.027384265861473977,0.0,-3.081156539916992,0.0286500100948615,0.08999863266944885,0.06251733005046844,0.12128192186355591,0.0
737,6037504,42,0,0,42,0.0,0.0,1.0,0.008083055401220918,0.020156175387091933,0.0,-3.0751376688480376,0.02283206792490091,0.0899956077337265,0.06256813555955887,0.12079114466905594,0.0
738,6045696,13,0,0,13,0.0,0.0,1.0,0.0019954501185566187,0.03572962782345712,0.0,-3.079128938913345,0.018282132085005287,0.08959917724132538,0.06238508224487305,0.11977636069059372,0.0
739,6053888,17,0,0,17,0.0,0.0,1.0,0.00842839255637955,0.019698378397151828,0.0,-3.0856925666332247,0.03480423686851282,0.08957138657569885,0.06282582879066467,0.11928919702768326,0.0
740,6062080,27,0,0,27,0.0,0.0,1.0,0.006144071338349022,0.08812471865676344,0.0,-3.078946113586426,0.0296544056822313,0.0897044762969017,0.06333010643720627,0.11916045844554901,0.0
741,6070272,14,0,0,14,0.0,0.0,1.0,0.008992053556721658,0.03848169140983373,0.0,-3.0750503957271578,0.039506118299323136,0.08978238701820374,0.06381182372570038,0.1190512478351593,0.0
742,6078464,16,0,0,16,0.0,0.0,1.0,0.010981606185669079,0.03252816223539412,0.0,-3.0700827717781065,0.04120289611455519,0.08980262279510498,0.06394502520561218,0.11870206892490387,0.0
743,6086656,43,0,0,43,0.0,0.0,1.0,0.008985117019619793,0.04800790266599506,0.0,-3.071667069196701,0.039965844868856945,0.08952363580465317,0.0640469342470169,0.11802802234888077,0.0
744,6094848,16,0,0,16,0.0,0.0,1.0,0.00858529079996515,0.022117434092797338,0.0,-3.081896388530731,0.030411623351392338,0.08919434994459152,0.06399668753147125,0.117009736597538,0.0
745,6103040,15,0,0,15,0.0,0.0,1.0,0.00918216873833444,0.026317025744356216,0.0,-3.0862143516540526,0.03445788572862511,0.08921438455581665,0.06370766460895538,0.11679786443710327,0.0
746,6111232,26,0,0,26,0.0,0.0,1.0,0.0009678954578703269,0.043494700873270634,0.0,-3.0813216865062714,0.0255718462402001,0.0893242210149765,0.06397044658660889,0.117364302277565,0.0
747,6119424,15,0,0,15,0.0,0.0,1.0,0.006272428837837652,0.03680875997524709,0.0,-3.0810367107391357,0.024125786397780756,0.08936895430088043,0.06353515386581421,0.11768577247858047,0.0
748,6127616,50,0,0,50,0.0,0.0,1.0,0.006234600784955547,0.028020362928509714,0.0,-3.086521589756012,0.018137706839479507,0.0891943871974945,0.06324254721403122,0.11763856559991837,0.0
749,6135808,7,0,0,7,0.0,0.0,1.0,0.0013790741562843324,0.03463650119956583,0.0,-3.1008618235588075,0.017020926863187923,0.08855577558279037,0.06294652074575424,0.11711040884256363,0.0
750,6144000,17,0,0,17,0.0,0.0,1.0,0.005446006695274263,0.02023603451671079,0.0,-3.1122143268585205,0.0253239682293497,0.08864830434322357,0.0628352165222168,0.11783477663993835,0.0
751,6152192,15,0,0,15,0.0,0.0,1.0,0.005114344012690708,0.02512019433779642,0.0,-3.1118455588817597,0.021161458750430028,0.08841970562934875,0.0629584863781929,0.11659665405750275,0.0
752,6160384,27,0,0,27,0.0,0.0,1.0,0.006783727946458385,0.021776028058957307,0.0,-3.1169280827045442,0.0316770600649761,0.08817911148071289,0.06280099600553513,0.11561712622642517,0.0
753,6168576,16,0,0,16,0.0,0.0,1.0,0.0038250573794357478,0.029634382261428983,0.0,-3.1203854382038116,0.020445698744151742,0.0883713811635971,0.06263209134340286,0.1166880875825882,0.0
754,6176768,47,0,0,47,0.0,0.0,1.0,0.006210812827339396,0.06753235859796405,0.0,-3.11475710272789,0.026911274672602303,0.08848895877599716,0.0627715215086937,0.1169956848025322,0.0
755,6184960,9,0,0,9,0.0,0.0,1.0,0.005281306250253692,0.0217491730931215,0.0,-3.1168621301651003,0.021053766456316226,0.08828332275152206,0.062304917722940445,0.11681655049324036,0.0
756,6193152,16,0,0,16,0.0,0.0,1.0,0.00816573915653862,0.027715338591951875,0.0,-3.133141553401947,0.026844389602774753,0.08768215030431747,0.062231969088315964,0.11585130542516708,0.0
757,6201344,19,0,0,19,0.0,0.0,1.0,0.012256664701271801,0.02830328947165981,0.0,-3.14292294383049,0.049325597967254,0.08772814273834229,0.06205229461193085,0.11624269187450409,0.0
758,6209536,22,0,0,22,0.0,0.0,1.0,0.008395623066462576,0.026427103020250798,0.0,-3.146610736846924,0.035408842498145535,0.08740667998790741,0.06154024228453636,0.11573166400194168,0.0
759,6217728,18,0,0,18,0.0,0.0,1.0,0.0022398202592739834,0.03156614527106285,0.0,-3.163657361268997,0.019571659876964985,0.08688464015722275,0.06110483035445213,0.11531850695610046,0.0
760,6225920,45,0,0,45,0.0,0.0,1.0,0.004736727973795496,0.045024438900873064,0.0,-3.1698641538619996,0.020021483743039425,0.08696042001247406,0.061336617916822433,0.1149449497461319,0.0
761,6234112,11,0,0,11,0.0,0.0,1.0,0.0057276982988696545,0.028786931256763636,0.0,-3.173463487625122,0.01767401008255547,0.08662785589694977,0.06100843474268913,0.11392705887556076,0.0
762,6242304,15,0,1,14,0.0,0.06666666666666667,0.9333333333333333,0.0037502770079299807,0.12608422501944005,0.0,-3.1786732971668243,0.020806626691774,0.08636271208524704,0.06099841371178627,0.11283077299594879,0.0
763,6250496,20,0,0,20,0.0,0.0,1.0,0.007178201002534479,0.06158210034482181,0.0,-3.189918351173401,0.03565434588090284,0.08610358089208603,0.06067150458693504,0.11271926760673523,0.0
764,6258688,24,0,0,24,0.0,0.0,1.0,0.007765479461522773,0.11211397908627987,0.0,-3.198216140270233,0.03002486832701834,0.08592133224010468,0.06053633242845535,0.11227384954690933,0.0
765,6266880,15,0,0,15,0.0,0.0,1.0,0.005009038004209288,0.18176266252994538,0.0,-3.2018960654735564,0.02155302773753647,0.08583644032478333,0.06043306738138199,0.11232796311378479,0.0
766,6275072,44,0,0,44,0.0,0.0,1.0,0.0042105494881980125,0.1727768164128065,0.0,-3.2075528740882873,0.018219129137287383,0.08565276861190796,0.06022457778453827,0.11239279061555862,0.0
767,6283264,12,0,0,12,0.0,0.0,1.0,0.0037394683982711284,0.11736808810383081,0.0,-3.2107159197330475,0.017284611525246872,0.08569680154323578,0.0604863278567791,0.11279074847698212,0.0
768,6291456,17,0,0,17,0.0,0.0,1.0,0.014063064311631023,0.06622923174872994,0.0,-3.2086053073406218,0.035849606907868294,0.08577294647693634,0.060879115015268326,0.11321767419576645,0.0
769,6299648,23,0,0,23,0.0,0.0,1.0,0.011206840036902577,0.04792874921113253,0.0,-3.2082689106464386,0.03112382028630236,0.08563712239265442,0.061056673526763916,0.1129121482372284,0.0
770,6307840,18,0,0,18,0.0,0.0,1.0,0.006159741870942525,0.049276794376783076,0.0,-3.2039978921413423,0.02162598007271299,0.08597999811172485,0.06125098466873169,0.11396647989749908,0.0
771,6316032,17,0,0,17,0.0,0.0,1.0,0.006164566264487803,0.027314171905163675,0.0,-3.2040059208869933,0.02404482348356396,0.08567166328430176,0.061047445982694626,0.11292332410812378,0.0
772,6324224,42,0,0,42,0.0,0.0,1.0,0.010256509618193377,0.02675704057328403,0.0,-3.217467999458313,0.027042297563457395,0.08520941436290741,0.060778263956308365,0.1127595603466034,0.0
773,6332416,13,0,0,13,0.0,0.0,1.0,0.017454548022942617,0.03919890122488141,0.0,-3.230411320924759,0.061425072365091184,0.08497591316699982,0.06079686060547829,0.11235549300909042,0.0
774,6340608,16,0,0,16,0.0,0.0,1.0,0.009561380551895126,0.018765863950829954,0.0,-3.2358061611652373,0.03391747208515881,0.08491487801074982,0.060840312391519547,0.11247296631336212,0.0
775,6348800,29,0,0,29,0.0,0.0,1.0,0.006005025055492297,0.03415420944802463,0.0,-3.2405472934246062,0.023861644236603752,0.08466469496488571,0.06028449907898903,0.11197132617235184,0.0
776,6356992,14,0,0,14,0.0,0.0,1.0,0.00686812280328013,0.03586060947272927,0.0,-3.2428629100322723,0.026635197445284576,0.0848064124584198,0.06028471142053604,0.11232166737318039,0.0
777,6365184,15,0,0,15,0.0,0.0,1.0,0.007776634764741175,0.025365208042785525,0.0,-3.243231725692749,0.023638027840934227,0.08476298302412033,0.060035113245248795,0.11256503313779831,0.0
778,6373376,42,0,0,42,0.0,0.0,1.0,0.003793692888575606,0.0442682676948607,0.0,-3.2562568962574003,0.020027551391103772,0.08418835699558258,0.05933927372097969,0.11226595193147659,0.0
779,6381568,15,0,0,15,0.0,0.0,1.0,0.008037587435683235,0.014299220545217395,0.0,-3.2647659540176392,0.0225257071753731,0.0844215601682663,0.05950324609875679,0.11296193301677704,0.0
780,6389760,17,0,0,17,0.0,0.0,1.0,0.009717480570543557,0.013110047648660838,0.0,-3.267484974861145,0.03316128523583757,0.08402210474014282,0.05959827080368996,0.11227403581142426,0.0
781,6397952,27,0,0,27,0.0,0.0,1.0,0.004700637893984094,0.020105386513751,0.0,-3.274233675003052,0.015504687803331762,0.08403148502111435,0.05935254693031311,0.11214970797300339,0.0
782,6406144,15,0,0,15,0.0,0.0,1.0,0.009849681030027568,0.024252659955527632,0.0,-3.2761330604553223,0.03109224931395147,0.08389304578304291,0.05901893600821495,0.1120464950799942,0.0
783,6414336,16,0,0,16,0.0,0.0,1.0,0.01209292242419906,0.048929564724676314,0.0,-3.2816359043121337,0.054551856260513884,0.08384527266025543,0.05927756428718567,0.11169080436229706,0.0
784,6422528,40,0,0,40,0.0,0.0,1.0,0.0040372782852500675,0.030199323606211692,0.0,-3.2872812688350677,0.01765744078438729,0.0833873599767685,0.05887408182024956,0.1114078015089035,0.0
785,6430720,17,0,0,17,0.0,0.0,1.0,0.006814715947257355,0.03531630964716896,0.0,-3.3141214191913604,0.02580295407678932,0.08259959518909454,0.05838003754615784,0.1101943701505661,0.0
786,6438912,16,0,0,16,0.0,0.0,1.0,0.007271674007643014,0.03605279133189469,0.0,-3.3251101791858675,0.026856454586959445,0.08257089555263519,0.058359622955322266,0.10969650745391846,0.0
787,6447104,25,0,0,25,0.0,0.0,1.0,0.0062271231494378295,0.02545418079243973,0.0,-3.325979644060135,0.02593187892489368,0.08261805027723312,0.05803566053509712,0.1102522686123848,0.0
788,6455296,18,0,0,18,0.0,0.0,1.0,0.0035276326991152017,0.011366704810643568,0.0,-3.318007206916809,0.04520652835490182,0.08298330754041672,0.05776764452457428,0.11075405031442642,0.0
789,6463488,46,0,0,46,0.0,0.0,1.0,0.00594480053987354,0.015173613815568388,0.0,-3.3173061549663543,0.021242132570478134,0.08294542133808136,0.057149022817611694,0.11096732318401337,0.0
790,6471680,8,0,0,8,0.0,0.0,1.0,0.008570382429752499,0.030772555561270565,0.0,-3.326680672168732,0.02792411433329107,0.08257827907800674,0.057269543409347534,0.11048920452594757,0.0
791,6479872,18,0,0,18,0.0,0.0,1.0,0.0052286697638919575,0.03858930983114987,0.0,-3.3428213596343994,0.026875387753534596,0.08204586058855057,0.05673886835575104,0.10971945524215698,0.0
792,6488064,17,0,0,17,0.0,0.0,1.0,0.007803678896743804,0.05428544166497886,0.0,-3.3607730507850646,0.03138599024096038,0.08155226707458496,0.05655583739280701,0.10866694152355194,0.0
793,6496256,24,0,0,24,0.0,0.0,1.0,0.001974700950086117,0.11291833370923995,0.0,-3.369052952528,0.018842010069056413,0.08172833919525146,0.05591655895113945,0.10889429599046707,0.0
794,6504448,18,0,0,18,0.0,0.0,1.0,0.002983866899739951,0.046905646985396746,0.0,-3.3734884321689607,0.02363275076058926,0.08142437040805817,0.05526328459382057,0.10882805287837982,0.0
795,6512640,44,0,0,44,0.0,0.0,1.0,0.008018694422207772,0.0560527659021318,0.0,-3.3768908023834228,0.022198018540802878,0.08163677155971527,0.055358994752168655,0.10878738015890121,0.0
796,6520832,10,0,0,10,0.0,0.0,1.0,0.002006533253006637,0.036501554679125546,0.0,-3.3589731574058534,0.016997322619135957,0.08243681490421295,0.055519841611385345,0.11053919047117233,0.0
797,6529024,15,0,0,15,0.0,0.0,1.0,0.008985412737820298,0.024797271098941566,0.0,-3.345218175649643,0.027356787475582678,0.0824137032032013,0.05598452687263489,0.11030235886573792,0.0
798,6537216,20,0,0,20,0.0,0.0,1.0,0.004150309463148006,0.03525611790828407,0.0,-3.3468455612659453,0.025791477477469016,0.08225402235984802,0.056280650198459625,0.11023496836423874,0.0
799,6545408,23,0,0,23,0.0,0.0,1.0,0.006650548113975674,0.06873532882891595,0.0,-3.352551645040512,0.03429834421840496,0.0820598155260086,0.05597532168030739,0.10997975617647171,0.0
800,6553600,16,0,0,16,0.0,0.0,1.0,0.008262504055164755,0.028664606995880602,0.0,-3.35900474190712,0.02880966202064883,0.08195821940898895,0.055937349796295166,0.11027408391237259,0.0
801,6561792,45,0,0,45,0.0,0.0,1.0,0.011511883285129443,0.03808100621681661,0.0,-3.36205278635025,0.04833029190922389,0.08189165592193604,0.055797118693590164,0.10982859134674072,0.0
802,6569984,11,0,0,11,0.0,0.0,1.0,0.012133357235870789,0.03292265536729246,0.0,-3.3595110416412353,0.038742668757913636,0.0821508914232254,0.05573694035410881,0.11051133275032043,0.0
803,6578176,16,0,0,16,0.0,0.0,1.0,0.012709020895999856,0.02383948628557846,0.0,-3.357716220617294,0.04212284742243355,0.08206757158041,0.055350083857774734,0.11039461940526962,0.0
804,6586368,23,0,0,23,0.0,0.0,1.0,0.004669450473738834,0.016129074455238878,0.0,-3.3686156988143923,0.015840138505154755,0.08160474896430969,0.055070724338293076,0.1094457283616066,0.0
805,6594560,19,0,0,19,0.0,0.0,1.0,0.00942794285074342,0.01519823569105938,0.0,-3.3812556505203246,0.024783377815037966,0.08138595521450043,0.05512440949678421,0.10885582864284515,0.0
806,6602752,17,0,0,17,0.0,0.0,1.0,0.0037775773147586734,0.019909356883727015,0.0,-3.3805609703063966,0.019570661905163433,0.08141263574361801,0.055194269865751266,0.10793157666921616,0.0
807,6610944,43,0,0,43,0.0,0.0,1.0,0.004174318889272399,0.021281977440230547,0.0,-3.3834030091762544,0.022385230065265205,0.08103905618190765,0.055198874324560165,0.1071227490901947,0.0
808,6619136,12,0,0,12,0.0,0.0,1.0,0.005137059610569849,0.05108317073900252,0.0,-3.383361703157425,0.0319619946720195,0.08143410831689835,0.05529274791479111,0.10717366635799408,0.0
809,6627328,16,0,0,16,0.0,0.0,1.0,0.005789945594733581,0.036740143620409074,0.0,-3.378277766704559,0.021583474238286725,0.08118575066328049,0.05550089105963707,0.10676921159029007,0.0
810,6635520,27,0,0,27,0.0,0.0,1.0,0.006577942133299075,0.048238936043344435,0.0,-3.3744513154029847,0.031087309624126647,0.08137215673923492,0.05629781633615494,0.10630740970373154,0.0
811,6643712,16,0,0,16,0.0,0.0,1.0,0.004979262832785025,0.0313373930985108,0.0,-3.372865527868271,0.02436884761118563,0.08106090873479843,0.056420739740133286,0.10535012930631638,0.0
812,6651904,15,0,0,15,0.0,0.0,1.0,0.007589356481912546,0.015049349423497916,0.0,-3.381291961669922,0.03267838586034486,0.08073199540376663,0.05633135885000229,0.10455292463302612,0.0
813,6660096,42,0,0,42,0.0,0.0,1.0,0.010394941945560277,0.03950576081406325,0.0,-3.3944881319999696,0.02920834980031941,0.08024533092975616,0.05616132915019989,0.10349109023809433,0.0
814,6668288,14,0,0,14,0.0,0.0,1.0,0.00505112725077197,0.02941211077850312,0.0,-3.4051522076129914,0.026951834191277158,0.08017563819885254,0.05634221062064171,0.1032443419098854,0.0
815,6676480,18,0,0,18,0.0,0.0,1.0,0.017339780740439893,0.04271815505344421,0.0,-3.402472013235092,0.05701916421094211,0.08035090565681458,0.056116826832294464,0.10384296625852585,0.0
816,6684672,27,0,0,27,0.0,0.0,1.0,0.004251393344020471,0.05130820251069963,0.0,-3.4074970364570616,0.03150034322752617,0.08005277812480927,0.05544186383485794,0.10420636087656021,0.0
817,6692864,15,0,0,15,0.0,0.0,1.0,0.005564990156562999,0.026999390823766588,0.0,-3.4177322506904604,0.023803534753096756,0.07997681200504303,0.05552317947149277,0.1040349155664444,0.0
818,6701056,14,0,0,14,0.0,0.0,1.0,0.011893897567642853,0.0075614865228999404,0.0,-3.4192112624645232,0.027660030589322558,0.07982845604419708,0.0554819293320179,0.10375615209341049,0.0
819,6709248,42,0,0,42,0.0,0.0,1.0,0.0049672956112772225,0.05611326340585947,0.0,-3.4265581488609316,0.019129320967476816,0.07972210645675659,0.05530896410346031,0.10375301539897919,0.0
820,6717440,17,0,0,17,0.0,0.0,1.0,0.010971894726390019,0.02220945475855842,0.0,-3.4257330775260924,0.03871072447072947,0.07992808520793915,0.05503768473863602,0.10451100766658783,0.0
821,6725632,17,0,0,17,0.0,0.0,1.0,0.007246553391451016,0.026298713660798965,0.0,-3.438001000881195,0.025977465347386895,0.07942858338356018,0.05393389239907265,0.10459114611148834,0.0
822,6733824,25,0,0,25,0.0,0.0,1.0,0.005981927248649299,0.04445027525071055,0.0,-3.4500259459018707,0.03017533660167828,0.07943513244390488,0.05396502837538719,0.10436028242111206,0.0
823,6742016,16,0,0,16,0.0,0.0,1.0,0.010633414768381044,0.02788772126659751,0.0,-3.449140030145645,0.03399121244001435,0.07939913123846054,0.05386603623628616,0.10398877412080765,0.0
824,6750208,47,0,0,47,0.0,0.0,1.0,0.01276171249919571,0.05962667083367705,0.0,-3.449256545305252,0.04069048716046382,0.07936357706785202,0.05398062616586685,0.10380851477384567,0.0
825,6758400,8,0,0,8,0.0,0.0,1.0,0.007029307365883142,0.024979261285625397,0.0,-3.452766311168671,0.027337192127015443,0.07913651317358017,0.053852926939725876,0.10359326750040054,0.0
826,6766592,18,0,0,18,0.0,0.0,1.0,0.00984351079678163,0.02881367316003889,0.0,-3.4591653883457183,0.03430582388391486,0.07915140688419342,0.05377430096268654,0.10359229892492294,0.0
827,6774784,16,0,1,15,0.0,0.0625,0.9375,0.0032862086198292674,0.06819710258860141,0.0,-3.458160400390625,0.03039485846675234,0.07923389226198196,0.05359458550810814,0.10377639532089233,0.0
828,6782976,26,0,0,26,0.0,0.0,1.0,0.00612931500072591,0.029689545137807728,0.0,-3.462209737300873,0.03293212672433583,0.07898492366075516,0.053349822759628296,0.10368560254573822,0.0
829,6791168,16,0,0,16,0.0,0.0,1.0,0.007952462515095248,0.02095261882059276,0.0,-3.4671633183956145,0.031764152478717736,0.07910197973251343,0.05316085368394852,0.10437090694904327,0.0
830,6799360,46,0,0,46,0.0,0.0,1.0,0.00470612671924755,0.0421555420383811,0.0,-3.4728186786174775,0.024761256815691014,0.07880068570375443,0.05235879868268967,0.10446120798587799,0.0
831,6807552,10,0,0,10,0.0,0.0,1.0,0.009614259522641078,0.024312438059132545,0.0,-3.486955237388611,0.032801653127535246,0.07875337451696396,0.05161198228597641,0.10528552532196045,0.0
832,6815744,15,0,0,15,0.0,0.0,1.0,0.0032753431791206823,0.031770192086696625,0.0,-3.496957504749298,0.020182977884542198,0.07853712141513824,0.05138247460126877,0.10506974905729294,0.0
833,6823936,20,0,0,20,0.0,0.0,1.0,0.006918633653549477,0.04837967660278082,0.0,-3.50568630695343,0.026022941038536373,0.0782846212387085,0.051012299954891205,0.10441616177558899,0.0
834,6832128,23,0,0,23,0.0,0.0,1.0,0.007848703040508553,0.020977760129608215,0.0,-3.518239140510559,0.02788103767670691,0.07806422561407089,0.05064764991402626,0.10469415783882141,0.0
835,6840320,17,0,0,17,0.0,0.0,1.0,0.007136317732511088,0.027892571710981428,0.0,-3.5229219079017637,0.023083398953895086,0.07815919071435928,0.050613127648830414,0.10451416671276093,0.0
836,6848512,44,0,0,44,0.0,0.0,1.0,0.00690960279898718,0.03231407166458666,0.0,-3.5223440885543824,0.028294678157544696,0.07798963785171509,0.050559718161821365,0.10426495969295502,0.0
837,6856704,11,0,0,11,0.0,0.0,1.0,0.0046472340443870054,0.044704977911897,0.0,-3.5255289912223815,0.020529400833765976,0.07810573279857635,0.05021677166223526,0.10492369532585144,0.0
838,6864896,15,0,0,15,0.0,0.0,1.0,0.004936371228541248,0.022284131112974136,0.0,-3.5250520169734956,0.01729617165547097,0.07817104458808899,0.05003201588988304,0.10532090067863464,0.0
839,6873088,20,0,0,20,0.0,0.0,1.0,0.008224953289027327,0.035941689158789814,0.0,-3.5244125425815582,0.035332853616273495,0.07812999933958054,0.05004984140396118,0.10482330620288849,0.0
840,6881280,24,0,0,24,0.0,0.0,1.0,0.007820321703911759,0.04451106390915811,0.0,-3.5295078814029694,0.041889015439664945,0.07804196327924728,0.04967251420021057,0.10506299883127213,0.0
841,6889472,15,0,0,15,0.0,0.0,1.0,0.007600216020364314,0.023784764332231135,0.0,-3.5294862508773805,0.03321072222315706,0.07824361324310303,0.04960157722234726,0.1058960109949112,0.0
842,6897664,44,0,0,44,0.0,0.0,1.0,0.010640998015878722,0.04179074203129858,0.0,-3.5284370601177217,0.03957760189077817,0.07825250923633575,0.049300674349069595,0.10631419718265533,0.0
843,6905856,12,0,0,12,0.0,0.0,1.0,0.008488439465872943,0.013533576612826437,0.0,-3.537378841638565,0.023788778786547483,0.0779716968536377,0.048956502228975296,0.10602536052465439,0.0
844,6914048,16,0,0,16,0.0,0.0,1.0,0.0037296025388059207,0.026936650241259484,0.0,-3.547906219959259,0.026414236605342013,0.07786624878644943,0.04850780591368675,0.10606611520051956,0.0
845,6922240,25,0,1,24,0.0,0.04,0.96,0.0037367232551332565,0.07618008725112305,0.0,-3.5427595555782316,0.030274288549844642,0.07842351496219635,0.048682719469070435,0.10719740390777588,0.0
846,6930432,19,0,0,19,0.0,0.0,1.0,0.005305546394083649,0.039619531761854884,0.0,-3.5336315870285033,0.021017059248697477,0.0782635360956192,0.04862270504236221,0.10616341978311539,0.0
847,6938624,16,0,0,16,0.0,0.0,1.0,0.007727015571435914,0.061404170887544754,0.0,-3.5406577229499816,0.028386998185305858,0.07779071480035782,0.04880999028682709,0.10512612760066986,0.0
848,6946816,41,0,0,41,0.0,0.0,1.0,0.005721828871173784,0.03246585864108056,0.0,-3.543606024980545,0.018860547765507364,0.07812545448541641,0.048806894570589066,0.10596513748168945,0.0
849,6955008,12,0,0,12,0.0,0.0,1.0,0.008615418203407898,0.043120305286720395,0.0,-3.5383013606071474,0.03255416519532446,0.07814107835292816,0.048823293298482895,0.10616063326597214,0.0
850,6963200,18,0,0,18,0.0,0.0,1.0,0.005358673963928595,0.0394896108424291,0.0,-3.5322760462760927,0.028798368836578447,0.07839575409889221,0.04899457097053528,0.10616248100996017,0.0
851,6971392,29,0,0,29,0.0,0.0,1.0,0.004219926899531856,0.03614649863447994,0.0,-3.5283041298389435,0.022488640244409906,0.07832550257444382,0.04916547238826752,0.1063048243522644,0.0
852,6979584,14,0,0,14,0.0,0.0,1.0,0.005656874971464276,0.015922201308421792,0.0,-3.5322351157665253,0.02165666919463547,0.07811737805604935,0.04912901669740677,0.10581530630588531,0.0
853,6987776,15,0,0,15,0.0,0.0,1.0,0.01472124072315637,0.016987864684779197,0.0,-3.534331911802292,0.04822771862673107,0.07812865823507309,0.04910220205783844,0.10583523660898209,0.0
854,6995968,41,0,0,41,0.0,0.0,1.0,0.007043461583089083,0.02817748117959127,0.0,-3.531077319383621,0.021430298931954896,0.07841979712247849,0.049231771379709244,0.10666909068822861,0.0
855,7004160,16,0,0,16,0.0,0.0,1.0,0.010780169232748448,0.029302426218055188,0.0,-3.524177610874176,0.03915789505263092,0.07851019501686096,0.04915550723671913,0.10667316615581512,0.0
856,7012352,16,0,0,16,0.0,0.0,1.0,0.008813876117346808,0.02990004592575133,0.0,-3.519586795568466,0.024754653660056646,0.07869482040405273,0.04936408996582031,0.10667970776557922,0.0
857,7020544,28,0,0,28,0.0,0.0,1.0,0.00261588490975555,0.034162450674921276,0.0,-3.518924820423126,0.016819065404706634,0.07856057584285736,0.04935511201620102,0.10718981921672821,0.0
858,7028736,15,0,0,15,0.0,0.0,1.0,0.015275045682210475,0.013463968795258551,0.0,-3.519892555475235,0.04146340073348256,0.0786665827035904,0.049446508288383484,0.10748256742954254,0.0
859,7036928,17,0,0,17,0.0,0.0,1.0,0.004319210772519,0.03485009965952486,0.0,-3.5150802195072175,0.02126631771825487,0.0788484662771225,0.04932693764567375,0.10773574560880661,0.0
860,7045120,37,0,0,37,0.0,0.0,1.0,0.006658248009625822,0.036898908531293274,0.0,-3.5045459806919097,0.026042050114483573,0.0794021487236023,0.049535833299160004,0.10874441266059875,0.0
861,7053312,17,0,0,17,0.0,0.0,1.0,0.009901285034720786,0.021371609380003063,0.0,-3.503886651992798,0.03063121448358288,0.07878702133893967,0.04923325777053833,0.10763140767812729,0.0
862,7061504,17,0,0,17,0.0,0.0,1.0,0.0048243573401123285,0.014885977160884068,0.0,-3.5234233677387237,0.01869097337475978,0.07848911732435226,0.048955440521240234,0.107757069170475,0.0
863,7069696,26,0,0,26,0.0,0.0,1.0,0.00955740648205392,0.033040204527787866,0.0,-3.53528835773468,0.027189103535783944,0.0782233476638794,0.0486232154071331,0.10770397633314133,0.0
864,7077888,18,0,0,18,0.0,0.0,1.0,0.007415480416966602,0.04694621907547116,0.0,-3.544057536125183,0.03640197494387394,0.07807161659002304,0.048661891371011734,0.10720272362232208,0.0
865,7086080,45,0,0,45,0.0,0.0,1.0,0.00374263844860252,0.03343184825498611,0.0,-3.5477338910102842,0.023306669552403035,0.07801758497953415,0.048358187079429626,0.10700134187936783,0.0
866,7094272,7,0,0,7,0.0,0.0,1.0,0.008972347097005695,0.018896815343759955,0.0,-3.5541556000709535,0.026230959668464494,0.07772751897573471,0.04830673336982727,0.10614479333162308,0.0
867,7102464,18,0,0,18,0.0,0.0,1.0,0.008702336263377219,0.017677393078338356,0.0,-3.5582486569881437,0.02656085084017832,0.07781140506267548,0.04826158657670021,0.10625068098306656,0.0
868,7110656,20,0,0,20,0.0,0.0,1.0,0.009630777436541393,0.019470264913979917,0.0,-3.553287351131439,0.031263738362758885,0.07780621200799942,0.04844292253255844,0.10609826445579529,0.0
869,7118848,23,0,0,23,0.0,0.0,1.0,0.020564779441338034,0.024531252705492078,0.0,-3.5561125576496124,0.06091026517096907,0.07779677212238312,0.04829198494553566,0.10631395131349564,0.0
870,7127040,18,0,0,18,0.0,0.0,1.0,0.008175909117562696,0.023421724420040847,0.0,-3.5543068408966065,0.02745889577345224,0.0778263509273529,0.048562392592430115,0.10617759823799133,0.0
871,7135232,43,0,0,43,0.0,0.0,1.0,0.0046318120905198155,0.020696102088550106,0.0,-3.5575563073158265,0.02142897321464261,0.07753026485443115,0.04839464649558067,0.1053725928068161,0.0
872,7143424,9,0,0,9,0.0,0.0,1.0,0.009147969749756157,0.025971856759861113,0.0,-3.56438894867897,0.031781012074497995,0.07743225246667862,0.04807885363698006,0.10510331392288208,0.0
873,7151616,15,0,0,15,0.0,0.0,1.0,0.008150800503790379,0.020538792409934104,0.0,-3.566506767272949,0.027793385801487602,0.07745808362960815,0.04820225015282631,0.10495980829000473,0.0
874,7159808,23,0,0,23,0.0,0.0,1.0,0.007104370734305121,0.028802293178159744,0.0,-3.563754916191101,0.025814558353158646,0.07750986516475677,0.04872138425707817,0.10522135347127914,0.0
875,7168000,24,0,0,24,0.0,0.0,1.0,0.010715258252457716,0.014906133769545703,0.0,-3.5617816030979155,0.02855965781636769,0.0774419978260994,0.048744067549705505,0.1049351841211319,0.0
876,7176192,14,0,0,14,0.0,0.0,1.0,0.006727169110672548,0.02229080747347325,0.0,-3.5538659751415254,0.026994623026985208,0.07789567112922668,0.04871145635843277,0.10581491887569427,0.0
877,7184384,44,0,0,44,0.0,0.0,1.0,0.0022990626632235943,0.03205691197654233,0.0,-3.5475602746009827,0.020859328795631883,0.07777199149131775,0.04882887005805969,0.10476455092430115,0.0
878,7192576,10,0,0,10,0.0,0.0,1.0,0.013103203236823902,0.014110049977898598,0.0,-3.550780349969864,0.03481104745005723,0.07774581015110016,0.04838712513446808,0.10490114241838455,0.0
879,7200768,16,0,0,16,0.0,0.0,1.0,0.014240215288009495,0.018483754014596343,0.0,-3.5510806798934937,0.04358043924439699,0.07777398824691772,0.048567116260528564,0.10490971803665161,0.0
880,7208960,26,0,0,26,0.0,0.0,1.0,0.01147442772053182,0.02029280352871865,0.0,-3.5521616995334626,0.03578810589388013,0.07755187153816223,0.04888666048645973,0.10432538390159607,0.0
881,7217152,19,0,0,19,0.0,0.0,1.0,0.00839833818608895,0.04618374139536172,0.0,-3.5523158252239226,0.029675173389841804,0.07779096066951752,0.04884224757552147,0.10533349961042404,0.0
882,7225344,16,0,0,16,0.0,0.0,1.0,0.003940483659971505,0.028876026696525513,0.0,-3.547873687744141,0.02570070090005174,0.0777909979224205,0.048940982669591904,0.10545650869607925,0.0
883,7233536,42,0,0,42,0.0,0.0,1.0,0.0076611960481386635,0.04945488628000021,0.0,-3.5461132407188414,0.034225401488947683,0.07796001434326172,0.04887459799647331,0.10573732852935791,0.0
884,7241728,11,0,0,11,0.0,0.0,1.0,0.009969408984761684,0.03626455976627767,0.0,-3.54920454621315,0.03737742486409843,0.07765378057956696,0.048668574541807175,0.10520412772893906,0.0
885,7249920,16,0,0,16,0.0,0.0,1.0,0.009410786267835647,0.04587764530442655,0.0,-3.5604376614093782,0.035049658533534964,0.07744885981082916,0.04832250624895096,0.10475938022136688,0.0
886,7258112,31,0,0,31,0.0,0.0,1.0,0.015938545262906702,0.03276051203720272,0.0,-3.5553073585033417,0.04882318239542656,0.07781077176332474,0.048856865614652634,0.10517081618309021,0.0
887,7266304,14,0,0,14,0.0,0.0,1.0,0.010828440974000842,0.051214631320908664,0.0,-3.5393530786037446,0.0412650642945664,0.07820668816566467,0.04942581057548523,0.10582733899354935,0.0
888,7274496,16,0,0,16,0.0,0.0,1.0,0.00406693744007498,0.06544194421730935,0.0,-3.533166211843491,0.023695485963253306,0.07793385535478592,0.049579277634620667,0.1055665910243988,0.0
889,7282688,40,0,0,40,0.0,0.0,1.0,0.006576280068838969,0.09879189003258944,0.0,-3.5410011172294618,0.03162132691795705,0.07779476046562195,0.04958869889378548,0.10496475547552109,0.0
890,7290880,14,0,0,14,0.0,0.0,1.0,0.010338946228148415,0.0837627372238785,0.0,-3.542255222797394,0.03849033948936267,0.07778175920248032,0.04952049255371094,0.1049070656299591,0.0
891,7299072,19,0,0,19,0.0,0.0,1.0,0.013287630263948812,0.09157749256119133,0.0,-3.546414476633072,0.038864600186934696,0.07767753303050995,0.04917681962251663,0.10493305325508118,0.0
892,7307264,28,0,0,28,0.0,0.0,1.0,0.003123607247835025,0.14104541391134262,0.0,-3.545945930480957,0.023156652755278628,0.07792627811431885,0.04902822524309158,0.10520528256893158,0.0
893,7315456,14,0,0,14,0.0,0.0,1.0,0.008137061848537996,0.10661603352054953,0.0,-3.541195958852768,0.022546032672107686,0.07793855667114258,0.0491698794066906,0.10521627217531204,0.0
894,7323648,15,0,0,15,0.0,0.0,1.0,0.003789090260397643,0.1470384769141674,0.0,-3.544409155845642,0.018465888001082932,0.0776568204164505,0.04915958642959595,0.10469347983598709,0.0
895,7331840,40,0,0,40,0.0,0.0,1.0,0.013671549170976505,0.11370329409837723,0.0,-3.5430705547332764,0.028203962034604048,0.07802177965641022,0.04923918843269348,0.10574556142091751,0.0
896,7340032,16,0,0,16,0.0,0.0,1.0,0.012357843661447987,0.12161133233457803,0.0,-3.538325917720795,0.0362784970930079,0.07813532650470734,0.04901835694909096,0.10604960471391678,0.0
897,7348224,18,0,0,18,0.0,0.0,1.0,0.008779996493831276,0.16360358837991953,0.0,-3.5356250524520876,0.021667503059143202,0.07824678719043732,0.04908684268593788,0.10674368590116501,0.0
898,7356416,26,0,0,26,0.0,0.0,1.0,0.011842017760500312,0.15270772716030478,0.0,-3.532837861776352,0.030719802759995217,0.07838186621665955,0.0491597056388855,0.1071912944316864,0.0
899,7364608,18,0,0,18,0.0,0.0,1.0,0.009371401753742247,0.041943124448880556,0.0,-3.5231418132781984,0.02335853126423899,0.07875733077526093,0.04927505552768707,0.10799994319677353,0.0
900,7372800,45,0,0,45,0.0,0.0,1.0,0.01618048828386236,0.06566238338127732,0.0,-3.5159313917160033,0.041561100906983485,0.07885032892227173,0.049311354756355286,0.10820717364549637,0.0
901,7380992,7,0,0,7,0.0,0.0,1.0,0.008121404284611344,0.10667146220803261,0.0,-3.514698886871338,0.02485285973234568,0.07874900102615356,0.04926856979727745,0.1079861968755722,0.0
902,7389184,17,0,0,17,0.0,0.0,1.0,0.006758521858137101,0.10583309149369598,0.0,-3.5211837708950045,0.02479007490328513,0.07844677567481995,0.04940055310726166,0.10701341181993484,0.0
903,7397376,19,0,0,19,0.0,0.0,1.0,0.014781033823965117,0.07874154807068408,0.0,-3.5234965085983276,0.03669990049820626,0.07851769030094147,0.04923303797841072,0.10708340257406235,0.0
904,7405568,24,0,0,24,0.0,0.0,1.0,0.005925583909265697,0.08039717799983918,0.0,-3.5235600411891936,0.028708192918566057,0.07851247489452362,0.049634888768196106,0.10733688622713089,0.0
905,7413760,17,0,0,17,0.0,0.0,1.0,0.011180270233307966,0.059478555852547285,0.0,-3.5280519247055055,0.03327021113218507,0.07816149294376373,0.04954622685909271,0.10693272203207016,0.0
906,7421952,44,0,0,44,0.0,0.0,1.0,0.012914778536651284,0.042412144411355254,0.0,-3.53403097987175,0.03725495248218067,0.0781673938035965,0.049539823085069656,0.10716456919908524,0.0
907,7430144,10,0,0,10,0.0,0.0,1.0,0.014057088721892796,0.06517840470187367,0.0,-3.533628284931183,0.03756251878658077,0.07820281386375427,0.04972023889422417,0.10708968341350555,0.0
908,7438336,15,0,0,15,0.0,0.0,1.0,0.014623413144727237,0.050048297527246176,0.0,-3.5340303480625153,0.041415273593156596,0.07792280614376068,0.04986363276839256,0.10611910372972488,0.0
909,7446528,22,0,0,22,0.0,0.0,1.0,0.0013491322926711292,0.06029518088325858,0.0,-3.5459625661373138,0.02183297118608607,0.07754399627447128,0.04958133399486542,0.10514156520366669,0.0
910,7454720,22,0,0,22,0.0,0.0,1.0,0.006429910234874115,0.07872206061147154,0.0,-3.5536065697669983,0.029569400537002365,0.07744753360748291,0.04954550415277481,0.10518854856491089,0.0
911,7462912,17,0,0,17,0.0,0.0,1.0,0.007525224436540157,0.07336173471994697,0.0,-3.5607073664665223,0.03457513560424559,0.07713649421930313,0.04925931245088577,0.10450322926044464,0.0
912,7471104,43,0,0,43,0.0,0.0,1.0,0.005540313827805221,0.07115698214620352,0.0,-3.577375018596649,0.02310575983428862,0.0766444280743599,0.04897180572152138,0.1034410148859024,0.0
913,7479296,11,0,0,11,0.0,0.0,1.0,0.007701705774525181,0.0500008097384125,0.0,-3.5977651357650755,0.028288574755424633,0.07609584927558899,0.048530954867601395,0.10280419886112213,0.0
914,7487488,15,0,0,15,0.0,0.0,1.0,0.008751018875045702,0.02739665932022035,0.0,-3.607619661092758,0.033489319945510944,0.07609707862138748,0.04858972132205963,0.10244973003864288,0.0
915,7495680,25,0,0,25,0.0,0.0,1.0,0.00734852121968288,0.05132572995498776,0.0,-3.603780376911163,0.038504013454075905,0.07618244737386703,0.04866409674286842,0.10232225805521011,0.0
916,7503872,20,0,0,20,0.0,0.0,1.0,0.0043433433631435035,0.04153278823941946,0.0,-3.5932873666286467,0.020473723475879523,0.0767628401517868,0.048639386892318726,0.10384774953126907,0.0
917,7512064,17,0,0,17,0.0,0.0,1.0,0.006578332782373764,0.036774401133880016,0.0,-3.5795050621032716,0.023626487812725826,0.07715492695569992,0.04849803447723389,0.10423356294631958,0.0
918,7520256,41,0,0,41,0.0,0.0,1.0,0.00638275706442073,0.03762532016262412,0.0,-3.5702203691005705,0.02248989708168665,0.07722978293895721,0.04841187596321106,0.10385680943727493,0.0
919,7528448,12,0,0,12,0.0,0.0,1.0,0.006814626615960151,0.05247214431874454,0.0,-3.567549228668213,0.03271236327273073,0.07718217372894287,0.048684801906347275,0.10364415496587753,0.0
920,7536640,16,0,0,16,0.0,0.0,1.0,0.012384288792964071,0.02314070297870785,0.0,-3.574634277820587,0.036443972820416094,0.076966792345047,0.04850579425692558,0.10386354476213455,0.0
921,7544832,26,0,0,26,0.0,0.0,1.0,0.004892495958483778,0.034593260590918364,0.0,-3.5859166026115417,0.022406917465559673,0.07648774236440659,0.048023346811532974,0.10322064161300659,0.0
922,7553024,19,0,0,19,0.0,0.0,1.0,0.004532809794181958,0.023437651933636516,0.0,-3.5992840826511383,0.01888617752556456,0.07651320099830627,0.04776076227426529,0.10379831492900848,0.0
923,7561216,15,0,0,15,0.0,0.0,1.0,0.009120506304316222,0.012488525308435782,0.0,-3.6054156482219697,0.022972885468334425,0.07631216943264008,0.04750188812613487,0.10354217886924744,0.0
924,7569408,41,0,0,41,0.0,0.0,1.0,0.003365945254336111,0.028886532923206688,0.0,-3.626607394218445,0.018172975738707464,0.07545925676822662,0.04701843857765198,0.1019509956240654,0.0
925,7577600,12,0,0,12,0.0,0.0,1.0,0.006352685124147684,0.031117827561683954,0.0,-3.6393588542938233,0.030556492647156118,0.0756574347615242,0.047088898718357086,0.10212425887584686,0.0
926,7585792,19,0,0,19,0.0,0.0,1.0,0.010166285320883617,0.04381782386917621,0.0,-3.6314866304397584,0.0423322373215342,0.0757005512714386,0.04735751450061798,0.10219745337963104,0.0
927,7593984,28,0,0,28,0.0,0.0,1.0,0.0058602615143172445,0.044457691232673825,0.0,-3.6407046020030975,0.036503721686312926,0.07517093420028687,0.04708031564950943,0.10072220861911774,0.0
928,7602176,14,0,0,14,0.0,0.0,1.0,0.006125597754726186,0.0181636392371729,0.0,-3.646340924501419,0.02834833245287882,0.07536378502845764,0.04717092961072922,0.1010226458311081,0.0
929,7610368,15,0,0,15,0.0,0.0,1.0,0.006817144330125302,0.020520705659873784,0.0,-3.650539743900299,0.03506977521319641,0.07484805583953857,0.04679229483008385,0.10024441033601761,0.0
930,7618560,41,0,0,41,0.0,0.0,1.0,0.006305140192853287,0.018186592357233168,0.0,-3.6686138033866884,0.024535400023160035,0.07470836490392685,0.046705398708581924,0.10068513453006744,0.0
931,7626752,17,0,0,17,0.0,0.0,1.0,0.011478317104047165,0.03051651967689395,0.0,-3.6732051730155946,0.03630638847098453,0.07464256882667542,0.04637125879526138,0.10099557042121887,0.0
932,7634944,16,0,0,16,0.0,0.0,1.0,0.005582829509512522,0.021385658381041138,0.0,-3.6842124998569488,0.020323138462845235,0.0743512362241745,0.04591504856944084,0.10086598992347717,0.0
933,7643136,27,0,0,27,0.0,0.0,1.0,0.005952098791021853,0.03667096402496099,0.0,-3.6923897087574007,0.021250979583419392,0.07444807887077332,0.04591517895460129,0.10161497443914413,0.0
934,7651328,15,0,0,15,0.0,0.0,1.0,0.008044468855950981,0.029405807284638284,0.0,-3.6908730387687685,0.028192591985862235,0.07447602599859238,0.045786596834659576,0.10173444449901581,0.0
935,7659520,48,0,0,48,0.0,0.0,1.0,0.003688977798447013,0.03998502620961517,0.0,-3.6922553300857546,0.02392344492545817,0.07438492774963379,0.04572174698114395,0.10146306455135345,0.0
936,7667712,6,0,0,6,0.0,0.0,1.0,0.006145245203515515,0.049840044346638024,0.0,-3.6898098945617677,0.024594933782645968,0.07459728419780731,0.046010974794626236,0.10148973017930984,0.0
937,7675904,18,0,0,18,0.0,0.0,1.0,0.00957742219325155,0.05619458109140396,0.0,-3.6798076927661896,0.025810859780176543,0.0748545452952385,0.04591216892004013,0.10257034748792648,0.0
938,7684096,16,0,0,16,0.0,0.0,1.0,0.009148263596580363,0.05950954165309667,0.0,-3.680078202486038,0.043900111921539066,0.07485269010066986,0.04546957463026047,0.10284654051065445,0.0
939,7692288,28,0,0,28,0.0,0.0,1.0,0.006822306750109419,0.027985160436946897,0.0,-3.683899110555649,0.03052792469970882,0.07468479126691818,0.0458245612680912,0.10244140774011612,0.0
940,7700480,16,0,0,16,0.0,0.0,1.0,0.008380423666676507,0.0276784204877913,0.0,-3.680718666315079,0.03235485568002332,0.07476162910461426,0.04598189517855644,0.10226209461688995,0.0
941,7708672,45,0,0,45,0.0,0.0,1.0,0.008494251708907542,0.026810292492154986,0.0,-3.6768471002578735,0.030052371420606506,0.07488645613193512,0.04606936499476433,0.10240967571735382,0.0
942,7716864,8,0,0,8,0.0,0.0,1.0,0.003631048204260878,0.049519124813377856,0.0,-3.6741194248199465,0.0237416734060389,0.07474561780691147,0.046165406703948975,0.10152620077133179,0.0
943,7725056,17,0,0,17,0.0,0.0,1.0,0.007985172135522588,0.06675073923543096,0.0,-3.676479423046112,0.03316955688933376,0.0748216062784195,0.04573696851730347,0.10158409178256989,0.0
944,7733248,21,0,0,21,0.0,0.0,1.0,0.006243368150899186,0.030942034744657575,0.0,-3.685794734954834,0.02680332569143502,0.07438723742961884,0.045341942459344864,0.10101497918367386,0.0
945,7741440,22,0,0,22,0.0,0.0,1.0,0.004363597504561767,0.08509610770270229,0.0,-3.6996511101722716,0.025365256419172512,0.0742550790309906,0.04530198127031326,0.10065238177776337,0.0
946,7749632,18,0,0,18,0.0,0.0,1.0,0.008153580655925908,0.04236264324281365,0.0,-3.7076986849308016,0.02765727336081909,0.07389916479587555,0.04536168649792671,0.10047008842229843,0.0
947,7757824,43,0,0,43,0.0,0.0,1.0,0.0072503845789469775,0.05109398413915187,0.0,-3.7162060260772707,0.029802410368574783,0.07378111779689789,0.045064449310302734,0.10056161135435104,0.0
948,7766016,10,0,0,10,0.0,0.0,1.0,0.012203741259872914,0.040494857681915165,0.0,-3.7201631009578704,0.03630576362629654,0.073941670358181,0.04484834522008896,0.1008373498916626,0.0
949,7774208,15,0,0,15,0.0,0.0,1.0,0.004752078671299387,0.04639203133992851,0.0,-3.719991385936737,0.03070504093775526,0.0737343430519104,0.044814400374889374,0.10043945908546448,0.0
950,7782400,22,0,0,22,0.0,0.0,1.0,0.008235244418028743,0.121484147105366,0.0,-3.7271318197250367,0.029186866263626144,0.07364877313375473,0.044615041464567184,0.10043040663003922,0.0
951,7790592,24,0,0,24,0.0,0.0,1.0,0.008464663923950866,0.05901202517561614,0.0,-3.7280806720256807,0.02581926522689173,0.07379432022571564,0.04459400847554207,0.10108420252799988,0.0
952,7798784,15,0,0,15,0.0,0.0,1.0,0.020463461318286136,0.034231710084714,0.0,-3.7297134578227995,0.04092334891465725,0.0736309215426445,0.04436914250254631,0.10102632641792297,0.0
953,7806976,43,0,0,43,0.0,0.0,1.0,0.005472670553717762,0.03426181373652071,0.0,-3.733464461565018,0.02546924683992984,0.07381977140903473,0.04431792348623276,0.10126042366027832,0.0
954,7815168,11,0,0,11,0.0,0.0,1.0,0.012311130182933994,0.06572364666499197,0.0,-3.7304585933685304,0.03621292874304345,0.07375603914260864,0.044217295944690704,0.10161362588405609,0.0
955,7823360,17,0,0,17,0.0,0.0,1.0,0.008889049635035918,0.04448674479499459,0.0,-3.7365064680576325,0.0281236498412909,0.07374618947505951,0.043956153094768524,0.10220780968666077,0.0
956,7831552,25,0,0,25,0.0,0.0,1.0,0.005181925202487036,0.061272875498980285,0.0,-3.7311902403831483,0.018386618125077803,0.07393521070480347,0.044402964413166046,0.10216480493545532,0.0
957,7839744,18,0,0,18,0.0,0.0,1.0,0.00590818781638518,0.037740975199267265,0.0,-3.7325708985328676,0.017177487612934784,0.0735841616988182,0.04439530149102211,0.10141774266958237,0.0
958,7847936,17,0,0,17,0.0,0.0,1.0,0.0058540849480777975,0.03146179566392675,0.0,-3.7411759376525877,0.026952012414403724,0.07344312965869904,0.04428548365831375,0.10120969265699387,0.0
959,7856128,41,0,0,41,0.0,0.0,1.0,0.003757958160713315,0.03300379051361233,0.0,-3.7463297605514527,0.018999635372892953,0.07334031164646149,0.04404190927743912,0.10115083307027817,0.0
960,7864320,12,0,0,12,0.0,0.0,1.0,0.01408220366574824,0.01232796573312953,0.0,-3.751307708024979,0.034016520640579986,0.07336311042308807,0.04378937557339668,0.10115385055541992,0.0
961,7872512,16,0,0,16,0.0,0.0,1.0,0.007887163729174062,0.010764410241972656,0.0,-3.748529303073883,0.02460646059043938,0.07344479858875275,0.043917253613471985,0.1008894145488739,0.0
962,7880704,31,0,0,31,0.0,0.0,1.0,0.003785058780340478,0.045324992504902184,0.0,-3.7398555278778076,0.020778998579771724,0.07376305013895035,0.04381424933671951,0.10111560672521591,0.0
963,7888896,14,0,0,14,0.0,0.0,1.0,0.005051994347013533,0.014807174331508577,0.0,-3.7294456005096435,0.02158299409347819,0.0739784687757492,0.04397066682577133,0.10137096792459488,0.0
964,7897088,15,0,0,15,0.0,0.0,1.0,0.0061159376200521365,0.014554245892213657,0.0,-3.722228670120239,0.02212610417336691,0.07405930757522583,0.04422289505600929,0.10104189068078995,0.0
965,7905280,41,0,0,41,0.0,0.0,1.0,0.007999754627235234,0.024959912488702683,0.0,-3.724754977226257,0.020656759093981236,0.07378368079662323,0.044148243963718414,0.10073234140872955,0.0
966,7913472,14,0,0,14,0.0,0.0,1.0,0.0035814184258924795,0.03004543436691165,0.0,-3.741108798980713,0.018505727585579734,0.07327346503734589,0.04393651336431503,0.10037441551685333,0.0
967,7921664,18,0,0,18,0.0,0.0,1.0,0.00408043542993255,0.059631292475387454,0.0,-3.7474633038043974,0.037738029821775855,0.07346536219120026,0.043936409056186676,0.10050279647111893,0.0
968,7929856,28,0,0,28,0.0,0.0,1.0,0.0022961384151130916,0.08239725143648684,0.0,-3.748281955718994,0.024809293028374667,0.07319064438343048,0.04378794506192207,0.09978053718805313,0.0
969,7938048,15,0,0,15,0.0,0.0,1.0,0.0026813218020834027,0.06966454721987247,0.0,-3.7523954033851625,0.029215685126837344,0.07326110452413559,0.04374834522604942,0.09982055425643921,0.0
970,7946240,16,0,0,16,0.0,0.0,1.0,0.0076543160015717145,0.04853478176519275,0.0,-3.754211038351059,0.031983823514019606,0.07303151488304138,0.04370679333806038,0.09966880828142166,0.0
971,7954432,38,0,0,38,0.0,0.0,1.0,0.010485586035065353,0.06573603982105851,0.0,-3.7603654623031617,0.036658774774696215,0.0731062963604927,0.043632861226797104,0.09969010949134827,0.0
972,7962624,18,0,1,17,0.0,0.05555555555555555,0.9444444444444444,0.00887075841310434,0.0975046489853412,0.0,-3.761383759975433,0.03642906478489749,0.07294942438602448,0.04363417625427246,0.09919574856758118,0.0
973,7970816,17,0,0,17,0.0,0.0,1.0,0.004550952254794538,0.08685229001566767,0.0,-3.7625025689601896,0.03174141438503284,0.07286994159221649,0.04376203939318657,0.09851531684398651,0.0
974,7979008,26,0,0,26,0.0,0.0,1.0,0.017729199456516652,0.0383323666639626,0.0,-3.764977765083313,0.054231289302697404,0.07282064855098724,0.043599460273981094,0.09831281751394272,0.0
975,7987200,17,0,0,17,0.0,0.0,1.0,0.00617810600087978,0.04224730434361845,0.0,-3.7577396392822267,0.026931107524433173,0.07334844768047333,0.04364148899912834,0.09915174543857574,0.0
976,7995392,45,0,0,45,0.0,0.0,1.0,0.002011771104298532,0.08098138412460684,0.0,-3.7453895032405855,0.022794231833540835,0.07341359555721283,0.043501827865839005,0.09929420053958893,0.0
977,8003584,7,0,0,7,0.0,0.0,1.0,0.005505054828245193,0.04576311802957207,0.0,-3.7508128464221953,0.02539970449724933,0.07310345768928528,0.043295539915561676,0.09833347052335739,0.0
978,8011776,19,0,0,19,0.0,0.0,1.0,0.0053996377508156,0.030287539563141765,0.0,-3.769240081310272,0.02639758339646505,0.07253920286893845,0.042818523943424225,0.0977727547287941,0.0
979,8019968,19,0,0,19,0.0,0.0,1.0,0.0062017740681767465,0.0402073428966105,0.0,-3.7904286324977874,0.026624091918347404,0.07232537865638733,0.042345479130744934,0.09779822081327438,0.0
980,8028160,25,0,1,24,0.0,0.04,0.96,0.007601808989420533,0.1023810395039618,0.0,-3.786174637079239,0.04289131654950325,0.07287715375423431,0.04259553551673889,0.0983177199959755,0.0
981,8036352,17,0,0,17,0.0,0.0,1.0,0.01388772256905213,0.026494229631498455,0.0,-3.772109705209732,0.04185690210288158,0.07288601249456406,0.04259304702281952,0.09785983711481094,0.0
982,8044544,42,0,0,42,0.0,0.0,1.0,0.012014255233225413,0.024832749646157025,0.0,-3.7754685282707214,0.028673103313485625,0.0727364644408226,0.04247775301337242,0.09744381904602051,0.0
983,8052736,9,0,0,9,0.0,0.0,1.0,0.007383615133585408,0.024975912284571678,0.0,-3.7755069613456724,0.02698361274524359,0.0728553980588913,0.04265667498111725,0.09754732996225357,0.0
984,8060928,16,0,0,16,0.0,0.0,1.0,0.00590449467417784,0.030539637454785405,0.0,-3.778373956680298,0.026389791646215598,0.07248437404632568,0.04255075007677078,0.09665440768003464,0.0
985,8069120,22,0,0,22,0.0,0.0,1.0,0.004482283216202631,0.05489535336382687,0.0,-3.7839922189712523,0.023233799028093926,0.07253528386354446,0.04267905652523041,0.09639429301023483,0.0
986,8077312,24,0,0,24,0.0,0.0,1.0,0.008958533755503595,0.05347845000214875,0.0,-3.779831773042679,0.03275069819355849,0.07247868180274963,0.0428282730281353,0.09586669504642487,0.0
987,8085504,15,0,0,15,0.0,0.0,1.0,0.002313877749838866,0.03600725401192904,0.0,-3.7795109033584593,0.028610249442863278,0.07247668504714966,0.04301024228334427,0.09571337699890137,0.0
988,8093696,43,0,0,43,0.0,0.0,1.0,0.002873796597123146,0.02283020628383383,0.0,-3.7821127653121946,0.017261314968345688,0.07213827967643738,0.043296683579683304,0.09515222907066345,0.0
989,8101888,10,0,0,10,0.0,0.0,1.0,0.011241161217913031,0.037873250502161684,0.0,-3.788016712665558,0.0338264713253011,0.07214714586734772,0.04318727180361748,0.09553001821041107,0.0
990,8110080,17,0,0,17,0.0,0.0,1.0,0.005575324926758185,0.03269955543801188,0.0,-3.7880421042442323,0.024550108979747166,0.07203535735607147,0.04341299459338188,0.09469062089920044,0.0
991,8118272,25,0,0,25,0.0,0.0,1.0,0.006067312607774511,0.029717821651138364,0.0,-3.782987952232361,0.024989667859335894,0.07218538969755173,0.043758366256952286,0.09476067870855331,0.0
992,8126464,19,0,0,19,0.0,0.0,1.0,0.007163324480643496,0.022819045255891977,0.0,-3.774344527721405,0.0249600542432745,0.07251971960067749,0.043715111911296844,0.0952058956027031,0.0
993,8134656,17,0,0,17,0.0,0.0,1.0,0.006053579016588628,0.027260300889611244,0.0,-3.760782551765442,0.027017362033075188,0.07292398810386658,0.04381903260946274,0.0966871827840805,0.0
994,8142848,41,0,0,41,0.0,0.0,1.0,0.00810484229004942,0.022587899724021553,0.0,-3.7470140874385836,0.030203510473074856,0.07335451245307922,0.04401937127113342,0.0972680151462555,0.0
995,8151040,11,0,0,11,0.0,0.0,1.0,0.008389070292469113,0.022132053319364787,0.0,-3.7386703372001646,0.03148430890141753,0.07341363281011581,0.043644461780786514,0.09753293544054031,0.0
996,8159232,17,0,0,17,0.0,0.0,1.0,0.011655413353582843,0.0380124679999426,0.0,-3.7424635708332064,0.038442982330161614,0.07318592071533203,0.04348328709602356,0.09714078158140182,0.0
997,8167424,29,0,0,29,0.0,0.0,1.0,0.005866821089875884,0.061228825338184835,0.0,-3.746885824203491,0.02583328336768318,0.0732102021574974,0.04389718919992447,0.09648942202329636,0.0
998,8175616,16,0,0,16,0.0,0.0,1.0,0.010121268028160556,0.08515204600989819,0.0,-3.743036150932312,0.035438342252746224,0.07318603992462158,0.04385123401880264,0.09697622805833817,0.0
999,8183808,15,0,0,15,0.0,0.0,1.0,0.0040790353406919165,0.07983552683144808,0.0,-3.7390880465507506,0.019485490200167987,0.07355523109436035,0.04408779740333557,0.09778828918933868,0.0
1000,8192000,40,0,0,40,0.0,0.0,1.0,0.0030923444603104143,0.027768451580777766,0.0,-3.7367170572280886,0.022916686089592984,0.0732707530260086,0.043933141976594925,0.09789496660232544,0.0
