update,step,fps,collect_s,learn_s,collect_iters,jsrl_h,student_frac,jsrl_done,jsrl_success_rate,jsrl_success_ema,done,success,fail,timeout,pi_loss,v_loss,entropy,kl,clip_frac,grad_norm,a_mag_mean,stop_frac,zone_frac,raw_std_mean,raw_std_min,raw_std_max
1,27392,565.1012105208403,29.580611302051693,18.816423462936655,214,150.0,0.5510367990654206,0,0.0,0.0,0,0,0,0,0.004939461083267815,0.163127860694658,-0.5671392884105444,0.04061600636487128,0.258087158203125,2.295806405134499,0.5137035551472245,0.0023729556074766353,0.009966413551401869,0.2002948095323518,0.19940121797844768,0.20083335263188928
2,35584,464.88960301093186,9.284265517955646,18.649733536993153,64,150.0,1.0,0,0.0,0.0,0,0,0,0,-0.003894895256962627,0.04560783095075749,-0.55251569673419,0.03993915240425849,0.201416015625,1.1888809136580676,0.2873477665707469,0.008544921875,0.0,0.2012887109303847,0.1996549345785752,0.20274343388155103
3,43776,418.1617569510633,9.184894960955717,18.734667896991596,64,150.0,1.0,0,0.0,0.0,0,0,0,0,0.005549895089643542,0.017686021556073683,-0.5354639664292336,0.031060774868819863,0.14349365234375,1.5544638615101576,0.2860064497217536,0.0042724609375,0.0,0.2024359863717109,0.2000305299879983,0.20602083939593285
4,71040,464.07548585759747,29.473447412019596,18.718206978053786,213,150.0,0.5530736502347418,128,0.0,0.0,128,0,0,128,0.01642242980597075,0.11993316124426201,-0.5295530455186963,0.044686494482448325,0.240081787109375,1.8987114834599197,0.49739446522484365,0.002824237089201878,0.012470657276995305,0.20286564528942108,0.19904577115084976,0.20862713048700243
5,79232,437.2700596152856,9.308571730973199,18.71030617004726,64,150.0,1.0,0,0.0,0.0,0,0,0,0,0.009082445252715843,0.012985804434720194,-0.5291281081736088,0.02814237260099617,0.17901611328125,1.1802177331410348,0.28493184968829155,0.007568359375,0.0,0.20292665448505431,0.19677048467565328,0.21113581059034914
6,87424,417.65818513918316,9.191151743987575,18.80517862504348,64,150.0,1.0,0,0.0,0.0,0,0,0,0,0.008338245148479473,0.00353916691028644,-0.558782915584743,0.019176524321665056,0.110260009765625,1.3151748338714242,0.28906954312697053,0.0068359375,0.0,0.2009877203963697,0.19311858108267188,0.21188239858020097
7,95616,402.5866424447539,9.232954295002855,18.842848100932315,64,150.0,1.0,0,0.0,0.0,0,0,0,0,0.0010022480018960778,0.007726006027951371,-0.5916632935404778,0.01781697590558906,0.10687255859375,1.0957318770233542,0.28778001945465803,0.0062255859375,0.0,0.1988507721107453,0.19049171393271536,0.21147202176507562
8,135936,452.58004815322545,43.91313316905871,18.807523734983988,315,150.0,0.6893353174603175,131,0.022900763358778626,0.0022900763358778622,131,3,0,128,0.009961789430235513,0.11617962643504143,-0.6015368355438113,0.044495052154161385,0.3056640625,2.089937513694167,0.47103661866415114,0.001959325396825397,0.019642857142857142,0.1982776935910806,0.18933622387703508,0.21285294345580041
9,163200,467.44997102554584,29.895936848013662,18.774660120951012,213,150.0,0.5844336854460094,131,0.030534351145038167,0.005114503816793892,131,4,0,127,0.0016887466481421143,0.058516113116638735,-0.5865579405799508,0.058934929584211204,0.27435302734375,1.576303781941533,0.5061294607153521,0.0017605633802816902,0.02061326291079812,0.19931045302655548,0.190318631590344,0.2149042000528425
10,187648,475.2492522084478,26.683041729032993,18.81114983803127,191,150.0,0.9864201570680629,2,0.5,0.05460305343511449,2,1,0,1,-0.006983992352616042,0.02021742128090409,-0.5759371295571327,0.04428782907052664,0.225250244140625,1.680077268742025,0.33894075149016856,0.003763089005235602,0.0011043848167539268,0.2000431977212429,0.19101887929718941,0.2167569191660732
11,224128,493.2607409517457,40.419878833927214,18.771788983023725,285,150.0,0.6587171052631579,131,0.030534351145038167,0.05219618320610686,131,4,0,127,0.005166966977412812,0.11370888410601765,-0.5844878200441599,0.03499534223010414,0.1842041015625,1.539773867931217,0.47094478314382987,0.0025219298245614035,0.025959429824561404,0.1994983945041895,0.19020142359659076,0.21680413174908608
12,232320,481.28273010653857,9.175549265928566,18.787859944975935,64,150.0,1.0,0,0.0,0.05219618320610686,0,0,0,0,0.002391677608102327,0.01086109978496097,-0.5887636858969927,0.04147803537125583,0.2667236328125,2.02692370233126,0.33700369903817773,0.004638671875,0.0003662109375,0.1992411179235205,0.1898675471311435,0.21713919250760227
13,288384,514.7613022881065,58.56564917298965,18.81668357201852,438,150.0,0.7435966038812786,248,0.024193548387096774,0.04939591972420585,248,6,0,242,0.002721508833928965,0.07541593721543904,-0.5923514049500227,0.050743127198074944,0.26348876953125,1.6997830548789352,0.4188547376628336,0.00338898401826484,0.019049657534246575,0.19902887952048331,0.1894672957714647,0.21750757016707212
14,328576,527.2879150961933,43.98213131306693,18.82937921199482,314,150.0,0.7269357085987261,19,0.21052631578947367,0.06550895933073263,19,4,0,15,0.000744728502468206,0.1177619753871113,-0.6018333490937948,0.047929739695973694,0.273284912109375,2.1262167054228485,0.42042162891026513,0.0035330414012738854,0.02291500796178344,0.19843506207689643,0.18836480914615095,0.21770286955870688
15,374784,541.6647254433026,49.85526340501383,18.782160170958377,361,150.0,0.717603012465374,137,0.08029197080291971,0.06698726047795134,137,11,0,126,-0.001010960593703203,0.12295058404561132,-0.6198530523106456,0.05627099918638123,0.283447265625,1.44327077222988,0.42135014651224556,0.003679016620498615,0.029388850415512466,0.1972780090291053,0.18718049069866538,0.2172080825548619
16,393600,537.5273949535389,21.427830266067758,18.774281963938847,147,150.0,0.6038477891156463,115,0.02608695652173913,0.06289723008233011,115,3,0,112,0.00016836231225170195,0.01699101592748775,-0.6330130537971854,0.05815293920750264,0.196624755859375,1.7824469339102507,0.5032431124424448,0.0028698979591836736,0.026892006802721087,0.1964499430032447,0.18594330979976803,0.21670348523184657
17,420224,537.8703354664974,30.121052007074468,18.785329436068423,208,150.0,0.8153921274038461,22,0.22727272727272727,0.07933477980136983,22,5,1,16,-0.00023180694552138448,0.10862358346639667,-0.6324950847774744,0.06397835053212475,0.275634765625,1.643593629822135,0.3687204909152709,0.004056490384615385,0.03290264423076923,0.19653334806207567,0.18488972983323038,0.21792303316760808
18,444160,537.4657928447258,26.170082702068612,18.758050079923123,187,150.0,0.6651069518716578,112,0.017857142857142856,0.07318701610694713,112,2,0,110,0.0022547325606865343,0.0398891666191048,-0.630503031425178,0.07257445226423442,0.2347412109375,1.5465336148627102,0.47519716684193536,0.002882687165775401,0.027239304812834226,0.19675887329503894,0.18418452097103,0.2196241554338485
19,475392,539.8076008856425,35.218562216032296,18.756496123038232,244,150.0,0.8755443135245902,28,0.2857142857142857,0.09443974306768098,28,8,0,20,0.005371912629925646,0.08930719617637806,-0.6193316923454404,0.05844472334138118,0.231170654296875,1.7664601234719157,0.3678388455119289,0.00393826844262295,0.03160220286885246,0.1975450118770823,0.18518678133841604,0.22167942579835653
20,514176,545.0622772974906,43.51755953300744,18.894366580992937,303,150.0,0.6926567656765676,133,0.06015037593984962,0.09101080635489785,133,8,0,125,0.004272732112440281,0.0742094699817244,-0.6306272437795997,0.060513120086397976,0.210723876953125,1.947310640476644,0.45759293014066843,0.0024236798679867985,0.029341996699669966,0.19684566871728748,0.18430140509735793,0.22175745852291584
21,539520,544.4320364936422,28.621583714033477,18.81178514705971,198,150.0,0.6777541035353535,107,0.018691588785046728,0.08377888459791273,107,2,1,104,-2.679546014405787e-05,0.1279747237713309,-0.6445001801475883,0.0696010350366123,0.25604248046875,1.3526153243146837,0.4816807174321377,0.002722537878787879,0.014678030303030304,0.19593082321807742,0.1834075195947662,0.22053565084934235
22,569728,545.6407854236601,34.136325957020745,18.88953833898995,236,150.0,0.840042372881356,33,0.12121212121212122,0.08752220825933357,33,4,4,25,0.005834302515722811,0.08095918349863496,-0.6505525913089514,0.05248365660372656,0.217010498046875,1.6183936800807714,0.3737582584558907,0.002946239406779661,0.027906514830508475,0.1955280399415642,0.18290548585355282,0.2198901551309973
23,617472,553.5253946603535,52.50801579002291,18.76287926500663,373,150.0,0.7283009383378016,133,0.022556390977443608,0.08102562653114458,133,3,4,126,0.0026489636475162115,0.05616777628893033,-0.6526171611621976,0.06978603138122708,0.212127685546875,1.5331209376454353,0.4248929177148732,0.002576239946380697,0.02262064343163539,0.19542351318523288,0.18208039924502373,0.22024782665539533
24,657408,557.7604608938508,44.143107912968844,18.742549331043847,312,150.0,0.7040765224358975,124,0.024193548387096774,0.0753424187167398,124,3,2,119,0.004342365416960092,0.10918537754332647,-0.6581072891131043,0.07613757319631986,0.266510009765625,1.5251320486422628,0.4463787847795548,0.003180088141025641,0.028771033653846152,0.19503103697206825,0.18099544022697955,0.21920139563735574
25,702464,563.0340424036078,50.0584904209245,18.792208502069116,352,150.0,0.7286265980113636,132,0.03787878787878788,0.0715960556329446,132,5,1,126,-0.00043060041571152397,0.06552758386533242,-0.6660293992608786,0.06631688185734674,0.2298583984375,1.1903997417539358,0.42746164912188594,0.0035289417613636365,0.03045099431818182,0.19458125531673431,0.17914367245975882,0.2194980998756364
26,729728,562.4594897764057,30.865044566919096,18.76387614698615,213,150.0,0.7118544600938967,99,0.010101010101010102,0.06544655107975117,99,1,1,97,0.0029763753482257016,0.06149527723027859,-0.6674748621881008,0.05891575112764258,0.237213134765625,1.354735565604642,0.4437470450087892,0.00429137323943662,0.021053403755868543,0.19453480280935764,0.17864794470369816,0.22028045705519617
27,761984,562.9520964809024,37.229059589095414,18.830501156044193,252,150.0,0.8194754464285714,43,0.11627906976744186,0.07052980294852024,43,5,0,38,-0.0005813648604089394,0.08168283521081321,-0.6803838461637497,0.05160096591862384,0.1995849609375,1.5946546392515302,0.3755565853345962,0.0038132440476190475,0.04436383928571429,0.1936915513360873,0.17801912361755967,0.21930708677973598
28,789248,561.99240594112,31.82702177099418,18.787619273993187,213,150.0,0.6379841549295775,111,0.009009009009009009,0.06437772355456912,111,1,0,110,0.0036774453838006593,0.06538362090941519,-0.6931186141446233,0.05222207388578681,0.2255859375,1.8601399846374989,0.4675754728451581,0.0027875586854460093,0.03583480046948357,0.19287605700083077,0.17701863846741617,0.21832609316334128
29,816512,561.4650682932188,31.028379985014908,18.744493303005584,213,150.0,0.8302156690140845,89,0.02247191011235955,0.06018714221034817,89,2,3,84,-0.00010995772754540667,0.05194883058720734,-0.6961288088932633,0.05276657099602744,0.229827880859375,1.7415726478211582,0.3820527111980277,0.004731514084507042,0.022777288732394367,0.19270805444102734,0.17633032344747335,0.2183980669360608
30,858496,564.0664608697892,48.781898307963274,18.828467861982062,328,150.0,0.7349466463414634,72,0.1388888888888889,0.06805731687820224,72,10,6,56,-0.00044229442573850974,0.27781656687147915,-0.7021974716335535,0.052132311946479604,0.216552734375,1.469692958984524,0.42010383062609813,0.004239710365853659,0.0400390625,0.19235364580526948,0.17567850835621357,0.2186680124141276
31,890368,564.1673865687237,37.29897470702417,18.760339874075726,249,150.0,0.6770205823293173,121,0.03305785123966942,0.06455737031434897,121,4,4,113,0.004975609008397441,0.09169923816807568,-0.7142259879037738,0.05389871796069201,0.235076904296875,1.5587443322874606,0.4501833894166602,0.0037964357429718875,0.041101907630522086,0.19154709787108004,0.17493104748427868,0.2170141820097342
32,923904,564.954359871774,38.259224131004885,18.800309738027863,262,150.0,0.7330331583969466,98,0.04081632653061224,0.0621832659359753,98,4,4,90,-0.0032919242657953873,0.12012545263860375,-0.7174671459943056,0.06093035913363565,0.236236572265625,1.5365851670503616,0.42398826186438554,0.003727337786259542,0.039181774809160304,0.19133166456595063,0.1740539218299091,0.21632044052239507
33,969984,568.099869191672,52.9582722740015,18.75820492801722,360,150.0,0.73203125,140,0.06428571428571428,0.0623935107709492,140,9,31,100,0.001283010897168424,0.22300736053148285,-0.7152728838846087,0.04709451278904453,0.205169677734375,1.5482172979973257,0.4117299262848165,0.004253472222222222,0.05564236111111111,0.1914762060623616,0.17375984834507108,0.2164200283586979
34,1006080,568.8587509687508,42.17925126303453,18.88085327995941,282,150.0,0.7867630762411347,105,0.05714285714285714,0.061868445408139995,105,6,14,85,0.0012474694303818978,0.20641288373735733,-0.7156306859105825,0.036861505526758265,0.21221923828125,1.447362957522273,0.38816649524878105,0.0043495124113475175,0.041555851063829786,0.1914694441948086,0.17372846032958478,0.21670194203034043
35,1033344,567.8733695918118,32.214701481047086,18.758869325043634,213,150.0,0.6867664319248826,66,0.07575757575757576,0.06325735844308357,66,5,5,56,-1.4965813534217887e-05,0.10797578832716681,-0.7154605854302645,0.02880286326762871,0.196685791015625,1.682352983392775,0.440982676727671,0.0034110915492957744,0.06268339201877934,0.19149553473107517,0.1737033586250618,0.2170662055723369
36,1060608,566.9645256358378,32.07451001892332,18.81862237304449,213,150.0,0.7732907863849765,88,0.022727272727272728,0.059204349871502485,88,2,13,73,-0.0007503164961235598,0.09539058172958903,-0.7134142043069005,0.04916317637253087,0.212432861328125,1.4186249179765582,0.3859906641530319,0.005134976525821597,0.047168427230046946,0.19166749098803848,0.17406053293962032,0.2178975228453055
37,1097984,567.926449163736,43.626184216002,18.79114230501,292,150.0,0.736675941780822,88,0.045454545454545456,0.057829369429806786,88,4,20,64,0.0035527650616131723,0.17272451159078628,-0.7108868919312954,0.04440362429158995,0.2222900390625,1.4669392467476428,0.4032561331987381,0.004227311643835617,0.05393835616438356,0.191809450276196,0.1742747275857255,0.21796214778441936
38,1138176,569.2356456100047,47.238597090006806,18.80611124599818,314,150.0,0.7394008757961783,119,0.08403361344537816,0.060449793831363924,119,10,9,100,-0.0008240630722866626,0.21768438426079229,-0.7259079497307539,0.04408776888885768,0.221710205078125,1.5813251659274101,0.41493630152978717,0.004378980891719745,0.0504578025477707,0.19084634922910482,0.17363110883161426,0.21691667777486145
39,1170560,569.1857874943237,38.207148885005154,18.729110215906985,253,150.0,0.7172986660079052,98,0.10204081632653061,0.06460889608088059,98,10,2,86,-0.0049280707171419635,0.18196032897685654,-0.7387396525591612,0.04203977479846799,0.229644775390625,1.4692211183719337,0.41508182977499225,0.003952569169960474,0.059103260869565216,0.1900165262632072,0.17348705942276865,0.21577063214499503
40,1210752,570.3314754167342,47.270913772052154,18.86330667103175,314,150.0,0.7399980095541401,122,0.09016393442622951,0.06716439991541548,122,11,0,111,-0.00016426156798843294,0.14085735735716298,-0.742983446456492,0.05742518647457473,0.2398681640625,1.349901581183076,0.4022001332727967,0.004727308917197452,0.04667595541401274,0.18967875570524484,0.17360232316423208,0.2142779027344659
41,1250432,571.5942607763933,45.74414294399321,18.822557406965643,310,150.0,0.742741935483871,106,0.0660377358490566,0.06705173350877959,106,7,0,99,-0.00046224005927797407,0.15344327539787628,-0.7510580280795693,0.06543531198985875,0.223602294921875,1.500836778897792,0.39698271078448144,0.0048639112903225805,0.05514112903225806,0.1890902416780591,0.17444377997890115,0.21241107943933457
42,1285632,571.7417661959812,42.065076143015176,18.813503328012303,275,150.0,0.7380113636363637,95,0.06315789473684211,0.06666234963158583,95,6,1,88,0.006630757488892414,0.08832676077145152,-0.7523033916950226,0.0717502260231413,0.2373046875,1.4503256641328335,0.40805008140477267,0.004517045454545454,0.06227272727272727,0.18891975888982415,0.1759629735024646,0.21075424028094858
43,1317632,571.4781129887191,38.09033045906108,18.8398844380863,250,150.0,0.70325,90,0.044444444444444446,0.06444055911287169,90,4,2,84,-0.00040745730802882463,0.04216482906485908,-0.758316264487803,0.08533400372834876,0.254119873046875,1.5962072629481554,0.43031127214431764,0.00490625,0.0483125,0.1884323034901172,0.17689076100941747,0.208323038299568
44,1344896,570.5955792111281,32.48276808601804,18.73548760591075,213,150.0,0.7555384389671361,76,0.039473684210526314,0.061943871622637155,76,3,0,73,-0.0009904834296321496,0.08600297756493092,-0.7654293524101377,0.11062127706827596,0.28948974609375,1.320848626550287,0.40069050548222146,0.004474765258215963,0.05388057511737089,0.18790568062104285,0.17759786383248866,0.20598104933742434
45,1372160,569.6805940870241,32.64628757396713,18.782019988051616,213,150.0,0.739950117370892,75,0.02666666666666667,0.05841615112704011,75,2,0,73,0.00032163156720343977,0.14401865541003644,-0.7767862370237708,0.08877841422508936,0.264556884765625,1.5123691982589662,0.4081985059198639,0.0044014084507042256,0.05237676056338028,0.18713686894625425,0.17683648003730923,0.20399687567260116
46,1410560,570.2055255043483,46.15353853593115,18.83757539803628,300,150.0,0.7160677083333333,116,0.11206896551724138,0.06378143256606024,116,13,0,103,-0.00562999304747791,0.1835110484244069,-0.8069588216021657,0.11709524196339771,0.285369873046875,1.1816492031794041,0.42527377873659133,0.004791666666666666,0.0565625,0.18521039688494056,0.1751587586477399,0.20064471126534045
47,1451264,571.2881741719112,47.41755741194356,18.910399192012846,318,150.0,0.7395587657232704,113,0.061946902654867256,0.06359797957494094,113,7,0,106,-0.0006655189208686352,0.14772315495065413,-0.8292548004537821,0.11500383081147447,0.274261474609375,1.349586620926857,0.4106949282892095,0.005576847484276729,0.058126965408805034,0.18380630598403513,0.17425798869226128,0.19790149689652026
48,1478528,570.4584540945302,32.608828805037774,18.776324923033826,213,150.0,0.747762617370892,67,0.05970149253731343,0.06320833087117819,67,4,0,63,0.006668796690064482,0.06539296329719946,-0.8346092076972127,0.10037166008260101,0.285369873046875,1.5292975967749953,0.385668674545109,0.0046214788732394365,0.05930897887323944,0.1834537269314751,0.17394291702657938,0.19666300294920802
49,1505536,569.5400601853463,32.502515131025575,18.851656543905847,211,150.0,0.7221563981042654,88,0.045454545454545456,0.06143295232951492,88,4,3,81,-0.0010240418632747605,0.12067696078156587,-0.8412122325971723,0.08685487808543257,0.2479248046875,1.3128332132473588,0.4071300892750799,0.004332049763033175,0.0686093009478673,0.18305510247591883,0.17312812921591103,0.1963233659043908
50,1548928,570.9733785276047,50.453759342082776,18.775492585031316,339,150.0,0.726055494100295,117,0.06837606837606838,0.062127263934170264,117,8,3,106,0.00025999198987847194,0.24883082471205853,-0.8478334788233042,0.07933988911099732,0.232391357421875,1.147945528384298,0.40529399864089877,0.00566924778761062,0.05918141592920354,0.18267448374535888,0.17183317383751273,0.19615722948219627
51,1583488,571.1593183363021,40.6785170850344,18.774299480021,270,150.0,0.7792245370370371,94,0.06382978723404255,0.06229751626415749,94,6,2,86,0.002800529204250779,0.14701715781120583,-0.8579202489927411,0.0764036940963706,0.2406005859375,1.3057926259934902,0.37217905002611656,0.005237268518518519,0.06513310185185185,0.1820525338407606,0.17078088328707963,0.19498466956429183
52,1628416,572.5950758072303,52.55435772007331,18.8287535069976,351,150.0,0.7274528133903134,130,0.07692307692307693,0.06376007233004943,130,10,4,116,-0.0025935402773029637,0.12443449211423285,-0.8628202676773071,0.07175411717616953,0.256622314453125,1.4352042526006699,0.4197304602022524,0.00458511396011396,0.0614761396011396,0.18176653410773724,0.17028938396833837,0.19462905952241272
53,1667840,573.3200936398108,46.25478173804004,18.81234368996229,308,150.0,0.7183695211038961,106,0.0660377358490566,0.06398783868195015,106,7,2,97,-0.0004412946982483845,0.07232421878143214,-0.853898080997169,0.07946314392029308,0.248504638671875,1.5850645466707647,0.4121451104035625,0.005377435064935065,0.06356534090909091,0.18231211765669286,0.17065287474542856,0.19514867465477437
54,1700608,573.128080187501,39.26511168095749,18.771571550052613,256,150.0,0.735382080078125,102,0.049019607843137254,0.06249101559806886,102,5,0,97,-3.090908285230398e-05,0.1214344661711948,-0.8532883580774069,0.06304475443903357,0.2139892578125,1.3048606608062983,0.38997164927423,0.00518798828125,0.066436767578125,0.18235670623835176,0.17031803098507226,0.19558158132713288
55,1737472,573.4212762725061,43.702668113051914,18.78406088310294,288,150.0,0.7345106336805556,99,0.06060606060606061,0.06230252009886803,99,6,4,89,0.002564096124842763,0.07741406271816231,-0.8648720979690552,0.0842123499896843,0.242919921875,1.7877841712906957,0.39784982924660045,0.005181206597222222,0.06502278645833333,0.18170521478168666,0.16903118346817791,0.1962020650971681
56,1768832,573.1254440796484,37.27017460705247,18.81142353103496,245,150.0,0.7321747448979592,82,0.04878048780487805,0.06095031686946903,82,4,1,77,0.0014378381856658962,0.0901004533370724,-0.8753608269616961,0.07309142162557691,0.2384033203125,1.3458903906866908,0.4035035717244051,0.004942602040816327,0.05487882653061225,0.18108950543683022,0.16835609206464142,0.1962484085233882
57,1796736,572.3648736002039,33.78607870009728,18.754989215987734,218,150.0,0.7372778096330275,88,0.06818181818181818,0.06167346700070394,88,6,0,82,0.0027485200480441563,0.1104994710185565,-0.8846280463039875,0.06416049563267734,0.202056884765625,1.4999086507596076,0.3954955097458778,0.005626433486238532,0.08203125,0.18051198066677898,0.16845568583812565,0.19524181191809475
58,1834752,572.7198021052656,45.370905229006894,18.788480406976305,297,150.0,0.7241424663299664,102,0.08823529411764706,0.06432964971239825,102,9,4,89,-0.0006324298738036305,0.18902170084766112,-0.8918749243021011,0.05175171868177131,0.209808349609375,1.498161394149065,0.40387785213964955,0.006260521885521886,0.06368371212121213,0.18010404461529106,0.16758757666684687,0.19550546095706522
59,1872128,573.1265668910693,44.006814904976636,18.81709814502392,292,150.0,0.7361408390410958,104,0.028846153846153848,0.06078130012577381,104,3,1,100,-0.0007917413240647875,0.13435488322284073,-0.9081802852451801,0.06434660757076927,0.22467041015625,1.4277507490478456,0.3930749416555444,0.00545804794520548,0.0626337756849315,0.17913307412527502,0.16689956793561578,0.1947579577099532
60,1899392,572.4537877471435,32.54181842703838,18.81966635491699,213,150.0,0.743581279342723,74,0.02702702702702703,0.05740587281589914,74,2,2,70,0.0027526290505193174,0.05970381654333323,-0.9210474323481321,0.08915464518941008,0.25604248046875,1.596032276749611,0.39317491146880135,0.005611795774647888,0.059895833333333336,0.17838254605885595,0.16618612362071872,0.19433734472841024
61,1933056,572.289890722453,40.64946507301647,18.77993456600234,263,150.0,0.7401675380228137,94,0.07446808510638298,0.05911209404494752,94,7,1,86,0.005480398496729322,0.12443373340647668,-0.9274807870388031,0.11107810513931327,0.275054931640625,1.527015426196158,0.39384666447857036,0.005792538022813688,0.07046102661596958,0.17806515959091485,0.16470254107844085,0.1951665512751788
62,1968000,572.272220019914,42.30027909693308,18.75291355198715,273,150.0,0.7326293498168498,109,0.11009174311926606,0.06421005895237937,109,12,5,92,0.0003274376067565754,0.07539514130621683,-0.9234175765886903,0.07350135373417288,0.216339111328125,1.5895565643440932,0.39214545477440943,0.005408653846153846,0.07391826923076923,0.17838115722406656,0.16457183845341206,0.1969652109546587
63,2009728,573.1472649937843,48.44311953696888,18.796304736984894,326,150.0,0.7355253067484663,114,0.07017543859649122,0.06480659691679055,114,8,5,101,0.0015663516860513482,0.21730121126165614,-0.9152045557275414,0.07761808592476882,0.2254638671875,1.333532441407442,0.3935979507817812,0.005487921779141105,0.08452358128834356,0.17891439783852547,0.16534562897868454,0.19887411664240062
64,2044928,573.1811525506369,42.28013498196378,18.78176495502703,275,150.0,0.7123579545454546,102,0.11764705882352941,0.07009064310746443,102,12,4,86,0.004634901251847623,0.2464887598180212,-0.9056448815390468,0.10418550675967708,0.25579833984375,1.5699077537283301,0.3971101618896831,0.005767045454545454,0.0802840909090909,0.17955874116159976,0.16540080052800477,0.20076429203618318
65,2075136,572.7342743453507,36.66055555501953,18.76056201593019,236,150.0,0.7162341101694916,93,0.07526881720430108,0.0706084605171481,93,7,1,85,0.00174275494646281,0.11220340337604284,-0.9000185802578926,0.09960767687880434,0.263916015625,1.625075993128121,0.4040511793504327,0.004833156779661017,0.08074020127118645,0.17993926582857966,0.16529758158139884,0.2021879085805267
66,2102400,572.1014559985678,32.73747991898563,18.78138158901129,213,150.0,0.7380428403755869,71,0.07042253521126761,0.07058986798656006,71,5,5,61,0.0006271790043683723,0.1599974116543308,-0.903724467381835,0.09353585890494287,0.231414794921875,1.4051501965150237,0.3899266703028074,0.00579518779342723,0.08248973004694836,0.1797728386009112,0.16480336233507842,0.20286757254507393
67,2141696,572.5255633418823,47.03501168906223,18.768211515969597,307,150.0,0.7247302524429967,116,0.09482758620689655,0.07301363980859371,116,11,4,101,-0.0019093907030764967,0.09850781128625385,-0.9066206626594067,0.10398058849386871,0.261688232421875,1.5847332272678614,0.4018267684340089,0.006056596091205212,0.0777178338762215,0.1796285214368254,0.16490117693319917,0.2033820126671344
68,2179456,572.7655208726569,45.3640851349337,18.77728705701884,295,150.0,0.7275688559322034,117,0.10256410256410256,0.07596868608414459,117,12,2,103,-0.0004888018193014432,0.16498373323702253,-0.9174254154786468,0.10100584471365437,0.248077392578125,1.3633310669101775,0.4000931933774787,0.005561440677966102,0.0857521186440678,0.1790372566320002,0.16372325317934155,0.20354769413825125
69,2213248,572.65900091181,40.77607467898633,18.807880077976733,264,150.0,0.7328953598484849,96,0.125,0.08087181747573013,96,12,2,82,-0.0021593422316072974,0.2691644130391069,-0.9246168984100223,0.08867122259107418,0.242095947265625,1.384591889102012,0.39399982830791763,0.00654000946969697,0.09025804924242424,0.1786496496060863,0.16258948447648436,0.20354404475074261
70,2264832,574.1317318054555,60.9287465759553,18.896064057014883,403,150.0,0.725554435483871,153,0.13071895424836602,0.08585653115299371,153,20,8,125,0.001126358358305879,0.19621522491797805,-0.9304258935153484,0.08332934771897271,0.26708984375,1.431744764558971,0.3935412616646911,0.006358560794044665,0.08587934243176179,0.1782982270233333,0.1626108472701162,0.20319364476017654
71,2302464,574.2261866251713,45.79967899096664,18.845819787005894,294,150.0,0.7213275935374149,115,0.1391304347826087,0.09118392151595521,115,16,1,98,0.0019689269684022292,0.290424105420243,-0.932132606394589,0.0885240315401461,0.239288330078125,1.4205029532313347,0.399579342023856,0.0061915391156462584,0.08737244897959184,0.17824199819006026,0.16247386974282563,0.20375362306367606
72,2345216,574.81879913145,51.355012381915,18.77838317397982,334,150.0,0.7109842814371258,128,0.140625,0.09612802936435969,128,18,0,110,0.0023562640708405524,0.15318902197759598,-0.9211353780701756,0.09287836431758478,0.261749267578125,1.4938389235176146,0.40002322955402786,0.005894461077844311,0.08118918413173652,0.17897647782228887,0.16334369918331504,0.20578833541367203
73,2382336,574.9980057381282,44.41056590992957,18.768668657983653,290,150.0,0.7415948275862069,101,0.13861386138613863,0.10037661256653758,101,14,2,85,-0.00014363602895173244,0.19872923343791626,-0.9127406300976872,0.0760896646825131,0.2210693359375,1.4381781402043998,0.3920069172464568,0.005226293103448276,0.09264547413793103,0.17959243664518,0.1638166862539947,0.2082597240805626
74,2433792,576.390025815807,60.283261256990954,18.860310775926337,402,150.0,0.7277091106965174,160,0.14375,0.10471395130988383,160,23,2,135,0.0025030234992300393,0.23545210872543976,-0.9022747604176402,0.08231832488672808,0.25872802734375,1.3386721550486982,0.39179082978424146,0.007074004975124378,0.09478000621890548,0.1803566007874906,0.1640973794274032,0.21087007876485586
75,2466816,576.1735693406687,39.935901303892024,18.829573769005947,258,150.0,0.7258660368217055,97,0.17525773195876287,0.11176832937477173,97,17,1,79,0.002328749600565061,0.28261952847242355,-0.8897923743352294,0.07548823035904206,0.222808837890625,1.3390974518842995,0.39361707034499144,0.006631540697674418,0.10879966085271318,0.18119873816613108,0.1638873297488317,0.21299123775679618
76,2523904,577.8365664053485,67.43333057500422,18.916304708924145,446,150.0,0.694892096412556,185,0.24864864864864866,0.12545636130215942,185,46,1,138,-0.0008976552780950442,0.42718772287480533,-0.8818822866305709,0.0761005938402377,0.20697021484375,1.3685577064752579,0.4141695431262388,0.005167460762331839,0.10383968609865471,0.18176780233625323,0.16341785562690347,0.21469581266865134
77,2583040,579.5755555967152,69.87620452302508,18.799422973999754,462,150.0,0.7125270562770563,189,0.19047619047619047,0.13195834421956254,189,36,1,152,0.0008941629857872613,0.33555481856456026,-0.8682812005281448,0.06947998100076802,0.218597412109375,1.1844208794645965,0.3973717164425623,0.006375135281385281,0.10029423701298701,0.18272416037507355,0.16374400770291686,0.21734874427784234
78,2616832,579.4465761829886,40.44358726404607,18.736559284036048,264,150.0,0.7468927556818182,93,0.0967741935483871,0.128439929152445,93,9,1,83,0.001327352671069093,0.16899627167731524,-0.8671066770330071,0.07706306574982591,0.23114013671875,1.29910719813779,0.3923613799340797,0.006066524621212121,0.08575994318181818,0.18294729222543538,0.16317209985572845,0.21942436404060572
79,2650752,579.2342264717893,41.300467082997784,18.692454701988026,265,150.0,0.7277122641509434,100,0.1,0.1255959362372005,100,10,1,89,0.0005142253648955375,0.21066193087608553,-0.86180913541466,0.08916805169428699,0.228302001953125,1.4897272005910054,0.3959943709508428,0.00589622641509434,0.09672759433962264,0.18331441597547382,0.16346914181485772,0.22020414879079908
80,2679296,578.6853422319444,34.72841625590809,18.827494583907537,223,150.0,0.7330086883408071,84,0.08333333333333333,0.12136967594681379,84,7,0,77,0.0034788155353453476,0.12322123488411307,-0.8521699672564864,0.061702027916908264,0.20294189453125,1.6034157786052674,0.39788819508702233,0.0052900784753363225,0.09077214125560538,0.18389835394918919,0.1636883815517649,0.22091222926974297
81,2715904,578.6881396649115,44.253147572046146,18.831763149006292,286,150.0,0.7384997814685315,100,0.15,0.12423270835213242,100,15,0,85,-5.252863047644496e-05,0.25949878292158246,-0.8447969984263182,0.06837330778944306,0.25030517578125,1.227444349322468,0.3872877724103994,0.005709134615384615,0.09093640734265734,0.18461480387486517,0.16268342838156968,0.22441615851130337
82,2754304,578.8500853688828,45.96945977106225,18.83323551097419,300,150.0,0.7237239583333334,114,0.09649122807017543,0.12145856032393672,114,11,0,103,-0.0014826454735157313,0.1943156328634359,-0.8341863816604018,0.06824757604044862,0.23956298828125,1.221908075036481,0.40479580670595167,0.005651041666666667,0.07911458333333334,0.1854900874895975,0.1621353089576587,0.22764419403392822
83,2797312,579.3730840338278,50.9930942740757,18.843763411976397,336,150.0,0.7329334077380952,125,0.088,0.11811270429154305,125,11,0,114,0.00043625663238344714,0.3210963838500902,-0.824962361715734,0.06344743573572487,0.20068359375,1.25423333235085,0.40207382043202716,0.005464099702380952,0.09633091517857142,0.18612199777271599,0.1621036414289847,0.22897626203484833
84,2828544,579.0691947261496,37.46777703205589,18.845898002036847,244,150.0,0.7596055327868853,83,0.07228915662650602,0.11353034952503935,83,6,0,77,-0.004188755243376363,0.15713241731282324,-0.8165521835908294,0.06792073263204657,0.201995849609375,1.187740882858634,0.38895380264911494,0.005923411885245902,0.09221311475409837,0.18681246950291097,0.1616302941692993,0.23136044933926314
85,2866944,579.2082131921175,46.15766041597817,18.75891984300688,300,150.0,0.7208072916666667,108,0.12037037037037036,0.11421435160957244,108,13,1,94,-0.0007175939172157086,0.11968396048177965,-0.8115330776199698,0.07438417669618502,0.199432373046875,1.415033433586359,0.4104329361518224,0.005364583333333333,0.09513020833333333,0.187309964094311,0.16136154416017234,0.23365887301042676
86,2909696,579.6087708902639,51.32105765200686,18.794170512934215,334,150.0,0.7067271706586826,132,0.15151515151515152,0.11794443160013035,132,20,0,112,0.00015102202269190457,0.2924598598619923,-0.8069974286481738,0.06917268023244105,0.20428466796875,1.1464165619108826,0.4173937684404636,0.0048652694610778445,0.10315306886227545,0.18771810980979353,0.16094517149031162,0.23523534461855888
87,2936960,579.0327947404721,33.16370565898251,18.788640729966573,213,150.0,0.7338981807511737,82,0.12195121951219512,0.11834511039133683,82,10,0,72,0.0005267173910397105,0.1759094389853999,-0.7977697784081101,0.0656963515211828,0.181182861328125,1.3044877629727125,0.39787785897792227,0.006125293427230047,0.11428990610328639,0.1884259959915653,0.1604730273829773,0.23709899256937206
88,2986496,579.9229136878557,58.750777336070314,18.776352946995758,387,150.0,0.7262596899224806,149,0.1476510067114094,0.12127570002334409,149,22,0,127,0.003203088308509905,0.3562471089535393,-0.7861934071406722,0.0682818419591058,0.2108154296875,1.0779738596174866,0.39908436187169966,0.005591892764857881,0.0788719315245478,0.1893703208770603,0.16037951200269163,0.2401293677976355
89,3019136,579.658771451935,39.54420671204571,18.808316283044405,255,150.0,0.7252144607843137,94,0.09574468085106383,0.11872259810611607,94,9,0,85,0.0006172685061756056,0.20895759551785886,-0.7775425864383578,0.065518133356818,0.20233154296875,1.174747207434848,0.40088388440655726,0.005300245098039216,0.0758578431372549,0.19025101803708822,0.16011115489527583,0.2439413359388709
90,3059456,579.9451835155769,47.98481236293446,18.82883108104579,315,150.0,0.709375,120,0.15,0.12185033829550447,120,18,1,101,-0.001790009770047618,0.16726252296939492,-0.7649387279525399,0.06799308466725051,0.202239990234375,1.2043138234876096,0.42493468068894885,0.004712301587301587,0.10912698412698413,0.19132151536177844,0.16019320022314787,0.24737573810853064
91,3093760,579.7771517352577,41.62760038895067,18.842678769957274,268,150.0,0.7328299906716418,102,0.14705882352941177,0.12437118681889521,102,15,0,87,0.0006047502283763606,0.22231636027572677,-0.7541939821094275,0.07532960112439469,0.206512451171875,1.17513297079131,0.4053826753550501,0.004955690298507463,0.09858908582089553,0.19234622223302722,0.15981901087798178,0.2512421039864421
92,3131392,579.8879716726661,44.7168657820439,18.78181182302069,294,150.0,0.718218537414966,106,0.09433962264150944,0.12136803040115664,106,10,2,94,0.00024815705546643585,0.10337194337625988,-0.7471413221210241,0.07887667077011429,0.215972900390625,1.2398144106846303,0.40767645207392117,0.004464285714285714,0.09834715136054421,0.19317078113090247,0.1592233198462054,0.2549374185036868
93,3165824,579.799332340225,41.19893413898535,18.78670678602066,269,150.0,0.7371050185873605,102,0.06862745098039216,0.1160939724590802,102,7,12,83,0.000377094533178024,0.23815595256746747,-0.7412028517574072,0.08410150121198967,0.2557373046875,1.169306765543297,0.40596625652011886,0.004443540892193309,0.09250116171003718,0.19380645698402077,0.15856412961147726,0.25752011546865106
94,3199104,579.654435638159,39.5962362770224,18.868949834024534,260,150.0,0.7359675480769231,89,0.07865168539325842,0.11234974375249801,89,7,2,80,0.0005787906011391897,0.11200249975081533,-0.7468158937990665,0.08269676548661664,0.20391845703125,1.3984150141477585,0.40679901150556713,0.004657451923076923,0.08924278846153846,0.19371786888223141,0.15753884986042976,0.2592288318555802
95,3241728,579.9801951604926,51.449974220013246,18.809446552069858,333,150.0,0.7093890765765766,131,0.16030534351145037,0.11714530372839324,131,21,0,110,-0.00014297305096988566,0.3832517472328618,-0.7379749547690153,0.08271126382169314,0.22015380859375,1.125512852333486,0.4250455480796081,0.005067567567567568,0.09107545045045046,0.19466460472904146,0.15718008507974446,0.26283591077663004
96,3278336,579.9410265211346,44.43629133596551,18.856541016022675,286,150.0,0.7313975087412588,112,0.10714285714285714,0.11614505906983963,112,12,1,99,-0.0002036453879554756,0.29388768231729046,-0.7380909062922001,0.0810213734221179,0.2054443359375,1.1425562894437462,0.42053175931210285,0.004753059440559441,0.08995301573426573,0.1949284092988819,0.1567071882309392,0.26504018111154437
97,3319808,580.2739380743071,49.255860649980605,18.854117299080826,324,150.0,0.732373649691358,121,0.15702479338842976,0.12023303250169864,121,19,0,102,3.879823270835914e-05,0.28703538386616856,-0.7440089136362076,0.09612908266717568,0.229156494140625,1.2320425184443593,0.41684733441582433,0.005208333333333333,0.11475212191358025,0.19486950628925115,0.1557021263288334,0.26688330085016787
98,3371904,581.1849382225405,61.71759890404064,18.788886397960596,407,150.0,0.7282516891891891,157,0.14012738853503184,0.12222246810503197,157,22,0,135,1.532881651655771e-05,0.2942021558410488,-0.7265217509120703,0.10304826457286254,0.257354736328125,1.1726552327163517,0.4176099180296539,0.005355497542997543,0.10893350737100738,0.19637047802098095,0.15604110539425164,0.2710522599518299
99,3415680,581.706999875414,50.92122865899,18.78102807502728,342,150.0,0.7385325292397661,118,0.1271186440677966,0.12271208570130843,118,15,0,103,-0.0018871344946091995,0.37117290002061054,-0.7215609299018979,0.11908018501708284,0.280975341796875,1.069220076315105,0.4114436153431385,0.005116959064327485,0.10882675438596491,0.19721678062342107,0.15560276829637587,0.2753811127040535
100,3466112,582.4751119399316,59.93090747797396,18.81000270298682,394,150.0,0.7104616116751269,152,0.17763157894736842,0.12820403502591443,152,27,0,125,-0.00041138754022540525,0.5195576385594904,-0.7278432995080948,0.11270662589231506,0.269256591796875,1.2551301554776728,0.4270539907785842,0.004858026649746193,0.10419971446700507,0.19724886131007224,0.15456496796105057,0.2778613872360438
101,3502976,582.4583253511543,44.296484814956784,18.853471420006827,288,150.0,0.703857421875,120,0.15,0.130383631523323,120,18,0,102,0.0010338081992813386,0.20447880352730863,-0.7212519124150276,0.12362462322926149,0.299957275390625,1.1226437918376178,0.4385942734984888,0.005154079861111111,0.1037326388888889,0.19800071243662387,0.15360301500186324,0.2805857597850263
102,3541376,582.5203009359021,46.40074529196136,18.760061927954666,300,150.0,0.7336197916666667,109,0.1834862385321101,0.1356938922242017,109,20,0,89,-0.004668354518798878,0.3006785988691263,-0.7101812800392509,0.10398629336850718,0.26995849609375,1.1045121878851205,0.41562401831150053,0.00484375,0.10760416666666667,0.19927203643601388,0.15230016177520156,0.2851210131775588
103,3583104,582.7415001517386,50.32976660504937,18.809379511978477,326,150.0,0.7269219708588958,127,0.14960629921259844,0.13708513292304136,127,19,0,108,-0.0024474837136949645,0.31195384718012065,-0.699488109908998,0.10708174697356299,0.253143310546875,1.058199767023325,0.42577459302050935,0.0045293328220858894,0.10074769938650306,0.20023705577477813,0.15191365801729262,0.28777952096424997
104,3623936,582.9212173408696,48.96434307505842,18.858663837076165,319,150.0,0.7059659090909091,122,0.16393442622950818,0.13977006225368804,122,20,0,102,0.0001976183193619363,0.27412583061959594,-0.697640934959054,0.11277002323186025,0.270599365234375,1.2103608141187578,0.4307991217670022,0.00455525078369906,0.11280368338557993,0.20061444421298802,0.15119946678169072,0.2895919787697494
105,3660160,582.819722874898,44.12609316804446,18.8823344190605,283,150.0,0.7138085247349824,121,0.1652892561983471,0.14232198164815396,121,20,2,99,0.0013502380788850132,0.22908234415808693,-0.6913850409910083,0.1228047517943196,0.248077392578125,1.0100862961262465,0.42628701573547123,0.005051899293286219,0.11373674911660778,0.20149748970288783,0.15046693570911884,0.29310512682422996
106,3709312,583.4211203903282,58.828082312014885,18.837269556010142,384,150.0,0.70025634765625,155,0.23870967741935484,0.15196075122527405,155,37,3,115,0.0017223074173671193,0.2552294307388365,-0.6806898470968008,0.09978787024738267,0.256561279296875,1.2065396369434893,0.4410600116631637,0.0050048828125,0.11476643880208333,0.2028101853793487,0.1505042901262641,0.2979949004948139
107,3748736,583.5334075694452,47.116599967936054,18.87911207100842,308,150.0,0.7429484577922078,113,0.13274336283185842,0.15003901238593248,113,15,1,97,0.0030709784987266175,0.35519521072274074,-0.6821621786803007,0.10175596189219505,0.228607177734375,1.0020937877707183,0.4247646036666709,0.004464285714285714,0.10422585227272728,0.2030546215828508,0.1499092928133905,0.29999766242690384
108,3792640,583.9209201069914,51.882108413032256,18.83315780898556,343,150.0,0.7168367346938775,131,0.1984732824427481,0.15488243939161406,131,26,6,99,-6.726712308591232e-05,0.3423790033557452,-0.6885283077135682,0.11023886076873168,0.275146484375,1.1695602065883577,0.4340068267837558,0.004373177842565598,0.12149234693877552,0.20274697919376194,0.14915218052919954,0.30004756269045174
109,3836288,584.24265396203,52.15954756597057,18.86340234207455,341,150.0,0.7114644428152492,135,0.14814814814814814,0.15420901026726747,135,20,21,94,0.0033897478788276203,0.45316471392288804,-0.6835616482421756,0.10065597578068264,0.277618408203125,1.2375748832710087,0.4393626094913203,0.0039864369501466275,0.09814882697947214,0.20301477576140314,0.1492868644418195,0.3000562267843634
110,3876352,584.3320718451159,48.46629904198926,18.76296767499298,313,150.0,0.717277356230032,122,0.21311475409836064,0.16009958465037677,122,26,6,90,0.0023221175142680295,0.5852800513384864,-0.6762893553823233,0.09349115236545913,0.22991943359375,1.2101898221299052,0.4324987477387864,0.004143370607028754,0.10920027955271565,0.20336791349109262,0.15008052822668105,0.3000041823834181
111,3910144,584.1760253046339,40.41966673405841,18.804828372085467,264,150.0,0.7400272253787878,99,0.10101010101010101,0.15419063628634921,99,10,8,81,-0.005210946939769201,0.22099005378549919,-0.6754761375486851,0.10174695600289851,0.260650634765625,1.2296962374821305,0.42388652581157105,0.004498106060606061,0.11058830492424243,0.20341054222080857,0.15072235744446516,0.3000589900184423
112,3952896,584.4212736466724,51.37235886300914,18.864472293993458,334,150.0,0.7086919910179641,139,0.2302158273381295,0.16179315539152725,139,32,2,105,0.00042782337550306693,0.34117521811276674,-0.6727527501061559,0.10649575578281656,0.244781494140625,1.019784695468843,0.4324982708799625,0.005122567365269461,0.12460235778443114,0.2035516247851774,0.15108863485511392,0.3000502379145473
113,3999232,584.856526714975,55.22129163402133,18.76008742908016,362,150.0,0.7116928522099447,145,0.23448275862068965,0.1690621157144435,145,34,2,109,0.0022206195717444643,0.49086007167352363,-0.6612989027053118,0.0963587861333508,0.22637939453125,1.1626691338606179,0.4287870075985872,0.005093232044198895,0.13106439917127072,0.20413926767650992,0.15235602553002536,0.3000518057961017
114,4030208,584.5781852569468,37.184142685029656,18.850290219997987,242,150.0,0.7276924070247934,91,0.16483516483516483,0.16863942062651563,91,15,2,74,-0.00014821035438217223,0.29183513805037364,-0.6556699350476265,0.09363502860651352,0.21392822265625,1.032735608983785,0.4236841955460793,0.004293646694214876,0.12435433884297521,0.20441691181622446,0.1533038051566109,0.30004249955527484
115,4073216,584.8586243497379,51.29536935093347,18.790447917068377,336,150.0,0.7170061383928571,140,0.2571428571428571,0.17748976427814978,140,36,0,104,-0.0023173041372501757,0.3710222177905962,-0.6647006059065461,0.10509040596662089,0.24273681640625,1.0881991130299866,0.4300115836695546,0.004673549107142857,0.14504278273809523,0.20393851934932172,0.15254486934281886,0.30003645550459623
116,4106112,584.6637422767224,39.44275083800312,18.866914245067164,257,150.0,0.7067120622568094,102,0.19607843137254902,0.17934863098758969,102,20,0,82,-0.00138200957007939,0.34911525261122733,-0.672831823118031,0.10644879413302988,0.262237548828125,1.1473176279105246,0.43489917115478666,0.004955009727626459,0.13025899805447472,0.20352405006997287,0.15159265091642737,0.3000168460421264
117,4134272,584.2796511918712,33.8769761499716,18.832134461961687,220,150.0,0.7310014204545454,84,0.17857142857142858,0.17927091074597357,84,15,1,68,-0.002062413073872449,0.2608104982646182,-0.6675427025184035,0.1154033494531177,0.287200927734375,1.3581445128656924,0.4141639716245911,0.003941761363636363,0.10276988636363636,0.20380915864370763,0.15159618738107383,0.30002509872429073
118,4166912,584.0649327354508,39.527909280965105,18.836238560033962,255,150.0,0.695251225490196,100,0.21,0.1823438196713762,100,21,1,78,0.002263263100758195,0.4088236396200955,-0.6680071447044611,0.10665799590060487,0.238739013671875,1.066918279742822,0.44701380379059735,0.003982843137254902,0.11991421568627451,0.20378549920860678,0.1509211896918714,0.30000608949922025
119,4206464,584.1731448198453,47.31364261498675,18.828725447063334,309,150.0,0.7111397653721683,122,0.1557377049180328,0.17968320819604186,122,19,0,103,-0.00202813750365749,0.2323589104344137,-0.6767383087426424,0.1172606311738491,0.259429931640625,1.0955464376602322,0.44156484522865813,0.004373988673139159,0.10361043689320389,0.20334706199355423,0.15001862798817456,0.30002948036417365
120,4244352,584.2006969701835,45.50762096699327,18.793618699070066,296,150.0,0.7132865287162162,113,0.168141592920354,0.17852904666847308,113,19,0,94,0.002268488191475626,0.2934734291629866,-0.6834262739866972,0.13456814852543175,0.28179931640625,1.0365113073494285,0.44095643780924176,0.00440772804054054,0.11584142736486487,0.2029864239739254,0.1504209719132632,0.3000375705305487
121,4280320,584.1680056626464,42.99654797499534,18.84722054901067,281,150.0,0.7215302491103203,108,0.14814814814814814,0.17549095681644059,108,16,0,92,0.003977683660195908,0.4133293942431919,-0.683876951225102,0.15332213579677045,0.288848876953125,1.0493961777538061,0.4290395068316273,0.004531806049822064,0.12133007117437722,0.20296636677812785,0.15074051765259355,0.3000516789034009
122,4319360,584.2498854523243,46.852049065055326,18.826624265057035,305,150.0,0.6848360655737705,125,0.256,0.1835418611347965,125,32,0,93,-4.171014734311029e-05,0.3148039627703838,-0.6894393907859921,0.1380197008838877,0.2725830078125,1.0625442890450358,0.4472820089488733,0.004047131147540984,0.144672131147541,0.20268784184008837,0.14949050231371075,0.3000510318670422
123,4354816,584.1755694053737,42.59141468000598,18.79212679399643,277,150.0,0.6960175992779783,115,0.24347826086956523,0.18953550110827339,115,28,0,87,0.002112633766955696,0.461514231050387,-0.6963124219328165,0.14559076156001538,0.31298828125,1.062751694349572,0.45267412034182775,0.004117779783393502,0.12863831227436823,0.20233561121858656,0.1489447607891634,0.3000314251985401
124,4391296,584.1094291773404,44.06469772895798,18.976161903934553,285,150.0,0.7025219298245614,115,0.23478260869565218,0.19406021186701128,115,27,0,88,0.0066439694455766585,0.48424490133766085,-0.6964006079360843,0.12889165780507028,0.28436279296875,1.3028606011066586,0.4425934924368273,0.004742324561403509,0.13848684210526316,0.20232786785345525,0.1488509614719078,0.30001986026763916
125,4431104,584.2297897308314,47.56457517389208,18.897343446034938,311,150.0,0.7123944935691319,126,0.25396825396825395,0.20005101607713555,126,32,1,93,0.004621569474693388,0.4034567892085761,-0.6963488114997745,0.11849961336702108,0.249847412109375,1.2859942666254938,0.4321595746604576,0.005149718649517685,0.14067524115755628,0.20233274123165756,0.148861032910645,0.30002125375904143
126,4468608,584.2012291350135,45.6589165260084,18.809965646942146,293,150.0,0.7005119453924915,128,0.2890625,0.208952164469422,128,37,3,88,0.0035386991148698144,0.46013181447051466,-0.6958976862952113,0.13209819566691294,0.29998779296875,1.1038947743363678,0.44187862759157254,0.004452858361774744,0.15595669795221842,0.20235865539871156,0.14920541737228632,0.30005797860212624
127,4511104,584.353499467857,51.72737922205124,18.89484111906495,332,150.0,0.6730280496987951,138,0.32608695652173914,0.2206656436746537,138,45,7,86,0.0019852501136483625,0.6782100647687912,-0.7037666514515877,0.13221796398283914,0.27020263671875,1.4063864769414067,0.4464001888970295,0.004918109939759036,0.13537744728915663,0.20194320392329246,0.14877914532553405,0.3000291003845632
128,4558080,584.7148831279919,56.727262569009326,18.739756050053984,367,150.0,0.6844346049046321,160,0.2625,0.2248490793071883,160,42,8,110,0.00017169642524095252,0.5330834751948714,-0.7139332294464111,0.12587858858751133,0.25811767578125,1.1821991386823356,0.4452370263087977,0.004512942779291553,0.1351115463215259,0.20142111252062023,0.14821495104115456,0.30003009201027453
129,4596096,584.7223620944321,45.91415941400919,18.830838631023653,297,150.0,0.7008890993265994,118,0.22033898305084745,0.2243980696815542,118,26,5,87,0.0012309991652728058,0.38536513049621135,-0.7261973936110735,0.1208958700299263,0.275848388671875,1.170582693303004,0.43820554499674325,0.004577020202020202,0.15251473063973064,0.200813221745193,0.14740681927651167,0.3000699512194842
130,4632704,584.6750707670395,44.26486344099976,18.793209616909735,286,150.0,0.7139423076923077,119,0.15966386554621848,0.21792464926802063,119,19,2,98,-0.001491143262683181,0.3486157262814231,-0.7386249685660005,0.12381670344620943,0.27252197265625,1.0126447572838515,0.44819472323764453,0.004998907342657343,0.11601289335664336,0.20018259179778397,0.14627451926935464,0.300039732363075
131,4685440,585.3260958984362,62.19162334501743,18.85333445901051,412,150.0,0.7124734526699029,162,0.21604938271604937,0.2177371226128235,162,35,1,126,0.00168094987020595,0.49439419445116073,-0.7467486914247274,0.11453658755635843,0.2470703125,1.2146112802438438,0.42792433341151304,0.004949180825242719,0.1388994235436893,0.19978041329886764,0.14541326486505568,0.30002819700166583
132,4741376,586.0946962016493,65.73071614000946,18.924461329937913,437,150.0,0.7107050915331807,166,0.2289156626506024,0.21885497661660136,166,38,2,126,-0.0007554225339845289,0.40231284050969407,-0.7570403050631285,0.10701479797717184,0.248748779296875,1.1613695386331528,0.43395993768214086,0.005077231121281465,0.12564359267734554,0.1992775044636801,0.1444342064205557,0.30005366657860577
133,4778240,585.9915470917654,45.246013283962384,18.773330779979005,288,150.0,0.7041558159722222,118,0.16101694915254236,0.21307117387019547,118,19,2,97,-0.00013235010555945337,0.3744496186845936,-0.7651956724002957,0.09570329793496057,0.234588623046875,1.1932127745822072,0.4349286471390062,0.004964192708333333,0.11895073784722222,0.19887975067831576,0.14358534989878535,0.3000364573672414
134,4816640,586.0243158900691,46.04202573094517,18.817257044953294,300,150.0,0.71671875,113,0.20353982300884957,0.21211803878406088,113,23,3,87,0.003904780896846205,0.5516796198207885,-0.7658839235082269,0.09838146402034909,0.23822021484375,1.3552540517412126,0.4253822190562884,0.00546875,0.1178125,0.1988531704992056,0.1430259016342461,0.300029834266752
135,4862976,586.3534125420156,55.483129672007635,18.77542349905707,362,150.0,0.7056500345303868,147,0.21768707482993196,0.212674942388648,147,32,0,115,-0.001687069125182461,0.3013842019136064,-0.7713343910872936,0.09112265735166147,0.23284912109375,1.2327539327088743,0.4374309470311054,0.005157976519337017,0.12914364640883977,0.19859419611748308,0.14238466520328075,0.30004189582541585
136,4904064,586.442009518582,49.696790826972574,18.792850202997215,321,150.0,0.7208917445482866,128,0.25,0.21640744814978322,128,32,0,96,0.002203248373916722,0.36648008704651147,-0.7737194420769811,0.08182672946713865,0.223541259765625,1.2708869013004005,0.4191108088812724,0.005037967289719626,0.12473228193146417,0.19848530879244208,0.14190874772612005,0.3000386084895581
137,4937984,586.3048510659166,40.855694109923206,18.781338440952823,265,150.0,0.73125,105,0.19047619047619047,0.21381432238242393,105,20,1,84,-5.904403224121779e-06,0.36857493908610195,-0.7742055496200919,0.08029619927401654,0.220611572265625,1.307195593137294,0.41436115761972825,0.00486438679245283,0.1311320754716981,0.1984689817763865,0.14174963941331953,0.3000510442070663
138,4990848,586.9437924267453,61.89534694806207,18.858685133978724,413,150.0,0.6948017554479419,175,0.26857142857142857,0.2192900330013244,175,47,0,128,0.0008420798185397871,0.379510605125688,-0.773402982391417,0.08384332354762591,0.20916748046875,1.15587446000427,0.43280707267237056,0.005807354721549637,0.13491222760290558,0.19850698707159609,0.1417134302901104,0.3000298722181469
139,5036416,587.2002788090414,54.90579218300991,18.856231102952734,356,150.0,0.7001623946629213,150,0.2733333333333333,0.22469436303452528,150,41,0,109,0.004789362435985822,0.41146501514595,-0.7681410098448396,0.0888709117716644,0.206878662109375,1.1970497176516801,0.43440444432617575,0.004652387640449438,0.1716994382022472,0.19876078609377146,0.14224944554734975,0.30003154021687806
140,5079040,587.354884152562,51.16298240690958,18.890223233029246,333,150.0,0.6980574324324325,132,0.25,0.22722492673107275,132,33,2,97,0.0010308161472494248,0.4976883972994983,-0.7646924667060375,0.09579855567426421,0.25152587890625,1.207573859486729,0.4395468599266476,0.005654091591591592,0.14395645645645647,0.19893111183773726,0.14268801314756274,0.3000430448446423
141,5118208,587.3770155767662,47.36627021001186,18.829936582944356,306,150.0,0.6782832924836601,133,0.2556390977443609,0.23006634383240157,133,34,0,99,0.006344648412778042,0.49982983351219445,-0.7592927142977715,0.0913299497042317,0.21673583984375,1.166116753127426,0.4486614612777249,0.005182802287581699,0.16370506535947713,0.19919758359901607,0.14329372975043952,0.30005774879828095
142,5160576,587.5404369143139,50.68040577392094,18.871115650981665,331,150.0,0.724745090634441,140,0.2642857142857143,0.23348828087773282,140,37,3,100,-0.0012774695678672288,0.34753088059369475,-0.7621587784960866,0.0979932616755832,0.2098388671875,1.220008956734091,0.4155850524808705,0.004744146525679759,0.16677681268882175,0.19904529582709074,0.1429938942892477,0.30003854166716337
143,5213696,588.1277588607778,62.647992979036644,18.76387975597754,415,150.0,0.6776355421686747,184,0.34782608695652173,0.24492206148561171,184,64,1,119,0.0059895482190768234,0.5855509254615754,-0.7642838750034571,0.09627867653034627,0.231231689453125,1.216694621136412,0.44713339855872003,0.005045180722891566,0.17018072289156627,0.19894090318121016,0.14281397976446897,0.30001553473994136
144,5262976,588.5338537115791,58.572879731073044,18.92333394207526,385,150.0,0.7079748376623377,159,0.27672955974842767,0.2481028113118933,159,44,0,115,0.003005079022841528,0.5188654507510364,-0.7675924086943269,0.1000127816805616,0.21490478515625,1.2291198689490557,0.43310435058234575,0.005255681818181818,0.15383522727272728,0.19877052574884146,0.1426275682169944,0.300026535987854
145,5299840,588.4850353634065,44.43203744397033,18.838559070951305,288,150.0,0.6915418836805556,116,0.31896551724137934,0.2551890819048419,116,37,0,79,-0.0014664411646663211,0.5460940627381206,-0.7754295151680708,0.09590424550697207,0.2110595703125,1.26154829794541,0.43608448105967706,0.005316840277777778,0.15218098958333334,0.19838479126337916,0.14242542325519025,0.3000377870630473
146,5334272,588.354818088323,41.65519370394759,18.75724549603183,269,150.0,0.6821561338289963,105,0.2571428571428571,0.2553844594286434,105,27,1,77,0.004390680453070672,0.5274305485654622,-0.7780153239145875,0.08659672547946684,0.203948974609375,1.0729789219330996,0.43576344725810906,0.005779507434944238,0.14283224907063197,0.198232619673945,0.1427424867870286,0.2999939159490168
147,5380352,588.6073297789712,55.37342037004419,18.84840646001976,360,150.0,0.7103298611111111,150,0.24,0.25384601348577907,150,36,1,113,-0.0008447026557405479,0.41247015388216823,-0.7798302425071597,0.09768010035622865,0.21240234375,1.102069997228682,0.43046991518802113,0.005121527777777778,0.14283854166666668,0.19815561035647988,0.14288506610319018,0.30004909564740956
148,5421312,588.646735452334,49.92428557702806,18.858470619888976,320,150.0,0.690771484375,141,0.3120567375886525,0.2596670858960664,141,44,1,96,-0.00020111314006499015,0.3349706339649856,-0.7848076885566115,0.10338353819679469,0.249847412109375,1.0514939848799258,0.4374891385436058,0.0050048828125,0.158935546875,0.19790437200572342,0.14285618509165943,0.3000596761703491
149,5457152,588.5490115055319,43.43398942798376,18.85065418400336,280,150.0,0.6984095982142857,114,0.2631578947368421,0.26001616678014394,114,30,0,84,0.004556809570203768,0.4727162302006036,-0.7978349942713976,0.09494500292930752,0.224090576171875,1.1826040376909077,0.43762255566460745,0.005357142857142857,0.1351283482142857,0.19725902820937335,0.14236055267974734,0.3000528544653207
150,5499904,588.6713548221152,51.59527331404388,18.823185193003155,334,150.0,0.6769975673652695,150,0.30666666666666664,0.2646812167687962,150,46,1,103,0.002244881739898119,0.5177009468898177,-0.8036635937169194,0.10722269234247506,0.232574462890625,1.185038409428671,0.43946190669151125,0.0049120508982035925,0.17620228293413173,0.19696978840511292,0.14201336784753948,0.3000243727583438
151,5553408,589.2066758682636,63.37651995604392,18.77299894602038,418,150.0,0.6725478468899522,183,0.3770491803278688,0.27591801312470343,183,69,2,112,-0.0004666464119509328,0.3608538870466873,-0.801530028693378,0.1156193622155115,0.25958251953125,1.1231677820906043,0.44471820832439585,0.005102422248803828,0.15752093301435408,0.19708642014302313,0.14163027436006814,0.30003153695724905
152,5599104,589.4199756637504,54.96602300403174,18.860089262016118,357,150.0,0.6694896708683473,162,0.3888888888888889,0.287215100701122,162,63,7,92,0.0085046360763954,0.5114853316918015,-0.8039011340588331,0.11900791432708502,0.2437744140625,1.1559485557954758,0.43719762380049676,0.005142682072829132,0.172312675070028,0.19697062950581312,0.14152426668442786,0.30004552844911814
153,5656064,590.0458162743982,67.37848114199005,18.861004940001294,445,150.0,0.694434691011236,185,0.2972972972972973,0.2882233203607395,185,55,2,128,0.0008707006272743456,0.32215509365778416,-0.8149962658062577,0.1152869428624399,0.26416015625,1.2633097064681351,0.43592818419585067,0.0051966292134831464,0.17029494382022473,0.19643149198964238,0.14085159020032734,0.30004995549097657
154,5692160,589.9586570029046,43.70043208403513,18.787467076908797,282,150.0,0.6790780141843972,123,0.3252032520325203,0.2919213135279176,123,40,1,82,0.003271209770900896,0.49157210357952863,-0.8202151264995337,0.11483931966358796,0.26953125,1.157331714173779,0.44330513794371423,0.005374556737588652,0.1583277925531915,0.19617727515287697,0.1405533532379195,0.3000278177205473
155,5744000,590.396394525522,61.740224052919075,18.785250704968348,405,150.0,0.7010416666666667,170,0.3058823529411765,0.2933174174692435,170,52,2,116,0.0024007340689422563,0.3549040004145354,-0.8172526825219393,0.1225152449333109,0.267730712890625,1.2087882682681084,0.4308739695284102,0.005324074074074074,0.17496141975308643,0.19632574554998428,0.140821369481273,0.30004565697163343
156,5790208,590.6546341629951,55.002540830057114,18.84780700400006,361,150.0,0.7005929709141274,153,0.29411764705882354,0.29339744042820154,153,45,12,96,0.010401480525615625,0.45286435808520764,-0.8167239846661687,0.12007377541158348,0.273040771484375,1.313971787225455,0.43409405859223366,0.004999134349030471,0.16988400277008311,0.19635235448367894,0.14072691078763455,0.3000530523713678
157,5830656,590.6645911145712,49.33983574807644,18.842793748015538,316,150.0,0.7096271756329114,138,0.26811594202898553,0.2908692905882799,138,37,7,94,-0.0011425714619690552,0.35249215143267065,-0.8200818598270416,0.11642339028185233,0.263763427734375,1.1562683121301234,0.42838399866713756,0.0052907436708860755,0.15226958069620253,0.1962004043161869,0.140177040011622,0.30005683610215783
158,5871744,590.7483383809055,49.02728921500966,18.82824248308316,321,150.0,0.7179955218068536,130,0.25384615384615383,0.28716697691406734,130,33,3,94,0.0028290774498600513,0.5268019618233666,-0.8138167317956686,0.12106803240021691,0.26922607421875,1.1855874694883823,0.4267629821352498,0.005135319314641744,0.15578757788161993,0.196497411117889,0.14098953583743423,0.30005181417800486
159,5913472,590.7926882056744,50.920556182041764,18.856504895025864,326,150.0,0.6736244248466258,134,0.3208955223880597,0.29053983146146656,134,43,1,90,0.0023390278583974577,0.3727974641369656,-0.8099817493930459,0.10714640351943672,0.247711181640625,1.17643613088876,0.44194028704809996,0.005152415644171779,0.15167273773006135,0.1966745904646814,0.1416805402841419,0.3000652331393212
160,5944064,590.5396839817231,37.17116348806303,18.789166906964965,239,150.0,0.6907361401673641,99,0.2727272727272727,0.2887585755880472,99,27,0,72,0.0019615721721493173,0.4153381517389789,-0.8153654076159,0.10974135436117649,0.223846435546875,1.1989767691120505,0.4345211468979903,0.005099372384937239,0.18838258368200836,0.19641064817551523,0.14113915991038084,0.30005034524947405
161,5982592,590.4633998858391,47.50587231910322,18.914270260022022,301,150.0,0.6827242524916943,135,0.31851851851851853,0.2917345698810943,135,43,3,89,0.006940854360436788,0.6413411465473473,-0.8256078083068132,0.1054347669123672,0.24237060546875,1.280829922761768,0.4436053245566612,0.005710132890365449,0.16855274086378738,0.19591216696426272,0.1405137951951474,0.3000398550648242
162,6031104,590.7562116360575,58.12018882005941,18.877024500980042,379,150.0,0.6988374010554089,153,0.24836601307189543,0.28739771420017446,153,38,1,114,0.0008083668253675569,0.47764320753049105,-0.8402099078521132,0.10057149341446348,0.229156494140625,1.185948054306209,0.4290844281462063,0.0055862467018469655,0.14790155013192613,0.1952222721884027,0.1393943679286167,0.3000697400420904
163,6082816,591.1548577356817,61.65180520399008,18.828669659909792,404,150.0,0.6977490717821783,168,0.27380952380952384,0.2860388951611094,168,46,0,122,0.004720619010186056,0.4942679812666029,-0.8560613077133894,0.08895429319818504,0.227508544921875,1.1493098167702556,0.4361137268271777,0.00601407797029703,0.15158957301980197,0.19446845527272671,0.13811212696600705,0.3000375770498067
164,6123520,591.1601320507426,49.75563973200042,18.80004561203532,318,150.0,0.6783608490566038,141,0.3546099290780142,0.2928959985527999,141,50,2,89,0.004662200790335191,0.4488947135396302,-0.8607853576540947,0.10115766216767952,0.23028564453125,1.0773925241082907,0.43763789009748016,0.005576847484276729,0.16875491352201258,0.19424772541970015,0.13797274883836508,0.3000525920651853
165,6166784,591.262928814199,52.27017250703648,18.96889924397692,338,150.0,0.651303624260355,166,0.3795180722891566,0.3015582059264356,166,63,0,103,-0.00316070639382815,0.3903313875198364,-0.873014303855598,0.0959646611881908,0.2314453125,1.1098490972071886,0.45271705919821587,0.005316198224852071,0.15324519230769232,0.19365757226478308,0.1374393057776615,0.3000368445646018
166,6213888,591.529459667261,55.9513510230463,18.782904735999182,368,150.0,0.6920219089673914,158,0.34177215189873417,0.3055796005236655,158,54,0,104,0.0034733255779428873,0.5581129922065884,-0.8817758345976472,0.09364804107462987,0.235870361328125,1.1999617964029312,0.4361173466009938,0.00594429347826087,0.15189792798913043,0.19325937214307487,0.13719484920147806,0.300052965991199
167,6267264,591.9394987798776,63.92009610007517,18.834325809031725,417,150.0,0.6491119604316546,190,0.4263157894736842,0.31765321941866737,190,81,0,109,0.0023897095106804045,0.6618550352286547,-0.8796840934082866,0.11599016992840916,0.264251708984375,1.1717425952665508,0.45780489827803283,0.005133393285371703,0.20520458633093525,0.1933475056430325,0.13807052827905864,0.30006308876909316
168,6316800,592.2303452522067,59.344146572984755,18.87848539405968,387,150.0,0.7037306201550387,166,0.3313253012048193,0.31902042759728255,166,55,1,110,0.007382373667496722,0.557552715530619,-0.885933461599052,0.11305815272498876,0.258941650390625,1.2673417627811432,0.43191357492168436,0.0055717054263565895,0.17579134366925064,0.19304463325534016,0.13873167638666928,0.3000535157043487
169,6363520,592.4341657120539,56.07741391402669,18.860078035038896,365,150.0,0.6956121575342465,151,0.32450331125827814,0.3195687159633821,151,49,3,99,0.008600064604252111,0.7651572348549962,-0.887941075488925,0.10430920770158991,0.23651123046875,1.261189150158316,0.4316456440376909,0.005308219178082192,0.16157962328767123,0.1929481311235577,0.13917854987084866,0.300034424290061
170,6400896,592.3709291331938,45.245184708968736,18.870466665015556,292,150.0,0.7163152825342466,115,0.21739130434782608,0.3093509748018265,115,25,1,89,0.0029752705158898607,0.5356091191060841,-0.897447899915278,0.106833468133118,0.254302978515625,1.1229788118507713,0.42687175137131184,0.005297517123287672,0.13540774828767124,0.19250483706127852,0.13854728860314935,0.30005199764855206
171,6433664,592.2231274068006,39.0743773879949,18.792896970990114,256,150.0,0.7225341796875,105,0.2,0.2984158773216439,105,21,1,83,-0.0030884249208611436,0.36247802700381726,-0.9040495604276657,0.10352448461344466,0.2542724609375,1.2053680666722357,0.4211218806449324,0.0059814453125,0.145263671875,0.19220905716065317,0.13783327408600599,0.30005377158522606
172,6480640,592.4378176276189,56.38370788190514,18.858053451986052,367,150.0,0.7021670640326976,150,0.32666666666666666,0.30124095625614616,150,49,1,100,0.007108343059371691,0.6964139270130545,-0.9044932881370187,0.10130494530312717,0.231658935546875,1.1706065190955997,0.4324096526534421,0.005556028610354223,0.15177963215258855,0.19218113482929766,0.1376660355599597,0.3000385637860745
173,6521600,592.4894605602829,49.13477165205404,18.92363607394509,320,150.0,0.6895751953125,145,0.25517241379310346,0.29663410200984186,145,37,1,107,0.0011131466089864261,0.38768693897873163,-0.9140000808984041,0.09353415705845691,0.216278076171875,1.160312710562721,0.446088782325387,0.00546875,0.11611328125,0.19173137552570552,0.13693933724425733,0.30000826623290777
174,6564480,592.5675973576199,51.918085674988106,18.868292600964196,335,150.0,0.6921875,141,0.3049645390070922,0.2974671457095669,141,43,0,98,0.0005847393513249699,0.4038229596335441,-0.9273890983313322,0.10514845582656562,0.247650146484375,1.1398965031839907,0.4314067121761948,0.006110074626865671,0.13812966417910447,0.19113989418838173,0.13573340571019799,0.3000650582835078
175,6603392,592.5468578230553,47.07444812799804,18.880815614946187,304,150.0,0.6768863075657895,121,0.32231404958677684,0.29995183609728787,121,39,2,80,0.0012197811374790035,0.48812233132775873,-0.9319951962679625,0.09262340152054094,0.21612548828125,1.1472704545594752,0.44282553227324234,0.005319695723684211,0.17061574835526316,0.19092434900812805,0.1353698839666322,0.30003499262966216
176,6646400,592.6470380936272,51.59924653195776,18.866719280951656,336,150.0,0.6864536830357143,157,0.37579617834394907,0.30753627032195396,157,59,1,97,0.006424462459108327,0.6289917952381074,-0.9343326278030872,0.1022981996065937,0.22979736328125,1.3010872730519623,0.43842333111734616,0.005859375,0.17933872767857142,0.19081751548219472,0.13562317204196006,0.30004325741901994
177,6685184,592.5759527228153,47.7739257439971,18.8808029940119,303,150.0,0.6742986798679867,133,0.3609022556390977,0.3128728688536684,133,48,0,85,0.0008648570801597089,0.504195447312668,-0.9307459108531475,0.10713261016644537,0.237640380859375,1.3203563569113612,0.44266623829064194,0.005285684818481848,0.16883250825082508,0.19098839035723358,0.13552796584554017,0.30004328256472945
178,6725504,592.576542809004,49.11307577195112,18.810988348908722,315,150.0,0.7031994047619048,131,0.31297709923664124,0.3128832918919657,131,41,1,89,0.005164631591469515,0.48686736868694425,-0.9211069056764245,0.11064325657207519,0.24658203125,1.1221630349755287,0.4296085544048794,0.005580357142857143,0.16946924603174604,0.19143238908145577,0.13500608899630606,0.30003804597072303
179,6761088,592.4629843570523,43.235060480074026,18.801136901020072,278,150.0,0.6862072841726619,113,0.2831858407079646,0.3099135467735656,113,32,1,80,0.005838381330249831,0.5135378579143435,-0.9170058844611049,0.11661105789244175,0.277587890625,1.1823618072085083,0.4386221611028095,0.005283273381294964,0.14838129496402877,0.19162547390442342,0.1347169055370614,0.3000365362968296
180,6803584,592.5080047738993,51.85092152701691,18.866571848047897,332,150.0,0.6841114457831325,151,0.31788079470198677,0.31071027156640774,151,48,2,101,0.004726256403955631,0.4533113776706159,-0.9145932383835316,0.11920457851374522,0.302886962890625,1.1929439546074718,0.44093841772122555,0.0055064006024096385,0.17025131777108435,0.19173135398887098,0.13511725154239684,0.3000390804372728
181,6841600,592.501550417865,45.28965856798459,18.823128390940838,297,150.0,0.7168560606060606,118,0.3220338983050847,0.3118426342402754,118,38,0,80,0.0018553427507868037,0.5485572366742417,-0.9204873815178871,0.10751158074708655,0.24249267578125,1.1435454143211246,0.42062826650311247,0.006102693602693603,0.15774936868686867,0.19146512961015105,0.13404825702309608,0.30002354038879275
182,6886656,592.6856732406022,53.54738513601478,18.749040053924546,352,150.0,0.6729847301136364,156,0.3333333333333333,0.3139917041495812,156,52,0,104,0.00645048444494023,0.4463658450404182,-0.9225942436605692,0.11406742973485962,0.2757568359375,1.3022550768218935,0.4370965081351725,0.005726207386363636,0.159912109375,0.1913876086473465,0.13298117520753294,0.3000248232856393
183,6926720,592.6928226630554,48.492719064000994,18.836652477970347,313,150.0,0.6980081869009584,131,0.31297709923664124,0.3138902436582872,131,41,0,90,0.005128015869559022,0.6255621835589409,-0.9203539406880736,0.11827920173527673,0.26861572265625,1.3556469853501767,0.4284612442167422,0.005915535143769968,0.15125798722044728,0.1915081872139126,0.13240663206670433,0.3000260638073087
184,6970624,592.7852195326259,53.28583904891275,18.81402652396355,343,150.0,0.6772048104956269,145,0.31724137931034485,0.314225357223493,145,46,0,99,0.0019487299250613432,0.6139345306437463,-0.9225381063297391,0.1323236534371972,0.256195068359375,1.2798312227241695,0.44115648472969454,0.005033709912536443,0.15818604227405247,0.1914297817274928,0.13154453982133418,0.3000499359332025
185,7022464,593.1477731741188,61.197365380008705,18.874976851046085,405,150.0,0.6820601851851852,172,0.3430232558139535,0.31710514708253906,172,59,0,113,0.005814042178826639,0.5795247545465827,-0.9302775021642447,0.1210330636240542,0.248138427734375,1.31891107885167,0.44229129663220157,0.005748456790123457,0.17521219135802468,0.19109634740743786,0.130470585427247,0.3000515850726515
186,7068544,593.3227124588527,55.16190947499126,18.862615313963033,360,150.0,0.6762586805555556,160,0.375,0.3228946323742851,160,60,3,97,0.006945568093215115,0.529241980984807,-0.9316265769302845,0.1233496424392797,0.2598876953125,1.27051060507074,0.4407736423114936,0.0057074652777777775,0.17619357638888888,0.19105161842890084,0.13007614854723215,0.3000633204355836
187,7115776,593.541904665591,56.10889696900267,18.849405730026774,369,150.0,0.7114456300813008,151,0.2781456953642384,0.31841973867328044,151,42,2,107,0.002595139987533912,0.47116614086553454,-0.9274352844804525,0.1157425448182039,0.2630615234375,1.1898680701851845,0.4254496052336241,0.006055216802168022,0.15413279132791327,0.1912364074960351,0.13037601544056088,0.30004973127506673
188,7161344,593.6965358936917,54.545504526933655,18.843645733082667,356,150.0,0.6902212078651685,154,0.2597402597402597,0.3125517907799784,154,40,0,114,0.003762735090276692,0.4914939219597727,-0.9320701723918319,0.11029172933194786,0.27178955078125,1.2028149827383459,0.43678541707523755,0.005376580056179775,0.12938904494382023,0.19102548237424344,0.1299088270170614,0.3000493252184242
189,7201152,593.6830326853378,48.3551888060756,18.840790380956605,311,150.0,0.6931270096463023,129,0.27906976744186046,0.3092035884461666,129,36,1,92,0.004336333215178456,0.5568467349512503,-0.9430470233783126,0.11277878488181159,0.269287109375,1.2971713514998555,0.43486038281603256,0.00517483922829582,0.1486384646302251,0.19055226061027497,0.12868079321924597,0.3000633444171399
190,7240064,593.6967694161618,46.32982811704278,18.813498571049422,304,150.0,0.7040501644736842,131,0.29770992366412213,0.30805422196796217,131,39,0,92,0.002881777621951187,0.3236573045141995,-0.9435670571401715,0.11834174016257748,0.27374267578125,1.2068287637084723,0.42973279217748267,0.0055252878289473685,0.18575246710526316,0.1905600818572566,0.12788628216367215,0.3000523627270013
191,7279872,593.7023647718676,47.83509431791026,18.913136507966556,311,150.0,0.6885299437299035,131,0.32061068702290074,0.30930986847345604,131,42,1,88,0.007061344298563199,0.46649371867533773,-0.9392942991107702,0.10692390857730061,0.267547607421875,1.2936313329264522,0.43975199505063883,0.006028938906752411,0.15579782958199356,0.19077654357533902,0.12763728469144553,0.3000615839846432
192,7317248,593.639631911511,45.31881647789851,18.83572816301603,292,150.0,0.7073523116438356,120,0.275,0.30587888162611043,120,33,0,87,0.003183416305546416,0.3869391734478995,-0.9321816843003035,0.10982235911069438,0.28143310546875,1.210082664852962,0.42909315350937516,0.0059931506849315065,0.15732020547945205,0.19109090324491262,0.12827197287697345,0.3000477566383779
193,7357568,593.6442373490262,48.883184367092326,18.821074577979743,315,150.0,0.6942212301587302,130,0.25384615384615383,0.3006756088481148,130,33,0,97,-2.647656947374344e-05,0.3036330887116492,-0.92795973084867,0.09792803600430489,0.256195068359375,1.0845675605814904,0.4387590600384606,0.005257936507936508,0.1377232142857143,0.1912821332225576,0.12852521135937423,0.3000478274188936
194,7397120,593.6087213238134,48.238797147991136,18.89620775403455,309,150.0,0.6959192961165048,133,0.2706766917293233,0.29767571713623564,133,36,0,97,0.0026945450335915666,0.4202035699854605,-0.9271754799410701,0.11089558870298788,0.269866943359375,1.207368197152391,0.4361588840152839,0.00568871359223301,0.14166161003236247,0.19131040293723345,0.12860149762127548,0.30003964086063206
195,7448576,593.9253102142827,60.97063989704475,18.88826038595289,402,150.0,0.6941270211442786,167,0.31736526946107785,0.2996446723687199,167,53,0,114,0.012309962701692712,0.5572262686910108,-0.9290269557386637,0.11850803502602503,0.2772216796875,1.140929333632812,0.44017050456051804,0.005713619402985075,0.1447255907960199,0.19123455684166402,0.1283699165796861,0.3000406352803111
196,7501184,594.2750254647153,62.19806472293567,18.833590821013786,411,150.0,0.6963199513381995,171,0.27485380116959063,0.297165585248807,171,47,0,124,0.00585245227557607,0.4568089763633907,-0.9293616469949484,0.1151357531780377,0.271392822265625,1.18313483055681,0.43306817350016313,0.005398418491484185,0.1420316301703163,0.19123328442219645,0.12794945354107767,0.30003532976843417
197,7539840,594.2405015561193,46.7828786149621,18.8950278860284,302,150.0,0.7097992549668874,119,0.2184873949579832,0.2892977662197246,119,26,0,93,0.0012897734486614354,0.35472686361754313,-0.924849689938128,0.11278669501189142,0.2655029296875,1.147036911919713,0.427971187115505,0.005251448675496689,0.13296771523178808,0.19147635018453002,0.12763542192988098,0.30004511238075793
198,7573632,594.1050391382415,40.85342501010746,18.79412532004062,264,150.0,0.7199633049242424,102,0.16666666666666666,0.2770346562644188,102,17,0,85,0.006431895068089943,0.3853942140704021,-0.9230172727257013,0.1200939184636809,0.277252197265625,1.2216850644908845,0.42582223485365056,0.005859375,0.11138731060606061,0.19158992427401245,0.1270599007839337,0.30004148045554757
199,7614848,594.1489899726259,49.41845852404367,18.903527459013276,322,150.0,0.7098456909937888,136,0.2426470588235294,0.27359589652032984,136,33,0,103,0.0012468955101212487,0.42859786027111113,-0.9293103106319904,0.11677209421759471,0.268035888671875,1.1515548788011074,0.4290063582962344,0.005750194099378882,0.13261840062111802,0.19130901049356908,0.12621210783254355,0.29998744488693774
200,7650176,594.0481836514385,42.73288665700238,18.809069529059343,276,150.0,0.6887737771739131,112,0.32142857142857145,0.27837916401115403,112,36,0,76,0.0017403139718226157,0.2924117749207653,-0.9374944465234876,0.11883278272580355,0.275421142578125,1.2168249494861811,0.4400384452032006,0.005180027173913043,0.16465692934782608,0.19097586686257273,0.12542510032653809,0.3000538549385965
201,7684736,593.9147516123292,42.00911929795984,18.812223998946138,270,150.0,0.6869502314814815,123,0.36585365853658536,0.28712661346369717,123,45,0,78,0.002942584869742859,0.4274296863004565,-0.9365771366283298,0.11172423243988305,0.268524169921875,1.1127434289082885,0.4308166489556984,0.005758101851851852,0.18489583333333334,0.1910257226554677,0.12529742973856628,0.3000465433578938
202,7723904,593.8838428716431,47.6050363520626,18.921372747980058,306,150.0,0.6796109068627451,128,0.28125,0.2865389521173275,128,36,0,92,0.008199904779758072,0.5094974966486916,-0.9340719385072589,0.10884857422206551,0.26837158203125,1.1370622916147113,0.44479774318489373,0.005642361111111111,0.13863357843137256,0.19116680917795748,0.12497605464886874,0.3000341225415468
203,7772928,594.1255401368492,58.18408582499251,18.827318666037172,383,150.0,0.6846850522193212,160,0.26875,0.28476005690559475,160,43,0,117,0.005162116707651876,0.4360277773812413,-0.9309450294822454,0.11742297379532829,0.2691650390625,1.09533597715199,0.44678261269166014,0.004997552219321149,0.13205776762402088,0.19131019350606948,0.12527984252665192,0.30006336816586554
204,7804928,593.9401172809138,38.88048275897745,18.864804787910543,250,150.0,0.7093125,107,0.32710280373831774,0.28899433158886706,107,35,0,72,0.005568425840465352,0.37675040296744555,-0.9329580254852772,0.10864646331174299,0.2535400390625,1.1434020940214396,0.42357882297039035,0.0055625,0.17703125,0.19121024070773274,0.12518239306518808,0.300049499142915
205,7849600,594.0538298935047,53.72123363299761,18.854865428991616,349,150.0,0.6902086318051576,144,0.3125,0.29134489842998035,144,45,0,99,0.0038057148922234774,0.5437656024005264,-0.9334406713023782,0.09729769243858755,0.2498779296875,1.3646809621714056,0.4273972916910505,0.00517102435530086,0.15054172636103152,0.19119503221008927,0.1247965773800388,0.299980377079919
206,7891328,594.1013673227958,50.21050664910581,18.842904565972276,326,150.0,0.6901600843558282,138,0.3115942028985507,0.2933698288768374,138,43,0,95,0.005613729052129202,0.34812338277697563,-0.9306039055809379,0.11152001493610442,0.2708740234375,1.4203184554353356,0.43398642082887195,0.005368098159509203,0.1574961656441718,0.1913670621579513,0.12459989846684039,0.3000466749072075
207,7929472,594.0592718192431,46.22528473101556,18.789867160958238,298,150.0,0.6721109479865772,141,0.375886524822695,0.30162149847142317,141,53,0,88,0.0034463526244508103,0.42152906162664294,-0.9322321629151702,0.11512073455378413,0.2711181640625,1.1337137096561491,0.44250702007904946,0.005505453020134228,0.17386744966442952,0.19132001826073974,0.1239433737937361,0.30002896138466895
208,7967744,594.0089001673173,46.689501540968195,18.7478929029312,299,150.0,0.6690530936454849,129,0.4573643410852713,0.31719578273280796,129,59,0,70,0.010656567363184877,0.601707291090861,-0.9360462399199605,0.11081019369885325,0.282806396484375,1.267394123133272,0.44079320636082653,0.006218645484949833,0.17613398829431437,0.19118582911323756,0.12327339517651126,0.3000473852735013
209,8002560,593.8692899151301,42.79823035793379,18.835254414007068,272,150.0,0.6803193933823529,122,0.3524590163934426,0.3207221060988714,122,43,0,79,0.00266700666907127,0.4706604330567643,-0.9335354212671518,0.11509904632112011,0.275299072265625,1.1874349107965827,0.4373575992443982,0.0052562040441176475,0.18887867647058823,0.1913130171597004,0.12320686544990167,0.30002837674692273
210,8036480,593.741421339552,41.07466528494842,18.813599981018342,265,150.0,0.667688679245283,121,0.4297520661157025,0.3316251021005545,121,52,0,69,0.0098899820150109,0.5610445981146768,-0.92724234983325,0.10532839194638655,0.255615234375,1.1628287178464234,0.4498283639269055,0.00539504716981132,0.20683962264150943,0.19162749138195068,0.12327856803312898,0.30003659171052277
211,8073088,593.6633360464449,44.37620356690604,18.932562184054404,286,150.0,0.6812718531468531,115,0.3739130434782609,0.3358538962383251,115,43,0,72,0.008326556519023143,0.4270583118777722,-0.9188449252396822,0.11583113140659407,0.285003662109375,1.2138717318885028,0.4339362405813657,0.005545236013986014,0.16930725524475523,0.19209470122586936,0.12282693007728085,0.30004467349499464
212,8112128,593.6148108447684,47.8494105769787,18.835562260006554,305,150.0,0.6939293032786885,127,0.31496062992125984,0.3337645696066186,127,40,0,87,0.0051931459274783265,0.3792108939960599,-0.9126694444566965,0.1064460490597412,0.280242919921875,1.3150168610736728,0.433641789878001,0.005327868852459016,0.15530225409836065,0.1924287771107629,0.12252986547537148,0.3000290298368782
213,8150528,593.5737528329322,46.63905189197976,18.887373557081446,300,150.0,0.678359375,138,0.39855072463768115,0.3402431851097249,138,55,0,83,0.0013774602775811218,0.4540007238974795,-0.9094145754352212,0.12378476414596662,0.273468017578125,1.2152933641336858,0.4399583383401235,0.006119791666666667,0.17721354166666667,0.19258000911213458,0.12271380610764027,0.30002475157380104
214,8185984,593.4821545984427,42.91601331799757,18.835506696021184,277,150.0,0.6815207581227437,113,0.34513274336283184,0.34073214093503557,113,39,0,74,0.008902334575395798,0.50195780582726,-0.9124926766380668,0.11828387586865574,0.255859375,1.2857169564813375,0.4400712419503002,0.0058382220216606495,0.14381204873646208,0.19242097565438598,0.12274336855625734,0.3000465678051114
215,8217088,593.2881402212247,37.99357399204746,18.83893764798995,243,150.0,0.6583397633744856,104,0.33653846153846156,0.34031277299537815,104,35,0,69,0.004623113287379965,0.3144040503539145,-0.9123066999018192,0.11644270364195108,0.26776123046875,1.1611357438378036,0.4447284367839986,0.005336934156378601,0.17325745884773663,0.19244648632593453,0.1226374814286828,0.30005166586488485
216,8256384,593.2782831024026,47.483191660023294,18.870998003985733,307,150.0,0.6975519136807817,134,0.3283582089552239,0.33911731659136274,134,44,0,90,0.007873598275182303,0.4780716839013621,-0.9078028332442045,0.1300030472339131,0.289031982421875,1.2696939818561077,0.43217278060773295,0.006234731270358306,0.18060362377850162,0.19268714438658208,0.12249901791801676,0.3000387081410736
217,8301312,593.3977736237991,54.02642774605192,18.781045419047587,351,150.0,0.6991185897435898,152,0.34868421052631576,0.34007400598485804,152,53,0,99,0.00828562380411313,0.5830079398583621,-0.9121021889150143,0.10847350250696763,0.267852783203125,1.2655235640704632,0.4334729132149634,0.006499287749287749,0.16519764957264957,0.19252067571505904,0.1217818483710289,0.3000291120260954
218,8342912,593.4601348807347,49.6663383099949,18.83142589603085,325,150.0,0.6698076923076923,143,0.3986013986013986,0.3459267452465121,143,57,0,86,0.006658044701907784,0.4339980341028422,-0.920662434771657,0.11077497148653492,0.258697509765625,1.4505682969465852,0.44455392342347366,0.005961538461538462,0.17665865384615384,0.19217314047273248,0.12077799567487091,0.30002986593171954
219,8392576,593.6737609492936,59.498982646968216,18.89354911504779,388,150.0,0.6648679123711341,165,0.3575757575757576,0.3470916464794367,165,59,0,106,0.0025538738518662285,0.39752423868048936,-0.9188377680256963,0.12216097809141502,0.25799560546875,1.3434471497312188,0.44808911240285204,0.006121134020618557,0.17533827319587628,0.19227679644245654,0.12081932579167187,0.3000480879563838
220,8431744,593.6393166897993,47.75972857605666,18.888420784962364,306,150.0,0.6570669934640523,149,0.4228187919463087,0.35466436102612386,149,63,0,86,0.006049355477443896,0.6115563085768372,-0.9065523007884622,0.11361621518153697,0.267486572265625,1.441097163129598,0.4526563417288213,0.005438112745098039,0.19686989379084968,0.1928644306026399,0.1213260039803572,0.30003659590147436
221,8473856,593.6728528071645,51.027672706055455,18.822870484087616,329,150.0,0.6702840045592705,147,0.40816326530612246,0.36001425145412375,147,60,0,87,0.004730265223770402,0.38508094649296254,-0.9006392676383257,0.12342819920741022,0.28558349609375,1.2616787650622427,0.4460463789277526,0.005152925531914893,0.20889532674772038,0.19315529824234545,0.12148357438854873,0.3000309863127768
222,8509312,593.5793804563259,43.05336243705824,18.795131704071537,277,150.0,0.6665162454873647,127,0.3937007874015748,0.36338290504886883,127,50,0,77,0.008889959994121455,0.5416960815200582,-0.9005751712247729,0.12303117144620046,0.25799560546875,1.4583004575688392,0.4501655539665842,0.005584386281588448,0.1830437725631769,0.1931504512904212,0.12149057880742475,0.3000204092822969
223,8557440,593.7301351810604,58.28806449100375,18.847925829002634,376,150.0,0.6511594082446809,175,0.4514285714285714,0.37218747168683913,175,79,0,96,0.008992222632514313,0.6366765378043056,-0.9001690745353699,0.11790091468719766,0.2745361328125,1.401445866562426,0.4475075901347272,0.005693151595744681,0.18186918218085107,0.19322306057438254,0.12106967542786151,0.30002722213976085
224,8597376,593.753192326408,47.75849918194581,18.83917269296944,312,150.0,0.6641626602564102,144,0.4722222222222222,0.38219094674037746,144,68,0,76,0.0005899675197724719,0.4984283512458205,-0.902381275780499,0.10762458312092349,0.260162353515625,1.4302027188241482,0.44551305148081904,0.006059695512820513,0.18880208333333334,0.19314000161830336,0.12069248245097697,0.30003924714401364
225,8629888,593.5985721348283,39.5125719809439,18.867379805073142,254,150.0,0.6906065452755905,109,0.30275229357798167,0.3742470814241379,109,33,0,76,-0.004247029195539653,0.3023525174940005,-0.9105416126549244,0.10379205469507724,0.257659912109375,1.5138982548378408,0.44358793053570694,0.006459153543307086,0.1765501968503937,0.19272279273718596,0.12059603305533528,0.3000346424523741
226,8687616,593.9970593089982,68.43104640103411,18.80168061994482,451,150.0,0.6758418791574279,189,0.3439153439153439,0.37121390767325846,189,65,0,124,0.006986499221966369,0.5125767039135098,-0.9116382226347923,0.11931999825173989,0.27435302734375,1.273866746108979,0.4369220867786069,0.005837721729490022,0.18363705654101994,0.19265074864961207,0.12077263504033908,0.3000456723384559
227,8729600,594.0516636570806,50.393794682924636,18.822589485906065,328,150.0,0.6898104039634146,140,0.3142857142857143,0.36552108833450403,140,44,0,96,0.0057841488560370635,0.39939667645376176,-0.9156917640939355,0.09077695303130895,0.249969482421875,1.2477621524594724,0.4359078027489709,0.005049542682926829,0.15551162347560976,0.1924638709751889,0.12045089912135154,0.3000264996662736
228,8761856,593.8934928073992,39.21845443500206,18.87864690599963,252,150.0,0.683562748015873,115,0.4,0.3689689795010536,115,46,1,68,0.00795680089504458,0.5427848226390779,-0.91578284278512,0.10349553008563817,0.279388427734375,1.2629813691601157,0.43865867905200473,0.006045386904761905,0.17981150793650794,0.192495449911803,0.12018950463971123,0.3000473964493722
229,8806656,594.0169904028356,53.39855158596765,18.80813333299011,350,150.0,0.6802232142857143,149,0.35570469798657717,0.36764255134960594,149,53,3,94,0.004722200625110418,0.5605490603484213,-0.9111718041822314,0.1150038143969141,0.305633544921875,1.348400148563087,0.44022294206278667,0.005580357142857143,0.18140625,0.1927404444431886,0.12016684602713212,0.30003986903466284
230,8839808,593.8309551928495,41.332377437036484,18.868921483051963,259,150.0,0.6645752895752896,123,0.36585365853658536,0.3674636620683039,123,45,4,74,0.00373649962421041,0.5426521913614124,-0.9092433154582977,0.10239422816084698,0.269012451171875,1.3801466249860823,0.45448668053711705,0.004856418918918919,0.21648769305019305,0.19285531947389245,0.11998731066705659,0.3000404566992074
231,8878848,593.8338868379408,46.670396676054224,18.828859979985282,305,150.0,0.7038165983606557,119,0.33613445378151263,0.3643307412396248,119,40,7,72,-6.401314749382436e-05,0.44530742580536753,-0.9078459972515702,0.10004383767955005,0.28668212890625,1.5941787147894502,0.4292949352108064,0.0050204918032786885,0.2048155737704918,0.19296758039854467,0.11964494793210179,0.30002266401425004
232,8920448,593.8316627635252,51.181424138951115,18.813054942991585,325,150.0,0.6493028846153847,148,0.47297297297297297,0.37519496441295963,148,70,1,77,0.008731571404496208,0.707362218061462,-0.9017739770933986,0.10898388968780637,0.276580810546875,1.384327164851129,0.46175092596274153,0.005793269230769231,0.20225961538461537,0.19330921629443765,0.11948916834080592,0.30003640335053205
233,8953472,593.6943294045716,40.09738639893476,18.870097544044256,258,150.0,0.685562015503876,112,0.35714285714285715,0.3733897536859494,112,40,0,72,-0.0004667459652409889,0.3869575447170064,-0.9028842970728874,0.10118203127058223,0.25701904296875,1.3346011633984745,0.4344055352284927,0.005238614341085271,0.19622093023255813,0.19330309447832406,0.11900488415267318,0.3000357074197382
234,8990592,593.6471338860748,44.825500407023355,18.783195308060385,290,150.0,0.6719558189655173,129,0.3798449612403101,0.37403527444138546,129,49,0,80,0.007792892363795545,0.47298908117227256,-0.8966585621237755,0.10319855815032497,0.269927978515625,1.3120077825151384,0.4388969691662953,0.00525323275862069,0.20611530172413794,0.19363480538595468,0.11908530915388837,0.3000243583228439
235,9042048,593.9157133847781,60.71027174498886,18.946069651050493,402,150.0,0.6802510883084577,176,0.36363636363636365,0.3729953833608833,176,64,0,112,0.0022877302108099684,0.44957688928116113,-0.8851515362039208,0.09693175344727933,0.234466552734375,1.3236173670738935,0.44134122844952256,0.005208333333333333,0.18784981343283583,0.19419485912658274,0.1195251474273391,0.30001927819103
236,9085056,593.9471770416619,52.62867868703324,18.804662968963385,336,150.0,0.6695265997023809,165,0.5151515151515151,0.38721099653994645,165,85,0,80,0.009675227218394866,0.5420513547724113,-0.8810672909021378,0.12161485420074314,0.26446533203125,1.1801131470128894,0.44938010074907825,0.006091889880952381,0.24111793154761904,0.19443417887669057,0.11945481866132468,0.3000312615185976
237,9119232,593.830279099989,41.61811934399884,18.83979493298102,267,150.0,0.6748888108614233,123,0.5040650406504065,0.3988964009509925,123,62,0,61,0.008270822538179345,0.6966639854945242,-0.8745819916948676,0.1332608845550567,0.283203125,1.2560547031462193,0.4409536436925667,0.006349485018726592,0.21714068352059926,0.1947984570870176,0.11934620351530612,0.3000304012093693
238,9152000,593.6886170984448,39.85828825994395,18.77953964297194,256,150.0,0.678253173828125,116,0.5086206896551724,0.40986882982141043,116,59,0,57,0.01331792926066555,0.590112883830443,-0.8655833210796118,0.12498260015854612,0.2786865234375,1.319543495774269,0.4403061489574611,0.005584716796875,0.243621826171875,0.19530952186323702,0.11931269301567227,0.30003093439154327
239,9196160,593.7670530040205,53.2973898909986,18.875706310966052,345,150.0,0.6686820652173913,163,0.5030674846625767,0.41918869530552705,163,82,0,81,0.0062349586296477355,0.6463283847551793,-0.8476756224408746,0.12084272393258289,0.25640869140625,1.3059566649608314,0.44540768464406333,0.005366847826086957,0.25729166666666664,0.196247972198762,0.11980233626672998,0.3000451212283224
240,9234432,593.7490936184561,45.883538655005395,18.915518768015318,299,150.0,0.6415133779264214,135,0.5185185185185185,0.4291216776268262,135,70,0,65,0.006973078940063715,0.6602106015197933,-0.8366080820560455,0.12232766760280356,0.28289794921875,1.3024563733488321,0.46456947484144,0.005356396321070234,0.22752926421404682,0.19688183325342834,0.11947606271132827,0.2998638532590121
241,9291904,594.1282831846554,67.77089427202009,18.867822671076283,449,150.0,0.6510126670378619,221,0.5203619909502263,0.4382457089591662,221,115,0,106,0.010859528556466103,0.6439039818942547,-0.8364210389554501,0.13128548924578354,0.26123046875,1.322959793265909,0.4598829093117491,0.005376531180400891,0.25631611915367486,0.19705050939228386,0.11862027092138305,0.30004694522358477
242,9328768,594.0613079256487,44.89891515299678,18.806031232932582,288,150.0,0.6823459201388888,126,0.47619047619047616,0.4420401856822972,126,60,1,65,0.005839601188199595,0.41340884438250214,-0.8344308268278837,0.13913571560988203,0.291259765625,1.3921801606193185,0.43749577966001296,0.004964192708333333,0.2634006076388889,0.1972900265827775,0.11785524105653167,0.3000531308352947
243,9378304,594.2289057623865,59.91019055398647,18.884754478000104,387,150.0,0.6412709948320413,191,0.6230366492146597,0.46013983203553344,191,119,0,72,0.017310053197434172,0.9014446188230067,-0.8254975415766239,0.16025809658458456,0.304656982421875,1.4518346227705479,0.46193175568445094,0.005127583979328165,0.28960755813953487,0.19780161627568305,0.11792053421959281,0.30005427938885987
244,9434496,594.5732744538503,66.25395013589878,18.892624753993005,439,150.0,0.6657887243735763,208,0.5096153846153846,0.46508738729351856,208,106,0,102,0.004085597505763872,0.5464192333165556,-0.816137564368546,0.1447609220049344,0.305267333984375,1.3092643218114972,0.4495225998155077,0.005143080865603645,0.27279683940774485,0.19833882339298725,0.11792863451410085,0.3000193778425455
245,9483648,594.6960547768249,60.31551339302678,18.82297835906502,384,150.0,0.6191609700520834,179,0.553072625698324,0.4738859111339991,179,99,0,80,-0.0014889922240399756,0.4967349460348487,-0.8084349222481251,0.14987785468110815,0.301361083984375,1.4569841483607888,0.4730735387808333,0.005025227864583333,0.2733154296875,0.19881615752819926,0.11781977023929358,0.3000308801420033
246,9527424,594.7148346563987,53.96555972204078,18.940032306010835,342,150.0,0.6365816885964912,167,0.5868263473053892,0.4851799547511381,167,98,0,70,0.00799284167442238,0.740132168168202,-0.8057905929163098,0.1297744161565788,0.27947998046875,1.4808550397865474,0.46293251957112586,0.005345394736842105,0.28867415935672514,0.1989877747837454,0.1177496401942335,0.30005075642839074
247,9569152,594.7076648036985,51.42350527190138,18.834187207976356,326,150.0,0.6354965490797546,165,0.6,0.4966619592760243,165,99,0,66,0.010982940591929946,0.6086655715480447,-0.8018100075423717,0.15104407782200724,0.312255859375,1.2971129189245403,0.4714101144324051,0.004816909509202454,0.31954562883435583,0.19924121838994324,0.11763968277955428,0.30002491921186447
248,9607040,594.6468511439457,46.278398753958754,18.871460185968317,296,150.0,0.6674408783783784,136,0.6102941176470589,0.5080251751131277,136,83,0,53,-0.0014429554794332944,0.5786405785474926,-0.7975071547552943,0.15236176253529266,0.30450439453125,1.260267497971654,0.4499534871932623,0.0048828125,0.3015994510135135,0.19959385006222874,0.11692007444798946,0.2997749405913055
249,9648384,594.6595443797937,50.22660007397644,18.823624915094115,323,150.0,0.656733746130031,153,0.5228758169934641,0.5095102393011613,153,80,0,73,0.008104058390017599,0.626538090640679,-0.7951435213908553,0.1397958392626606,0.293670654296875,1.1954888799227774,0.4592276960150007,0.005248645510835913,0.2722765092879257,0.1998866533394903,0.11630393151426688,0.3000112671870738
250,9709440,595.0385177982632,73.20265801309142,18.866765876999125,477,150.0,0.649125393081761,235,0.5914893617021276,0.5177081515412579,235,139,0,96,0.006264739193284186,0.7108614575117826,-0.7920640362426639,0.11881231429288164,0.26007080078125,1.3379154480062425,0.4643902983555504,0.005241090146750524,0.284083464360587,0.20016257627867162,0.11588314111577347,0.3000111181754619
251,9749504,595.0244040999191,48.707727866014466,18.85605324700009,313,150.0,0.653928714057508,158,0.569620253164557,0.5228993617035879,158,90,0,68,0.004833270744711626,0.6079831179231405,-0.7820270340889692,0.1306879657204263,0.281463623046875,1.352278992999345,0.45865418602483343,0.00509185303514377,0.28476936900958466,0.20090775820426643,0.11529602523660287,0.30003705923445523
252,9785216,594.9260683180013,43.65956320299301,18.873511690064333,279,150.0,0.6410730286738351,135,0.562962962962963,0.5269057218295254,135,76,0,59,0.007568363391328603,0.5193708017468452,-0.7803156711161137,0.129722414072603,0.2698974609375,1.2755321273580194,0.4672599996717173,0.005264336917562724,0.27192540322580644,0.20118909678421915,0.1144643824081868,0.3000416848808527
253,9843840,595.279113077778,69.73517304600682,18.892704330035485,458,150.0,0.6498021288209607,216,0.49074074074074076,0.523289223720647,216,106,0,110,0.008443535800324753,0.4505080981180072,-0.7836500573903322,0.13203264493495226,0.262542724609375,1.3273523962125182,0.46016582208949924,0.005066184497816594,0.26492562772925765,0.20109638886060566,0.11391624843236059,0.3000386555213481
254,9893632,595.4386000337176,60.23129750799853,18.835770357050933,389,150.0,0.6509881105398457,186,0.6021505376344086,0.5311753551120232,186,112,0,74,0.005548918656131718,0.5232184149790555,-0.7882671542465687,0.13455307704862207,0.276123046875,1.2993346927687526,0.4589004404747088,0.00552297557840617,0.28171192159383035,0.20095728570595384,0.11323712934972718,0.30003771930933
255,9932288,595.3801637863814,47.53905205009505,18.876296096947044,302,150.0,0.6430308360927153,154,0.5714285714285714,0.535200676743678,154,88,0,66,0.00030288797279354185,0.584451294504106,-0.7923273341730237,0.1360259130015038,0.2747802734375,1.2797653353773057,0.46517630247090824,0.005225579470198675,0.31087024006622516,0.20090553537011147,0.11235249985475093,0.3000536854378879
256,9979648,595.5088673187918,56.97879126702901,18.77713047293946,370,150.0,0.6275971283783783,182,0.6593406593406593,0.5476146750033761,182,120,0,62,0.0020270974637242034,0.6718279574997723,-0.7946644639596343,0.14440348435891792,0.266204833984375,1.257983576040715,0.4642961258018339,0.005130912162162162,0.3055743243243243,0.2009959489805624,0.11132384277880192,0.30003050109371543
257,10040192,595.8539786475925,72.82556372496765,18.846139474073425,473,150.0,0.608549154334038,249,0.6546184738955824,0.5583150548925967,249,163,0,86,0.009587518627085956,0.6203790840227157,-0.7959404410794377,0.12935526203364134,0.261627197265625,1.2811437952332199,0.48292016012724054,0.00540103065539112,0.2890625,0.2010574439773336,0.1107298859860748,0.3000386073254049
258,10091264,596.0240012102461,61.75682508107275,18.919917775085196,399,150.0,0.6468710839598998,193,0.6269430051813472,0.5651778499214718,193,121,1,72,0.009127360906859394,0.7073789979331195,-0.7940584337338805,0.1290662593091838,0.25079345703125,1.332202977500856,0.45504653423949887,0.0049733709273182955,0.2816416040100251,0.20121192536316812,0.11064512841403484,0.3000543920788914
259,10139520,596.181861306726,57.542624725960195,18.813280781032518,377,150.0,0.6600629973474801,186,0.5483870967741935,0.5634987746067439,186,102,0,84,0.006077373865991831,0.5528570350725204,-0.7830737205222249,0.11407259112456813,0.247772216796875,1.3558826320804656,0.4552727596196951,0.005387931034482759,0.2505180702917772,0.20180134929250926,0.11110267631011084,0.3000398587901145
260,10191104,596.383330878217,61.78479534899816,18.7980934480438,403,150.0,0.6304474255583127,208,0.6442307692307693,0.5715719740691465,208,134,0,74,0.008095181299722753,0.5985577299725264,-0.7818265855312347,0.1370697701931931,0.271484375,1.2448815596289933,0.4654209604186396,0.005311724565756824,0.2995696339950372,0.20197355293203145,0.11074417689815164,0.30006051319651306
261,10240384,596.5104156385496,59.882591144996695,18.954634969937615,385,150.0,0.6347199675324675,195,0.6564102564102564,0.5800558023032575,195,128,1,66,0.005274376235320233,0.6157584076281637,-0.7858999129384756,0.1471918328315951,0.28131103515625,1.3414245778694749,0.46136210754320217,0.005478896103896104,0.31075487012987013,0.2020117889624089,0.10955346055561677,0.3000393577385694
262,10283904,596.5550011218081,52.666358957998455,18.841928860987537,340,150.0,0.6727481617647059,168,0.6190476190476191,0.5839549839776936,168,104,0,64,0.006148925094748847,0.5836665197275579,-0.7854383336380124,0.13467080180998892,0.28594970703125,1.3791909497231245,0.4443159801118514,0.0055606617647058825,0.28754595588235293,0.20235705724917352,0.10838726110523567,0.30004068464040756
263,10334464,596.7248297304264,60.83226873795502,18.881048923940398,395,150.0,0.628184335443038,207,0.6183574879227053,0.5873952343721948,207,128,0,79,0.0074568907875800505,0.5925955320708454,-0.7966017015278339,0.13688761770026758,0.286041259765625,1.3343301080167294,0.4764731197417537,0.005557753164556962,0.2885482594936709,0.20194263115990907,0.10720417957054451,0.30004400527104735
264,10379648,596.7849678192978,54.99841321702115,18.861299557960592,353,150.0,0.6367962110481586,174,0.6494252873563219,0.5935982396706075,174,113,0,62,0.0031773917144164443,0.6255757000762969,-0.8031860934570432,0.1348036609706469,0.2938232421875,1.506256019230932,0.4599940235655301,0.0056657223796034,0.2785941926345609,0.20165966532658786,0.10668207320850343,0.300023403018713
265,10423296,596.8503814400921,52.07781565794721,18.86042898206506,341,150.0,0.6488269794721407,154,0.5584415584415584,0.5900825715477026,154,86,0,68,0.0035845258898916654,0.44541488657705486,-0.8069103211164474,0.13722822646377608,0.27923583984375,1.3457973594777286,0.4578943560200353,0.004834127565982405,0.25946206011730205,0.20149541564751416,0.10639674606500193,0.3000410001259297
266,10470912,596.9295866294221,58.49959300097544,18.82975506305229,372,150.0,0.6016885080645161,210,0.6666666666666666,0.597740981059599,210,140,0,70,0.01447933395684231,0.8448886000551283,-0.8109212098643184,0.14549136819550768,0.30145263671875,1.4421323449350893,0.47750722192307954,0.005250336021505376,0.2985131048387097,0.20133603981230408,0.1060353621141985,0.30002534948289394
267,10525568,597.2083117605233,64.30211057001725,18.907090364024043,427,150.0,0.6699173009367682,196,0.576530612244898,0.5956199441781289,196,113,0,84,0.004237768611346837,0.6150815619621426,-0.807210361585021,0.1225592988776043,0.2470703125,1.3083038134500384,0.44469606150508767,0.005287617096018735,0.28348214285714285,0.2016980400076136,0.10565622133435681,0.3000399130396545
268,10576768,597.3812556725982,61.57253530493472,18.905911357025616,400,150.0,0.63193359375,207,0.5942028985507246,0.5954782396153885,207,123,0,84,0.006140877383586485,0.6118329919409007,-0.8035858562216163,0.13379727385472506,0.27008056640625,1.3620526459999382,0.47101785078644753,0.0052734375,0.3079296875,0.20206488587427884,0.10525804979261011,0.30005787033587694
269,10619520,597.3728084845591,52.78937561600469,18.818507399992086,334,112.5,0.6043693862275449,176,0.6875,0.6046804156538497,176,121,0,55,0.007743053862213856,0.7816410048399121,-0.8061793269589543,0.14547871524700895,0.28656005859375,1.3651773664169014,0.48591650317529006,0.005590381736526946,0.30845340568862273,0.2022488962393254,0.10404565214412287,0.30002684192731977
270,10656384,597.3090604942823,44.68699261499569,18.794702510000207,288,112.5,0.6807725694444444,131,0.6106870229007634,0.605281076378541,131,80,0,52,0.015962393474183045,0.5629461833741516,-0.8091468326747417,0.1024607359431684,0.223419189453125,1.5028998549096286,0.4532982094420327,0.004991319444444444,0.2599555121527778,0.20235711778514087,0.1030984740355052,0.3000224370043725
271,10697600,597.2960452178737,50.416022300953045,18.732040509930812,322,112.5,0.6463994565217391,171,0.631578947368421,0.607910863477529,171,108,0,63,-0.0008425654741586186,0.537781452992931,-0.8062094692140818,0.11129490524763241,0.244232177734375,1.3095012162812054,0.46877611423871535,0.005677406832298137,0.27736801242236025,0.20265047182329,0.10283022932708263,0.3000447517260909
272,10733312,597.2075474334604,43.29536410595756,18.82656811911147,279,112.5,0.6624663978494624,147,0.6530612244897959,0.6124258995787557,147,96,0,51,0.0010012925231421832,0.6246896907687187,-0.8140946505591273,0.11232770362403244,0.242950439453125,1.3719604178331792,0.46912000085290617,0.006048387096774193,0.2702732974910394,0.20243741385638714,0.10178791341604665,0.29999134549871087
273,10778624,597.2732577928907,54.8592045919504,18.812136354041286,354,112.5,0.6687632415254238,177,0.6045197740112994,0.6116352870220101,177,107,0,70,0.003357600675371941,0.5822720155119896,-0.8202111274003983,0.12208219215972349,0.250732421875,1.4256026167422533,0.4618163272991019,0.005495233050847458,0.2887756002824859,0.20229903946164995,0.1010240608593449,0.3000119470525533
274,10825600,597.382653884604,56.17306985310279,18.921704570995644,367,112.5,0.6531846049046321,186,0.6720430107526881,0.6176760593950779,186,125,0,62,0.0008570339068683097,0.5157762668095529,-0.8158515896648169,0.11622813355643302,0.23980712890625,1.247125284280628,0.4768882381656189,0.00506641689373297,0.28982884877384196,0.2026717164553702,0.10082771547604352,0.30003903713077307
275,10859264,597.2532546769337,41.341067850007676,18.842362600029446,263,112.5,0.6484969106463878,130,0.5846153846153846,0.6143699919171085,130,76,0,54,0.007637133552634623,0.49085206782910973,-0.8149621477350593,0.11850805021822453,0.237945556640625,1.2151402002200484,0.4869523483537449,0.005673716730038023,0.26933816539923955,0.20296348980627954,0.10018246539402753,0.3000438108574599
276,10905600,597.3353742637595,56.107056883047335,18.84246643190272,362,112.5,0.6528617058011049,176,0.6761363636363636,0.620546629089034,176,119,0,57,0.007913388231827412,0.47886496339924634,-0.8122402653098106,0.12094238412100822,0.25799560546875,1.4155260557308793,0.4745117113076521,0.005416954419889502,0.3168594613259669,0.20345625618938357,0.09936601296067238,0.30004856223240495
277,10949376,597.3582167917277,53.47675348492339,18.76125048007816,342,112.5,0.6866319444444444,177,0.6610169491525424,0.6245936610953848,177,117,0,60,0.004522761330008507,0.4940862962976098,-0.8102830238640308,0.13036835985258222,0.26641845703125,1.4186034481972456,0.4564060249872375,0.004682931286549708,0.31569809941520466,0.20384010125417262,0.09871039795689285,0.3000343854073435
278,10984192,597.2526935068954,42.54456806497183,18.857769858906977,272,112.5,0.6860926011029411,123,0.6260162601626016,0.6247359210021065,123,77,0,46,0.0024441805690003093,0.5268334408756346,-0.8039758438244462,0.13305250217672437,0.280426025390625,1.315291091799736,0.45216294049340133,0.0050264246323529415,0.30655445772058826,0.20437602943275124,0.09850707050645724,0.3000540614593774
279,11015936,597.098146854145,38.741478023002855,18.807902793982066,248,112.5,0.6979586693548387,120,0.5666666666666667,0.6189289955685625,120,68,0,52,0.007333413122978527,0.5169079001061618,-0.7937683360651135,0.1296099565224722,0.271087646484375,1.4112724089063704,0.45960340312411707,0.005071824596774193,0.28084047379032256,0.2051156588131562,0.09850082383491099,0.30005793808959424
280,11051392,597.0312639511509,42.422436785069294,18.767565865069628,277,84.375,0.6999097472924187,125,0.56,0.6130360960117063,125,70,0,55,0.002966038322483655,0.4632403093855828,-0.7880951976403594,0.11237387836445123,0.2437744140625,1.344119569286704,0.45605794240851694,0.005640794223826715,0.26697879061371843,0.20551171118859202,0.09849463665159419,0.3000202723778784
281,11080704,596.8459646104523,35.83763544308022,18.87186036503408,229,84.375,0.7319186681222707,102,0.4803921568627451,0.5997717020968101,102,49,0,53,0.0006358744649332948,0.36928259942214936,-0.7852908503264189,0.10198182461317629,0.220184326171875,1.3687699446454644,0.4545049020556904,0.0049808951965065506,0.23805949781659388,0.2057451595319435,0.09844601602526382,0.3000440930482
282,11109632,596.6810274871934,34.6897593830945,18.820095036993735,226,84.375,0.7632051991150443,93,0.3548387096774194,0.5752784028548711,93,33,1,59,0.0037380308385763783,0.3262197347357869,-0.7834598794579506,0.0995683321962133,0.24322509765625,1.5330189615488052,0.4333477494990931,0.004874170353982301,0.19669524336283187,0.20605902967508882,0.09800298325717449,0.3000468926038593
283,11139328,596.4901483461834,36.76468466303777,18.873596612014808,232,84.375,0.7544450431034483,106,0.41509433962264153,0.5592599965316482,106,44,0,62,0.0021416381787275895,0.4128618650138378,-0.7890516351908445,0.10658853664062917,0.248260498046875,1.3339380943216383,0.4409484948063719,0.00646551724137931,0.2046403556034483,0.20604231348261237,0.0970643823966384,0.3000578328501433
284,11167872,596.3168430128145,34.36877406795975,18.82613333000336,223,84.375,0.7608604260089686,92,0.43478260869565216,0.5468122577480485,92,40,0,52,0.007262646355229663,0.4421312327031046,-0.7942501530051231,0.1050139429862611,0.237274169921875,1.4583260221406817,0.43383898943529003,0.0051849775784753365,0.171980100896861,0.20602514781057835,0.09619528712937608,0.30002120486460626
285,11196544,596.1291650494807,34.99157092801761,18.866969928960316,224,84.375,0.7562779017857143,100,0.36,0.5281310319732437,100,36,0,64,0.005899810061237076,0.358307744958438,-0.7964017717167735,0.12769896199461073,0.256927490234375,1.32864570338279,0.43678966271025793,0.004917689732142857,0.16706194196428573,0.20603350130841136,0.09580494248075411,0.30002166400663555
286,11224960,595.9662267512318,33.84083267697133,18.800720986910164,222,84.375,0.7785754504504504,89,0.3258426966292135,0.5079021984388408,89,29,1,59,-0.0007574273295176681,0.41889088635798544,-0.7970098089426756,0.13658166938694194,0.2789306640625,1.4500625301152468,0.42866190717563973,0.006580799549549549,0.14780405405405406,0.20599883026443422,0.09579701075563207,0.3000240575056523
287,11257856,595.8573581628611,39.506553407991305,18.838937832973897,257,84.375,0.755046206225681,115,0.30434782608695654,0.48754676120365237,115,35,0,80,0.0030410656981985085,0.2805741187185049,-0.7966710375621915,0.15848998667206615,0.299072265625,1.4191558021120727,0.44640416498314084,0.004955009727626459,0.16439688715953307,0.20580676465760916,0.09628516796510667,0.30002564983442426
288,11286400,595.6821102676208,34.51946038601454,18.81121032300871,223,84.375,0.7647491591928252,94,0.39361702127659576,0.4781537872109467,94,37,0,57,0.004637341076886514,0.2983102655271068,-0.7926740692928433,0.14936701266560704,0.2965087890625,1.329059140291065,0.4249859255792849,0.005640414798206278,0.1608394058295964,0.2060414005536586,0.0964273062418215,0.2999878143891692
289,11316096,595.5495152764508,35.12873570108786,18.821371364057995,232,84.375,0.7740099676724138,99,0.31313131313131315,0.46165153980298335,99,31,2,66,0.004659332582377829,0.3229781041154638,-0.788927854038775,0.1357877932023257,0.2716064453125,1.2172072185203433,0.43750377757282094,0.005994073275862069,0.1453394396551724,0.20652995817363262,0.09594700753223151,0.30003225058317184
290,11343104,595.349637415733,32.84067359101027,18.802055234089494,211,84.375,0.7331161137440758,95,0.43157894736842106,0.45864428055952716,95,41,0,54,0.014288351296272594,0.4905330592300743,-0.7917428966611624,0.15388355607865378,0.2894287109375,1.290639216080308,0.4523843271189956,0.006257405213270143,0.16943127962085308,0.20644737826660275,0.09567814454203472,0.300042997347191
291,11369984,595.1659285068403,32.04243273905013,18.870770473964512,210,84.375,0.7793898809523809,86,0.32558139534883723,0.4453379920384582,86,28,0,58,-3.275030030636117e-05,0.23979395953938365,-0.7888842364773154,0.1432705411571078,0.296234130859375,1.26340650068596,0.4423862492754346,0.006398809523809524,0.12983630952380953,0.20657913316972554,0.09586375416256487,0.30004270281642675
292,11397504,594.9756434076261,33.37961559195537,18.85603651299607,215,84.375,0.7579578488372093,91,0.37362637362637363,0.4381668301972497,91,34,0,57,-0.00039249899418791756,0.2490713955485262,-0.7878637723624706,0.1320729111903347,0.263153076171875,1.2451642437372357,0.438702488361403,0.006031976744186047,0.20352470930232558,0.20675648609176278,0.09562028391519561,0.300036977045238
293,11427200,594.8325535637015,35.566257474943995,18.83862825902179,232,84.375,0.7526602909482759,101,0.37623762376237624,0.43197390955376236,101,38,0,63,-3.485331399133429e-05,0.2192691307864152,-0.7913639843463898,0.12270058965077624,0.293487548828125,1.3614295292645693,0.44937442140332584,0.005859375,0.19426858836206898,0.2066637653624639,0.09523216006346047,0.29998979647643864
294,11456896,594.661761176875,36.44881818105932,18.856733251013793,232,84.375,0.7452182112068966,103,0.4368932038834951,0.43246583898673563,103,45,0,58,0.005743035442719702,0.36155604472151026,-0.7877083197236061,0.10842372151091695,0.253631591796875,1.231943840160966,0.4465550761027583,0.005354256465517241,0.2280778556034483,0.20714098040480167,0.09482923289760947,0.30004344554618
295,11486592,594.4943701525574,36.36589819192886,18.818195720086806,232,84.375,0.7584186422413793,105,0.4666666666666667,0.43588592175472873,105,49,1,55,0.009381401892824215,0.4682654985226691,-0.7826262339949608,0.11725277884397656,0.27490234375,1.372004957869649,0.43811591855924703,0.006364493534482759,0.1998248922413793,0.20776390738319606,0.09429775387980044,0.30002728942781687
296,11516288,594.351083679217,35.65982138796244,18.85635239398107,232,84.375,0.7461947737068966,104,0.40384615384615385,0.43268194496387125,104,42,0,62,0.0004217465793772135,0.39347466395702213,-0.7760189957916737,0.11852855235338211,0.263763427734375,1.2934063482098281,0.4530815602890376,0.005387931034482759,0.23892106681034483,0.20847676729317755,0.09391679923282936,0.30005904706194997
297,11554048,594.3390863198078,45.00964122498408,18.810582870966755,295,84.375,0.7584745762711864,122,0.4262295081967213,0.4320367012871562,122,52,0,70,0.0002704715807340108,0.38005238003097475,-0.7672198666259646,0.10583849437534809,0.224700927734375,1.3146850299090147,0.4482042914730007,0.005402542372881356,0.24634533898305086,0.2092601676704362,0.09368282731156796,0.3000448087695986
298,11588224,594.2613786215272,41.09079925296828,18.832382705062628,267,84.375,0.7465765449438202,126,0.5079365079365079,0.43962668195209137,126,64,0,62,-0.0007028835825622082,0.3921063179150224,-0.7651395695284009,0.12786129018059,0.280609130859375,1.4349567401222885,0.44466104467263384,0.005237593632958801,0.2977820692883895,0.20949094335082918,0.09355798491742462,0.30005779350176454
299,11617920,594.1106937257335,35.90942474803887,18.885587419033982,232,84.375,0.7560614224137931,104,0.4807692307692308,0.44374093683380533,104,50,0,55,0.010109813672897872,0.48579354491084814,-0.7657585944980383,0.09841239248635247,0.24578857421875,1.4544548308476806,0.4490782360321489,0.005657327586206897,0.2330280172413793,0.20963587705045938,0.09315723431063816,0.30004688492044806
300,11647488,593.9610443398738,35.82296085800044,18.78315366106108,231,84.375,0.7427962662337663,99,0.48484848484848486,0.4478516916352733,99,48,0,51,-0.0005132891601533629,0.39353878353722394,-0.7625017631798983,0.0968621164211072,0.233917236328125,1.6030906294472516,0.45400245158703295,0.005850919913419913,0.20417343073593072,0.2100192764773965,0.09291849727742374,0.300026070792228
301,11677184,593.8042799347455,36.126720653963275,18.86480712692719,232,84.375,0.7418170797413793,111,0.46846846846846846,0.44991336931859277,111,52,0,59,0.008358751350897364,0.39165181142743677,-0.7563074100762606,0.0929727858165279,0.206085205078125,1.2531507534440607,0.44701819866895676,0.005792025862068966,0.2513133081896552,0.21059404546394944,0.09275059041101485,0.3000184833072126
302,11701504,593.5794798368927,29.338824935024604,18.943534900899976,190,84.375,0.7606085526315789,74,0.4864864864864865,0.4535706810353822,74,36,0,38,0.003524044186633546,0.4049676019931212,-0.7468683123588562,0.09060000765020959,0.198822021484375,1.2878682259470224,0.4522310920451817,0.006620065789473684,0.2260690789473684,0.2113505172310397,0.09277439292054623,0.30006004264578223
303,11737216,593.53690281461,42.547518029110506,18.877845066948794,279,84.375,0.7548163082437276,124,0.3951612903225806,0.447729741964102,124,49,0,75,0.004103676634258591,0.31045082927448675,-0.7365085324272513,0.1045231960597448,0.239410400390625,1.3179883197881281,0.44377492811517477,0.0050123207885304655,0.22317428315412186,0.21193157986272126,0.09323973045684397,0.30003398936241865
304,11771136,593.4797645688659,40.17827299202327,18.77260589308571,265,84.375,0.765123820754717,115,0.391304347826087,0.4420872025503005,115,45,0,70,0.009751087633048883,0.44793393899453804,-0.7343419268727303,0.10714503959752619,0.214691162109375,1.4051744560711086,0.4470584803032425,0.005454009433962264,0.23204599056603772,0.21222298766952008,0.09300013171741739,0.3000347949564457
305,11800832,593.3346739659672,35.86760805698577,18.893464442924596,232,84.375,0.7564991918103449,96,0.4791666666666667,0.4457951489619371,96,46,0,50,0.0002761371433734894,0.31824505946133286,-0.7365483194589615,0.09808465832611546,0.20721435546875,1.3053269374649972,0.44216856206285543,0.0051858836206896556,0.21999595905172414,0.21249298728071153,0.09219726052833721,0.30004076892510056
306,11824640,593.08722113768,29.454733164981008,18.86285500205122,186,84.375,0.7395833333333334,88,0.375,0.4387156340657434,88,33,0,55,0.00848517370832269,0.3938994741765782,-0.7276339689269662,0.09668603661702946,0.21490478515625,1.2855118159204721,0.4665373313811518,0.006132392473118279,0.1843918010752688,0.213414732250385,0.09186661237617955,0.30004165857098997
307,11853056,592.9245198411334,34.35539463395253,18.911962262005545,222,84.375,0.7400056306306306,96,0.5104166666666666,0.4458857373258357,96,49,0,47,-0.0017089886678149924,0.32829753134865314,-0.7245023688301444,0.11575288081075996,0.245574951171875,1.2762414973694831,0.46021956057698876,0.005489864864864865,0.2633375563063063,0.21394065930508077,0.09139622846851125,0.30005044722929597
308,11878784,592.7153425904208,31.461178905912675,18.791249873000197,201,84.375,0.7576570273631841,88,0.5454545454545454,0.45584261813870663,88,48,0,40,0.004280210938304663,0.3792796032503247,-0.728689786978066,0.11163223785115406,0.255767822265625,1.297422373201698,0.4501588534359908,0.0061411691542288555,0.26072761194029853,0.21413584472611547,0.09044812503270805,0.30003500380553305
309,11905664,592.5181275134398,33.019578851992264,18.785059461952187,210,84.375,0.7464285714285714,91,0.4175824175824176,0.4520165980830777,91,38,0,53,0.005031089225667529,0.3117189472541213,-0.7355376854538918,0.0954464249080047,0.2357177734375,1.3742301212623715,0.4580163545551754,0.005133928571428571,0.21897321428571428,0.21410725929308683,0.08954623097088188,0.3000320040155202
310,11934464,592.3701232410739,34.60373992100358,18.916533255018294,225,84.375,0.7426041666666666,99,0.40404040404040403,0.44721897867881033,99,40,1,58,0.00824214423482772,0.31645005132304505,-0.7281693536788225,0.09042130943271331,0.210662841796875,1.4170683263801038,0.4678079499138726,0.004756944444444445,0.19430555555555556,0.2146855415776372,0.08962240599794313,0.30001145973801613
311,11964160,592.229119389711,36.01339919806924,18.79082112107426,232,84.375,0.7313106142241379,105,0.5142857142857142,0.45392565223950077,105,54,1,50,0.018264416517922655,0.6195894400589168,-0.7201922396197915,0.0916726655268576,0.219573974609375,1.4031191058456898,0.47373574278477965,0.005152209051724138,0.21942349137931033,0.21529355563689023,0.08974366477923468,0.3000384517945349
312,11994624,592.0856979205612,37.37599517509807,18.829225820023566,238,84.375,0.7387079831932774,112,0.5,0.4585330870155507,112,56,0,56,0.0038756054527766537,0.4858108799671754,-0.7162447469308972,0.0937620846380014,0.20306396484375,1.4457972776144743,0.4672177668128695,0.005284926470588236,0.26378676470588236,0.215973102604039,0.0891960597364232,0.30003586458042264
313,12024320,591.9409176985397,36.125009151990525,18.894660736084916,232,84.375,0.7271686422413793,114,0.5350877192982456,0.46618855024382017,114,61,0,53,0.005560710167628713,0.6324693590868264,-0.71213991753757,0.10460426611825824,0.246551513671875,1.5675611440092325,0.4721180546129572,0.0051185344827586205,0.28141837284482757,0.21647010825108737,0.08897192479344085,0.3000365279149264
314,12054016,591.7980070363269,36.15153991500847,18.826337495003827,232,84.375,0.7557246767241379,103,0.5339805825242718,0.4729677534718653,103,55,0,48,0.0014852199747110717,0.44670685939490795,-0.7087652897462249,0.10712930397130549,0.251251220703125,1.430754686705768,0.4612090893346688,0.005152209051724138,0.26320043103448276,0.21698998182546347,0.08863661886425689,0.30005116853863
315,12086016,591.6918642107837,38.83286099799443,18.77506659796927,250,84.375,0.73359375,113,0.504424778761062,0.476113456000785,113,57,0,56,0.00993965985981049,0.5012927771313116,-0.7035573171451688,0.10882965713972226,0.24468994140625,1.4048865572549403,0.4742540272474289,0.00465625,0.27259375,0.21738760021980852,0.0887041098321788,0.30002507753670216
316,12115200,591.5327944647919,35.826979881036095,18.875406973063946,228,84.375,0.7380413925438597,105,0.49523809523809526,0.478025919924516,105,52,0,53,0.010950111911370186,0.5265304171480238,-0.7041656170040369,0.1144286728813313,0.252960205078125,1.2330475561320782,0.4605663180874105,0.005482456140350877,0.24359237938596492,0.21776664967183024,0.08806475740857422,0.30004581715911627
317,12139520,591.3125119215936,29.77365764102433,18.857414653990418,190,84.375,0.7525493421052631,88,0.6136363636363636,0.49158696429570076,88,54,0,34,0.003246128853788832,0.37371509661898017,-0.7062892680987716,0.10568667709594592,0.210540771484375,1.3492867650929838,0.4628392610110735,0.00600328947368421,0.23108552631578946,0.2183352856663987,0.08694240101613104,0.30003162869252264
318,12169216,591.1645981182237,36.394396016024984,18.862941970000975,232,84.375,0.7320851293103449,110,0.509090909090909,0.4933373587752216,110,56,0,54,-0.0008725175939616747,0.23098626034334302,-0.7096643913537264,0.11368713824776933,0.245391845703125,1.3073838925920427,0.47275196503976297,0.004916487068965517,0.2622575431034483,0.21870400139596313,0.08599378576036543,0.3000371519010514
319,12199936,591.0506777889677,36.73264798603486,18.94826405600179,240,84.375,0.7430338541666667,111,0.5045045045045045,0.4944540733481499,111,56,0,55,0.013915519080910599,0.4980082979891449,-0.7128334697335958,0.11278822412714362,0.227203369140625,1.3247970822267234,0.4614469507088264,0.0048177083333333336,0.26845703125,0.21877786493860185,0.08548634697217494,0.30003108619712293
320,12228096,590.9075671410745,33.65402228606399,18.862413415918127,220,84.375,0.7645951704545455,88,0.5681818181818182,0.5018268478315167,88,50,0,38,0.0036103603852097876,0.3838535399409011,-0.7125702528283,0.11763024318497628,0.253173828125,1.289435357786715,0.45801867571744054,0.005042613636363637,0.321484375,0.21900273207575083,0.08522539341356605,0.30004189955070615
321,12259200,590.7793869588622,38.135446609929204,18.841577841085382,243,84.375,0.7308063271604939,126,0.5555555555555556,0.5071997186039205,126,70,0,56,0.004236714536091313,0.42053803883027285,-0.713709301315248,0.11666547565255314,0.234832763671875,1.3858299390412867,0.47744378116395736,0.005529835390946502,0.27128343621399176,0.21937432861886919,0.08457015577005222,0.30005091056227684
322,12295680,590.7529035477218,43.750400463002734,18.83210485498421,285,84.375,0.7418037280701755,128,0.5078125,0.5072609967435284,128,65,0,63,0.006617443403229117,0.47627671307418495,-0.7231645928695798,0.10082238813629374,0.216827392578125,1.520585945341736,0.47323753363207766,0.005263157894736842,0.271984649122807,0.2190233104629442,0.08388160506729037,0.30003180843777955
323,12323712,590.594376521567,34.061536012915894,18.853224633960053,219,84.375,0.7398330479452054,99,0.5454545454545454,0.5110803516146302,99,54,0,45,0.0054752417527197395,0.5064807028975338,-0.7261205613613129,0.11632609087973833,0.25555419921875,1.403719870839268,0.46905681518114867,0.005101312785388128,0.2853167808219178,0.21924096648581326,0.08325286232866347,0.30004491028375924
324,12353408,590.4529749030028,36.25230259797536,18.83774101792369,232,84.375,0.7364964978448276,107,0.5794392523364486,0.517916241686812,107,62,0,46,0.00615301670768531,0.43831294495612383,-0.7232389776036143,0.11543477553641424,0.248779296875,1.3652706178836524,0.468816216521222,0.005724676724137931,0.2559603987068966,0.21998187492135912,0.08263670210726559,0.30003018537536263
325,12382080,590.2864696121868,35.35168880794663,18.83073114801664,224,84.375,0.7299107142857143,112,0.5267857142857143,0.5188031889467023,112,59,0,53,0.006477617826021742,0.4713747419882566,-0.7230821596458554,0.10172076133312657,0.2244873046875,1.5244854683987796,0.47346271986940075,0.005754743303571429,0.23154994419642858,0.22030306095257401,0.0822414267458953,0.3000382937025279
326,12410496,590.1322839243136,34.584304264048114,18.845387499895878,222,84.375,0.7479588963963963,100,0.53,0.5199228700520321,100,53,0,47,0.009903910555294715,0.4904228210216388,-0.7250514486804605,0.09446199069498107,0.21636962890625,1.5996848898939788,0.4659433246732832,0.005736204954954955,0.22015765765765766,0.2202389530139044,0.08209778548916802,0.30003282078541815
327,12440192,590.0080344709788,35.81496926897671,18.840203194064088,232,84.375,0.7324555495689655,115,0.5391304347826087,0.5218436265250898,115,62,0,53,0.002650850932695903,0.4115791692165658,-0.7245928384363651,0.10701106145279482,0.22088623046875,1.4436316057108343,0.46116205343398553,0.005455280172413793,0.29997306034482757,0.22058405552525073,0.0817204833147116,0.3000452369451523
328,12470272,589.888962847931,36.357082904083654,18.781081732013263,235,84.375,0.7441489361702127,99,0.5656565656565656,0.5262249204382373,99,56,0,43,0.0072016232916212175,0.5688116038218141,-0.731772406026721,0.09791594560374506,0.220703125,1.521284055430442,0.4699346593085756,0.0050531914893617025,0.24305186170212767,0.2204002229264006,0.08110029483214021,0.29986219527199864
329,12499968,589.7534570669113,36.2187503479654,18.884519931976683,232,84.375,0.7401333512931034,111,0.4594594594594595,0.5195483743403595,111,51,0,60,0.008290144436614355,0.47310820943675935,-0.7300006421282887,0.11052675981773064,0.23419189453125,1.5271653388626873,0.470548525966447,0.005589978448275862,0.2943494073275862,0.22046723368111998,0.08123824931681156,0.30001795175485313
330,12528256,589.5999434082846,34.4460851700278,18.8204477209365,221,84.375,0.7357890271493213,102,0.6666666666666666,0.5342602035729902,102,68,0,34,0.009927393366524484,0.5808033451903611,-0.7288980018347502,0.11983233055798337,0.252197265625,1.485901068430394,0.47730689310380237,0.005090497737556561,0.2715639140271493,0.22060179302934557,0.08120566920842975,0.3000346343033016
331,12559616,589.4871244230858,38.238354551023804,18.80425054091029,245,84.375,0.7182397959183674,117,0.5299145299145299,0.5338256362071442,117,62,0,55,0.006485341687948676,0.4397908713435754,-0.7288580443710089,0.1061106186825782,0.2327880859375,1.5932814246043563,0.4885903961804448,0.00545280612244898,0.24043367346938777,0.22110091196373105,0.08060158626176417,0.30002612341195345
332,12594176,589.4450948835695,41.18327635899186,18.865291429916397,270,84.375,0.7446180555555556,130,0.5538461538461539,0.5358276879710452,130,72,0,58,0.007844235369702801,0.546659953892231,-0.7287900131195784,0.10541600297437981,0.2288818359375,1.470319194253534,0.4644550313552221,0.005555555555555556,0.2427951388888889,0.22170177893713117,0.07990528497612104,0.30004834942519665
333,12623232,589.307587572089,35.29500595398713,18.889695042045787,227,84.375,0.7501376651982379,101,0.5544554455445545,0.5376904637283961,101,56,0,45,0.008763156500208424,0.39916156383696944,-0.7261245613917708,0.09442695276811719,0.2235107421875,1.5199795179069042,0.46286959585114196,0.005781938325991189,0.24741877753303965,0.2222617887891829,0.07954919524490833,0.3000102103687823
334,12659584,589.2971408387876,43.03070653800387,18.822156204027124,284,84.375,0.7525308098591549,120,0.5833333333333334,0.5422547506888898,120,70,0,50,0.0068817429746559355,0.41829689720179886,-0.7220462393015623,0.09601144172484055,0.228240966796875,1.5650655087083578,0.46401654278308574,0.005721830985915493,0.24766175176056338,0.22302796423900872,0.07912313792621717,0.30003788182511926
335,12689408,589.1504494769073,36.956478751963004,18.82310623594094,233,84.375,0.7298819742489271,123,0.4796747967479675,0.5359967552947976,123,59,0,64,0.006606774466490606,0.41219375538639724,-0.726625693961978,0.08065192605135962,0.20794677734375,1.5484933154657483,0.47492038257132274,0.005834227467811159,0.20054318669527896,0.22348073474131525,0.0781146680819802,0.3000063840299845
336,12724736,589.1083247679242,42.57148826099001,18.80530438607093,276,84.375,0.7453577898550725,123,0.5121951219512195,0.5336165919604399,123,63,0,61,-0.004435652914253296,0.4266856111353263,-0.7323022410273552,0.088716122234473,0.209747314453125,1.7154755182564259,0.47343529836423154,0.005378170289855072,0.22418478260869565,0.2237565186806023,0.07722451345762238,0.3000289637129754
337,12748288,588.9102276556463,28.241522670025006,18.896382360020652,184,84.375,0.7604025135869565,69,0.4492753623188406,0.52518246899628,69,31,0,38,-0.003051981155294925,0.2049949467764236,-0.7324235262349248,0.09879437272320502,0.22442626953125,1.6657732990570366,0.4709262345796046,0.005307404891304348,0.22316576086956522,0.22408769757021219,0.07685965858399868,0.3000284777954221
338,12784384,588.8961589372557,42.76890375302173,18.828998474986292,282,84.375,0.7627160904255319,129,0.46511627906976744,0.5191758500036288,129,60,0,69,0.012454978441382991,0.4312178815016523,-0.7354658227413893,0.09739294648170471,0.253570556640625,1.7185406843200326,0.4683042716049979,0.005540780141843972,0.23384862588652483,0.22409265581518412,0.07653368468163535,0.30000653653405607
339,12812416,588.7360217379471,34.56151524896268,18.851487959967926,219,84.375,0.7290239726027398,103,0.4368932038834951,0.5109475853916154,103,45,0,58,0.004521409391600173,0.3106411239132285,-0.7413421422243118,0.10715692158555612,0.24957275390625,1.7886912347748876,0.48499978459589016,0.004815924657534247,0.2622003424657534,0.22368369484320283,0.07636301626916975,0.3000393423717469
340,12851584,588.7826023980324,45.82838738593273,18.8440900380956,306,84.375,0.7429789624183006,139,0.5323741007194245,0.5130902369243964,139,74,0,65,0.009295514228142565,0.40384466014802456,-0.7449491815641522,0.10524838347919285,0.23321533203125,1.6932581239379942,0.4685805126342898,0.005284926470588236,0.23371119281045752,0.22340313659515232,0.07629000296583399,0.3000427682418376
341,12888064,588.7512587028073,44.13244604400825,18.80398011591751,285,84.375,0.7279879385964912,142,0.5140845070422535,0.5131896639361821,142,73,0,69,0.005794783799501602,0.38315809494815767,-0.7418899917975068,0.10903328756103292,0.236297607421875,1.6766651337966323,0.48804089688418206,0.004934210526315789,0.22195723684210528,0.22383689356502146,0.07615592668298632,0.3000276240054518
342,12918656,588.6255739756875,37.391263091005385,18.89488350204192,239,84.375,0.7442468619246861,98,0.5204081632653061,0.5139115138690945,98,51,0,47,0.01031800092823687,0.4355144201545045,-0.7320186840370297,0.10712235933169723,0.231414794921875,1.4680279567837715,0.47840379845647135,0.005164748953974895,0.23120423640167365,0.22470109211280942,0.07626729528419673,0.30002766638062894
343,12942208,588.4197036366473,28.77650859602727,18.75783808599226,184,84.375,0.7365828804347826,86,0.4418604651162791,0.506706408993813,86,38,0,48,0.0006634368692175485,0.366936806589365,-0.7228335412219167,0.11809854413149878,0.251739501953125,1.5511556444689631,0.4908013573807219,0.005689538043478261,0.20843240489130435,0.2254001279361546,0.07650167035171762,0.3000455475412309
344,12971904,588.2834359412802,36.516890197061,18.891474429983646,232,84.375,0.7312769396551724,115,0.5130434782608696,0.5073401159205186,115,59,0,56,0.006724939230480231,0.32829518849030137,-0.7169717131182551,0.1113801221945323,0.24456787109375,1.4846887988969684,0.47734142030621396,0.005859375,0.23471174568965517,0.2253814492141828,0.07711297739297152,0.3000238216482103
345,13005952,588.2422401385544,40.448040592018515,18.839645548025146,266,84.375,0.7445077537593985,120,0.5,0.5066061043284668,120,60,0,60,0.010764338596345624,0.3467031066538766,-0.7131117209792137,0.10457517264876515,0.244873046875,1.6388754807412624,0.48957784686769756,0.005286654135338346,0.21096687030075187,0.22542551439255476,0.07747007563011721,0.3000308701302856
346,13040128,588.1957769631645,40.876475185970776,18.84546417905949,267,84.375,0.7431530898876404,116,0.5344827586206896,0.509393769757689,116,62,0,54,0.0054961320565780625,0.4792493423447013,-0.7135037323459983,0.1082597101922147,0.228973388671875,1.5334579534828663,0.4755815499730771,0.005208333333333333,0.24084152621722846,0.22570172359701246,0.07714125071652234,0.3000329073984176
347,13069696,588.0752072707339,35.817023588111624,18.80040191602893,231,84.375,0.7398877164502164,114,0.4473684210526316,0.5031912348871833,114,51,0,63,-0.0030319000798044726,0.4577569511020556,-0.7191814007237554,0.12312159599969164,0.264251708984375,1.551498725079,0.4848147847435691,0.006053841991341991,0.22253787878787878,0.2255710856989026,0.07669004186755046,0.30004697921685874
348,13099648,587.9630872279477,36.24521411000751,18.813252832973376,234,84.375,0.7429553952991453,102,0.5392156862745098,0.506793680025916,102,55,0,47,0.004458770257770084,0.37648191675543785,-0.7264659367501736,0.11179695965256542,0.24786376953125,1.635150933638215,0.47823374329978585,0.005174946581196581,0.26525774572649574,0.2253864953527227,0.07612450583837926,0.3000343346502632
349,13127296,587.8072518214192,33.89431931602303,18.909198813023977,216,84.375,0.7601996527777778,98,0.42857142857142855,0.49897145488046724,98,42,0,56,0.01043582399506704,0.3369001466780901,-0.7329754242673516,0.0959141050989274,0.244720458984375,1.655088432598859,0.467464254686126,0.005135995370370371,0.2426215277777778,0.22522460739128292,0.07563462591497228,0.3000307970214635
350,13153792,587.6429497823729,32.33316778205335,18.890002456028014,207,84.375,0.7427158816425121,86,0.5697674418604651,0.506051053578467,86,49,0,37,0.00822119097574614,0.38320718007162213,-0.7359267361462116,0.10353810005472042,0.22149658203125,1.578177944291383,0.4739426833707929,0.005623490338164251,0.23490338164251207,0.2251528447959572,0.07540993217844516,0.30004248418845236
351,13184000,587.5204717397868,37.09326301503461,18.8034402980702,236,84.375,0.7468551377118644,112,0.44642857142857145,0.5000888053634774,112,50,0,62,0.005215537845288054,0.28828862524824217,-0.7389374719932675,0.09183294308604673,0.20867919921875,1.6481206994503736,0.4814429353859465,0.005495233050847458,0.2008739406779661,0.22506683494430035,0.07519997231429443,0.30004968866705894
352,13216128,587.4257839069662,39.28508546098601,18.90745381906163,251,84.375,0.7183453685258964,118,0.5084745762711864,0.5009273824542484,118,60,1,57,0.0027326918570906855,0.43282605323474854,-0.736574923619628,0.09645016572903842,0.225372314453125,1.8626950313337147,0.49139128678823374,0.005913844621513944,0.22288969123505975,0.22512518579605967,0.07537259045056999,0.3000304165761918
353,13245440,587.3138486230152,35.14810683298856,18.871778661035933,229,84.375,0.7525927947598253,107,0.5046728971962616,0.5013019339284497,107,54,0,53,0.005377196604968049,0.4135423598345369,-0.7449930403381586,0.10920302465092391,0.242462158203125,1.459274662192911,0.47608365007883596,0.005185589519650655,0.2769173034934498,0.2249326886376366,0.07472090632654727,0.3000527077820152
354,13274880,587.1885298674625,36.00921452709008,18.820847228053026,230,84.375,0.7243885869565218,109,0.5688073394495413,0.5080524744805588,109,62,0,47,0.008817468646157067,0.4521448890445754,-0.7627414930611849,0.10695467761252075,0.22955322265625,1.670158380176872,0.48179460504780647,0.0059103260869565214,0.23101222826086956,0.22431784472428262,0.0735606430680491,0.29999915533699095
355,13304192,587.0562638798052,36.126087235054,18.767800756031647,229,84.375,0.7388100436681223,106,0.4528301886792453,0.5025302459004275,106,48,0,58,0.007744446051219711,0.48494502902030945,-0.7723091887310147,0.10420836706180125,0.21728515625,1.5338341477327049,0.4841495153685324,0.005799672489082969,0.22983760917030568,0.22404222877230495,0.07290657563135028,0.2999603820499033
356,13340544,587.0332346663978,43.83976583904587,18.86381290992722,284,84.375,0.708709286971831,147,0.6054421768707483,0.5128214389974596,147,89,0,58,0.010938442981569096,0.5657975762151182,-0.7743424670770764,0.12074927176581696,0.2606201171875,1.5427340944297612,0.4919412314472064,0.005254181338028169,0.29354643485915494,0.2242141334572807,0.07256991503527388,0.3000542032532394
357,13370240,586.927999451715,35.66629757604096,18.880535156000406,232,84.375,0.7468682650862069,110,0.5909090909090909,0.5206302041886227,110,65,0,45,0.002399326185695827,0.45112688443623483,-0.7787029771134257,0.09441248036455363,0.21246337890625,1.5166681841947138,0.4737726542456397,0.006196120689655173,0.2357893318965517,0.2240694174543023,0.07227695360779762,0.30003300169482827
358,13399808,586.8076069083171,36.137345971073955,18.79596201388631,231,84.375,0.7102949134199135,112,0.5625,0.5248171837697605,112,63,0,49,0.0019352449744474143,0.4866905597737059,-0.7887393804267049,0.09805756655987352,0.22772216796875,1.566753575578332,0.4964466503946296,0.006358225108225108,0.23457792207792208,0.22375399305019528,0.0716073092771694,0.29994126223027706
359,13428224,586.6963572291694,33.78874258301221,18.859312328975648,222,84.375,0.7509853603603603,97,0.5463917525773195,0.5269746406505165,97,53,0,44,0.0033523590573167894,0.47336156922392547,-0.7957220254465938,0.09885701953317039,0.231109619140625,1.7740697907283902,0.47454617568501484,0.005208333333333333,0.24975365990990991,0.22366899345070124,0.0710494018276222,0.30001634429208934
360,13457792,586.5888406009104,35.4603632040089,18.902901323046535,231,84.375,0.7507778679653679,103,0.5048543689320388,0.5247626134786687,103,52,0,51,5.502021303982474e-05,0.45698449190240353,-0.8003767123445868,0.10303784208372235,0.252716064453125,1.529872718732804,0.47140575861518,0.005580357142857143,0.23322510822510822,0.22356971190311015,0.07071032421663404,0.3000380056910217
361,13494016,586.5645754161015,43.68781976797618,18.871252706972882,283,84.375,0.706934628975265,144,0.5208333333333334,0.5243696854641352,144,75,0,69,0.007103592699422734,0.43885410111397505,-0.8074664073064923,0.11196144128916785,0.236053466796875,1.6039273338392377,0.49600227045507395,0.005742049469964664,0.25038648409893993,0.22331912978552282,0.07028808700852096,0.3000365507323295
362,13530112,586.5382214899026,43.587942751008086,18.87763785000425,282,84.375,0.7435449911347518,128,0.5859375,0.5305264669177217,128,75,0,54,0.006961780629353598,0.48992771678604186,-0.8143346104770899,0.10430596291553229,0.226104736328125,1.5603611748665571,0.48038590017785415,0.005402260638297873,0.2706948138297872,0.2232653929386288,0.06972094590310007,0.30004709237255156
363,13559808,586.4295144425816,35.9710321710445,18.839528954937123,232,84.375,0.7287850215517241,108,0.5555555555555556,0.533029375781505,108,60,0,48,0.003011093176610302,0.32718727667815983,-0.8220374044030905,0.10731406626291573,0.22808837890625,1.5916764019057155,0.4918387796858261,0.006128771551724138,0.25006734913793105,0.22309113992378116,0.06918559747282416,0.300059448229149
364,13593600,586.3757508781921,40.72573610499967,18.875076154014096,264,84.375,0.7494377367424242,115,0.5217391304347826,0.5319003512468328,115,60,0,55,0.00426530784170609,0.33565985050518066,-0.8275582101196051,0.12204786849906668,0.260528564453125,1.5434526856988668,0.4700964034506769,0.005237926136363636,0.2852154356060606,0.2229591152863577,0.06880671496037394,0.300048241391778
365,13627520,586.3162146571023,41.23401508794632,18.838209912995808,265,84.375,0.7242040094339622,132,0.5378787878787878,0.5324981949100283,132,71,0,61,0.005457399038277799,0.4608129048720002,-0.8330825278535485,0.12445605063112453,0.280548095703125,1.6935712343547493,0.48717632068777983,0.0064268867924528305,0.2280070754716981,0.22277263645082712,0.06846988992765546,0.3000326652545482
366,13653760,586.1656047579605,31.630147084011696,18.885877934983,205,84.375,0.747141768292683,94,0.5106382978723404,0.5303122052062594,94,48,0,46,0.001082714068616042,0.3080605122959241,-0.8356825802475214,0.11423623230075464,0.2625732421875,1.7048477693460882,0.4801797036717578,0.005830792682926829,0.23231707317073172,0.22276519518345594,0.06825495470548049,0.3000458776950836
367,13679616,585.998579794786,31.756479342933744,18.87128151510842,202,84.375,0.7542543316831684,89,0.5056179775280899,0.5278427824384425,89,45,0,44,0.0016801649398985319,0.2708054219838232,-0.8400903595611453,0.11592807323904708,0.259307861328125,1.6474838871508837,0.47329748562066865,0.005762685643564356,0.2667852722772277,0.22266426344867796,0.06795100250747055,0.30003374395892024
368,13709312,585.8890877489267,36.143882035976276,18.794483477948233,232,84.375,0.732354525862069,103,0.5048543689320388,0.5255439410878021,103,52,0,51,0.0028348580235615373,0.4321419650223106,-0.8433133903890848,0.14459959720261395,0.2877197265625,1.5980544220656157,0.47882603250187017,0.0048828125,0.31805630387931033,0.22259825665969402,0.06773145735496655,0.3000484008807689
369,13737600,585.7650604002332,34.281057522050105,18.829411145998165,221,84.375,0.746606334841629,102,0.5980392156862745,0.5327934685476493,102,61,0,41,0.012426566285284935,0.5898152468726039,-0.8492347653955221,0.11547744122799486,0.25140380859375,1.6068748869001865,0.48532466084709,0.005762160633484163,0.3017887443438914,0.2224523153854534,0.06733562046429142,0.3000395051203668
370,13766656,585.6407873073241,35.6349493189482,18.852605986990966,227,84.375,0.7480726872246696,108,0.5277777777777778,0.5322918994706621,108,57,0,51,0.0013891260423406493,0.3691884153522551,-0.8557789577171206,0.12623361096484587,0.272003173828125,1.7020055744796991,0.4751269050631754,0.0052312775330396475,0.29068006607929514,0.2223155323881656,0.06689556257333606,0.30005233199335635
371,13798016,585.5489492884951,38.2568164949771,18.855483627063222,245,84.375,0.7269451530612245,117,0.6239316239316239,0.5414558719167583,117,73,0,44,0.012064636379363947,0.4703296608058736,-0.8620637943968177,0.13424018246587366,0.263946533203125,1.5972057175822556,0.4947723059021697,0.005612244897959183,0.2861926020408163,0.22208337427582592,0.06654076121049002,0.3000261536799371
372,13831680,585.4899316622503,40.888007484027185,18.88021143199876,263,84.375,0.7238890209125475,127,0.5826771653543307,0.5455780012605155,127,74,0,53,0.010446315540320938,0.4951441768789664,-0.8638481879606843,0.11524279636796564,0.253875732421875,1.6257949876599014,0.49146233244087306,0.005465779467680608,0.2748336501901141,0.22211155004333705,0.06637819390743971,0.30003436794504523
373,13859200,585.3487721998553,33.835115395952016,18.76303159201052,215,84.375,0.7114098837209303,105,0.6190476190476191,0.5529249630392258,105,65,0,40,0.006324162597593386,0.6113620346877724,-0.8663727678358555,0.10419468220788985,0.25396728515625,1.8193086497485638,0.4982260015121726,0.005959302325581396,0.24872819767441862,0.22206157504115254,0.06619485624833032,0.3000211752951145
374,13888896,585.228514192195,36.69501477305312,18.804148536990397,232,84.375,0.7377087823275862,113,0.5398230088495575,0.551614767620259,113,61,0,52,0.007774975158099551,0.5902399171609432,-0.8687369851395488,0.09035169373964891,0.2081298828125,1.9352993611246347,0.4828622533843435,0.005960398706896552,0.22649515086206898,0.2220140912104398,0.06603685586014763,0.3000257955864072
375,13917952,585.0989007517935,35.93575434398372,18.838019210030325,227,84.375,0.7149297907488987,116,0.5775862068965517,0.5542119115478883,116,67,0,50,0.0016958241649263073,0.45414666167926043,-0.869173489511013,0.11813825211720541,0.251678466796875,1.8444647355936468,0.4882738703147955,0.0055410242290748896,0.2900605726872247,0.22202876245137304,0.0660050567239523,0.30004815477877855
376,13952896,585.0767407986041,41.57193739502691,18.83421079791151,273,84.375,0.758613782051282,117,0.5897435897435898,0.5577650793674584,117,69,0,48,0.004368034096842166,0.3921357981162146,-0.8702493933960795,0.12239035248057917,0.25323486328125,1.9150679856538773,0.4783760192411723,0.005494505494505495,0.31933951465201466,0.22199614252895117,0.06593132443958893,0.30004597594961524
377,13982208,584.9581160943462,35.81053650705144,18.900449024979025,229,84.375,0.7437568231441049,102,0.47058823529411764,0.5490473949601243,102,48,0,54,0.010074099107441725,0.3480755187338218,-0.8753708805888891,0.11180029931711033,0.260223388671875,1.9073835024610162,0.48130884545338726,0.0056632096069869,0.2347843886462882,0.22185012337286025,0.0656145989196375,0.30002748291008174
378,14009344,584.8228488857486,32.963719633058645,18.816985525074415,212,84.375,0.7661409198113207,90,0.4222222222222222,0.5363648776863341,90,38,0,52,0.010746538089733804,0.34115305123850703,-0.8801162214949727,0.10976822581142187,0.254241943359375,1.8871235782280564,0.4662410176868709,0.005269752358490566,0.2545695754716981,0.22177665308117867,0.06528409768361598,0.30003428226336837
379,14032384,584.6351914826747,28.02969303005375,18.847053079982288,180,84.375,0.7408420138888889,81,0.48148148148148145,0.5308765380658489,81,39,0,42,0.004422321893798653,0.34517406090162694,-0.8850055085495114,0.12392157735303044,0.26995849609375,1.8933900292031467,0.4739202247725593,0.006597222222222222,0.2109375,0.22166143159847707,0.06497456785291433,0.3000457058660686
380,14062080,584.5372160909382,35.779709651949815,18.917214821092784,232,84.375,0.7564991918103449,101,0.42574257425742573,0.5203631416850066,101,43,1,57,0.005413284248788841,0.3131735365604982,-0.8899169387295842,0.11547971161780879,0.262725830078125,1.7649290808476508,0.4787212799078432,0.005455280172413793,0.22117456896551724,0.22155317070428282,0.06465079198824242,0.3000213820487261
381,14091136,584.4311741222679,34.99412943806965,18.834268071106635,227,84.375,0.7697549559471366,98,0.4897959183673469,0.5173064193532407,98,48,0,50,0.0058442419503990095,0.33239556127227843,-0.8947387272492051,0.10806567914551124,0.254302978515625,1.9878422413021326,0.46367260748069195,0.006745594713656388,0.22136563876651982,0.22145360277500004,0.06433811475289986,0.3000213468912989
382,14118784,584.2974339610295,33.86471947003156,18.837389532011002,216,84.375,0.7312282986111112,108,0.4537037037037037,0.5109461477882871,108,49,0,59,0.005321690568962367,0.3545741984853521,-0.8965514963492751,0.1175956962397322,0.2520751953125,1.7795598981902003,0.4895642448078703,0.005208333333333333,0.23249421296296297,0.22135075251571834,0.06427312263986096,0.3000180411618203
383,14147584,584.1929049888959,34.722253679065034,18.790187945007347,225,84.375,0.7593055555555556,89,0.4606741573033708,0.5059189487397955,89,41,0,48,0.00044341094326227903,0.28309803671436384,-0.8946350570768118,0.12476436333963647,0.272705078125,1.768251599278301,0.4697072700659434,0.005590277777777777,0.26079861111111113,0.2214627000503242,0.06435207382310182,0.3000490446574986
384,14177280,584.1034823561349,35.60650715394877,18.828933723969385,232,84.375,0.741143588362069,105,0.4095238095238095,0.4962794348181969,105,43,1,61,0.0034551782100606943,0.3762869852944277,-0.8938208660110831,0.11207467585336417,0.268463134765625,1.865062947385013,0.486740051929293,0.005792025862068966,0.2506398168103448,0.22139573516324162,0.06446080125169829,0.29994303500279784
385,14205312,583.9841771998148,33.884385533980094,18.820465883007273,219,84.375,0.7702625570776256,92,0.4673913043478261,0.49339062177115983,92,43,0,49,0.0016274627487291582,0.4188755096402019,-0.8958318550139666,0.12106944981496781,0.27362060546875,1.8743261662311852,0.4686601276267065,0.005422374429223744,0.2707619863013699,0.221441070898436,0.06426214659586549,0.3000399221200496
386,14238720,583.930820919657,40.496371267945506,18.807991295005195,261,84.375,0.7112966954022989,128,0.546875,0.49873905959404385,128,70,0,58,0.011098686427430948,0.37249376717954874,-0.9067917298525572,0.11592651263345033,0.232269287109375,1.9187294724397361,0.5001252577907738,0.005088601532567049,0.27206058429118773,0.22119512187782675,0.06356986844912171,0.30003778962418437
387,14267776,583.825732219862,35.17274334700778,18.86309472611174,227,84.375,0.7836935572687225,91,0.46153846153846156,0.4950189997884856,91,42,0,50,-0.0036189083439239766,0.3144209162564948,-0.9099192153662443,0.13522507407469675,0.271514892578125,1.9334830455482006,0.4520450433970548,0.004921530837004405,0.3561742841409692,0.22110838571097702,0.06339699152158573,0.3000632622279227
388,14297472,583.7139481457488,36.42043223697692,18.989148429012857,232,84.375,0.737237338362069,109,0.48623853211009177,0.4941409530206462,109,53,0,56,0.010426262564578792,0.47720453096553683,-0.9118959782645106,0.12163910485105589,0.24005126953125,1.7438017930835485,0.4881029027546274,0.005455280172413793,0.2689587823275862,0.22108690289314836,0.06325593229848891,0.30005529057234526
389,14328320,583.6273557322022,37.53928487398662,18.803622984094545,241,84.375,0.7315223029045643,113,0.5398230088495575,0.4987091586035374,113,61,0,53,0.00852790007047588,0.5689974040724337,-0.9122955743223429,0.12047533172881231,0.260345458984375,1.7617041924968362,0.48527431426206563,0.0057378112033195025,0.2725298236514523,0.22109606047160923,0.06321997620398179,0.3000505513045937
390,14357504,583.5304483461108,35.084438833990134,18.899948535021394,228,84.375,0.7454769736842105,111,0.5675675675675675,0.5055949994999404,111,63,0,48,0.00426189605059335,0.35762271226849407,-0.9167455192655325,0.13179929030593485,0.278594970703125,1.8485526028089225,0.47923247241660166,0.004934210526315789,0.31075246710526316,0.22100322332698852,0.06293203757377341,0.30004949076101184
391,14387072,583.4196670184842,36.2224966220092,18.855549226980656,231,84.375,0.7369453463203464,98,0.5816326530612245,0.5131987648560687,98,57,0,41,0.007138933600799646,0.4844733502250165,-0.9224229417741299,0.14119056955678388,0.277099609375,1.8910902561619878,0.48786474990122247,0.005445075757575758,0.3003246753246753,0.2208663298515603,0.06258777331095189,0.3000383675098419
392,14422144,583.387860011282,42.18341122602578,18.947199418093078,274,84.375,0.7301836222627737,128,0.5546875,0.5173476383704618,128,71,0,57,0.006001830315653933,0.4945690914755687,-0.9248967496678233,0.13388113136170432,0.27166748046875,1.7216174826025963,0.4936561492020196,0.006329835766423358,0.2681056113138686,0.220793844666332,0.0624424719135277,0.3000175366178155
393,14457344,583.365033014897,42.286321272025816,18.827479735016823,275,84.375,0.7346306818181818,132,0.5378787878787878,0.5194007533212944,132,71,1,60,0.012913408303575125,0.42335588962305337,-0.9278028951957822,0.1317258725175634,0.267333984375,1.8262525154277682,0.48487524888732214,0.005965909090909091,0.2863068181818182,0.22076225630007684,0.06225106559577398,0.30005144281312823
394,14487040,583.2644257460133,35.9764665029943,18.86389398004394,232,84.375,0.7504377693965517,98,0.5,0.5174606779891651,98,49,0,49,0.001327984642557567,0.3244543557520956,-0.9288306552916765,0.12357247981708497,0.264373779296875,2.1364795612171292,0.47263675298670244,0.005152209051724138,0.2647494612068966,0.22074701578821987,0.06218220456503332,0.3000393328256905
395,14516736,583.163622210555,36.22212573199067,18.87757740204688,232,84.375,0.7381802262931034,111,0.4774774774774775,0.5134623579379963,111,53,2,56,0.012225075530295726,0.40965886402409524,-0.9321679901331663,0.10767978458898142,0.238037109375,1.934722367208451,0.4769220756816453,0.005657327586206897,0.23716998922413793,0.2205939027480781,0.062024627724895254,0.30001821741461754
396,14547456,583.0667316880144,37.8658298329683,18.853638074011542,240,84.375,0.7271158854166667,123,0.5609756097560976,0.5182136831198065,123,69,0,54,0.003993972710304661,0.3516597365960479,-0.9427790474146605,0.11342420993605629,0.2606201171875,2.063171412795782,0.48339149144788585,0.0060546875,0.24095052083333332,0.22014953580219299,0.06154472960042767,0.3000202951952815
397,14576256,582.9467865116316,35.530389732914045,18.90117635205388,225,84.375,0.7294097222222222,114,0.5789473684210527,0.5242870516499312,114,66,0,48,0.0015016870966064744,0.3353247515624389,-0.9461850449442863,0.13142204814357683,0.2630615234375,1.7990174456499517,0.48827793929311963,0.006111111111111111,0.2856944444444444,0.22016436117701232,0.061286419921088964,0.3000448422972113
398,14604288,582.8239060318866,34.34754129592329,18.881306697963737,219,84.375,0.7264554794520548,100,0.6,0.531858346484938,100,60,0,40,0.008604135691712145,0.500965493847616,-0.9497340554371476,0.13206535624340177,0.26947021484375,1.9885852970182896,0.4912436554148861,0.006064497716894977,0.2927368721461187,0.2202738760970533,0.06091677467338741,0.30003250972367823
399,14632448,582.7055584357776,34.28991545003373,18.833468731027097,220,84.375,0.7307528409090909,99,0.5454545454545454,0.5332179663818988,99,54,0,45,0.007520231563830748,0.311651884985622,-0.9595085931941867,0.12987979117315263,0.269378662109375,2.176139258313924,0.49155295951799916,0.005184659090909091,0.2740767045454545,0.2201116051292047,0.0603005308075808,0.3000362266320735
400,14657792,582.5469433494059,31.39879856898915,18.825400570989586,198,84.375,0.7178030303030303,105,0.6476190476190476,0.5446580745056137,105,68,0,37,0.005225212586083217,0.5818737824447453,-0.9720391845330596,0.10330559319118038,0.235931396484375,2.044067719951272,0.49176210134920445,0.006549873737373737,0.27252998737373735,0.2197527018142864,0.05962194033781998,0.3000226931180805
401,14686720,582.4421274244319,35.244900291087106,18.816690464969724,226,84.375,0.7530420353982301,102,0.5588235294117647,0.5460746199962287,102,57,0,45,0.0009618359617888927,0.4949462121585384,-0.9838122371584177,0.09850965323857963,0.223358154296875,2.1213169605471194,0.4740408728871725,0.0062569137168141595,0.246266592920354,0.2194731937488541,0.05896135451621376,0.2999892805237323
402,14716416,582.3496404823273,36.05223605397623,18.839716913062148,232,84.375,0.7117793642241379,107,0.5327102803738317,0.544738186033989,107,57,0,50,0.002525021609471878,0.2930594254867174,-0.9894167743623257,0.11659018613863736,0.26544189453125,2.1184068019501865,0.5047165918452986,0.005792025862068966,0.26478313577586204,0.21947471238672733,0.05855568341212347,0.3000264656729996
403,14752896,582.3291310915702,44.34670099301729,18.952864894992672,285,84.375,0.7286458333333333,148,0.6283783783783784,0.553102205268428,148,93,0,55,0.012170349204097874,0.5044259898131713,-0.9985633296892047,0.12980795348994434,0.261871337890625,1.9957268424332142,0.4835306353736342,0.006469298245614035,0.29024122807017544,0.21921142551582307,0.05807946971617639,0.30003078281879425
404,14782336,582.2282501767794,35.98726924706716,18.81188229995314,230,84.375,0.7166440217391304,113,0.6283185840707964,0.5606238431486649,113,71,0,43,0.01132104589487426,0.4389814098831266,-1.0131890326738358,0.1194717813632451,0.251373291015625,2.041354003828019,0.4950977360424788,0.005604619565217391,0.24976222826086958,0.2187641377095133,0.05735766977886669,0.30004716315306723
405,14811392,582.120135119702,35.605582981952466,18.810583453043364,227,84.375,0.738677037444934,109,0.6055045871559633,0.5651119175493947,109,66,0,43,0.0016883861244423315,0.3863223094958812,-1.0236732875928283,0.13673820870462805,0.267059326171875,1.8577805678360164,0.48393314591063274,0.006160517621145375,0.33528359030837,0.21846919087693095,0.056827522144885734,0.3000396862626076
406,14842880,582.0436846259246,38.37550055002794,18.827577400952578,246,84.375,0.7257367886178862,118,0.635593220338983,0.5721600478283535,118,75,0,43,0.008909861368010752,0.4032299048267305,-1.0342336045578122,0.11002043267944828,0.251739501953125,2.0564418281428516,0.4891673305897209,0.00663744918699187,0.2876969004065041,0.21790550369769335,0.05648320046020672,0.3000240162946284
407,14872576,581.9491634901077,36.25403783994261,18.80802273901645,232,84.375,0.734442349137931,115,0.5391304347826087,0.5688570865237791,115,62,0,53,-0.0010297497356077656,0.37619936978444457,-1.038506604731083,0.11851830850355327,0.256805419921875,2.4029931714758277,0.48324455975972375,0.0060950969827586205,0.27609779094827586,0.2179340508300811,0.05617463853559457,0.3000445223879069
408,14900224,581.8343546303536,33.43013404193334,18.873265467002057,216,84.375,0.7405237268518519,93,0.5591397849462365,0.5678853563660249,93,52,0,42,0.0029712931464018766,0.4560588232707232,-1.0374152334406972,0.11733500071568415,0.2581787109375,1.9678201680071652,0.48000812323557007,0.00535300925925926,0.29293258101851855,0.21850962250027806,0.0558525258093141,0.3000359928701073
409,14928896,581.7081106330373,35.81262063898612,18.86414409300778,224,84.375,0.7039620535714286,124,0.6048387096774194,0.5715806916971643,124,75,0,49,0.0018318198781344108,0.4295411415514536,-1.0430107722058892,0.12498241808498278,0.2652587890625,2.2604953297413886,0.4898422331150089,0.005092075892857143,0.3151157924107143,0.21850822435226291,0.05546841421164572,0.3000391598325223
410,14958592,581.6191787266561,36.04248502897099,18.834938824991696,232,84.375,0.7467672413793104,106,0.6415094339622641,0.5785735659236743,106,68,0,38,0.010510571781196631,0.6050711320713162,-1.0503836749121547,0.12696340749971569,0.256195068359375,2.058587388135493,0.4866050160650549,0.005421605603448276,0.3165072737068966,0.21837803476955742,0.055061683524399996,0.30005038157105446
411,14989056,581.5340357069629,37.12613468396012,18.855960991000757,238,84.375,0.7199317226890757,116,0.5689655172413793,0.5776127610554447,116,66,0,50,0.0011966545280301943,0.5221598973730579,-1.0563330259174109,0.11716386873740703,0.22821044921875,2.0959958652965724,0.49536533653736115,0.00548188025210084,0.29966517857142855,0.21826273878104985,0.05473545959102921,0.300037135835737
412,15018752,581.4368455074517,36.44980390695855,18.826823897077702,232,84.375,0.7348127693965517,105,0.5523809523809524,0.5750895801879954,105,58,0,47,0.0045693050014961045,0.3988568293862045,-1.0651621911674738,0.1260286676697433,0.27191162109375,2.045659578870982,0.4896777556117239,0.0056236530172413795,0.3028353987068966,0.21810520708095282,0.054252659931080416,0.3000406336504966
413,15048448,581.3450403478221,36.09139578801114,18.863906833925284,232,84.375,0.7361260775862069,107,0.5607476635514018,0.5736553885243361,107,60,0,47,0.008701046856003813,0.36011112038977444,-1.071366786956787,0.12812378932721913,0.263824462890625,2.276041157077998,0.4855997834740014,0.004950161637931034,0.3011179956896552,0.217988368938677,0.05391976481769234,0.3000330217182636
414,15080576,581.2802156026443,39.204767521936446,18.80819713906385,251,84.375,0.7237923306772909,121,0.628099173553719,0.5790997670272744,121,76,0,45,0.004347570131358225,0.6013180215377361,-1.0768132274970412,0.13679761812090874,0.2962646484375,2.2943209214136004,0.49071140581393147,0.005322460159362549,0.31635956175298807,0.21781241602730006,0.05367254395969212,0.3000325430184603
415,15108608,581.1734103535939,33.87614174594637,18.81223103904631,219,84.375,0.7293093607305936,108,0.5555555555555556,0.5767453458801025,108,60,0,48,0.010396521771326661,0.41128982440568507,-1.0852924035862088,0.12998883082764223,0.281097412109375,2.1159414974972606,0.4876399055191371,0.0056720890410958905,0.27775399543379,0.21764940896537155,0.053228262200718746,0.30003766366280615
416,15138560,581.0878337468695,36.43784939905163,18.825569218955934,234,84.375,0.7330395299145299,112,0.625,0.5815708112920923,112,70,0,42,0.002412428795651067,0.39580837066750973,-1.094895264133811,0.10952033376088366,0.237213134765625,2.14586923411116,0.48900409068307304,0.006810897435897436,0.24035122863247863,0.2175125922076404,0.05269472530926578,0.3000078496988863
417,15168256,580.9898137295613,36.47655735001899,18.807660999009386,232,84.375,0.7130926724137931,111,0.5675675675675675,0.5801704869196398,111,63,0,48,0.002969113727885997,0.39399308804422617,-1.1021974636241794,0.11281961476197466,0.25811767578125,2.132431365083903,0.4919295218484155,0.006499191810344827,0.2376751077586207,0.2174172952072695,0.05229570280062035,0.3000405642669648
418,15197952,580.8880156343848,36.722783269011416,18.860777621041052,232,84.375,0.7259226831896551,119,0.6050420168067226,0.5826576399083481,119,72,0,47,0.006376275356160477,0.4179441824089736,-1.1066408101469278,0.11373147345148027,0.2637939453125,2.0924814916215837,0.4929117574517069,0.006970635775862069,0.2353515625,0.21737543435301632,0.052053132152650505,0.3000585753470659
419,15221248,580.7282298607228,28.38560391694773,18.791201684973203,182,84.375,0.7456644917582418,82,0.573170731707317,0.5817089490882449,82,47,0,35,0.008310281653393758,0.39996372361201793,-1.1123500084504485,0.10928570647956803,0.2403564453125,2.128834255505353,0.4785414405248977,0.00596668956043956,0.32160027472527475,0.21724740660283715,0.05176289941300638,0.3000329190399498
420,15250944,580.642275775311,35.90678935195319,18.89311429101508,232,84.375,0.7180091594827587,112,0.5803571428571429,0.5815737684651348,112,65,0,47,0.007050712240015855,0.4714279184117913,-1.125420463271439,0.0993081207270734,0.253173828125,2.162155474536121,0.49448455343472547,0.005859375,0.25165005387931033,0.21699782263021916,0.051101642835419625,0.30002961424179375
421,15286144,580.6190919331159,42.72644742496777,18.79714531893842,275,84.375,0.7311363636363636,134,0.6044776119402985,0.5838641528126511,134,81,0,53,0.005224056920269504,0.5005717419553548,-1.134179525077343,0.10639755387092009,0.24615478515625,2.2303690863773227,0.48857921914620833,0.006278409090909091,0.23494318181818183,0.21689021086785942,0.0506391171074938,0.3000317260157317
422,15323776,580.6347640846606,44.944565484067425,18.92616365896538,294,84.375,0.7300701530612245,147,0.5782312925170068,0.5833008667830867,147,85,0,62,0.005096359553135699,0.3944660627748817,-1.1409612139686942,0.09803467604797333,0.2437744140625,2.2502540601417422,0.48549668065139223,0.005766369047619048,0.2617984693877551,0.21678859274834394,0.050292206986341625,0.3000515946187079
423,15352448,580.542104886141,34.60496406396851,18.87255145900417,224,84.375,0.7571149553571429,87,0.5057471264367817,0.5755454927484562,87,44,0,43,-0.00185053870518459,0.3964277075137943,-1.1473823115229607,0.10234279133146629,0.25042724609375,2.6581241926178336,0.48209626600146294,0.005196707589285714,0.25010463169642855,0.216679414967075,0.049973588378634304,0.300050619058311
424,15381632,580.4331795197497,36.165756687987596,18.780461419955827,228,84.375,0.7329701206140351,121,0.5537190082644629,0.5733628443000569,121,67,0,54,0.006999947101576254,0.44296101992949843,-1.1520218756049871,0.11278086467063986,0.28509521484375,2.2564471415244043,0.4814092115613452,0.006887335526315789,0.2543516995614035,0.21657427970785648,0.049753781204344705,0.30005184770561755
425,15409920,580.3343910827198,34.22401989402715,18.812415844993666,221,84.375,0.7595446832579186,96,0.4791666666666667,0.5639432265367178,96,46,0,50,0.0007560718659078702,0.30895336251705885,-1.1584673849865794,0.10007007862441242,0.238433837890625,2.843179221265018,0.4788677461816175,0.006080316742081448,0.24031391402714933,0.21648059447761625,0.04942651133751497,0.3000275364611298
426,15438336,580.2285226804208,34.84515553701203,18.8701297090156,222,84.375,0.7205095720720721,101,0.5148514851485149,0.5590340523978976,101,52,0,49,0.008444164668617304,0.470234845764935,-1.161167318932712,0.11585074890172109,0.2564697265625,2.2697737626731396,0.4960601767441174,0.005595439189189189,0.27498592342342343,0.21643065859097987,0.04930029413662851,0.30005644517950714
427,15464192,580.0899361449077,31.963437726953998,18.854101756005548,202,84.375,0.7438892326732673,95,0.5578947368421052,0.5589201208423183,95,53,1,41,0.008766540486249141,0.572615914279595,-1.1655609048902988,0.12307576107559726,0.251190185546875,2.1878109173849225,0.4754172812889118,0.005375928217821782,0.31555538366336633,0.21636723703704774,0.04907718673348427,0.3000375689007342
428,15493504,580.0041771374431,35.37974179396406,18.881392547045834,229,84.375,0.7430062772925764,103,0.5728155339805825,0.5603096621561447,103,59,0,44,0.0002748890401562676,0.28688437095843256,-1.166298552416265,0.10542183846700937,0.2496337890625,2.46185109205544,0.48648393869920586,0.006720796943231441,0.28080649563318777,0.21637093648314476,0.04903957812348381,0.30005953274667263
429,15526784,579.9592471182063,40.49120787996799,18.82185250800103,260,84.375,0.725,128,0.578125,0.5620911959405304,128,74,0,54,0.0031784675520611927,0.41729405464138836,-1.1640270054340363,0.11926812247838825,0.264404296875,2.394772573839873,0.49547432890305154,0.005709134615384615,0.3163762019230769,0.2163910400122404,0.04915312025696039,0.30002920771948993
430,15567232,580.0142315506364,48.07905822293833,18.888319893972948,316,84.375,0.725721914556962,147,0.5510204081632653,0.5609841171628038,147,81,0,66,0.010756934563687537,0.401802527718246,-1.163193085230887,0.1152283024857752,0.26580810546875,2.4255925212055445,0.49001740937746024,0.005760482594936709,0.2755142405063291,0.2164201266132295,0.04918946107500233,0.3000491908751428
431,15595392,579.9038750158555,34.527854448067956,18.869531650911085,220,84.375,0.7471235795454545,99,0.5858585858585859,0.563471564032382,99,58,0,41,0.0043607814477582,0.4102944346377626,-1.1629926208406687,0.11568883538711816,0.260772705078125,2.271963018923998,0.47881160608746787,0.006178977272727273,0.2791193181818182,0.2164227389730513,0.04920154422870837,0.30004402226768434
432,15624960,579.810681284641,36.22174663702026,18.889380188076757,231,84.375,0.7374526515151515,115,0.6,0.5671244076291437,115,69,0,46,0.006775568679586286,0.4399128375807777,-1.1671106228604913,0.12053942092461511,0.28143310546875,2.3222684538923204,0.48258751153429863,0.006020021645021645,0.27888257575757575,0.21635276870802045,0.0489938102546148,0.3000462732743472
433,15654656,579.7207610893978,36.43116531393025,18.861057239002548,232,84.375,0.7258216594827587,110,0.5454545454545454,0.5649574214116839,110,60,0,50,0.0012051523153786547,0.29639883938943967,-1.174145644530654,0.12417656771140173,0.2589111328125,2.5155250867828727,0.4933009629362616,0.007004310344827586,0.2746161099137931,0.21623646665830165,0.04865542848710902,0.30004702415317297
434,15684224,579.6388014373712,35.80957560997922,18.869291948038153,231,84.375,0.746584145021645,101,0.5544554455445545,0.5639072238249709,101,56,0,46,0.007335219575907104,0.47926711838226765,-1.179396796040237,0.11479126440826803,0.265045166015625,2.3030894356779754,0.4855287620773563,0.006222943722943723,0.28960362554112556,0.21614244359079748,0.04839945040293969,0.3000333134550601
435,15713920,579.5623420065411,35.59127932495903,18.943234622012824,232,84.375,0.730401400862069,107,0.5794392523364486,0.5654604266761187,107,62,0,45,0.009397794334290666,0.49663111194968224,-1.183637611567974,0.12048099911771715,0.2625732421875,2.3543559391982853,0.4914678252976516,0.005724676724137931,0.2884226831896552,0.2160928538069129,0.04819364787545055,0.30005053244531155
436,15747072,579.5104294666424,40.63148828991689,18.865618715062737,259,84.375,0.702823359073359,142,0.5985915492957746,0.5687735389380844,142,85,0,57,0.010449107183376327,0.49411512329243124,-1.1892066653817892,0.12427683075657114,0.24871826171875,2.2226149891503155,0.5083793301609952,0.0053993725868725865,0.26942567567567566,0.21598074678331614,0.04792957959580235,0.3000316561665386
437,15775616,579.414969566948,34.642858115024865,18.899162910995074,223,84.375,0.757251961883408,95,0.7052631578947368,0.5824225008337496,95,67,0,28,0.001918391208164394,0.37381599890068173,-1.1962402751669288,0.11161311325849965,0.231201171875,2.39498506905511,0.4838413451819142,0.006130885650224216,0.3068946188340807,0.21588522929232568,0.04758927447255701,0.30005748895928264
438,15811072,579.400408615495,42.893655683030374,18.866703019011766,277,84.375,0.7242215703971119,137,0.5401459854014599,0.5781948492905207,137,74,0,63,0.010098140344780404,0.6033966788090765,-1.2057731514796615,0.1308054404798895,0.293731689453125,2.2070000343956053,0.5021917680110312,0.006092057761732852,0.3063515342960289,0.21573856566101313,0.04713802662445232,0.3000653095077723
439,15844864,579.3765893435389,40.446256899042055,18.876468288945034,264,84.375,0.7323035037878788,124,0.5725806451612904,0.5776334288775976,124,71,0,53,0.004494766762945801,0.5018572402186692,-1.2098350152373314,0.12330853985622525,0.280120849609375,2.3267288180068135,0.4985842210325328,0.006096117424242424,0.30705492424242425,0.21566567686386406,0.04695408311090432,0.3000530395656824
440,15870464,579.2409399227727,31.558221201994456,18.93220228597056,200,84.375,0.7392578125,94,0.5531914893617021,0.575189234926008,94,52,0,42,0.007227368500025477,0.4578971841838211,-1.2089085523039103,0.1251359746675007,0.266143798828125,2.3357420000247657,0.4826915600895882,0.0051953125,0.31234375,0.21569989796262234,0.04699181840987876,0.3000654971692711
441,15895424,579.1227951509105,29.74218847800512,18.819534911075607,195,84.375,0.7560496794871795,87,0.5172413793103449,0.5693944493644417,87,45,0,42,-0.00015712819003965706,0.36320527573116124,-1.2085098214447498,0.1267213763203472,0.269683837890625,2.333543075248599,0.486064598040703,0.005408653846153846,0.3326923076923077,0.2156493542715907,0.04703287722077221,0.30005302815698087
442,15923968,579.0229819851444,35.04492941801436,18.8778056189185,223,84.375,0.7154918721973094,114,0.543859649122807,0.5668409693402782,114,62,0,52,0.00875740187257179,0.6257474177982658,-1.2109735794365406,0.13583235361147672,0.27911376953125,2.220517977606505,0.4990553257176694,0.005255044843049328,0.3031460201793722,0.21564099413808435,0.046901482477551326,0.30004721926525235
443,15951104,578.9130669182562,33.17520117701497,18.812612726935185,212,84.375,0.7588074882075472,91,0.6263736263736264,0.572794235043613,91,57,0,34,0.002634314078022726,0.5381262181326747,-1.2129936553537846,0.13006275257794186,0.265106201171875,2.52402800321579,0.4783489813782134,0.005969929245283019,0.3077461674528302,0.21562365675345063,0.04680146902683191,0.3000451906118542
444,15980544,578.8272344908394,35.97709048097022,18.844888839987107,230,84.375,0.7270040760869565,106,0.5094339622641509,0.5664582077656668,106,54,0,52,0.0035436887155810837,0.49950805690605193,-1.2123612631112337,0.1289713776204735,0.295745849609375,2.2679595476947725,0.4910835895849311,0.005095108695652174,0.3181046195652174,0.21562941221054643,0.04682885902002454,0.30003932025283575
445,16010752,578.7364701266521,37.449790388927795,18.96194516296964,236,84.375,0.7279528601694916,118,0.5508474576271186,0.564897132751812,118,65,0,53,0.008875640269252472,0.5440198614960536,-1.2114240126684308,0.12814326689112931,0.287445068359375,2.629245097283274,0.4959960538199392,0.005793167372881356,0.2890625,0.21564396552275866,0.046876137057552114,0.30004214448854327
446,16039296,578.6369040950314,34.915118877077475,18.88106700195931,223,84.375,0.7462514013452914,101,0.5742574257425742,0.5658331620508882,101,58,0,43,0.0036675602386821993,0.4299993357853964,-1.2120324643328786,0.1412107361247763,0.29156494140625,2.4051895765587687,0.48430966088055494,0.005149943946188341,0.3386350896860987,0.21562922606244683,0.04684285350958817,0.30002997582778335
447,16071552,578.5996563175369,38.4718305519782,18.895418088999577,252,84.375,0.7611607142857143,109,0.4954128440366973,0.558791130249469,109,54,0,55,0.006060651088773739,0.4947138164425269,-1.2204266702756286,0.12482811830705032,0.280120849609375,2.5874069798737764,0.46996688890078714,0.00533234126984127,0.3214905753968254,0.21550284116528928,0.04645155573962256,0.30003660498186946
448,16101248,578.5227747464222,35.93477859697305,18.875270032905973,232,84.375,0.7293238146551724,109,0.5321100917431193,0.556123026398834,109,58,0,51,0.011859577218274353,0.5509932111017406,-1.2268067309632897,0.11670966283418238,0.2476806640625,2.3426900850608945,0.48487065115879324,0.005421605603448276,0.2855603448275862,0.21530275838449597,0.04621009706170298,0.3000440541654825
449,16135168,578.4965428629018,40.96437342604622,18.80068719002884,265,84.375,0.7479363207547169,120,0.5333333333333333,0.553844057092284,120,64,0,56,0.011444788076914847,0.44329618208575994,-1.230677753686905,0.10152355334139429,0.237548828125,2.7310159145854414,0.47169279512369405,0.005778301886792452,0.251061320754717,0.2152810008265078,0.046009068202693015,0.3000249892938882
450,16163840,578.4185296626055,34.284105148981325,18.913144235964864,224,84.375,0.7247488839285714,111,0.5315315315315315,0.5516128045362088,111,59,0,52,0.009929608218953945,0.5119766537100077,-1.2329998360946774,0.1071249641245231,0.242523193359375,2.5275134071707726,0.4886841559782624,0.006103515625,0.26858956473214285,0.21530940395314246,0.04587465157965198,0.30004026577807963
451,16190720,578.3147892370793,32.39658355002757,18.855175139033236,210,84.375,0.75546875,87,0.5517241379310345,0.5516239378756913,87,48,0,39,0.0025670267968962435,0.3855614784406498,-1.2356425831094384,0.11021601065294817,0.294708251953125,2.496639771386981,0.4808806715976624,0.006063988095238095,0.2615327380952381,0.2151624789694324,0.045807029120624065,0.30004589655436575
452,16220416,578.2319358475742,36.292038417072035,18.846600182005204,232,84.375,0.7065934806034483,127,0.5984251968503937,0.5563040637731616,127,76,0,51,0.010367234754085075,0.5855421484448016,-1.2386904433369637,0.12220921111293137,0.24932861328125,2.547651704400778,0.5010392795605906,0.0055563038793103444,0.32947198275862066,0.21516959776636213,0.045639460149686784,0.30004764860495925
453,16253696,578.1977657281349,40.16812461800873,18.93643440201413,260,84.375,0.7243389423076924,125,0.656,0.5662736573958455,125,82,0,43,0.000998882322164718,0.3067560567287728,-1.2363514509052038,0.13395785563625395,0.28240966796875,2.4930222425609827,0.48847341480163425,0.006189903846153846,0.30321514423076923,0.21526121790520847,0.045725816540652886,0.3000599171500653
454,16282880,578.1148885776595,35.646987200016156,18.756723075988702,228,84.375,0.7268023574561403,114,0.7017543859649122,0.5798217302527522,114,80,0,35,0.012412615535140503,0.47189803200308233,-1.2356951450929046,0.13122362334979698,0.260711669921875,2.3003443963825703,0.49412859283518373,0.006099232456140351,0.2934141995614035,0.2152172481874004,0.04577442794106901,0.30004388955421746
455,16317312,578.0866414573279,41.847269671969116,18.866525811958127,269,84.375,0.7367565055762082,119,0.5714285714285714,0.5789824143703342,119,68,0,51,0.007637687500391621,0.34020523610524833,-1.2332700183615088,0.11831138032721356,0.280731201171875,2.637684281449765,0.4846063593063213,0.005924721189591078,0.26365009293680297,0.21528237138409168,0.04587194594205357,0.3000309527851641
456,16342016,577.9522942105652,30.34155561600346,18.86225438991096,193,84.375,0.7351441062176166,94,0.5,0.5710841729333007,94,47,0,47,-0.0006001224464853294,0.3632761174812913,-1.2387724556028843,0.11982362874550745,0.263946533203125,2.4500630777329206,0.4911188229995688,0.005909974093264249,0.26392487046632124,0.215220429119654,0.04560472382581793,0.3000353705137968
457,16371712,577.8758749634266,36.08671996393241,18.8956224930007,232,84.375,0.7220837823275862,116,0.6206896551724138,0.5760447211572121,116,72,0,44,0.010948848659609212,0.5075196018442512,-1.2493334896862507,0.12663009599782526,0.277313232421875,2.8114118641242385,0.48160518564540766,0.007004310344827586,0.2814857219827586,0.21505499118939042,0.045132135681342334,0.30004538409411907
458,16401408,577.7951028680679,36.29877875302918,18.820529274991713,232,84.375,0.7238011853448276,116,0.6120689655172413,0.5796471455932151,116,71,0,45,0.006724447423039237,0.3716678833588958,-1.255516529083252,0.10623679001582786,0.23687744140625,2.7461493206210434,0.49631663129247466,0.006701239224137931,0.27262931034482757,0.21487384859938174,0.044896997103933245,0.3000459417235106
459,16432896,577.7381283856658,38.30325609794818,18.88257826503832,246,84.375,0.7076346544715447,123,0.6422764227642277,0.5859100733103163,123,79,0,44,0.006576038576895371,0.49428093642927706,-1.2639331677928567,0.10430299694417045,0.248291015625,2.629394033923745,0.5064678021320482,0.006510416666666667,0.2923018292682927,0.21474684751592577,0.04452607993152924,0.3000556018669158
460,16459520,577.6137601340374,32.99062016804237,18.90912256296724,208,84.375,0.7155573918269231,105,0.6190476190476191,0.5892238278840466,105,65,0,40,0.005091492086648941,0.5486688303062692,-1.2674610000103712,0.10788876697188243,0.243927001953125,2.8715044083073735,0.499618693613089,0.007624699519230769,0.2882737379807692,0.21477259160019457,0.044323102687485516,0.30001642112620175
461,16495744,577.6150420180828,43.50661237805616,18.893134178011678,283,84.375,0.7244092314487632,135,0.6,0.5903014450956419,135,81,0,54,0.007577662356197834,0.4591000659856945,-1.2713916385546327,0.10340197040932253,0.2525634765625,2.9055928238667548,0.48472499647325845,0.0059076855123674915,0.27114620141342755,0.2144421071279794,0.04429348136181943,0.3000383779872209
462,16525440,577.5288214934568,36.61092661891598,18.83580505102873,232,84.375,0.7154498922413793,115,0.6260869565217392,0.5938799962382516,115,72,0,43,0.0026078043301822618,0.4441121395211667,-1.2690637689083815,0.11782442562980577,0.265472412109375,2.852470071054995,0.4935352026388563,0.00622979525862069,0.3101427801724138,0.2146362232742831,0.044315077422652394,0.30003307829611003
463,16561664,577.5142794698805,44.50204223196488,18.77362190897111,283,63.28125,0.7096952296819788,148,0.6891891891891891,0.6034109155333454,148,102,0,47,0.004219588641717564,0.5728220958262682,-1.2746293200179935,0.11222166096558794,0.260833740234375,2.7522877417504787,0.5007318482592754,0.006515017667844523,0.31034673144876324,0.21445353771559894,0.04411446242011152,0.3000336126424372
464,16590464,577.4357220847295,34.80736881203484,18.84335236204788,225,63.28125,0.7788888888888889,107,0.6261682242990654,0.6056866464099173,107,67,0,40,0.004730668239062652,0.5119693753076717,-1.2820257367566228,0.10548311966704205,0.282623291015625,2.8611905006691813,0.46669318305121527,0.007361111111111111,0.2888541666666667,0.21427413786295801,0.043831607792526484,0.30003639310598373
465,16614784,577.3113373272214,29.332151634036563,18.848514984943904,190,63.28125,0.8081825657894737,80,0.475,0.5926179817689256,80,38,0,42,0.010198767609836068,0.4302853010594845,-1.2807879354804754,0.07601175626041368,0.2349853515625,3.3524203933775425,0.4544127418806678,0.007360197368421053,0.20065789473684212,0.21458987635560334,0.043733880593208596,0.300035139080137
466,16635008,577.1353720610268,24.79225061298348,18.910641454043798,158,63.28125,0.7986056170886076,67,0.417910447761194,0.5751472283681524,67,28,1,39,0.012711576655419776,0.2972075114957988,-1.2831517532467842,0.07857196344411932,0.239044189453125,4.456223065964878,0.4650641010154652,0.0083564082278481,0.16529865506329114,0.21453286265023053,0.04363825562177226,0.3000158404465765
467,16657792,576.9882774212041,27.78978998097591,18.9356917940313,178,63.28125,0.7931443117977528,83,0.4578313253012048,0.5634156380614576,83,38,0,45,-0.0017670370143605396,0.2458239882835187,-1.2839574636891484,0.09727732336614281,0.242279052734375,3.1254835641011596,0.4614266260956111,0.007022471910112359,0.16156074438202248,0.21452590997796506,0.04360430937958881,0.3000429351814091
468,16681216,576.8478791401578,28.53261769900564,18.911452105036005,183,63.28125,0.8069928278688525,78,0.41025641025641024,0.5480997152809528,78,32,0,46,0.0045228258404677035,0.20902580814436078,-1.292094873264432,0.12384605430997908,0.277130126953125,3.0695888455957174,0.4497263040698943,0.008282103825136613,0.14510758196721313,0.21422633866313845,0.04333407402737066,0.300016675144434
469,16704768,576.709321749266,28.762709488975815,18.882845718995668,184,63.28125,0.7895720108695652,90,0.4666666666666667,0.5399564104195242,90,42,0,48,0.0018473087293386925,0.22447388543514535,-1.3040316319093108,0.12692938663531095,0.2806396484375,3.313455698080361,0.4626812793962333,0.007685122282608696,0.19314707880434784,0.21395037160255015,0.04287560275406577,0.3000276437960565
470,16729088,576.5743105668284,29.830623852903955,18.86806826898828,190,63.28125,0.7819490131578948,88,0.5227272727272727,0.5382334966502991,88,46,0,42,0.0060767944596591406,0.29742420150432736,-1.3060165783390403,0.12319864926394075,0.294708251953125,3.0578538049012423,0.4723467790766766,0.008305921052631579,0.18055098684210527,0.2141200810438022,0.04269541471148841,0.3000241690315306
471,16751872,576.4355987725606,27.476784685975872,18.787973923957907,178,63.28125,0.812938904494382,75,0.4533333333333333,0.5297434803186025,75,34,0,41,0.0024535443335480522,0.2711538976873271,-1.3070175219327211,0.13788009947165847,0.298004150390625,2.918494517914951,0.4550750265630443,0.006539676966292135,0.18609550561797752,0.21420582139398903,0.04260414410964586,0.300041732378304
472,16774272,576.2908227685093,26.89372955809813,18.928548065014184,175,63.28125,0.8117857142857143,74,0.35135135135135137,0.5119042674218774,74,26,0,48,-0.00025447936059208587,0.16760065633570775,-1.3072250178083777,0.10696284775622189,0.2469482421875,3.2471368052065372,0.4459951557431902,0.007098214285714286,0.16379464285714285,0.21414044150151312,0.04262584011303261,0.3000316440593451
473,16797568,576.1565756966186,28.209969357936643,18.897461499087512,182,63.28125,0.7814217032967034,86,0.4418604651162791,0.5048998871913176,86,38,0,48,0.008088188507826999,0.3586220204597339,-1.3093684008345008,0.10786564514273778,0.26287841796875,3.087833438999951,0.4643127061836012,0.007769574175824176,0.18028846153846154,0.21396604250185192,0.04260502307442948,0.300034920219332
474,16821248,576.023676200127,28.754669675952755,18.87702055904083,185,63.28125,0.7989864864864865,80,0.475,0.5019098984721859,80,38,0,42,0.009376508671266492,0.30949968402273953,-1.3078261548653245,0.09860086932894774,0.251861572265625,2.797080603428185,0.46218660651026544,0.008488175675675676,0.15076013513513514,0.21417081740219146,0.04258606495568529,0.3000512267462909
475,16843008,575.8650383166191,26.77281719399616,18.947708382969722,170,63.28125,0.7849264705882353,82,0.4634146341463415,0.49806037203960146,82,38,0,44,0.005924575434619328,0.1807562957110349,-1.3032681923359632,0.10714541905326769,0.255523681640625,3.055551716592163,0.4676031680668102,0.00744485294117647,0.1471047794117647,0.21424542332533747,0.04277471135719679,0.30004156404174864
476,16867328,575.7439773164344,29.377756598987617,18.875404367106967,190,63.28125,0.8013157894736842,77,0.4675324675324675,0.495007581588888,77,36,0,41,0.008484733956720447,0.4110399924684316,-1.3089872980490327,0.10239690053276718,0.21728515625,2.7991475672461092,0.46130657650922474,0.00703125,0.1451891447368421,0.2137400747742504,0.04273065738379955,0.3000319779384881
477,16894336,575.6541364828588,32.475436542066745,18.903543657972477,211,63.28125,0.8117594786729858,91,0.32967032967032966,0.4784738563970322,91,30,0,61,-0.003468279588560108,0.23679498897399753,-1.3191201174631715,0.0908930123259779,0.22967529296875,2.59681327175349,0.4442196371148548,0.007553317535545024,0.1298133886255924,0.21307714050635695,0.04256981986691244,0.30006014043465257
478,16918656,575.5255895624684,29.6904533469351,18.82370735099539,190,63.28125,0.7996710526315789,82,0.4024390243902439,0.4708703731963534,82,33,0,49,0.00853277253190754,0.29305594868492335,-1.3179962113499641,0.07472821965347975,0.218292236328125,2.6796385743655264,0.45993069880887083,0.007976973684210527,0.11299342105263158,0.21332489140331745,0.042499277828028426,0.3000357614364475
479,16942976,575.4024307553105,29.572393201990053,18.879442589939572,190,63.28125,0.7996710526315789,85,0.4117647058823529,0.46495980646495333,85,35,1,49,0.0013247569149825722,0.28404855699045584,-1.320161359384656,0.0836483501479961,0.227142333984375,2.7650597961619496,0.46684957225071755,0.008223684210526315,0.13145559210526317,0.21326187904924154,0.042412891663843766,0.2997206875588745
480,16966400,575.2741751349097,28.332466606982052,18.841162940021604,183,63.28125,0.7961492486338798,79,0.4050632911392405,0.458970154932382,79,32,0,47,-0.00017022491374518722,0.24768005142686889,-1.3171368287876248,0.09548326907679439,0.22869873046875,2.760102958418429,0.45978197097126905,0.0067879098360655735,0.18066939890710382,0.21348476223647594,0.042470685963053256,0.29993303469382226
481,16990720,575.1496150031862,29.59542476304341,18.911530506098643,190,63.28125,0.7860197368421052,91,0.4945054945054945,0.46252368888969325,91,45,0,46,0.0041287705207651015,0.39507102803327143,-1.3099305331707,0.09782719780923799,0.25885009765625,2.602853117045015,0.46491802068133103,0.007401315789473684,0.2075246710526316,0.21414437983185053,0.04249394606449641,0.300054129678756
482,17020032,575.0983732259109,34.55199724796694,18.94337888190057,229,63.28125,0.8080649563318777,95,0.45263157894736844,0.46153447789546076,95,43,0,52,-0.0007054458255879581,0.2818889506161213,-1.3165355930104852,0.077258898090804,0.23431396484375,2.800404326058924,0.4576440997519347,0.0072325327510917034,0.15464656113537117,0.21379867894575,0.04232781456084922,0.3000185233540833
483,17048832,575.035636375843,34.35781616391614,18.847801576950587,225,63.28125,0.7890625,103,0.44660194174757284,0.46004122428067196,103,46,0,57,0.0037682920628867578,0.3981976651120931,-1.321074371226132,0.0744691323779989,0.218292236328125,2.864214291796088,0.467222292025884,0.007743055555555556,0.16118055555555555,0.21368118620011955,0.04217052648891695,0.30003152834251523
484,17076480,574.9455867247772,33.77122450398747,18.84027015301399,216,63.28125,0.7820095486111112,112,0.5357142857142857,0.46760853042403333,112,60,0,52,0.00011818240272987168,0.34481742640491575,-1.3269363166764379,0.09778562869178131,0.2547607421875,2.412749594077468,0.4693845437356719,0.007776331018518518,0.17505787037037038,0.21394641941878945,0.04175583412870765,0.3000519694760442
485,17099648,574.8130678457514,28.17889439710416,18.83325854607392,181,63.28125,0.7999827348066298,75,0.5066666666666667,0.4715143440482966,75,38,0,37,0.0095362441134057,0.29775686643552035,-1.3339522201567888,0.07179753645323217,0.222503662109375,2.8115654103457928,0.46141615822828935,0.008330455801104973,0.16686809392265192,0.2138314216863364,0.041470898780971766,0.30002315412275493
486,17123840,574.7095991330896,28.302942368900403,18.925163066014647,189,63.28125,0.7989831349206349,75,0.37333333333333335,0.4616962429768003,75,28,0,47,0.003865802471409552,0.24182713584741578,-1.3316733967512846,0.08514676161576062,0.2117919921875,3.0908921868540347,0.45802700819161835,0.007605820105820105,0.18853339947089948,0.21387183270417154,0.04156351601704955,0.30003612651489675
487,17150080,574.6011048022741,32.289002912002616,18.870324274059385,205,63.28125,0.794626524390244,94,0.46808510638297873,0.46233512931741816,94,44,0,50,0.010780980810523033,0.2883647723356262,-1.3373947944492102,0.07136868906673044,0.211456298828125,2.941519871354103,0.46861539206853725,0.006935975609756098,0.1580030487804878,0.21372976386919618,0.04134584582061507,0.29998172051273286
488,17170432,574.4497199837966,24.184841582900845,18.906770274974406,159,63.28125,0.80562106918239,66,0.4393939393939394,0.4600410103250703,66,29,0,37,0.008055846999923233,0.20762112142983824,-1.3449971321970224,0.06685156977619044,0.218353271484375,3.2503843982703984,0.4723143847483509,0.0073211477987421385,0.15423545597484276,0.21346568455919623,0.04111390933394432,0.30002449080348015
489,17188480,574.2588491149633,22.310936349909753,18.94415758200921,141,63.28125,0.7908909574468085,67,0.3880597014925373,0.452842879441817,67,26,2,39,0.00393417721716105,0.24575017485767603,-1.3431241447106004,0.0828504582750611,0.2408447265625,3.0982122775167227,0.4667007965399018,0.008588209219858155,0.1853945035460993,0.21366450015921146,0.04111469539930113,0.3000431009568274
490,17212800,574.1372990546306,29.37234175298363,18.963021709001623,190,63.28125,0.7955180921052631,85,0.5882352941176471,0.4663821209094,85,50,0,35,0.005471153730468359,0.29225039202719927,-1.3497897293418646,0.08882181707303971,0.2298583984375,2.8048318596556783,0.4608489845928393,0.009046052631578948,0.19009046052631579,0.21348203450907022,0.040874488215195015,0.300007977290079
491,17236480,574.0014614290155,29.103945972048678,18.922483286936767,185,63.28125,0.7844594594594595,90,0.5,0.46974390881846,90,45,0,45,0.008956019548350014,0.3440984948538244,-1.3570433109998703,0.08393981130211614,0.220428466796875,3.0343861309811473,0.48514148174105465,0.0077280405405405405,0.17580236486486486,0.21343111793976277,0.04055656437412836,0.2999982803594321
492,17260800,573.8843652720079,29.455591410049237,18.930980290984735,190,63.28125,0.7755345394736842,97,0.6082474226804123,0.48359426020465524,97,59,0,38,-0.002340427492526942,0.35923160845413804,-1.3629253543913364,0.10697469773003832,0.24029541015625,2.8660145825706422,0.4802004592983346,0.0074424342105263155,0.23404605263157896,0.21340962627436966,0.04030124584096484,0.3000545937102288
493,17284480,573.7566468588158,28.827210747054778,18.83367946196813,185,63.28125,0.7970439189189189,82,0.6829268292682927,0.503527517111019,82,56,0,26,0.013061964244116098,0.4428419665200636,-1.3653188096359372,0.10386008385103196,0.223724365234375,2.7286001346074045,0.47335689615558935,0.007052364864864865,0.22892736486486487,0.21334877447225153,0.040214895765529945,0.30002958443947136
494,17314304,573.7059936758931,35.681840292993,18.831420884002,233,63.28125,0.769011534334764,114,0.5789473684210527,0.5110695022420223,114,66,0,48,0.0070628958637826145,0.3308778908685781,-1.3700935868546367,0.10920796572463587,0.231597900390625,2.94046705449,0.48661226776024813,0.00828192060085837,0.24466872317596566,0.2133390341186896,0.039995587838348,0.30002771131694317
495,17332096,573.5247674055255,21.67315964505542,18.78059108706657,139,63.28125,0.8189073741007195,56,0.5714285714285714,0.5171054091606773,56,32,0,25,-0.00044486634578788653,0.29633996437769383,-1.3814955474808812,0.10685254231793806,0.23309326171875,2.7081553703173995,0.4682112164634595,0.008037320143884892,0.23965827338129497,0.2131987769389525,0.03953993314644322,0.3000370026566088
496,17356416,573.4064611492375,29.55781168001704,18.980650664074346,190,63.28125,0.7904194078947369,84,0.47619047619047616,0.5130139158636572,84,40,0,44,0.013267728631035425,0.3776153464568779,-1.3907012334093451,0.09034897954552434,0.233062744140625,2.795519628096372,0.4699953336464731,0.009004934210526316,0.18499177631578947,0.21305503323674202,0.039188090042443946,0.300039914669469
497,17380736,573.2879626657761,29.650485684047453,18.908235328039154,190,63.28125,0.8011924342105263,83,0.42168674698795183,0.5038811989760866,83,35,0,48,0.009881477624730906,0.37063959217630327,-1.3940535495057702,0.09189318292192183,0.24139404296875,3.101130490656942,0.46650832530699277,0.007319078947368421,0.23013980263157896,0.213021022034809,0.039057654910720885,0.3000595055054873
498,17403776,573.1523712895449,28.37374945404008,18.88812831894029,180,63.28125,0.7754340277777778,89,0.5393258426966292,0.5074256633481409,89,48,2,39,0.008095177487120964,0.4283934880513698,-1.401730694808066,0.0836239239142742,0.211151123046875,2.673952624667436,0.47918962008423277,0.007552083333333333,0.19652777777777777,0.21293333999346942,0.03874917406938039,0.3000452637206763
499,17433472,573.0881038219799,36.04335838602856,18.92284250294324,232,63.28125,0.7892982219827587,109,0.6146788990825688,0.5181509869215837,109,67,1,41,0.006696968855976593,0.39838943479117006,-1.414309916086495,0.08620688112569042,0.233917236328125,3.3932556780055165,0.4699681992160863,0.0075767780172413795,0.2175713900862069,0.21276763977948576,0.03826613837736659,0.30003957566805184
500,17454848,572.9406359756298,26.164908126927912,18.862701307982206,167,63.28125,0.7918226047904192,80,0.5,0.5163358882294253,80,40,0,40,0.0041571309229766484,0.5365204793633893,-1.4209418129175901,0.10517397068906575,0.258514404296875,3.17096975678578,0.4728383975114651,0.006970434131736527,0.26104041916167664,0.21266843541525304,0.0380188072740566,0.300035432446748
501,17477888,572.8029910446509,28.42576716199983,18.94961870298721,180,63.28125,0.7793836805555555,87,0.6436781609195402,0.5290701154984369,87,56,0,31,0.010050856399175245,0.4639203840633854,-1.4247156344354153,0.10788751440122724,0.252716064453125,2.9934642906300724,0.4721253509322802,0.008116319444444445,0.2813802083333333,0.21263373119290918,0.037871376815019175,0.3000382645986974
502,17494144,572.5989805974342,20.118585292017087,18.878642998985015,127,63.28125,0.7882627952755905,61,0.5573770491803278,0.5319008088666259,61,34,0,27,0.004630950174032478,0.33774225472006947,-1.431634976528585,0.10003864881582558,0.247039794921875,3.2372157210484147,0.47958521462800935,0.007935531496062992,0.25867372047244097,0.2125495276413858,0.03760750518995337,0.30003128619864583
503,17518080,572.4782874943219,29.131936577963643,18.917506406083703,187,63.28125,0.7978358957219251,85,0.5294117647058824,0.5316519044505515,85,45,0,40,0.004549153571133502,0.33771059080027044,-1.4407545244321227,0.09162742458283901,0.2318115234375,3.0502558229491115,0.4651280937985303,0.008480949197860962,0.212692179144385,0.21238462114706635,0.03728551822132431,0.30003286548890173
504,17542272,572.3539488042738,29.87734458700288,18.929878785973415,189,63.28125,0.7513640873015873,103,0.5922330097087378,0.5377100149763702,103,61,0,42,0.0019246469310019165,0.3178679220145568,-1.446183318272233,0.09163770597660914,0.245758056640625,2.993862929753959,0.4982387567007983,0.006283068783068783,0.24384093915343916,0.2123465775512159,0.0370744664396625,0.30003180215135217
505,17566592,572.2401900200463,29.649675302905962,18.83966654993128,190,63.28125,0.8018503289473684,81,0.6419753086419753,0.5481365443429307,81,52,0,30,0.008442866208497435,0.43813857377972454,-1.4493499053642154,0.10985460627125576,0.263916015625,2.9542716168798506,0.4722334905674583,0.007195723684210526,0.24362664473684212,0.21232816961128265,0.03695066529326141,0.30004544369876385
506,17597312,572.1963352149227,36.999089871998876,18.919544002972543,240,63.28125,0.7888997395833334,107,0.5233644859813084,0.5456593385067685,107,56,0,51,0.015603745665430324,0.48982511775102466,-1.4495281064882874,0.0994681025040336,0.266357421875,3.401232343632728,0.47759652907649675,0.006998697916666667,0.18828125,0.2122565354220569,0.03696918181958608,0.2999890686478466
507,17625856,572.1224794822012,34.758803543052636,18.880485260975547,223,63.28125,0.7741732062780269,117,0.5897435897435898,0.5500677636304506,117,69,0,48,0.0037575326423393562,0.4339477722533047,-1.4515056917443871,0.11682862270390615,0.25689697265625,3.0160199431702495,0.4799728178389938,0.007427130044843049,0.2546244394618834,0.21231826371513307,0.0368668744340539,0.3000567762646824
508,17650176,572.0127174298436,29.424027909059078,18.87169331300538,190,63.28125,0.8010279605263158,80,0.6375,0.5588109872674055,80,51,0,29,0.012713443251413992,0.45131771662272513,-1.4618290988728404,0.09097770173684694,0.224395751953125,2.99017899017781,0.4780586457566211,0.00805921052631579,0.20785361842105263,0.21218051936011761,0.03648895243532024,0.30003852886147797
509,17675136,571.8964280186035,30.83953396999277,18.849765938008204,195,63.28125,0.7626201923076923,107,0.5327102803738317,0.5562009165780482,107,57,0,50,0.004101889848243445,0.3746159494621679,-1.4672422083094716,0.11383506003767252,0.26263427734375,3.4479021904990077,0.4934324671060611,0.0078125,0.2533653846153846,0.2121136497007683,0.03629241374437697,0.3000357660930604
510,17699456,571.7836975687366,29.654630274046212,18.865319484029897,190,63.28125,0.7874177631578947,91,0.7252747252747253,0.5731082974477159,91,66,0,25,0.008596867173764622,0.42595343000721186,-1.4765352867543697,0.10696944419760257,0.2559814453125,3.2547336742281914,0.47375170651235077,0.008963815789473684,0.23869243421052633,0.2119912593625486,0.035958312393631786,0.3000346249900758
511,17722496,571.659540091294,27.985691106063314,18.88088527903892,180,63.28125,0.7733072916666667,83,0.5903614457831325,0.5748336122812576,83,49,0,34,0.008773689849476796,0.41756433236878365,-1.4860821403563023,0.08560566630330868,0.256805419921875,3.303400733973831,0.4937935029466947,0.008550347222222223,0.18637152777777777,0.21163288597017527,0.03571352059952915,0.3000150718726218
512,17749504,571.5715637882091,33.02140539197717,18.8870485490188,211,63.28125,0.7743631516587678,112,0.6160714285714286,0.5789573939102748,112,69,0,43,0.008818466478260234,0.35832417744677514,-1.4894518619403243,0.09097968434798531,0.269439697265625,3.507488876581192,0.49153615047016413,0.008293838862559242,0.21256664691943128,0.2114568828837946,0.035651952552143484,0.30001867609098554
513,17773440,571.448618039508,29.43116655398626,18.962593958014622,187,63.28125,0.7442764037433155,97,0.6597938144329897,0.5870410359625463,97,64,0,33,0.0007176296130637638,0.35096445796079934,-1.4895707992836833,0.11676254746271297,0.25738525390625,3.2362557342275977,0.5094936808800314,0.007269385026737968,0.23955548128342247,0.21183058305177838,0.03550002843257971,0.30005330219864845
514,17798912,571.3443971112221,31.257981693022884,18.856557526043616,199,63.28125,0.7595791457286433,100,0.71,0.5993369323662916,100,71,0,30,0.01705673446849687,0.554806889500469,-1.4867602605372667,0.11667393060633913,0.278350830078125,3.56199349462986,0.49588607798269646,0.007694723618090453,0.25537845477386933,0.21186545363161713,0.03559991953079589,0.30004392354749143
515,17820288,571.1948124500133,26.462409375002608,18.89411785104312,167,47.4609375,0.7752619760479041,88,0.6136363636363636,0.6007668754932989,88,54,0,34,0.0026217043414362706,0.38863351254258305,-1.4931166088208556,0.10002495878143236,0.229400634765625,3.0031135752797127,0.48987612253177665,0.008794910179640719,0.23072604790419163,0.2115246276371181,0.03547109349165112,0.2999996882863343
516,17838336,571.0116795453015,22.561789588071406,18.9380551869981,141,47.4609375,0.8065159574468085,74,0.6351351351351351,0.6042037014574826,74,47,0,27,0.0027807105871033855,0.34044336492661387,-1.5010558934882283,0.09961976733757183,0.230255126953125,3.2882561273872852,0.47985846205806054,0.008477393617021276,0.23659131205673758,0.21155360550619662,0.03515076552866958,0.30005343235097826
517,17858560,570.8593110966079,24.636675343033858,18.867911358946003,158,47.4609375,0.8338607594936709,73,0.6575342465753424,0.6095367559692686,73,48,0,25,0.0071698633655614685,0.3582302442518994,-1.5062941955402493,0.09148775116773322,0.218170166015625,3.2462171940132976,0.462354206020319,0.00914754746835443,0.20727848101265822,0.21164443949237466,0.0349039918219205,0.30002687056548893
518,17878784,570.7125920836338,24.36860621802043,18.875681833014823,158,47.4609375,0.8505241297468354,66,0.5151515151515151,0.6000982318874932,66,34,0,32,0.003928673213522416,0.2231548402342014,-1.5069273570552468,0.08415420827805065,0.243804931640625,3.757222419138998,0.4435147324317618,0.009048655063291139,0.14947587025316456,0.21164561808109283,0.0348827394482214,0.300038683693856
519,17895680,570.5281357073267,20.806016745977104,18.830830852966756,132,47.4609375,0.8521543560606061,59,0.4406779661016949,0.5841562053089134,59,26,0,33,0.0034736265224637464,0.2715865352656692,-1.5063808904960752,0.08119764205184765,0.2239990234375,3.310562846250832,0.4463829883571827,0.009824810606060606,0.13257575757575757,0.21163755236193538,0.03490438262815587,0.3000431696418673
520,17920896,570.4400316174078,29.866005562944338,18.90815089107491,197,47.4609375,0.842480964467005,85,0.43529411764705883,0.5692699965427279,85,37,0,49,0.009125136879447382,0.24264810973545536,-1.510911880992353,0.09056787568260916,0.2418212890625,3.5098344329744577,0.4509124091736556,0.00840736040609137,0.14443210659898478,0.21158872381784022,0.03474330753670074,0.3000248931348324
521,17940736,570.2873960959472,24.03907939896453,18.898903314955533,155,47.4609375,0.8462197580645161,66,0.42424242424242425,0.5547672393126976,66,28,0,38,0.007384829954389716,0.18579144775867462,-1.5140019953250885,0.08966850570868701,0.22930908203125,3.6327150370925665,0.45319811124955456,0.009576612903225807,0.15816532258064517,0.21156328276265413,0.034635022428119555,0.30003642360679805
522,17960960,570.1384785213758,24.597795565030538,18.864106116001494,158,47.4609375,0.8517108386075949,65,0.4307692307692308,0.5423674384583509,65,28,1,36,0.00039063842996256426,0.2956963505130261,-1.5194694241508842,0.09258862119168043,0.234619140625,4.415473125874996,0.4470563689364663,0.009246439873417722,0.15224485759493672,0.21143555303569883,0.034469657053705305,0.3000512479338795
523,17980928,569.9878866116942,24.180900164996274,18.97871768695768,156,47.4609375,0.826171875,75,0.36,0.5241306946125158,75,27,0,48,0.006334320190944709,0.20893688773503527,-1.527900392189622,0.0847348979441449,0.2435302734375,3.938647534698248,0.4656342781889133,0.008964342948717948,0.1549979967948718,0.21138593752402812,0.03415974468225613,0.30003074184060097
524,17997312,569.8023720701084,19.72888416610658,18.966169046005234,128,47.4609375,0.8515625,55,0.45454545454545453,0.5171721706058097,55,25,0,30,0.002128485375578748,0.24507803691085428,-1.5392493773251772,0.07890351340756752,0.220428466796875,3.802950826473534,0.45802322612144053,0.00921630859375,0.17291259765625,0.21099089563358575,0.03387380644562654,0.30002089543268085
525,18017536,569.6656992951205,24.167227308033034,18.78711618401576,158,47.4609375,0.8404371044303798,66,0.45454545454545453,0.5109094989997741,66,30,0,36,-0.0014294202192104422,0.25293746712850407,-1.5457494687289,0.10067667020484805,0.261077880859375,3.7937683816999197,0.45015771649306335,0.0083564082278481,0.19358188291139242,0.2107034777291119,0.03373830841155723,0.30002190079540014
526,18037760,569.5180540558298,24.727402615942992,18.834705444052815,158,47.4609375,0.8259493670886076,75,0.52,0.5118185490997966,75,39,0,36,0.014015486030984903,0.40652250591665506,-1.5475385561585426,0.0859511237940751,0.217071533203125,3.2793037705123425,0.47205564738074435,0.008455300632911392,0.15664556962025317,0.21080488536972553,0.03362943808315322,0.29993518022820354
527,18057984,569.374349859967,24.280351102002896,18.903004044899717,158,47.4609375,0.842217167721519,73,0.4931506849315068,0.5099517626829676,73,36,0,37,0.007705379706749227,0.40329199214465916,-1.5484907953068614,0.0976120795821771,0.29443359375,3.1455353600904346,0.4465267918532408,0.009642009493670885,0.16875988924050633,0.21096173208206892,0.033539930649567395,0.3000270752236247
528,18078208,569.2300963209047,24.548808831023052,18.85825517505873,158,47.4609375,0.8171479430379747,79,0.5063291139240507,0.5095894978070759,79,40,0,39,0.0057498246533214115,0.33054093923419714,-1.548159602098167,0.07786328240763396,0.2159423828125,3.4849807992577553,0.45164825550363036,0.010433148734177215,0.16163963607594936,0.2110456007067114,0.03351476768148132,0.30001820088364184
529,18098176,569.0843206364573,24.234617057954893,18.858316226047464,156,47.4609375,0.8459034455128205,68,0.5294117647058824,0.5115717244969565,68,36,0,32,0.0044343569134071,0.3526470939978026,-1.5528771840035915,0.08402137056691572,0.229644775390625,3.1274350685998797,0.4515082413951556,0.010266426282051282,0.1640625,0.211067603668198,0.033335015701595694,0.30004827305674553
530,18122752,568.984134003326,29.84551727597136,18.821968242991716,192,47.4609375,0.8316243489583334,97,0.4329896907216495,0.5037135211194258,97,42,0,55,0.0022319145646179095,0.30754072387935594,-1.5595880579203367,0.07987628821865655,0.213043212890625,3.0409891749732196,0.4549782009174426,0.0101318359375,0.17671712239583334,0.21105496434029192,0.03309044646448456,0.30005226586945355
531,18142592,568.8371607284853,24.0156472340459,18.90777646296192,155,47.4609375,0.8466733870967742,60,0.5166666666666667,0.5050088356741499,60,31,0,29,0.006314369016763521,0.26521657343255356,-1.5642504831776023,0.07043537570280023,0.21099853515625,3.1191600528545678,0.46751328456786373,0.009526209677419354,0.17651209677419355,0.21099783724639565,0.03293809448950924,0.30003635212779045
532,18162816,568.6922982027392,24.635809096042067,18.944696631049737,158,47.4609375,0.8244659810126582,80,0.525,0.5070079521067349,80,42,0,38,0.003999525375547819,0.37977786967530847,-1.5656398748978972,0.09924032428534701,0.248809814453125,2.9793304787017405,0.47043937916242623,0.009246439873417722,0.21014636075949367,0.21094195707701147,0.03290753814508207,0.3000494216103107
533,18177024,568.4885019703011,17.44173528708052,18.864914230071008,111,47.4609375,0.8253800675675675,52,0.5961538461538461,0.515922541511446,52,31,0,21,0.009860442984063411,0.3565740730264224,-1.5701055796816945,0.09615059604402632,0.23187255859375,2.866294522769749,0.4778323973621334,0.008586711711711712,0.20868524774774774,0.21093253570143133,0.03274705051444471,0.30006041866727173
534,18197248,568.3402923335996,24.898094639996998,18.914994796039537,158,47.4609375,0.831339003164557,78,0.6025641025641025,0.5245866976167116,78,47,0,32,0.008885204573743977,0.3687932783504948,-1.575172052718699,0.10465809275046922,0.250732421875,3.133361576590687,0.46947946182534667,0.008801424050632911,0.21716772151898733,0.21086792077403516,0.03258285325136967,0.3000449859537184
535,18215936,568.1782636641898,23.04198825499043,18.860245471005328,146,47.4609375,0.8214362157534246,68,0.6029411764705882,0.5324221455020993,68,41,0,28,0.013437758385407506,0.35770578193478286,-1.5819943025708199,0.09052179666468874,0.247589111328125,3.1809032950550318,0.48803848905922614,0.00898972602739726,0.20221532534246575,0.21054688864387572,0.03244722471572459,0.3000343609601259
536,18236160,568.0286891350236,25.05104123603087,18.889398331055418,158,47.4609375,0.8283227848101266,80,0.6625,0.5454299309518894,80,53,0,27,0.008771773609623779,0.42163335636723787,-1.5885811792686582,0.09082073604804464,0.22686767578125,3.439611795824021,0.4636477052788191,0.00914754746835443,0.20134493670886075,0.21040667360648513,0.032260572887025774,0.30002450896427035
537,18256384,567.8750828350823,25.234988152049482,18.915840122965164,158,47.4609375,0.8177907436708861,82,0.5975609756097561,0.550643035417676,82,49,0,33,0.007256444609083701,0.3317593310493976,-1.588381857611239,0.08968891465337947,0.244659423828125,3.4735971903428435,0.49471211791793,0.008900316455696203,0.18319818037974683,0.21070683863945305,0.032163192168809474,0.3000382634345442
538,18282240,567.7877613699055,31.378855676040985,18.945812246063724,202,47.4609375,0.8008586014851485,114,0.6666666666666666,0.562245398542575,114,76,0,38,0.013006856785068521,0.4695325318025425,-1.5881231725215912,0.0970427540014498,0.240753173828125,3.5462837275117636,0.4989008724984556,0.00843131188118812,0.2098545792079208,0.21073865599464625,0.03216130056534894,0.3000386164058
539,18301952,567.636384140061,24.349915900966153,18.83949920698069,154,47.4609375,0.819145698051948,79,0.7215189873417721,0.5781727574224947,79,57,0,22,0.002531138470658334,0.4346916025970131,-1.588384561240673,0.11249874520581216,0.271728515625,3.4974834490567446,0.4653149071064862,0.008116883116883116,0.247362012987013,0.2107457087840885,0.03215287419152446,0.30005275225266814
540,18321920,567.488495500007,24.54065444902517,18.928050666931085,156,47.4609375,0.8394931891025641,66,0.5909090909090909,0.5794463907711543,66,39,1,26,0.005616429494693875,0.3818966782419011,-1.589650072157383,0.07782379418495111,0.236358642578125,3.7676173942163587,0.4672677654486436,0.007762419871794872,0.18103966346153846,0.2107067566830665,0.03211508187814616,0.30003386782482266
541,18342144,567.3372488606212,25.150482402998023,18.90013456402812,158,47.4609375,0.8268888449367089,82,0.5853658536585366,0.5800383370598925,82,48,0,34,0.013501189387170598,0.45946510252542794,-1.5928107360377908,0.09232625865843147,0.251068115234375,3.7361090797930956,0.4707016260186328,0.009938686708860759,0.2091079905063291,0.21063277393113822,0.03202722768764943,0.30002522305585444
542,18362368,567.1897817314671,24.982854192960076,18.89229284389876,158,47.4609375,0.8026107594936709,90,0.5555555555555556,0.5775900589094588,90,50,0,40,0.007566489111923147,0.39239568531047553,-1.5941674076020718,0.08329718245659024,0.2530517578125,3.854742066003382,0.5025242900923838,0.009642009493670885,0.16440862341772153,0.21065332181751728,0.03197149618063122,0.30002228752709925
543,18380800,567.0303407833259,22.46098982298281,18.91054685099516,144,47.4609375,0.8366427951388888,62,0.6935483870967742,0.5891858917281904,62,43,0,19,0.00841967761516571,0.3585375250549987,-1.5958768669515848,0.09942552706343122,0.2860107421875,4.200730006210506,0.4677633868737353,0.010362413194444444,0.20518663194444445,0.210617994540371,0.03192390556796454,0.3000298314727843
544,18400384,566.8703794738972,24.677731049014255,18.9099584199721,153,47.4609375,0.8197508169934641,83,0.5542168674698795,0.5856889893023594,83,46,0,37,0.0077154648752184585,0.32610245211981237,-1.5947404485195875,0.10493443650193512,0.293243408203125,4.05550601053983,0.48518361570009216,0.00980392156862745,0.1972017973856209,0.2106686388142407,0.031949935568263754,0.30003952980041504
545,18420480,566.7339742531302,24.242746750009246,18.91811697895173,157,47.4609375,0.8138933121019108,74,0.6216216216216216,0.5892822525342857,74,46,1,27,0.010683474050892983,0.38817485712934285,-1.5974576314911246,0.09837689151754603,0.267669677734375,3.892324239946902,0.4940699684392115,0.009255573248407643,0.19023686305732485,0.21063696907367557,0.03186109015950933,0.30003994633443654
546,18438784,566.5757966877164,22.428213356994092,18.839888007030822,143,47.4609375,0.8229348776223776,77,0.6623376623376623,0.5965877935146233,77,51,0,26,0.00981126983242575,0.40634415787644684,-1.605272212997079,0.11908622979535721,0.286651611328125,3.406963227316737,0.481317380299935,0.009833916083916084,0.22628933566433568,0.21054712741170079,0.03161362584796734,0.30003215628676116
547,18459008,566.4289984617973,25.200099173001945,18.826198935043067,158,47.4609375,0.7976166930379747,86,0.627906976744186,0.5997197118375795,86,54,0,32,0.0104622251856199,0.4690992330433801,-1.612948895432055,0.11781096982304007,0.2952880859375,3.7567528197541833,0.4899281010597567,0.008900316455696203,0.205498417721519,0.21036509633995593,0.031409516755957156,0.30004999320954084
548,18482816,566.3298404345703,28.693219095934182,18.930432980996557,186,35.595703125,0.8364835349462365,83,0.6265060240963856,0.6023983430634601,83,52,0,31,0.014846357524220366,0.4117962958989665,-1.6182790687307715,0.09943482439848594,0.237823486328125,4.0646742433309555,0.4676223107243097,0.009240591397849463,0.18040154569892472,0.21025611402001232,0.03125719423405826,0.300019858404994
549,18499968,566.1547300213095,21.188385094050318,18.911223090952262,134,35.595703125,0.8839202425373134,62,0.43548387096774194,0.5857068958538884,62,27,0,35,0.0034799469758581836,0.2571430748212151,-1.6229328513145447,0.10024497914128006,0.2412109375,3.6309579107910395,0.45493801249496973,0.009561567164179104,0.2081972947761194,0.2102565849199891,0.031098896055482328,0.3000093777664006
550,18514432,565.9529078277827,18.128419612068683,18.92064168001525,113,35.595703125,0.8510094026548672,61,0.639344262295082,0.5910706324980077,61,39,1,21,0.012971688385732705,0.32911303837317973,-1.6284909239038825,0.09731989388819784,0.242340087890625,4.034885750152171,0.4697524340806809,0.009264380530973452,0.19932245575221239,0.21031345461960882,0.030887634988175705,0.30004100617952645
551,18534912,565.8128538501778,25.15076524799224,18.983393623959273,160,35.595703125,0.873388671875,74,0.5540540540540541,0.5873689746536124,74,41,2,31,0.0007853530551074073,0.20360653387615457,-1.6351618589833379,0.07856758681009524,0.213623046875,3.903557576239109,0.48119418397545816,0.00908203125,0.15107421875,0.21023771178442985,0.03068362559133675,0.30003154021687806
552,18552064,565.6348532524919,21.49531906505581,18.895972556085326,134,35.595703125,0.8488805970149254,76,0.5921052631578947,0.5878426035040406,76,45,2,29,0.007002556587394793,0.3088710089214146,-1.637869892641902,0.10615650453837588,0.266357421875,4.520695799961686,0.4757271860517673,0.009270055970149254,0.1925722947761194,0.2102063539205119,0.030602188722696155,0.300029183505103
553,18568704,565.4549775168244,20.72973993397318,19.02203719993122,130,35.595703125,0.86015625,66,0.6363636363636364,0.5926947067900001,66,42,1,23,0.007935672048915876,0.32291082001756877,-1.6451080841943622,0.09688382782042027,0.2598876953125,4.202793604694307,0.46470383795408104,0.010516826923076924,0.19399038461538462,0.21007509750779718,0.03039810790505726,0.30003465502522886
554,18589056,565.3265542742324,24.509760897024535,18.84910154598765,159,35.595703125,0.8726906446540881,78,0.6025641025641025,0.5936816463674104,78,47,1,30,0.004828925484616775,0.3015047461958602,-1.6588495913892984,0.09893433956312947,0.266632080078125,4.266651334241033,0.4660432829796893,0.010711477987421383,0.1779677672955975,0.20996571518480778,0.029975047917105258,0.30004492308944464
555,18610944,565.2037547577572,26.770061352057382,18.875990526983514,171,35.595703125,0.848547149122807,98,0.5408163265306123,0.5883951143837306,98,53,3,42,0.011350300777849043,0.3141920305788517,-1.6652131546288729,0.09764915506821126,0.2410888671875,4.101364219561219,0.4797500215078655,0.01023391812865497,0.18836805555555555,0.20994086179416627,0.02977478723914828,0.30003089597448707
556,18628096,565.0374450994353,20.890357816009782,18.93113415001426,134,35.595703125,0.874941697761194,56,0.7321428571428571,0.6027698886596432,56,41,0,15,0.01376561391953146,0.37393472460098565,-1.6711545875295997,0.09020799666177481,0.249664306640625,4.042164267040789,0.47202986834654165,0.009503264925373135,0.18359375,0.20986392407212406,0.02960062652709894,0.30001528933644295
557,18645248,564.8687862890738,21.21972079598345,18.863392396946438,134,35.595703125,0.8650303171641791,65,0.5692307692307692,0.5994159767167557,65,37,0,28,0.006520936563902069,0.2319928506622091,-1.6747087892144918,0.08888195714098401,0.265899658203125,4.3251559948548675,0.46926412342199636,0.010319496268656716,0.13292910447761194,0.209838826674968,0.029496547038434073,0.3000277141109109
558,18663936,564.7232513616872,22.61679192597512,18.87092972791288,146,35.595703125,0.861675941780822,74,0.5405405405405406,0.5935284330991343,74,40,0,34,0.008207020469853887,0.290082641877234,-1.6744365356862545,0.09397142741363496,0.261627197265625,3.8307699421420693,0.47218551394874103,0.009310787671232877,0.13934075342465754,0.20981235697399825,0.029512496825191192,0.30003763479180634
559,18681088,564.5555570125824,21.19077562203165,18.858148847008124,134,35.595703125,0.8610657649253731,70,0.5857142857142857,0.5927470183606495,70,41,0,29,0.011223696878005285,0.3890526157338172,-1.6787923257797956,0.08939618986914866,0.237457275390625,3.9470730470493436,0.47741361852012465,0.008745335820895522,0.14208255597014927,0.20973231690004468,0.02939344556943979,0.2999995753634721
560,18696448,564.3724690667732,18.835087954998016,18.899488844093867,120,35.595703125,0.858984375,60,0.6,0.5934723165245844,60,36,0,24,0.01453071543801343,0.29855591570958495,-1.6835834365338087,0.08284200841444544,0.24005126953125,4.343091228976846,0.4834469022850196,0.0107421875,0.137890625,0.20973178767599165,0.029238118848297745,0.30002416111528873
561,18713088,564.1996788341178,20.478910050936975,18.900535464985296,130,35.595703125,0.8852764423076923,59,0.559322033898305,0.5900572882619565,59,33,0,26,0.005758422204962699,0.19407569419126958,-1.6914668921381235,0.09781382442452013,0.269073486328125,4.524009232409298,0.4601048836341271,0.009194711538461539,0.1986778846153846,0.20967963594011962,0.029003649193327874,0.30003466247580945
562,18730240,564.0233984601413,21.739688169094734,18.898014771053568,134,35.595703125,0.8403101679104478,76,0.631578947368421,0.594209454172603,76,48,1,27,0.005588477481069276,0.3229257962666452,-1.7009976347908378,0.10089818289270625,0.2611083984375,4.1257432689890265,0.48981349681740377,0.010261194029850746,0.1892490671641791,0.20959534507710487,0.02872589479375165,0.3000402580946684
563,18745728,563.8436896998759,18.973711337079294,18.93615373794455,121,35.595703125,0.8695764462809917,59,0.5932203389830508,0.5941105426536477,59,35,0,24,0.013385608970565954,0.33737176086287946,-1.7107244869694114,0.10856759798480198,0.25543212890625,3.8401159001514316,0.46485483375462616,0.010524276859504132,0.20480371900826447,0.20937809720635414,0.028483861533459276,0.30001451168209314
564,18762880,563.6810359142538,20.959279105998576,18.926035918993875,134,35.595703125,0.8745335820895522,62,0.6129032258064516,0.5959898109689281,62,38,0,24,0.00984303490986349,0.38053658115677536,-1.711797323077917,0.08977093439898454,0.23590087890625,4.108292059972882,0.47861432517642405,0.008570429104477612,0.16079757462686567,0.2094311045948416,0.028436727719963528,0.30002371803857386
565,18780032,563.5128874327249,21.376551613095216,18.872636207961477,134,35.595703125,0.8530783582089553,73,0.5753424657534246,0.5939250764473778,73,42,0,31,0.019020619613002054,0.39495723869185895,-1.7140330849215388,0.09363911882974207,0.25482177734375,4.395119339227676,0.4861898033031777,0.010086287313432836,0.20032649253731344,0.20946830860339105,0.028356804788927548,0.3000411733519286
566,18797184,563.3453713243433,21.19380775594618,19.01833020208869,134,26.69677734375,0.8461986940298507,77,0.7012987012987013,0.6046624389325101,77,54,0,23,0.012431783019565046,0.3886466679396108,-1.718778627924621,0.09034382019308396,0.24945068359375,4.380151327699423,0.48176518994480816,0.010319496268656716,0.18231110074626866,0.2094259118894115,0.0282206578849582,0.3000359917059541
567,18808704,563.1295621678365,14.200586476945318,18.893397380947135,90,26.69677734375,0.9201388888888888,38,0.6052631578947368,0.6047225108287329,38,23,0,15,0.0029506738610507455,0.2401210031239316,-1.7270157663151622,0.0881383903324604,0.244659423828125,4.146344120614231,0.44977945850955114,0.01032986111111111,0.16119791666666666,0.20932301774155349,0.027993438969133422,0.3000180087983608
568,18820224,562.9145030392142,13.982000204036012,18.940323913935572,90,26.69677734375,0.9135416666666667,37,0.6216216216216216,0.6064124219080218,37,23,0,14,0.007956877292599529,0.19724586751544848,-1.7360522234812379,0.09715553562273271,0.277435302734375,3.847486872691661,0.45319075849321155,0.011111111111111112,0.16354166666666667,0.20900084951426834,0.027814554196083918,0.3000332904048264
569,18835072,562.7289860311648,18.230490574031137,18.83802835305687,116,26.69677734375,0.8941945043103449,60,0.4666666666666667,0.5924378463838863,60,28,0,32,0.011356270035321359,0.2480616167304106,-1.7438902268186212,0.10123509212280624,0.2757568359375,4.033425793983042,0.4611413314424712,0.009832974137931034,0.17376077586206898,0.20904846384655684,0.02756466600112617,0.3000428071245551
570,18847744,562.5254346167862,15.638254593941383,18.892059625010006,99,26.69677734375,0.9000157828282829,48,0.5416666666666666,0.5873607284121644,48,26,0,22,0.022749175746866968,0.31717552384361625,-1.7445519417524338,0.09018897821079008,0.248382568359375,4.442054578103125,0.4700006969047315,0.010258838383838384,0.13336489898989898,0.20918562286533415,0.027505773934535682,0.3000369498040527
571,18862592,562.347415814254,17.95274444995448,18.92318448703736,116,26.69677734375,0.9145339439655172,46,0.5869565217391305,0.587320307744861,46,27,0,20,0.00545006362881395,0.2769701066426933,-1.7459558863192797,0.08777988041401841,0.236083984375,4.387192292138934,0.4357753103149348,0.009967672413793104,0.12365301724137931,0.20899258775170892,0.027517138398252428,0.30004041991196573
572,18877440,562.1653840269826,18.25782064802479,18.89680528792087,116,26.69677734375,0.9167564655172413,52,0.4807692307692308,0.5766652000472979,52,25,0,27,0.0034058171513606794,0.25325740495463833,-1.752986567094922,0.08157839259365574,0.241058349609375,4.427478591911495,0.4309301044920395,0.012594288793103448,0.11927532327586207,0.20890703820623457,0.02733062802872155,0.3000432667322457
573,18892288,561.9824994287486,18.245154256001115,18.926883426029235,116,26.69677734375,0.9059132543103449,55,0.4,0.5589986800425681,55,22,0,33,0.011216322302061599,0.15905219299020246,-1.763952013105154,0.06538134254515171,0.24249267578125,4.401843943633139,0.43782128367958395,0.010439116379310345,0.11240571120689655,0.2085209700744599,0.02711652120342478,0.30003072204999626
574,18907136,561.8000803755052,18.284799676039256,18.89463901903946,116,26.69677734375,0.8938577586206896,63,0.5555555555555556,0.5586543675938669,63,35,0,28,0.011965464200329734,0.32328494772082195,-1.7681726207956672,0.09029203208046965,0.263946533203125,4.607328534126282,0.4616381525993347,0.011449353448275862,0.14608028017241378,0.2085596709512174,0.026982247014530003,0.3000235166400671
575,18923776,561.6423021035193,20.015030632028356,18.95927918201778,130,26.69677734375,0.8926081730769231,66,0.6212121212121212,0.5649101429556923,66,41,0,25,0.012793749454431236,0.2567717083147727,-1.7702633552253246,0.10963012534193695,0.268035888671875,4.141131896525621,0.4595744685484813,0.011057692307692308,0.15967548076923077,0.20875483320560306,0.02686135504336562,0.3000439843162894
576,18938624,561.4560035093633,18.58401563600637,18.912416588980705,116,26.69677734375,0.8863820043103449,64,0.625,0.5709191286601231,64,40,0,24,0.00953160690551158,0.26078120776219293,-1.7762011559680104,0.08693083844264038,0.253173828125,4.3616352044045925,0.47403668509475116,0.01050646551724138,0.1349676724137931,0.20851168467197567,0.026758734398754314,0.3000320808496326
577,18953472,561.2855340350103,17.69004501006566,18.879878450999968,116,26.69677734375,0.9221443965517241,44,0.5909090909090909,0.5729181248850198,44,26,0,18,0.006128530378191499,0.2147743145469576,-1.7871663216501474,0.08891316069639288,0.266510009765625,4.295085033401847,0.45568909239152383,0.010439116379310345,0.13907596982758622,0.2081524512032047,0.026539941143710166,0.3000207059085369
578,18968320,561.1065295489718,18.162875073961914,18.956343309022486,116,26.69677734375,0.8910290948275862,62,0.5645161290322581,0.5720779252997436,62,35,0,27,0.006223792745004175,0.19298581959446892,-1.7982197627425194,0.09255734109319746,0.240997314453125,4.443311305716634,0.4815961171326966,0.012190193965517241,0.13914331896551724,0.20849135343451053,0.026125727774342522,0.30002710153348744
579,18980608,560.9027948227204,15.137932701967657,18.92482461000327,96,26.69677734375,0.9016927083333334,50,0.52,0.5668701327697692,50,26,0,24,0.008050121083215345,0.17254169430816546,-1.8002103054895997,0.10677181591745466,0.2703857421875,4.649295783601701,0.4763838642587264,0.009684244791666666,0.173828125,0.20868792990222573,0.026016560674179345,0.30004694615490735
580,18994944,560.7147774378313,17.89365340396762,18.88881621300243,112,26.69677734375,0.8948800223214286,56,0.6607142857142857,0.5762545480642208,56,37,0,19,0.011335859031532891,0.2721992101869546,-1.801068446598947,0.09463957813568413,0.26800537109375,4.528771918267012,0.5087486878037453,0.009416852678571428,0.18289620535714285,0.20868495048489422,0.025992585811764002,0.3000449889805168
581,19009792,560.5377070650043,18.205457509029657,18.84792431606911,116,26.69677734375,0.8823410560344828,65,0.7230769230769231,0.590936785565491,65,47,0,18,0.011681637457513716,0.39614486193750054,-1.8020510273054242,0.11363840952981263,0.28466796875,4.051774826832116,0.46755087581174126,0.01097790948275862,0.22279094827586207,0.20868072262965143,0.025966621484258212,0.30004531634040177
582,19024640,560.3568881582473,18.39114555204287,18.842466547968797,116,26.69677734375,0.9057112068965517,54,0.6481481481481481,0.5966579218237567,54,35,0,20,0.012206172377773328,0.2554870255407877,-1.8033148441463709,0.09338058391585946,0.231689453125,4.495464518666267,0.4595021530985832,0.010641163793103448,0.17456896551724138,0.20864012988749892,0.02593865228118375,0.3000236116349697
583,19036160,560.1485640008758,14.06761326699052,18.909957547090016,90,26.69677734375,0.9151909722222222,39,0.6153846153846154,0.5985305911798425,39,24,0,15,0.007486715836421354,0.3027753081987612,-1.8018109174445271,0.09861199933220632,0.245574951171875,4.474484331905842,0.4418987042374081,0.011458333333333333,0.1996527777777778,0.20868124277330935,0.02597390447044745,0.3000424597412348
584,19047680,559.9352633162913,14.392046413966455,18.907282900065184,90,26.69677734375,0.8931423611111111,45,0.4888888888888889,0.5875664209507472,45,22,0,23,0.006583046626474243,0.23399505711859092,-1.805696145631373,0.09709632958401926,0.257904052734375,4.399226355366409,0.4780445231331719,0.01032986111111111,0.17135416666666667,0.2086242027580738,0.025876091211102903,0.30003896821290255
585,19062528,559.7510192772471,18.622375880018808,18.85750385490246,116,26.69677734375,0.8837553879310345,67,0.5671641791044776,0.5855261967661203,67,38,0,29,0.012500380205892725,0.2409489620476961,-1.8136397507041693,0.12333271070383489,0.314727783203125,4.078531165607274,0.5018723285917578,0.00902478448275862,0.17874461206896552,0.20857745176181197,0.025666882735094987,0.3000516884494573
586,19077376,559.5721385252297,18.337082158075646,18.8905833089957,116,26.69677734375,0.8978313577586207,59,0.7288135593220338,0.5998549330217117,59,43,0,16,0.0043545435364649165,0.2830992079107091,-1.8195820208638906,0.11653822008520365,0.262420654296875,4.643598357215524,0.4695114801669943,0.010237068965517241,0.21969288793103448,0.20852134190499783,0.0255155302293133,0.30003612115979195
587,19092224,559.3949938945797,18.214257402927615,18.97774095297791,116,20.0225830078125,0.9001212284482759,60,0.6666666666666666,0.6065361063862071,60,40,0,20,0.007845445776183624,0.208946798928082,-1.8202776061370969,0.1219357703521382,0.285858154296875,4.8614575592800975,0.45775230896883995,0.012257543103448275,0.162109375,0.2084886630764231,0.02550540436641313,0.3000380150042474
588,19105536,559.2043801983951,16.41835271602031,18.889796266914345,104,20.0225830078125,0.9245042067307693,46,0.5434782608695652,0.600230321834543,46,25,0,21,0.010095135556184687,0.21073737024562433,-1.821672902442515,0.10858265642309561,0.297027587890625,5.007215077057481,0.4662718205497815,0.009915865384615384,0.12349759615384616,0.20821848313789815,0.025538480243994854,0.3000169584993273
589,19117952,559.0008330715895,15.578012004960328,18.913900377927348,97,20.0225830078125,0.9193782216494846,55,0.6363636363636364,0.6038436532874523,55,35,0,20,0.010579329013125971,0.2069020599592477,-1.8270524088293314,0.13190060522174463,0.300201416015625,4.959192658774555,0.4636592560822202,0.010470360824742267,0.14545747422680413,0.2079495652578771,0.025463805126491934,0.3000236244406551
590,19131264,558.8111733521376,16.360950015950948,18.897165300906636,104,20.0225830078125,0.9191706730769231,52,0.4423076923076923,0.5876900571894762,52,23,0,29,0.01207261842500884,0.230910076177679,-1.8305161455646157,0.1372325528645888,0.3365478515625,4.968438312411308,0.470201534147446,0.011493389423076924,0.13874699519230768,0.20804980443790555,0.0253429758886341,0.3000356210395694
591,19142016,558.5961052911714,13.332866105018184,18.842795681906864,84,20.0225830078125,0.9373139880952381,35,0.6571428571428571,0.5946353371848143,35,23,0,12,0.011357078707078472,0.2040259059285745,-1.8251911895349622,0.14203898998675868,0.36138916015625,5.572495838627219,0.4300015792250633,0.010230654761904762,0.15308779761904762,0.2084021057235077,0.025392466472112574,0.3000333693344146
592,19155328,558.4077246159246,16.31379782408476,18.94137973897159,104,20.0225830078125,0.9265324519230769,48,0.4583333333333333,0.5810051367996661,48,22,0,26,0.01204208788840333,0.18796778575051576,-1.8218342252075672,0.1383596402592957,0.337310791015625,5.23790994938463,0.45132717289603674,0.010591947115384616,0.1259765625,0.20842688251286745,0.025481419172137976,0.30004055891186
593,19167744,558.2130998249164,15.213441019994207,18.84884809202049,97,20.0225830078125,0.9256604381443299,44,0.5227272727272727,0.5751773503924268,44,23,0,21,0.008496879709127825,0.21725866402266547,-1.8232665453106165,0.12689204880734906,0.307464599609375,5.887305719777942,0.42888253527818265,0.011436855670103092,0.13619523195876287,0.20849140151403844,0.025421325204661116,0.3000437607988715
594,19178496,558.0001435120433,13.280140807037242,18.983390363981016,84,20.0225830078125,0.9256882440476191,39,0.38461538461538464,0.5561211538147226,39,15,0,24,0.005481788488395978,0.20302756753517315,-1.8265284225344658,0.11131721356650814,0.29962158203125,5.375619095750153,0.4422790950962475,0.010695684523809524,0.13448660714285715,0.2084535729372874,0.025343775705550797,0.30006312439218163
595,19191808,557.8134796199204,16.25942912499886,18.884126106044278,104,20.0225830078125,0.9319411057692307,46,0.45652173913043476,0.5461612123462938,46,21,0,25,0.013295804208610207,0.23350971710169688,-1.8299273466691375,0.11381868354510516,0.317047119140625,4.98954616393894,0.4421561612532689,0.012545072115384616,0.13303786057692307,0.20837844721972942,0.025266172538977116,0.3000297846738249
596,19205120,557.633747292335,15.92108057893347,18.90674632997252,104,20.0225830078125,0.9323918269230769,47,0.5531914893617021,0.5468642400478346,47,26,0,21,0.01193103314290056,0.26858562050620094,-1.8327146526426077,0.10906349174911156,0.289520263671875,5.1412137523293495,0.4330987867254477,0.012169471153846154,0.13048377403846154,0.2083645765669644,0.025191673077642918,0.3000116818584502
597,19218432,557.4507046973783,16.146328996983357,18.89938210393302,104,20.0225830078125,0.9308894230769231,45,0.4666666666666667,0.5388444827097179,45,21,1,23,0.015854808545554988,0.24589294899487868,-1.833951105363667,0.09069131419528276,0.302703857421875,5.256067334674299,0.4426332242213763,0.013146033653846154,0.08353365384615384,0.2083417841931805,0.025167456944473088,0.3000297748949379
598,19231744,557.2575153867562,16.651459662010893,18.91808020195458,104,20.0225830078125,0.9231520432692307,53,0.49056603773584906,0.534016638212331,53,26,0,27,0.009576103519066237,0.20673470140900463,-1.8308119187131524,0.11978318804176524,0.3050537109375,5.067849482409656,0.4637838951670207,0.010216346153846154,0.12146935096153846,0.20838313119020313,0.02524389946484007,0.30004839203320444
599,19242496,557.043854324386,13.343422833015211,18.94575068296399,84,20.0225830078125,0.9240141369047619,39,0.5384615384615384,0.5344611282372518,39,21,0,18,0.015511864326981595,0.17802224605111405,-1.8342789839953184,0.1122431829571724,0.2928466796875,4.555257861502469,0.44760573513451074,0.01329985119047619,0.140625,0.20830383128486574,0.02516808861400932,0.30005062744021416
600,19255552,556.8582054183115,15.93250928807538,18.924204859067686,102,20.0225830078125,0.9276194852941176,47,0.5531914893617021,0.5363341643496968,47,26,0,21,0.01301989947205584,0.1938805574318394,-1.8337435657158494,0.1184315700083971,0.2987060546875,4.404305249452591,0.4591848566836002,0.011182598039215686,0.13756127450980393,0.20835757884196937,0.02517153456574306,0.3000484372023493
601,19268864,556.6762385884712,16.028970883926377,18.909858680912293,104,20.0225830078125,0.9230018028846154,49,0.5306122448979592,0.5357619724045231,49,26,0,23,0.0003128837233816739,0.16357829194748774,-1.8328223507851362,0.12125052732881159,0.272186279296875,5.053689866326749,0.46657650659863764,0.012094350961538462,0.16526442307692307,0.20841090439353138,0.02517966541927308,0.30003902059979737
602,19282176,556.4902394929256,16.436354298028164,18.83110788697377,104,20.0225830078125,0.9329927884615384,48,0.5416666666666666,0.5363524418307374,48,26,0,23,0.015840285093872808,0.22288430348271504,-1.8347000619396567,0.11825684073846787,0.288726806640625,4.801653349772096,0.4516122770997194,0.011117788461538462,0.18336838942307693,0.20839574141427875,0.025133078554063104,0.30003496492281556
603,19292928,556.2806942272147,13.408591483021155,18.849015070009045,84,20.0225830078125,0.9211309523809523,40,0.625,0.5452171976476636,40,25,0,15,0.015517522420850582,0.2956410335027613,-1.837941781617701,0.10989195987349376,0.274322509765625,4.811713362112641,0.4550042280129024,0.010230654761904762,0.1793154761904762,0.20836455863900483,0.02505189935618546,0.3000458951573819
604,19303680,556.0729176371171,13.211343833012506,18.910716045997106,84,20.0225830078125,0.9293154761904762,36,0.5277777777777778,0.5434732556606751,36,19,1,16,0.01138793766949675,0.20831561318482272,-1.8408034648746252,0.09557652741204947,0.255950927734375,4.855832058005035,0.44956191309860777,0.010230654761904762,0.13774181547619047,0.20830053684767336,0.024989895755425096,0.30002860515378416
605,19314432,555.8643249897499,13.341473313979805,18.88664741406683,84,20.0225830078125,0.9193638392857143,44,0.5681818181818182,0.5459441119127894,44,25,0,19,0.020670113786763977,0.33752228546654806,-1.843261567875743,0.09380807858542539,0.27978515625,5.3170143170282245,0.44625226088932585,0.01134672619047619,0.11886160714285714,0.2082634981488809,0.02493073558434844,0.2999948568176478
606,19325184,555.6605881909358,13.085887677967548,18.868482714984566,84,20.0225830078125,0.9380580357142857,34,0.6176470588235294,0.5531144066038634,34,21,1,12,0.0207452020040364,0.21743679660721682,-1.8463137606158853,0.09632857231190428,0.297698974609375,5.306115009821951,0.45160552930264247,0.01134672619047619,0.1130952380952381,0.20809375622775406,0.024896088696550578,0.29999125842005014
607,19336704,555.4586299823766,14.208254382014275,18.917050636024214,90,20.0225830078125,0.9355034722222222,39,0.4358974358974359,0.5413927095332206,39,17,0,22,0.0027578666122280993,0.17169974857824855,-1.8481227783486247,0.10918128935736604,0.287384033203125,4.262766415718943,0.450890557302369,0.011631944444444445,0.15694444444444444,0.20826026774011552,0.024806582630844787,0.3000573213212192
608,19347456,555.2477077341047,13.438896370003931,18.913939949008636,84,20.0225830078125,0.9265252976190477,42,0.5952380952380952,0.5467772481037081,42,25,0,17,0.0027631839802779723,0.2379623771412298,-1.855643630027771,0.09285965707385913,0.24688720703125,3.905676164664328,0.44281049959716345,0.010230654761904762,0.15066964285714285,0.20823301561176777,0.02461092970042955,0.30005630664527416
609,19358208,555.0385789508005,13.466744453064166,18.901741771027446,84,20.0225830078125,0.9254092261904762,38,0.47368421052631576,0.5394679443459689,38,18,0,20,0.011949361727602081,0.22977482082205825,-1.8633874133229256,0.09928053600015119,0.2718505859375,4.504812527447939,0.4447240474678221,0.012369791666666666,0.15020461309523808,0.20816337713040411,0.024420431262115017,0.3000437510199845
610,19368960,554.8306769717615,13.332023769035004,18.888879826990888,84,20.0225830078125,0.9322916666666666,36,0.5277777777777778,0.5382989276891498,36,19,0,17,0.010715870219428325,0.27856784249888733,-1.8723527500405908,0.09983386530075222,0.254791259765625,4.3959675980731845,0.4555543739171255,0.00939360119047619,0.13002232142857142,0.20800906361546367,0.02422170304635074,0.30003118026070297
611,19379712,554.6258494730882,13.349725100910291,18.796058073057793,84,20.0225830078125,0.9334077380952381,39,0.5128205128205128,0.5357510862022861,39,20,0,19,0.008130573896778515,0.23384568036999553,-1.8756602387875319,0.10731292102718726,0.268798828125,4.755849120672792,0.45330271940855754,0.011439732142857142,0.17066592261904762,0.20797112362924963,0.024145461793523282,0.30002869362942874
612,19392768,554.4401518402121,16.196138111990876,18.946406646980904,102,20.0225830078125,0.9204963235294118,52,0.5576923076923077,0.5379452083512882,52,29,0,23,0.010838009362487355,0.2693555913865566,-1.879079032689333,0.09833497880026698,0.252044677734375,4.142455759458244,0.4533797677825479,0.010723039215686275,0.16176470588235295,0.2080331880133599,0.024042614721111022,0.30004735803231597
613,19403520,554.2371614795459,13.11328277096618,18.858142191078514,84,20.0225830078125,0.9361049107142857,31,0.41935483870967744,0.5260861713871271,31,13,0,18,0.0033907269207702484,0.17801073612645268,-1.8806182369589806,0.09700156626058742,0.23699951171875,4.165234498679638,0.43711804563090917,0.010602678571428572,0.16713169642857142,0.20803963509388268,0.02400517775095068,0.3000718536786735
614,19414272,554.0312979586321,13.387599896057509,18.894852564902976,84,20.0225830078125,0.9325706845238095,35,0.5142857142857142,0.5249061256769858,35,18,2,15,0.0091461422307475,0.39694040338508785,-1.8822161946445704,0.09824759763432667,0.29522705078125,4.930577172897756,0.44002637373549597,0.009300595238095238,0.17950148809523808,0.2080092664109543,0.023966092077898793,0.3000413258560002
615,19426304,553.8346444012942,15.048974733916111,18.97824408800807,94,20.0225830078125,0.9203789893617021,49,0.5510204081632653,0.5275175539256137,49,27,0,22,0.013354212162084877,0.2992696404689923,-1.888226474635303,0.10504263415350579,0.277862548828125,4.40982093475759,0.44156659156718153,0.010472074468085107,0.17420212765957446,0.20796915679238737,0.023821723720175214,0.30005675088614225
616,19439616,553.6517665719331,16.497714388067834,18.968702293932438,104,20.0225830078125,0.9326923076923077,49,0.46938775510204084,0.5217045740432564,49,23,0,26,0.003508159079501638,0.2428508849698119,-1.894640987738967,0.10717065734206699,0.255706787109375,5.550323055125773,0.42774460235467326,0.01141826923076923,0.16135817307692307,0.20790508179925382,0.023670520808082074,0.30003663524985313
617,19455488,553.5032887459249,19.056734606041573,18.902705539017916,124,20.0225830078125,0.9232610887096774,54,0.5,0.5195341166389308,54,27,0,27,0.018028542399406433,0.307092014758382,-1.8962113643065095,0.09841552309808321,0.280487060546875,5.803625329397619,0.4436243041869133,0.010458669354838709,0.1022555443548387,0.20788644114509225,0.023635305857169442,0.3000271786004305
618,19466240,553.3013618338654,13.249266337021254,18.873560671927407,84,20.0225830078125,0.9359188988095238,36,0.4722222222222222,0.51480292719726,36,17,0,19,0.011725531207048334,0.24706546176457778,-1.895487792789936,0.09777453466085717,0.3062744140625,6.251494736410677,0.4401020985983667,0.010230654761904762,0.12620907738095238,0.20790190843399614,0.023650184099096805,0.30003283778205514
619,19477888,553.1038929603972,14.599983582040295,18.88633122597821,91,20.0225830078125,0.9226476648351648,47,0.5957446808510638,0.5228971025626403,47,28,0,19,0.008401827210036572,0.26856653892900795,-1.8999440483748913,0.10057342617074028,0.287872314453125,5.731434183195233,0.4498068166303111,0.012706043956043956,0.11658653846153846,0.20766766252927482,0.02359294073539786,0.30001985072158277
620,19488640,552.8953580815584,13.632499085040763,18.98287052300293,84,20.0225830078125,0.9232700892857143,43,0.32558139534883723,0.50316553184126,43,14,0,29,0.005902340977627318,0.19750991207547486,-1.8999793780967593,0.1149706793949008,0.29742431640625,4.893835550174117,0.4492525295132682,0.011439732142857142,0.12388392857142858,0.20772047399077564,0.023580321547342464,0.30002029286697507
621,19499392,552.6999139209261,12.870708200032823,18.8827354159439,84,20.0225830078125,0.9384300595238095,30,0.6,0.512848978657134,30,18,0,12,0.01044537260713696,0.2674520193831995,-1.9038024432957172,0.10782217141240835,0.28533935546875,5.0925018368288875,0.43809632602192106,0.00939360119047619,0.12918526785714285,0.20775510009843856,0.023472741755540483,0.30002835113555193
622,19510144,552.5017125400666,13.151998376939446,18.847048019990325,84,20.0225830078125,0.9348958333333334,35,0.5714285714285714,0.5187069379342777,35,20,0,15,0.017851083819550695,0.2612312284181826,-1.9141385667026043,0.12033264216734096,0.289459228515625,4.730437741614878,0.43762716012341635,0.012369791666666666,0.14434523809523808,0.20734611642546952,0.023311347817070782,0.30001016124151647
623,19523456,552.3230268543356,16.466420509968884,18.84359578799922,104,20.0225830078125,0.9235276442307693,54,0.5185185185185185,0.5186880959927018,54,28,0,26,0.014427400172280613,0.28533271845662966,-1.921757615171373,0.1367207090370357,0.275390625,5.15580984018743,0.4535786990935986,0.010366586538461538,0.12289663461538461,0.20737263036426157,0.02311642082349863,0.30002394039183855
624,19536768,552.1410818225329,16.534689659019932,18.985183057026006,104,20.0225830078125,0.9182692307692307,52,0.5192307692307693,0.5187423633165086,52,27,1,25,0.011067097544582793,0.29197358794044703,-1.9225690122693777,0.10576984414365143,0.2806396484375,5.652012042701244,0.4461716250158273,0.0126953125,0.12845552884615385,0.20749336970038712,0.023066058289259672,0.3000270505435765
625,19547520,551.946122136154,12.889828920946456,18.862950772978365,84,20.0225830078125,0.9460565476190477,27,0.4074074074074074,0.5076088677255984,27,11,0,16,-0.0013154067019058857,0.1804882250726223,-1.9218602422624826,0.10771104536252096,0.262664794921875,5.604441259987652,0.42988049806583495,0.009765625,0.14908854166666666,0.20767991803586483,0.023040074127493426,0.30004703369922936
626,19560448,551.7696815190466,15.689998983987607,18.949427946005017,101,20.0225830078125,0.9326268564356436,47,0.5319148936170213,0.5100394703147407,47,25,0,22,0.011603042257775087,0.334779275173787,-1.9250574866309762,0.12888225394999608,0.307952880859375,5.205333746038377,0.434419855032817,0.011989480198019802,0.17829517326732675,0.20767471403814852,0.02296224914607592,0.3000555713661015
627,19572736,551.5812446040602,15.418296482996084,18.843370834947564,96,20.0225830078125,0.913818359375,53,0.5849056603773585,0.5175260893210025,53,31,0,22,0.009110347556998022,0.31620202923659235,-1.929458768106997,0.10869121627183631,0.274688720703125,5.048764064908028,0.4379277201369405,0.013834635416666666,0.150634765625,0.2076330129057169,0.022860456330818124,0.3000366725027561
628,19584384,551.3883773601235,14.423011874081567,18.93013918795623,91,20.0225830078125,0.9196428571428571,44,0.4772727272727273,0.5135007531161749,44,21,0,23,0.011272788302449044,0.20786681782919914,-1.9356263587251306,0.10529058251995593,0.3170166015625,4.937071240507066,0.43988886835810903,0.01141826923076923,0.1141826923076923,0.20743185898754746,0.022756776088499464,0.30002884240821004
629,19595392,551.1955983990052,13.272436421946622,18.976728582987562,86,20.0225830078125,0.951671511627907,27,0.48148148148148145,0.5102988259527056,27,13,1,13,-0.0028100437848479487,0.15067173849092796,-1.9403438540175557,0.09033618847024627,0.2467041015625,5.457829280756414,0.4213576250991156,0.011537063953488372,0.10692223837209303,0.20717728685121983,0.02270410707569681,0.3000304913148284
630,19606144,550.9952592570967,13.33634370600339,18.919879507971928,84,20.0225830078125,0.9331287202380952,36,0.5555555555555556,0.5148244989129906,36,20,0,16,0.013179934736399446,0.2205713595612906,-1.939380538649857,0.0989823300333228,0.249664306640625,5.154329424723983,0.43517488560506273,0.011160714285714286,0.13104538690476192,0.20754994358867407,0.02263747477263678,0.3000323998276144
631,19616896,550.7922946224937,13.67966348992195,18.817938358988613,84,20.0225830078125,0.9232700892857143,41,0.4146341463414634,0.5048054636558379,41,17,0,24,0.01953530685568694,0.24931177432881668,-1.939509036950767,0.10054447766742669,0.291900634765625,5.187244847416878,0.4439531046719778,0.01171875,0.12416294642857142,0.20756102970335633,0.022633390079136007,0.3000486313831061
632,19630208,550.6197175474058,16.323750927927904,18.900183222955093,104,20.0225830078125,0.9162409855769231,57,0.43859649122807015,0.4981845664130611,57,25,0,32,0.009695477834611665,0.2269136049435474,-1.9397761654108763,0.09499257960123941,0.26177978515625,5.045748093165457,0.44775929445257556,0.011117788461538462,0.130859375,0.2075595889473334,0.022625469442573376,0.3000338214915246
633,19643520,550.4474580481116,16.261199614033103,18.865265347994864,104,20.0225830078125,0.9341947115384616,42,0.6904761904761905,0.5174137288193741,42,29,0,13,0.016224346989474725,0.26122387597570196,-1.9431398240849376,0.11075864330632612,0.29656982421875,5.259806512854993,0.4532236580092173,0.01044170673076923,0.13897235576923078,0.20749819290358573,0.022555868607014418,0.30001534055918455
634,19656832,550.2752362949478,16.34797384100966,18.882340123993345,104,20.0225830078125,0.9221754807692307,53,0.5471698113207547,0.5203893370695121,53,29,0,24,0.011136193319543963,0.35641496966127306,-1.9522780049592257,0.1033958254265599,0.32208251953125,5.176153902895749,0.4535736289735024,0.01239483173076923,0.16143329326923078,0.2072201861301437,0.022398220840841532,0.30000193789601326
635,19670144,550.1030084456547,16.37572154402733,18.881825012969784,104,20.0225830078125,0.9151893028846154,55,0.6363636363636364,0.5319867669989246,55,35,0,21,0.021754725406935904,0.24878236226504669,-1.9630405465140939,0.11483437445713207,0.304412841796875,4.818746568635106,0.45036975609568447,0.01337139423076923,0.11485877403846154,0.20691547321621329,0.022214753276784904,0.2999337299261242
636,19680896,549.9079389510355,13.207745408057235,18.91769234300591,84,20.0225830078125,0.9314546130952381,37,0.5405405405405406,0.5328421443530862,37,20,0,17,0.00383494354900904,0.16376029717503116,-1.9628726989030838,0.10360763990320265,0.279571533203125,4.554637902416289,0.4448001100903466,0.013392857142857142,0.10556175595238096,0.20714160799980164,0.022167689297930337,0.30002793460153043
637,19694208,549.7403875725822,16.018421216052957,18.88714890589472,104,20.0225830078125,0.9359975961538461,44,0.5909090909090909,0.5386488390086867,44,26,0,18,0.007429217006574618,0.18775057065067813,-1.9665807262063026,0.11281569063430652,0.279327392578125,4.56939338054508,0.4394730767951562,0.010892427884615384,0.14332932692307693,0.20732112659607083,0.022035301444702782,0.30004749936051667
638,19707520,549.5621531524104,16.7055323459208,18.98041158192791,104,20.0225830078125,0.9115084134615384,60,0.55,0.5397839551078181,60,33,0,27,0.005491215761139756,0.3350766450166702,-1.975988176651299,0.11224986426532269,0.28326416015625,4.81782953068614,0.445672120898962,0.012545072115384616,0.14362980769230768,0.2072331493254751,0.021831175617990084,0.3000110269058496
639,19720320,549.3878599414317,15.653717746026814,18.901076924987137,100,20.0225830078125,0.93234375,44,0.5454545454545454,0.5403510141424908,44,24,0,20,0.009371570216899272,0.2261052841495257,-1.9823567317798734,0.10192565494799055,0.281158447265625,5.0394611693918705,0.4345780348777771,0.013203125,0.142109375,0.207172890775837,0.02169813759974204,0.3000436038710177
640,19733632,549.218592291926,16.350523666013032,18.838367423973978,104,20.0225830078125,0.9291616586538461,46,0.5652173913043478,0.5428376518586765,46,26,0,20,0.006215575405803975,0.1923943233268801,-1.9902957612648606,0.08631231443723664,0.25006103515625,5.605750159360468,0.4369274698770963,0.012545072115384616,0.11748798076923077,0.20704452774953097,0.021541365917073563,0.3000279606785625
641,19744384,549.0299258279105,12.960663520963863,18.83972076594364,84,20.0225830078125,0.9342447916666666,35,0.5142857142857142,0.5399824581013802,35,18,0,17,0.015308668926081737,0.17103107590810396,-2.0025326861068606,0.09695440367795527,0.235443115234375,5.596621137112379,0.4404284428982508,0.011811755952380952,0.15438988095238096,0.20680742186959833,0.021312982760719024,0.3000238894019276
642,19757696,548.8584405284887,16.438514880021103,18.90174768702127,104,20.0225830078125,0.9210486778846154,51,0.5686274509803921,0.5428469573892815,51,29,0,22,0.018393965176073834,0.3624962979229167,-2.0064248833805323,0.10701974097173661,0.280242919921875,5.316945519298315,0.44580602216032833,0.011793870192307692,0.1397986778846154,0.20699608698487282,0.021182363547268324,0.3000077761244029
643,19768960,548.6716282797706,13.80034519394394,18.879549409030005,88,20.0225830078125,0.9302201704545454,39,0.5384615384615384,0.5424084154965072,39,21,0,18,0.00766209896755754,0.22253456187900156,-2.012334084138274,0.09283471330127213,0.259368896484375,5.441526344977319,0.4523998089134693,0.010298295454545454,0.12633167613636365,0.20686217700131238,0.02107717772014439,0.3000255136284977
644,19782272,548.5033894998453,16.159272604971193,18.85800313099753,104,20.0225830078125,0.9242788461538461,56,0.5892857142857143,0.547096145375428,56,33,1,22,0.011235087094974006,0.254577862622682,-2.0221835747361183,0.10274671483784914,0.28424072265625,4.899737489409745,0.461077070580079,0.01006610576923077,0.12176983173076923,0.20650212315376848,0.02093644229171332,0.3000164022669196
645,19795584,548.3352677013709,16.148548120982014,18.868606297997758,104,20.0225830078125,0.9255558894230769,43,0.627906976744186,0.5551772285123038,43,27,1,15,0.013712259817111772,0.27786515513435006,-2.0242334455251694,0.11154238204471767,0.32086181640625,5.694044995121658,0.463368743371505,0.010591947115384616,0.13874699519230768,0.20647963299416006,0.02089928591158241,0.3000402597244829
646,19808896,548.1617344038339,16.64092948101461,18.945289631024934,104,20.0225830078125,0.9098557692307693,61,0.6229508196721312,0.5619545876282865,61,38,0,23,0.0015273634489858523,0.2518563499324955,-2.0260987114161253,0.09573326091049239,0.238800048828125,4.77396519575268,0.44996368483855176,0.012244591346153846,0.15602463942307693,0.2066300759324804,0.020822841179324314,0.3000730664934963
647,19822208,547.9933215504675,16.345101373037323,18.93661596009042,104,20.0225830078125,0.9284855769230769,51,0.5098039215686274,0.5567395210223207,51,26,0,25,0.004615959187503904,0.19631009933073074,-2.0382747128605843,0.07780285997432657,0.2618408203125,5.102326726540923,0.44804596872283864,0.013671875,0.11253004807692307,0.2063218435505405,0.020618265494704247,0.30004073679447174
648,19834880,547.8175550326466,15.729414994013496,18.864315829006955,99,20.0225830078125,0.9290561868686869,42,0.5952380952380952,0.5605893784438982,42,25,0,17,0.010349855412641773,0.19553812826052308,-2.0457707587629557,0.08733875575126149,0.30902099609375,5.299669784493744,0.4391180415346165,0.011284722222222222,0.12886679292929293,0.20602096477523446,0.020524287087027915,0.3000751477666199
649,19847168,547.6379480934877,15.313732027076185,18.846088026999496,96,20.0225830078125,0.9313151041666666,48,0.625,0.5670304405995085,48,30,0,18,0.008584684306697454,0.2917566364631057,-2.0534882210195065,0.09144044911954552,0.2908935546875,5.4638446513563395,0.44721764760712784,0.012858072916666666,0.153076171875,0.2056645475095138,0.020427140436368063,0.3000139114446938
650,19860480,547.4692063040314,16.310999669949524,18.941683726967312,104,20.0225830078125,0.9175180288461539,50,0.5,0.5603273965395577,50,25,0,25,0.012415535151376389,0.31169466266874224,-2.057501431554556,0.10382332626613788,0.28076171875,5.182941617444158,0.4290765174306356,0.01171875,0.16947115384615385,0.20577751065138727,0.020318297087214887,0.30002639978192747
651,19873792,547.29810207317,16.460313601070084,18.963890595012344,104,20.0225830078125,0.9295372596153846,47,0.5106382978723404,0.5553584866728359,47,24,0,23,0.004751068314362783,0.2415776626439765,-2.059213338419795,0.08271967186010443,0.2574462890625,5.710829794406891,0.4321376555241071,0.012770432692307692,0.13033353365384615,0.20605418179184198,0.020217780911480077,0.3000283532310277
652,19884544,547.1084603715491,13.11712321289815,18.924320589983836,84,20.0225830078125,0.9367559523809523,32,0.5,0.5498226380055524,32,16,0,16,0.0114849081801367,0.20203416689764708,-2.0674905832856894,0.0865327758656349,0.26055908203125,5.625642602797598,0.42482667771123706,0.01209077380952381,0.09774925595238096,0.20574665756430477,0.02010599353525322,0.2999969811644405
653,19895296,546.9117790780518,13.420425746007822,18.898941469960846,84,20.0225830078125,0.9304315476190477,43,0.4418604651162791,0.5390264207166251,43,19,0,24,0.013755027768638683,0.23193085216917098,-2.064802922308445,0.09494935427210294,0.294830322265625,5.974203992635012,0.43847329630738213,0.011067708333333334,0.11104910714285714,0.2061801174422726,0.02007203763059806,0.30002552503719926
654,19908608,546.7492501164696,16.066953292000107,18.96496070397552,104,20.0225830078125,0.9221754807692307,48,0.4791666666666667,0.5330404453116292,48,23,0,25,0.006761466367606772,0.15819227643078193,-2.06111061014235,0.09700264196726494,0.2587890625,5.76449313107878,0.46516371718966043,0.009690504807692308,0.12860576923076922,0.2064929777989164,0.020083253766642883,0.30002331361174583
655,19921920,546.5858853080654,16.156981162028387,18.94818284106441,104,20.0225830078125,0.9169921875,56,0.6071428571428571,0.540450686494752,56,34,0,22,0.011452410697529558,0.31250282237306237,-2.063877645879984,0.0924233598925639,0.279510498046875,5.862489866092801,0.46800533023018104,0.011793870192307692,0.14197716346153846,0.206413381267339,0.02003850633627735,0.29999784007668495
656,19935232,546.4206870685927,16.360751633998007,18.913827641052194,104,20.0225830078125,0.9281099759615384,48,0.7083333333333334,0.5572389511786102,48,34,0,14,0.0006391417700797319,0.1925273624365218,-2.06684179417789,0.08989582504727878,0.2340087890625,5.264596242457628,0.44469236267300755,0.014047475961538462,0.13055889423076922,0.20629096298944205,0.02000395458890125,0.30003648810088634
657,19945984,546.231329240624,13.242618961958215,18.942043107002974,84,20.0225830078125,0.9383370535714286,30,0.43333333333333335,0.5448483893940825,30,13,0,17,0.004104480452951975,0.13518151811149437,-2.06571183539927,0.09909799110027961,0.250152587890625,5.643210497684777,0.43481119935001644,0.012276785714285714,0.12983630952380953,0.2064257776364684,0.019999729920527898,0.3000427079387009
658,19956736,546.0383975923463,13.535857434966601,18.919918530038558,84,20.0225830078125,0.9242001488095238,42,0.5476190476190477,0.5451254552165791,42,23,0,19,0.010920536016783444,0.2664208321075421,-2.0630557760596275,0.09740803862223402,0.244720458984375,5.016726027242839,0.4460273225392614,0.012834821428571428,0.1500186011904762,0.20667752833105624,0.020001768323709257,0.3000386650674045
659,19970048,545.867938360377,16.742817056947388,18.910413112025708,104,20.0225830078125,0.9131610576923077,59,0.576271186440678,0.548240028338989,59,34,0,25,0.024747354829742108,0.33611134241800755,-2.063333472236991,0.0860706556995865,0.252532958984375,5.61112190131098,0.4632713594115697,0.011793870192307692,0.12545072115384615,0.20665677660144866,0.02000078592391219,0.3000340689904988
660,19982464,545.6914947544035,15.471483529079705,18.896615702076815,97,20.0225830078125,0.9213112113402062,49,0.6122448979591837,0.5546405153010084,49,30,0,19,0.004915479996270733,0.2520744383800775,-2.063321815803647,0.09113637868722435,0.2847900390625,5.1215711468830705,0.468224284882398,0.011114690721649485,0.11146907216494846,0.2066555778728798,0.019999478972749785,0.3000218723900616
661,19994752,545.5122444051093,15.440829282044433,18.87160045397468,96,20.0225830078125,0.9170735677083334,53,0.7169811320754716,0.5708745769784548,53,38,0,15,0.019190854451153427,0.4017638775985688,-2.063243979588151,0.09963187063112855,0.259521484375,5.629313227720559,0.4490242588023345,0.013346354166666666,0.13004557291666666,0.2066691507352516,0.019999618583824486,0.30004360526800156
662,20005504,545.3265455056512,13.155459905043244,18.916229331051,84,20.0225830078125,0.9248511904761905,37,0.6216216216216216,0.5759492814427715,37,23,0,14,0.01060170948767336,0.22308962349779904,-2.0636028312146664,0.08881943635060452,0.244873046875,5.548807772807777,0.44544061379773275,0.012555803571428572,0.10119047619047619,0.20660573325585574,0.020006004837341607,0.3000377966091037
663,20016256,545.1404908141149,13.22112246695906,18.897891631000675,84,20.0225830078125,0.9358258928571429,35,0.5428571428571428,0.5726400675842086,35,19,0,16,0.012324164166784612,0.25951393746072426,-2.0621999092400074,0.10437548303161748,0.285675048828125,5.409423834644258,0.4539911693760327,0.01134672619047619,0.11876860119047619,0.20655108068604022,0.020047716723638587,0.3000318130943924
664,20028288,544.9587945275404,15.302290912019089,18.891359120956622,94,20.0225830078125,0.917470079787234,52,0.5769230769230769,0.5730683685180955,52,30,0,22,0.006355346260534134,0.2564270014408976,-2.0630962643772364,0.11070169799495488,0.30035400390625,5.273121226578951,0.4568935581978331,0.010887632978723404,0.14685837765957446,0.20659848186187446,0.02001522504724562,0.30002156808041036
665,20041600,544.7914361409105,16.51659281202592,18.890351666952483,104,20.0225830078125,0.9097806490384616,60,0.6,0.575761531666286,60,36,0,24,0.019786711134656798,0.3702482750522904,-2.0629656594246626,0.09648388216737658,0.27789306640625,5.69109323900193,0.4678741819583453,0.01104266826923077,0.14182692307692307,0.20668601884972304,0.02000417883391492,0.3000445174984634
666,20054784,544.6258338954202,16.305740498006344,18.866726947017014,103,20.0225830078125,0.9170964805825242,54,0.7037037037037037,0.5885557488700277,54,38,0,16,0.017101193792768754,0.29919779958436266,-2.061903787776828,0.08456027382635511,0.232818603515625,5.989344473928213,0.47147585147792853,0.011908373786407767,0.13212985436893204,0.20666407502721995,0.020031370921060443,0.3000486472155899
667,20068096,544.4643364463553,15.984393985010684,19.02129836997483,104,20.0225830078125,0.9377253605769231,40,0.625,0.5922001739830249,40,25,0,15,0.005219021470111329,0.22326517826877534,-2.0601253919303417,0.10862937418278307,0.302337646484375,5.321034552529454,0.46582639389313185,0.01044170673076923,0.16090745192307693,0.20670256484299898,0.020060738257598132,0.3000347805209458
668,20080768,544.2848619781023,16.21248570200987,18.924358488991857,99,20.0225830078125,0.9120896464646465,59,0.6440677966101694,0.5973869362457394,59,38,0,21,0.013050341898633633,0.3300084787188098,-2.062719037756324,0.10985476477071643,0.321563720703125,5.997137504629791,0.46938332072412126,0.011600378787878788,0.17826704545454544,0.2066436333116144,0.020016813941765577,0.30003746901638806
669,20091520,544.0934807268683,13.439384307945147,18.925797781092115,84,20.0225830078125,0.9265252976190477,38,0.5,0.5876482426211653,38,19,0,19,0.004644601132895332,0.21128464624052867,-2.0635375529527664,0.12121540051884949,0.277587890625,5.2540525402873755,0.4630339230809893,0.010416666666666666,0.16508556547619047,0.20641230593901128,0.020047205543960445,0.30001743673346937
670,20104832,543.9343600326249,16.207913676043972,18.9250348219648,104,15.016937255859375,0.9185697115384616,51,0.7254901960784313,0.6014324379668919,51,37,1,13,0.02302712206801516,0.4052207265049219,-2.0678917691111565,0.11150659021222964,0.3231201171875,6.1712675858289,0.46992530673742294,0.010591947115384616,0.14670973557692307,0.20584795740433037,0.020075931621249765,0.3000196157954633
671,20114944,543.7416454145012,12.640926962951198,18.91783327702433,79,15.016937255859375,0.9509493670886076,36,0.6666666666666666,0.6079558608368694,36,24,0,12,0.012000069167697802,0.28157856420148164,-2.068302834406495,0.10835014277836308,0.29913330078125,5.577377112582326,0.4282954003237471,0.012856012658227849,0.1541732594936709,0.20593762188218534,0.020049419457791373,0.3000276207458228
672,20126976,543.5635609855733,14.864274874911644,18.986709507997148,94,15.016937255859375,0.945063164893617,45,0.5555555555555556,0.602715830308738,45,25,0,20,0.014526444359944435,0.17335047823144123,-2.0635140035301447,0.097468478634255,0.2923583984375,7.306034683249891,0.437966635886659,0.013214760638297872,0.10779587765957446,0.20642607135232538,0.020045515106176026,0.30001306580379605
673,20139008,543.392921277812,14.6846305700019,18.862472758977674,94,15.016937255859375,0.9443982712765957,43,0.46511627906976744,0.5889558751848409,43,20,0,23,0.006779042054404272,0.16941310017136857,-2.0661699678748846,0.09641504220780917,0.271453857421875,5.76450018864125,0.42665271334191585,0.013048537234042553,0.1110372340425532,0.20607429405208677,0.020064223193912767,0.30003689671866596
674,20151040,543.2276664820283,14.429463928099722,18.87959291401785,94,15.016937255859375,0.9507978723404256,39,0.46153846153846156,0.5762141338202029,39,18,0,21,0.004248230819939636,0.21629654039861634,-2.0718654599040747,0.11156029492849484,0.28802490234375,5.615012959577143,0.43931504069490634,0.013214760638297872,0.14569481382978725,0.20580155088100582,0.020001596087240614,0.30004817247390747
675,20161152,543.0387533250573,12.47614269494079,18.834779519937,79,15.016937255859375,0.9418512658227848,41,0.6829268292682927,0.5868854033650118,41,28,0,13,0.02488355823152233,0.2833268986432813,-2.0627387203276157,0.09329802161664702,0.2679443359375,5.348453021608293,0.45954911656017544,0.012064873417721519,0.12579113924050633,0.2065123280044645,0.020048544902238064,0.30004960065707564
676,20173184,542.8669373598458,14.762509221909568,18.91912397998385,94,15.016937255859375,0.9480551861702128,39,0.5641025641025641,0.5846071194387671,39,22,0,18,0.010457676879013889,0.24829391977982596,-2.06094166636467,0.08906341015244834,0.267669677734375,5.5652622897177935,0.45634032088391324,0.011220079787234043,0.1502659574468085,0.20668749033939093,0.020047554949996993,0.30006634281016886
677,20183296,542.6734843446563,12.831333223963156,18.94620833999943,79,15.016937255859375,0.9348299050632911,45,0.5111111111111111,0.5772575186060015,45,23,0,22,-0.0052842033037450165,0.197267871175427,-2.0633013173937798,0.09354265927686356,0.27587890625,5.509484034962952,0.47393691539764404,0.009592563291139241,0.17672072784810128,0.2066485168179497,0.02000252454308793,0.3000308119226247
678,20195328,542.5029163309592,14.728506574989296,19.023765267105773,94,15.016937255859375,0.9434840425531915,45,0.6,0.5795317667454013,45,27,2,17,0.01743806580270757,0.3340400187880732,-2.0635439418256283,0.10523142054444179,0.283935546875,5.764697323553264,0.4877755597550818,0.010388962765957447,0.15625,0.20663900300860405,0.019998641073470935,0.30002261116169393
679,20207360,542.3366375242808,14.630913933040574,18.846945294062607,94,15.016937255859375,0.949717420212766,42,0.7380952380952381,0.5953881138803849,42,31,1,10,0.017201066995767178,0.4080501712160185,-2.0623144526034594,0.11795303280814551,0.340118408203125,5.734093692153692,0.4691313847582391,0.010804521276595746,0.1870844414893617,0.2066887605469674,0.02001704226131551,0.3000364874023944
680,20219392,542.1607261672854,15.262445949018002,18.910244731931016,94,15.016937255859375,0.9358377659574468,51,0.6078431372549019,0.5966336162178366,51,31,0,20,0.01834500624681823,0.30867163150105625,-2.0631264839321375,0.10796103902976029,0.292083740234375,5.453581944108009,0.48650710157891536,0.010804521276595746,0.16796875,0.20665508625097573,0.02000433293869719,0.300032026367262
681,20229504,541.9694787255502,12.613536937977187,18.973429147969,79,11.262702941894531,0.9443235759493671,38,0.631578947368421,0.600128149332895,38,24,1,13,0.006216982124897186,0.39548596274107695,-2.063239671289921,0.10298732720548287,0.30010986328125,5.780030491761863,0.47394754011419754,0.0111748417721519,0.17246835443037975,0.2066749866353348,0.01999862224329263,0.30003576073795557
682,20240512,541.7908686040865,13.65060039004311,18.85465391492471,86,11.262702941894531,0.9509447674418605,47,0.5957446808510638,0.5996898024847119,47,28,0,19,0.015598707310346072,0.36988278705393896,-2.0630106143653393,0.1079840723250527,0.297210693359375,6.285131403245032,0.45273055933242623,0.01081031976744186,0.18713662790697674,0.20665487472433597,0.020006949285743758,0.3000039663165808
683,20250112,541.598381080946,11.865651982021518,19.007651492021978,75,11.262702941894531,0.96125,36,0.6944444444444444,0.6091652666806852,36,25,0,11,0.010988722351612523,0.3442309050587937,-2.060504660010338,0.10927625163458288,0.2762451171875,5.906829568557441,0.4415864320596059,0.012083333333333333,0.16927083333333334,0.20669910742435604,0.02005344399367459,0.30003260378725827
684,20259712,541.4090129556763,11.708253309014253,18.871488564065658,75,11.262702941894531,0.9686458333333333,26,0.5769230769230769,0.6059410477049244,26,15,0,11,0.0067995176432305016,0.1677098207292147,-2.0588211733847857,0.10427899181377143,0.27252197265625,6.150577566586435,0.4473253087202708,0.010729166666666666,0.1384375,0.20669568027369678,0.02009192612604238,0.3000525454990566
685,20270720,541.2278599646145,13.760475322022103,18.991923397989012,86,11.262702941894531,0.9646620639534884,35,0.5714285714285714,0.6024898000772891,35,20,0,15,0.013979473049403168,0.22982720981235616,-2.0572373513132334,0.107918548717862,0.296051025390625,5.950892690569162,0.4383857676456141,0.011627906976744186,0.1698764534883721,0.2067235641879961,0.020119654771406204,0.30004240409471095
686,20280320,541.0393818777403,11.709764335071668,18.85790043801535,75,11.262702941894531,0.9665625,28,0.6071428571428571,0.6029551057838459,28,17,0,11,0.00939372612083389,0.20998068191693164,-2.0611731577664614,0.12310177314793691,0.308837890625,5.612837862223387,0.43643643498420714,0.0109375,0.16385416666666666,0.2066943363752216,0.020038900547660887,0.3000371311791241
687,20291328,540.8573483349296,13.877231972990558,18.88191688095685,86,11.262702941894531,0.9475835755813954,54,0.46296296296296297,0.5889558915017576,54,25,0,29,0.022833349932625424,0.3027467521606013,-2.0632608830928802,0.11041221275809221,0.264801025390625,6.085920171812177,0.43170832305453544,0.010719476744186046,0.12390988372093023,0.20666616619564593,0.01999964406422805,0.3000338557176292
688,20300928,540.6667864810428,11.849201521021314,18.916746756993234,75,11.262702941894531,0.9680208333333333,29,0.41379310344827586,0.5714396126964094,29,12,0,17,0.0004723373567685485,0.14326516073197126,-2.0633240342140198,0.0965666517149657,0.2493896484375,5.491173927672207,0.42497108777364095,0.011979166666666667,0.09947916666666666,0.20666288153734058,0.02000003204739187,0.30004801019094884
689,20310528,540.4770513248706,11.757269821944647,18.95512546505779,75,11.262702941894531,0.9695833333333334,24,0.4583333333333333,0.5601289847601018,24,11,0,13,0.011853333366161678,0.17226318691973574,-2.064126605167985,0.09751208816305734,0.249755859375,6.15416959580034,0.4148158597946167,0.013125,0.10802083333333333,0.20656554005108774,0.020000613454612903,0.300003973999992
690,20321536,540.2998668919756,13.65108337905258,18.94371192099061,86,11.262702941894531,0.963390261627907,39,0.4358974358974359,0.5477058298738351,39,17,0,22,0.007568525408714777,0.1330171012377832,-2.064086966216564,0.11623311036964878,0.312042236328125,5.89775482006371,0.4179042123777922,0.011627906976744186,0.12527252906976744,0.2065155915915966,0.020016440626932308,0.3000425531063229
691,20332160,540.1180775409225,13.234706418006681,18.937874387018383,83,11.262702941894531,0.9535956325301205,44,0.4772727272727273,0.5406625196137242,44,21,0,23,0.010513952598557808,0.21301611326634884,-2.0631481166929007,0.09375188362901099,0.26190185546875,5.740833812393248,0.44605837421244887,0.01148343373493976,0.11417545180722892,0.206668913946487,0.020001339784357697,0.3000311825890094
692,20342400,539.9347513365633,12.603502386016771,18.931994461920112,80,11.262702941894531,0.9607421875,34,0.4117647058823529,0.5277727382405871,34,14,0,20,0.013700523348234128,0.20770577836083248,-2.0659864898771048,0.09733167759259231,0.260406494140625,6.071770777925849,0.44843170829117296,0.0125,0.118359375,0.2063760592136532,0.020001526194391772,0.30003190180286765
693,20352000,539.7495883249858,11.723627498955466,18.838854337926023,75,11.262702941894531,0.9664583333333333,32,0.40625,0.5156204644165284,32,13,0,19,-0.002703191406908445,0.1721871894551441,-2.0676929634064436,0.08661549209500663,0.251495361328125,5.905721677467227,0.44695472478866577,0.0096875,0.15104166666666666,0.20618308056145906,0.020010530381114222,0.30005379510112107
694,20363008,539.5754241207379,13.513614614028484,18.951421669102274,86,11.262702941894531,0.9653888081395349,33,0.6363636363636364,0.5276947816112392,33,21,0,12,0.011945294583711075,0.25629936979385093,-2.0633764639496803,0.0822001576598268,0.2628173828125,5.630847827531397,0.43490438128626624,0.011809593023255814,0.16197311046511628,0.2064661643235013,0.02004066294466611,0.30001064273528755
695,20373888,539.3980886000376,13.49533061007969,18.962658986099996,85,11.262702941894531,0.9604779411764706,43,0.4883720930232558,0.5237625127524408,43,21,0,22,0.0017912297043949366,0.24122281442396343,-2.065138813108206,0.10212724970187992,0.26348876953125,5.5237895073369145,0.4640894444549785,0.011856617647058823,0.14071691176470588,0.20642719638999552,0.020006715290946886,0.30002715857699513
696,20383488,539.2076414890723,12.082906708936207,18.92524296301417,75,11.262702941894531,0.94875,44,0.5227272727272727,0.523658988749924,44,23,0,21,0.006511245737783611,0.23320031497860327,-2.061444280669093,0.10581795033067465,0.296722412109375,5.727590837515891,0.4517438232898712,0.0140625,0.166875,0.20659189787693322,0.020057444271515124,0.30003163241781294
697,20394496,539.0340838762381,13.476598233100958,18.920734485029243,86,11.262702941894531,0.9652979651162791,33,0.7272727272727273,0.5440203626022043,33,24,0,9,0.0223381989999325,0.2574450665852055,-2.0622858200222254,0.12221149919787422,0.299041748046875,6.355722549371421,0.4339182626369388,0.013626453488372093,0.15933866279069767,0.20667545800097287,0.020018093011458404,0.30002479488030076
698,20404096,538.8443934779204,12.172404129058123,18.837011575931683,75,11.262702941894531,0.9559375,39,0.5384615384615384,0.5434644801881378,39,21,0,18,0.0036945354368072003,0.24961315438849851,-2.0637045558542013,0.09996320441132411,0.2978515625,6.200509128160775,0.433697208960851,0.0121875,0.13885416666666667,0.20662443421315402,0.019999572876258753,0.3000508015975356
699,20415104,538.6705887791495,13.659246698953211,18.860098847886547,86,11.262702941894531,0.9606649709302325,38,0.6578947368421053,0.5549075058535345,38,25,0,13,0.02009280918719014,0.28346575662726536,-2.063700769096613,0.10222028673160821,0.246856689453125,5.551235596649349,0.4515191677004792,0.013535610465116279,0.12063953488372094,0.2066110778832808,0.020003297831863165,0.3000601101666689
700,20426112,538.4958134292806,13.608568217954598,18.905451079946943,86,11.262702941894531,0.9604832848837209,42,0.5238095238095238,0.5517977076491335,42,22,0,20,0.01529323840077268,0.24159334803698584,-2.0645935516804457,0.10871058455086313,0.25714111328125,6.287025907076895,0.45668081558027934,0.013717296511627907,0.10492369186046512,0.20651868206914514,0.020001671873615123,0.30002413783222437
701,20435712,538.3045012224012,12.11536823795177,18.95594756794162,75,11.262702941894531,0.9560416666666667,37,0.5405405405405406,0.5506719909382742,37,20,0,17,0.0147245879888942,0.24969598086318,-2.0635582990944386,0.10819182780687697,0.307464599609375,5.6474501537159085,0.4482752478122711,0.010625,0.1578125,0.20663820521440357,0.020001533077447675,0.3000488323159516
702,20446720,538.1314269671061,13.676086080959067,18.86845806497149,86,11.262702941894531,0.958484738372093,41,0.6097560975609756,0.5565804016005443,41,25,0,16,0.013385022353759268,0.3185862271930091,-2.0634577069431543,0.0874228680622764,0.24627685546875,5.5787598341703415,0.47271056334639705,0.012536337209302325,0.13708212209302326,0.20662049285601825,0.020006905833724886,0.3000488318502903
703,20457728,537.9564821738506,13.617841011029668,18.917895735939965,86,11.262702941894531,0.9556686046511628,45,0.6222222222222222,0.5631445836627121,45,28,0,17,0.00013494054292095825,0.17467967866105027,-2.0602674335241318,0.09845807161764242,0.261383056640625,6.103259550407529,0.46600155393744624,0.011173691860465117,0.17814316860465115,0.20670643367338926,0.02006140473531559,0.3000639306847006
704,20467328,537.7708353205421,11.90137426997535,18.95095153292641,75,11.262702941894531,0.9639583333333334,30,0.6,0.5668301252964408,30,18,0,12,0.006367753863742109,0.2416997899999842,-2.0584986228495836,0.10113183764042333,0.26483154296875,5.655070626176894,0.46396158695220946,0.0121875,0.1875,0.20671450381632894,0.020094141786103137,0.30005826405249536
705,20476928,537.5855959727655,11.883351264987141,18.962587635964155,75,11.262702941894531,0.9566666666666667,36,0.6111111111111112,0.5712582238779079,36,22,0,14,0.0046289708552649245,0.26988158287713304,-2.0625277683138847,0.1003677595872432,0.28125,5.978497655130923,0.4595112895965576,0.008854166666666666,0.19145833333333334,0.2064866356085986,0.020053400221513584,0.30002750898711383
706,20486528,537.3974524913046,12.192414858029224,18.900284316041507,75,11.262702941894531,0.9569791666666667,41,0.6341463414634146,0.5775470356364586,41,26,0,15,0.019325436718645506,0.3576470941770822,-2.0671978648751974,0.10543347924249247,0.304595947265625,5.622808992862701,0.43782405217488607,0.011145833333333334,0.219375,0.20626051526051015,0.02000053445226513,0.30002198508009315
707,20496128,537.2129567266528,11.856435955967754,18.976959104067646,75,11.262702941894531,0.9603125,33,0.5757575757575758,0.5773680896485703,33,19,0,14,0.005568460652284557,0.1895295799477026,-2.064758898690343,0.08607693263911642,0.263153076171875,5.853813849389553,0.43251833120981853,0.0125,0.13458333333333333,0.20649033214431256,0.02000699182099197,0.3000405647326261
708,20505728,537.0300086843639,11.726875983993523,18.925278809969313,75,11.262702941894531,0.9740625,26,0.7307692307692307,0.5927082037606364,26,19,0,7,0.00897997122592642,0.24983802347560413,-2.062303178012371,0.11257922608638182,0.270233154296875,6.498146421276033,0.4410022453467051,0.01125,0.165625,0.20668932993430644,0.02001789287896827,0.30004089465364814
709,20516736,536.858278810831,13.758262268034741,18.857893725973554,86,11.262702941894531,0.9559411337209303,43,0.5813953488372093,0.5915769182682937,43,25,0,18,0.013191349535190966,0.31270432274322957,-2.063553974032402,0.12329190055606887,0.275909423828125,5.5233240351080894,0.4396049033763797,0.011446220930232558,0.16951308139534885,0.20657205523457378,0.020014757988974452,0.3000547375995666
710,20526336,536.6727353723014,11.974582887021825,18.92050087195821,75,11.262702941894531,0.9569791666666667,36,0.5277777777777778,0.5851970042192421,36,19,0,17,0.013109898762195371,0.2570345299318433,-2.0621253699064255,0.1133225274970755,0.277099609375,5.634129052050412,0.4345168960094452,0.012083333333333333,0.14239583333333333,0.20660117908846587,0.02004017027502414,0.3000386585481465
711,20535936,536.488863640155,11.892053226940334,18.943256477010436,75,11.262702941894531,0.9666666666666667,30,0.4,0.566677303797318,30,12,0,18,0.010813436940225074,0.25473815435543656,-2.062131615355611,0.0964383443351835,0.2703857421875,5.379936926998198,0.43247173229853314,0.012083333333333333,0.15625,0.20669254648964852,0.02001984835078474,0.30004199990071356
712,20546304,536.3081103172925,13.140189173980616,18.96689853607677,81,11.262702941894531,0.9575617283950617,40,0.55,0.5650095734175862,40,22,0,18,0.007495642992580542,0.23258112301118672,-2.0629944317042828,0.0967435417114757,0.23046875,5.6030798107385635,0.4506813335565873,0.012056327160493827,0.16165123456790123,0.20668779290281236,0.0200029177358374,0.30004377104341984
713,20555904,536.1210688559704,12.018012752989307,18.918569053988904,75,11.262702941894531,0.9609375,35,0.5714285714285714,0.5656514732186847,35,20,0,16,0.01900049277173821,0.23359950160374865,-2.0629529990255833,0.10987990791909397,0.282806396484375,4.956573179922998,0.45391951203346254,0.010729166666666666,0.1603125,0.20656273106578737,0.02002992160851136,0.3000470099505037
714,20566400,535.94256074023,13.090199753060006,18.940690138959326,82,11.262702941894531,0.9556021341463414,41,0.6341463414634146,0.5725009600431576,41,26,0,15,0.01272668932506349,0.30812450748635456,-2.0636092629283667,0.11020527221262455,0.269439697265625,5.250157084316015,0.42651113540661045,0.012862042682926829,0.17835365853658536,0.2065922039328143,0.020007681407150812,0.30004435894079506
715,20577408,535.7721381266882,13.600857125013135,18.94312476599589,86,11.262702941894531,0.9647529069767442,35,0.6,0.5752508640388418,35,21,0,14,0.010092428499774542,0.24523007759125903,-2.0651835538446903,0.08580993569921702,0.280120849609375,4.806177360936999,0.4436409317476805,0.011900436046511628,0.11182776162790697,0.2064727593678981,0.019999385505798273,0.3000403237529099
716,20588416,535.5958212589718,13.945897605037317,18.921562005067244,86,11.262702941894531,0.9522165697674418,48,0.625,0.5802257776349576,48,30,0,18,0.015575160359730944,0.27738106169272214,-2.065169243142009,0.10546232404885814,0.25933837890625,5.129106040112674,0.44528561657251314,0.012445494186046511,0.16378997093023256,0.2064186040079221,0.020011895307106897,0.30002660350874066
717,20598016,535.4122336098628,11.952148912008852,18.96921717596706,75,11.262702941894531,0.9641666666666666,31,0.5806451612903226,0.5802677160004942,31,18,0,13,0.0040857909771148115,0.23862806800752878,-2.0638212636113167,0.09393044136231765,0.27423095703125,5.583843478001654,0.44552995403607687,0.009166666666666667,0.16083333333333333,0.20651513629127294,0.02002035125042312,0.30002331151627004
718,20607616,535.2330206171271,11.73574388900306,18.940095204976387,75,11.262702941894531,0.9601041666666666,34,0.5294117647058824,0.575182120871033,34,18,0,16,0.014224917074898258,0.2480141109554097,-2.0638224948197603,0.08550782923703082,0.261993408203125,5.807510136626661,0.4381913602352142,0.011041666666666667,0.15864583333333335,0.20657495316118002,0.020007499697385356,0.3000342324376106
719,20617216,535.0526359969035,11.88658149598632,18.913715713075362,75,11.262702941894531,0.9570833333333333,38,0.47368421052631576,0.5650323298365614,38,18,0,20,0.007456023977283621,0.273724653001409,-2.0632931161671877,0.07989132779766805,0.275726318359375,5.462610716931522,0.43902839461962384,0.010520833333333333,0.11364583333333333,0.20666389574762434,0.019999846306745894,0.30003404058516026
720,20626816,534.8712684571022,11.942552441032603,18.902547247940674,75,11.262702941894531,0.9676041666666667,29,0.6896551724137931,0.5774946140942846,29,20,0,9,0.005973819701466709,0.17316989513346925,-2.0632556937634945,0.08491834567394108,0.2528076171875,5.391059295274317,0.4429082079728444,0.010729166666666666,0.12072916666666667,0.20665569778066128,0.020002501434646547,0.3000336594413966
721,20637184,534.6949394066013,13.059592708013952,18.914758482016623,81,11.262702941894531,0.9564043209876543,43,0.5116279069767442,0.5709079433825305,43,22,0,21,0.004682768389102421,0.1779550265346188,-2.0631461702287197,0.09842591485357843,0.23944091796875,5.184136348776519,0.44806233085232017,0.011574074074074073,0.15480324074074073,0.2066842378117144,0.01999899430666119,0.3000506872776896
722,20646784,534.5163671406959,11.748414545087144,18.896481256000698,75,11.262702941894531,0.965,29,0.5172413793103449,0.5655412869753119,29,15,0,14,-0.0023192925182229374,0.1367126656405162,-2.063322378322482,0.08953570204903372,0.224822998046875,5.9367068046703935,0.4161032803853353,0.011979166666666667,0.1590625,0.2066636709496379,0.019999518830445595,0.300045202486217
723,20656384,534.3336472943341,12.116128719062544,18.936840562033467,75,11.262702941894531,0.9526041666666667,40,0.625,0.5714871582777807,40,25,0,16,0.020850379169132793,0.19919247808866203,-2.0631848573684692,0.10966074341558851,0.285400390625,5.671069264411926,0.43185099164644875,0.012604166666666666,0.10364583333333334,0.20667752309236676,0.019998635762021877,0.30003320099785924
724,20665984,534.1537645210349,11.929050112026744,18.930311492993496,75,11.262702941894531,0.9603125,34,0.47058823529411764,0.5613972659794144,34,16,0,18,0.008443459741101833,0.2013627394917421,-2.0641859378665686,0.09048999304650351,0.22576904296875,6.0575652830302715,0.4311357951164246,0.0121875,0.09395833333333334,0.20657161658164114,0.02000014079385437,0.3000367097556591
725,20675584,533.9727993176036,11.931475232937373,18.93834433797747,75,11.262702941894531,0.9596875,37,0.6216216216216216,0.5674197015436352,37,23,0,14,0.01103891843376914,0.16062881296966225,-2.065684374421835,0.11816962296143174,0.2794189453125,5.601898836903274,0.43392701109250387,0.010208333333333333,0.10979166666666666,0.20642110786866397,0.019997560302726924,0.3000316610559821
726,20685184,533.7897504131969,12.086183864972554,18.90007793996483,75,11.262702941894531,0.9575,38,0.4473684210526316,0.5554145734945348,38,17,0,21,0.006883562084112782,0.11557662184350193,-2.069972926750779,0.09828697267221287,0.256256103515625,5.355830202810466,0.41901555776596067,0.01375,0.11010416666666667,0.20599775959271938,0.01999777610762976,0.3000477619934827
727,20694784,533.612492699029,11.711421002983116,18.941160771995783,75,11.262702941894531,0.9640625,28,0.5,0.5498731161450814,28,14,0,14,0.006950638651687768,0.1645272888126783,-2.071412391960621,0.10709230735665187,0.28582763671875,6.3893665336072445,0.4320922593275706,0.012395833333333333,0.07979166666666666,0.20561850781086832,0.020051798142958432,0.3000306016765535
728,20704384,533.4370663706272,11.59157474397216,18.927143217995763,75,11.262702941894531,0.9686458333333333,28,0.39285714285714285,0.5341715188162875,28,11,0,17,0.008398111724090995,0.11641273462737445,-2.069497786462307,0.11318704547011293,0.268310546875,5.384529830887914,0.4528040031592051,0.01,0.1065625,0.20585532032418996,0.020040139177581295,0.30002808454446495
729,20713984,533.2581939321769,12.021034577977844,18.81140093994327,75,11.262702941894531,0.9563541666666666,39,0.48717948717948717,0.5294723156526074,39,19,0,20,0.0023297919797187205,0.1876252316578757,-2.0670311469584703,0.11086836119648069,0.273590087890625,5.025180141441524,0.44226289629936216,0.0096875,0.14552083333333332,0.20628588076215237,0.020000253294711,0.30003270134329796
730,20723584,533.0803968768477,11.841782378964126,18.904195565963164,75,11.262702941894531,0.963125,33,0.5454545454545454,0.5310705386328013,33,18,0,15,0.008108878246275708,0.1756037124141585,-2.065949922427535,0.11402147216722369,0.313079833984375,5.960436079651117,0.45522971868515016,0.0090625,0.1703125,0.20630343712400645,0.02001991205906961,0.3000315281096846
731,20734592,532.9122830967734,13.824022329994477,18.942427924019285,86,11.262702941894531,0.9476744186046512,51,0.6274509803921569,0.5407085828087368,51,32,0,19,0.008509143568517175,0.27530536899575964,-2.0676789097487926,0.12446946496493183,0.313568115234375,5.356661153957248,0.46385147578494496,0.011082848837209303,0.16896802325581395,0.2061252596322447,0.02002073598850984,0.300027331802994
732,20744192,532.7350478599986,11.89089282497298,18.912353747989982,75,11.262702941894531,0.9632291666666667,34,0.5882352941176471,0.5454612539396279,34,20,0,14,0.013550823274272261,0.24067358841421083,-2.066996017470956,0.1071009678998962,0.289459228515625,5.666834002360702,0.4543133513132731,0.009791666666666667,0.1940625,0.20625196222681552,0.020010181280667894,0.3000377551652491
733,20754176,532.5592317870147,12.543159868917428,18.95378287008498,78,11.262702941894531,0.9560296474358975,39,0.7435897435897436,0.5652741029046394,39,29,0,10,0.012866143959399778,0.23635543772252277,-2.063054621219635,0.1189421460730955,0.299407958984375,6.141466233879328,0.44592397946577805,0.01171875,0.17017227564102563,0.20661148626822978,0.020018227995024063,0.30005589686334133
734,20763776,532.3805390871147,11.881243236013688,18.939683382981457,75,11.262702941894531,0.9646875,30,0.6,0.5687466926141754,30,18,0,12,0.008646168809718802,0.24015451682498679,-2.063046984374523,0.11896354903001338,0.3126220703125,5.286462896503508,0.44167866945266726,0.01125,0.1484375,0.20663174765650183,0.020011588450870477,0.3000431088730693
735,20774784,532.2152338336899,13.489830935955979,18.940482012927532,86,11.262702941894531,0.965843023255814,35,0.5142857142857142,0.5633005947813293,35,18,0,17,0.005116761538374703,0.28446780459489673,-2.063362307846546,0.10012512325192802,0.27899169921875,5.737502449192107,0.4453387565391008,0.011900436046511628,0.11228197674418605,0.2066647441824898,0.019998449715785682,0.30004803906194866
736,20784384,532.0340902428974,12.173933581914753,18.913286159047857,75,11.262702941894531,0.9501041666666666,44,0.5681818181818182,0.5637887171213781,44,25,0,19,0.013762806935119443,0.26917578250868246,-2.0644697435200214,0.10602242546156049,0.266937255859375,5.288464882411063,0.44536461353302004,0.01125,0.144375,0.20653563388623297,0.020000308912131004,0.30002501350827515
737,20794496,531.8643738853539,12.423582048038952,18.908982402994297,79,11.262702941894531,0.9622231012658228,36,0.6666666666666666,0.5740765120759069,36,24,0,12,0.01347222582262475,0.3613539399811998,-2.0716516226530075,0.09065749851288274,0.251617431640625,5.520621051080525,0.4608495982387398,0.010680379746835443,0.12658227848101267,0.20582312159240246,0.01999873630120419,0.3000270361080766
738,20805504,531.6995136146894,13.719428894924931,18.965958655113354,86,11.262702941894531,0.9536700581395349,42,0.5714285714285714,0.5738117180111734,42,24,0,18,0.008592134196078405,0.2546771210618317,-2.0732350815087557,0.09218416063231416,0.280670166015625,5.392680751159787,0.47748334428598715,0.010265261627906976,0.13326671511627908,0.20566482504364103,0.020002250690595247,0.3000306363683194
739,20815104,531.5246981218759,11.718077508034185,18.918240200029686,75,11.262702941894531,0.9635416666666666,34,0.7058823529411765,0.5870187815041736,34,24,0,10,0.009551969636959257,0.2333667051861994,-2.0646052453666925,0.10560825650463812,0.268341064453125,5.306104093790054,0.46224990725517273,0.011770833333333333,0.1665625,0.20653883647173643,0.02000005698937457,0.30003638099879026
740,20824704,531.3477277951612,12.067373639089055,18.90740393998567,75,11.262702941894531,0.9596875,36,0.6111111111111112,0.5894280144648674,36,22,0,14,0.006544143943756353,0.2930614086217247,-2.063344642519951,0.10315035114763305,0.274566650390625,5.489246174693108,0.4697807848453522,0.011041666666666667,0.16666666666666666,0.20665246236603707,0.019999032287159935,0.3000148993451148
741,20835712,531.1768743884093,14.1703256679466,18.928990239975974,86,11.262702941894531,0.9494004360465116,52,0.5769230769230769,0.5881775207106884,52,30,0,22,0.014873069230816327,0.37960674485657364,-2.063257561996579,0.1276620813878253,0.286102294921875,5.275828699581325,0.47226879416510115,0.010174418604651164,0.18804505813953487,0.20664530992507935,0.02000309781578835,0.3000173536129296
742,20845312,530.9963762569708,12.217144037946127,18.959325496922247,75,11.262702941894531,0.9510416666666667,41,0.6829268292682927,0.5976524515664488,41,28,0,13,0.01741840515023796,0.28940472478279844,-2.061490211635828,0.11724060936830938,0.275604248046875,6.284085499122739,0.4582020016511281,0.011875,0.17208333333333334,0.2066597994416952,0.020040483941556886,0.3000344689935446
743,20856320,530.8366253565007,13.562884521088563,18.880463796085678,86,8.447027206420898,0.9631177325581395,37,0.6486486486486487,0.6027520712746688,37,24,0,13,0.006033909452526132,0.22679002466611564,-2.06525163911283,0.1011076363211032,0.265472412109375,5.301506771706045,0.44445189175217653,0.012990552325581396,0.14898255813953487,0.206183866946958,0.02006123615137767,0.30006048106588423
744,20865536,530.660570750154,11.332236284040846,18.905778323998675,72,8.447027206420898,0.9766710069444444,25,0.56,0.598476864147202,25,14,0,11,0.01075164145368035,0.27038562134839594,-2.0685630682855844,0.10721412149723619,0.2908935546875,5.456679176539183,0.447098511374659,0.009657118055555556,0.13389756944444445,0.20614181738346815,0.019998763818875886,0.30003538099117577
745,20875776,530.489741913801,12.908164112013765,18.915719378972426,80,8.447027206420898,0.97236328125,38,0.6052631578947368,0.5991554935219555,38,23,0,15,0.013733550578763243,0.33782843849621713,-2.0645897779613733,0.12282992893597111,0.250762939453125,5.365253569558263,0.4336610041558743,0.01279296875,0.1916015625,0.20653771481011063,0.01999753028212581,0.3000393072143197
746,20884992,530.3092808802494,11.600691879051737,18.920476602041163,72,8.447027206420898,0.9682074652777778,38,0.47368421052631576,0.5866083652223916,38,18,0,20,-0.0011050585853809025,0.16413178597576916,-2.064557321369648,0.11441303283208981,0.26312255859375,5.819823803380132,0.4175235426260365,0.012044270833333334,0.1753472222222222,0.2064940796699375,0.020009017403936014,0.3000431298278272
747,20895232,530.1433266736962,12.634914395981468,18.8874058049405,80,8.447027206420898,0.9716796875,33,0.5757575757575758,0.58552328627591,33,19,0,15,0.01873154123313725,0.2120781310950406,-2.0697146132588387,0.07998796927859075,0.2681884765625,5.881905351765454,0.41771726198494435,0.014453125,0.091015625,0.20599505631253123,0.020000683158286847,0.2997947153635323
748,20905472,529.9748069297933,12.847281705006026,18.881759140989743,80,8.447027206420898,0.9705078125,40,0.525,0.579470957648319,40,21,0,19,0.007556827968073776,0.22237134783063084,-2.0709141679108143,0.07997064007213339,0.27728271484375,5.697655135765672,0.41595178209245204,0.01201171875,0.11015625,0.20580176345538348,0.020021532647660933,0.2998452689498663
749,20915712,529.812553429894,12.353883869946003,18.920334752998315,80,8.447027206420898,0.9771484375,27,0.5925925925925926,0.5807831211427463,27,16,0,11,0.009723225424750126,0.16942116676364094,-2.0687187798321247,0.08764171038637869,0.25732421875,6.223961619660258,0.4334383085370064,0.014453125,0.098828125,0.20578712911810726,0.020072497412911616,0.30003125476650894
750,20924928,529.6351675074505,11.58293362997938,18.87941559101455,72,8.447027206420898,0.9685329861111112,37,0.5135135135135135,0.5740561603798231,37,19,0,18,0.010744767128926469,0.213698502862826,-2.068414034321904,0.11992829595692456,0.280792236328125,5.875021172687411,0.4221665606730514,0.013346354166666666,0.1384548611111111,0.20605239970609546,0.020020848329295404,0.30001931404694915
751,20934144,529.4581940647136,11.518295223941095,18.888636708026752,72,8.447027206420898,0.9650607638888888,41,0.3902439024390244,0.5556749345857432,41,16,0,25,0.009499805226369062,0.19385350117227063,-2.0638797748833895,0.11952855717390776,0.316253662109375,5.63832791429013,0.4313339442014694,0.011610243055555556,0.1306423611111111,0.20661337010096759,0.019999540454591624,0.3000575266778469
752,20943360,529.2856700636477,11.256305714021437,18.908164551947266,72,8.447027206420898,0.9762369791666666,27,0.5925925925925926,0.5593667003864282,27,16,0,11,0.01125214331841562,0.21857948327669874,-2.0652662701904774,0.12727023259503767,0.28131103515625,6.008940553292632,0.43751491523451275,0.01171875,0.10340711805555555,0.20646325522102416,0.019998577176011167,0.3000318263657391
753,20952576,529.1142882933674,11.212135910056531,18.916422452079132,72,8.447027206420898,0.9790581597222222,23,0.30434782608695654,0.5338648129564811,23,7,0,16,0.004665508706239052,0.13060146773932502,-2.0624693389981985,0.12462355080060661,0.30133056640625,5.7065341314300895,0.45399541697568363,0.0087890625,0.123046875,0.2066292092204094,0.020027647173264995,0.30004382389597595
754,20962816,528.9447562246173,12.790089588030241,18.90282320708502,80,8.447027206420898,0.9693359375,40,0.7,0.550478331660833,40,28,0,12,0.019897035468602553,0.28771306498674676,-2.0657005719840527,0.12649212271207944,0.274688720703125,5.657576896250248,0.4673383429646492,0.01123046875,0.15546875,0.206320118624717,0.020019780422444455,0.3000320310238749
755,20972032,528.7675751515499,11.658711783005856,18.92197590903379,72,8.447027206420898,0.9659288194444444,40,0.525,0.5479304984947497,40,21,0,19,0.011741097470803652,0.2555664213723503,-2.06986984051764,0.1296644628746435,0.276611328125,5.738399296998978,0.43981407458583516,0.011176215277777778,0.15169270833333334,0.20600712054874748,0.019998321295133792,0.30002120486460626
756,20982272,528.6003209834726,12.791583432001062,18.983500209986232,80,8.447027206420898,0.96748046875,41,0.5121951219512195,0.5443569608403966,41,21,0,21,0.011872451043018373,0.2544158724776935,-2.067043263465166,0.1244010460213758,0.27667236328125,5.482181124389172,0.4405213125050068,0.01181640625,0.1455078125,0.206288268789649,0.019997550698462874,0.30003341333940625
757,20991488,528.4295761087956,11.164934489992447,18.790089520975016,72,8.447027206420898,0.9788411458333334,25,0.52,0.5419212647563569,25,13,0,12,0.002729206458752742,0.18990899331402034,-2.0684770327061415,0.1264889183221385,0.30096435546875,4.9624455058947206,0.43105318521459896,0.011176215277777778,0.15418836805555555,0.206092503038235,0.02001200594531838,0.30004085414111614
758,21000704,528.257375051254,11.396140009979717,18.888756519998424,72,8.447027206420898,0.9748263888888888,28,0.5,0.5377291382807212,28,14,0,14,0.005748312818468548,0.19028205971699208,-2.0708208214491606,0.10152534415828995,0.25396728515625,5.69158420432359,0.4276857603755262,0.0107421875,0.1242404513888889,0.20589173212647438,0.020002742763608694,0.3000318843405694
759,21010944,528.0961792766125,12.51182313496247,18.873489929945208,80,8.447027206420898,0.9708984375,37,0.4864864864864865,0.5326048731012978,37,18,0,19,0.016430502975708805,0.25912170053925365,-2.071483800187707,0.09395328021491878,0.25531005859375,5.412083853967488,0.426830555126071,0.01376953125,0.11328125,0.20576937694568187,0.020018419658299536,0.30004080873914063
760,21020160,527.9209372172069,11.44218119198922,18.9798895920394,72,8.447027206420898,0.9718967013888888,32,0.46875,0.526219385791168,32,15,0,17,0.015605107430019416,0.2491088302922435,-2.06155027076602,0.10458845199900679,0.25689697265625,5.363223264925182,0.4378148317337036,0.014214409722222222,0.12445746527777778,0.20633796288166195,0.02010976154997479,0.3000310375355184
761,21030400,527.7561374293513,12.77226697804872,18.91505860502366,80,8.447027206420898,0.965625,45,0.5333333333333333,0.5269307805453846,45,24,0,21,0.006894318546983413,0.2810720148263499,-2.055926736444235,0.09980910189915448,0.286346435546875,5.538912650197744,0.4268686667084694,0.01337890625,0.14873046875,0.2067007120931521,0.020150625306996517,0.30003035184927285
762,21039616,527.5826007792704,11.424993714084849,18.90427228610497,72,8.447027206420898,0.9755859375,31,0.5161290322580645,0.5258506057166525,31,16,0,15,0.01062522008396627,0.20919871126534417,-2.0605056546628475,0.09569921746151522,0.247100830078125,5.736537180840969,0.4456383018857903,0.010850694444444444,0.1199001736111111,0.20663562370464206,0.02006503271695692,0.30003741825930774
763,21048832,527.4093157467511,11.50083103007637,18.871889668051153,72,8.447027206420898,0.9650607638888888,36,0.6666666666666666,0.539932211811654,36,24,0,12,0.01642261467713979,0.35238599695730954,-2.0622892472893,0.11140051390975714,0.292205810546875,6.0045210141688585,0.45528974880774814,0.010850694444444444,0.1474609375,0.20665517507586628,0.020025128425913863,0.3000413500703871
764,21058048,527.2358633135126,11.502334867022,18.895770775037818,72,8.447027206420898,0.9670138888888888,38,0.6578947368421053,0.5517284643146991,38,25,0,13,0.005850261062732898,0.31740980554604903,-2.058842210099101,0.1203844282135833,0.29998779296875,6.350606980733573,0.46400320985251003,0.012152777777777778,0.14388020833333334,0.20662705088034272,0.020102538444916718,0.30000641546212137
765,21068288,527.0736475965582,12.53706590202637,18.947263546986505,80,8.447027206420898,0.97197265625,36,0.6388888888888888,0.5604445067721181,36,23,0,13,0.009277964712964604,0.3902346158865839,-2.0577924456447363,0.11061928336857818,0.27264404296875,5.905556803569198,0.4344357680529356,0.01201171875,0.16396484375,0.20666753721889108,0.020117618114454672,0.3000247322488576
766,21077504,526.8999622694238,11.486200085957535,18.881524355034344,72,8.447027206420898,0.9739583333333334,30,0.4666666666666667,0.551066722761573,30,14,0,16,0.0014704550194437616,0.2136786511982791,-2.0595996901392937,0.09271456350688823,0.239898681640625,5.440095517784357,0.42077605426311493,0.010525173611111112,0.1596137152777778,0.20670883415732533,0.02007065109501127,0.30004037031903863
767,21086720,526.728375894618,11.418650090927258,18.865130412974395,72,8.447027206420898,0.9771050347222222,26,0.5384615384615384,0.5498062043315696,26,14,0,12,0.01227465760166524,0.2166042608441785,-2.0587877724319696,0.09600105017307214,0.27020263671875,5.610327860340476,0.4271138914757305,0.011284722222222222,0.16341145833333334,0.20665840827859938,0.02009946851467248,0.30004200362600386
768,21095936,526.5544871537974,11.559096815995872,18.8966021790402,72,8.447027206420898,0.9692925347222222,37,0.5945945945945946,0.5542850433578721,37,22,0,15,0.01005523019557586,0.30569707055110484,-2.0587094258517027,0.0983677745971363,0.3074951171875,5.8826251504942775,0.43423648095793194,0.011827256944444444,0.171875,0.20661826338618994,0.020109438235522248,0.3000550779979676
769,21105152,526.3834836862557,11.44079560902901,18.94641236506868,72,8.447027206420898,0.9748263888888888,29,0.5172413793103449,0.5505806769531194,29,15,0,14,0.00047748343786224723,0.12973469396820292,-2.0612768288701773,0.08605790615547448,0.26708984375,6.0153245665133,0.43853729507989353,0.012369791666666666,0.14952256944444445,0.20665139704942703,0.020046459656441584,0.3000451885163784
770,21114368,526.2117074754412,11.612024620058946,18.882447769050486,72,8.447027206420898,0.9675564236111112,38,0.47368421052631576,0.5428910303104391,38,18,0,20,0.013931062872870825,0.25654187973123044,-2.06395785138011,0.08913593270699494,0.26910400390625,5.8084920886904,0.43095830579598743,0.011501736111111112,0.1298828125,0.2065967736998573,0.020000186312245205,0.30004480574280024
771,21123584,526.0409217268319,11.360824674018659,18.938605880946852,72,8.447027206420898,0.9745008680555556,29,0.5172413793103449,0.5403260652104296,29,15,0,14,0.0017937435404746793,0.15122419016552158,-2.0656376592814922,0.07463162939529866,0.239227294921875,5.630555015988648,0.4312211101253827,0.0107421875,0.1240234375,0.20643052703235298,0.019998977004433982,0.3000391807872802
772,21132800,525.8705791316758,11.416634356952272,18.98766002804041,72,8.447027206420898,0.9720052083333334,31,0.5483870967741935,0.541132168366806,31,17,0,14,0.0045020077377557755,0.26997353765182197,-2.0635713804513216,0.09798926950315945,0.2607421875,5.540991275571287,0.4310293114847607,0.011393229166666666,0.18587239583333334,0.20662634307518601,0.020003246536361985,0.30004209792241454
773,21142016,525.6988294244264,11.689989108010195,18.864000606001355,72,8.447027206420898,0.9664713541666666,39,0.6153846153846154,0.548557413068587,39,24,0,15,0.021485397774085868,0.34204613184556365,-2.064233986660838,0.09607077145483345,0.243896484375,5.24674291908741,0.43956176853842205,0.011610243055555556,0.140625,0.2065582397626713,0.019998395422589965,0.29989812802523375
774,21152128,525.5359548934043,12.513661536970176,18.93159395607654,79,8.447027206420898,0.974189082278481,33,0.5454545454545454,0.5482471263071829,33,18,0,15,0.012352503141300986,0.18542264206917025,-2.064589936286211,0.10018673725426197,0.2611083984375,6.092042610049248,0.44669545828541624,0.009889240506329115,0.125,0.20652752183377743,0.019998408984974958,0.3000140921212733
775,21162368,525.3769367163305,12.637698639067821,18.907003413070925,80,8.447027206420898,0.965625,44,0.7045454545454546,0.56387695913101,44,31,0,14,0.011773427248044754,0.2909196180407889,-2.064345983788371,0.09917663037776947,0.25250244140625,5.388955412432551,0.4349733669310808,0.00986328125,0.1384765625,0.20656530582346022,0.019998399322503246,0.3000401398167014
776,21171584,525.2084775915979,11.176453204941936,18.932730377069674,72,8.447027206420898,0.9731987847222222,31,0.5483870967741935,0.5623279728953283,31,17,0,14,0.007257709843543125,0.21775374724529684,-2.0631686598062515,0.08473706865333952,0.251251220703125,5.6946084741503,0.435463837451405,0.011935763888888888,0.12272135416666667,0.2066837880993262,0.01999810681445524,0.30003837239928544
777,21180800,525.040339518247,11.379346176981926,18.93932142702397,72,8.447027206420898,0.9718967013888888,32,0.59375,0.5654701756057955,32,19,0,13,0.008416830256464891,0.24112576211337,-2.0632138662040234,0.08810998252010904,0.270751953125,5.743350944947451,0.44643419401513207,0.009982638888888888,0.13758680555555555,0.20666474581230432,0.02000007733295206,0.30002482677809894
778,21191040,524.8795836181565,12.791535099036992,18.93835652701091,80,8.447027206420898,0.96591796875,44,0.5909090909090909,0.568014067136125,44,26,0,18,0.006899759071529843,0.2322294224286452,-2.0633953884243965,0.09032065127394162,0.273712158203125,5.866999083198607,0.4513938456773758,0.01064453125,0.15029296875,0.2066516518825665,0.020000197051558644,0.30003843433223665
779,21200256,524.7072888609569,11.522303019999526,18.9835062060738,72,8.447027206420898,0.9709201388888888,34,0.7058823529411765,0.5818008957166302,34,24,0,10,0.008164404025592376,0.2836848372244276,-2.063850298523903,0.11041471286443993,0.245697021484375,5.678590415045619,0.42032550068365204,0.011501736111111112,0.16221788194444445,0.20652912033256143,0.02001660551468376,0.30003413977101445
780,21210496,524.5490800922498,12.611942451098002,18.96807446097955,80,8.447027206420898,0.96865234375,38,0.5526315789473685,0.578883964039704,38,21,0,17,0.010258464368234854,0.25189030438195914,-2.064890556037426,0.10761898418422788,0.2904052734375,6.013867387548089,0.4250380858778954,0.01181640625,0.15595703125,0.20634489634539932,0.020033643988426775,0.3000251625198871
781,21219712,524.3829161418618,11.219736806931905,18.971868166001514,72,8.447027206420898,0.9782986111111112,26,0.6538461538461539,0.586380183020349,26,17,0,9,0.00017252259203814901,0.1459916035819333,-2.063440077006817,0.0947064770734869,0.254058837890625,4.981723346747458,0.4398424265285333,0.009548611111111112,0.1431206597222222,0.20657945587299764,0.020017702583572827,0.3000680496916175
782,21228928,524.2140667165269,11.59848470101133,18.912217785953544,72,8.447027206420898,0.9737413194444444,30,0.5,0.5777421647183141,30,15,0,15,0.00024250394562841393,0.17783332979888655,-2.0617582090198994,0.10287729918491095,0.2664794921875,5.416223379783332,0.4439251484970252,0.010525173611111112,0.16221788194444445,0.2066934814210981,0.020029188322951086,0.3000534395687282
783,21238144,524.0473431414723,11.404072973062284,18.955596912070177,72,8.447027206420898,0.9682074652777778,36,0.5277777777777778,0.5727457260242605,36,19,0,17,0.010545418150286423,0.23622485966188833,-2.062140114605427,0.10975439596222714,0.28228759765625,5.355851352214813,0.4316124936772717,0.009765625,0.18934461805555555,0.20669043250381947,0.02002085867570713,0.3000385072082281
784,21247360,523.8775659836482,11.574939080979675,18.90382726606913,72,8.447027206420898,0.9680989583333334,40,0.5,0.5654711534218344,40,20,0,20,0.008784238354564877,0.2642955929040909,-2.0633340254426003,0.10775613415171392,0.271881103515625,5.23776804190129,0.4473922472033236,0.010416666666666666,0.16927083333333334,0.20662392501253635,0.020005041660624556,0.3000237050000578
785,21256576,523.712667782638,11.299753650906496,18.94549306097906,72,8.447027206420898,0.9700520833333334,31,0.6129032258064516,0.5702143606602962,31,19,0,12,0.012843353946664138,0.20054825447732583,-2.064903622493148,0.10782524419482797,0.24322509765625,4.9090318121016026,0.44420579489734435,0.0107421875,0.15342881944444445,0.2065010170917958,0.019998108487925492,0.30003950325772166
786,21265792,523.5465118914492,11.32989200600423,18.934300983091816,72,8.447027206420898,0.9781901041666666,27,0.5185185185185185,0.5650447764461184,27,14,0,13,0.0103290697443299,0.16657870600465685,-2.0649871919304132,0.09506996953859925,0.267333984375,5.9247532887384295,0.42416419337193173,0.009440104166666666,0.1693793402777778,0.20649874117225409,0.0199987146188505,0.30003388808108866
787,21275008,523.3799439806971,11.552072488935664,18.86971562099643,72,8.447027206420898,0.9717881944444444,32,0.5625,0.5647902988015066,32,18,0,14,0.002963184186228318,0.22672924678772688,-2.062195399776101,0.09644238709006459,0.280853271484375,5.994759460911155,0.4358140743441052,0.010633680555555556,0.1423611111111111,0.20669385814107955,0.020019339644932188,0.3000431146938354
788,21284224,523.2141152060899,11.236552622984163,18.950985025032423,72,8.447027206420898,0.9756944444444444,29,0.5172413793103449,0.5600354068523904,29,15,0,14,0.013287293168104952,0.2549094368587248,-2.059607146307826,0.09771469491533935,0.30975341796875,6.95551174134016,0.42675899383094573,0.009006076388888888,0.14366319444444445,0.2066583747509867,0.02008004359959159,0.299987216014415
789,21293440,523.0486270775215,11.3361052100081,18.92581770697143,72,8.447027206420898,0.96875,34,0.47058823529411764,0.551090689696563,34,16,0,18,0.005930894960329169,0.16913936703349464,-2.0574506167322397,0.08819318874157034,0.25482177734375,5.003021338023245,0.4307473028699557,0.010091145833333334,0.14290364583333334,0.20669256907422096,0.020119107895880006,0.3000399728771299
790,21302656,522.8822385976274,11.499427239992656,18.88170159305446,72,8.447027206420898,0.9733072916666666,33,0.48484848484848486,0.5444664692117552,33,16,0,18,0.00845146123538143,0.2092751842283178,-2.063284609466791,0.08517373047652654,0.2410888671875,5.48604077193886,0.4334948423008124,0.009765625,0.14485677083333334,0.20666108408477157,0.020001126380520873,0.30004200618714094
791,21311872,522.7204573249627,11.195619561942294,18.884808225091547,72,8.447027206420898,0.9736328125,27,0.48148148148148145,0.5381679704387279,27,13,0,14,0.008636155835120007,0.14819063953473233,-2.0633533131331205,0.08353396548773162,0.27264404296875,7.190694629214704,0.43996333951751393,0.0107421875,0.17860243055555555,0.20665849233046174,0.019999053998617455,0.3000329115893692
792,21321088,522.5522745132035,11.60230770893395,18.919163910089992,72,8.447027206420898,0.9737413194444444,33,0.5454545454545454,0.5388966279403097,33,18,0,15,0.006163613623357378,0.2462431364110671,-2.063336320221424,0.09018163714790717,0.25164794921875,5.5340499030426145,0.41830584613813293,0.0087890625,0.19921875,0.20665435318369418,0.02000034939555917,0.3000322219450027
793,21330304,522.3877959317853,11.436935105943121,18.930684532038867,72,8.447027206420898,0.9666883680555556,37,0.6216216216216216,0.5471691273084409,37,23,0,14,0.015947644620609935,0.2668635242152959,-2.0667650755494833,0.08135846734512597,0.2674560546875,6.716452546417713,0.4252982913619942,0.011610243055555556,0.12999131944444445,0.2063054075697437,0.019997920899186283,0.300012105377391
794,21339520,522.2228308341391,11.43323282606434,18.903720114030875,72,8.447027206420898,0.9725477430555556,32,0.5625,0.5487022145775968,32,18,0,14,0.007237600439111702,0.19612530327867717,-2.0654293037950993,0.08312305464642122,0.268524169921875,5.561496587470174,0.42624861747026443,0.010199652777777778,0.13465711805555555,0.20645783632062376,0.01999903583782725,0.3000381013844162
795,21348736,522.0569211462264,11.535898991976865,18.93675460794475,72,8.447027206420898,0.9730902777777778,32,0.46875,0.5407069931198372,32,15,0,17,0.00812431732629193,0.2236897317925468,-2.0636190231889486,0.08902590640354902,0.297943115234375,6.639789965003729,0.43095014865199727,0.010199652777777778,0.1320529513888889,0.20662368298508227,0.020000027114292607,0.30001992150209844
796,21357952,521.8935871754835,11.315302696079016,18.929265895974822,72,8.447027206420898,0.9761284722222222,27,0.4074074074074074,0.5273770345485942,27,11,0,16,0.006241348681214731,0.17572937096701935,-2.0636970177292824,0.08699441797216423,0.28350830078125,5.928896081633866,0.4437772259116173,0.008463541666666666,0.1476779513888889,0.20661695359740406,0.02000043264706619,0.30003137048333883
797,21367168,521.73066975871,11.33016505499836,18.90250101906713,72,8.447027206420898,0.9772135416666666,27,0.5185185185185185,0.5264911829455866,27,14,0,13,0.01056442956905812,0.1891631698817946,-2.065955897793174,0.09927256699302234,0.263641357421875,5.088540908880532,0.44514074590471053,0.008246527777777778,0.1547309027777778,0.20638148754369467,0.020002040168037638,0.3000382191967219
798,21377408,521.5740370064216,12.85519899299834,18.944742489024065,80,8.447027206420898,0.9638671875,46,0.5,0.523842064651028,46,23,0,24,0.01590072827093536,0.2572317809681408,-2.0646597295999527,0.11064930885913782,0.295928955078125,5.741564430296421,0.4476353108882904,0.00927734375,0.1767578125,0.2064694919390604,0.02001513795403298,0.30004870262928307
799,21386624,521.4088261497199,11.512066910974681,18.94259737303946,72,8.447027206420898,0.9718967013888888,34,0.5,0.5214578581859253,34,17,0,17,0.010049198303022422,0.25699229538440704,-2.0652058627456427,0.09550950679113157,0.27520751953125,5.781792557798326,0.424341343757179,0.011176215277777778,0.16395399305555555,0.20636779989581555,0.020020093739731237,0.30001715128310025
800,21395840,521.2440242520512,11.608463563024998,18.908853158005513,72,8.447027206420898,0.9704861111111112,34,0.5588235294117647,0.5251944253085092,34,19,0,15,0.015063888080476318,0.17634056927636266,-2.0655247531831264,0.09246795863145962,0.264129638671875,5.367125432007015,0.44706082344055176,0.009006076388888888,0.15494791666666666,0.20644786895718426,0.020000451564555988,0.3000488963443786
801,21405056,521.0837189398862,11.277292785001919,18.90485637204256,72,8.447027206420898,0.97265625,28,0.6071428571428571,0.533389268491944,28,17,0,11,0.00764041025104234,0.24566693062661216,-2.0628866609185934,0.09363067979575135,0.2567138671875,5.417494580149651,0.4360314342710707,0.009223090277777778,0.1708984375,0.20668337668757886,0.020004976249765605,0.3000433489214629
802,21414272,520.9231722782725,11.187461012974381,18.908286774996668,72,8.447027206420898,0.9792751736111112,23,0.6521739130434783,0.5452677329470974,23,15,0,8,-0.0011695264038280584,0.17477948928717524,-2.0631780438125134,0.11464505261392333,0.261016845703125,5.675715049728751,0.43487850659423405,0.010199652777777778,0.1882595486111111,0.20668050227686763,0.01999825295933988,0.30003617727197707
803,21423488,520.7595202663229,11.557330748066306,18.92489463905804,72,8.447027206420898,0.9671223958333334,39,0.4358974358974359,0.5343307032421313,39,17,0,22,0.009187966665194836,0.20857402554247528,-2.0635571628808975,0.13507800933439285,0.290802001953125,5.366379398852587,0.44533542750610244,0.0087890625,0.1781684027777778,0.206631172564812,0.020000787684693933,0.30003555910661817
804,21433728,520.6080106885822,12.651703539071605,18.85635658807587,80,8.447027206420898,0.97138671875,37,0.5135135135135135,0.5322489842692695,37,19,0,18,0.011865104275784688,0.2500203612144105,-2.063194828107953,0.106439474679064,0.301483154296875,5.642978297546506,0.4428608722984791,0.0087890625,0.17880859375,0.20668376865796745,0.019998222356662154,0.3000430976971984
805,21443968,520.4538641187273,12.82831362891011,18.90908470901195,80,8.447027206420898,0.9677734375,43,0.5813953488372093,0.5371636207260635,43,25,0,18,0.014909514120517997,0.2582155365962535,-2.063091602176428,0.11154948829789646,0.274200439453125,5.669564897194505,0.45237580463290217,0.01044921875,0.15185546875,0.2066710473736748,0.020002699049655348,0.3000314680393785
806,21453184,520.2945631254748,11.313472043955699,18.90451269003097,72,8.447027206420898,0.9702690972222222,31,0.6129032258064516,0.5447375812341023,31,19,0,12,0.011461764670457342,0.2509616801980883,-2.0630584694445133,0.11489951406838372,0.295562744140625,5.4786089062690735,0.44736367298497093,0.010633680555555556,0.1597222222222222,0.206676141358912,0.02000270417192951,0.30003117001615465
807,21462400,520.1330051621591,11.436972392955795,18.93524780101143,72,8.447027206420898,0.9740668402777778,33,0.7272727272727273,0.5629910958379648,33,24,0,9,0.011863374944368843,0.26707614259794354,-2.0633134730160236,0.10183665802469477,0.26220703125,5.926344179548323,0.43104806335435975,0.012912326388888888,0.1638454861111111,0.20665030693635345,0.02000063660671003,0.3000187159050256
808,21471616,519.9739725063234,11.22266083105933,18.98828925192356,72,8.447027206420898,0.9729817708333334,29,0.5517241379310345,0.5618644000472718,29,16,0,13,0.0012936543025716674,0.1788730389380362,-2.0631874445825815,0.1008342909917701,0.271636962890625,5.1436661295592785,0.4401186423169242,0.010308159722222222,0.12890625,0.2066809192765504,0.019999119787826203,0.30004341644234955
809,21480832,519.8116793720686,11.611019639996812,18.839697725954466,72,8.447027206420898,0.9685329861111112,39,0.4358974358974359,0.5492677036322882,39,17,0,22,0.009124070580583066,0.1576826039236039,-2.0659988299012184,0.10036144725745544,0.280242919921875,5.552618159912527,0.4378815136022038,0.011501736111111112,0.1323784722222222,0.20638700167182833,0.019997664872789755,0.3000314093660563
810,21491072,519.6597792477555,12.70318336202763,18.953158015967347,80,8.447027206420898,0.97080078125,37,0.5945945945945946,0.5538003927285188,37,22,0,15,0.00430153647903353,0.18002072974923067,-2.0713553726673126,0.10104519291780889,0.252960205078125,5.201005074195564,0.42118513099849225,0.01025390625,0.17021484375,0.2058482338907197,0.02000294216850307,0.30004653288051486
811,21500288,519.4979645706386,11.541404590941966,18.937217838014476,72,8.447027206420898,0.9675564236111112,34,0.47058823529411764,0.5454791769850786,34,16,0,18,0.012296702363528311,0.20570052062976174,-2.0691576581448317,0.10450333086191677,0.271270751953125,5.517678027972579,0.4217733388973607,0.011067708333333334,0.1515842013888889,0.20608238270506263,0.019998616247903556,0.3000349949579686
812,21509504,519.3394680676464,11.29004933591932,18.944394406978972,72,8.447027206420898,0.9781901041666666,28,0.5,0.5409312592865707,28,14,0,14,0.006924314962816425,0.2277249728795141,-2.0640429873019457,0.10714140016352758,0.28094482421875,5.067680849693716,0.4340367548995548,0.011393229166666666,0.1427951388888889,0.20659369544591755,0.019998918767669238,0.3000345155596733
813,21519744,519.1858594870746,12.947469089995138,18.848235663957894,80,8.447027206420898,0.96962890625,38,0.5526315789473685,0.5421012912526505,38,21,0,17,0.005333916469680844,0.2091326792142354,-2.063140571117401,0.1251343471230939,0.32958984375,6.4208549270406365,0.43384994119405745,0.01142578125,0.151171875,0.206685870885849,0.01999867551785428,0.30004063434898853
814,21528960,519.0252476884752,11.30522762297187,18.974706031032838,72,8.447027206420898,0.9764539930555556,28,0.39285714285714285,0.5271768764130997,28,11,0,17,-0.0019144405450788327,0.13091365304717328,-2.063119640573859,0.10745001630857587,0.248046875,4.796956948935986,0.42072759030593765,0.012044270833333334,0.1840277777777778,0.2066463720984757,0.020009129322716035,0.3000513222068548
815,21538944,518.8740710569375,12.168060672003776,18.928509182995185,78,8.447027206420898,0.9709535256410257,35,0.6,0.5344591887717898,35,21,0,14,0.018108439770003315,0.258728772518225,-2.0670287776738405,0.09502625002642162,0.265472412109375,5.254804469645023,0.4229186624288559,0.012720352564102564,0.1321113782051282,0.206249458482489,0.020007076222100295,0.30003569973632693
816,21548160,518.7127435468255,11.466022109962068,18.946714290999807,72,8.447027206420898,0.9650607638888888,39,0.5384615384615384,0.5348594237407647,39,21,0,19,0.008244641248893458,0.2785255663911812,-2.0741731263697147,0.10120008297963068,0.279510498046875,6.08458923920989,0.4358590845432546,0.013237847222222222,0.12467447916666667,0.205489466432482,0.020018080511363223,0.30001532658934593
817,21557376,518.5548670133077,11.410442127962597,18.897779223974794,72,8.447027206420898,0.9711371527777778,34,0.6176470588235294,0.5431381872490412,34,21,0,13,0.01421616731749964,0.21138137657544576,-2.0808641742914915,0.0949129504733719,0.259124755859375,5.0861306404694915,0.4257774249547058,0.0126953125,0.08930121527777778,0.20490904455073178,0.019998218442196958,0.30001415801234543
818,21566592,518.3947072241589,11.580220910022035,18.912430503987707,72,8.447027206420898,0.9718967013888888,33,0.3939393939393939,0.5282183079180764,33,13,0,20,0.0060526273446157575,0.15730628676828928,-2.0863489098846912,0.11612952331779525,0.298919677734375,5.420988967642188,0.42777299508452415,0.011501736111111112,0.09071180555555555,0.20425783388782293,0.0200281068100594,0.30003850837238133
819,21576832,518.2480435736102,12.480942335911095,18.854568921029568,80,8.447027206420898,0.97783203125,29,0.4482758620689655,0.5202240633331654,29,13,0,16,0.0007623589444847312,0.178198597044684,-2.082911605015397,0.10476325103081763,0.25579833984375,5.191836244426668,0.43780749253928664,0.0109375,0.13134765625,0.2046543280594051,0.020017508257296868,0.30005265516228974
820,21586048,518.0886848998656,11.39075469400268,18.930012109922245,72,8.447027206420898,0.9730902777777778,30,0.4666666666666667,0.5148683236665156,30,14,0,16,0.007921998530946439,0.2396959239267744,-2.0797600522637367,0.11682954174466431,0.3114013671875,5.71268446277827,0.42556556769543225,0.010308159722222222,0.16297743055555555,0.20495272194966674,0.020015777598018758,0.3000308149494231
821,21595264,517.9317028297693,11.330976348021068,18.92619577096775,72,8.447027206420898,0.9710286458333334,34,0.4117647058823529,0.5045579618880993,34,14,0,20,0.010215954898740165,0.2127739939314779,-2.0817461125552654,0.1284913906129077,0.285797119140625,4.957197654992342,0.4400196464525329,0.010416666666666666,0.1687282986111111,0.20483976567629725,0.019998661868157797,0.30006022355519235
822,21604480,517.7704295254,11.60995500604622,18.94833641499281,72,8.447027206420898,0.9695095486111112,36,0.4166666666666667,0.49576883236595604,36,15,0,21,0.0032908171124290675,0.16899382768315263,-2.0827008094638586,0.1562999747111462,0.310699462890625,5.166723421774805,0.44500600670774776,0.008138020833333334,0.1611328125,0.2047395621193573,0.019999544601887465,0.3000272926874459
823,21613696,517.610474884378,11.42569592606742,18.8794311870588,72,8.447027206420898,0.9737413194444444,32,0.5,0.49619194912936043,32,16,0,16,0.010792206900077872,0.18812639830866829,-2.076024942100048,0.1421734176692553,0.297943115234375,4.696903037838638,0.43099476852350765,0.010091145833333334,0.201171875,0.20540198707021773,0.020001476106699556,0.30004955478943884
824,21622912,517.4528578269441,11.404358729021624,18.90918685402721,72,8.447027206420898,0.9720052083333334,31,0.5483870967741935,0.5014114638938437,31,17,0,14,0.0047147701916401275,0.23125627770787105,-2.074416793882847,0.13645062752766535,0.318939208984375,5.023879918735474,0.4139788668188784,0.009657118055555556,0.1681857638888889,0.20555003336630762,0.019998546165879816,0.30003416328690946
825,21632128,517.298683321328,11.174875125056133,18.95023801503703,72,8.447027206420898,0.9745008680555556,26,0.5,0.5012703175044593,26,13,0,13,0.010668799011909869,0.17689086859172676,-2.070232218131423,0.11102317168843001,0.280517578125,4.59516126755625,0.4195600222382281,0.013454861111111112,0.12120225694444445,0.2058550431393087,0.02002671145601198,0.30002478836104274
826,21641344,517.1406605498645,11.42902739602141,18.89497529901564,72,8.447027206420898,0.97265625,32,0.46875,0.49801828575401336,32,15,0,17,0.018615805478475522,0.2544466727413237,-2.0626936741173267,0.10514703634544276,0.29052734375,4.848179902881384,0.4345664208134015,0.012261284722222222,0.10340711805555555,0.2066566915018484,0.02001455174467992,0.3000402476172894
827,21650560,516.984983982538,11.434803656069562,18.89122862101067,72,8.447027206420898,0.9697265625,36,0.4166666666666667,0.48988312384527866,36,15,0,21,0.01589067072927719,0.19761159864719957,-2.062761751934886,0.11767460708506405,0.282135009765625,7.168430652469397,0.4579591838022073,0.009331597222222222,0.1416015625,0.20668005826883018,0.02000945394684095,0.300040440633893
828,21660800,516.8338071536186,12.918359703966416,18.931471543968655,80,8.447027206420898,0.9689453125,40,0.55,0.4958948114607508,40,22,0,18,0.0068067948159296066,0.2546639246866107,-2.0631671100854874,0.12406701792497188,0.29559326171875,5.912705874070525,0.4483234748244286,0.0109375,0.174609375,0.20665123802609742,0.020004938094643876,0.3000481759663671
829,21670784,516.684753026395,12.308332332060672,18.98132847598754,78,8.447027206420898,0.9697516025641025,38,0.5526315789473685,0.5015684882094126,38,21,0,17,0.005875830684090033,0.26417138741817325,-2.06329314224422,0.1077800237108022,0.274017333984375,5.586774626746774,0.4381596109805963,0.010116185897435898,0.19280849358974358,0.20666447700932622,0.0199987018131651,0.30003146827220917
830,21680000,516.5308496128656,11.206222740001976,18.9216394770192,72,8.447027206420898,0.9790581597222222,22,0.5909090909090909,0.5105025484793804,22,13,0,9,0.002199905320594553,0.16838522214675322,-2.0658909305930138,0.10421195422532037,0.273345947265625,5.421467592008412,0.4491156248582734,0.008138020833333334,0.1965060763888889,0.20639734098222107,0.019998983727418818,0.3000253438949585
831,21689216,516.3727107211184,11.469588184030727,18.943367270054296,72,8.447027206420898,0.9730902777777778,33,0.5454545454545454,0.5139977481768969,33,18,0,15,0.014072193669562694,0.1759436318243388,-2.0654264092445374,0.12302007025573403,0.2952880859375,5.571576903574169,0.4624297076629268,0.008138020833333334,0.2045355902777778,0.2064589987276122,0.01999876023910474,0.30005106213502586
832,21698432,516.2143650441219,11.664953066036105,18.910463766893372,72,8.447027206420898,0.9590928819444444,47,0.6808510638297872,0.530683079742186,47,32,0,15,0.020534453815344023,0.4126392611069605,-2.0631331857293844,0.12262319220462814,0.2781982421875,5.544359917752445,0.46919915204246837,0.009223090277777778,0.22526041666666666,0.20668358751572669,0.019999558324343525,0.3000341069418937
833,21707648,516.0577722492867,11.490285384003073,18.933114438899793,72,8.447027206420898,0.974609375,32,0.4375,0.5213647717679674,32,14,0,18,0.001958122848009225,0.20245058325235732,-2.0644482374191284,0.11259885507752188,0.2369384765625,5.049519986845553,0.44419153614176643,0.008138020833333334,0.16536458333333334,0.20654500962700695,0.019999367636046372,0.30003818846307695
834,21716864,515.9002123845939,11.418827857938595,18.958321179961786,72,8.447027206420898,0.9682074652777778,33,0.6666666666666666,0.5358949612578373,33,22,0,11,0.013739735672061215,0.3430056276265532,-2.0639448557049036,0.11370695201912895,0.293975830078125,6.124997286126018,0.4654686757259899,0.009548611111111112,0.1843532986111111,0.20660819904878736,0.019999216310679913,0.30004317150451243
835,21726080,515.746734324018,11.332014417974278,18.912787280976772,72,8.447027206420898,0.9737413194444444,31,0.6774193548387096,0.5500474006159245,31,21,0,10,0.008205973637814168,0.32606555614620447,-2.062874486669898,0.10553540021646768,0.250457763671875,5.362681888975203,0.45248886073629063,0.0078125,0.1908637152777778,0.20668449031654745,0.020005445083370432,0.30003305966965854
836,21735296,515.5930313937753,11.402907481999137,18.87998870399315,72,8.447027206420898,0.9750434027777778,28,0.6428571428571429,0.5593283748400464,28,18,0,10,0.012208532341901446,0.3162256510113366,-2.0669412687420845,0.10192702087806538,0.2498779296875,4.847235801629722,0.4536173277431064,0.008138020833333334,0.1884765625,0.20628967403899878,0.01999843056546524,0.3000176374334842
837,21744512,515.4371254561657,11.506232289946638,18.910154187004082,72,8.447027206420898,0.9664713541666666,38,0.5789473684210527,0.561290274198147,38,22,0,16,0.016556938528083265,0.31180939165642485,-2.075413554906845,0.11057349710608833,0.275787353515625,4.672998148016632,0.433625644693772,0.009006076388888888,0.21061197916666666,0.20545035263057798,0.019997603463707492,0.30002917163074017
838,21753728,515.2845879089507,11.43007657804992,18.839927245979197,72,8.447027206420898,0.9741753472222222,30,0.5333333333333333,0.5584945801116656,30,16,0,14,0.006128414741397137,0.2462555132806301,-2.0805541928857565,0.09726661190507002,0.23944091796875,5.245763368904591,0.4192633339100414,0.012369791666666666,0.1382378472222222,0.20492315222509205,0.020007116516353562,0.3000432320404798
839,21762944,515.129752973617,11.493483794969507,18.962582756066695,72,8.447027206420898,0.9743923611111112,33,0.5151515151515151,0.5541602736156506,33,17,0,16,0.010379529834608547,0.23844711296260357,-2.075805565342307,0.11800169374328107,0.285003662109375,5.77622233517468,0.41053754712144536,0.012261284722222222,0.1711154513888889,0.20532645739149302,0.020021744014229625,0.3000420939642936
840,21772160,514.9790804707397,11.151242819963954,18.9159648490604,72,8.447027206420898,0.9735243055555556,27,0.4444444444444444,0.5431886906985299,27,12,0,15,0.011429248210333753,0.25015144422650337,-2.071094136685133,0.09725529755814932,0.271820068359375,4.906211711466312,0.39924497571256423,0.010959201388888888,0.16927083333333334,0.20589388557709754,0.019997723968117498,0.30004029208794236
841,21781376,514.8288013157406,11.130290891043842,18.939411191036925,72,8.447027206420898,0.9818793402777778,21,0.2857142857142857,0.5174412502001055,21,6,0,15,-0.0024889884298318066,0.1527202171855606,-2.067147709429264,0.10982363478979096,0.239044189453125,5.208984047174454,0.4142008353438642,0.010091145833333334,0.1869574652777778,0.20627985685132444,0.01999902589886915,0.3000385141931474
842,21790592,514.6721384080456,11.73951359395869,18.93283091194462,72,8.447027206420898,0.9680989583333334,39,0.46153846153846156,0.5118509713339411,39,18,0,21,0.017034675802278798,0.3124545259634033,-2.0670608896762133,0.10506271774647757,0.257781982421875,4.646966690197587,0.42160384853680927,0.009874131944444444,0.162109375,0.20628977508749813,0.0199997513263952,0.30005888803862035
843,21800320,514.5226787344377,12.079067343031056,18.919816118082963,76,8.447027206420898,0.9725534539473685,33,0.3939393939393939,0.5000598135944864,33,13,0,20,0.011193423586519202,0.23208077662275173,-2.0672218836843967,0.09460156408022158,0.236724853515625,4.3038818053901196,0.4410276201210524,0.008532072368421052,0.15316611842105263,0.2062719586538151,0.01999703122419305,0.3000319020356983
844,21809536,514.3709673360332,11.33860157802701,18.91641544806771,72,8.447027206420898,0.9701605902777778,34,0.4411764705882353,0.4941714792938613,34,15,0,19,-0.002039108243479859,0.2647871025255881,-2.064254293218255,0.10445160311064683,0.25732421875,4.747079691849649,0.4368141107261181,0.010091145833333334,0.1750217013888889,0.20653526985552162,0.02000746903649997,0.3000336200930178
845,21818752,514.2165617639768,11.482555564958602,18.95988754206337,72,8.447027206420898,0.9714626736111112,32,0.59375,0.5041293313644751,32,19,0,13,0.01815543473639991,0.3277249914826825,-2.063549280166626,0.11155398888513446,0.261627197265625,4.964969259686768,0.44708067054549855,0.009657118055555556,0.1669921875,0.20663067733403295,0.02000110095832497,0.30002614250406623
846,21827968,514.0654914276624,11.38508182798978,18.882897839997895,72,8.447027206420898,0.9728732638888888,31,0.4838709677419355,0.5021034950022212,31,15,0,16,0.010750905530585442,0.17007929214742035,-2.065765380859375,0.13098448642995209,0.28277587890625,5.454458765685558,0.4439537413418293,0.009657118055555556,0.16026475694444445,0.20639545924495906,0.020004304038593546,0.3000435368157923
847,21837184,513.9132543233585,11.450726713985205,18.932437930023298,72,8.447027206420898,0.9723307291666666,34,0.5294117647058824,0.5048343219725873,34,18,0,16,0.019651903909107205,0.29343074606731534,-2.068538887426257,0.13143691851291806,0.31719970703125,4.738432648591697,0.4341109117699994,0.010199652777777778,0.18001302083333334,0.2061343127861619,0.01999933617480565,0.30002484330907464
848,21846400,513.764100443447,11.22884333098773,18.937272762996145,72,8.447027206420898,0.9761284722222222,27,0.6296296296296297,0.5173138527382916,27,17,0,10,0.01002536902524298,0.19200237531913444,-2.067485833540559,0.11645602900534868,0.2752685546875,4.758954767137766,0.4279498822159237,0.010850694444444444,0.15559895833333334,0.20624978456180543,0.01999917304783594,0.3000460756011307
849,21855616,513.6122702477851,11.486729672993533,18.893677314044908,72,8.447027206420898,0.9699435763888888,34,0.5294117647058824,0.5185236439350507,34,18,0,16,0.010215393478574697,0.20803402533056214,-2.0639335326850414,0.13241088500944898,0.295806884765625,4.725938199087977,0.4281739944385158,0.009982638888888888,0.17545572916666666,0.20659414492547512,0.019999902244308032,0.30003149108961225
850,21864832,513.4565429200774,11.709253940032795,19.012641489040107,72,8.447027206420898,0.9653862847222222,40,0.475,0.5141712795415456,40,19,0,21,0.012355704544461332,0.24799134506611153,-2.072050603106618,0.10556104194256477,0.24041748046875,4.750981683842838,0.4377427887585428,0.009657118055555556,0.1677517361111111,0.20577418024186045,0.01999787159729749,0.29999352991580963
851,21874048,513.3077179595833,11.172044422943145,18.9304799499223,72,8.447027206420898,0.9763454861111112,25,0.64,0.526754151587391,25,16,0,9,0.009811143725528382,0.15054281390621327,-2.0799043513834476,0.09725849560345523,0.237335205078125,4.993563548661768,0.4318374945885605,0.0087890625,0.14908854166666666,0.20501257095020264,0.019999670883407816,0.3000369102228433
852,21883264,513.1566287709859,11.557356026023626,18.840711197000928,72,8.447027206420898,0.9697265625,36,0.5833333333333334,0.5324120697619853,36,21,0,15,0.00455530449107755,0.2910031227511354,-2.0801500398665667,0.09893427207134664,0.214935302734375,5.2767035337165,0.4065300308995777,0.011610243055555556,0.12163628472222222,0.2049899094272405,0.019999890617327765,0.30003422498703003
853,21892480,513.008161906827,11.254243144998327,18.876755178091116,72,8.447027206420898,0.9764539930555556,27,0.5555555555555556,0.5347264183413424,27,15,0,12,0.004845212122745579,0.20784458849811926,-2.0784694775938988,0.10303377447417006,0.273193359375,4.961849255487323,0.41559767888651955,0.011067708333333334,0.11284722222222222,0.20515510439872742,0.01999917795183137,0.3000253268983215
854,21901696,512.8621102504559,11.109126919996925,18.881125753978267,72,8.447027206420898,0.9755859375,28,0.4642857142857143,0.5276823479357795,28,13,0,15,0.0029435788856062572,0.17699153622379526,-2.075368506833911,0.10466749974875711,0.243408203125,5.326256616041064,0.40946752743588555,0.010091145833333334,0.12120225694444445,0.20544769254047424,0.020002166886115447,0.3000166076235473
855,21910912,512.7114001300317,11.48253634700086,18.919097602018155,72,8.447027206420898,0.9718967013888888,33,0.30303030303030304,0.5052171434452318,33,10,0,23,0.010022239745012484,0.13475711608771235,-2.0711513701826334,0.10560286018881015,0.277557373046875,4.914952993392944,0.4244710107644399,0.009657118055555556,0.1298828125,0.20587343827355653,0.020002346936962567,0.30003943596966565
856,21920128,512.5604218137618,11.526329244021326,18.91687766497489,72,8.447027206420898,0.9718967013888888,33,0.5454545454545454,0.5092408836461632,33,18,0,15,0.010951053158350987,0.1786732897744514,-2.065446911379695,0.12319438171107322,0.2515869140625,4.674099652096629,0.4237753363947074,0.009548611111111112,0.1440972222222222,0.20644746674224734,0.02000079177378211,0.30004056892357767
857,21929344,512.409977320977,11.508263787953183,18.91851462505292,72,8.447027206420898,0.9700520833333334,34,0.38235294117647056,0.4965520893991939,34,13,0,21,0.012388332448608708,0.24053195529268123,-2.064693683758378,0.10682848806027323,0.288421630859375,5.200824464671314,0.44878411334421897,0.008138020833333334,0.1333550347222222,0.2065121108898893,0.019999645970528945,0.2999575827270746
858,21939584,512.2667709218086,12.838954563019797,18.900358736049384,80,8.447027206420898,0.97099609375,36,0.5555555555555556,0.50245243601483,36,20,0,16,0.012177485255961074,0.2829479530919343,-2.0656436160206795,0.1172577451216057,0.271453857421875,5.053035358898342,0.4414964210242033,0.009765625,0.1732421875,0.20642782154027373,0.019998724354081787,0.3000466772355139
859,21948800,512.1207753412275,11.155060386983678,18.916693203966133,72,8.447027206420898,0.9798177083333334,24,0.5416666666666666,0.5063738590800138,24,13,0,11,0.005720257919165306,0.28262137627461925,-2.064607037231326,0.10210781017667614,0.2607421875,4.892673118971288,0.4154312631322278,0.009982638888888888,0.1808810763888889,0.20653604541439563,0.01999842312943656,0.30003219726495445
860,21958016,511.9720711488354,11.364783448982053,18.98153891507536,72,8.447027206420898,0.9710286458333334,33,0.45454545454545453,0.5011910186265578,33,15,0,18,0.01729963275283808,0.2894843175308779,-2.0627844035625458,0.11209436494391412,0.2718505859375,5.680340812541544,0.44374684658315444,0.009982638888888888,0.14029947916666666,0.20665610395371914,0.020012945780763403,0.3000384035985917
861,21967232,511.8201977415277,11.565351955941878,18.932567527983338,72,8.447027206420898,0.9736328125,30,0.3333333333333333,0.48440525009723534,30,10,0,20,0.007109691399818985,0.1772417948814109,-2.0623482819646597,0.12813962396467105,0.28765869140625,5.732041630893946,0.425267305639055,0.010525173611111112,0.17784288194444445,0.20665131974965334,0.020022306824102998,0.30002516717649996
862,21976448,511.6680432660021,11.573220944032073,18.990345324971713,72,8.447027206420898,0.9680989583333334,37,0.5675675675675675,0.49272148184426856,37,21,0,16,0.02127228148310678,0.2104061293648556,-2.0641478542238474,0.1353460032842122,0.257110595703125,5.032573141157627,0.439884221388234,0.011610243055555556,0.1320529513888889,0.20657162962015718,0.01999872096348554,0.30002008099108934
863,21985664,511.52015546053656,11.459260190022178,18.87338271306362,72,8.447027206420898,0.9702690972222222,35,0.6,0.5034493336598417,35,21,0,14,0.016693839814251987,0.28691457415698096,-2.0660714115947485,0.11441558762453496,0.2537841796875,5.2067892560735345,0.44243255547351307,0.013346354166666666,0.12467447916666667,0.20633297704625875,0.020010989828733727,0.3000304359011352
864,21994880,511.37282133253,11.344613821944222,18.944922933005728,72,8.447027206420898,0.9749348958333334,29,0.5862068965517241,0.5117250899490299,29,17,0,12,0.008952313790359767,0.1797315412259195,-2.070034796372056,0.12178811460034922,0.274017333984375,5.032912319526076,0.4520516556998094,0.010416666666666666,0.11881510416666667,0.20594108139630407,0.020010642139823176,0.3000417505390942
865,22005120,511.23257765592047,12.692691702046432,18.925271061016247,80,8.447027206420898,0.96943359375,38,0.42105263157894735,0.5026578441120216,38,16,0,22,0.001359925008728169,0.21134148439159617,-2.0724654216319323,0.1172686391219031,0.230255126953125,5.678768842481077,0.418579825386405,0.011328125,0.169921875,0.20573542651254684,0.020001617362140678,0.3000348745845258
866,22014336,511.08432659193505,11.44719462795183,18.941316685057245,72,8.447027206420898,0.9736328125,31,0.5161290322580645,0.5040049629266259,31,16,0,15,0.008629395812022267,0.2746683185105212,-2.071388605982065,0.11470642589847557,0.24652099609375,5.111757036298513,0.43232124919692677,0.011393229166666666,0.1501736111111111,0.20586098439525813,0.019997854411485605,0.30003681406378746
867,22023552,510.9390084274899,11.254896614002064,18.87502117897384,72,8.447027206420898,0.9815538194444444,23,0.43478260869565216,0.4970827275035285,23,10,0,13,0.008346039543539518,0.22265680524287745,-2.0665721986442804,0.11610522289993241,0.262481689453125,4.638900018297136,0.4198164915045102,0.009440104166666666,0.1808810763888889,0.20635233528446406,0.0199987812229665,0.30006372136995196
868,22033792,510.7942487463994,13.111387484939769,18.964348693960346,80,8.447027206420898,0.962109375,48,0.5833333333333334,0.505707788086509,48,28,0,20,0.020589969884895254,0.3162623335956596,-2.068420134484768,0.0934965765918605,0.248016357421875,5.510147931985557,0.43586589619517324,0.010546875,0.13916015625,0.20613598905038089,0.02000047461478971,0.3000232335180044
869,22043008,510.65118642317435,11.123895748984069,18.893915188964456,72,8.447027206420898,0.9807942708333334,22,0.4090909090909091,0.49604610018694895,22,9,0,13,0.0026654447974578943,0.19543888812768273,-2.0762268379330635,0.09758887137286365,0.262969970703125,5.83407580666244,0.4220350438521968,0.010416666666666666,0.1693793402777778,0.20536277152132243,0.020001843193313107,0.30002908455207944
870,22052224,510.50236810170423,11.594395217951387,18.904035030980594,72,8.447027206420898,0.9672309027777778,38,0.42105263157894735,0.4885467533261488,38,16,0,22,0.006271059606660856,0.20672846847446635,-2.074367955327034,0.09153713073465042,0.23406982421875,5.303265534341335,0.42036471971207195,0.012044270833333334,0.1538628472222222,0.2055514743551612,0.02000244588998612,0.30002275691367686
871,22061952,510.3581313611189,12.160457402002066,18.944629627047107,76,8.447027206420898,0.9717310855263158,33,0.5454545454545454,0.4942375325389884,33,18,0,15,0.015197533582977485,0.28633071307558566,-2.0748944506049156,0.09107594157103449,0.278167724609375,5.41499880515039,0.4268363267183304,0.01069078947368421,0.13168174342105263,0.20548894722014666,0.02000130074156914,0.3000160998199135
872,22071168,510.21635166306675,11.09552051499486,18.856246904004365,72,8.447027206420898,0.9790581597222222,24,0.5416666666666666,0.4989804459517562,24,13,0,11,0.009008402830659179,0.21095327829243615,-2.075838726013899,0.09282926208106801,0.23272705078125,4.527558650821447,0.4240312932266129,0.009765625,0.15592447916666666,0.20541816635522991,0.020000360847916454,0.3000415829010308
873,22080384,510.0636074310773,11.914494197932072,18.973276230040938,72,8.447027206420898,0.9632161458333334,44,0.5681818181818182,0.5059005831747624,44,25,0,19,0.015521173518209253,0.26427522726589814,-2.069660732522607,0.09783857018919662,0.261871337890625,5.719724280294031,0.44879624164766735,0.011501736111111112,0.1298828125,0.20602252194657922,0.02000126063649077,0.30000485689379275
874,22089600,509.92325981544843,10.98289885406848,18.88070753996726,72,8.447027206420898,0.9791666666666666,24,0.5833333333333334,0.5136438581906195,24,14,0,10,0.006585262355656596,0.16094850780791603,-2.063636392354965,0.09260041647939943,0.25189208984375,5.397489282302558,0.44399217516183853,0.010416666666666666,0.1242404513888889,0.20662052265834063,0.020003042387543246,0.30004455079324543
875,22098816,509.7773878770036,11.414901491021737,18.910823966027237,72,8.447027206420898,0.9737413194444444,29,0.3448275862068966,0.49676223099224726,29,10,0,19,-0.005266540960292332,0.13814961042953655,-2.064174210652709,0.1079107106779702,0.234710693359375,5.263944378122687,0.4472123256160153,0.007486979166666667,0.1664496527777778,0.20657407434191555,0.01999792993592564,0.3000385290943086
876,22108032,509.62841908504123,11.68200288200751,18.935975036933087,72,8.447027206420898,0.9663628472222222,38,0.5263157894736842,0.49971758684039097,38,20,0,18,0.016820392542285845,0.3035002959659323,-2.0711274407804012,0.1141946537536569,0.24945068359375,4.892636417411268,0.43328604723016423,0.009982638888888888,0.1838107638888889,0.20587308332324028,0.019998075091280043,0.3000270016491413
877,22118272,509.4930381015233,12.549658993957564,18.943509256932884,80,8.447027206420898,0.9783203125,29,0.5862068965517241,0.5083665178115243,29,17,0,12,0.008824200187518727,0.2761006381479092,-2.075507290661335,0.12224717909703031,0.287445068359375,5.183780734427273,0.4331537034362555,0.01005859375,0.17138671875,0.2054278760915622,0.02000534078979399,0.3000449133105576
878,22127616,509.3432876901976,12.1488547710469,18.797045976971276,73,8.447027206420898,0.967144691780822,40,0.45,0.5025298660303719,40,18,0,22,0.009504183872195426,0.28845193062443286,-2.071734879165888,0.12892376614036039,0.26800537109375,5.100650133565068,0.4425014886137557,0.011344178082191781,0.16887842465753425,0.20579690125305206,0.020005981088615954,0.30001970543526113
879,22136832,509.1985566456147,11.43308602902107,18.90876145893708,72,8.447027206420898,0.9715711805555556,30,0.7,0.5222768794273347,30,21,0,9,0.020345499680843204,0.3095488920225762,-2.0655148196965456,0.12200624239630997,0.26361083984375,5.265941882506013,0.43793860119250083,0.010959201388888888,0.1789279513888889,0.20644328859634697,0.01999808629625477,0.30002726800739765
880,22147072,509.0590185779285,13.010930858086795,18.895860567921773,80,8.447027206420898,0.964453125,47,0.6170212765957447,0.5317513191441757,47,29,0,19,0.011491090877825627,0.32206215464975685,-2.063021134585142,0.11373554545571096,0.264862060546875,5.522070148959756,0.4519395425915718,0.010546875,0.1638671875,0.20667434413917363,0.020002662975457497,0.30002185166813433
881,22156288,508.9139905139735,11.369333625072613,18.97075539501384,72,8.447027206420898,0.9752604166666666,27,0.5185185185185185,0.53042803908161,27,14,0,13,-0.002894887929869583,0.2528639251831919,-2.061602905392647,0.14422113774344325,0.26531982421875,5.377065598964691,0.44253403403692776,0.011067708333333334,0.16731770833333334,0.20667062420397997,0.02003600612806622,0.3000425260979682
882,22165504,508.76997171404514,11.280354059999809,18.920334961032495,72,8.447027206420898,0.9794921875,25,0.6,0.5373852351734489,25,15,0,10,0.0071500693120469805,0.2814134437358007,-2.0616549905389547,0.14773257629713044,0.299560546875,5.031284611672163,0.44076802250411773,0.009657118055555556,0.19791666666666666,0.20668895810376853,0.02003098468412645,0.3000403039623052
883,22174720,508.62424119007164,11.56948832492344,18.906698410981335,72,8.447027206420898,0.9703776041666666,34,0.4411764705882353,0.5277643587149276,34,15,0,19,0.008407744287978858,0.25182638817932457,-2.0631991643458605,0.1469391004065983,0.273040771484375,4.48161303717643,0.41862869511048,0.012261284722222222,0.17296006944444445,0.20667654229328036,0.01999782280472573,0.3000333486124873
884,22183936,508.47546350610173,11.858969048014842,18.91797613701783,72,8.447027206420898,0.9684244791666666,37,0.5135135135135135,0.5263392741947862,37,19,0,18,0.016284284807625227,0.30339375196490437,-2.0633931159973145,0.13178255851380527,0.2860107421875,5.523211613763124,0.4237428787681792,0.010416666666666666,0.1564670138888889,0.2066447181859985,0.020000599659397267,0.30002814740873873
885,22193152,508.3320077646424,11.250727233011276,18.970350840012543,72,8.447027206420898,0.9766710069444444,29,0.3793103448275862,0.5116363812580662,29,11,0,18,0.003129130262095714,0.20887755131116137,-2.062873451039195,0.10188685992034152,0.263092041015625,5.521020674146712,0.41498880088329315,0.011176215277777778,0.11176215277777778,0.20669389853719622,0.02000551373930648,0.3000529441051185
886,22202368,508.19169161648443,11.046492479974404,18.971965869073756,72,8.447027206420898,0.9742838541666666,27,0.4444444444444444,0.504917187576704,27,12,0,15,0.005840747100592125,0.18669019322260283,-2.0631554070860147,0.10742699462571181,0.2723388671875,4.7889161966741085,0.4085936107569271,0.009006076388888888,0.13270399305555555,0.20669594197534025,0.019998983581899665,0.3000718366820365
887,22211584,508.0524900385069,11.049340785946697,18.93366865895223,72,8.447027206420898,0.9840494791666666,18,0.3333333333333333,0.48775880215236694,18,6,0,12,0.00014004315016791224,0.10355879820417613,-2.0630883667618036,0.11252763753873296,0.26025390625,5.418240516446531,0.42352960051761734,0.011176215277777778,0.1423611111111111,0.206682946998626,0.02000002158456482,0.300031561171636
888,22220800,507.90781981646614,11.432555631967261,18.996050348039716,72,8.447027206420898,0.9674479166666666,37,0.4594594594594595,0.48492886788307615,37,17,0,20,0.016611520186415873,0.2668494106619619,-2.0631908159703016,0.09890173096209764,0.242645263671875,4.95606323890388,0.41204264221919906,0.011827256944444444,0.1628689236111111,0.20667500176932663,0.019998944422695786,0.3000325136817992
889,22231040,507.7715880159692,12.908165393979289,18.8951216469286,80,8.447027206420898,0.9712890625,38,0.34210526315789475,0.470646507410558,38,13,0,25,0.004544965464447159,0.13959767440974247,-2.0649674087762833,0.0913131176494062,0.22943115234375,5.347873467486352,0.4136356819421053,0.01044921875,0.13623046875,0.20649676700122654,0.019998924763058312,0.3000440320465714
890,22240256,507.6300722919166,11.107376818079501,18.909068253007717,72,8.447027206420898,0.9758029513888888,27,0.5185185185185185,0.475433708521354,27,14,0,13,0.013353887283301447,0.2219604931306094,-2.0689356103539467,0.10584213063702919,0.283660888671875,5.847500511445105,0.41113675923811066,0.014865451388888888,0.15049913194444445,0.20608756761066616,0.02000128893996589,0.30002630199305713
891,22249472,507.4841271032373,11.618165437947027,18.87396467104554,72,8.447027206420898,0.9678819444444444,37,0.43243243243243246,0.4711335809124619,37,16,0,21,0.013179482280975208,0.28095366194611415,-2.066611336544156,0.10888995777349919,0.277587890625,5.085476812906563,0.42458577040168977,0.013020833333333334,0.15071614583333334,0.20633227669168264,0.019998212170321494,0.29996682330965996
892,22259712,507.34992668427157,12.701456511975266,18.971470827935264,80,8.447027206420898,0.9697265625,39,0.6666666666666666,0.49068688948788236,39,26,0,13,0.01720213078078814,0.2856608852162026,-2.063218802213669,0.12064503546571359,0.249267578125,4.841576903127134,0.4551475331187248,0.01044921875,0.1060546875,0.20667447743471712,0.019998944248072803,0.3000454904977232
893,22269952,507.2195618357444,12.440018482971936,18.863855310948566,80,8.447027206420898,0.97138671875,35,0.4,0.4816182005390941,35,14,0,21,0.004669453071983298,0.18583490743185394,-2.064042402431369,0.1363500211155042,0.280303955078125,5.642662363126874,0.4260123882442713,0.012890625,0.1306640625,0.20657798240426928,0.019999838128569536,0.3000124229583889
894,22279168,507.07452761227177,11.566508420044556,18.958588017034344,72,8.447027206420898,0.9738498263888888,33,0.48484848484848486,0.48194122897003316,33,16,0,17,0.005821295388159342,0.17835803591879085,-2.0681255906820297,0.13264032255392522,0.28271484375,5.471388074569404,0.409290184163385,0.012586805555555556,0.14930555555555555,0.20618194178678095,0.019998546660644934,0.30003959801979363
895,22288384,506.9353558119697,11.214690674911253,18.896345488959923,72,8.447027206420898,0.9751519097222222,28,0.42857142857142855,0.4766042489301727,28,12,0,16,0.010502363966224948,0.15681371398386545,-2.0684650726616383,0.140584341424983,0.29425048828125,5.127600651234388,0.4314343577457799,0.0087890625,0.0915798611111111,0.20614235405810177,0.01999838912161067,0.30001745861954987
896,22297600,506.7962489101901,11.18324840196874,18.93913066398818,72,8.447027206420898,0.9791666666666666,23,0.5217391304347826,0.4811177370806337,23,12,0,11,0.0065009478785214014,0.14596092031570151,-2.067893609404564,0.1459984483080916,0.287017822265625,5.585201991721988,0.43648653146293426,0.009765625,0.10698784722222222,0.206124433898367,0.020017856193589978,0.3000261136330664
897,22307840,506.6615174360581,12.918406449025497,18.846285320003517,80,8.447027206420898,0.966796875,42,0.35714285714285715,0.46872024908685606,42,15,1,26,0.00872716925732675,0.24114155169809237,-2.063671385869384,0.18170887749874964,0.315399169921875,6.219801674596965,0.45856879875063894,0.01025390625,0.14228515625,0.20662437588907778,0.0199997226591222,0.3000264789443463
898,22317056,506.5203941370699,11.445917155011557,18.90672408998944,72,8.447027206420898,0.9727647569444444,34,0.6176470588235294,0.4836129300605234,34,21,0,13,0.0070176341105252504,0.2454308022861369,-2.066748347133398,0.15443187300115824,0.30816650390625,5.010005129501224,0.42946434310740894,0.011393229166666666,0.16959635416666666,0.20626340538728982,0.020009117026347667,0.3000242975540459
899,22327296,506.3860740148433,12.869177271029912,18.91834995104,80,8.447027206420898,0.96435546875,45,0.5333333333333333,0.4885849703878044,45,24,0,21,0.012211091696372023,0.21644566851318814,-2.06965558975935,0.14141401456436142,0.285186767578125,5.172411036211997,0.43079198747873304,0.010546875,0.14560546875,0.2060338786104694,0.01999879397044424,0.3000351570080966
900,22336512,506.24518098207517,11.443288463982753,18.923718267004006,72,8.447027206420898,0.9764539930555556,28,0.6428571428571429,0.5040121876347383,28,18,0,10,0.015804299771843944,0.19385980314109474,-2.064965706318617,0.1402232880354859,0.321380615234375,5.855232902802527,0.41734379529953003,0.011827256944444444,0.14029947916666666,0.20649918634444475,0.019997963550849818,0.3000406688079238
901,22345728,506.10693633390053,11.174303494975902,18.94496645592153,72,8.447027206420898,0.9784071180555556,25,0.52,0.5056109688712644,25,13,0,12,0.008644348876259755,0.23409019247628748,-2.0686648469418287,0.13467715418664739,0.30029296875,5.718678037170321,0.4346799941526519,0.010308159722222222,0.09830729166666667,0.20611859566997737,0.01999739700113423,0.30002512875944376
902,22354944,505.9657368082628,11.544022126006894,18.881129545974545,72,8.447027206420898,0.9673394097222222,37,0.40540540540540543,0.4955904125246785,37,15,0,22,0.00882325203565415,0.19449048303067684,-2.069033369421959,0.13964316190686077,0.3084716796875,5.884098008275032,0.43644821147123974,0.008680555555555556,0.1382378472222222,0.206080136122182,0.020004217425594106,0.3000448739621788
903,22364160,505.8241809284908,11.563138575060293,18.898034294950776,72,8.447027206420898,0.9698350694444444,34,0.5,0.49603137127221064,34,17,0,17,0.00924866338391439,0.1636990964470897,-2.0632705073803663,0.12378089511184953,0.2784423828125,5.289628332480788,0.4405461951262421,0.010199652777777778,0.12000868055555555,0.20655695360619575,0.02002492810424883,0.3000436290167272
904,22374400,505.6913619308068,12.842794851982035,18.91676698299125,80,8.447027206420898,0.96630859375,44,0.4772727272727273,0.49415550687226234,44,21,0,23,0.01676497392327292,0.280099245661404,-2.0630842056125402,0.1302938306471333,0.29254150390625,5.24724190775305,0.4327658351510763,0.01064453125,0.14443359375,0.2066622021375224,0.020003141515189782,0.30002903775312006
905,22384256,505.55861953531553,12.09705306601245,18.89183291606605,77,8.447027206420898,0.9725040584415584,34,0.5882352941176471,0.5035634855968008,34,20,0,14,0.005980206417007139,0.27477278001606464,-2.0640757754445076,0.09900643303990364,0.26031494140625,5.65276762843132,0.4250925523894174,0.00974025974025974,0.13910308441558442,0.20658442075364292,0.020000109972897917,0.30004169465973973
906,22393472,505.42121793489315,11.257299571996555,18.878419056069106,72,8.447027206420898,0.9787326388888888,24,0.625,0.5157071370371207,24,15,0,9,0.005117700271512149,0.1624527234234847,-2.062778417021036,0.10538266078219749,0.284271240234375,5.28344726189971,0.4150543697178364,0.010633680555555556,0.1418185763888889,0.2066464778035879,0.02001643220137339,0.3000449880491942
907,22403712,505.2867679765903,13.069362563081086,18.879383697989397,80,8.447027206420898,0.966796875,41,0.5365853658536586,0.5177949599187744,41,22,0,19,0.007087186011631275,0.2656069258810021,-2.0630879253149033,0.12172773541533388,0.30169677734375,4.98330738209188,0.4288795776665211,0.01015625,0.14169921875,0.20666664035525173,0.020002204764750786,0.3000342396553606
908,22413952,505.1559892510222,12.592469864990562,18.880827673943713,80,8.447027206420898,0.9755859375,33,0.6060606060606061,0.5266215245329576,33,20,0,13,0.008751382389164064,0.12742428510682657,-2.0639422200620174,0.12160546012455598,0.24127197265625,4.924024674110115,0.42647125087678434,0.01337890625,0.12978515625,0.20657299552112818,0.020005546757602133,0.30003585712984204
909,22423168,505.0150813315561,11.547994510037825,18.94247038802132,72,8.447027206420898,0.9689670138888888,34,0.4411764705882353,0.5180770191384854,34,15,0,19,0.017569714931596536,0.1775410932896193,-2.065198227763176,0.11200440392713062,0.263458251953125,4.667583004571497,0.45083079983790714,0.010525173611111112,0.11317274305555555,0.20646877423860133,0.02000194790889509,0.3000615898054093
910,22432384,504.87724925394826,11.373226425028406,18.896522402996197,72,8.447027206420898,0.9712456597222222,35,0.5142857142857142,0.5176978886532082,35,18,0,17,0.0063136597236734815,0.22319149848772213,-2.0646461602300406,0.1320553293917328,0.2760009765625,4.969955140259117,0.437692991975281,0.011176215277777778,0.16807725694444445,0.20646329363808036,0.020012649038108066,0.300022532697767
911,22441600,504.73684364376095,11.438525008969009,18.948966300929897,72,8.447027206420898,0.9686414930555556,34,0.6764705882352942,0.5335751586114168,34,23,0,11,0.011992556144832633,0.2164409511606209,-2.071702478453517,0.10809890856035054,0.289337158203125,5.346177705563605,0.42902497616079116,0.014322916666666666,0.14246961805555555,0.2057555594947189,0.02001276634109672,0.30001582112163305
912,22450816,504.5920881433042,11.96171433699783,18.935649794060737,72,8.447027206420898,0.9643012152777778,45,0.4888888888888889,0.529106531639164,45,22,0,23,0.006963327090488747,0.15522609750041738,-2.0740409567952156,0.11330946476664394,0.2724609375,6.2466105641797185,0.4506211549871498,0.010416666666666666,0.1125217013888889,0.20558998361229897,0.02000094801769592,0.30003512231633067
913,22460032,504.45631874397463,11.25730451499112,18.881759085925296,72,8.447027206420898,0.9751519097222222,25,0.6,0.5361958784752475,25,15,0,10,0.009965113680664217,0.17624239437282085,-2.071451362222433,0.12320167676080018,0.2618408203125,5.445232419297099,0.43671230723460513,0.01171875,0.1435546875,0.20562299457378685,0.020048877180670388,0.3000111614819616
914,22469248,504.31594599484555,11.636507606017403,18.9252053120872,72,8.447027206420898,0.9676649305555556,37,0.5135135135135135,0.5339276419790742,37,19,0,18,0.01682172148139216,0.30760165490210056,-2.0757818818092346,0.12421795137925074,0.289764404296875,5.177531118504703,0.4422372575435374,0.009440104166666666,0.15342881944444445,0.20511626219376922,0.020066029101144522,0.3000365530606359
915,22478464,504.1758742127006,11.447821689071134,18.91511098400224,72,8.447027206420898,0.9737413194444444,32,0.75,0.5555348777811667,32,24,0,8,0.013786770985461771,0.32467168307630345,-2.0720190294086933,0.1265430626226589,0.299652099609375,5.449527185410261,0.43763098700178993,0.010525173611111112,0.1694878472222222,0.20541173114906996,0.020085791446035728,0.30003202403895557
916,22487680,504.03692112061157,11.514222453930415,18.92943171702791,72,8.447027206420898,0.9695095486111112,34,0.5294117647058824,0.5529225664736384,34,18,0,16,0.010442273094668053,0.20221400700393133,-2.059333574026823,0.11218773626023903,0.2596435546875,5.15478774998337,0.43518922643529045,0.011067708333333334,0.1484375,0.20633475144859403,0.020157363993348554,0.30003263032995164
917,22497920,503.9057383092059,12.820570058072917,18.967821998987347,80,8.447027206420898,0.96884765625,39,0.5128205128205128,0.5489123611083258,39,20,0,19,0.019398831274884287,0.2659757523215376,-2.062694603577256,0.11871113802772015,0.248291015625,4.939671433530748,0.44768414944410323,0.01064453125,0.14287109375,0.20636830979492515,0.02007452506222762,0.300034633371979
918,22508160,503.7813338232777,12.34875231795013,18.87866521894466,80,8.447027206420898,0.9759765625,33,0.5757575757575758,0.5515968825732508,33,19,0,14,-0.002011221666180063,0.1546338445332367,-2.065921764820814,0.12704100843984634,0.282928466796875,5.535376453772187,0.4266258545219898,0.0109375,0.1625,0.20639573619700968,0.020001319993752986,0.3000481000635773
919,22517376,503.6453760450866,11.389450720977038,18.85443586600013,72,8.447027206420898,0.9684244791666666,34,0.5294117647058824,0.549378370786514,34,18,0,16,0.0059587561154330615,0.2011588710010983,-2.0648007933050394,0.11206150433281437,0.2567138671875,5.813829894177616,0.42855014983150697,0.009006076388888888,0.15104166666666666,0.20649742148816586,0.02000420424155891,0.30004704813472927
920,22526592,503.5055685971029,11.67085173598025,18.914045418961905,72,8.447027206420898,0.9675564236111112,41,0.6097560975609756,0.5554161434639601,41,25,0,16,0.016416890481195878,0.25625051773386076,-2.0636317636817694,0.12295353124500252,0.291168212890625,4.962624795734882,0.4317268294592698,0.011284722222222222,0.13758680555555555,0.20663514558691531,0.019999529438791797,0.30004863045178354
921,22535808,503.3727525397962,11.06708182906732,18.895402458962053,72,8.447027206420898,0.9778645833333334,23,0.6086956521739131,0.5607440943349554,23,14,0,9,0.010558739122643601,0.1637966646521818,-2.0641382560133934,0.11877762258518487,0.2587890625,5.710157721303403,0.42864954099059105,0.008572048611111112,0.12489149305555555,0.20654215943068266,0.020006916849524714,0.30002614529803395
922,22545024,503.2346091364414,11.508313124999404,18.88591794797685,72,8.447027206420898,0.9691840277777778,36,0.5555555555555556,0.5602252404570155,36,20,0,16,0.014427201698708814,0.1953031153534539,-2.063262429088354,0.14481902006082237,0.307464599609375,5.314318816177547,0.43064909221397507,0.009548611111111112,0.1567925347222222,0.20664276031311601,0.02000491692160722,0.3000275094527751
923,22554240,503.0981798209809,11.456835540942848,18.816286645946093,72,8.447027206420898,0.9716796875,31,0.6451612903225806,0.568718845443572,31,20,0,11,0.013563198343035765,0.2245957293198444,-2.063030181452632,0.13041254365816712,0.290863037109375,4.947947139851749,0.4312720199426015,0.0107421875,0.1450737847222222,0.20669547410216182,0.020001951590529643,0.30005495226942
924,22563456,502.96054216087805,11.452692855964415,18.967215033015236,72,8.447027206420898,0.9742838541666666,31,0.41935483870967744,0.5537824447701825,31,13,0,18,0.003788477974012494,0.12554043880663812,-2.061037251725793,0.1454999638372101,0.298919677734375,5.0235385010018945,0.4512960509293609,0.009657118055555556,0.12163628472222222,0.20669658889528364,0.020043375101522543,0.3000367069616914
925,22572672,502.8269717016364,11.175833690096624,18.89667319005821,72,8.447027206420898,0.9759114583333334,27,0.37037037037037035,0.5354412373302012,27,10,0,17,0.0062540240833186544,0.1586475694202818,-2.0573561135679483,0.1545321131707169,0.322357177734375,5.536826974712312,0.4522129123409589,0.0078125,0.1860894097222222,0.20659155410248786,0.020143227506196126,0.3000319399870932
926,22582912,502.6970137178316,12.916513234027661,18.888190682977438,80,8.447027206420898,0.96484375,44,0.6136363636363636,0.5432607499608175,44,27,0,17,0.022606165239267284,0.4084086283110082,-2.0606054719537497,0.15006896969862282,0.31793212890625,5.140631495043635,0.4589022070169449,0.00966796875,0.22919921875,0.20660943759139627,0.020070516344276257,0.30004612845368683
927,22592128,502.5582518213535,11.620840303017758,18.951293393038213,72,8.447027206420898,0.9695095486111112,38,0.5789473684210527,0.5468294118068411,38,22,0,16,0.014620179859775817,0.322258478961885,-2.0634721778333187,0.145154322439339,0.331817626953125,5.570267739705741,0.46081558739145595,0.009765625,0.1986762152777778,0.2066364629426971,0.020000922231702134,0.3000266265589744
928,22601344,502.41843710866345,11.84278699499555,18.91068572900258,72,8.447027206420898,0.9610460069444444,45,0.7111111111111111,0.563257581737268,45,32,0,13,0.02235016421036562,0.3645053841173649,-2.0633847694844007,0.12009193620178849,0.27606201171875,5.700892444700003,0.4423910743660397,0.012152777777777778,0.1980251736111111,0.20665622863452882,0.019999104173621163,0.30003344314172864
929,22610560,502.2838554382111,11.343693227972835,18.924405734986067,72,8.447027206420898,0.9766710069444444,26,0.6538461538461539,0.5723164389481566,26,17,0,10,0.00800714853903628,0.21604373230366036,-2.0623177029192448,0.09294422462699004,0.259918212890625,5.485438663512468,0.4573359675705433,0.010850694444444444,0.1105685763888889,0.20668452349491417,0.020017403177917004,0.3000317942351103
930,22619776,502.1526175624699,11.125636090058833,18.887998588033952,72,8.447027206420898,0.9769965277777778,26,0.6538461538461539,0.5804694104379564,26,17,0,9,0.010018431079515722,0.17001009988598526,-2.0657479781657457,0.10510449728462845,0.248321533203125,5.3453103099018335,0.4464673639999496,0.010959201388888888,0.11946614583333333,0.20640254591125995,0.020000975026050583,0.3000295334495604
931,22629888,502.02112875317414,12.723231910029426,18.93610099691432,79,8.447027206420898,0.9702333860759493,37,0.4864864864864865,0.5710711180428094,37,18,0,19,0.013453499552269932,0.23734811012400314,-2.0678280666470528,0.15523968619527295,0.2799072265625,5.957671391777694,0.4321198859546758,0.012856012658227849,0.1528876582278481,0.20620020083151758,0.0200011181877926,0.3000308775808662
932,22639104,501.8819502536489,11.6525454899529,18.896239959984086,72,8.447027206420898,0.9649522569444444,41,0.6097560975609756,0.574939615994626,41,25,0,17,0.016048838810093002,0.181359410576988,-2.0717788077890873,0.14291455294005573,0.30706787109375,5.341949662193656,0.44025091123249793,0.014214409722222222,0.119140625,0.2058115293039009,0.019998474992462434,0.3000228414312005
933,22648320,501.7459034566058,11.474546668003313,18.9834147420479,72,8.447027206420898,0.9727647569444444,31,0.3548387096774194,0.5529295253629053,31,11,0,20,0.01717123742128024,0.1749086991767399,-2.072884136810899,0.12755412911064923,0.2880859375,5.346777251921594,0.4295671441488796,0.0107421875,0.1171875,0.2056985666276887,0.02000424571451731,0.30005897069349885
934,22658176,501.61934870888865,12.042355408077128,18.82280461699702,77,8.447027206420898,0.974025974025974,31,0.5806451612903226,0.5557010889556471,31,18,0,13,0.01333966085803695,0.2303624616470188,-2.0703137032687664,0.11481193877989426,0.262939453125,5.666699846275151,0.42722977484975544,0.01075487012987013,0.10359172077922078,0.2058732039295137,0.02002081138198264,0.3000384164042771
935,22667392,501.48966886195745,10.992217351915315,18.933304619975388,72,8.447027206420898,0.9836154513888888,18,0.4444444444444444,0.5445754245045268,18,8,0,10,0.0101252418171498,0.12607882387237623,-2.0639148112386465,0.1380990648176521,0.300994873046875,5.516482439823449,0.43048178652922314,0.010633680555555556,0.13997395833333334,0.2063081864034757,0.02006504921882879,0.30004655686207116
936,22676608,501.34988931410635,11.9150829029968,18.939095812034793,72,8.447027206420898,0.96875,39,0.5128205128205128,0.5413999333361255,39,20,0,19,0.01495128808892332,0.20404447993496433,-2.064395882189274,0.1690467963926494,0.33349609375,4.8561434065923095,0.42567678002847564,0.011393229166666666,0.1613498263888889,0.20648712594993412,0.020012907683849335,0.30004378547891974
937,22685824,501.2152768163024,11.592380205984227,18.8317796390038,72,8.447027206420898,0.9684244791666666,35,0.42857142857142855,0.5301170828596558,35,15,0,20,0.01611454180601868,0.15442500039353035,-2.067902747541666,0.1240018677781336,0.287750244140625,5.143602803349495,0.41994912094540066,0.012803819444444444,0.13020833333333334,0.20617935503832996,0.02000378722732421,0.30002829642035067
938,22695040,501.08172253716555,11.396971666952595,18.85102779697627,72,8.447027206420898,0.9720052083333334,32,0.53125,0.5302303745736902,32,17,0,15,0.010823205349879572,0.19717998337000608,-2.070803478360176,0.11985231685684994,0.2835693359375,5.237162903882563,0.41696808528569007,0.011935763888888888,0.11881510416666667,0.20590318681206554,0.020002233766717836,0.3000383672770113
939,22704256,500.94666714840986,11.474016277003102,18.959311284008436,72,8.447027206420898,0.9699435763888888,35,0.42857142857142855,0.520064479973464,35,15,0,20,0.012529473686299752,0.17159271406126209,-2.0679735261946917,0.11442285162047483,0.267730712890625,5.079717971384525,0.4285487122833729,0.013020833333333334,0.09917534722222222,0.20621173444669694,0.019998859119368717,0.3000621981918812
940,22713472,500.81451192415466,11.197528924094513,18.957708459929563,72,8.447027206420898,0.9807942708333334,22,0.7272727272727273,0.5407853047033903,22,16,0,6,0.017167528880236205,0.17465281326440163,-2.0631728190928698,0.1321532804868184,0.26617431640625,4.848950155079365,0.43943700318535167,0.01171875,0.12293836805555555,0.20668726542498916,0.01999878052447457,0.30005066259764135
941,22723712,500.6897124196595,12.725657947943546,18.89018341805786,80,8.447027206420898,0.96767578125,42,0.6428571428571429,0.5509924885187656,42,27,0,15,0.012474546252633445,0.2120246747508645,-2.0608441028743982,0.1303191701299511,0.272735595703125,5.31262013874948,0.4303527221083641,0.01201171875,0.16201171875,0.20669900672510266,0.020047678146511316,0.3000471245031804
942,22732928,500.5538646140501,11.615983085008338,18.910017076996155,72,8.447027206420898,0.962890625,43,0.4883720930232558,0.5447304489692146,43,21,0,22,0.010140893144125585,0.2004298693209421,-2.0590346194803715,0.11123316519660875,0.271484375,5.965903971344233,0.43489302198092145,0.0126953125,0.12662760416666666,0.2065730831818655,0.020110453609959222,0.3000312924850732
943,22742144,500.42278176476253,11.171403793967329,18.917399330995977,72,8.447027206420898,0.9739583333333334,30,0.7,0.5602574040722932,30,21,0,9,0.01198582141296356,0.2078977495257277,-2.0625739712268114,0.12206057587172836,0.266387939453125,5.5904248943552375,0.44737013594971764,0.011501736111111112,0.130859375,0.20637682115193456,0.020075548891327344,0.3000042897183448
944,22751360,500.28815482497197,11.646708115004003,18.858352762064897,72,8.447027206420898,0.9712456597222222,32,0.5625,0.5604816636650639,32,18,0,14,0.012008271820377558,0.1871485158917494,-2.064488857984543,0.1187808279064484,0.285552978515625,5.021041690371931,0.4456944858862294,0.011284722222222222,0.12141927083333333,0.2064953299704939,0.020011049069580622,0.300054692896083
945,22760704,500.158261136262,11.433506882982329,18.94506395503413,73,8.447027206420898,0.9743150684931506,29,0.7241379310344828,0.5768472904020059,29,21,0,8,0.013338256183487829,0.1987369828275405,-2.0677296556532383,0.12476313303341158,0.27392578125,4.9626561077311635,0.44739847477168254,0.010380993150684931,0.1267123287671233,0.20619092276319861,0.020006862381706014,0.3000472681596875
946,22769920,500.0263452383337,11.39971766504459,18.90586562594399,72,8.447027206420898,0.9754774305555556,30,0.5,0.5691625613618052,30,15,0,15,0.0030629158645751886,0.18180459990981035,-2.066154770553112,0.13960703933844343,0.343658447265625,5.564473539590836,0.44353185552689767,0.011176215277777778,0.18055555555555555,0.2063853993313387,0.019998992327600718,0.30004896642640233
947,22779136,499.8892529051061,11.82513149897568,18.889451983035542,72,8.447027206420898,0.962890625,43,0.4883720930232558,0.5610835145279504,43,21,0,22,0.01907744343407103,0.25268576911184937,-2.063017815351486,0.11148495780071244,0.265869140625,5.362897341139615,0.44529882197578746,0.010850694444444444,0.1420355902777778,0.2066939027281478,0.020002676086733118,0.3000627988949418
948,22788736,499.75920326977,12.0667345370166,18.875886589987203,75,8.447027206420898,0.97125,34,0.6176470588235294,0.5667398689575083,34,21,0,13,0.003965609015722293,0.20934446871979162,-2.063836481422186,0.12238325760699809,0.320343017578125,5.687980857677758,0.4537637539704641,0.010625,0.13645833333333332,0.2065958168823272,0.020001659853733145,0.3000276682432741
949,22797952,499.6245875802442,11.540409664041363,18.90041533706244,72,8.447027206420898,0.9713541666666666,34,0.6470588235294118,0.5747717644146987,34,22,0,12,0.010650267482560594,0.22829013812588528,-2.0675302129238844,0.12147037277463824,0.292938232421875,6.3864653296768665,0.45404138209091294,0.012261284722222222,0.1449652777777778,0.2062284863786772,0.02000077613047324,0.3000292053911835
950,22807168,499.49152697334756,11.477877813973464,18.924108153092675,72,8.447027206420898,0.9721137152777778,33,0.6060606060606061,0.5779006485792894,33,20,0,13,0.007605641101690708,0.22587554017081857,-2.067311592400074,0.1157802794186864,0.28271484375,6.096090835519135,0.45694811766346294,0.010633680555555556,0.1494140625,0.20620654767844826,0.020012680630316027,0.3000339469872415
951,22816384,499.3571974723407,11.663262846996076,18.921068941941485,72,8.447027206420898,0.9675564236111112,35,0.7428571428571429,0.5943962980070747,35,26,0,9,0.012380390719044954,0.2780846443492919,-2.0688626542687416,0.114148075284902,0.265228271484375,5.755600031465292,0.452199241767327,0.010199652777777778,0.18543836805555555,0.2060520794475451,0.02001040815957822,0.30003056582063437
952,22825600,499.2218157596458,11.812884496990591,18.90269077499397,72,8.447027206420898,0.966796875,40,0.6,0.5949566682063672,40,24,0,16,0.004111765039851889,0.21478137228405103,-2.0753931663930416,0.1108818695647642,0.290008544921875,5.556104680523276,0.451403231256538,0.010850694444444444,0.15516493055555555,0.2054319567978382,0.02000582928303629,0.30004515405744314
953,22834816,499.0919145328962,11.356215063948184,18.878632724983618,72,8.447027206420898,0.9756944444444444,27,0.5555555555555556,0.5910165569412861,27,15,0,12,0.010398139591416111,0.20288421801524237,-2.0799053199589252,0.1083820550411474,0.30535888671875,5.126821473240852,0.4359581797487206,0.013020833333333334,0.13563368055555555,0.2050184782128781,0.019999090989585966,0.30005367612466216
954,22844032,498.959151290698,11.603052580961958,18.93729286605958,72,8.447027206420898,0.9715711805555556,32,0.65625,0.5975399012471574,32,21,0,11,0.016885447897948325,0.24486495059682056,-2.0851802714169025,0.09473360140691511,0.251373291015625,5.336081717163324,0.4611258792380492,0.011935763888888888,0.1222873263888889,0.2044924561632797,0.019996883027488366,0.30002968944609165
955,22853248,498.82635769328755,11.58715682500042,18.951943730004132,72,6.335270404815674,0.9715711805555556,32,0.6875,0.6065359111224417,32,22,0,10,0.016518518605153076,0.27114664146211,-2.090815519914031,0.11330587981501594,0.277587890625,5.156795878894627,0.4680011574592855,0.0107421875,0.1238064236111111,0.2039130046032369,0.020005029276944697,0.2999961688183248
956,22862208,498.69222358486815,11.186229003011249,18.931728594005108,70,6.335270404815674,0.9787946428571429,32,0.53125,0.5990073200101975,32,17,0,15,0.012015816173516214,0.27160809736233205,-2.092012647539377,0.1313347175018862,0.264617919921875,5.3015778278931975,0.44144076364380974,0.011272321428571428,0.1654017857142857,0.2038299790583551,0.020000660922960378,0.30002813041210175
957,22871168,498.5560046163634,11.436455657938495,18.900798324961215,70,6.335270404815674,0.9728794642857143,41,0.6097560975609756,0.6000821977652753,41,25,0,16,0.017265521157241892,0.35256187117192894,-2.0833407025784254,0.12489847705001011,0.304779052734375,5.782101555727422,0.4617506316729954,0.0140625,0.1536830357142857,0.20466082578059286,0.02000450158084277,0.30002463096752763
958,22880896,498.4275710914935,12.202394759980962,18.998932430054992,76,6.335270404815674,0.9763569078947368,38,0.7105263157894737,0.6111266095676952,38,27,0,11,0.01456889184191823,0.2476876841392368,-2.078300680965185,0.11568234144942835,0.285736083984375,6.05030054692179,0.4827144989057591,0.012232730263157895,0.13527960526315788,0.20512028539087623,0.020010603169794194,0.300016219727695
959,22889856,498.29558079180714,11.09465501701925,18.905929740983993,70,6.335270404815674,0.9786830357142857,32,0.65625,0.6156389486109257,32,21,0,11,0.017509183984657284,0.17511643271427602,-2.0727086942642927,0.1326998986187391,0.300537109375,6.5712779657915235,0.45792194988046375,0.012053571428571429,0.14720982142857142,0.20566279510967433,0.020014374269521795,0.3000171580351889
960,22898816,498.16176068344345,11.364725523046218,18.843257841072045,70,6.335270404815674,0.9763392857142857,37,0.7027027027027027,0.6243453240201033,37,26,0,11,0.0067355816208873875,0.33881380822276697,-2.0670492947101593,0.11669626474031247,0.277435302734375,6.172965766862035,0.44230742028781345,0.011272321428571428,0.19966517857142857,0.20593725121580064,0.020077000779565424,0.3000454178545624
961,22907776,498.0304068912386,11.090806198073551,18.868669780087657,70,6.335270404815674,0.9821428571428571,26,0.5769230769230769,0.6196030993104007,26,15,0,11,0.01004539762652712,0.1889146356843412,-2.066520042717457,0.1161691450397484,0.271026611328125,5.493983958847821,0.44802102787154063,0.012946428571428572,0.14877232142857144,0.2062432763632387,0.02002183439617511,0.3000505205709487
962,22916736,497.895698695478,11.445641712052748,18.86466834298335,70,6.335270404815674,0.9747767857142857,38,0.631578947368421,0.6208006841162027,38,24,0,14,0.012188028667878825,0.26599197927862406,-2.0631377939134836,0.12188831146340817,0.28875732421875,5.369689798913896,0.4423261834042413,0.010267857142857143,0.20044642857142858,0.20668682211544365,0.01999887179408688,0.3000429302919656
963,22925696,497.76435495374915,11.089577917009592,18.932594473008066,70,6.335270404815674,0.9786830357142857,34,0.6470588235294118,0.6234264980575236,34,22,0,12,0.0038691854970238637,0.191210039134603,-2.0631810910999775,0.12107265001395717,0.29278564453125,5.166595951654017,0.4380558409861156,0.014174107142857143,0.1783482142857143,0.20667785534169525,0.01999946209252812,0.30004197359085083
964,22935424,497.63879568171683,12.118632319034077,18.915959767997265,76,6.335270404815674,0.9756373355263158,36,0.6388888888888888,0.6249727371406602,36,23,0,13,0.0181816304793756,0.2808479863451794,-2.0634926836937666,0.12303280510241166,0.29241943359375,5.330470886081457,0.4361925642741354,0.010999177631578948,0.15080180921052633,0.20664115122053772,0.020000550037366338,0.30004337849095464
965,22944384,497.5061894970907,11.153018789947964,18.926315701915883,70,6.335270404815674,0.98125,30,0.6,0.6224754634265941,30,18,0,12,0.003718455791386077,0.25448724592570215,-2.063734542578459,0.11026370077161118,0.265838623046875,5.438494712114334,0.45647192001342773,0.009933035714285714,0.14620535714285715,0.20661872683558613,0.019998237112304196,0.30003371136263013
966,22953344,497.3742305548013,11.218913716031238,18.9251797409961,70,0.0,0.9765625,34,0.6176470588235294,0.6219926229662877,34,21,0,13,0.009403008829394821,0.28333585837390274,-2.0649369973689318,0.1450164233101532,0.300048828125,5.7732486538589,0.4669692307710648,0.009375,0.17377232142857144,0.2064972873777151,0.01999896923371125,0.3000307830516249
967,22961536,497.23601537266717,10.215307065052912,18.982959676068276,64,0.0,1.0,31,0.7419354838709677,0.6339869090567557,31,23,0,8,0.019797753757302416,0.32681928377132863,-2.0670029427856207,0.14164395292755216,0.27850341796875,5.398302955552936,0.41727647464722395,0.01220703125,0.2052001953125,0.20628023147583008,0.020002228397061117,0.30004485696554184
968,22969728,497.09534168694,10.324872786994092,18.87610719492659,64,0.0,1.0,32,0.5,0.6205882181510802,32,16,0,16,0.017564632380526746,0.21976227246341296,-2.066181570291519,0.1374964648275636,0.29522705078125,5.401289372704923,0.41732087917625904,0.0107421875,0.177978515625,0.2063651189673692,0.020002519609988667,0.3000361865852028
969,22977920,496.95803533920844,10.14491353800986,18.94704824395012,64,0.0,1.0,25,0.6,0.6185293963359721,25,15,0,10,0.0011259253733442165,0.12451838629203849,-2.0650354884564877,0.13143497018609196,0.290679931640625,5.527052454650402,0.42106458405032754,0.0118408203125,0.120849609375,0.2064188151853159,0.020015082962345332,0.30003745947033167
970,22986112,496.8182553459664,10.35154180508107,18.925832160981372,64,0.0,1.0,33,0.5757575757575758,0.6142522142781326,33,19,0,14,0.016767930035712197,0.31916695449035615,-2.0632599256932735,0.12350087289814837,0.293243408203125,5.006278756074607,0.4106752574443817,0.0142822265625,0.1163330078125,0.2066698072012514,0.01999887819692958,0.3000347730703652
971,22994304,496.6828226416715,10.058453577919863,18.888901093043387,64,0.0,1.0,23,0.6086956521739131,0.6136965580677106,23,14,0,9,0.0063950065086828545,0.22234664583811536,-2.062863066792488,0.1074436757771764,0.257354736328125,5.280507244169712,0.40872306376695633,0.011962890625,0.1365966796875,0.20668477774597704,0.020006447157356888,0.30004265788011253
972,23002496,496.5487395803217,9.935080972965807,18.931811637012288,64,0.0,1.0,22,0.6363636363636364,0.6159632658973032,22,14,0,8,0.014412445365451276,0.160604791744845,-2.062921831384301,0.11026339037925936,0.31878662109375,4.772051319479942,0.4185426696203649,0.01318359375,0.1224365234375,0.2066825645742938,0.020005926868179813,0.30005619674921036
973,23010688,496.40867735606724,10.471273498027585,18.938371959957294,64,0.0,1.0,33,0.48484848484848486,0.6028517877924213,33,16,0,17,0.014440746657783166,0.19205647171474993,-2.063026702031493,0.10540371530805714,0.268829345703125,5.268381373025477,0.40936480928212404,0.013427734375,0.104736328125,0.20657647005282342,0.020022553464514203,0.30000531463883817
974,23018880,496.2704843730678,10.220496208989061,18.959546222002245,64,0.0,1.0,26,0.3076923076923077,0.57333583978241,26,8,0,18,0.0024308104475494474,0.11258916830411181,-2.0638112761080265,0.09908527188235894,0.25701904296875,5.228935333900154,0.41345263412222266,0.0128173828125,0.115966796875,0.20659228437580168,0.020004114441690035,0.30003764061257243
975,23027072,496.13415594401647,10.184776089037769,18.930725977988914,64,0.0,1.0,30,0.5333333333333333,0.5693355891375024,30,16,0,14,0.011963383745751344,0.23374004539800808,-2.0630758814513683,0.1108017593214754,0.304840087890625,4.853123631328344,0.41423462703824043,0.01171875,0.148681640625,0.2066839124308899,0.020002255885628983,0.3000449128448963
976,23035264,495.99997375344503,10.018771520932205,18.936063437955454,64,0.0,1.0,28,0.5,0.5624020302237522,28,14,0,14,0.011226604412513552,0.18587522639427334,-2.063460970297456,0.09223162397393025,0.253265380859375,5.118494030088186,0.41455325577408075,0.0145263671875,0.1065673828125,0.20662673888728023,0.020003463636385277,0.3000293346121907
977,23043456,495.86547498816225,10.150928449002095,18.846492746961303,64,0.0,1.0,29,0.4827586206896552,0.5544376892703425,29,14,0,15,0.013398798218986485,0.1610031797317788,-2.0655211936682463,0.09583844500593841,0.246795654296875,5.24372174590826,0.4208468976430595,0.0137939453125,0.1258544921875,0.20643506629858166,0.02000042624422349,0.30003073322586715
978,23051648,495.73151993048117,10.080423034029081,18.89502013695892,64,0.0,1.0,26,0.5384615384615384,0.5528400741894621,26,14,0,12,0.008799883336905623,0.20065817833528854,-2.065988939255476,0.08329204813344404,0.223358154296875,5.037862659431994,0.4269030741415918,0.011474609375,0.109619140625,0.20639674994163215,0.019998430318082683,0.3000357870478183
979,23059840,495.59679444116426,10.170711152954027,18.898192967986688,64,0.0,1.0,29,0.4482758620689655,0.5423836529774125,29,13,0,16,0.006345773159409873,0.15585590701084584,-2.0639985892921686,0.09832402880419977,0.266448974609375,4.857277711853385,0.42672393564134836,0.0133056640625,0.1202392578125,0.20655667094979435,0.02000766918354202,0.30003271298483014
980,23068032,495.4617215632737,10.18883288395591,18.923228073050268,64,0.0,1.0,21,0.5238095238095238,0.5405262400606237,21,11,0,10,0.006361856278090272,0.18027482787147164,-2.0622599069029093,0.10603525806800462,0.26654052734375,5.402633071877062,0.4274290734902024,0.0126953125,0.1341552734375,0.20664828002918512,0.02002689428627491,0.30003802524879575
981,23076224,495.32392083310737,10.320916736032814,18.86597344605252,64,0.0,1.0,32,0.375,0.5239736160545613,32,12,0,20,0.007244018635901739,0.17560058683739044,-2.062797138467431,0.1049043582752347,0.279541015625,5.691387801431119,0.41481165774166584,0.0125732421875,0.1568603515625,0.20668083638884127,0.02000770428276155,0.3000428236555308
982,23084416,495.189726736169,10.019443041994236,18.953469837084413,64,0.0,1.0,26,0.5769230769230769,0.5292685621414128,26,15,0,11,0.005355030039936537,0.18635483671096154,-2.0628855880349874,0.11320740677183494,0.2886962890625,6.5174580803141,0.44083848455920815,0.0133056640625,0.15576171875,0.2066727333003655,0.020006607068353333,0.30003269854933023
983,23092608,495.05440454674283,10.209537426009774,18.844932703999802,64,0.0,1.0,30,0.36666666666666664,0.5130083725939382,30,11,0,19,0.002947357701486908,0.18943041781312786,-2.062810191884637,0.11753180911182426,0.292877197265625,5.75617824587971,0.44045895989984274,0.0106201171875,0.1483154296875,0.20668517448939383,0.02000680567289237,0.30003739707171917
984,23100800,494.92083267564414,10.084646499948576,18.91261121199932,64,0.0,1.0,24,0.5833333333333334,0.5200408686678777,24,14,0,10,0.00885401227424154,0.2796971936477348,-2.0631603859364986,0.13058898213785142,0.314453125,5.912639914546162,0.41286732722073793,0.0120849609375,0.1641845703125,0.206670340616256,0.02000087137275841,0.3000334585085511
985,23108992,494.78405238122133,10.421492725959979,18.91079826001078,64,0.0,1.0,34,0.38235294117647056,0.506272075918737,34,13,0,21,0.013559701154008508,0.19634302303893492,-2.0645025577396154,0.1540693542920053,0.32080078125,5.4359428863972425,0.4077523220330477,0.0130615234375,0.12841796875,0.2065309677273035,0.02000218871398829,0.3000423063058406
986,23117184,494.6514210807198,9.980851028929465,18.88178838591557,64,0.0,1.0,18,0.5555555555555556,0.5112004238824189,18,10,0,8,0.012959491130459355,0.16878564734361134,-2.0643448438495398,0.1316083509591408,0.281005859375,4.7913040751591325,0.4187166397459805,0.012939453125,0.1239013671875,0.20655025052838027,0.020000653254101053,0.3000266880262643
987,23125376,494.5155392093612,10.31748675100971,18.967583063989878,64,0.0,1.0,29,0.3793103448275862,0.49801141597693566,29,11,0,18,0.013216399940574775,0.21874251251574606,-2.0656257178634405,0.146539029548876,0.303924560546875,5.21854239422828,0.4472280899062753,0.008544921875,0.1146240234375,0.2063627034658566,0.02001372052473016,0.30002734158188105
988,23133568,494.381822444379,10.17278125602752,18.918019976001233,64,0.0,1.0,31,0.5483870967741935,0.5030489840566614,31,17,0,14,0.007136307438486256,0.21836511939181946,-2.0658062044531107,0.15762625471688807,0.328765869140625,5.857576327398419,0.4447979563847184,0.01171875,0.10400390625,0.20641038264147937,0.019999704105430283,0.3000311537180096
989,23141760,494.2487134751548,10.15797629300505,18.879690014990047,64,0.0,1.0,28,0.4642857142857143,0.4991726570795667,28,13,0,16,0.007175559796451125,0.2331580304307863,-2.0634905453771353,0.15158553229412064,0.298828125,4.684429733548313,0.4360424471087754,0.0118408203125,0.1302490234375,0.2066432466963306,0.01999832532601431,0.3000293152872473
990,23149952,494.11322864913285,10.270775808021426,18.986926949000917,64,0.0,1.0,28,0.4642857142857143,0.49568396280018145,28,13,1,14,0.009599572804290801,0.24300567246973515,-2.0631509236991405,0.14678925450425595,0.28131103515625,5.547978080809116,0.4399930057115853,0.0106201171875,0.1383056640625,0.2066830643452704,0.019999294061562978,0.3000373274553567
991,23158144,493.97786004660543,10.284884884953499,18.95509464503266,64,0.0,1.0,36,0.5555555555555556,0.5016711220757188,36,20,0,16,0.017664666978816967,0.27706586674321443,-2.063112024217844,0.1523370281793177,0.270263671875,5.340665111318231,0.4420129950158298,0.01171875,0.1837158203125,0.20668521744664758,0.020000507633085363,0.3000548982527107
992,23166336,493.84373870530004,10.005045651923865,18.931429460993968,64,0.0,1.0,23,0.782608695652174,0.5297648794333644,23,18,0,5,0.005786590558273019,0.2189518072991632,-2.0640307310968637,0.16408969124313444,0.277435302734375,5.762361261993647,0.4396144077181816,0.010498046875,0.165283203125,0.20658274495508522,0.019998350384412333,0.30002048751339316
993,23174528,493.70666590066276,10.569376870058477,18.938031049910933,64,0.0,1.0,40,0.525,0.5292883914900279,40,21,0,19,0.015180842510744696,0.31296949536772445,-2.068514049053192,0.1648269399884157,0.298492431640625,5.676381317898631,0.42401997139677405,0.0111083984375,0.164794921875,0.20599018153734505,0.020033395194332115,0.30004474450834095
994,23182720,493.5772482074635,9.910013029002585,18.886485051945783,64,0.0,1.0,17,0.4117647058823529,0.5175360229292605,17,7,0,10,0.003467245140200248,0.09873472117760684,-2.0693818908184767,0.164409460790921,0.326385498046875,5.9982028268277645,0.44106344506144524,0.009033203125,0.120361328125,0.2055488822516054,0.020111500431085005,0.30005089403130114
995,23190912,493.44487803487385,10.061305847018957,18.91802830400411,64,0.0,1.0,31,0.6129032258064516,0.5270727432169796,31,19,0,12,0.01770597398717655,0.23581277386983857,-2.0703660026192665,0.144310763978865,0.303497314453125,5.01802350115031,0.4333498985506594,0.01318359375,0.1363525390625,0.20534713612869382,0.02013160778733436,0.3000021909829229
996,23199104,493.3112291554874,10.154233781970106,18.960161278024316,64,0.0,1.0,25,0.48,0.5223654688952817,25,12,0,13,0.008613407029770315,0.1309849911776837,-2.0767445135861635,0.1607630251091905,0.304779052734375,5.985667547211051,0.4158230107277632,0.0101318359375,0.1497802734375,0.2049153831321746,0.020089594458113424,0.3000470909755677
997,23207296,493.1785899645669,10.245524056022987,18.886747992946766,64,0.0,1.0,29,0.4827586206896552,0.518404784074719,29,14,0,15,0.010439364486956038,0.18141545518301427,-2.0845226366072893,0.12388425291283056,0.33465576171875,7.482683603651822,0.39778663078323007,0.0130615234375,0.1588134765625,0.20443924341816455,0.020024992772960104,0.3000021649058908
998,23215488,493.0480448934968,9.98553969396744,18.933188043069094,64,0.0,1.0,26,0.5,0.5165643056672471,26,13,0,13,0.005931211828283267,0.1909681463148445,-2.084546569734812,0.10441725392593071,0.2398681640625,6.017815402708948,0.4227750822901726,0.012939453125,0.1021728515625,0.20427064702380449,0.02006465510930866,0.3000267471652478
999,23223680,492.9150627591825,10.341712662018836,18.868245343095623,64,0.0,1.0,32,0.4375,0.5086578751005224,32,14,0,19,0.011752927741326857,0.22470394062111154,-2.0801598969846964,0.1254033984732814,0.296295166015625,5.822506181895733,0.40020025009289384,0.0145263671875,0.1290283203125,0.20413809781894088,0.020187799658742733,0.30003438610583544
1000,23231872,492.7868556643278,9.842642480973154,18.9039640360279,64,0.0,1.0,19,0.47368421052631576,0.5051605086431018,19,9,0,10,0.009488356961810496,0.17914745025336742,-2.0816264916211367,0.09896227071294561,0.256927490234375,5.4913466442376375,0.4177478617057204,0.0111083984375,0.09765625,0.2042709533125162,0.020125507871853188,0.30000082589685917
