update,step,fps,sample_fps,collect_s,learn_s,done,success,fail,timeout,success_rate,fail_rate,timeout_rate,pi_loss,v_loss,teacher_loss,entropy,kl,std_mean,std_min,std_max,teacher_coef,mdp_update,mdp_loss,mdp_dyn,mdp_contrast,mdp_idm,mdp_var,mdp_cov,mdp_reward,mdp_done,mdp_value,mdp_retrieval1,mdp_eff_rank
1,8192,1425.8998784326702,1471.889887444799,5.565633727004752,0.17934778000199003,0,0,0,0,0.0,0.0,0.0,0.24715308789163828,0.14250859627500176,0.36428266782313584,2.200016924738884,5.805379925820307,0.507367730140686,0.5063706040382385,0.5088860988616943,1.0,0,0.0,0.0,0.0,0.0,0.0,0.0,0.0,0.0,0.0,0.0,0.0
2,16384,1442.9473499119217,1513.2357174580402,5.413565054994251,0.19248340800550068,0,0,0,0,0.0,0.0,0.0,0.001210839959094301,0.15321680530905724,0.1015003027394414,2.2154368609189987,0.0225671402302396,0.5046249628067017,0.5015738010406494,0.5075628757476807,1.0,0,0.0,0.0,0.0,0.0,0.0,0.0,0.0,0.0,0.0,0.0,0.0
3,24576,1360.4672586357567,1261.3286274158766,6.494738819004851,0.20861930400133133,13,0,13,0,0.0,1.0,0.0,0.014351232716580852,0.5715767581015825,0.10043258545920253,2.203033816814423,0.0660040466587816,0.5045619010925293,0.4937882721424103,0.5173795819282532,1.0,0,0.0,0.0,0.0,0.0,0.0,0.0,0.0,0.0,0.0,0.0,0.0
4,32768,1350.0463211425313,1356.2248515083077,6.040296334998857,0.16329691399732837,6,0,6,0,0.0,1.0,0.0,-0.000715112074976787,0.21413181023672223,0.06004253360442817,2.1961099088191984,0.013325860391341848,0.5017886161804199,0.4901562035083771,0.5218967795372009,1.0,0,0.0,0.0,0.0,0.0,0.0,0.0,0.0,0.0,0.0,0.0,0.0
5,40960,1350.717866926527,1388.7965539234026,5.898632147996977,0.15027230700070504,7,0,7,0,0.0,1.0,0.0,-0.00012659527128562332,0.30633106715977193,0.05096452278085053,2.187388750910759,0.013165319641848328,0.5024027228355408,0.4903815984725952,0.5246525406837463,1.0,0,0.0,0.0,0.0,0.0,0.0,0.0,0.0,0.0,0.0,0.0,0.0
6,49152,1356.500687143376,1424.2036700561855,5.7519863010020345,0.15447218399640406,103,0,4,99,0.0,0.038834951456310676,0.9611650485436893,-0.0014752424322068691,0.22777584958821534,0.05028427913784981,2.1782411336898804,0.010869650616950822,0.4981365203857422,0.48953187465667725,0.513570249080658,1.0,0,0.0,0.0,0.0,0.0,0.0,0.0,0.0,0.0,0.0,0.0,0.0
7,57344,1368.1479315599659,1485.2289298076728,5.515648016000341,0.15769134299625875,0,0,0,0,0.0,0.0,0.0,-0.0022726256866008043,0.056929492158815265,0.0430698262527585,2.1543983578681947,0.009602328349865274,0.49474018812179565,0.48543235659599304,0.5110665559768677,1.0,0,0.0,0.0,0.0,0.0,0.0,0.0,0.0,0.0,0.0,0.0,0.0
8,65536,1372.6490765159872,1444.4411414775875,5.671397583995713,0.14913725899532437,2,0,1,1,0.0,0.5,0.5,-0.0016461661842186003,0.14805602254346012,0.04596356716938317,2.144575947523117,0.00974485664992244,0.49480098485946655,0.48033666610717773,0.5124697089195251,1.0,0,0.0,0.0,0.0,0.0,0.0,0.0,0.0,0.0,0.0,0.0,0.0
9,73728,1366.829047779247,1357.5216561917969,6.034526199000538,0.1590627690020483,13,0,0,13,0.0,0.0,1.0,6.83892285451293e-05,0.1688336843624711,0.043124795379117134,2.1360381573438643,0.009184167226339923,0.4919717013835907,0.47299662232398987,0.5100331902503967,1.0,0,0.0,0.0,0.0,0.0,0.0,0.0,0.0,0.0,0.0,0.0,0.0
10,81920,1371.1494302412243,1452.9412070040062,5.638218504995166,0.16338342800008832,3,0,0,3,0.0,0.0,1.0,-0.0027261635143077,0.22003655806183814,0.03939880640245974,2.1136181920766832,0.006139245127269532,0.48780423402786255,0.46759384870529175,0.5046626925468445,1.0,0,0.0,0.0,0.0,0.0,0.0,0.0,0.0,0.0,0.0,0.0,0.0
11,90112,1370.496601576767,1399.4967271397197,5.853532802997506,0.14932581799803302,8,1,0,7,0.125,0.0,0.875,4.6270305756479504e-05,0.26278205662965776,0.03702073013409972,2.0900661021471025,0.0068215252249501646,0.4840584397315979,0.4595719277858734,0.5026233196258545,1.0,0,0.0,0.0,0.0,0.0,0.0,0.0,0.0,0.0,0.0,0.0,0.0
12,98304,1367.5242710144048,1372.1877401916008,5.970028561001527,0.15993532900029095,102,0,0,102,0.0,0.0,1.0,-0.00220575476414524,0.16219513695687054,0.042990329163149,2.068156835436821,0.006114357975457096,0.48102372884750366,0.4553719162940979,0.5011934041976929,1.0,0,0.0,0.0,0.0,0.0,0.0,0.0,0.0,0.0,0.0,0.0,0.0
13,106496,1371.5052753808181,1465.7168490834852,5.58907404600177,0.17136402300093323,0,0,0,0,0.0,0.0,0.0,-0.0002772652544081211,0.09247269555926323,0.03266435172408819,2.052452617883682,0.006873071219888516,0.47892817854881287,0.4520031213760376,0.5002502202987671,1.0,0,0.0,0.0,0.0,0.0,0.0,0.0,0.0,0.0,0.0,0.0,0.0
14,114688,1372.9485866799812,1430.2759576501792,5.727566037996439,0.15379631699761376,4,0,0,4,0.0,0.0,1.0,-0.0019619541126303375,0.16274652108550072,0.038486350094899535,2.034540244936943,0.00982529875691398,0.47560617327690125,0.4439105689525604,0.4959581196308136,1.0,0,0.0,0.0,0.0,0.0,0.0,0.0,0.0,0.0,0.0,0.0,0.0
15,122880,1370.8554727829285,1377.132936319964,5.948590570995293,0.1515813430014532,11,0,0,11,0.0,0.0,1.0,-0.001822756859473884,0.17220541257411243,0.04570154743269086,2.0223601549863814,0.007596672023646533,0.4753742218017578,0.4433988928794861,0.49707692861557007,1.0,0,0.0,0.0,0.0,0.0,0.0,0.0,0.0,0.0,0.0,0.0,0.0
16,131072,1371.1561986238275,1418.8136045629149,5.773838066997996,0.17778022999846144,5,0,0,5,0.0,0.0,1.0,-0.0010353171499446034,0.19495720248669385,0.047045293543487784,2.007525663077831,0.008582344927708619,0.4705922603607178,0.4387398958206177,0.49229004979133606,1.0,0,0.0,0.0,0.0,0.0,0.0,0.0,0.0,0.0,0.0,0.0,0.0
17,139264,1371.2312847352814,1407.6032659867235,5.819821676996071,0.14471070600120584,6,0,0,6,0.0,0.0,1.0,0.0004585421731462702,0.234407626837492,0.04347198912873864,1.976430857181549,0.00595158691285178,0.46577081084251404,0.43366557359695435,0.48823443055152893,1.0,0,0.0,0.0,0.0,0.0,0.0,0.0,0.0,0.0,0.0,0.0,0.0
18,147456,1371.9205291281767,1420.7147466957858,5.766111753997393,0.15047750999656273,102,0,0,102,0.0,0.0,1.0,-0.0020978945307433606,0.1381337040103972,0.042933525238186124,1.9457555994391442,0.00989932939846767,0.4613860547542572,0.4270959794521332,0.483657568693161,1.0,0,0.0,0.0,0.0,0.0,0.0,0.0,0.0,0.0,0.0,0.0,0.0
19,155648,1375.7964320809615,1491.875476890436,5.491074910001771,0.1571682849971694,0,0,0,0,0.0,0.0,0.0,-0.004707880177011248,0.06701228804886342,0.027507288521155714,1.924380749464035,0.009463859551760833,0.45908984541893005,0.42220646142959595,0.48324769735336304,1.0,0,0.0,0.0,0.0,0.0,0.0,0.0,0.0,0.0,0.0,0.0,0.0
20,163840,1374.4517076113805,1387.6626553216322,5.903452088001359,0.16444563899858622,5,0,0,5,0.0,0.0,1.0,-0.0011294791271211579,0.10615466684103012,0.03965768325142562,1.9065515726804734,0.007363094725587871,0.4566919505596161,0.4189700484275818,0.481625497341156,1.0,0,0.0,0.0,0.0,0.0,0.0,0.0,0.0,0.0,0.0,0.0,0.0
21,172032,1370.3704803701678,1327.429180688232,6.171327343996381,0.15845992200047476,12,2,1,10,0.16666666666666666,0.08333333333333333,0.8333333333333334,0.00036337610217742624,0.19323181193321942,0.04359477972611785,1.8889189437031746,0.008664178018807433,0.45348450541496277,0.4163222312927246,0.4783685505390167,1.0,0,0.0,0.0,0.0,0.0,0.0,0.0,0.0,0.0,0.0,0.0,0.0
22,180224,1369.981380869576,1402.5419330308039,5.840823584003374,0.16831084700243082,4,0,0,4,0.0,0.0,1.0,-0.002292549831327051,0.16490161456167698,0.040972674591466786,1.8722466990351676,0.011543032461486292,0.4517446458339691,0.41299331188201904,0.47734305262565613,1.0,0,0.0,0.0,0.0,0.0,0.0,0.0,0.0,0.0,0.0,0.0,0.0
23,188416,1366.1306302943715,1321.8857048051027,6.1972074970035465,0.1671032060039579,8,1,0,7,0.125,0.0,0.875,-0.001919781166361645,0.24924418032169343,0.04061181782744825,1.854249480366707,0.008034096760093234,0.4477040469646454,0.41142216324806213,0.47091230750083923,1.0,0,0.0,0.0,0.0,0.0,0.0,0.0,0.0,0.0,0.0,0.0,0.0
24,196608,1366.71744991261,1419.9838885524534,5.769079541001702,0.1595133849987178,99,1,0,98,0.010101010101010102,0.0,0.98989898989899,-0.0007232826115796343,0.12273791478946805,0.03319430211558938,1.8280586913228034,0.008757194178178907,0.4444851875305176,0.40796661376953125,0.465821236371994,1.0,0,0.0,0.0,0.0,0.0,0.0,0.0,0.0,0.0,0.0,0.0,0.0
25,204800,1369.2450927787734,1467.6868260853055,5.581572209004662,0.13251738100370858,1,0,0,1,0.0,0.0,1.0,-0.002751988434465602,0.06280574607662856,0.029940868727862835,1.8147592172026634,0.015188943869725335,0.44317102432250977,0.40487006306648254,0.46347492933273315,1.0,0,0.0,0.0,0.0,0.0,0.0,0.0,0.0,0.0,0.0,0.0,0.0
26,212992,1368.844892655459,1391.6582712473898,5.886502576999192,0.13845067599322647,7,0,0,7,0.0,0.0,1.0,-0.004996037692762911,0.16825755983591079,0.043622121680527925,1.8042978316545486,0.00853845506135258,0.44176965951919556,0.4036893844604492,0.4628511369228363,1.0,0,0.0,0.0,0.0,0.0,0.0,0.0,0.0,0.0,0.0,0.0,0.0
27,221184,1368.1736589186075,1390.0745119802625,5.893209270005173,0.1667897229999653,10,0,0,10,0.0,0.0,1.0,-0.0011346740066073835,0.12180161261931062,0.06487843366339803,1.8011683017015456,0.00896258329594275,0.44178900122642517,0.407219797372818,0.4648677110671997,1.0,0,0.0,0.0,0.0,0.0,0.0,0.0,0.0,0.0,0.0,0.0,0.0
28,229376,1367.2242385789245,1379.0492463542519,5.940324481998687,0.16041521899751388,8,0,1,7,0.0,0.125,0.875,0.0005035832349676639,0.10087750712409616,0.052960625290870665,1.7999877780675888,0.015280295976117486,0.441227525472641,0.4070039689540863,0.4664870500564575,1.0,0,0.0,0.0,0.0,0.0,0.0,0.0,0.0,0.0,0.0,0.0,0.0
29,237568,1367.2127598129496,1403.7851411673134,5.835650884000643,0.1532364559971029,6,0,0,6,0.0,0.0,1.0,-0.00031720305560156703,0.06830290802754461,0.049282344384118916,1.7912866458296777,0.007834812294458971,0.4394606053829193,0.4055245816707611,0.4633871018886566,1.0,0,0.0,0.0,0.0,0.0,0.0,0.0,0.0,0.0,0.0,0.0,0.0
30,245760,1368.3782553854803,1444.7042123066922,5.670364860998234,0.16506522300187498,96,0,0,96,0.0,0.0,1.0,-0.0017008089344017208,0.027042581920977683,0.038803683733567594,1.7801266029477119,0.009255883548757993,0.43791601061820984,0.4044933617115021,0.4658817946910858,1.0,0,0.0,0.0,0.0,0.0,0.0,0.0,0.0,0.0,0.0,0.0,0.0
31,253952,1370.0205925131188,1463.7976404212623,5.596401971000887,0.16431679000379518,1,0,0,1,0.0,0.0,1.0,-0.0029375973128480835,0.013562869234010577,0.036219630809500816,1.7692953959107398,0.010135979934420902,0.43636029958724976,0.4029797613620758,0.4661397635936737,1.0,0,0.0,0.0,0.0,0.0,0.0,0.0,0.0,0.0,0.0,0.0,0.0
32,262144,1366.2366043975528,1290.6964382042418,6.346961033996195,0.15917249100311892,11,0,0,11,0.0,0.0,1.0,-0.0006252338236663491,0.022103254648391156,0.04199203480966389,1.7583497419953347,0.013454708676727023,0.4348701238632202,0.4007934331893921,0.46612879633903503,1.0,0,0.0,0.0,0.0,0.0,0.0,0.0,0.0,0.0,0.0,0.0,0.0
33,270336,1365.372002247546,1373.7342277916812,5.963307773999986,0.15480538900010288,7,0,0,7,0.0,0.0,1.0,0.00017236226121895016,0.02127960294019431,0.04903905196115375,1.741059423983097,0.010273161758232164,0.4313657283782959,0.39755502343177795,0.46171098947525024,1.0,0,0.0,0.0,0.0,0.0,0.0,0.0,0.0,0.0,0.0,0.0,0.0
34,278528,1364.5162988723425,1382.7403679008685,5.924467232005554,0.19960814800288063,8,0,0,8,0.0,0.0,1.0,0.0005046983511419967,0.01894571363227442,0.052129668090492486,1.7173675119876861,0.022512734578049275,0.428336501121521,0.39477676153182983,0.4592207074165344,1.0,0,0.0,0.0,0.0,0.0,0.0,0.0,0.0,0.0,0.0,0.0,0.0
35,286720,1364.5332429180828,1400.929741592539,5.847545210002863,0.1493815070061828,6,0,0,6,0.0,0.0,1.0,0.0006228539976291358,0.06318342112936079,0.049964923365041616,1.7016966059803962,0.009365738255291944,0.42698270082473755,0.3947283625602722,0.4611966907978058,1.0,0,0.0,0.0,0.0,0.0,0.0,0.0,0.0,0.0,0.0,0.0,0.0
36,294912,1365.8518752543168,1460.850905179529,5.607690675999038,0.18322387199441437,95,0,0,95,0.0,0.0,1.0,-0.002342226292239502,0.021024577203206718,0.054850286524742844,1.6932416036725044,0.010046384601446334,0.42582499980926514,0.39644673466682434,0.4589425325393677,1.0,0,0.0,0.0,0.0,0.0,0.0,0.0,0.0,0.0,0.0,0.0,0.0
37,303104,1367.3076490339329,1462.7099375579483,5.600563576997956,0.15641555999900447,1,0,0,1,0.0,0.0,1.0,-0.0015432386309839786,0.013427878014044835,0.03643962685018778,1.675820942223072,0.01077675525812083,0.42154356837272644,0.39452269673347473,0.4534111022949219,1.0,0,0.0,0.0,0.0,0.0,0.0,0.0,0.0,0.0,0.0,0.0,0.0
38,311296,1365.2882822871215,1333.6643506040189,6.142475051005022,0.18235360000107903,13,0,0,13,0.0,0.0,1.0,-0.00017317652236670256,0.03700025326106697,0.03983636721968651,1.6446007430553435,0.013537889775761869,0.41705578565597534,0.39104577898979187,0.4483894109725952,1.0,0,0.0,0.0,0.0,0.0,0.0,0.0,0.0,0.0,0.0,0.0,0.0
39,319488,1365.9314731843535,1427.9286059596761,5.736981503003335,0.14987596200080588,5,0,0,5,0.0,0.0,1.0,0.001053304781089537,0.008519534178776666,0.045078696915879846,1.61847742497921,0.009014793020105572,0.4146406352519989,0.38673463463783264,0.45020702481269836,1.0,0,0.0,0.0,0.0,0.0,0.0,0.0,0.0,0.0,0.0,0.0,0.0
40,327680,1364.3662781842268,1353.0085978396105,6.054654799001582,0.21471294599905377,10,0,0,10,0.0,0.0,1.0,0.0009487865085247904,0.01706874311203137,0.055326276319101454,1.6017251044511795,0.02810194026460522,0.4123053550720215,0.3863581717014313,0.45181038975715637,1.0,0,0.0,0.0,0.0,0.0,0.0,0.0,0.0,0.0,0.0,0.0,0.0
41,335872,1364.0611624726744,1392.4299765840608,5.883240189999924,0.16228580399911152,99,0,0,99,0.0,0.0,1.0,0.0008345066336914897,0.0075699618755606934,0.04985664198175073,1.580331812798977,0.015154938278283226,0.40946412086486816,0.3846967816352844,0.4508794844150543,1.0,0,0.0,0.0,0.0,0.0,0.0,0.0,0.0,0.0,0.0,0.0,0.0
42,344064,1364.4336443867505,1414.4620597599237,5.791601085002185,0.14217248200293398,1,1,0,0,1.0,0.0,0.0,-8.474047353956848e-05,0.02127935391617939,0.03151815077289939,1.5697813600301742,0.011437985121665406,0.40948641300201416,0.38296976685523987,0.4518415033817291,1.0,0,0.0,0.0,0.0,0.0,0.0,0.0,0.0,0.0,0.0,0.0,0.0
43,352256,1365.0096603697227,1426.0062372184987,5.744715405999159,0.14732776399614522,2,0,0,2,0.0,0.0,1.0,0.0005586478277109563,0.00757762479770463,0.04318598983809352,1.5571535989642142,0.01048162330989726,0.40559303760528564,0.3781817555427551,0.44825443625450134,1.0,0,0.0,0.0,0.0,0.0,0.0,0.0,0.0,0.0,0.0,0.0,0.0
44,360448,1363.595212378094,1342.454335164129,6.102255983998475,0.16955888100346783,14,0,0,14,0.0,0.0,1.0,0.002446471666917205,0.027165688341483474,0.04615666032768786,1.5336788609623908,0.011348501696920721,0.40405791997909546,0.3793364465236664,0.44668474793434143,1.0,0,0.0,0.0,0.0,0.0,0.0,0.0,0.0,0.0,0.0,0.0,0.0
45,368640,1364.5091363743734,1441.3341841340066,5.683622917000321,0.13779241099837236,3,0,0,3,0.0,0.0,1.0,0.0010499276802875101,0.04788585603237152,0.046627659676596524,1.5233061075210572,0.015275366518471856,0.40205153822898865,0.37819382548332214,0.4420144557952881,1.0,0,0.0,0.0,0.0,0.0,0.0,0.0,0.0,0.0,0.0,0.0,0.0
46,376832,1364.0411721393505,1381.9889245010368,5.927688604999275,0.1676359820048674,9,0,0,9,0.0,0.0,1.0,-0.0004443424812052399,0.02783944180700928,0.046092006098479035,1.4996432662010193,0.006169659257648163,0.39783236384391785,0.3766084313392639,0.438930869102478,1.0,0,0.0,0.0,0.0,0.0,0.0,0.0,0.0,0.0,0.0,0.0,0.0
47,385024,1363.2322663759467,1365.6407971156825,5.998649145003583,0.171483502999763,99,0,0,99,0.0,0.0,1.0,-0.001065837818896398,0.017069869686383753,0.04467569296248257,1.47291506677866,0.008246516076178522,0.3948962390422821,0.3702276945114136,0.4369131028652191,1.0,0,0.0,0.0,0.0,0.0,0.0,0.0,0.0,0.0,0.0,0.0,0.0
48,393216,1364.480049385816,1474.2562259970578,5.55670029099565,0.18576099700294435,1,0,0,1,0.0,0.0,1.0,-0.001336129999253899,0.005952252837596461,0.03129946938715875,1.455836507678032,0.008561992211252801,0.3935090899467468,0.368963360786438,0.4346112608909607,1.0,0,0.0,0.0,0.0,0.0,0.0,0.0,0.0,0.0,0.0,0.0,0.0
49,401408,1365.0819282700754,1433.129032812744,5.716163591998338,0.15481931100657675,3,0,0,3,0.0,0.0,1.0,0.0019348631467437372,0.014279988809721544,0.03967223302461207,1.4431212559342383,0.010760141226273844,0.391824334859848,0.3651772737503052,0.4342527985572815,1.0,0,0.0,0.0,0.0,0.0,0.0,0.0,0.0,0.0,0.0,0.0,0.0
50,409600,1363.7109379946696,1338.818359494701,6.118828548998863,0.18085341800178867,13,0,0,13,0.0,0.0,1.0,0.0036872380995191635,0.0080567460070597,0.0440584575291723,1.4320608854293824,0.015772745875074178,0.3908708989620209,0.36103957891464233,0.4363780915737152,1.0,0,0.0,0.0,0.0,0.0,0.0,0.0,0.0,0.0,0.0,0.0,0.0
51,417792,1364.1371531331101,1423.820600509509,5.7535338349989615,0.15232919999834849,4,0,0,4,0.0,0.0,1.0,0.0015735013090306892,0.01771552939899266,0.04125296445563435,1.4222012922167777,0.013024759115796768,0.38944000005722046,0.3563477694988251,0.4366725981235504,1.0,0,0.0,0.0,0.0,0.0,0.0,0.0,0.0,0.0,0.0,0.0,0.0
52,425984,1362.3767295238983,1308.242258028115,6.261837171005027,0.14385328000207664,8,0,0,8,0.0,0.0,1.0,-0.0022512280673254283,0.018376300326781347,0.04162843911908567,1.4031076803803444,0.010099235770758242,0.38634753227233887,0.3530976176261902,0.4362582266330719,1.0,0,0.0,0.0,0.0,0.0,0.0,0.0,0.0,0.0,0.0,0.0,0.0
53,434176,1362.0193232191768,1386.8870351248781,5.906753609000589,0.1848535940007423,99,0,0,99,0.0,0.0,1.0,0.0036586170666851104,0.018422861630097032,0.04342892952263355,1.3834501460194588,0.015911103993130383,0.3847619891166687,0.3487406075000763,0.4361131191253662,1.0,0,0.0,0.0,0.0,0.0,0.0,0.0,0.0,0.0,0.0,0.0,0.0
54,442368,1362.8914634971438,1462.5228699364914,5.601279930997407,0.2025025699986145,1,0,0,1,0.0,0.0,1.0,-0.0001356220862362534,0.0684190190397203,0.03063622845802456,1.3729520827531814,0.014557203770164052,0.3837294578552246,0.34621769189834595,0.43692585825920105,1.0,0,0.0,0.0,0.0,0.0,0.0,0.0,0.0,0.0,0.0,0.0,0.0
55,450560,1363.2819200374217,1420.2715832579938,5.76791093799693,0.14513067100051558,4,0,0,4,0.0,0.0,1.0,-0.0018349635996855796,0.05833490272052586,0.05072367954999209,1.363675694167614,0.024701801253468148,0.38264763355255127,0.3439829349517822,0.43624499440193176,1.0,0,0.0,0.0,0.0,0.0,0.0,0.0,0.0,0.0,0.0,0.0,0.0
56,458752,1362.893465299837,1371.7062607312887,5.9721240869985195,0.12954064999939874,12,0,0,12,0.0,0.0,1.0,-0.0023857674095779657,0.11618520319461823,0.0379961741855368,1.3560344308614731,0.006906742385399412,0.3817092776298523,0.34273627400398254,0.4350889325141907,1.0,0,0.0,0.0,0.0,0.0,0.0,0.0,0.0,0.0,0.0,0.0,0.0
57,466944,1363.0123575511677,1416.0998472918552,5.784902819999843,0.19291775899910135,6,1,0,5,0.16666666666666666,0.0,0.8333333333333334,-0.002467827690998092,0.13222061861306428,0.040170039935037496,1.3381472423672676,0.009009384688397404,0.3780398964881897,0.3405700922012329,0.4288172721862793,1.0,0,0.0,0.0,0.0,0.0,0.0,0.0,0.0,0.0,0.0,0.0,0.0
58,475136,1362.881418157091,1395.6268048042793,5.869764016999397,0.16800528400199255,8,0,0,8,0.0,0.0,1.0,-0.0011732419836334885,0.07995461034588516,0.042750647058710456,1.3083782941102982,0.012293299067823681,0.37468963861465454,0.33791473507881165,0.42881685495376587,1.0,0,0.0,0.0,0.0,0.0,0.0,0.0,0.0,0.0,0.0,0.0,0.0
59,483328,1363.1968856687276,1417.5338758494206,5.779050602999632,0.14591938100056723,97,0,0,97,0.0,0.0,1.0,-0.0013974306522868574,0.039284328022040425,0.03645533313974738,1.2879823967814445,0.010266368969678297,0.3724534511566162,0.33605489134788513,0.4262727200984955,1.0,0,0.0,0.0,0.0,0.0,0.0,0.0,0.0,0.0,0.0,0.0,0.0
60,491520,1364.2181653772557,1467.0968202911965,5.583816886995919,0.14552573599939933,1,0,0,1,0.0,0.0,1.0,-0.001669617072911933,0.019420359027571978,0.032085450389422475,1.2736997798085212,0.015856825581067824,0.37189048528671265,0.33460888266563416,0.42708396911621094,1.0,0,0.0,0.0,0.0,0.0,0.0,0.0,0.0,0.0,0.0,0.0,0.0
61,499712,1364.1403968685968,1394.865345003942,5.8729683329947875,0.1429946860007476,7,0,0,7,0.0,0.0,1.0,-0.0006600092718144878,0.03104532780125737,0.038196240761317314,1.2719120681285858,0.008878721710425452,0.37212544679641724,0.3323385417461395,0.42760169506073,1.0,0,0.0,0.0,0.0,0.0,0.0,0.0,0.0,0.0,0.0,0.0,0.0
62,507904,1362.5045271495064,1302.643056768266,6.288752668995585,0.15354382099758368,10,0,0,10,0.0,0.0,1.0,-0.004227388469735161,0.0666037792339921,0.042646508850157264,1.263697038590908,0.01086422997614136,0.3694917559623718,0.32974061369895935,0.4234336018562317,1.0,0,0.0,0.0,0.0,0.0,0.0,0.0,0.0,0.0,0.0,0.0,0.0
63,516096,1362.1316302304324,1383.2070612086948,5.922468319993641,0.19038976800220553,7,0,0,7,0.0,0.0,1.0,-0.0037434092606417834,0.04610464526340365,0.04631541552953422,1.2460729733109475,0.014006535941007314,0.367766797542572,0.3255714476108551,0.42224258184432983,1.0,0,0.0,0.0,0.0,0.0,0.0,0.0,0.0,0.0,0.0,0.0,0.0
64,524288,1361.7818711993125,1379.0307358518148,5.94040421799582,0.16647346899844706,7,0,0,7,0.0,0.0,1.0,-0.003594614320900291,0.042343494249507785,0.04467512029223144,1.2316596880555153,0.014657459960653796,0.3665672242641449,0.3226265609264374,0.4218478202819824,1.0,0,0.0,0.0,0.0,0.0,0.0,0.0,0.0,0.0,0.0,0.0,0.0
65,532480,1362.0769981294225,1419.9026913710602,5.769409446002101,0.15787276499759173,96,0,0,96,0.0,0.0,1.0,-0.0004994525399524719,0.018982207216322423,0.04127720599062741,1.2149703443050384,0.008508656493359013,0.36376309394836426,0.3186642527580261,0.4217642843723297,1.0,0,0.0,0.0,0.0,0.0,0.0,0.0,0.0,0.0,0.0,0.0,0.0
66,540672,1362.841027730547,1455.5486987221486,5.628118116001133,0.1605919880021247,2,0,0,2,0.0,0.0,1.0,-0.003412218889570795,0.01260355583508499,0.03583785546943545,1.185956908762455,0.00765095338174433,0.35999807715415955,0.3155099153518677,0.416404664516449,1.0,0,0.0,0.0,0.0,0.0,0.0,0.0,0.0,0.0,0.0,0.0,0.0
67,548864,1362.5960833538934,1388.6641656472668,5.899194493998948,0.18039796199445846,8,0,0,8,0.0,0.0,1.0,-0.0007775830803439021,0.03388542989268899,0.04292531092651188,1.1680481806397438,0.00786841317822109,0.3595287501811981,0.3144509792327881,0.41885802149772644,1.0,0,0.0,0.0,0.0,0.0,0.0,0.0,0.0,0.0,0.0,0.0,0.0
68,557056,1362.5483324913848,1398.6541886471045,5.85705892599799,0.16640029999689432,8,0,0,8,0.0,0.0,1.0,-0.002703261037822813,0.034391948697157206,0.044637715071439744,1.1584606289863586,0.010578978893681779,0.3577365577220917,0.31179970502853394,0.4193367063999176,1.0,0,0.0,0.0,0.0,0.0,0.0,0.0,0.0,0.0,0.0,0.0,0.0
69,565248,1362.0398868720545,1357.7359257686571,6.0335738669964485,0.12958290499955183,10,0,0,10,0.0,0.0,1.0,-0.001862389431335032,0.022740205598529427,0.043753851763904096,1.1463169172406196,0.008891836421389599,0.3571331202983856,0.3102669417858124,0.4197690486907959,1.0,0,0.0,0.0,0.0,0.0,0.0,0.0,0.0,0.0,0.0,0.0,0.0
70,573440,1362.2190319674573,1410.3592653738815,5.808449096002732,0.14725669100153027,5,0,0,5,0.0,0.0,1.0,-0.003361944411881268,0.005611209606286138,0.04937814036384225,1.1371432065963745,0.017822333955700743,0.3556240499019623,0.3070008456707001,0.41850191354751587,1.0,0,0.0,0.0,0.0,0.0,0.0,0.0,0.0,0.0,0.0,0.0,0.0
71,581632,1362.7190864705497,1435.1395593451693,5.708155660999182,0.13838462300191168,96,0,0,96,0.0,0.0,1.0,-0.002029144420521334,0.00652796691574622,0.03875480946153402,1.1265792921185493,0.015127705221311771,0.3545592427253723,0.30872848629951477,0.4139733612537384,1.0,0,0.0,0.0,0.0,0.0,0.0,0.0,0.0,0.0,0.0,0.0,0.0
72,589824,1362.284346288963,1384.1838781590081,5.918288840999594,0.22148877099971287,1,0,0,1,0.0,0.0,1.0,0.0004342146829003468,0.005649392172927037,0.04127959748730063,1.1140303522348405,0.01468026138136338,0.3523375988006592,0.30717745423316956,0.4105587303638458,1.0,0,0.0,0.0,0.0,0.0,0.0,0.0,0.0,0.0,0.0,0.0,0.0
73,598016,1361.8258965373752,1360.5229464096753,6.021214138003415,0.13702541700331494,12,0,0,12,0.0,0.0,1.0,0.0015331134258303792,0.008019605290610344,0.04168303473852575,1.1056155845522881,0.02470027566268982,0.3527647852897644,0.3063237965106964,0.4121878743171692,1.0,0,0.0,0.0,0.0,0.0,0.0,0.0,0.0,0.0,0.0,0.0,0.0
74,606208,1362.4321870804424,1442.9863608038347,5.6771153369991225,0.13714257000538055,5,0,0,5,0.0,0.0,1.0,-0.001376904675271362,0.008953239262336866,0.03649330188054591,1.1010090589523316,0.01605057557608234,0.3511437177658081,0.3034887909889221,0.41090118885040283,1.0,0,0.0,0.0,0.0,0.0,0.0,0.0,0.0,0.0,0.0,0.0,0.0
75,614400,1361.7394256330267,1348.9021418681505,6.073086953998427,0.16555014500045218,11,0,0,11,0.0,0.0,1.0,-0.004573305632220581,0.030867574317380787,0.04108271161094308,1.0863469421863556,0.006600189490200137,0.3494570851325989,0.30119067430496216,0.4093911349773407,1.0,0,0.0,0.0,0.0,0.0,0.0,0.0,0.0,0.0,0.0,0.0,0.0
76,622592,1361.9592532170345,1412.943711795959,5.797824733999732,0.1410927079996327,98,0,0,98,0.0,0.0,1.0,0.0009411316481418907,0.024617647100239993,0.04353246185928583,1.0673207104206086,0.011639048764845939,0.3465702533721924,0.29909631609916687,0.40464332699775696,1.0,0,0.0,0.0,0.0,0.0,0.0,0.0,0.0,0.0,0.0,0.0,0.0
77,630784,1362.7129290794273,1469.4720007200287,5.574791487000766,0.1805590919975657,2,1,0,1,0.5,0.0,0.5,8.532734354957939e-05,0.011877535708481445,0.028939627297222614,1.0476129174232482,0.011815319513698342,0.3448604941368103,0.29850319027900696,0.4037875235080719,1.0,0,0.0,0.0,0.0,0.0,0.0,0.0,0.0,0.0,0.0,0.0,0.0
78,638976,1363.1711655543834,1448.8031656436563,5.65432226700068,0.19593653899937635,2,0,0,2,0.0,0.0,1.0,-0.0017913536546984687,0.027759852749295533,0.04162830379791558,1.0361056640744208,0.013679421935376013,0.3443562686443329,0.2955338656902313,0.4044012129306793,1.0,0,0.0,0.0,0.0,0.0,0.0,0.0,0.0,0.0,0.0,0.0,0.0
79,647168,1362.9017608129427,1373.7265444892212,5.963341126996966,0.13689816599799087,11,0,0,11,0.0,0.0,1.0,-0.0006428221269743517,0.014976855274289847,0.04336862922646105,1.0228244572877885,0.00952220656326972,0.3421015739440918,0.2911634147167206,0.40177029371261597,1.0,0,0.0,0.0,0.0,0.0,0.0,0.0,0.0,0.0,0.0,0.0,0.0
80,655360,1363.3691695811938,1434.1499090786708,5.7120946340000955,0.13063201499608112,5,0,0,5,0.0,0.0,1.0,-0.0010589300480205565,0.01779198762960732,0.04133246587589383,1.005758071690798,0.01089706790589844,0.34072694182395935,0.28808870911598206,0.39979732036590576,1.0,0,0.0,0.0,0.0,0.0,0.0,0.0,0.0,0.0,0.0,0.0,0.0
81,663552,1363.1884264335322,1380.6691276343865,5.93335494799976,0.13679247399704764,10,0,0,10,0.0,0.0,1.0,-0.004609897386399098,0.0025828065285168123,0.039221109449863435,0.9944281108677387,0.015162666328978957,0.3398541808128357,0.2866029143333435,0.4013116955757141,1.0,0,0.0,0.0,0.0,0.0,0.0,0.0,0.0,0.0,0.0,0.0,0.0
82,671744,1362.3167412764662,1327.6407996223538,6.170343666999543,0.15119836100348039,98,0,0,98,0.0,0.0,1.0,-0.0011564578453544527,0.007274283916922286,0.041086230892688036,0.9842845723032951,0.00964710718326387,0.33843278884887695,0.28405413031578064,0.39948922395706177,1.0,0,0.0,0.0,0.0,0.0,0.0,0.0,0.0,0.0,0.0,0.0,0.0
83,679936,1362.8498457803114,1444.904484841398,5.66957891399943,0.14517865099332994,2,0,0,2,0.0,0.0,1.0,-0.0005926327372435481,0.006066871588700451,0.028292607306502758,0.974945168197155,0.01171645799659018,0.33809369802474976,0.2836129367351532,0.399851530790329,1.0,0,0.0,0.0,0.0,0.0,0.0,0.0,0.0,0.0,0.0,0.0,0.0
84,688128,1363.2651966327876,1448.7711136026812,5.6544473609974375,0.1928150719977566,3,0,0,3,0.0,0.0,1.0,-0.0030838740116450936,0.03361303231213242,0.037977139838039874,0.9687105230987072,0.009299491296405903,0.337056964635849,0.2815619707107544,0.40010854601860046,1.0,0,0.0,0.0,0.0,0.0,0.0,0.0,0.0,0.0,0.0,0.0,0.0
85,696320,1362.6372894617346,1347.630221940058,6.0788188529986655,0.16193564500281354,13,0,0,13,0.0,0.0,1.0,-0.00428762175142765,0.032185378042049705,0.045691891200840475,0.9563633158802987,0.009604169677186292,0.33566197752952576,0.2796391248703003,0.39952582120895386,1.0,0,0.0,0.0,0.0,0.0,0.0,0.0,0.0,0.0,0.0,0.0,0.0
86,704512,1362.95054545139,1437.3140010165323,5.699520073001622,0.18973689099948388,3,0,0,3,0.0,0.0,1.0,-0.004984419333050027,0.00355832486966392,0.03916654298081994,0.9458680994808674,0.01086226922852802,0.33504948019981384,0.2791244089603424,0.4002349078655243,1.0,0,0.0,0.0,0.0,0.0,0.0,0.0,0.0,0.0,0.0,0.0,0.0
87,712704,1362.5802507980716,1374.132504023504,5.961579378999886,0.17806025400204817,9,0,0,9,0.0,0.0,1.0,0.0010522520518861712,0.00540442532801535,0.038635084964334966,0.9324582524597644,0.012483831492500031,0.3325386941432953,0.27535808086395264,0.397531121969223,1.0,0,0.0,0.0,0.0,0.0,0.0,0.0,0.0,0.0,0.0,0.0,0.0
88,720896,1362.5160177627786,1402.1412290077428,5.842492774994753,0.1908147190042655,98,0,0,98,0.0,0.0,1.0,0.0022840627236291764,0.007196032808860764,0.04432338192127645,0.9157380923628807,0.01362914891251421,0.3318159580230713,0.2725581228733063,0.3974486291408539,1.0,0,0.0,0.0,0.0,0.0,0.0,0.0,0.0,0.0,0.0,0.0,0.0
89,729088,1363.0557390396937,1455.7701136587223,5.627262108995637,0.16637636900122743,2,0,0,2,0.0,0.0,1.0,-0.001295548165217042,0.0018011337786447256,0.03149353712797165,0.9037391446530819,0.010126185420085676,0.33037182688713074,0.2700602412223816,0.39793193340301514,1.0,0,0.0,0.0,0.0,0.0,0.0,0.0,0.0,0.0,0.0,0.0,0.0
90,737280,1363.2436342775718,1433.317375256112,5.715412469995499,0.20992319200013299,4,0,0,4,0.0,0.0,1.0,0.0039083032752387226,0.013374544127145782,0.03417181712575257,0.9015480563044548,0.011043906050690565,0.33238404989242554,0.2688901126384735,0.4033624529838562,1.0,0,0.0,0.0,0.0,0.0,0.0,0.0,0.0,0.0,0.0,0.0,0.0
91,745472,1362.8922760083294,1369.1021116021961,5.983483576994331,0.15286603399727028,12,0,0,12,0.0,0.0,1.0,-0.00045543708256445825,0.008050359718617983,0.049984715739265086,0.9036199644207954,0.01180058358477254,0.3308333456516266,0.2657044529914856,0.404746949672699,1.0,0,0.0,0.0,0.0,0.0,0.0,0.0,0.0,0.0,0.0,0.0,0.0
92,753664,1362.4986252449735,1364.1248312737441,6.00531550499727,0.16178901999955997,4,0,0,4,0.0,0.0,1.0,0.002245273004518822,0.0020859836979070677,0.042267208965495226,0.8884219884872436,0.011255239931415417,0.3299158811569214,0.2644840180873871,0.4056691527366638,1.0,0,0.0,0.0,0.0,0.0,0.0,0.0,0.0,0.0,0.0,0.0,0.0
93,761856,1362.3982430996596,1389.3872558094226,5.896124328006408,0.15125299400096992,8,0,0,8,0.0,0.0,1.0,0.0048571049643214795,0.0019033401709748431,0.03948069356847554,0.8723600275814534,0.021601536024172675,0.3271738290786743,0.26359885931015015,0.4010776877403259,1.0,0,0.0,0.0,0.0,0.0,0.0,0.0,0.0,0.0,0.0,0.0,0.0
94,770048,1362.3826628692686,1400.2372483921752,5.850437137996778,0.16508137300115777,99,0,0,99,0.0,0.0,1.0,-0.0006672502437140793,0.009045280003920197,0.055572616728022696,0.8545401692390442,0.028561954884207808,0.32585474848747253,0.26435765624046326,0.39995065331459045,1.0,0,0.0,0.0,0.0,0.0,0.0,0.0,0.0,0.0,0.0,0.0,0.0
95,778240,1362.870075569994,1450.0263308562944,5.649552580995078,0.15568987900041975,1,0,0,1,0.0,0.0,1.0,-0.001861349563114345,0.0021091330170747826,0.04181586266495287,0.8465350814163685,0.019576487842277855,0.325352281332016,0.26323509216308594,0.3997085392475128,1.0,0,0.0,0.0,0.0,0.0,0.0,0.0,0.0,0.0,0.0,0.0,0.0
96,786432,1362.8165423157038,1390.1465040584633,5.892904075997649,0.12974965400644578,6,0,0,6,0.0,0.0,1.0,0.003201608918607235,0.01158770153997466,0.04003566659521311,0.8397681571543216,0.021853852857384483,0.324518620967865,0.2626006603240967,0.4010862410068512,1.0,0,0.0,0.0,0.0,0.0,0.0,0.0,0.0,0.0,0.0,0.0,0.0
97,794624,1362.7441332971546,1390.078758023585,5.893191268994997,0.13880272000096738,10,0,0,10,0.0,0.0,1.0,0.0011045667342841625,0.011176243895897641,0.042634031549096105,0.8225954845547676,0.026371217687119496,0.3222525119781494,0.25927412509918213,0.3994300961494446,1.0,0,0.0,0.0,0.0,0.0,0.0,0.0,0.0,0.0,0.0,0.0,0.0
98,802816,1362.8303782052417,1410.3857580833028,5.808339989998785,0.16258522999851266,6,0,0,6,0.0,0.0,1.0,-0.0008282349037472159,0.005154093389865011,0.03373233505990356,0.8030363269150257,0.021651558330631815,0.32047414779663086,0.2586517333984375,0.3975318968296051,1.0,0,0.0,0.0,0.0,0.0,0.0,0.0,0.0,0.0,0.0,0.0,0.0
99,811008,1362.6474094310117,1380.461518455832,5.934247272001812,0.15076254100131337,8,0,0,8,0.0,0.0,1.0,0.003464285266818479,0.02360997104551643,0.040572042344138026,0.7883356377482414,0.020760334598162445,0.3190450668334961,0.25652551651000977,0.39616256952285767,1.0,0,0.0,0.0,0.0,0.0,0.0,0.0,0.0,0.0,0.0,0.0,0.0
100,819200,1362.9307460119014,1435.6438275600985,5.706150678000995,0.17761438000161434,97,0,0,97,0.0,0.0,1.0,-0.0033656420069746672,0.0050569180719321595,0.046047274675220254,0.7778203181922436,0.02130213932832703,0.31853488087654114,0.2552722692489624,0.3971928358078003,1.0,0,0.0,0.0,0.0,0.0,0.0,0.0,0.0,0.0,0.0,0.0,0.0
101,827392,1363.3731554916585,1448.8098881085125,5.654296030996193,0.15617120899696602,2,0,0,2,0.0,0.0,1.0,-0.0004782883799634874,0.0008083049913693685,0.03102875694166869,0.7714507892727852,0.0075394897263322495,0.3179005980491638,0.25378039479255676,0.39589446783065796,1.0,0,0.0,0.0,0.0,0.0,0.0,0.0,0.0,0.0,0.0,0.0,0.0
102,835584,1362.5309413143577,1316.301324220398,6.223499019004521,0.15071063099458115,7,0,0,7,0.0,0.0,1.0,-0.0014066929812543093,0.0016945345181738959,0.03526788314338773,0.7566466070711613,0.010959284229102195,0.31510311365127563,0.25252801179885864,0.3921876847743988,1.0,0,0.0,0.0,0.0,0.0,0.0,0.0,0.0,0.0,0.0,0.0,0.0
103,843776,1362.7456591781042,1418.5082324977702,5.775081040999794,0.13676324900006875,8,0,0,8,0.0,0.0,1.0,0.0021811199199873953,0.010310765117174015,0.035796830686740576,0.7323331721127033,0.010241410487287795,0.3135302662849426,0.24881696701049805,0.39102834463119507,1.0,0,0.0,0.0,0.0,0.0,0.0,0.0,0.0,0.0,0.0,0.0,0.0
104,851968,1362.4235753824685,1368.1891454154065,5.987476239999523,0.16881193299923325,9,0,0,9,0.0,0.0,1.0,-0.00011384220561012625,0.0040110185065714175,0.04273270042613149,0.7173999294638633,0.016343043679808034,0.3123329281806946,0.24548397958278656,0.3922562599182129,1.0,0,0.0,0.0,0.0,0.0,0.0,0.0,0.0,0.0,0.0,0.0,0.0
105,860160,1362.640316611872,1418.5546941176121,5.774891891000152,0.13446474999364,6,0,0,6,0.0,0.0,1.0,0.0034036948170978578,0.002066176887456095,0.03688295562751591,0.695788636803627,0.011871447658268152,0.3094266653060913,0.24248015880584717,0.38748109340667725,1.0,0,0.0,0.0,0.0,0.0,0.0,0.0,0.0,0.0,0.0,0.0,0.0
106,868352,1362.9731275294648,1441.2369662015126,5.68400630299584,0.16921908700169297,96,0,0,96,0.0,0.0,1.0,-0.000331585860112682,0.009276063198922203,0.05041059087961912,0.6833389133214951,0.02042576880849083,0.30981752276420593,0.2430979162454605,0.38900455832481384,1.0,0,0.0,0.0,0.0,0.0,0.0,0.0,0.0,0.0,0.0,0.0,0.0
107,876544,1363.6174400873756,1475.7478001564252,5.551083998994727,0.15204855899355607,2,0,0,2,0.0,0.0,1.0,0.0004377133271191269,0.009773843249422497,0.03402111490722746,0.6824341252446174,0.02006611236356548,0.30912280082702637,0.24231164157390594,0.3879905343055725,1.0,0,0.0,0.0,0.0,0.0,0.0,0.0,0.0,0.0,0.0,0.0,0.0
108,884736,1363.1799516624205,1357.3255804592575,6.03539793100208,0.1772637649992248,10,0,0,10,0.0,0.0,1.0,0.0009589111141394824,0.009504145311075263,0.039666112046688795,0.6607367470860481,0.009560248702109675,0.3057681918144226,0.23790132999420166,0.3836705982685089,1.0,0,0.0,0.0,0.0,0.0,0.0,0.0,0.0,0.0,0.0,0.0,0.0
109,892928,1363.4858456465754,1437.4242067674036,5.6990830969953095,0.15908385600050678,6,0,0,6,0.0,0.0,1.0,0.00014655193081125617,0.012958657299168407,0.04426678000018001,0.6394747011363506,0.01800553220346046,0.3048817813396454,0.23583464324474335,0.3815389573574066,1.0,0,0.0,0.0,0.0,0.0,0.0,0.0,0.0,0.0,0.0,0.0,0.0
110,901120,1363.205674000192,1368.9684076234098,5.98406796999916,0.156659389998822,9,0,0,9,0.0,0.0,1.0,-0.0015039438439998776,0.01270174743840471,0.06589241791516542,0.6351891458034515,0.020464290346353664,0.3053537607192993,0.2336069792509079,0.38472798466682434,1.0,0,0.0,0.0,0.0,0.0,0.0,0.0,0.0,0.0,0.0,0.0,0.0
111,909312,1362.7619525008813,1350.9012344143664,6.064099870003702,0.15876375300285872,8,0,1,7,0.0,0.125,0.875,0.003494730941019952,0.05498392323497683,0.0396954283118248,0.6285200551152229,0.038713267509956496,0.30375832319259644,0.23133574426174164,0.38139063119888306,1.0,0,0.0,0.0,0.0,0.0,0.0,0.0,0.0,0.0,0.0,0.0,0.0
112,917504,1362.5845939624478,1379.4832289733777,5.938455667994276,0.15704849199391901,94,0,0,94,0.0,0.0,1.0,-0.0035697464307304473,0.004121591462171637,0.032125109294429424,0.6142198018729687,0.014827766135204002,0.3023250699043274,0.2306879311800003,0.37866726517677307,1.0,0,0.0,0.0,0.0,0.0,0.0,0.0,0.0,0.0,0.0,0.0,0.0
113,925696,1363.0769801588672,1464.1011700128747,5.5952417549997335,0.1682839069981128,1,0,0,1,0.0,0.0,1.0,0.0010645486938301474,0.00428545399045106,0.027115343767218292,0.6013506524264812,0.024475911501212977,0.301081120967865,0.2290441393852234,0.3757275640964508,1.0,0,0.0,0.0,0.0,0.0,0.0,0.0,0.0,0.0,0.0,0.0,0.0
114,933888,1362.6216745493748,1343.2534430028134,6.098625722996076,0.13698588899569586,12,0,0,12,0.0,0.0,1.0,0.0038525615527760237,0.01981783825904131,0.03204746362753212,0.5903815016150474,0.023572318491278565,0.30050742626190186,0.22664491832256317,0.37553471326828003,1.0,0,0.0,0.0,0.0,0.0,0.0,0.0,0.0,0.0,0.0,0.0,0.0
115,942080,1362.6751458415463,1414.7636142375788,5.790366615001403,0.1908372830002918,5,0,0,5,0.0,0.0,1.0,0.001823211892042309,0.031793399690650405,0.035528851905837655,0.5842536240816116,0.011448560154167352,0.3002872169017792,0.2248954027891159,0.3747035562992096,1.0,0,0.0,0.0,0.0,0.0,0.0,0.0,0.0,0.0,0.0,0.0,0.0
116,950272,1362.148361736761,1337.4276154698532,6.125191303995962,0.15315967999777058,11,1,0,10,0.09090909090909091,0.0,0.9090909090909091,0.0009656198672018945,0.03362972259055823,0.03607953884638846,0.5772423885762692,0.012282748522557086,0.2991071045398712,0.2232590615749359,0.37359946966171265,1.0,0,0.0,0.0,0.0,0.0,0.0,0.0,0.0,0.0,0.0,0.0,0.0
117,958464,1362.1606849001914,1401.488098523153,5.8452155310005764,0.15634908100037137,97,0,0,97,0.0,0.0,1.0,-0.0010559266025666147,0.020049037900753318,0.03897335804067552,0.5595484539866448,0.0093418716420274,0.2968181073665619,0.221515491604805,0.3711446225643158,1.0,0,0.0,0.0,0.0,0.0,0.0,0.0,0.0,0.0,0.0,0.0,0.0
118,966656,1362.6022838388828,1462.3423200206714,5.601971500000218,0.175897649001854,2,0,0,2,0.0,0.0,1.0,-2.6476208586245775e-05,0.007793023507110775,0.02610997937154025,0.5435750313103199,0.013561552614555694,0.2965124249458313,0.2201559990644455,0.37224239110946655,1.0,0,0.0,0.0,0.0,0.0,0.0,0.0,0.0,0.0,0.0,0.0,0.0
119,974848,1362.8040115352599,1437.6787826941288,5.698073935993307,0.2049970209991443,2,0,0,2,0.0,0.0,1.0,-0.0018476415367331355,0.009938398163649253,0.033523877430707213,0.5409318387508393,0.010671314312276081,0.29669731855392456,0.2189955860376358,0.3724646270275116,1.0,0,0.0,0.0,0.0,0.0,0.0,0.0,0.0,0.0,0.0,0.0,0.0
120,983040,1362.27015436972,1335.3320835624913,6.134803545006434,0.1549773499937146,14,0,0,14,0.0,0.0,1.0,-0.004265363147715107,0.014750963088590651,0.0399586932733655,0.5383074894547463,0.013594438011932653,0.2957507073879242,0.21824221312999725,0.37181076407432556,1.0,0,0.0,0.0,0.0,0.0,0.0,0.0,0.0,0.0,0.0,0.0,0.0
121,991232,1362.501083507504,1439.6060273489106,5.6904457499986165,0.19632223500229884,3,0,0,3,0.0,0.0,1.0,-0.0003950016456656158,0.01226710386108607,0.0358387399232015,0.5201418928802013,0.012071348361496348,0.29409024119377136,0.21500679850578308,0.3717583119869232,1.0,0,0.0,0.0,0.0,0.0,0.0,0.0,0.0,0.0,0.0,0.0,0.0
122,999424,1361.7951532073319,1312.4947003131842,6.241549012003816,0.1478904120012885,10,0,0,10,0.0,0.0,1.0,-0.0007576709496788681,0.010690931585850194,0.04061115114018321,0.5085622601211071,0.014204537493787939,0.29338669776916504,0.21563972532749176,0.3683118224143982,1.0,0,0.0,0.0,0.0,0.0,0.0,0.0,0.0,0.0,0.0,0.0,0.0
123,1007616,1361.771269501134,1400.897107590021,5.847681429004297,0.17745401000138372,97,0,0,97,0.0,0.0,1.0,-0.00037053299602121117,0.00667337728664279,0.04278597780503333,0.5042801029980183,0.009530319554323796,0.293263703584671,0.21386000514030457,0.37065738439559937,1.0,0,0.0,0.0,0.0,0.0,0.0,0.0,0.0,0.0,0.0,0.0,0.0
124,1015808,1362.2733509478426,1469.9932761411587,5.572814605999156,0.1644576530015911,2,0,0,2,0.0,0.0,1.0,-0.0013737033237703144,0.0020656149186834226,0.029285083431750535,0.4968389503657818,0.0126150096366473,0.2922592759132385,0.21271513402462006,0.3698020577430725,1.0,0,0.0,0.0,0.0,0.0,0.0,0.0,0.0,0.0,0.0,0.0,0.0
125,1024000,1362.4733506755956,1425.585400434562,5.746411262000038,0.1531738129997393,4,0,0,4,0.0,0.0,1.0,-0.0014786501444177703,0.009762166294967756,0.03297241725958884,0.48124408423900605,0.018752720041084102,0.29056400060653687,0.21024909615516663,0.36867350339889526,1.0,0,0.0,0.0,0.0,0.0,0.0,0.0,0.0,0.0,0.0,0.0,0.0
126,1032192,1362.1693135923956,1358.944552674127,6.028207688003022,0.1498956880022888,12,0,0,12,0.0,0.0,1.0,0.0017150811676401646,0.00751772522344254,0.03925408306531608,0.4661089025437832,0.013459614290331956,0.28992733359336853,0.20771364867687225,0.36787429451942444,1.0,0,0.0,0.0,0.0,0.0,0.0,0.0,0.0,0.0,0.0,0.0,0.0
127,1040384,1362.3765152951794,1430.3962514012444,5.727084359998116,0.16745645100309048,4,0,0,4,0.0,0.0,1.0,-0.00022516947938129307,0.007384064063080587,0.04335488760843873,0.45892187058925626,0.01485354133110377,0.28990593552589417,0.20583786070346832,0.36813050508499146,1.0,0,0.0,0.0,0.0,0.0,0.0,0.0,0.0,0.0,0.0,0.0,0.0
128,1048576,1362.1985084670055,1375.3285888669088,5.9563947599963285,0.15405618299701018,9,0,0,9,0.0,0.0,1.0,0.0006479317147750407,0.00969384443887975,0.038023119582794605,0.4550558336079121,0.01550509625376435,0.28933072090148926,0.20481698215007782,0.3681665360927582,1.0,0,0.0,0.0,0.0,0.0,0.0,0.0,0.0,0.0,0.0,0.0,0.0
129,1056768,1362.2408221121161,1403.4317072548226,5.8371205080038635,0.1487324399931822,97,0,0,97,0.0,0.0,1.0,-5.762382643297315e-05,0.030406386125832796,0.03643734436482191,0.4382019370794296,0.011930772825144232,0.2872719168663025,0.2023155838251114,0.369266152381897,1.0,0,0.0,0.0,0.0,0.0,0.0,0.0,0.0,0.0,0.0,0.0,0.0
130,1064960,1362.5842390812873,1452.487917467492,5.639978068997152,0.17362012500234414,2,0,0,2,0.0,0.0,1.0,0.00048261800257023426,0.006356302475614939,0.032124011474661526,0.41782229766249657,0.026688940311578334,0.28584545850753784,0.20078063011169434,0.3692813217639923,1.0,0,0.0,0.0,0.0,0.0,0.0,0.0,0.0,0.0,0.0,0.0,0.0
131,1073152,1362.4866397547657,1381.928083832052,5.927949577002437,0.13730434199533192,4,0,0,4,0.0,0.0,1.0,0.0010601158661302178,0.017734814307186753,0.034224618668667973,0.4046678476035595,0.015757945646328153,0.2854999303817749,0.19973242282867432,0.37147974967956543,1.0,0,0.0,0.0,0.0,0.0,0.0,0.0,0.0,0.0,0.0,0.0,0.0
132,1081344,1361.662384078725,1294.9587135556555,6.3260704100030125,0.16245534799963934,12,0,0,12,0.0,0.0,1.0,-0.003916673656203784,0.022880758508108556,0.04173174942843616,0.3947813160717487,0.011868874354695436,0.2845178544521332,0.19896823167800903,0.3698464035987854,1.0,0,0.0,0.0,0.0,0.0,0.0,0.0,0.0,0.0,0.0,0.0,0.0
133,1089536,1361.713306577201,1415.9771981093993,5.785403896996286,0.19751592799730133,6,1,0,5,0.16666666666666666,0.0,0.8333333333333334,0.0011775107588618994,0.11901599084958434,0.03416695937048644,0.3896330684423447,0.010651985390722984,0.2842429578304291,0.19881696999073029,0.36959341168403625,1.0,0,0.0,0.0,0.0,0.0,0.0,0.0,0.0,0.0,0.0,0.0,0.0
134,1097728,1361.377156782507,1352.936075885087,6.054979348999041,0.15684306000184733,11,2,0,9,0.18181818181818182,0.0,0.8181818181818182,0.0009741621208377183,0.20153134744614362,0.034359222394414246,0.37790687158703806,0.007701251664911979,0.28199470043182373,0.1973186582326889,0.36725127696990967,1.0,0,0.0,0.0,0.0,0.0,0.0,0.0,0.0,0.0,0.0,0.0,0.0
135,1105920,1361.306788234726,1386.9778320745763,5.906366929993965,0.14998070100409677,95,1,0,94,0.010526315789473684,0.0,0.9894736842105263,0.0005676735891029239,0.07852671910077333,0.034009525133296845,0.3614352785050869,0.01274717120832065,0.28218773007392883,0.19630850851535797,0.37084341049194336,1.0,0,0.0,0.0,0.0,0.0,0.0,0.0,0.0,0.0,0.0,0.0,0.0
136,1114112,1361.7369325644834,1461.1217977209078,5.606651007998153,0.1495118479942903,2,0,0,2,0.0,0.0,1.0,-0.0006748435902409255,0.057378858840093014,0.031004185718484224,0.3605972625315189,0.009030668790364871,0.28211691975593567,0.1945543736219406,0.37129831314086914,1.0,0,0.0,0.0,0.0,0.0,0.0,0.0,0.0,0.0,0.0,0.0,0.0
137,1122304,1361.730040797453,1398.768281565607,5.85658118500578,0.16038758000649977,8,2,0,6,0.25,0.0,0.75,0.0019211153412470594,0.1092497662641108,0.0389731808565557,0.35378081873059275,0.011404238320028525,0.2813466787338257,0.1931159347295761,0.37081509828567505,1.0,0,0.0,0.0,0.0,0.0,0.0,0.0,0.0,0.0,0.0,0.0,0.0
138,1130496,1361.4622861484254,1356.794729226562,6.037759303995699,0.1377580129992566,10,3,0,7,0.3,0.0,0.7,0.002109904313692823,0.1357300253584981,0.04611561582423747,0.3390177607536316,0.01688049219374079,0.2800931930541992,0.19148428738117218,0.3721766769886017,1.0,0,0.0,0.0,0.0,0.0,0.0,0.0,0.0,0.0,0.0,0.0,0.0
139,1138688,1361.072451049538,1340.4430803027499,6.111412054997345,0.1417729530003271,12,2,1,9,0.16666666666666666,0.08333333333333333,0.75,1.7156856483779847e-05,0.12022313391789793,0.05442155981436372,0.32363669723272326,0.014383349568379344,0.2793455719947815,0.18984642624855042,0.37168386578559875,1.0,0,0.0,0.0,0.0,0.0,0.0,0.0,0.0,0.0,0.0,0.0,0.0
140,1146880,1360.624687627948,1336.5989942706337,6.128988601005403,0.16384912300418364,12,1,2,9,0.08333333333333333,0.16666666666666666,0.75,0.003479606827022508,0.12876642178744077,0.053119493555277585,0.31984648779034613,0.019290517515401007,0.2795904874801636,0.18891438841819763,0.37362825870513916,1.0,0,0.0,0.0,0.0,0.0,0.0,0.0,0.0,0.0,0.0,0.0,0.0
141,1155072,1360.2898079147062,1349.859295762718,6.0687806690039,0.15768462500273017,84,0,0,84,0.0,0.0,1.0,3.267182619310915e-05,0.03532324878033251,0.03532955264672637,0.3183150105178356,0.014955127012945013,0.2793373465538025,0.1883997768163681,0.37373968958854675,1.0,0,0.0,0.0,0.0,0.0,0.0,0.0,0.0,0.0,0.0,0.0,0.0
142,1163264,1360.567987541456,1441.6005268487002,5.682572839999921,0.1612451510009123,2,0,0,2,0.0,0.0,1.0,0.00010609262390062212,0.054614634811878206,0.03155337139032781,0.3191054418683052,0.014777790034349892,0.28013670444488525,0.18886642158031464,0.3766380846500397,1.0,0,0.0,0.0,0.0,0.0,0.0,0.0,0.0,0.0,0.0,0.0,0.0
143,1171456,1360.0645739619233,1324.6931426193578,6.184073682001326,0.14494299099897034,13,2,0,11,0.15384615384615385,0.0,0.8461538461538461,0.0009114523709286004,0.15024937307462097,0.035694127157330516,0.3212975524365902,0.013354046838503563,0.2803131341934204,0.18710434436798096,0.3788738548755646,1.0,0,0.0,0.0,0.0,0.0,0.0,0.0,0.0,0.0,0.0,0.0,0.0
144,1179648,1360.0722707662198,1400.9816619675114,5.847328500000003,0.16773361100058537,10,2,0,8,0.2,0.0,0.8,0.003879534188308753,0.1819008570164442,0.04283274966292083,0.31068911775946617,0.01410420076463197,0.27852699160575867,0.1862228810787201,0.3748292326927185,1.0,0,0.0,0.0,0.0,0.0,0.0,0.0,0.0,0.0,0.0,0.0,0.0
145,1187840,1359.4103605278788,1304.0289203659258,6.2820692640016205,0.1627568699987023,17,3,0,14,0.17647058823529413,0.0,0.8235294117647058,0.0024377664201892914,0.14503471367061138,0.055009542498737574,0.29736960455775263,0.014170734902290861,0.278047114610672,0.18482865393161774,0.3750271201133728,1.0,0,0.0,0.0,0.0,0.0,0.0,0.0,0.0,0.0,0.0,0.0,0.0
146,1196032,1359.2715734516241,1374.3138414157804,5.960792762998608,0.1520587209961377,9,0,0,9,0.0,0.0,1.0,0.0033860195660963656,0.12105529978871346,0.04175502462312579,0.2936682216823101,0.013366019880049863,0.2779792547225952,0.18416480720043182,0.37628063559532166,1.0,0,0.0,0.0,0.0,0.0,0.0,0.0,0.0,0.0,0.0,0.0,0.0
147,1204224,1359.4685897245329,1422.047256341564,5.760708699002862,0.13441392999811796,80,2,0,78,0.025,0.0,0.975,0.002984400084824301,0.10878957929089665,0.03267800228204578,0.27877690121531484,0.01900151855843433,0.27511000633239746,0.1826365441083908,0.3719494342803955,1.0,0,0.0,0.0,0.0,0.0,0.0,0.0,0.0,0.0,0.0,0.0,0.0
148,1212416,1359.8440743916444,1457.6038205180441,5.620182853999722,0.15637143099593231,2,1,0,1,0.5,0.0,0.5,-0.0005615217552985996,0.10288445176556707,0.03095534574240446,0.24679704010486603,0.013593428870808565,0.27234968543052673,0.1827196627855301,0.3654730021953583,1.0,0,0.0,0.0,0.0,0.0,0.0,0.0,0.0,0.0,0.0,0.0,0.0
149,1220608,1359.2802963281986,1314.7086639041618,6.231038270998397,0.16244127100071637,15,0,0,15,0.0,0.0,1.0,-0.0028266365465242417,0.08912383439019322,0.03841863963752985,0.22945664674043656,0.015078750606335234,0.27125728130340576,0.18234050273895264,0.36482444405555725,1.0,0,0.0,0.0,0.0,0.0,0.0,0.0,0.0,0.0,0.0,0.0,0.0
150,1228800,1359.210967745428,1391.3673485522047,5.8877333929995075,0.18161968200001866,9,2,0,7,0.2222222222222222,0.0,0.7777777777777778,0.0038556121522560715,0.08938368218950928,0.03999255560338497,0.21596699953079224,0.017955648872157327,0.2695685625076294,0.1807112842798233,0.3642256557941437,1.0,0,0.0,0.0,0.0,0.0,0.0,0.0,0.0,0.0,0.0,0.0,0.0
151,1236992,1357.778196326611,1203.2526758757683,6.808212575997459,0.17269805999967502,18,0,0,18,0.0,0.0,1.0,0.0027354947465937584,0.05758996936492622,0.04178967638872564,0.19850212931632996,0.018342662953364196,0.26908156275749207,0.18013696372509003,0.36497077345848083,1.0,0,0.0,0.0,0.0,0.0,0.0,0.0,0.0,0.0,0.0,0.0,0.0
152,1245184,1357.5528903890815,1362.8982530187504,6.010720156002208,0.17195850099960808,80,1,0,79,0.0125,0.0,0.9875,0.00015925229527056218,0.09098858460783958,0.04026223160326481,0.1917494058609009,0.01293677152498276,0.2678309679031372,0.18055182695388794,0.36346635222435,1.0,0,0.0,0.0,0.0,0.0,0.0,0.0,0.0,0.0,0.0,0.0,0.0
153,1253376,1357.813419451984,1446.938474563124,5.661609075999877,0.19265885800268734,4,0,0,4,0.0,0.0,1.0,-0.005331608583219349,0.0077110935293603685,0.028622228535823524,0.1816514864563942,0.012201886108232429,0.2675440311431885,0.17983047664165497,0.3625994324684143,1.0,0,0.0,0.0,0.0,0.0,0.0,0.0,0.0,0.0,0.0,0.0,0.0
154,1261568,1358.149380586612,1451.089939958141,5.645411614001205,0.15426679699885426,3,0,0,3,0.0,0.0,1.0,0.0011419902584748343,0.018022755545098336,0.03467087405733764,0.17429924309253692,0.011893344222335145,0.26658186316490173,0.17801585793495178,0.3610309362411499,1.0,0,0.0,0.0,0.0,0.0,0.0,0.0,0.0,0.0,0.0,0.0,0.0
155,1269760,1357.5874374977434,1312.4233878052778,6.241888156000641,0.17377791999751935,16,0,0,16,0.0,0.0,1.0,-0.0017670032277237624,0.029194891825318335,0.03563580431509763,0.1577785298228264,0.013869971583335427,0.26492881774902344,0.1759282797574997,0.35903629660606384,1.0,0,0.0,0.0,0.0,0.0,0.0,0.0,0.0,0.0,0.0,0.0,0.0
156,1277952,1357.5704741396353,1387.986624162744,5.902074167999672,0.14072100599878468,11,2,0,9,0.18181818181818182,0.0,0.8181818181818182,0.0035715861740754917,0.0752522858325392,0.03274530374910682,0.13801371157169343,0.01564245342669892,0.2632797360420227,0.17489676177501678,0.3571370244026184,1.0,0,0.0,0.0,0.0,0.0,0.0,0.0,0.0,0.0,0.0,0.0,0.0
157,1286144,1356.9339339270002,1294.1779289081271,6.329886963001627,0.14570373499736888,18,1,0,17,0.05555555555555555,0.0,0.9444444444444444,-0.0009920895332470535,0.12377406768500805,0.038894705241546035,0.11628025621175767,0.009566667951003183,0.26170921325683594,0.1720920354127884,0.35656359791755676,1.0,0,0.0,0.0,0.0,0.0,0.0,0.0,0.0,0.0,0.0,0.0,0.0
158,1294336,1356.9054931590847,1385.8645383598334,5.911111636996793,0.1401359430019511,76,0,0,76,0.0,0.0,1.0,-0.0011675804096739739,0.049104458466172216,0.04951861025765538,0.09793322533369064,0.016573571566550527,0.2611043155193329,0.17006760835647583,0.35680654644966125,1.0,0,0.0,0.0,0.0,0.0,0.0,0.0,0.0,0.0,0.0,0.0,0.0
159,1302528,1357.1857328229685,1447.531363447744,5.6592901589974645,0.17683775200566743,4,1,0,3,0.25,0.0,0.75,0.002964001114014536,0.03226985316723585,0.03426820123568177,0.08177195638418197,0.015958477872482037,0.2589035630226135,0.16847406327724457,0.3547239899635315,1.0,0,0.0,0.0,0.0,0.0,0.0,0.0,0.0,0.0,0.0,0.0,0.0
160,1310720,1357.2781577534597,1420.182307859859,5.768273519999639,0.198272581998026,4,0,0,4,0.0,0.0,1.0,-0.004981483542360365,0.006193733733380213,0.038450211146846415,0.05273890197277069,0.010059887908573728,0.25696128606796265,0.167247012257576,0.35279515385627747,1.0,0,0.0,0.0,0.0,0.0,0.0,0.0,0.0,0.0,0.0,0.0,0.0
161,1318912,1356.2049310017076,1228.9725369908929,6.665730724998866,0.1358772899984615,16,0,0,16,0.0,0.0,1.0,0.0011742466944269837,0.007943607159540988,0.04416718268766999,0.03742184787988663,0.01044041253553587,0.25606176257133484,0.1662501096725464,0.3506007492542267,1.0,0,0.0,0.0,0.0,0.0,0.0,0.0,0.0,0.0,0.0,0.0,0.0
162,1327104,1355.8871841442485,1347.0551272683003,6.081414067004516,0.18533543599914992,12,0,0,12,0.0,0.0,1.0,0.001513368805171922,0.0047452810744289305,0.04774540322832763,0.03123847544193268,0.013921133939584251,0.25577878952026367,0.1666499674320221,0.35196441411972046,1.0,0,0.0,0.0,0.0,0.0,0.0,0.0,0.0,0.0,0.0,0.0,0.0
163,1335296,1355.37758934811,1315.4469210729835,6.22754127799999,0.18131331000040518,16,0,0,16,0.0,0.0,1.0,-0.003320757157052867,0.0024480724503519015,0.03693167050369084,0.021455027163028717,0.01134749845659826,0.2544226348400116,0.16648878157138824,0.34985053539276123,1.0,0,0.0,0.0,0.0,0.0,0.0,0.0,0.0,0.0,0.0,0.0,0.0
164,1343488,1355.3995802717213,1393.2580446295708,5.879743548997794,0.1446309100065264,77,0,0,77,0.0,0.0,1.0,-0.002684677153592929,0.01253073988482356,0.03212910059373826,0.010646280646324158,0.011256943608168512,0.25410905480384827,0.16522158682346344,0.35080161690711975,1.0,0,0.0,0.0,0.0,0.0,0.0,0.0,0.0,0.0,0.0,0.0,0.0
165,1351680,1355.6478253231774,1435.2428995475518,5.7077446629991755,0.15059271999780321,4,0,0,4,0.0,0.0,1.0,0.00048581808223389087,0.002975785367016215,0.03209065552800894,0.0023969992995262145,0.014291898282681358,0.2532579004764557,0.1646587997674942,0.349132776260376,1.0,0,0.0,0.0,0.0,0.0,0.0,0.0,0.0,0.0,0.0,0.0,0.0
166,1359872,1355.8137359036352,1430.2813281039898,5.72754453199741,0.18940066700452007,4,0,0,4,0.0,0.0,1.0,-0.0004217639099806547,0.018600392434746028,0.03658929066732526,-0.013016903400421142,0.01381445284569054,0.2515261173248291,0.163374662399292,0.34751951694488525,1.0,0,0.0,0.0,0.0,0.0,0.0,0.0,0.0,0.0,0.0,0.0,0.0
167,1368064,1355.3560274438594,1314.0725375481657,6.234054640000977,0.14525607899850002,16,0,0,16,0.0,0.0,1.0,0.00010373004479333759,0.004333432139537763,0.038061877619475125,-0.02903234362602234,0.011496332185197388,0.25089162588119507,0.1628515124320984,0.34714290499687195,1.0,0,0.0,0.0,0.0,0.0,0.0,0.0,0.0,0.0,0.0,0.0,0.0
168,1376256,1355.139552154796,1352.1893463686902,6.0583231349955895,0.14513932499539806,14,0,0,14,0.0,0.0,1.0,-0.0053763579664519055,0.0007124299576389603,0.037367107905447484,-0.0352462962269783,0.009962457318761154,0.2510761618614197,0.1611851453781128,0.35089337825775146,1.0,0,0.0,0.0,0.0,0.0,0.0,0.0,0.0,0.0,0.0,0.0,0.0
169,1384448,1354.6846077213138,1321.4177326134675,6.199402200996701,0.1824954309995519,14,0,0,14,0.0,0.0,1.0,-0.0029106529895216227,0.0009628504340071231,0.04012897945940495,-0.04528339058160782,0.011072124593920308,0.24974775314331055,0.16073721647262573,0.3477438986301422,1.0,0,0.0,0.0,0.0,0.0,0.0,0.0,0.0,0.0,0.0,0.0,0.0
170,1392640,1354.2847188800997,1320.553012678256,6.203461672004778,0.14397537599870702,78,0,0,78,0.0,0.0,1.0,-0.0016316635359544308,0.002600571099173976,0.03943961942568421,-0.052282115817070006,0.01073448413735605,0.24952852725982666,0.16085964441299438,0.3477911055088043,1.0,0,0.0,0.0,0.0,0.0,0.0,0.0,0.0,0.0,0.0,0.0,0.0
171,1400832,1354.470580769756,1420.1485282451763,5.768410723998386,0.13561029300035443,2,0,0,2,0.0,0.0,1.0,-0.0024068145139608532,0.0009823966029216535,0.03833658085204661,-0.05505315959453583,0.01476439329708228,0.24918782711029053,0.16117867827415466,0.3486264944076538,1.0,0,0.0,0.0,0.0,0.0,0.0,0.0,0.0,0.0,0.0,0.0,0.0
172,1409024,1354.6017432611015,1408.4027594179925,5.816517999002826,0.12780614700022852,7,0,0,7,0.0,0.0,1.0,-0.0012779243843397126,0.0016941378817136865,0.04198772232048213,-0.055892133712768556,0.017715510257403366,0.24991202354431152,0.16206543147563934,0.35053685307502747,1.0,0,0.0,0.0,0.0,0.0,0.0,0.0,0.0,0.0,0.0,0.0,0.0
173,1417216,1354.3210636890226,1337.8214446964982,6.123388164000062,0.13795191299868748,15,0,0,15,0.0,0.0,1.0,-0.0038831230893265458,0.0007504767163482029,0.03841350916773081,-0.0590874969959259,0.012803024125605588,0.24848204851150513,0.16039471328258514,0.3492286801338196,1.0,0,0.0,0.0,0.0,0.0,0.0,0.0,0.0,0.0,0.0,0.0,0.0
174,1425408,1354.0040533376437,1337.2534539616543,6.125989038002444,0.16610140499687986,15,0,0,15,0.0,0.0,1.0,-0.008380023419158533,0.00082942325680051,0.033540854160673914,-0.07361878603696823,0.01879417981399456,0.24833452701568604,0.15923167765140533,0.35145053267478943,1.0,0,0.0,0.0,0.0,0.0,0.0,0.0,0.0,0.0,0.0,0.0,0.0
175,1433600,1353.9509495172442,1374.7698103644718,5.958815751000657,0.12901465000322787,11,0,0,11,0.0,0.0,1.0,-0.0031947020266670733,0.0007451506244251505,0.03357401469256729,-0.08180176615715026,0.008903388726321283,0.24721543490886688,0.15898212790489197,0.3490891456604004,1.0,0,0.0,0.0,0.0,0.0,0.0,0.0,0.0,0.0,0.0,0.0,0.0
176,1441792,1353.8835629815685,1379.4014595993149,5.938807692997216,0.1617086210026173,78,0,0,78,0.0,0.0,1.0,-0.006772308083600365,0.0026263215448125267,0.03794276467524469,-0.08908742219209671,0.01998976082104491,0.24666540324687958,0.15964633226394653,0.346314400434494,1.0,0,0.0,0.0,0.0,0.0,0.0,0.0,0.0,0.0,0.0,0.0,0.0
177,1449984,1354.175725623586,1443.1385741322508,5.67651654999645,0.13997851999738486,3,0,0,3,0.0,0.0,1.0,3.168645198456943e-05,0.007474603032460436,0.03399385665543377,-0.09524623155593873,0.0188382484302565,0.2458561360836029,0.15937836468219757,0.3449856638908386,1.0,0,0.0,0.0,0.0,0.0,0.0,0.0,0.0,0.0,0.0,0.0,0.0
178,1458176,1354.0892131056269,1373.0566939381274,5.966250363999279,0.14862682000239147,9,0,0,9,0.0,0.0,1.0,0.00031810542568564413,0.0552855764515698,0.036524319532327355,-0.10077314227819442,0.013844780524232192,0.24558576941490173,0.1597122997045517,0.345497190952301,1.0,0,0.0,0.0,0.0,0.0,0.0,0.0,0.0,0.0,0.0,0.0,0.0
179,1466368,1353.8215011959555,1338.1887034004199,6.12170763299946,0.13884315500035882,15,3,0,12,0.2,0.0,0.8,0.0006572070618858561,0.07605766993947327,0.03697622590698302,-0.1094221830368042,0.012010905062197708,0.24455925822257996,0.16004860401153564,0.34476596117019653,1.0,0,0.0,0.0,0.0,0.0,0.0,0.0,0.0,0.0,0.0,0.0,0.0
180,1474560,1352.496429050729,1173.8512919454922,6.978737473997171,0.1350436200009426,23,3,0,20,0.13043478260869565,0.0,0.8695652173913043,-0.00032092651817947624,0.06800334458239377,0.04130242504179478,-0.1186338871717453,0.012162624787015375,0.24384155869483948,0.15886813402175903,0.3432283401489258,1.0,0,0.0,0.0,0.0,0.0,0.0,0.0,0.0,0.0,0.0,0.0,0.0
181,1482752,1352.2743387247585,1361.9960842688718,6.014701579995744,0.21822500899725128,8,1,0,7,0.125,0.0,0.875,-0.001283812301699072,0.07652817917987705,0.034465204505249855,-0.13182572722435,0.014504689991736087,0.24258676171302795,0.15817642211914062,0.3420347571372986,1.0,0,0.0,0.0,0.0,0.0,0.0,0.0,0.0,0.0,0.0,0.0,0.0
182,1490944,1352.1418962132268,1363.026156451226,6.010156122996705,0.149786303001747,71,2,0,69,0.028169014084507043,0.0,0.971830985915493,-0.0015614303556503728,0.04311009515076876,0.03203520867973566,-0.15345677733421326,0.015336212124384473,0.2406226098537445,0.15742623805999756,0.3412649631500244,1.0,0,0.0,0.0,0.0,0.0,0.0,0.0,0.0,0.0,0.0,0.0,0.0
183,1499136,1352.528526899222,1468.1331496251692,5.5798753689959995,0.15840836700226646,2,0,0,2,0.0,0.0,1.0,-0.001464205246884376,0.02029117674101144,0.03193236016668379,-0.1707918331027031,0.015273191254527774,0.2403188943862915,0.15697158873081207,0.34215402603149414,1.0,0,0.0,0.0,0.0,0.0,0.0,0.0,0.0,0.0,0.0,0.0,0.0
184,1507328,1351.959684365703,1295.0143436907636,6.325798660000146,0.19631164099700982,17,2,0,15,0.11764705882352941,0.0,0.8823529411764706,0.0005215992772718891,0.05671639451757073,0.0330028135329485,-0.18187839090824126,0.013767006953275995,0.2385716438293457,0.15617923438549042,0.33968305587768555,1.0,0,0.0,0.0,0.0,0.0,0.0,0.0,0.0,0.0,0.0,0.0,0.0
185,1515520,1351.7359876291505,1342.2581297611157,6.103147984998941,0.13707484400219982,12,0,0,12,0.0,0.0,1.0,-0.00029290880193002524,0.04773195190355182,0.03208739627152681,-0.20462189316749574,0.017449167956510792,0.23747289180755615,0.15423887968063354,0.3393227756023407,1.0,0,0.0,0.0,0.0,0.0,0.0,0.0,0.0,0.0,0.0,0.0,0.0
186,1523712,1351.163472176791,1281.9193005924267,6.390417865004565,0.14455777400144143,20,0,0,20,0.0,0.0,1.0,-0.00011984413722530008,0.051770072989165784,0.03514315295033157,-0.21628669649362564,0.01402146338004968,0.23653733730316162,0.15488462150096893,0.33749377727508545,1.0,0,0.0,0.0,0.0,0.0,0.0,0.0,0.0,0.0,0.0,0.0,0.0
187,1531904,1350.8642640624805,1326.0201315914683,6.1778850900009274,0.132514427001297,73,1,0,72,0.0136986301369863,0.0,0.9863013698630136,-0.0015105970727745444,0.09202032536268234,0.036767220497131346,-0.2279134139418602,0.011955998927442124,0.23563723266124725,0.15327955782413483,0.3372249901294708,1.0,0,0.0,0.0,0.0,0.0,0.0,0.0,0.0,0.0,0.0,0.0,0.0
188,1540096,1351.0660963702503,1431.1795361424938,5.723949926003115,0.16688019600405823,4,0,0,4,0.0,0.0,1.0,-0.002703887497773394,0.025732335750944912,0.032667214749380946,-0.24728034883737565,0.010696127805567812,0.2338651865720749,0.15198247134685516,0.333937406539917,1.0,0,0.0,0.0,0.0,0.0,0.0,0.0,0.0,0.0,0.0,0.0,0.0
189,1548288,1351.3588790790607,1448.043981324322,5.6572867299983045,0.15471046799939359,2,0,0,2,0.0,0.0,1.0,-0.002346490818308666,0.012321090913610533,0.033333927486091854,-0.26385750621557236,0.013275482005701634,0.23287026584148407,0.15210889279842377,0.33152613043785095,1.0,0,0.0,0.0,0.0,0.0,0.0,0.0,0.0,0.0,0.0,0.0,0.0
190,1556480,1350.4414058922025,1226.5642418199834,6.678818541004148,0.16243766599654919,19,0,0,19,0.0,0.0,1.0,-0.004564987303456292,0.011209606938064099,0.03480833398643881,-0.26944237649440766,0.013226985445362516,0.23272323608398438,0.1517000049352646,0.3313976228237152,1.0,0,0.0,0.0,0.0,0.0,0.0,0.0,0.0,0.0,0.0,0.0,0.0
191,1564672,1350.2402692531598,1345.7244758441664,6.087427364996984,0.14823399799934123,12,0,0,12,0.0,0.0,1.0,0.0012456572556402534,0.0013389755979005713,0.038266198989003894,-0.27123444974422456,0.010829674373962917,0.23264527320861816,0.15083974599838257,0.3324563801288605,1.0,0,0.0,0.0,0.0,0.0,0.0,0.0,0.0,0.0,0.0,0.0,0.0
192,1572864,1349.5369877214725,1259.3486992416017,6.504949745001795,0.16526777100079926,22,0,0,22,0.0,0.0,1.0,0.0010605232033412903,0.0015846538823097943,0.03549538769293577,-0.28311862945556643,0.011014617747423471,0.2315257489681244,0.15009409189224243,0.3323248326778412,1.0,0,0.0,0.0,0.0,0.0,0.0,0.0,0.0,0.0,0.0,0.0,0.0
193,1581056,1349.2814313679867,1339.4932360682778,6.11574570099765,0.17325214199809125,70,1,0,69,0.014285714285714285,0.0,0.9857142857142858,0.0007803269720170647,0.009084865247132257,0.03299953395035118,-0.2998936966061592,0.017816529147239635,0.23048779368400574,0.14947791397571564,0.3306301534175873,1.0,0,0.0,0.0,0.0,0.0,0.0,0.0,0.0,0.0,0.0,0.0,0.0
194,1589248,1349.4636303673929,1424.3078569896823,5.751565547994687,0.15723548099776963,4,0,0,4,0.0,0.0,1.0,-0.0005955852306215092,0.009918426489457488,0.02844148522708565,-0.30047553926706316,0.013014271970314439,0.23102089762687683,0.1506553739309311,0.3306041657924652,1.0,0,0.0,0.0,0.0,0.0,0.0,0.0,0.0,0.0,0.0,0.0,0.0
195,1597440,1349.4967296005914,1389.2053505576266,5.896896377998928,0.1413663649946102,4,1,0,3,0.25,0.0,0.75,0.00028001365426462145,0.016165042179636657,0.03555439515039325,-0.29835028052330015,0.011711650155484676,0.230606347322464,0.14915665984153748,0.331171452999115,1.0,0,0.0,0.0,0.0,0.0,0.0,0.0,0.0,0.0,0.0,0.0,0.0
196,1605632,1348.957621396386,1285.8559529611484,6.370853578999231,0.17208654299611226,20,0,0,20,0.0,0.0,1.0,0.00039919373812153937,0.03828100755345076,0.03488194765523076,-0.3182543247938156,0.015070351052418118,0.22887349128723145,0.14724008738994598,0.3284570276737213,1.0,0,0.0,0.0,0.0,0.0,0.0,0.0,0.0,0.0,0.0,0.0,0.0
197,1613824,1348.880843149177,1371.3685032681663,5.973594975002925,0.1642593390060938,11,0,0,11,0.0,0.0,1.0,0.004026314425573219,0.03431226389948279,0.033883198141120376,-0.3352703765034676,0.021235297621024073,0.22831332683563232,0.14553886651992798,0.3280008137226105,1.0,0,0.0,0.0,0.0,0.0,0.0,0.0,0.0,0.0,0.0,0.0,0.0
198,1622016,1348.2375498916747,1266.6589496449749,6.4674078229945735,0.17383740399964154,21,2,0,19,0.09523809523809523,0.0,0.9047619047619048,0.0003480885992757976,0.1178097516298294,0.03315299190580845,-0.34436413645744324,0.013427366242103745,0.2277986705303192,0.1450769007205963,0.3282568156719208,1.0,0,0.0,0.0,0.0,0.0,0.0,0.0,0.0,0.0,0.0,0.0,0.0
199,1630208,1347.6480738209784,1276.5531544936616,6.417280761997972,0.18421619100263342,68,0,0,68,0.0,0.0,1.0,0.0027613423560978846,0.054643740644678473,0.037018952518701555,-0.35316515564918516,0.020105438150494592,0.2269628494977951,0.14451123774051666,0.3265317380428314,1.0,0,0.0,0.0,0.0,0.0,0.0,0.0,0.0,0.0,0.0,0.0,0.0
200,1638400,1347.702867803154,1390.1149694256776,5.893037755995465,0.13324131399713224,7,2,0,5,0.2857142857142857,0.0,0.7142857142857143,0.0003873905865475535,0.05406625564210117,0.03696788055822253,-0.36378372013568877,0.015268803208891768,0.22629794478416443,0.14387504756450653,0.3271573781967163,1.0,0,0.0,0.0,0.0,0.0,0.0,0.0,0.0,0.0,0.0,0.0,0.0
201,1646592,1347.699852839851,1385.687146092406,5.911868363000394,0.16615412200189894,7,1,0,6,0.14285714285714285,0.0,0.8571428571428571,-0.0024828262510709466,0.07074270546436309,0.04324871469289064,-0.3745514750480652,0.01683231033748598,0.22592639923095703,0.14376291632652283,0.3281584680080414,1.0,0,0.0,0.0,0.0,0.0,0.0,0.0,0.0,0.0,0.0,0.0,0.0
202,1654784,1347.203417343903,1288.048043369885,6.360011213997495,0.16761893199873157,19,2,0,17,0.10526315789473684,0.0,0.8947368421052632,6.990669062361121e-05,0.07087569469586015,0.04088657256215811,-0.384692071378231,0.015915945453889434,0.22497466206550598,0.14298348128795624,0.3278012275695801,1.0,0,0.0,0.0,0.0,0.0,0.0,0.0,0.0,0.0,0.0,0.0,0.0
203,1662976,1346.9738909954003,1337.0097556713038,6.127105628998834,0.16077695999410935,15,0,0,15,0.0,0.0,1.0,-0.0028870745503809304,0.04604291557334363,0.04241313813254237,-0.40204181522130966,0.014709228428546339,0.22360289096832275,0.14180682599544525,0.32559123635292053,1.0,0,0.0,0.0,0.0,0.0,0.0,0.0,0.0,0.0,0.0,0.0,0.0
204,1671168,1346.6251575115316,1312.5622413786837,6.241227837999759,0.15833700200164458,15,0,0,15,0.0,0.0,1.0,0.0020075642474694177,0.014003176585538313,0.03767432128079236,-0.41489387601614,0.018914185313042252,0.22323599457740784,0.14126060903072357,0.3259771764278412,1.0,0,0.0,0.0,0.0,0.0,0.0,0.0,0.0,0.0,0.0,0.0,0.0
205,1679360,1346.5379889462017,1366.6858876886804,5.994062040001154,0.16646537300402997,68,0,1,67,0.0,0.014705882352941176,0.9852941176470589,0.0015450060076545925,0.044639379670843485,0.032325493497774006,-0.412561197578907,0.02408731349860318,0.22432701289653778,0.14214272797107697,0.3283468186855316,1.0,0,0.0,0.0,0.0,0.0,0.0,0.0,0.0,0.0,0.0,0.0,0.0
206,1687552,1346.7780862531947,1433.739049997726,5.713731519004796,0.14327852899441496,5,0,0,5,0.0,0.0,1.0,0.0020803471095860006,0.0014288769940321799,0.03074860298074782,-0.41089244931936264,0.012855435788515024,0.22306787967681885,0.14216724038124084,0.3262501060962677,1.0,0,0.0,0.0,0.0,0.0,0.0,0.0,0.0,0.0,0.0,0.0,0.0
207,1695744,1346.6836404551614,1361.9003101880562,6.0151245570014,0.15278416000364814,9,0,0,9,0.0,0.0,1.0,-0.0006017571839038282,0.0019406689381867182,0.03555568126030266,-0.4302648603916168,0.00839892673320719,0.2212773561477661,0.1416739672422409,0.3214094936847687,1.0,0,0.0,0.0,0.0,0.0,0.0,0.0,0.0,0.0,0.0,0.0,0.0
208,1703936,1346.142404591246,1282.5080932665871,6.387484058002883,0.20130857200274477,17,0,0,17,0.0,0.0,1.0,0.002503530797548592,0.002307613163429778,0.035898789996281266,-0.44774299263954165,0.013096749994292622,0.22040066123008728,0.13993996381759644,0.3214634954929352,1.0,0,0.0,0.0,0.0,0.0,0.0,0.0,0.0,0.0,0.0,0.0,0.0
209,1712128,1345.5338180593978,1260.6722455561874,6.49812037099764,0.15950727800372988,17,1,0,16,0.058823529411764705,0.0,0.9411764705882353,0.0010389016999397427,0.016602523811161517,0.033090338995680216,-0.4673930495977402,0.031008656127960423,0.21860787272453308,0.13897912204265594,0.31974178552627563,1.0,0,0.0,0.0,0.0,0.0,0.0,0.0,0.0,0.0,0.0,0.0,0.0
210,1720320,1345.1073099437328,1307.3655159571933,6.266036468005041,0.22452617400267627,15,0,0,15,0.0,0.0,1.0,0.003162292359047569,0.012440933554898947,0.036293831933289764,-0.4856618866324425,0.01581642330784234,0.2180997133255005,0.13799813389778137,0.31866562366485596,1.0,0,0.0,0.0,0.0,0.0,0.0,0.0,0.0,0.0,0.0,0.0,0.0
211,1728512,1345.1275229069026,1381.538019289014,5.929623279000225,0.13756338600069284,65,0,0,65,0.0,0.0,1.0,0.0007739747059531509,0.005562799955077935,0.029910362255759538,-0.48674216866493225,0.008160036383196711,0.2182789295911789,0.13878574967384338,0.3188210725784302,1.0,0,0.0,0.0,0.0,0.0,0.0,0.0,0.0,0.0,0.0,0.0,0.0
212,1736704,1345.1210493284223,1391.753549994854,5.886099589995865,0.2072317420024774,6,0,0,6,0.0,0.0,1.0,0.0025850419595371934,0.009590606196434237,0.029205520101822913,-0.4860811591148376,0.019818900818791008,0.21781229972839355,0.1387796700000763,0.3171388506889343,1.0,0,0.0,0.0,0.0,0.0,0.0,0.0,0.0,0.0,0.0,0.0,0.0
213,1744896,1344.9502778616163,1340.3598478345343,6.111791556002572,0.13971068999671843,10,1,0,9,0.1,0.0,0.9,0.005002571348450146,0.05129219684749842,0.03298650244250893,-0.4987315863370895,0.016936000241548753,0.2161552757024765,0.13796108961105347,0.31347453594207764,1.0,0,0.0,0.0,0.0,0.0,0.0,0.0,0.0,0.0,0.0,0.0,0.0
214,1753088,1344.5142654419524,1293.6364022231337,6.332536704998347,0.17773256699729245,19,1,0,18,0.05263157894736842,0.0,0.9473684210526315,-0.0012282145267818122,0.02670846334658563,0.03701491174288094,-0.5123698234558105,0.016611214930890128,0.21594271063804626,0.13757918775081635,0.31390124559402466,1.0,0,0.0,0.0,0.0,0.0,0.0,0.0,0.0,0.0,0.0,0.0,0.0
215,1761280,1344.176278262545,1303.5491185266733,6.284381526995276,0.13489855700026965,19,0,0,19,0.0,0.0,1.0,0.0031896491535007955,0.010037723209825345,0.03419079668819904,-0.5216487601399422,0.019466066030872753,0.2148371934890747,0.13632243871688843,0.31161168217658997,1.0,0,0.0,0.0,0.0,0.0,0.0,0.0,0.0,0.0,0.0,0.0,0.0
216,1769472,1344.1076775372744,1364.994573530151,6.001489059999585,0.15709380000043893,11,1,0,10,0.09090909090909091,0.0,0.9090909090909091,-0.0009649133047787472,0.0114825421362184,0.035615572286769745,-0.541480927169323,0.014678971109242411,0.21329627931118011,0.13486282527446747,0.31018704175949097,1.0,0,0.0,0.0,0.0,0.0,0.0,0.0,0.0,0.0,0.0,0.0,0.0
217,1777664,1344.0560278429891,1372.4669269069836,5.968814139996539,0.17381356500118272,67,0,0,67,0.0,0.0,1.0,0.001840665185591206,0.007559212076012045,0.03744981340132654,-0.5581070587038994,0.015346683959069195,0.21264833211898804,0.13447557389736176,0.3095560669898987,1.0,0,0.0,0.0,0.0,0.0,0.0,0.0,0.0,0.0,0.0,0.0,0.0
218,1785856,1343.9466869807948,1355.1118887760088,6.045257272002345,0.15478365500166547,4,0,0,4,0.0,0.0,1.0,-0.0012801731936633587,0.001061780702730175,0.03321370300836861,-0.5643231868743896,0.014106192548933905,0.2123538702726364,0.13428881764411926,0.3098166882991791,1.0,0,0.0,0.0,0.0,0.0,0.0,0.0,0.0,0.0,0.0,0.0,0.0
219,1794048,1343.6727991393561,1317.215175173467,6.219181310996646,0.14536355699965497,16,0,0,16,0.0,0.0,1.0,-0.0023476035275962204,0.0042018882639240475,0.03641235788818449,-0.5694480642676354,0.025298890104022576,0.21223537623882294,0.1340872347354889,0.30982276797294617,1.0,0,0.0,0.0,0.0,0.0,0.0,0.0,0.0,0.0,0.0,0.0,0.0
220,1802240,1343.4019527894293,1322.129247280988,6.196065942000132,0.16739678500016453,15,0,0,15,0.0,0.0,1.0,0.0006755141075700521,0.0038211430430237668,0.04463433143682778,-0.5808306336402893,0.013192995455028722,0.2105124443769455,0.13351760804653168,0.3058486878871918,1.0,0,0.0,0.0,0.0,0.0,0.0,0.0,0.0,0.0,0.0,0.0,0.0
221,1810432,1342.9545663370502,1290.2450694086622,6.349181402998511,0.19466121600271435,20,1,0,19,0.05,0.0,0.95,0.0035388468706514685,0.015682049840688706,0.03514619800262153,-0.6021330416202545,0.019505334768473402,0.2092522829771042,0.13239701092243195,0.3043314516544342,1.0,0,0.0,0.0,0.0,0.0,0.0,0.0,0.0,0.0,0.0,0.0,0.0
222,1818624,1342.8421337434147,1355.4628689860992,6.043691928003682,0.16647656700661173,11,0,0,11,0.0,0.0,1.0,0.001304220111342147,0.015258687239838763,0.03617549818009138,-0.6158105000853539,0.02649697142696823,0.20849715173244476,0.1322566121816635,0.30329668521881104,1.0,0,0.0,0.0,0.0,0.0,0.0,0.0,0.0,0.0,0.0,0.0,0.0
223,1826816,1342.8950257758445,1396.6827651229803,5.865326188999461,0.1785834869951941,64,1,0,63,0.015625,0.0,0.984375,0.0023847787524573505,0.020798906695563345,0.029335547843948005,-0.6284116983413697,0.01864516854620888,0.2071957290172577,0.13115553557872772,0.3005506694316864,1.0,0,0.0,0.0,0.0,0.0,0.0,0.0,0.0,0.0,0.0,0.0,0.0
224,1835008,1343.1731722580982,1443.1506854775985,5.676468910998665,0.1373799670036533,4,0,0,4,0.0,0.0,1.0,0.0023950115748448296,0.027671976503916083,0.03415114961098879,-0.6440956860780715,0.019499889728467678,0.2067616879940033,0.13117776811122894,0.30142903327941895,1.0,0,0.0,0.0,0.0,0.0,0.0,0.0,0.0,0.0,0.0,0.0,0.0
225,1843200,1342.853811359023,1303.957374537377,6.282413950000773,0.1398999239972909,19,1,0,18,0.05263157894736842,0.0,0.9473684210526315,-0.0008425746229477227,0.02759411435108632,0.032957534515298904,-0.649511244893074,0.016673223730322206,0.20655736327171326,0.13029752671718597,0.3025444746017456,1.0,0,0.0,0.0,0.0,0.0,0.0,0.0,0.0,0.0,0.0,0.0,0.0
226,1851392,1342.6678369593892,1340.6650911867562,6.110400019999361,0.1776034369977424,12,0,0,12,0.0,0.0,1.0,0.00025837769790086894,0.0034077487769536676,0.03521138187497854,-0.6586928710341453,0.022011305037449348,0.20601187646389008,0.13058893382549286,0.30234453082084656,1.0,0,0.0,0.0,0.0,0.0,0.0,0.0,0.0,0.0,0.0,0.0,0.0
227,1859584,1342.0518345989929,1247.313868207934,6.567713395001192,0.16358137199858902,22,1,0,21,0.045454545454545456,0.0,0.9545454545454546,0.0036949260684195906,0.017533790008747017,0.030511706019751728,-0.6720343977212906,0.05405555093529983,0.20480594038963318,0.12958955764770508,0.3022386133670807,1.0,0,0.0,0.0,0.0,0.0,0.0,0.0,0.0,0.0,0.0,0.0,0.0
228,1867776,1341.6935485927456,1293.8467086602573,6.331507392002095,0.14091835799627006,66,0,0,66,0.0,0.0,1.0,-0.0012098249630071224,0.0017324834669125266,0.03287312085740268,-0.686418192088604,0.01471912624037941,0.20453375577926636,0.12976206839084625,0.30189812183380127,1.0,0,0.0,0.0,0.0,0.0,0.0,0.0,0.0,0.0,0.0,0.0,0.0
229,1875968,1341.9245239184888,1429.1984138579946,5.731884335000359,0.12981789899640717,5,0,0,5,0.0,0.0,1.0,-0.0013045714586041868,0.002946060993417632,0.029817842063494027,-0.6871685951948165,0.015438739283854374,0.2047579288482666,0.12908999621868134,0.3031148910522461,1.0,0,0.0,0.0,0.0,0.0,0.0,0.0,0.0,0.0,0.0,0.0,0.0
230,1884160,1342.0917862421124,1418.2873342141368,5.775980509999499,0.15060509400063893,5,0,0,5,0.0,0.0,1.0,-0.006460669584339484,0.0005427600470284232,0.03806370543316007,-0.6992713943123817,0.01530882773004123,0.20279137790203094,0.1286538988351822,0.2988092005252838,1.0,0,0.0,0.0,0.0,0.0,0.0,0.0,0.0,0.0,0.0,0.0,0.0
231,1892352,1341.6102557933068,1271.714448727807,6.441697668997222,0.16531431500334293,22,0,0,22,0.0,0.0,1.0,0.0027781120268628003,0.003227945597609505,0.04202607618644834,-0.70909643471241,0.03642405331702321,0.20349720120429993,0.12805487215518951,0.3003082871437073,1.0,0,0.0,0.0,0.0,0.0,0.0,0.0,0.0,0.0,0.0,0.0,0.0
232,1900544,1341.540149151435,1366.2789301989978,5.99584742099978,0.18120846099918708,11,0,0,11,0.0,0.0,1.0,0.0018812395166605711,0.002190544389304705,0.03329538290854543,-0.7076478630304337,0.018405191888450644,0.20305538177490234,0.12753978371620178,0.29907214641571045,1.0,0,0.0,0.0,0.0,0.0,0.0,0.0,0.0,0.0,0.0,0.0,0.0
233,1908736,1340.984561713029,1255.687886753278,6.523914172001241,0.16903397099667927,21,0,0,21,0.0,0.0,1.0,-0.004274038498988375,0.0010024371498730035,0.03218055246397853,-0.7125332489609718,0.015306087634235155,0.20303142070770264,0.12705127894878387,0.29977503418922424,1.0,0,0.0,0.0,0.0,0.0,0.0,0.0,0.0,0.0,0.0,0.0,0.0
234,1916928,1340.9075117846244,1367.612161772602,5.990002304002701,0.1977662909994251,64,0,0,64,0.0,0.0,1.0,-0.001335453853243962,0.001817510774708353,0.0328252119012177,-0.7209587603807449,0.01577484360896051,0.20196473598480225,0.12642033398151398,0.2979525923728943,1.0,0,0.0,0.0,0.0,0.0,0.0,0.0,0.0,0.0,0.0,0.0,0.0
235,1925120,1340.9506661139756,1388.1699607249793,5.901294677001715,0.15568179600086296,6,0,0,6,0.0,0.0,1.0,0.0022172169643454253,0.001116049351185211,0.02966414005495608,-0.7336543396115303,0.015627705621591305,0.20075511932373047,0.1263081431388855,0.29401952028274536,1.0,0,0.0,0.0,0.0,0.0,0.0,0.0,0.0,0.0,0.0,0.0,0.0
236,1933312,1341.0367000505776,1398.6192531283468,5.857205226995575,0.155313790004584,6,0,0,6,0.0,0.0,1.0,0.002260139590362087,0.0011806127171439585,0.031565563287585974,-0.7485252425074578,0.012048945411515887,0.19969229400157928,0.1258062720298767,0.29243823885917664,1.0,0,0.0,0.0,0.0,0.0,0.0,0.0,0.0,0.0,0.0,0.0,0.0
237,1941504,1340.1542673826245,1189.7834544973236,6.885286535994965,0.17146132099878741,22,0,0,22,0.0,0.0,1.0,0.0018640499794855714,0.001824457397015067,0.034248379385098816,-0.7654283657670021,0.014349321721238085,0.19860133528709412,0.12425535172224045,0.2912280559539795,1.0,0,0.0,0.0,0.0,0.0,0.0,0.0,0.0,0.0,0.0,0.0,0.0
238,1949696,1340.10772066067,1364.7482271000833,6.002572370001872,0.156877806999546,11,0,0,11,0.0,0.0,1.0,0.00047168947057798507,0.009055996497045271,0.03474883227609098,-0.7801600620150566,0.015264914320869138,0.19848069548606873,0.12263234704732895,0.2917073965072632,1.0,0,0.0,0.0,0.0,0.0,0.0,0.0,0.0,0.0,0.0,0.0,0.0
239,1957888,1339.7590179547904,1292.937025452303,6.335962106997613,0.15424793899728684,19,0,0,19,0.0,0.0,1.0,-0.0006772411346901208,0.0022555721530807204,0.03330217092297971,-0.7887252569198608,0.020415214679087513,0.1977091282606125,0.12162784487009048,0.29094406962394714,1.0,0,0.0,0.0,0.0,0.0,0.0,0.0,0.0,0.0,0.0,0.0,0.0
240,1966080,1339.6934268141183,1361.9429033624922,6.0149364410026465,0.16855048399884254,66,0,0,66,0.0,0.0,1.0,-0.0021604478126391767,0.0023233280815475156,0.03440364261623472,-0.8017769902944565,0.012200292755005648,0.19726812839508057,0.12065126746892929,0.2892730236053467,1.0,0,0.0,0.0,0.0,0.0,0.0,0.0,0.0,0.0,0.0,0.0,0.0
241,1974272,1339.7866312603608,1398.2774424929594,5.858637027995428,0.1505036509988713,5,0,0,5,0.0,0.0,1.0,0.002588104372262023,0.00034522411806392483,0.030555593594908715,-0.8047600030899048,0.013071027805563063,0.19681859016418457,0.12119650840759277,0.28798040747642517,1.0,0,0.0,0.0,0.0,0.0,0.0,0.0,0.0,0.0,0.0,0.0,0.0
242,1982464,1339.8706325617277,1397.7881903713778,5.860687660999247,0.15682628699869383,7,0,0,7,0.0,0.0,1.0,0.0023354206001386046,0.005052495190466288,0.0345336991827935,-0.8114314287900924,0.019561643726046896,0.1960664987564087,0.12076888978481293,0.2866378128528595,1.0,0,0.0,0.0,0.0,0.0,0.0,0.0,0.0,0.0,0.0,0.0,0.0
243,1990656,1339.480973767868,1282.6759187021137,6.386648318999505,0.15635387699876446,21,0,0,21,0.0,0.0,1.0,0.0008436299627646804,0.008576197322690859,0.03485280780587345,-0.8186840757727623,0.017050198736251333,0.19582951068878174,0.12077568471431732,0.2880018353462219,1.0,0,0.0,0.0,0.0,0.0,0.0,0.0,0.0,0.0,0.0,0.0,0.0
244,1998848,1339.3547464178516,1338.9124389441663,6.11839860600594,0.1351215590038919,15,1,0,14,0.06666666666666667,0.0,0.9333333333333333,0.0030574766540667044,0.005193363868602319,0.03508461189921945,-0.8281116604804992,0.024808557273354383,0.1954209804534912,0.12003661692142487,0.28764352202415466,1.0,0,0.0,0.0,0.0,0.0,0.0,0.0,0.0,0.0,0.0,0.0,0.0
245,2007040,1338.9561666714335,1287.4029097024063,6.363198295002803,0.19553253000049153,18,0,0,18,0.0,0.0,1.0,-0.00026500982930883766,0.0021446862683660584,0.031990406452678144,-0.8261419713497162,0.018259960817522368,0.19633376598358154,0.12024248391389847,0.289315402507782,1.0,0,0.0,0.0,0.0,0.0,0.0,0.0,0.0,0.0,0.0,0.0,0.0
246,2015232,1338.9484054767172,1371.7254054577713,5.972040736000054,0.15177851200132864,62,0,0,62,0.0,0.0,1.0,-0.0013192819140385836,0.004542471964668948,0.03556049433536827,-0.8262084499001503,0.022316893543757033,0.19547772407531738,0.11912264674901962,0.2876852750778198,1.0,0,0.0,0.0,0.0,0.0,0.0,0.0,0.0,0.0,0.0,0.0,0.0
247,2023424,1338.9691449703575,1381.9640424779816,5.927795332005189,0.16124344599666074,5,0,0,5,0.0,0.0,1.0,-0.0012868935998994857,0.0006531942624860676,0.03303782928269357,-0.8351031452417373,0.012550940936489497,0.19534993171691895,0.11924435943365097,0.2873683273792267,1.0,0,0.0,0.0,0.0,0.0,0.0,0.0,0.0,0.0,0.0,0.0,0.0
248,2031616,1338.980670453033,1382.50135497698,5.925491479996708,0.17617278199759312,9,0,0,9,0.0,0.0,1.0,0.00027278074412606657,0.0039884792058728635,0.035664369957521556,-0.8383766517043114,0.020451067769317887,0.1945922076702118,0.1202254593372345,0.28446388244628906,1.0,0,0.0,0.0,0.0,0.0,0.0,0.0,0.0,0.0,0.0,0.0,0.0
249,2039808,1338.6596183415354,1294.7371434359409,6.327152998994279,0.1524480259977281,20,0,0,20,0.0,0.0,1.0,0.0007535234617535025,0.0023306108250835678,0.031185107631608845,-0.8455397501587868,0.019376727010967442,0.1933577060699463,0.12035892903804779,0.28189560770988464,1.0,0,0.0,0.0,0.0,0.0,0.0,0.0,0.0,0.0,0.0,0.0,0.0
250,2048000,1338.3223894715245,1292.183108781337,6.339658787001099,0.1622455339966109,18,0,0,18,0.0,0.0,1.0,0.001074923068517819,0.006591701356228441,0.030047228490002454,-0.8601785287261009,0.023924675948364893,0.19249078631401062,0.12126731872558594,0.2813987731933594,1.0,0,0.0,0.0,0.0,0.0,0.0,0.0,0.0,0.0,0.0,0.0,0.0
251,2056192,1338.1461932472982,1334.63323612915,6.1380158819956705,0.18204466200404568,14,0,0,14,0.0,0.0,1.0,-0.002509356991504319,0.01039073362480849,0.035669896053150296,-0.8637230873107911,0.017492128244339256,0.192707821726799,0.12152131646871567,0.28165823221206665,1.0,0,0.0,0.0,0.0,0.0,0.0,0.0,0.0,0.0,0.0,0.0,0.0
252,2064384,1338.086453010305,1356.1192156765708,6.040766848003841,0.14405453499784926,63,0,0,63,0.0,0.0,1.0,-0.0014170928567182272,0.0022818206023657696,0.03844400690868497,-0.864175121486187,0.0121725156372122,0.19240045547485352,0.12100528925657272,0.2819112539291382,1.0,0,0.0,0.0,0.0,0.0,0.0,0.0,0.0,0.0,0.0,0.0,0.0
253,2072576,1338.2567176729633,1416.8088991960317,5.782007724999858,0.13922854499833193,6,0,0,6,0.0,0.0,1.0,-0.001668340287869796,0.0023973370058229192,0.03767352891154587,-0.8799832627177239,0.013213285020901822,0.19098572432994843,0.12060510367155075,0.28057512640953064,1.0,0,0.0,0.0,0.0,0.0,0.0,0.0,0.0,0.0,0.0,0.0,0.0
254,2080768,1338.2322682498366,1369.6119783267868,5.981256099999882,0.16327990099671297,12,0,0,12,0.0,0.0,1.0,0.000948193675139919,0.0007121079979697242,0.03695416734553873,-0.8955260992050171,0.01135430365902721,0.1904108226299286,0.120558962225914,0.28014323115348816,1.0,0,0.0,0.0,0.0,0.0,0.0,0.0,0.0,0.0,0.0,0.0,0.0
255,2088960,1338.0638126149065,1331.0229818130097,6.154664579000382,0.1599532670006738,16,0,0,16,0.0,0.0,1.0,0.002465226786443964,0.0017664931117906235,0.03376677306368947,-0.9023374944925309,0.021278502894710984,0.18997105956077576,0.12107396870851517,0.27958032488822937,1.0,0,0.0,0.0,0.0,0.0,0.0,0.0,0.0,0.0,0.0,0.0,0.0
256,2097152,1337.2715372039142,1197.31633609947,6.841967952001141,0.20571050800208468,23,1,0,22,0.043478260869565216,0.0,0.9565217391304348,0.003871358186006546,0.00954357683804119,0.03269236495252699,-0.9051727175712585,0.038618949185183736,0.1898006647825241,0.12179074436426163,0.2778569459915161,1.0,0,0.0,0.0,0.0,0.0,0.0,0.0,0.0,0.0,0.0,0.0,0.0
257,2105344,1337.1660288572805,1351.7191623929102,6.060430470999563,0.18671056700259214,11,0,0,11,0.0,0.0,1.0,0.0027965718822088093,0.0019443111414148007,0.030750312935560943,-0.9052487671375274,0.019190160183643456,0.189678356051445,0.12092985957860947,0.27883800864219666,1.0,0,0.0,0.0,0.0,0.0,0.0,0.0,0.0,0.0,0.0,0.0,0.0
258,2113536,1337.1519970281083,1370.4156297859831,5.977748518002045,0.15968028500356013,62,0,0,62,0.0,0.0,1.0,-0.003470898699015379,0.001225922458252171,0.027777064824476838,-0.910561665892601,0.01647483161505079,0.18989358842372894,0.12014871835708618,0.2805791199207306,1.0,0,0.0,0.0,0.0,0.0,0.0,0.0,0.0,0.0,0.0,0.0,0.0
259,2121728,1337.2766554478062,1411.9865546990854,5.8017549619980855,0.17381534699961776,4,0,0,4,0.0,0.0,1.0,0.001939459249842912,0.003530630484237918,0.027754080039449035,-0.9175038233399391,0.021184142991842236,0.18927037715911865,0.11886201053857803,0.2796521484851837,1.0,0,0.0,0.0,0.0,0.0,0.0,0.0,0.0,0.0,0.0,0.0,0.0
260,2129920,1336.9510687321988,1295.0972366463423,6.325393776001874,0.18418490100157214,19,0,0,19,0.0,0.0,1.0,0.004876877972856164,0.009282543142035138,0.03200000179931521,-0.9301729097962379,0.02363504285531235,0.188776895403862,0.1178959310054779,0.27987197041511536,1.0,0,0.0,0.0,0.0,0.0,0.0,0.0,0.0,0.0,0.0,0.0,0.0
261,2138112,1336.8380134598322,1348.498516706176,6.074904716995661,0.1815383099965402,11,0,0,11,0.0,0.0,1.0,0.0028376105008646848,0.01742431566817686,0.03198431385681033,-0.9348872348666191,0.023130838701035827,0.1886874884366989,0.1179281696677208,0.27894291281700134,1.0,0,0.0,0.0,0.0,0.0,0.0,0.0,0.0,0.0,0.0,0.0,0.0
262,2146304,1336.4401701535114,1266.5886957113746,6.467766551002569,0.13508713099872693,25,0,0,25,0.0,0.0,1.0,-0.0006391863222233951,0.0036771646788110956,0.03345358220394701,-0.9377556309103966,0.013221832182171055,0.18838772177696228,0.11738360673189163,0.2792769968509674,1.0,0,0.0,0.0,0.0,0.0,0.0,0.0,0.0,0.0,0.0,0.0,0.0
263,2154496,1336.4416174576384,1372.6924123977867,5.967833671995322,0.15702948500256753,65,0,0,65,0.0,0.0,1.0,0.0035911584564018995,0.005806190708244685,0.031689014914445576,-0.9360572874546051,0.021596023785241412,0.1892925500869751,0.11820081621408463,0.2811373174190521,1.0,0,0.0,0.0,0.0,0.0,0.0,0.0,0.0,0.0,0.0,0.0,0.0
264,2162688,1336.6894396158373,1443.9343387416927,5.673388172996056,0.15314648999628844,4,0,0,4,0.0,0.0,1.0,0.0004904217465082183,0.003141128539573401,0.036768509959802034,-0.9285418435931205,0.028962407118524425,0.189182847738266,0.11782899498939514,0.281292587518692,1.0,0,0.0,0.0,0.0,0.0,0.0,0.0,0.0,0.0,0.0,0.0,0.0
265,2170880,1336.792684308742,1407.9128907581355,5.818541795997589,0.1807531710001058,5,0,0,5,0.0,0.0,1.0,-0.0008209323044866323,0.0019476000481517986,0.031617208500392735,-0.9269932121038437,0.023117300333979074,0.1900784969329834,0.1179395318031311,0.2842504680156708,1.0,0,0.0,0.0,0.0,0.0,0.0,0.0,0.0,0.0,0.0,0.0,0.0
266,2179072,1336.194847384416,1224.3789150308858,6.690739197998482,0.1637744319959893,19,0,0,19,0.0,0.0,1.0,-0.0002993940404849127,0.004411201187758706,0.039010729268193246,-0.9248754978179932,0.027269945952866692,0.18984124064445496,0.11731120944023132,0.28515294194221497,1.0,0,0.0,0.0,0.0,0.0,0.0,0.0,0.0,0.0,0.0,0.0,0.0
267,2187264,1336.11148351162,1346.8569470315726,6.082308903001831,0.14749792300426634,13,0,0,13,0.0,0.0,1.0,-0.0012960308056790381,0.001627342949359445,0.032542003924027084,-0.9284855246543884,0.01595688842353411,0.19001004099845886,0.11774656921625137,0.28516459465026855,1.0,0,0.0,0.0,0.0,0.0,0.0,0.0,0.0,0.0,0.0,0.0,0.0
268,2195456,1335.7225523867203,1270.0559548140259,6.450109516001248,0.15634150199912256,24,0,0,24,0.0,0.0,1.0,0.00180602322507184,0.0004721682253148174,0.033159257587976755,-0.9241369947791099,0.01369338292061002,0.18967685103416443,0.1187792643904686,0.2831784188747406,1.0,0,0.0,0.0,0.0,0.0,0.0,0.0,0.0,0.0,0.0,0.0,0.0
269,2203648,1335.6600936393497,1359.0710253429404,6.027646713999275,0.1766864910023287,63,0,0,63,0.0,0.0,1.0,0.0010751063004136086,0.003593573752732482,0.04529135022312403,-0.9349147066473961,0.02457844437521999,0.18841466307640076,0.11862751841545105,0.2808542549610138,1.0,0,0.0,0.0,0.0,0.0,0.0,0.0,0.0,0.0,0.0,0.0,0.0
270,2211840,1335.9302773060904,1450.3064041203759,5.6484615779991145,0.14690089999930933,4,0,0,4,0.0,0.0,1.0,-0.0015184917196165771,0.0008692391329532256,0.02703203752171248,-0.9515363320708274,0.00885024692834122,0.18701931834220886,0.1177276149392128,0.2775176763534546,1.0,0,0.0,0.0,0.0,0.0,0.0,0.0,0.0,0.0,0.0,0.0,0.0
271,2220032,1335.9997988382272,1389.665838104937,5.894942348997574,0.14767368599859765,7,0,0,7,0.0,0.0,1.0,0.0017638996068853885,0.010137109036440961,0.03158895045053214,-0.9721280917525291,0.02351637366155046,0.18594233691692352,0.1160784363746643,0.2760544717311859,1.0,0,0.0,0.0,0.0,0.0,0.0,0.0,0.0,0.0,0.0,0.0,0.0
272,2228224,1335.767840114499,1304.4975832626835,6.279812323999067,0.13864031499542762,21,0,0,21,0.0,0.0,1.0,-0.00024501887965016066,0.0036386613195645624,0.036546165216714145,-0.988185478746891,0.015605826631508534,0.18483424186706543,0.11581206321716309,0.27306538820266724,1.0,0,0.0,0.0,0.0,0.0,0.0,0.0,0.0,0.0,0.0,0.0,0.0
273,2236416,1335.7053168564275,1352.3462737873533,6.057620121995569,0.1505229309987044,11,0,0,11,0.0,0.0,1.0,0.0028080099291400984,0.012029901178902947,0.038259124662727115,-0.9922411888837814,0.030175377501291224,0.185201495885849,0.11709382385015488,0.27302563190460205,1.0,0,0.0,0.0,0.0,0.0,0.0,0.0,0.0,0.0,0.0,0.0,0.0
274,2244608,1335.381032177778,1284.1236422462302,6.379447999002878,0.15856846400129143,22,0,0,22,0.0,0.0,1.0,-0.0021574829996097835,0.0046067940100329,0.03473177968990058,-0.9973010689020156,0.013826409872854129,0.1835043728351593,0.11666154861450195,0.26987937092781067,1.0,0,0.0,0.0,0.0,0.0,0.0,0.0,0.0,0.0,0.0,0.0,0.0
275,2252800,1335.1323304570356,1300.3677467776986,6.299756372995034,0.14588237900170498,64,0,0,64,0.0,0.0,1.0,-0.00487450331565924,0.0012623227179574315,0.033842846658080815,-1.0103549346327783,0.010710982174350648,0.18327085673809052,0.11679891496896744,0.2687881886959076,1.0,0,0.0,0.0,0.0,0.0,0.0,0.0,0.0,0.0,0.0,0.0,0.0
276,2260992,1335.2381110344538,1404.432831369776,5.832959624000068,0.16564592700160574,5,0,0,5,0.0,0.0,1.0,-0.0010504181147553027,0.0007758642939734272,0.03006705637089908,-1.014139437675476,0.010145246311003575,0.18277013301849365,0.11680850386619568,0.2676711976528168,1.0,0,0.0,0.0,0.0,0.0,0.0,0.0,0.0,0.0,0.0,0.0,0.0
277,2269184,1335.2988975457836,1387.3901364088392,5.904611677004141,0.1502895199955674,8,1,0,7,0.125,0.0,0.875,-3.8561801193282005e-05,0.0025043922942131758,0.03286830189172178,-1.022805617749691,0.021133791049214777,0.18181324005126953,0.1170806810259819,0.2650468647480011,1.0,0,0.0,0.0,0.0,0.0,0.0,0.0,0.0,0.0,0.0,0.0,0.0
278,2277376,1334.946650339024,1278.2721234197309,6.408651060999546,0.17316775800281903,22,1,0,21,0.045454545454545456,0.0,0.9545454545454546,0.001980825501959771,0.012118773866677656,0.03045199669431895,-1.0401604518294334,0.0209277754118375,0.1804341971874237,0.1156003400683403,0.26311826705932617,1.0,0,0.0,0.0,0.0,0.0,0.0,0.0,0.0,0.0,0.0,0.0,0.0
279,2285568,1334.8561089050124,1358.041549011948,6.0322160290015745,0.21451580800203374,13,0,0,13,0.0,0.0,1.0,-0.0034434184577548876,0.0135004180832766,0.03649510536342859,-1.053834918141365,0.014224516001559096,0.18058954179286957,0.11464083939790726,0.2644747793674469,1.0,0,0.0,0.0,0.0,0.0,0.0,0.0,0.0,0.0,0.0,0.0,0.0
280,2293760,1334.5954962540234,1300.7065898174333,6.298115243000211,0.1645876109978417,19,0,0,19,0.0,0.0,1.0,-0.0013970540487207473,0.0021419973643787673,0.04379206798039377,-1.0544383376836777,0.02709408081136644,0.1805638074874878,0.11514408141374588,0.26412880420684814,1.0,0,0.0,0.0,0.0,0.0,0.0,0.0,0.0,0.0,0.0,0.0,0.0
281,2301952,1334.7174932553228,1401.3887361728655,5.84562997300236,0.13178030700510135,61,0,0,61,0.0,0.0,1.0,-0.0029633149795699866,0.0015816659986739978,0.03497938620857895,-1.058500672876835,0.014347728446591646,0.17999093234539032,0.11554417759180069,0.26423507928848267,1.0,0,0.0,0.0,0.0,0.0,0.0,0.0,0.0,0.0,0.0,0.0,0.0
282,2310144,1334.8965420893205,1423.1937743468327,5.7560679000016535,0.1465326060060761,5,0,0,5,0.0,0.0,1.0,0.004556146246613935,0.0015479435904126148,0.03129166890867054,-1.066357670724392,0.01679396574545535,0.17971596121788025,0.11538731306791306,0.2635961174964905,1.0,0,0.0,0.0,0.0,0.0,0.0,0.0,0.0,0.0,0.0,0.0,0.0
283,2318336,1334.9157331185088,1371.2255230007906,5.974217852999573,0.1344553039962193,10,0,0,10,0.0,0.0,1.0,0.000667115260148421,0.0010324866547307466,0.034628716809675095,-1.0708787485957145,0.013054927997291087,0.17910532653331757,0.11537912487983704,0.26214149594306946,1.0,0,0.0,0.0,0.0,0.0,0.0,0.0,0.0,0.0,0.0,0.0,0.0
284,2326528,1334.6238595155019,1287.2210439640253,6.3640973229994415,0.14970969400019385,20,0,0,20,0.0,0.0,1.0,-0.006071572401560843,0.0011168858909513801,0.0361949329264462,-1.0828559786081313,0.011884080764139071,0.17802715301513672,0.11505983769893646,0.26012328267097473,1.0,0,0.0,0.0,0.0,0.0,0.0,0.0,0.0,0.0,0.0,0.0,0.0
285,2334720,1334.1994687111226,1250.3789749548364,6.551613682000607,0.13996009599941317,18,0,0,18,0.0,0.0,1.0,-0.006042874522972852,0.0007057468021230307,0.04002920142374933,-1.1019564121961594,0.022682337628066308,0.17654705047607422,0.11459966748952866,0.25647279620170593,1.0,0,0.0,0.0,0.0,0.0,0.0,0.0,0.0,0.0,0.0,0.0,0.0
286,2342912,1333.9949460934297,1328.8204669706106,6.164865912003734,0.24138751599821262,15,0,0,15,0.0,0.0,1.0,0.0010678315098630264,0.0012652357087063137,0.036635004077106716,-1.1199276268482208,0.01272577453055419,0.17544007301330566,0.11457366496324539,0.2547593116760254,1.0,0,0.0,0.0,0.0,0.0,0.0,0.0,0.0,0.0,0.0,0.0,0.0
287,2351104,1334.071047168968,1388.6502967857773,5.899253411000245,0.13808154299476882,60,0,0,60,0.0,0.0,1.0,-0.002840523183112964,0.0009751120785949751,0.03442499935626984,-1.1286984011530876,0.016214769665384664,0.17537400126457214,0.11520671099424362,0.2548845708370209,1.0,0,0.0,0.0,0.0,0.0,0.0,0.0,0.0,0.0,0.0,0.0,0.0
288,2359296,1334.2139552796461,1408.4025843543034,5.816518721992907,0.13140783199924044,7,0,0,7,0.0,0.0,1.0,-0.0005631415871903301,0.0008698440877196844,0.031240713922306894,-1.1397097438573838,0.016359590974752793,0.1736692637205124,0.11537124961614609,0.25135138630867004,1.0,0,0.0,0.0,0.0,0.0,0.0,0.0,0.0,0.0,0.0,0.0,0.0
289,2367488,1334.2423693187936,1379.510462108655,5.938338435997139,0.16037395700550405,10,0,0,10,0.0,0.0,1.0,-0.002253148419549689,0.000883211648761062,0.034822997031733395,-1.1586365923285484,0.01651277310302248,0.1731264442205429,0.1151040643453598,0.25122955441474915,1.0,0,0.0,0.0,0.0,0.0,0.0,0.0,0.0,0.0,0.0,0.0,0.0
290,2375680,1334.0185529520998,1302.0695840529236,6.2915224349999335,0.14376275800168514,19,0,0,19,0.0,0.0,1.0,-0.0005029474210459739,0.0003450958840403473,0.03354335096664727,-1.1660965919494628,0.014532099048665259,0.17289802432060242,0.1146802231669426,0.2511795461177826,1.0,0,0.0,0.0,0.0,0.0,0.0,0.0,0.0,0.0,0.0,0.0,0.0
291,2383872,1333.7044086219844,1282.304762888252,6.388496897998266,0.17008083499968052,21,0,0,21,0.0,0.0,1.0,-0.006288023848901503,0.00027229064889979784,0.03777193846181035,-1.1752602830529213,0.014188528136583046,0.1719473898410797,0.11504441499710083,0.24958807229995728,1.0,0,0.0,0.0,0.0,0.0,0.0,0.0,0.0,0.0,0.0,0.0,0.0
292,2392064,1333.6654765372448,1351.1485743099358,6.0629897819962935,0.128296634000435,12,0,0,12,0.0,0.0,1.0,0.00029139079269953073,0.0003895291647495469,0.034820748632773756,-1.191110360622406,0.012720521871960955,0.1711130440235138,0.11471065878868103,0.24907223880290985,1.0,0,0.0,0.0,0.0,0.0,0.0,0.0,0.0,0.0,0.0,0.0,0.0
293,2400256,1333.6785889587227,1375.1789931134635,5.957042713002011,0.16467152000404894,62,0,0,62,0.0,0.0,1.0,0.0005702997033949942,0.0011441696748079266,0.03902475424110889,-1.2034997567534447,0.009482989691605326,0.1706269234418869,0.11438143253326416,0.2488151639699936,1.0,0,0.0,0.0,0.0,0.0,0.0,0.0,0.0,0.0,0.0,0.0,0.0
294,2408448,1333.6300037913263,1361.3836512349847,6.017407357998309,0.18500546499853954,4,0,0,4,0.0,0.0,1.0,0.004762034356826916,0.00031338128246716224,0.03810322131030262,-1.2140137061476708,0.01280764032562729,0.1697704792022705,0.11514215916395187,0.24704909324645996,1.0,0,0.0,0.0,0.0,0.0,0.0,0.0,0.0,0.0,0.0,0.0,0.0
295,2416640,1333.328588989631,1281.9924359864806,6.390053303002787,0.15156492499954766,17,0,0,17,0.0,0.0,1.0,-0.0012192287191282957,0.0010296173335518689,0.03852968020364642,-1.2204288065433502,0.010400760945049114,0.16964887082576752,0.11569105088710785,0.24702022969722748,1.0,0,0.0,0.0,0.0,0.0,0.0,0.0,0.0,0.0,0.0,0.0,0.0
296,2424832,1333.1841697023265,1325.1425165780452,6.1819765780019225,0.15606611099792644,15,0,0,15,0.0,0.0,1.0,-3.5913108149543405e-05,0.0016918003377213609,0.036655661184340715,-1.2216481938958168,0.020625962196209,0.1694035530090332,0.11630440503358841,0.24701696634292603,1.0,0,0.0,0.0,0.0,0.0,0.0,0.0,0.0,0.0,0.0,0.0,0.0
297,2433024,1332.850179408229,1267.3735245200883,6.463761346996762,0.13497233999805758,22,0,0,22,0.0,0.0,1.0,-0.0020850738103035836,0.0038079831974755507,0.035988727444782855,-1.2191584661602974,0.020605461642117007,0.16995742917060852,0.11743192374706268,0.2479417473077774,1.0,0,0.0,0.0,0.0,0.0,0.0,0.0,0.0,0.0,0.0,0.0,0.0
298,2441216,1332.7469019149553,1334.6733418915194,6.137831440006266,0.14729418200295186,14,1,0,13,0.07142857142857142,0.0,0.9285714285714286,0.005132822669111192,0.005359558924101293,0.03663420989178121,-1.2198076322674751,0.02729538720814162,0.16929005086421967,0.11672968417406082,0.24671612679958344,1.0,0,0.0,0.0,0.0,0.0,0.0,0.0,0.0,0.0,0.0,0.0,0.0
299,2449408,1332.8426884130492,1407.2344676153944,5.821346896002069,0.1902211470005568,56,0,0,56,0.0,0.0,1.0,-0.0010688839538488537,0.0011863090709084644,0.0356584376655519,-1.2353920727968215,0.016275751640932867,0.1679622381925583,0.1169200912117958,0.24342739582061768,1.0,0,0.0,0.0,0.0,0.0,0.0,0.0,0.0,0.0,0.0,0.0,0.0
300,2457600,1333.0193208199926,1424.681467796022,5.75005724800576,0.14843052799551515,5,0,0,5,0.0,0.0,1.0,0.0028493050107499585,0.0034378531301626934,0.036047208379022776,-1.2499154388904572,0.022772118726425105,0.167497456073761,0.11582034826278687,0.24346190690994263,1.0,0,0.0,0.0,0.0,0.0,0.0,0.0,0.0,0.0,0.0,0.0,0.0
301,2465792,1332.7107986824142,1275.697644513813,6.421584326999437,0.14809749200503575,20,0,0,20,0.0,0.0,1.0,0.002364401164231822,0.001001094859384466,0.03619045363739133,-1.263921856880188,0.014525601478817407,0.16669750213623047,0.11525237560272217,0.24265718460083008,1.0,0,0.0,0.0,0.0,0.0,0.0,0.0,0.0,0.0,0.0,0.0,0.0
302,2473984,1332.546083879371,1316.6392593562855,6.221901665005134,0.15029855899774702,13,0,0,13,0.0,0.0,1.0,0.001946347759803757,0.0030548530121450312,0.038791285874322054,-1.2765632182359696,0.024925748402165483,0.1662951409816742,0.11532208323478699,0.24253392219543457,1.0,0,0.0,0.0,0.0,0.0,0.0,0.0,0.0,0.0,0.0,0.0,0.0
303,2482176,1332.0342114321443,1223.9120982981635,6.693291136994958,0.1642212670049048,24,0,0,24,0.0,0.0,1.0,-0.004784126597223803,0.0014776345200516517,0.04343397282063961,-1.2706838190555572,0.016107865802769083,0.16704347729682922,0.11553598195314407,0.2433665245771408,1.0,0,0.0,0.0,0.0,0.0,0.0,0.0,0.0,0.0,0.0,0.0,0.0
304,2490368,1331.8991916978757,1321.6533869486714,6.198296830996696,0.13743817700014915,62,0,0,62,0.0,0.0,1.0,-0.0019854957412462682,0.0036622231564251706,0.039797553513199094,-1.2622917383909225,0.033296612976118925,0.16774219274520874,0.11484961956739426,0.24628376960754395,1.0,0,0.0,0.0,0.0,0.0,0.0,0.0,0.0,0.0,0.0,0.0,0.0
305,2498560,1332.0873041386133,1429.9156490236999,5.729009264003253,0.15327346199774183,4,0,0,4,0.0,0.0,1.0,0.0016967912524705753,0.0036906817913404666,0.03838902437128126,-1.2593857795000076,0.014493440143269254,0.16733889281749725,0.11542835086584091,0.24447563290596008,1.0,0,0.0,0.0,0.0,0.0,0.0,0.0,0.0,0.0,0.0,0.0,0.0
306,2506752,1332.220597844116,1413.6766038463893,5.794818968999607,0.16374634000385413,6,0,0,6,0.0,0.0,1.0,0.0008685796638019383,0.0028332686866633593,0.038547584367915985,-1.2675997823476792,0.02682060528313741,0.1666448563337326,0.11471886187791824,0.2432486116886139,1.0,0,0.0,0.0,0.0,0.0,0.0,0.0,0.0,0.0,0.0,0.0,0.0
307,2514944,1331.8958225594731,1265.6816881576792,6.472401455001091,0.1337198309993255,24,0,0,24,0.0,0.0,1.0,-0.006178002431988716,0.0006157216954306932,0.034965133666992186,-1.2735691010951995,0.01739810277867946,0.1666845977306366,0.1147351935505867,0.2430356740951538,1.0,0,0.0,0.0,0.0,0.0,0.0,0.0,0.0,0.0,0.0,0.0,0.0
308,2523136,1331.9087762942897,1369.0864639083936,5.983551963996433,0.1455506139973295,11,0,0,11,0.0,0.0,1.0,-0.008566033354145474,0.00026475670329091373,0.03297167168930173,-1.2779585227370263,0.01312122783056111,0.16623543202877045,0.11432584375143051,0.24275803565979004,1.0,0,0.0,0.0,0.0,0.0,0.0,0.0,0.0,0.0,0.0,0.0,0.0
309,2531328,1331.574761692053,1270.9697545320457,6.4454720270005055,0.1788905080029508,21,0,0,21,0.0,0.0,1.0,-0.0038993539550574497,0.0005103599931317148,0.034178792615421116,-1.2924373269081115,0.015956603734957754,0.16498824954032898,0.11362506449222565,0.24071407318115234,1.0,0,0.0,0.0,0.0,0.0,0.0,0.0,0.0,0.0,0.0,0.0,0.0
310,2539520,1331.570657290065,1367.7824739153523,5.989256447006483,0.1658164280015626,62,0,0,62,0.0,0.0,1.0,0.0010266920318827033,0.0017988290972425602,0.03880999912507832,-1.309169478714466,0.018344487886497517,0.16436877846717834,0.11342920362949371,0.23967932164669037,1.0,0,0.0,0.0,0.0,0.0,0.0,0.0,0.0,0.0,0.0,0.0,0.0
311,2547712,1331.6717930894604,1410.9901553666289,5.805851989003713,0.19800089499767637,5,0,0,5,0.0,0.0,1.0,0.0015816295112017543,0.0018627521487360355,0.0343936548801139,-1.3180721208453179,0.017679275185946607,0.16384486854076385,0.11301543563604355,0.23757652938365936,1.0,0,0.0,0.0,0.0,0.0,0.0,0.0,0.0,0.0,0.0,0.0,0.0
312,2555904,1331.726642461601,1390.7016074038927,5.890551903001324,0.1771307960007107,8,0,0,8,0.0,0.0,1.0,0.004397516118478962,0.005801998195238411,0.03880794029682875,-1.3212534919381143,0.03345408746754401,0.1635381281375885,0.11386364698410034,0.23664559423923492,1.0,0,0.0,0.0,0.0,0.0,0.0,0.0,0.0,0.0,0.0,0.0,0.0
313,2564096,1331.2011100949303,1211.025696172592,6.764513771995553,0.14371370899607427,22,0,0,22,0.0,0.0,1.0,0.0017810026649385691,0.005528435307496693,0.03563869677018374,-1.320669311285019,0.020444331318867626,0.16385243833065033,0.11375413835048676,0.2371930032968521,1.0,0,0.0,0.0,0.0,0.0,0.0,0.0,0.0,0.0,0.0,0.0,0.0
314,2572288,1331.1392903271212,1352.4188702817073,6.057294954996905,0.18338522600242868,13,0,0,13,0.0,0.0,1.0,0.0018511011265218257,0.005793953491956927,0.041602818435057996,-1.3192383259534837,0.02008459093340207,0.163761705160141,0.11281619220972061,0.23716291785240173,1.0,0,0.0,0.0,0.0,0.0,0.0,0.0,0.0,0.0,0.0,0.0,0.0
315,2580480,1330.8740354714741,1283.5512560107752,6.382292847003555,0.15527189900603844,19,0,0,19,0.0,0.0,1.0,0.0006964655069168657,0.005462204451032448,0.03454652775544673,-1.3256271928548813,0.0193929217333789,0.16337129473686218,0.11192803829908371,0.2374046891927719,1.0,0,0.0,0.0,0.0,0.0,0.0,0.0,0.0,0.0,0.0,0.0,0.0
316,2588672,1330.8258894641124,1353.603364828523,6.051994411995111,0.1677884719974827,62,0,0,62,0.0,0.0,1.0,-0.0037569014239124954,0.002574859306332655,0.03805842595174909,-1.326871430873871,0.012195259652798995,0.1636401116847992,0.11246800422668457,0.23798051476478577,1.0,0,0.0,0.0,0.0,0.0,0.0,0.0,0.0,0.0,0.0,0.0,0.0
317,2596864,1330.9576964657176,1416.0442620322035,5.785129899995809,0.17371402800199576,5,0,0,5,0.0,0.0,1.0,0.000960385226062499,0.0038569213924347424,0.034697286994196476,-1.327893640100956,0.026017190582933836,0.16310401260852814,0.11355343461036682,0.23633459210395813,1.0,0,0.0,0.0,0.0,0.0,0.0,0.0,0.0,0.0,0.0,0.0,0.0
318,2605056,1330.9539595151116,1363.5754520863134,6.007735022998531,0.1493548729995382,10,1,0,9,0.1,0.0,0.9,-0.00013204434653744102,0.010172118963237154,0.035696665989235044,-1.3425363689661025,0.032863017736235636,0.16192090511322021,0.11210888624191284,0.23439058661460876,1.0,0,0.0,0.0,0.0,0.0,0.0,0.0,0.0,0.0,0.0,0.0,0.0
319,2613248,1330.6658259831745,1275.8380255839388,6.4208777569947415,0.1562115709966747,21,0,0,21,0.0,0.0,1.0,0.005688021465903148,0.005613885194179602,0.03862574179656804,-1.3530748784542084,0.04835407665887033,0.1623479574918747,0.11170873045921326,0.23626120388507843,1.0,0,0.0,0.0,0.0,0.0,0.0,0.0,0.0,0.0,0.0,0.0,0.0
320,2621440,1330.5595642290793,1329.9876049115603,6.1594559000004665,0.15104411100037396,14,0,0,14,0.0,0.0,1.0,0.002135389414615929,0.002617271886992967,0.032973358407616615,-1.3573159918189048,0.013253323285607622,0.1616099625825882,0.11123573780059814,0.234968900680542,1.0,0,0.0,0.0,0.0,0.0,0.0,0.0,0.0,0.0,0.0,0.0,0.0
321,2629632,1330.3369565778187,1297.919751149205,6.311638291001145,0.17269389099965338,20,0,0,20,0.0,0.0,1.0,0.001628416555467993,0.00398765262652887,0.03255032033193857,-1.3692779868841172,0.022053501301707003,0.16099652647972107,0.11001578718423843,0.23379427194595337,1.0,0,0.0,0.0,0.0,0.0,0.0,0.0,0.0,0.0,0.0,0.0,0.0
322,2637824,1330.3597677806258,1372.91007923175,5.966887506998319,0.15385234599671094,58,0,0,58,0.0,0.0,1.0,0.001938519545365125,0.003168485106289154,0.032048620260320605,-1.3941026046872138,0.02474576379172504,0.1590622067451477,0.10909602791070938,0.2309543341398239,1.0,0,0.0,0.0,0.0,0.0,0.0,0.0,0.0,0.0,0.0,0.0,0.0
323,2646016,1330.3960341078498,1378.0976288909465,5.944426453002961,0.1561679290025495,6,0,0,6,0.0,0.0,1.0,0.0004897538048680872,0.0036352810653625055,0.031999176973477005,-1.42104871571064,0.015348474450729555,0.15831229090690613,0.10836152732372284,0.23009254038333893,1.0,0,0.0,0.0,0.0,0.0,0.0,0.0,0.0,0.0,0.0,0.0,0.0
324,2654208,1330.4204762035663,1370.7826035898204,5.976148207999358,0.14187565100291977,11,0,0,11,0.0,0.0,1.0,0.006147441623033956,0.0034166691126301884,0.03303203203249723,-1.4323808431625367,0.025345183041645215,0.15803083777427673,0.10737763345241547,0.23077602684497833,1.0,0,0.0,0.0,0.0,0.0,0.0,0.0,0.0,0.0,0.0,0.0,0.0
325,2662400,1330.1773461802281,1288.2502770374401,6.359012799002812,0.16121236499748193,20,0,0,20,0.0,0.0,1.0,0.003594591369619593,0.010537673928774893,0.030780983367003502,-1.4418572202324866,0.020641601807437838,0.15763650834560394,0.10659875720739365,0.23062902688980103,1.0,0,0.0,0.0,0.0,0.0,0.0,0.0,0.0,0.0,0.0,0.0,0.0
326,2670592,1329.889301128099,1276.7556555546355,6.41626294299931,0.17414665700198384,23,4,0,19,0.17391304347826086,0.0,0.8260869565217391,0.00508810174651444,0.03115963339805603,0.03052190844900906,-1.4426293641328811,0.02375023860586225,0.1583300530910492,0.10608303546905518,0.23233318328857422,1.0,0,0.0,0.0,0.0,0.0,0.0,0.0,0.0,0.0,0.0,0.0,0.0
327,2678784,1329.7299550869698,1316.4542470063911,6.222776080998301,0.17546509200474247,15,1,0,14,0.06666666666666667,0.0,0.9333333333333333,0.0026580040401313456,0.016286049521295354,0.03245175660122186,-1.4321641057729722,0.02516040374976001,0.15876588225364685,0.10648424178361893,0.23243990540504456,1.0,0,0.0,0.0,0.0,0.0,0.0,0.0,0.0,0.0,0.0,0.0,0.0
328,2686976,1329.7223266496997,1362.3024014390082,6.013349159002246,0.1559113709954545,56,0,0,56,0.0,0.0,1.0,-0.001229765432071872,0.006800234405091032,0.03137000526767224,-1.420945720374584,0.016198365106538402,0.15941853821277618,0.10644208639860153,0.23358774185180664,1.0,0,0.0,0.0,0.0,0.0,0.0,0.0,0.0,0.0,0.0,0.0,0.0
329,2695168,1329.7895838430022,1387.62751669269,5.903601580001123,0.15168494499812368,8,2,0,6,0.25,0.0,0.75,0.005140027496963739,0.01546736503369175,0.028894095169380307,-1.4173548609018325,0.03042066449634149,0.1591794490814209,0.10653385519981384,0.2321651130914688,1.0,0,0.0,0.0,0.0,0.0,0.0,0.0,0.0,0.0,0.0,0.0,0.0
330,2703360,1329.627861664896,1311.7088234059456,6.2452884770027595,0.15939629299828084,16,2,0,14,0.125,0.0,0.875,0.00580041318316944,0.03115506481844932,0.030450580827891826,-1.4257985815405845,0.023702114812476794,0.15817970037460327,0.10550341010093689,0.23088699579238892,1.0,0,0.0,0.0,0.0,0.0,0.0,0.0,0.0,0.0,0.0,0.0,0.0
331,2711552,1329.5167445561235,1326.5172232133812,6.175570024002809,0.1525332180026453,17,2,0,15,0.11764705882352941,0.0,0.8823529411764706,0.0036015436227899043,0.040944171929731966,0.03572874090168625,-1.4438874572515488,0.01237835386855295,0.1575072854757309,0.10502415895462036,0.22896471619606018,1.0,0,0.0,0.0,0.0,0.0,0.0,0.0,0.0,0.0,0.0,0.0,0.0
332,2719744,1328.8727846507722,1173.5190602196683,6.980713205004577,0.16868963500019163,28,4,0,24,0.14285714285714285,0.0,0.8571428571428571,0.0071513109432999045,0.055524147348478436,0.034430510737001895,-1.4539499670267104,0.023438886713120156,0.15698808431625366,0.1042085736989975,0.22865436971187592,1.0,0,0.0,0.0,0.0,0.0,0.0,0.0,0.0,0.0,0.0,0.0,0.0
333,2727936,1328.6595788032712,1299.2834012874468,6.305013972996676,0.18534967800223967,21,9,0,12,0.42857142857142855,0.0,0.5714285714285714,0.0017877942154882476,0.10006140824407339,0.03034407920204103,-1.4667898297309876,0.012910870110499673,0.15612564980983734,0.10370993614196777,0.22622621059417725,1.0,0,0.0,0.0,0.0,0.0,0.0,0.0,0.0,0.0,0.0,0.0,0.0
334,2736128,1328.692402982755,1371.8842433932855,5.971349287996418,0.1374258399955579,46,3,0,44,0.06521739130434782,0.0,0.9565217391304348,7.632069173268974e-05,0.0486233452335,0.028671021526679396,-1.4820627465844154,0.012307529378449544,0.1553264558315277,0.10243388265371323,0.2255888134241104,1.0,0,0.0,0.0,0.0,0.0,0.0,0.0,0.0,0.0,0.0,0.0,0.0
335,2744320,1328.6778565341779,1364.423190296599,6.004002319998108,0.18102934600028675,11,5,0,6,0.45454545454545453,0.0,0.5454545454545454,0.004011930158594623,0.08313610851764679,0.025980161502957344,-1.49825489372015,0.013412618001166266,0.1547493189573288,0.10141278803348541,0.22522012889385223,1.0,0,0.0,0.0,0.0,0.0,0.0,0.0,0.0,0.0,0.0,0.0,0.0
336,2752512,1328.2086033967921,1214.0456503393984,6.747686957001861,0.14576833200408146,28,11,0,17,0.39285714285714285,0.0,0.6071428571428571,0.004528178594773636,0.14426938286051155,0.027986059198156,-1.5157450184226036,0.014146126435662154,0.154062420129776,0.10002297908067703,0.2254178524017334,1.0,0,0.0,0.0,0.0,0.0,0.0,0.0,0.0,0.0,0.0,0.0,0.0
337,2760704,1328.12782740656,1336.7747461274787,6.128182794993336,0.1610112130001653,16,6,0,10,0.375,0.0,0.625,0.0055296169768553225,0.11935526058077812,0.02685099933296442,-1.5330282673239708,0.022686473838984967,0.15326255559921265,0.09993273764848709,0.22501027584075928,1.0,0,0.0,0.0,0.0,0.0,0.0,0.0,0.0,0.0,0.0,0.0,0.0
338,2768896,1327.7050040061322,1228.8013001329052,6.666659613001684,0.1624232820031466,29,9,0,20,0.3103448275862069,0.0,0.6896551724137931,-0.0005292336456477642,0.08666496300138533,0.027202566945925356,-1.55090189576149,0.012208544369059382,0.15252849459648132,0.09840326756238937,0.22422468662261963,1.0,0,0.0,0.0,0.0,0.0,0.0,0.0,0.0,0.0,0.0,0.0,0.0
339,2777088,1327.1988089319382,1210.8147454481502,6.765692299995862,0.19843193799897563,47,14,0,33,0.2978723404255319,0.0,0.7021276595744681,0.0009437319269636646,0.11150959907099604,0.027066154754720628,-1.5684422239661218,0.0170613966860401,0.15152297914028168,0.09798020869493484,0.22246737778186798,1.0,0,0.0,0.0,0.0,0.0,0.0,0.0,0.0,0.0,0.0,0.0,0.0
340,2785280,1326.8852208996573,1263.8293508500012,6.481887759997335,0.1828613050020067,22,17,0,5,0.7727272727272727,0.0,0.22727272727272727,0.0017710661806631834,0.12424135347828269,0.02665442752186209,-1.584761643409729,0.015680720596719766,0.15088433027267456,0.09740693122148514,0.22222015261650085,1.0,0,0.0,0.0,0.0,0.0,0.0,0.0,0.0,0.0,0.0,0.0,0.0
341,2793472,1326.4465547053303,1222.431368559285,6.701398713004892,0.1651612300047418,19,9,0,10,0.47368421052631576,0.0,0.5263157894736842,0.005672305807820521,0.07754858331754803,0.03585121398791671,-1.5948284611105918,0.01987513803105685,0.15079282224178314,0.09750596433877945,0.2223890870809555,1.0,0,0.0,0.0,0.0,0.0,0.0,0.0,0.0,0.0,0.0,0.0,0.0
342,2801664,1326.1432553872905,1259.285979152246,6.505273731003399,0.15010153200273635,28,13,0,15,0.4642857142857143,0.0,0.5357142857142857,9.443783201277257e-05,0.14902796475216745,0.05019094133749604,-1.6081422328948975,0.015043887586216442,0.14962385594844818,0.09743134677410126,0.22121880948543549,1.0,0,0.0,0.0,0.0,0.0,0.0,0.0,0.0,0.0,0.0,0.0,0.0
343,2809856,1325.9003191729148,1280.2652903718968,6.398673823001445,0.16130319100193447,22,12,0,10,0.5454545454545454,0.0,0.45454545454545453,0.0007125087780877948,0.172121330909431,0.05116045637987554,-1.6310551464557648,0.016949876792205033,0.1482451856136322,0.09771724790334702,0.21829232573509216,1.0,0,0.0,0.0,0.0,0.0,0.0,0.0,0.0,0.0,0.0,0.0,0.0
344,2818048,1325.2876262762413,1173.2704707844048,6.9821922600021935,0.17453910099720815,38,19,0,19,0.5,0.0,0.5,0.005277461832156405,0.19879881888628007,0.03728867676109075,-1.6514091238379478,0.020940401087136705,0.1473139226436615,0.09682289510965347,0.21671847999095917,1.0,0,0.0,0.0,0.0,0.0,0.0,0.0,0.0,0.0,0.0,0.0,0.0
345,2826240,1324.870090927083,1229.1156309326097,6.6649546990011,0.18466564799746266,37,16,0,21,0.43243243243243246,0.0,0.5675675675675675,0.0028494803205830975,0.18321059755980967,0.050440313015133145,-1.664047972857952,0.016947584989247845,0.14717409014701843,0.09604167938232422,0.217138409614563,1.0,0,0.0,0.0,0.0,0.0,0.0,0.0,0.0,0.0,0.0,0.0,0.0
346,2834432,1324.6350890166004,1275.0413766366985,6.424889537003764,0.1347466480001458,21,13,0,8,0.6190476190476191,0.0,0.38095238095238093,0.0005612176610156894,0.1589173933491111,0.03315108243841678,-1.6713113650679587,0.014623435581597732,0.14689958095550537,0.09563188254833221,0.21700705587863922,1.0,0,0.0,0.0,0.0,0.0,0.0,0.0,0.0,0.0,0.0,0.0,0.0
347,2842624,1324.5225155928902,1322.507468865077,6.194293940003263,0.16216908500064164,19,14,0,5,0.7368421052631579,0.0,0.2631578947368421,0.003649209928698838,0.10945689557120204,0.03581021507270634,-1.6824101403355598,0.01840153003358864,0.1458539217710495,0.09515667706727982,0.21474456787109375,1.0,0,0.0,0.0,0.0,0.0,0.0,0.0,0.0,0.0,0.0,0.0,0.0
348,2850816,1324.0241554659594,1198.5209705799277,6.8350910840017605,0.15671281299728435,30,13,0,17,0.43333333333333335,0.0,0.5666666666666667,0.00189651575346943,0.10994640374556183,0.030543630849570035,-1.6967879876494407,0.013640903065243038,0.1454339325428009,0.09477167576551437,0.21464192867279053,1.0,0,0.0,0.0,0.0,0.0,0.0,0.0,0.0,0.0,0.0,0.0,0.0
349,2859008,1323.5711564476553,1225.4060676862953,6.685130926001875,0.2381430099994759,21,12,0,9,0.5714285714285714,0.0,0.42857142857142855,0.0012015115935355425,0.07880717320367694,0.029196984670124947,-1.7057362496852875,0.012831131015263963,0.14500141143798828,0.09457243978977203,0.21289563179016113,1.0,0,0.0,0.0,0.0,0.0,0.0,0.0,0.0,0.0,0.0,0.0,0.0
350,2867200,1322.9431719291094,1161.2276350912705,7.054603035998298,0.16002116999879945,33,16,0,17,0.48484848484848486,0.0,0.5151515151515151,0.0008831360843032599,0.1300911892205477,0.030937181110493837,-1.7169248580932617,0.016446112420089774,0.14415131509304047,0.0941285565495491,0.2119220346212387,1.0,0,0.0,0.0,0.0,0.0,0.0,0.0,0.0,0.0,0.0,0.0,0.0
351,2875392,1322.616590207088,1243.2182280616735,6.589349975001824,0.1367038539974601,35,12,0,23,0.34285714285714286,0.0,0.6571428571428571,0.002180825435789302,0.11548336427658797,0.032239322643727066,-1.7378616854548454,0.021963601819152245,0.14305204153060913,0.09373505413532257,0.2101972997188568,1.0,0,0.0,0.0,0.0,0.0,0.0,0.0,0.0,0.0,0.0,0.0,0.0
352,2883584,1322.3478711594844,1269.4725725961318,6.4530736439992324,0.18083908999687992,26,16,0,10,0.6153846153846154,0.0,0.38461538461538464,0.0026476865692529826,0.17737556174397467,0.02569363636430353,-1.7600746154785156,0.023099110045586714,0.1417340487241745,0.09355324506759644,0.20741206407546997,1.0,0,0.0,0.0,0.0,0.0,0.0,0.0,0.0,0.0,0.0,0.0,0.0
353,2891776,1321.9501232098237,1223.4584209689174,6.69577311300236,0.15393930800200906,26,15,0,11,0.5769230769230769,0.0,0.4230769230769231,0.0014146670029731468,0.1628089675679803,0.04203447364270687,-1.783120112121105,0.019633387213252716,0.1405363529920578,0.09282941371202469,0.205057755112648,1.0,0,0.0,0.0,0.0,0.0,0.0,0.0,0.0,0.0,0.0,0.0,0.0
354,2899968,1321.5234180292045,1209.9898718240488,6.7703046039969195,0.1317601620030473,29,18,0,11,0.6206896551724138,0.0,0.3793103448275862,0.0005267172877211123,0.18687559813261032,0.037796767265535894,-1.8103309154510498,0.0153654189009103,0.1391240954399109,0.09188815951347351,0.20279356837272644,1.0,0,0.0,0.0,0.0,0.0,0.0,0.0,0.0,0.0,0.0,0.0,0.0
355,2908160,1321.1654306143462,1235.6456908940434,6.629732180001156,0.16221894999762299,31,20,0,11,0.6451612903225806,0.0,0.3548387096774194,0.0030946385231800377,0.19111770000308753,0.03270828374661505,-1.8323311999440193,0.017267801544221584,0.13854828476905823,0.09134471416473389,0.20278823375701904,1.0,0,0.0,0.0,0.0,0.0,0.0,0.0,0.0,0.0,0.0,0.0,0.0
356,2916352,1320.8070232445186,1231.360093064002,6.652806149999378,0.14373513399914373,31,15,0,16,0.4838709677419355,0.0,0.5161290322580645,0.004291646121419035,0.22178024612367153,0.043912625825032595,-1.8495740607380866,0.022436876960273366,0.13766133785247803,0.09098295867443085,0.2013167291879654,1.0,0,0.0,0.0,0.0,0.0,0.0,0.0,0.0,0.0,0.0,0.0,0.0
357,2924544,1320.4420142306342,1236.8692017083818,6.623174050000671,0.18797638400428696,31,17,0,14,0.5483870967741935,0.0,0.45161290322580644,0.0026262918341672047,0.148435484059155,0.03119594238232821,-1.8792674392461777,0.018265379698277684,0.13562257587909698,0.08993814140558243,0.19767600297927856,1.0,0,0.0,0.0,0.0,0.0,0.0,0.0,0.0,0.0,0.0,0.0,0.0
358,2932736,1319.9971955961,1203.4733760670108,6.806964044997585,0.14255921299627516,28,17,0,11,0.6071428571428571,0.0,0.39285714285714285,0.0032932339934632184,0.17629447858780622,0.03948662830516696,-1.905954898893833,0.017387913371931064,0.13526251912117004,0.08912760764360428,0.19795538485050201,1.0,0,0.0,0.0,0.0,0.0,0.0,0.0,0.0,0.0,0.0,0.0,0.0
359,2940928,1319.6110836771172,1228.6063772257335,6.667717302996607,0.18593819700618042,23,12,0,11,0.5217391304347826,0.0,0.4782608695652174,0.0011824251967482268,0.16657214583829044,0.03943946729414165,-1.9206160053610801,0.01353747924003983,0.13463479280471802,0.08836144208908081,0.19719837605953217,1.0,0,0.0,0.0,0.0,0.0,0.0,0.0,0.0,0.0,0.0,0.0,0.0
360,2949120,1319.3691510641756,1268.7194022718945,6.456904485996347,0.15502347499568714,23,10,0,13,0.43478260869565216,0.0,0.5652173913043478,0.003711721219588071,0.17645721323788166,0.0537726242095232,-1.9327012434601785,0.02138014343654504,0.1339050978422165,0.08854970335960388,0.19544218480587006,1.0,0,0.0,0.0,0.0,0.0,0.0,0.0,0.0,0.0,0.0,0.0,0.0
361,2957312,1319.0288850789561,1238.3574406893897,6.615214420999109,0.1684269219986163,32,18,0,14,0.5625,0.0,0.4375,0.0002934373478638008,0.19233953952789307,0.04555446053855121,-1.942920446395874,0.01347883362104767,0.13350026309490204,0.08836405724287033,0.19458183646202087,1.0,0,0.0,0.0,0.0,0.0,0.0,0.0,0.0,0.0,0.0,0.0,0.0
362,2965504,1318.6545559643528,1223.3757520594816,6.69622557600087,0.14926513899990823,37,16,0,21,0.43243243243243246,0.0,0.5675675675675675,0.0018860663985833526,0.11024651536718011,0.038362351106479765,-1.9537766933441163,0.018471789484465262,0.13291853666305542,0.08768285810947418,0.1944100260734558,1.0,0,0.0,0.0,0.0,0.0,0.0,0.0,0.0,0.0,0.0,0.0,0.0
363,2973696,1318.4357285050228,1281.0242439350598,6.394882874999894,0.18603301099938108,20,6,0,14,0.3,0.0,0.7,0.0030852883704937995,0.05023061516694725,0.04659306425601244,-1.9641513243317603,0.02377906507172156,0.13281653821468353,0.08786942809820175,0.194560706615448,1.0,0,0.0,0.0,0.0,0.0,0.0,0.0,0.0,0.0,0.0,0.0,0.0
364,2981888,1318.0564352218655,1225.1026775453283,6.686786463003955,0.1741044249938568,28,16,0,12,0.5714285714285714,0.0,0.42857142857142855,0.003919264525757171,0.16221605939790606,0.03377986464183778,-1.969074548780918,0.019899039553274635,0.13248685002326965,0.08799558877944946,0.19339439272880554,1.0,0,0.0,0.0,0.0,0.0,0.0,0.0,0.0,0.0,0.0,0.0,0.0
365,2990080,1317.637025187294,1207.0037334599672,6.787054400003399,0.14631682600156637,33,25,0,8,0.7575757575757576,0.0,0.24242424242424243,0.0048088919545989485,0.23738351315259934,0.02563773519359529,-1.9697648137807846,0.018315935147256823,0.13234427571296692,0.08825191855430603,0.19266285002231598,1.0,0,0.0,0.0,0.0,0.0,0.0,0.0,0.0,0.0,0.0,0.0,0.0
366,2998272,1317.1833524592157,1200.5869072030032,6.823329448998265,0.1745112459975644,36,25,0,11,0.6944444444444444,0.0,0.3055555555555556,0.005619371338980272,0.22544402834028004,0.026700304728001355,-1.986979740858078,0.02270910507722874,0.13104498386383057,0.08744586259126663,0.19086210429668427,1.0,0,0.0,0.0,0.0,0.0,0.0,0.0,0.0,0.0,0.0,0.0,0.0
367,3006464,1316.6576803858384,1172.1376945217144,6.988939984003082,0.13846127899887506,29,17,0,12,0.5862068965517241,0.0,0.41379310344827586,-0.00012419414124451578,0.09877261337824166,0.02483797329477966,-2.0192108660936356,0.01420834501113859,0.12949150800704956,0.08651027828454971,0.18851758539676666,1.0,0,0.0,0.0,0.0,0.0,0.0,0.0,0.0,0.0,0.0,0.0,0.0
368,3014656,1316.1613981283917,1186.9942200175105,6.9014657879961305,0.1798029910059995,30,19,0,11,0.6333333333333333,0.0,0.36666666666666664,0.00485462756769266,0.12716453140601516,0.025155146839097142,-2.0395248919725417,0.021236078190850095,0.12900212407112122,0.08652053028345108,0.18679076433181763,1.0,0,0.0,0.0,0.0,0.0,0.0,0.0,0.0,0.0,0.0,0.0,0.0
369,3022848,1315.962487048266,1277.9214164871817,6.410409822005022,0.15371591199800605,21,17,0,4,0.8095238095238095,0.0,0.19047619047619047,0.003115823119878769,0.1529932612553239,0.02309945209417492,-2.057694372534752,0.016426361348567297,0.1274023950099945,0.08595211058855057,0.1838586926460266,1.0,0,0.0,0.0,0.0,0.0,0.0,0.0,0.0,0.0,0.0,0.0,0.0
370,3031040,1315.5085680663599,1193.0081302612537,6.866675751996809,0.14945056499709608,35,23,0,12,0.6571428571428571,0.0,0.34285714285714286,0.0028849709342466667,0.1751116495579481,0.023245445336215198,-2.085840031504631,0.016228506228799233,0.12670838832855225,0.08532553166151047,0.18339110910892487,1.0,0,0.0,0.0,0.0,0.0,0.0,0.0,0.0,0.0,0.0,0.0,0.0
371,3039232,1315.0590000728905,1195.2847669958908,6.853596922002907,0.15975373100081924,39,24,0,15,0.6153846153846154,0.0,0.38461538461538464,0.0010090334515552967,0.18194400537759065,0.02427874463610351,-2.104063871502876,0.013973981167509919,0.12592202425003052,0.0850105732679367,0.18198099732398987,1.0,0,0.0,0.0,0.0,0.0,0.0,0.0,0.0,0.0,0.0,0.0,0.0
372,3047424,1314.7505548507127,1234.8400931897868,6.634057352996024,0.1358904610024183,28,20,0,8,0.7142857142857143,0.0,0.2857142857142857,0.00033579667215235533,0.14742845175787805,0.024249342363327743,-2.1274933516979218,0.013613568093569483,0.12447228282690048,0.08451490849256516,0.17910419404506683,1.0,0,0.0,0.0,0.0,0.0,0.0,0.0,0.0,0.0,0.0,0.0,0.0
373,3055616,1314.3943426615385,1218.7796380601453,6.721477570004936,0.13563886899646604,34,28,0,6,0.8235294117647058,0.0,0.17647058823529413,0.004327250662026927,0.18307631853967904,0.025231685978360473,-2.1501977682113647,0.025333850988681662,0.12375583499670029,0.08452578634023666,0.1772596836090088,1.0,0,0.0,0.0,0.0,0.0,0.0,0.0,0.0,0.0,0.0,0.0,0.0
374,3063808,1313.9994326616277,1211.1085460691263,6.764051022997592,0.16520076199958567,36,22,0,14,0.6111111111111112,0.0,0.3888888888888889,0.0013919343240559102,0.16892082942649722,0.027074281615205108,-2.16688671708107,0.020988745924842078,0.1227523535490036,0.08444026857614517,0.1755552887916565,1.0,0,0.0,0.0,0.0,0.0,0.0,0.0,0.0,0.0,0.0,0.0,0.0
375,3072000,1313.7969497847648,1278.6754955759714,6.4066293819996645,0.18459513899870217,25,21,0,4,0.84,0.0,0.16,0.001021821377798915,0.17566313557326793,0.02870395239442587,-2.1840694725513456,0.014649483704124578,0.12235122919082642,0.08422651141881943,0.17525850236415863,1.0,0,0.0,0.0,0.0,0.0,0.0,0.0,0.0,0.0,0.0,0.0,0.0
376,3080192,1313.2047542390449,1155.0001650670679,7.092639678994601,0.19016140999883646,31,22,0,9,0.7096774193548387,0.0,0.2903225806451613,0.0035326434299349785,0.12642920725047588,0.030525006935931742,-2.201066416501999,0.01602116859648959,0.12142815440893173,0.08331829309463501,0.1742970049381256,1.0,0,0.0,0.0,0.0,0.0,0.0,0.0,0.0,0.0,0.0,0.0,0.0
377,3088384,1312.6879891900148,1171.1476890224828,6.994847940004547,0.16599862000293797,42,25,0,17,0.5952380952380952,0.0,0.40476190476190477,0.007195131451589986,0.18943742513656617,0.028687421558424832,-2.2223989456892013,0.027961067647265737,0.12064298242330551,0.08333621174097061,0.17329943180084229,1.0,0,0.0,0.0,0.0,0.0,0.0,0.0,0.0,0.0,0.0,0.0,0.0
378,3096576,1312.3932064298072,1236.4462272393564,6.625439764000475,0.14208218400017358,32,20,0,12,0.625,0.0,0.375,0.002305490052094683,0.14545699972659348,0.02837530674878508,-2.2387045562267303,0.01763836735044606,0.1197776198387146,0.08334147930145264,0.1711667776107788,1.0,0,0.0,0.0,0.0,0.0,0.0,0.0,0.0,0.0,0.0,0.0,0.0
379,3104768,1312.0892580768796,1240.3240952025412,6.6047253549986635,0.18223312200279906,28,18,0,10,0.6428571428571429,0.0,0.35714285714285715,0.002360160870011896,0.1569405410438776,0.028975953394547106,-2.264108607172966,0.015628764555731322,0.11853720247745514,0.08275683224201202,0.16968993842601776,1.0,0,0.0,0.0,0.0,0.0,0.0,0.0,0.0,0.0,0.0,0.0,0.0
380,3112960,1312.0225766057042,1315.6314804998003,6.226667666000139,0.13422863699815935,21,13,0,8,0.6190476190476191,0.0,0.38095238095238093,0.0012746358406729996,0.16686912244185806,0.029848633660003544,-2.2924984961748125,0.015529055392835289,0.11749720573425293,0.08194968104362488,0.16865618526935577,1.0,0,0.0,0.0,0.0,0.0,0.0,0.0,0.0,0.0,0.0,0.0,0.0
381,3121152,1311.7861103206512,1254.8133684224717,6.528460890003771,0.14064991499617463,31,17,0,14,0.5483870967741935,0.0,0.45161290322580644,0.003101762049482204,0.13933425405994057,0.03382225895766169,-2.3109810024499895,0.02240437362343073,0.1173241063952446,0.08189001679420471,0.1687992811203003,1.0,0,0.0,0.0,0.0,0.0,0.0,0.0,0.0,0.0,0.0,0.0,0.0
382,3129344,1311.6063798129496,1276.072624504672,6.419697313998768,0.14891174399963347,24,12,0,12,0.5,0.0,0.5,0.004092305374797434,0.11649846909567714,0.03648388413712382,-2.3225650012493135,0.020529611107485836,0.11663474887609482,0.0818820521235466,0.1676826924085617,1.0,0,0.0,0.0,0.0,0.0,0.0,0.0,0.0,0.0,0.0,0.0,0.0
383,3137536,1311.310092752425,1238.8989034287133,6.6123232309982996,0.17064732700237073,30,9,0,21,0.3,0.0,0.7,0.002624351062695496,0.060614686878398064,0.041151207173243165,-2.3374168634414674,0.016452814346848754,0.11606892198324203,0.08193883299827576,0.16724902391433716,1.0,0,0.0,0.0,0.0,0.0,0.0,0.0,0.0,0.0,0.0,0.0,0.0
384,3145728,1311.1565662484484,1284.0303461509243,6.379911521995382,0.1380644909950206,26,11,0,15,0.4230769230769231,0.0,0.5769230769230769,0.0025425323459785432,0.11009985893033444,0.032340352912433444,-2.3567677199840547,0.0185254125703068,0.1152098998427391,0.08112402260303497,0.16555434465408325,1.0,0,0.0,0.0,0.0,0.0,0.0,0.0,0.0,0.0,0.0,0.0,0.0
385,3153920,1310.5083043842249,1130.58027059235,7.245836685004178,0.18901068899867823,31,14,0,17,0.45161290322580644,0.0,0.5483870967741935,0.004841252637561411,0.0999752622563392,0.02943253070116043,-2.377278336882591,0.02649090405975585,0.11467091739177704,0.08012359589338303,0.1661614626646042,1.0,0,0.0,0.0,0.0,0.0,0.0,0.0,0.0,0.0,0.0,0.0,0.0
386,3162112,1310.168322966144,1227.20632060362,6.675324158997682,0.1985415870003635,32,23,0,9,0.71875,0.0,0.28125,0.004360034497221932,0.24335519261658192,0.028166122152470052,-2.394192084670067,0.020752242387243314,0.11420497298240662,0.07955508679151535,0.16584369540214539,1.0,0,0.0,0.0,0.0,0.0,0.0,0.0,0.0,0.0,0.0,0.0,0.0
387,3170304,1309.9062859925561,1243.5881599412417,6.587389832006011,0.14565071700053522,33,19,0,14,0.5757575757575758,0.0,0.42424242424242425,0.00024794214405119417,0.19486235957592726,0.026429401361383498,-2.4204106003046038,0.016245530870219228,0.1126663088798523,0.07929250597953796,0.16285963356494904,1.0,0,0.0,0.0,0.0,0.0,0.0,0.0,0.0,0.0,0.0,0.0,0.0
388,3178496,1309.7318277866548,1276.498452253117,6.417555764004646,0.14960183600487653,26,17,0,9,0.6538461538461539,0.0,0.34615384615384615,0.003743394470075145,0.2236746370792389,0.028359010769054293,-2.442274606227875,0.02044200971358805,0.11223894357681274,0.07974396646022797,0.16172344982624054,1.0,0,0.0,0.0,0.0,0.0,0.0,0.0,0.0,0.0,0.0,0.0,0.0
389,3186688,1309.4644725540752,1240.161389964396,6.60559187400213,0.1425424129993189,30,21,0,9,0.7,0.0,0.3,0.0016587092133704573,0.266731171682477,0.030544453859329225,-2.447211113572121,0.014942647003772435,0.11196921765804291,0.07926974445581436,0.1609095185995102,1.0,0,0.0,0.0,0.0,0.0,0.0,0.0,0.0,0.0,0.0,0.0,0.0
390,3194880,1309.2961371801277,1277.7268337231424,6.411386052001035,0.15526748500269605,28,12,0,16,0.42857142857142855,0.0,0.5714285714285714,0.0017276185390073806,0.1006902128458023,0.03212228647898883,-2.457437404990196,0.016095716054405785,0.11134671419858932,0.07873905450105667,0.15960201621055603,1.0,0,0.0,0.0,0.0,0.0,0.0,0.0,0.0,0.0,0.0,0.0,0.0
391,3203072,1308.926075522402,1212.207429621237,6.757919313000457,0.18717062600626377,37,25,0,12,0.6756756756756757,0.0,0.32432432432432434,0.004830063105328008,0.2706377724185586,0.028744683251716197,-2.473783391714096,0.019902255375200184,0.11090706288814545,0.07809522747993469,0.1592703014612198,1.0,0,0.0,0.0,0.0,0.0,0.0,0.0,0.0,0.0,0.0,0.0,0.0
392,3211264,1308.7559772616592,1276.3926346050132,6.418087803001981,0.15588807700260077,23,10,0,13,0.43478260869565216,0.0,0.5652173913043478,0.0037211039278190585,0.08495753803290426,0.029579552356153727,-2.484419682621956,0.01624698656887631,0.1106024906039238,0.07779332995414734,0.15848040580749512,1.0,0,0.0,0.0,0.0,0.0,0.0,0.0,0.0,0.0,0.0,0.0,0.0
393,3219456,1308.3343886414655,1189.4324966814222,6.887318131004577,0.15943656300078146,35,18,0,17,0.5142857142857142,0.0,0.4857142857142857,0.002312452360638417,0.19067751560360194,0.02597053141798824,-2.4916090697050093,0.022208240751933773,0.11033795773983002,0.07739126682281494,0.15874364972114563,1.0,0,0.0,0.0,0.0,0.0,0.0,0.0,0.0,0.0,0.0,0.0,0.0
394,3227648,1307.8799690807766,1179.5006899688683,6.945311749004759,0.1703274409956066,30,19,0,11,0.6333333333333333,0.0,0.36666666666666664,0.00601658922387287,0.20972379334270955,0.025583864049986006,-2.506379732489586,0.025832219027506653,0.10976862907409668,0.07666803151369095,0.1581711620092392,1.0,0,0.0,0.0,0.0,0.0,0.0,0.0,0.0,0.0,0.0,0.0,0.0
395,3235840,1307.6348416568812,1248.9446547261596,6.559137723997992,0.1652806359998067,29,22,0,7,0.7586206896551724,0.0,0.2413793103448276,0.0018990447977557778,0.2854812121018767,0.028918204992078245,-2.5265202432870866,0.019534324342384935,0.10884399712085724,0.07597513496875763,0.15650680661201477,1.0,0,0.0,0.0,0.0,0.0,0.0,0.0,0.0,0.0,0.0,0.0,0.0
396,3244032,1307.3905788558982,1248.832158045057,6.559728580999945,0.16531907400349155,27,16,0,11,0.5925925925925926,0.0,0.4074074074074074,0.0021574153914116325,0.1508481167256832,0.03285323795862496,-2.5451113045215608,0.018906933416292303,0.108517587184906,0.07537324726581573,0.15652233362197876,1.0,0,0.0,0.0,0.0,0.0,0.0,0.0,0.0,0.0,0.0,0.0,0.0
397,3252224,1307.055173461223,1211.9543422687047,6.759330541004601,0.1408031890023267,36,17,0,19,0.4722222222222222,0.0,0.5277777777777778,0.00010473121656104923,0.21288835434243084,0.028474000515416265,-2.5579997539520263,0.016979074889968616,0.10808228701353073,0.07513030618429184,0.15651443600654602,1.0,0,0.0,0.0,0.0,0.0,0.0,0.0,0.0,0.0,0.0,0.0,0.0
398,3260416,1306.6607875090347,1197.2703169220429,6.842230934998952,0.17454274799820269,39,25,0,14,0.6410256410256411,0.0,0.358974358974359,0.004370596184162423,0.3205742558464408,0.027707045921124517,-2.5764281421899797,0.024685118332126877,0.10730277001857758,0.07437518984079361,0.1553245633840561,1.0,0,0.0,0.0,0.0,0.0,0.0,0.0,0.0,0.0,0.0,0.0,0.0
399,3268608,1306.396708915965,1235.6699370973884,6.629602091998095,0.14186844299547374,30,18,0,12,0.6,0.0,0.4,0.00640260913351085,0.1870676649734378,0.02703695548698306,-2.594707581400871,0.02422650113585405,0.10687083005905151,0.07431333512067795,0.15463615953922272,1.0,0,0.0,0.0,0.0,0.0,0.0,0.0,0.0,0.0,0.0,0.0,0.0
400,3276800,1306.1308876633273,1238.0649368830707,6.616777323994029,0.16139149499940686,27,16,0,11,0.5925925925925926,0.0,0.4074074074074074,0.0031583936448441817,0.21587438303977252,0.028235236671753226,-2.6077061027288435,0.01223060861666454,0.1061176285147667,0.07373746484518051,0.15374252200126648,1.0,0,0.0,0.0,0.0,0.0,0.0,0.0,0.0,0.0,0.0,0.0,0.0
401,3284992,1305.844050535445,1232.7918474982253,6.645079634996364,0.1756609660005779,29,18,0,11,0.6206896551724138,0.0,0.3793103448275862,0.0020793539995793255,0.21023007184267045,0.03295239394064993,-2.6331822484731675,0.015331933942798059,0.10516777634620667,0.07303514331579208,0.1520591378211975,1.0,0,0.0,0.0,0.0,0.0,0.0,0.0,0.0,0.0,0.0,0.0,0.0
402,3293184,1305.5324372834523,1220.2346062556844,6.71346309799992,0.15873914700205205,21,14,0,7,0.6666666666666666,0.0,0.3333333333333333,0.0026327549887355415,0.16097853183746338,0.033970711985602975,-2.6558194518089295,0.017223470840690425,0.10469776391983032,0.0726388692855835,0.15193773806095123,1.0,0,0.0,0.0,0.0,0.0,0.0,0.0,0.0,0.0,0.0,0.0,0.0
403,3301376,1305.2009659686737,1210.1330260853804,6.769503702002112,0.1446397660038201,31,17,0,14,0.5483870967741935,0.0,0.45161290322580644,0.006250249105505645,0.14814429692924022,0.033196536893956366,-2.6713036477565764,0.019157517548592295,0.10414280742406845,0.0721428245306015,0.15125857293605804,1.0,0,0.0,0.0,0.0,0.0,0.0,0.0,0.0,0.0,0.0,0.0,0.0
404,3309568,1304.831697561032,1196.063257654203,6.849136069999076,0.141265028003545,41,15,0,26,0.36585365853658536,0.0,0.6341463414634146,0.00299501231929753,0.08246099404059351,0.028048057411797344,-2.684533068537712,0.018548883374023717,0.1038748025894165,0.07184736430644989,0.1511460393667221,1.0,0,0.0,0.0,0.0,0.0,0.0,0.0,0.0,0.0,0.0,0.0,0.0
405,3317760,1304.7041076958326,1287.5834893295278,6.3623058759985724,0.16104129500308773,30,16,0,14,0.5333333333333333,0.0,0.4666666666666667,0.006033556861802935,0.18883950905874372,0.02952945597935468,-2.6964437782764437,0.02912749914030428,0.10345453023910522,0.07116137444972992,0.1509266346693039,1.0,0,0.0,0.0,0.0,0.0,0.0,0.0,0.0,0.0,0.0,0.0,0.0
406,3325952,1304.2711031643128,1184.9014960756463,6.913654871001199,0.20802571999956854,38,23,0,15,0.6052631578947368,0.0,0.39473684210526316,0.004053449828643352,0.21851839758455754,0.0241509348154068,-2.7146695852279663,0.02885258932146826,0.10257089138031006,0.07081542909145355,0.1489916294813156,1.0,0,0.0,0.0,0.0,0.0,0.0,0.0,0.0,0.0,0.0,0.0,0.0
407,3334144,1304.048145400962,1248.3355058652917,6.562338378993445,0.15203757499693893,33,23,0,10,0.696969696969697,0.0,0.30303030303030304,0.0016668352007400244,0.20865280469879507,0.022752410778775812,-2.7264403134584425,0.020940931886434554,0.10244065523147583,0.07049358636140823,0.14840613305568695,1.0,0,0.0,0.0,0.0,0.0,0.0,0.0,0.0,0.0,0.0,0.0,0.0
408,3342336,1303.8422574727824,1253.9989125233901,6.532701039999665,0.15085807099967496,30,23,0,7,0.7666666666666667,0.0,0.23333333333333334,0.005665142118232325,0.15519078280776738,0.031419272418133914,-2.7331828087568284,0.024970300601853523,0.10198001563549042,0.07054886221885681,0.14659883081912994,1.0,0,0.0,0.0,0.0,0.0,0.0,0.0,0.0,0.0,0.0,0.0,0.0
409,3350528,1303.5727267683465,1231.8143510337106,6.6503527849999955,0.16089314599958016,29,23,0,6,0.7931034482758621,0.0,0.20689655172413793,0.0015079571574460715,0.15866196118295192,0.02601878650020808,-2.7373453050851824,0.020443346625688717,0.10188724845647812,0.07054689526557922,0.14636294543743134,1.0,0,0.0,0.0,0.0,0.0,0.0,0.0,0.0,0.0,0.0,0.0,0.0
410,3358720,1303.2184906149735,1200.4531179456874,6.824089902002015,0.1567532469998696,38,26,0,12,0.6842105263157895,0.0,0.3157894736842105,0.0023687658132985233,0.2293655313551426,0.026605204516090452,-2.7445731699466704,0.022084385147900322,0.10123074054718018,0.07047314941883087,0.1448463797569275,1.0,0,0.0,0.0,0.0,0.0,0.0,0.0,0.0,0.0,0.0,0.0,0.0
411,3366912,1302.5423636615462,1099.6278716601198,7.449792980994971,0.1738965080003254,37,30,0,7,0.8108108108108109,0.0,0.1891891891891892,0.0016528088570339605,0.17630872717127205,0.0252413084032014,-2.765260711312294,0.023879449070955162,0.10058172792196274,0.06983675062656403,0.14380843937397003,1.0,0,0.0,0.0,0.0,0.0,0.0,0.0,0.0,0.0,0.0,0.0,0.0
412,3375104,1302.2418488955016,1222.1601138513824,6.702886068000225,0.18094698299682932,29,24,0,5,0.8275862068965517,0.0,0.1724137931034483,0.0020938022731570526,0.13544413400813937,0.02526859745848924,-2.7834247052669525,0.018316877829784063,0.10000073164701462,0.0690046176314354,0.14332792162895203,1.0,0,0.0,0.0,0.0,0.0,0.0,0.0,0.0,0.0,0.0,0.0,0.0
413,3383296,1302.032835592788,1249.5941627587563,6.5557284469978185,0.14810605099773966,30,25,0,5,0.8333333333333334,0.0,0.16666666666666666,0.0036632297676987948,0.2257561156526208,0.02752154371701181,-2.800804316997528,0.020483648905064912,0.09947711229324341,0.0688144788146019,0.14261004328727722,1.0,0,0.0,0.0,0.0,0.0,0.0,0.0,0.0,0.0,0.0,0.0,0.0
414,3391488,1301.7806729269917,1232.4118331799668,6.647128646000056,0.14532939900527708,30,25,0,5,0.8333333333333334,0.0,0.16666666666666666,0.0036644738691393288,0.17673185244202613,0.027489926759153606,-2.810648587346077,0.02173300630020094,0.0993310809135437,0.06903199851512909,0.14249971508979797,1.0,0,0.0,0.0,0.0,0.0,0.0,0.0,0.0,0.0,0.0,0.0,0.0
415,3399680,1301.4201561499142,1193.3721963524576,6.864580912006204,0.14853171099821338,38,27,0,11,0.7105263157894737,0.0,0.2894736842105263,0.004192871067789383,0.22514659278094767,0.028347539738751946,-2.819341054558754,0.02605616607979755,0.09881143271923065,0.06896152347326279,0.14175134897232056,1.0,0,0.0,0.0,0.0,0.0,0.0,0.0,0.0,0.0,0.0,0.0,0.0
416,3407872,1301.0268818111847,1188.7738537000469,6.891134065997903,0.19154958699800773,43,36,0,7,0.8372093023255814,0.0,0.16279069767441862,0.002654167776927352,0.3396170113235712,0.023181234207004308,-2.8304641515016558,0.019544784772733692,0.09865264594554901,0.06878940016031265,0.14168880879878998,1.0,0,0.0,0.0,0.0,0.0,0.0,0.0,0.0,0.0,0.0,0.0,0.0
417,3416064,1300.707803004917,1211.5872075337727,6.761378750998119,0.17305755800043698,36,29,0,7,0.8055555555555556,0.0,0.19444444444444445,0.0065265820594504476,0.21896195970475674,0.024583994154818357,-2.8371869772672653,0.02303827861105674,0.09833493083715439,0.06886815279722214,0.14092235267162323,1.0,0,0.0,0.0,0.0,0.0,0.0,0.0,0.0,0.0,0.0,0.0,0.0
418,3424256,1300.4155880199894,1220.3192623588773,6.712997371003439,0.16627231800521258,32,24,0,8,0.75,0.0,0.25,0.0036879264196613805,0.18930448768660427,0.030581896263174712,-2.8454959362745287,0.02086670418502763,0.09796851873397827,0.06869781762361526,0.14047493040561676,1.0,0,0.0,0.0,0.0,0.0,0.0,0.0,0.0,0.0,0.0,0.0,0.0
419,3432448,1300.1951813237,1239.6419841018135,6.6083595949967275,0.13478007300000172,25,14,0,11,0.56,0.0,0.44,0.003248479959438555,0.16333869230002165,0.036794196255505084,-2.853672394156456,0.016698018003080507,0.09787335991859436,0.06863687932491302,0.14046218991279602,1.0,0,0.0,0.0,0.0,0.0,0.0,0.0,0.0,0.0,0.0,0.0,0.0
420,3440640,1299.8589250143862,1202.9621425547377,6.8098568610002985,0.17238580100092804,24,16,0,8,0.6666666666666666,0.0,0.3333333333333333,0.007125925159198232,0.15520943934097886,0.04283720185048878,-2.858655059337616,0.025533392489887775,0.09779193252325058,0.0683395192027092,0.1407359093427658,1.0,0,0.0,0.0,0.0,0.0,0.0,0.0,0.0,0.0,0.0,0.0,0.0
421,3448832,1299.667833709948,1263.7831582101023,6.482124679998378,0.2068252249955549,27,11,0,16,0.4074074074074074,0.0,0.5925925925925926,0.006252635866985656,0.1293012266047299,0.041889531956985596,-2.862440448999405,0.022402644134126605,0.09787406772375107,0.06795153766870499,0.14192400872707367,1.0,0,0.0,0.0,0.0,0.0,0.0,0.0,0.0,0.0,0.0,0.0,0.0
422,3457024,1299.2964632748083,1186.5054966421055,6.904308511999261,0.15527066399954492,39,11,0,28,0.28205128205128205,0.0,0.717948717948718,0.00687909601838328,0.07701316270977258,0.035695362649857995,-2.8690755516290665,0.0237498654249066,0.09748832881450653,0.06803696602582932,0.14101889729499817,1.0,0,0.0,0.0,0.0,0.0,0.0,0.0,0.0,0.0,0.0,0.0,0.0
423,3465216,1299.1890366185874,1285.7600004872725,6.371329016998061,0.14377435600181343,26,10,0,16,0.38461538461538464,0.0,0.6153846153846154,0.0031860749586485326,0.07096138107590377,0.033861749316565694,-2.877188977599144,0.015496102938777767,0.09725451469421387,0.06827020645141602,0.1408364623785019,1.0,0,0.0,0.0,0.0,0.0,0.0,0.0,0.0,0.0,0.0,0.0,0.0
424,3473408,1298.7708184528256,1176.06211169258,6.965618497997639,0.19734066299861297,39,24,0,15,0.6153846153846154,0.0,0.38461538461538464,0.005126401403686032,0.19523186637088658,0.025540184089913966,-2.8900044202804565,0.020223430122132412,0.09656886756420135,0.06761745363473892,0.14001163840293884,1.0,0,0.0,0.0,0.0,0.0,0.0,0.0,0.0,0.0,0.0,0.0,0.0
425,3481600,1298.6279497011164,1267.0370966961034,6.465477625999483,0.13356612299685366,26,15,0,11,0.5769230769230769,0.0,0.4230769230769231,0.007493937702383846,0.12910661129280926,0.02662217398174107,-2.9139145016670227,0.02646105488674948,0.09593705832958221,0.06733224540948868,0.1390267163515091,1.0,0,0.0,0.0,0.0,0.0,0.0,0.0,0.0,0.0,0.0,0.0,0.0
426,3489792,1298.317086342097,1201.1434283691835,6.820168022000871,0.1284056270014844,36,23,0,13,0.6388888888888888,0.0,0.3611111111111111,0.004802401742199436,0.17021233756095172,0.02799403453245759,-2.929067224264145,0.021090243913204177,0.09533524513244629,0.06709516793489456,0.13773506879806519,1.0,0,0.0,0.0,0.0,0.0,0.0,0.0,0.0,0.0,0.0,0.0,0.0
427,3497984,1298.13340133145,1253.523823673119,6.535176951001631,0.15257764300622512,23,12,0,11,0.5217391304347826,0.0,0.4782608695652174,0.0027635866426862776,0.08948455364443361,0.02785722285043448,-2.9418255925178527,0.024509508578921667,0.09509404748678207,0.06734170019626617,0.13721734285354614,1.0,0,0.0,0.0,0.0,0.0,0.0,0.0,0.0,0.0,0.0,0.0,0.0
428,3506176,1297.6253938137331,1136.2821815490015,7.209476777003147,0.15521970299596433,32,15,0,17,0.46875,0.0,0.53125,0.002149832510622218,0.1974439864978194,0.02294801629614085,-2.946361792087555,0.021765992484870367,0.09496583789587021,0.06745948642492294,0.13711121678352356,1.0,0,0.0,0.0,0.0,0.0,0.0,0.0,0.0,0.0,0.0,0.0,0.0
429,3514368,1297.1650041847868,1151.2785150353875,7.115567512999405,0.15564454900595592,41,29,0,12,0.7073170731707317,0.0,0.2926829268292683,0.0026671605242881923,0.21449357587844134,0.022237132536247373,-2.9570202678442,0.017845887373550796,0.09423824399709702,0.06710705906152725,0.1358267366886139,1.0,0,0.0,0.0,0.0,0.0,0.0,0.0,0.0,0.0,0.0,0.0,0.0
430,3522560,1296.8801988820808,1211.7446830438669,6.760500058000616,0.14822878500126535,33,26,0,7,0.7878787878787878,0.0,0.21212121212121213,0.004788779572118073,0.17118322411552073,0.022326387697830796,-2.9675570756196974,0.025612710954737848,0.09435240924358368,0.06753657013177872,0.1360996961593628,1.0,0,0.0,0.0,0.0,0.0,0.0,0.0,0.0,0.0,0.0,0.0,0.0
431,3530752,1296.6140266152331,1218.8796703079033,6.7209259449955425,0.1515331350019551,32,22,0,10,0.6875,0.0,0.3125,0.00801821140339598,0.13215110301971436,0.027665641554631294,-2.977932494878769,0.026715177422738635,0.09364216774702072,0.06701844185590744,0.13496366143226624,1.0,0,0.0,0.0,0.0,0.0,0.0,0.0,0.0,0.0,0.0,0.0,0.0
432,3538944,1296.3493372586236,1221.5438683012908,6.706267545996525,0.16599907099589473,33,24,0,9,0.7272727272727273,0.0,0.2727272727272727,0.009377519565168769,0.24664914458990098,0.03700038869865239,-2.990787702798843,0.027271893399301916,0.09354474395513535,0.06685816496610641,0.13487915694713593,1.0,0,0.0,0.0,0.0,0.0,0.0,0.0,0.0,0.0,0.0,0.0,0.0
433,3547136,1296.1618767285056,1250.9442779677647,6.548653001002094,0.16330408499925397,30,20,0,10,0.6666666666666666,0.0,0.3333333333333333,0.007150866568554193,0.16936953887343406,0.03533239481039345,-2.993770807981491,0.02686546922341222,0.09341369569301605,0.06662789732217789,0.13503895699977875,1.0,0,0.0,0.0,0.0,0.0,0.0,0.0,0.0,0.0,0.0,0.0,0.0
434,3555328,1295.8671163868673,1206.8394378226737,6.78797836999729,0.15295899200282292,34,22,0,12,0.6470588235294118,0.0,0.35294117647058826,0.002705168753163889,0.2033740108832717,0.028415400465019048,-3.004226487874985,0.0214669161621714,0.09298565238714218,0.06645503640174866,0.13454437255859375,1.0,0,0.0,0.0,0.0,0.0,0.0,0.0,0.0,0.0,0.0,0.0,0.0
435,3563520,1295.4643520521913,1170.5771756284796,6.998257073995774,0.17481191700062482,35,20,0,15,0.5714285714285714,0.0,0.42857142857142855,0.0014706456830026581,0.12160063069313765,0.025463529885746537,-3.0085468351840974,0.01569627867138479,0.09325520694255829,0.06662249565124512,0.13549597561359406,1.0,0,0.0,0.0,0.0,0.0,0.0,0.0,0.0,0.0,0.0,0.0,0.0
436,3571712,1295.1362405368989,1191.197564805701,6.877112782996846,0.1390582509993692,35,22,0,13,0.6285714285714286,0.0,0.37142857142857144,9.81288292678073e-05,0.22101100366562604,0.026878083171322942,-3.015400806069374,0.01706193673890084,0.09280946105718613,0.06598160415887833,0.13550619781017303,1.0,0,0.0,0.0,0.0,0.0,0.0,0.0,0.0,0.0,0.0,0.0,0.0
437,3579904,1294.5829950698176,1112.3670063225948,7.364475890994072,0.13698104799550492,38,29,0,9,0.7631578947368421,0.0,0.23684210526315788,0.004291282978374511,0.21005557347089052,0.028645391669124366,-3.027114874124527,0.02287192546937149,0.09272879362106323,0.06579280644655228,0.13572153449058533,1.0,0,0.0,0.0,0.0,0.0,0.0,0.0,0.0,0.0,0.0,0.0,0.0
438,3588096,1294.4222768883274,1264.4941324027639,6.478480042002047,0.18987429300614167,33,21,0,12,0.6363636363636364,0.0,0.36363636363636365,0.0050245826598256825,0.20304833948612214,0.0365113356616348,-3.0420982986688614,0.021537995386461263,0.09193047136068344,0.06539149582386017,0.13447262346744537,1.0,0,0.0,0.0,0.0,0.0,0.0,0.0,0.0,0.0,0.0,0.0,0.0
439,3596288,1294.4423521561903,1337.2634893503798,6.125943065999309,0.1538873810059158,17,12,0,5,0.7058823529411765,0.0,0.29411764705882354,0.003467572317458689,0.12013377882540226,0.04722154731862247,-3.0531600654125213,0.017359413037775086,0.09213125705718994,0.06567980349063873,0.13479040563106537,1.0,0,0.0,0.0,0.0,0.0,0.0,0.0,0.0,0.0,0.0,0.0,0.0
440,3604480,1294.1915471107368,1221.7552342725048,6.705107349000173,0.1600209409953095,30,17,0,13,0.5666666666666667,0.0,0.43333333333333335,0.003313532029278576,0.1916950834915042,0.05444408217445016,-3.053139662742615,0.017787131704972127,0.09171819686889648,0.0658443495631218,0.1340225487947464,1.0,0,0.0,0.0,0.0,0.0,0.0,0.0,0.0,0.0,0.0,0.0,0.0
441,3612672,1294.029198136109,1257.0935321628936,6.5166193210025085,0.15981785500480328,30,12,0,18,0.4,0.0,0.6,0.0025163152487948535,0.20839181151241065,0.04832389387302101,-3.065718287229538,0.02213084645482013,0.09115059673786163,0.06562428176403046,0.1323467642068863,1.0,0,0.0,0.0,0.0,0.0,0.0,0.0,0.0,0.0,0.0,0.0,0.0
442,3620864,1293.8609704185578,1253.1456989711546,6.537148878000153,0.15402046500094002,30,12,0,18,0.4,0.0,0.6,0.005318290396826342,0.13983993688598276,0.04795522326603532,-3.069971811771393,0.026813489169580863,0.09135782718658447,0.06563837081193924,0.1329675018787384,1.0,0,0.0,0.0,0.0,0.0,0.0,0.0,0.0,0.0,0.0,0.0,0.0
443,3629056,1293.6243512375052,1223.1455096149027,6.69748606000212,0.14336923800146906,31,7,0,24,0.22580645161290322,0.0,0.7741935483870968,0.006593404326122254,0.11737173534929753,0.03992005265317857,-3.066817396879196,0.023252997698727997,0.09147953987121582,0.06555819511413574,0.13333027064800262,1.0,0,0.0,0.0,0.0,0.0,0.0,0.0,0.0,0.0,0.0,0.0,0.0
444,3637248,1293.3965393779908,1231.8302485804468,6.650266958000429,0.17422506000002613,31,12,0,19,0.3870967741935484,0.0,0.6129032258064516,0.005130135582294315,0.1450122447684407,0.03195151484105736,-3.0754780530929566,0.02191295678494498,0.09097732603549957,0.06502819806337357,0.13294410705566406,1.0,0,0.0,0.0,0.0,0.0,0.0,0.0,0.0,0.0,0.0,0.0,0.0
445,3645440,1293.1678322714342,1225.177390652402,6.686378692997096,0.14214642200386152,27,15,0,12,0.5555555555555556,0.0,0.4444444444444444,0.005395658066845499,0.13426130572333933,0.03068177665118128,-3.088353031873703,0.025662654897314497,0.09079593420028687,0.06527458876371384,0.1327410191297531,1.0,0,0.0,0.0,0.0,0.0,0.0,0.0,0.0,0.0,0.0,0.0,0.0
446,3653632,1292.7134580025654,1145.6719328500878,7.1503890119929565,0.16832934300327906,30,16,0,14,0.5333333333333333,0.0,0.4666666666666667,0.002591533519444056,0.22072641048580408,0.0290139444405213,-3.0934758603572847,0.019669557476299816,0.09057062864303589,0.06528643518686295,0.1325766146183014,1.0,0,0.0,0.0,0.0,0.0,0.0,0.0,0.0,0.0,0.0,0.0,0.0
447,3661824,1292.39397278253,1191.1833441071333,6.877194884000346,0.1569275910005672,40,23,0,17,0.575,0.0,0.425,0.010227256870712154,0.26722230259329083,0.027390993013978005,-3.0998802900314333,0.03278730779711623,0.09057730436325073,0.06516564637422562,0.13306178152561188,1.0,0,0.0,0.0,0.0,0.0,0.0,0.0,0.0,0.0,0.0,0.0,0.0
448,3670016,1292.22190893994,1248.7563472135546,6.560126815995318,0.15231654199305922,30,15,0,15,0.5,0.0,0.5,0.004697619084618054,0.17611114513128995,0.027033558720722793,-3.1013331413269043,0.02253547485015588,0.09052043408155441,0.06541500985622406,0.13301828503608704,1.0,0,0.0,0.0,0.0,0.0,0.0,0.0,0.0,0.0,0.0,0.0,0.0
449,3678208,1292.065944902666,1257.849312327282,6.512703803004115,0.16049649800697807,29,17,0,12,0.5862068965517241,0.0,0.41379310344827586,0.0047532973170746114,0.16514883581548928,0.02704816688783467,-3.10755712389946,0.02187283771490911,0.09019134938716888,0.06540068984031677,0.1327614039182663,1.0,0,0.0,0.0,0.0,0.0,0.0,0.0,0.0,0.0,0.0,0.0,0.0
450,3686400,1291.7509048316228,1191.5357003549398,6.875161186995683,0.15607455400459003,32,21,0,11,0.65625,0.0,0.34375,0.005194875004235655,0.24197428561747075,0.02791450684890151,-3.1227132201194765,0.022014624286384787,0.08980692923069,0.06465132534503937,0.13216376304626465,1.0,0,0.0,0.0,0.0,0.0,0.0,0.0,0.0,0.0,0.0,0.0,0.0
451,3694592,1291.6322043168614,1269.8439320803263,6.451186475002032,0.14998430300329346,25,12,0,13,0.48,0.0,0.52,0.009712740482063964,0.10164253804832697,0.034863388328813014,-3.1360439479351045,0.026667303549766076,0.08949433267116547,0.06409882754087448,0.13211551308631897,1.0,0,0.0,0.0,0.0,0.0,0.0,0.0,0.0,0.0,0.0,0.0,0.0
452,3702784,1291.3241272073437,1199.8953756263834,6.827261915001145,0.1957474959999672,34,24,0,10,0.7058823529411765,0.0,0.29411764705882354,0.005779898993205279,0.2256297403946519,0.031363927642814815,-3.146825498342514,0.02671007311437279,0.08925622701644897,0.06385666877031326,0.13203370571136475,1.0,0,0.0,0.0,0.0,0.0,0.0,0.0,0.0,0.0,0.0,0.0,0.0
453,3710976,1290.9657848641618,1173.0551021512147,6.983474165004736,0.15503349500067998,46,22,0,24,0.4782608695652174,0.0,0.5217391304347826,0.004418144666124136,0.21389477606862783,0.03267849166877568,-3.156483346223831,0.023407044957275504,0.08900906890630722,0.06389357894659042,0.13166575133800507,1.0,0,0.0,0.0,0.0,0.0,0.0,0.0,0.0,0.0,0.0,0.0,0.0
454,3719168,1290.6706340013093,1192.388713505221,6.870242822005821,0.1309294089951436,31,16,0,15,0.5161290322580645,0.0,0.4838709677419355,0.009883488639025018,0.18013333855196834,0.028119250573217867,-3.161367106437683,0.03146554226841545,0.0887923538684845,0.06417291611433029,0.13096989691257477,1.0,0,0.0,0.0,0.0,0.0,0.0,0.0,0.0,0.0,0.0,0.0,0.0
455,3727360,1290.418743235957,1212.911744183675,6.753995119004685,0.15371367299667327,27,17,0,10,0.6296296296296297,0.0,0.37037037037037035,0.0052089882956352085,0.15896693244576454,0.029191061854362488,-3.167121261358261,0.02066428173420718,0.0884876698255539,0.06432338058948517,0.13006477057933807,1.0,0,0.0,0.0,0.0,0.0,0.0,0.0,0.0,0.0,0.0,0.0,0.0
456,3735552,1290.264694369385,1251.7401231415927,6.544489425999927,0.14627211499464465,27,18,0,9,0.6666666666666666,0.0,0.3333333333333333,0.0028438951121643186,0.13344917073845863,0.02931522133294493,-3.180513781309128,0.017078360247251113,0.08801154792308807,0.0639113113284111,0.12992238998413086,1.0,0,0.0,0.0,0.0,0.0,0.0,0.0,0.0,0.0,0.0,0.0,0.0
457,3743744,1289.975620642115,1195.0726587672266,6.854813336998632,0.14138305399683304,32,18,0,14,0.5625,0.0,0.4375,0.006249861937249079,0.1979605032131076,0.029185107070952655,-3.1994884967803956,0.028050567506579683,0.08762425184249878,0.06335631012916565,0.12944667041301727,1.0,0,0.0,0.0,0.0,0.0,0.0,0.0,0.0,0.0,0.0,0.0,0.0
458,3751936,1289.7302286972022,1213.9410330202984,6.748268472001655,0.1522578500007512,33,18,0,15,0.5454545454545454,0.0,0.45454545454545453,0.0029408570495434105,0.2521152913570404,0.02628202741034329,-3.2087047517299654,0.027941480351728387,0.08721544593572617,0.06375440210103989,0.1283404678106308,1.0,0,0.0,0.0,0.0,0.0,0.0,0.0,0.0,0.0,0.0,0.0,0.0
459,3760128,1289.4169249650636,1188.0924816943984,6.895086136995815,0.16139951199875213,39,25,0,14,0.6410256410256411,0.0,0.358974358974359,0.0038169019448105247,0.20881851464509965,0.025760614918544887,-3.2229539096355437,0.02044093637232436,0.08675289154052734,0.06322741508483887,0.1280301958322525,1.0,0,0.0,0.0,0.0,0.0,0.0,0.0,0.0,0.0,0.0,0.0,0.0
460,3768320,1289.2523894163598,1246.2249468227633,6.5734521050035255,0.14261875200463692,28,19,0,9,0.6785714285714286,0.0,0.32142857142857145,0.004145862546283752,0.2191498733125627,0.026209475588984787,-3.2370285391807556,0.02154914951097453,0.08666431903839111,0.06313987821340561,0.12827466428279877,1.0,0,0.0,0.0,0.0,0.0,0.0,0.0,0.0,0.0,0.0,0.0,0.0
461,3776512,1289.0152965118689,1219.2829266809167,6.718703117003315,0.1702822030056268,36,28,0,8,0.7777777777777778,0.0,0.2222222222222222,0.001714857283513993,0.24602339416742325,0.02413901169784367,-3.2446157813072203,0.019292261471855456,0.08643227815628052,0.06273810565471649,0.12860901653766632,1.0,0,0.0,0.0,0.0,0.0,0.0,0.0,0.0,0.0,0.0,0.0,0.0
462,3784704,1288.6989740731608,1180.2139767302854,6.941114205998019,0.13152628399984678,39,34,0,5,0.8717948717948718,0.0,0.1282051282051282,0.0018485092325136066,0.26330750472843645,0.022962936898693442,-3.2538367986679075,0.02290148381871404,0.08637595176696777,0.06284763664007187,0.12865246832370758,1.0,0,0.0,0.0,0.0,0.0,0.0,0.0,0.0,0.0,0.0,0.0,0.0
463,3792896,1288.019184832273,1055.747620681467,7.759430227000848,0.1478503769976669,44,38,0,6,0.8636363636363636,0.0,0.13636363636363635,0.009485086219501681,0.29499310087412595,0.023627126589417458,-3.256732016801834,0.04088830482942285,0.08639797568321228,0.06255347281694412,0.12920573353767395,1.0,0,0.0,0.0,0.0,0.0,0.0,0.0,0.0,0.0,0.0,0.0,0.0
464,3801088,1287.8769526886838,1253.0035987197411,6.537890240993875,0.14513628999702632,30,26,0,4,0.8666666666666667,0.0,0.13333333333333333,0.009063579351641237,0.23023712821304798,0.02353627539705485,-3.2565701246261596,0.037891679398308044,0.08634552359580994,0.06284625083208084,0.1285860538482666,1.0,0,0.0,0.0,0.0,0.0,0.0,0.0,0.0,0.0,0.0,0.0,0.0
465,3809280,1287.5830843079852,1193.2670532865216,6.8651857750010095,0.16772413400030928,44,38,0,6,0.8636363636363636,0.0,0.13636363636363635,0.0013592160772532224,0.3718989033252001,0.025787046691402794,-3.2568234384059904,0.017170825214998332,0.08612619340419769,0.06263209879398346,0.1277650147676468,1.0,0,0.0,0.0,0.0,0.0,0.0,0.0,0.0,0.0,0.0,0.0,0.0
466,3817472,1287.4634863585582,1268.2442972203817,6.45932334799727,0.17553006299567642,21,17,0,4,0.8095238095238095,0.0,0.19047619047619047,0.003903435677057132,0.20492457235231995,0.03457371979020536,-3.267530620098114,0.018426417194132228,0.08554250001907349,0.06239880248904228,0.12640906870365143,1.0,0,0.0,0.0,0.0,0.0,0.0,0.0,0.0,0.0,0.0,0.0,0.0
467,3825664,1287.3149093513334,1248.1683516059397,6.563217205002729,0.13973274399904767,27,14,0,13,0.5185185185185185,0.0,0.48148148148148145,0.0043128463963512335,0.11976031572557985,0.03945775479078293,-3.281680053472519,0.014801872364478186,0.0852937325835228,0.0625520721077919,0.12618134915828705,1.0,0,0.0,0.0,0.0,0.0,0.0,0.0,0.0,0.0,0.0,0.0,0.0
468,3833856,1287.2516019551913,1289.6085976029005,6.352314970004954,0.15472495299763978,21,10,0,11,0.47619047619047616,0.0,0.5238095238095238,0.006813764927210286,0.13940678648650645,0.04192755855619908,-3.288533425331116,0.019849246609373948,0.08514994382858276,0.062248289585113525,0.1258758157491684,1.0,0,0.0,0.0,0.0,0.0,0.0,0.0,0.0,0.0,0.0,0.0,0.0
469,3842048,1287.009750011364,1212.540794223726,6.756061353997211,0.16576223199808737,31,10,0,21,0.3225806451612903,0.0,0.6774193548387096,0.002273660353966989,0.08805986768566072,0.039385871635749935,-3.287714493274689,0.0188289009660366,0.0853186696767807,0.06255747377872467,0.1260887235403061,1.0,0,0.0,0.0,0.0,0.0,0.0,0.0,0.0,0.0,0.0,0.0,0.0
470,3850240,1286.8798641309572,1260.3735351917671,6.499660434994439,0.16411629399954109,32,11,0,21,0.34375,0.0,0.65625,0.004097003058996051,0.11103247166611255,0.032854045182466506,-3.2912887632846832,0.022752419995958915,0.0847667008638382,0.06232196092605591,0.1249583438038826,1.0,0,0.0,0.0,0.0,0.0,0.0,0.0,0.0,0.0,0.0,0.0,0.0
471,3858432,1286.6176898224758,1202.8281854795437,6.81061526400299,0.16015739699651022,33,9,0,24,0.2727272727272727,0.0,0.7272727272727273,0.003132396313594654,0.1160020659212023,0.027074063010513783,-3.299186199903488,0.019553764746524392,0.08501887321472168,0.062347374856472015,0.12569300830364227,1.0,0,0.0,0.0,0.0,0.0,0.0,0.0,0.0,0.0,0.0,0.0,0.0
472,3866624,1286.2524906872322,1160.4808530037742,7.059142750003957,0.15808454799844185,30,18,0,12,0.6,0.0,0.4,0.004220568065647967,0.21179867666214705,0.023813225468620657,-3.3058256030082704,0.023028448267723434,0.08431914448738098,0.062181420624256134,0.12469153851270676,1.0,0,0.0,0.0,0.0,0.0,0.0,0.0,0.0,0.0,0.0,0.0,0.0
473,3874816,1285.9982960589498,1205.3401328633022,6.79642183699616,0.15753789600421442,34,18,0,16,0.5294117647058824,0.0,0.47058823529411764,0.00031944618094712494,0.13826006660237908,0.024445960856974126,-3.3279731392860414,0.01726051570731215,0.08377131819725037,0.0620037317276001,0.12345319241285324,1.0,0,0.0,0.0,0.0,0.0,0.0,0.0,0.0,0.0,0.0,0.0,0.0
474,3883008,1285.7364215222733,1208.1933407824138,6.780371752996871,0.19904768600099487,38,24,0,14,0.631578947368421,0.0,0.3684210526315789,0.00526699647307396,0.40817857794463636,0.022993981139734387,-3.333466053009033,0.02917292786296457,0.08386139571666718,0.062212176620960236,0.12314761430025101,1.0,0,0.0,0.0,0.0,0.0,0.0,0.0,0.0,0.0,0.0,0.0,0.0
475,3891200,1285.544523113216,1229.841577490332,6.661020532999828,0.15874055799940834,29,20,0,9,0.6896551724137931,0.0,0.3103448275862069,0.00519364281790331,0.3849713530391455,0.026430452638305724,-3.330080783367157,0.0241037461484666,0.08389794081449509,0.06216778606176376,0.12336918711662292,1.0,0,0.0,0.0,0.0,0.0,0.0,0.0,0.0,0.0,0.0,0.0,0.0
476,3899392,1285.3276013379304,1218.576681048328,6.722597049003525,0.15847053800098365,28,14,0,14,0.5,0.0,0.5,0.0037898047419730576,0.18260775841772556,0.03157369566615671,-3.3303235948085783,0.019265425275079906,0.08402061462402344,0.06151140108704567,0.12458396703004837,1.0,0,0.0,0.0,0.0,0.0,0.0,0.0,0.0,0.0,0.0,0.0,0.0
477,3907584,1285.2769463380166,1292.001976454966,6.340547576000972,0.14962208300130442,21,6,0,15,0.2857142857142857,0.0,0.7142857142857143,0.008425167226232589,0.07281275880523026,0.03323830128647387,-3.335038644075394,0.02511052119807573,0.0837845429778099,0.061403483152389526,0.12350226938724518,1.0,0,0.0,0.0,0.0,0.0,0.0,0.0,0.0,0.0,0.0,0.0,0.0
478,3915776,1285.0676722581804,1220.3052472945335,6.713074469000276,0.1538234459949308,28,14,0,14,0.5,0.0,0.5,0.00311750277178362,0.14322268711403013,0.03981042695231736,-3.3474509179592133,0.020780681030009872,0.08315862715244293,0.0612436980009079,0.12203964591026306,1.0,0,0.0,0.0,0.0,0.0,0.0,0.0,0.0,0.0,0.0,0.0,0.0
479,3923968,1284.921060000382,1245.9078842226775,6.575124937997316,0.14454687700344948,29,9,0,20,0.3103448275862069,0.0,0.6896551724137931,0.003453739237738773,0.10588635923340917,0.037674758257344364,-3.3568514406681063,0.025926620830432512,0.08298267424106598,0.061155401170253754,0.1215699166059494,1.0,0,0.0,0.0,0.0,0.0,0.0,0.0,0.0,0.0,0.0,0.0,0.0
480,3932160,1284.4633740503814,1118.1541027688165,7.32636045399704,0.136481002002256,42,18,0,24,0.42857142857142855,0.0,0.5714285714285714,0.010311315319268034,0.18361155269667506,0.0295625823084265,-3.3641557514667513,0.03771136766445125,0.08262592554092407,0.061238933354616165,0.1206180527806282,1.0,0,0.0,0.0,0.0,0.0,0.0,0.0,0.0,0.0,0.0,0.0,0.0
481,3940352,1284.1515411018308,1178.41530688426,6.951708749998943,0.16806909300066764,37,17,0,20,0.4594594594594595,0.0,0.5405405405405406,0.0021893574739806354,0.20402174834161996,0.026040606014430524,-3.3739612102508545,0.021614414556825067,0.08238112926483154,0.06174757331609726,0.12014999985694885,1.0,0,0.0,0.0,0.0,0.0,0.0,0.0,0.0,0.0,0.0,0.0,0.0
482,3948544,1283.714654730097,1125.7938124097577,7.276643297998817,0.14608175000466872,48,32,0,16,0.6666666666666666,0.0,0.3333333333333333,0.0038354072952643038,0.39891482554376123,0.021443645074032246,-3.3801334381103514,0.02605812457477441,0.08195388317108154,0.06217005103826523,0.11845240741968155,1.0,0,0.0,0.0,0.0,0.0,0.0,0.0,0.0,0.0,0.0,0.0,0.0
483,3956736,1283.3366912175932,1150.1399370848019,7.122611550003057,0.1636062019970268,43,33,0,10,0.7674418604651163,0.0,0.23255813953488372,0.0017771114304196089,0.5159501895308495,0.02143716693390161,-3.3901056170463564,0.02333055421040626,0.08143159747123718,0.06212589889764786,0.11726520210504532,1.0,0,0.0,0.0,0.0,0.0,0.0,0.0,0.0,0.0,0.0,0.0,0.0
484,3964928,1283.0723922274183,1192.993689960499,6.866758867996396,0.14998914599709678,40,32,0,8,0.8,0.0,0.2,0.004233094624942169,0.49647033363580706,0.022825388144701718,-3.4072066247463226,0.019364528913865798,0.08105617016553879,0.06163744628429413,0.11667417734861374,1.0,0,0.0,0.0,0.0,0.0,0.0,0.0,0.0,0.0,0.0,0.0,0.0
485,3973120,1282.871086427351,1219.1967124726998,6.719178223000199,0.14776884400635026,27,21,0,6,0.7777777777777778,0.0,0.2222222222222222,0.012798523681703955,0.3296500355005264,0.023296257690526546,-3.4215590834617613,0.046946336106339005,0.08071227371692657,0.06127740442752838,0.11617384850978851,1.0,0,0.0,0.0,0.0,0.0,0.0,0.0,0.0,0.0,0.0,0.0,0.0
486,3981312,1282.4832799873077,1144.7078324763006,7.156411241005117,0.16465230199537473,49,40,0,9,0.8163265306122449,0.0,0.1836734693877551,0.012539068009937182,0.5329097203910351,0.025076747802086175,-3.4279281556606294,0.03633970586524811,0.08062707632780075,0.06118137761950493,0.11599892377853394,1.0,0,0.0,0.0,0.0,0.0,0.0,0.0,0.0,0.0,0.0,0.0,0.0
487,3989504,1282.3022864808156,1224.814616199981,6.688359113002662,0.13497828999970807,29,23,0,6,0.7931034482758621,0.0,0.20689655172413793,0.0042477040085941555,0.26031117755919697,0.02339551185723394,-3.428506064414978,0.01811449897941202,0.0806722342967987,0.06123899668455124,0.1160128116607666,1.0,0,0.0,0.0,0.0,0.0,0.0,0.0,0.0,0.0,0.0,0.0,0.0
488,3997696,1282.0853241675295,1213.5000760018534,6.7507206320005935,0.1622518689982826,32,25,0,7,0.78125,0.0,0.21875,0.0033476793818408624,0.2984854578971863,0.026435619220137596,-3.4387849032878877,0.01566203667753143,0.07995276898145676,0.06105226278305054,0.11504131555557251,1.0,0,0.0,0.0,0.0,0.0,0.0,0.0,0.0,0.0,0.0,0.0,0.0
489,4005888,1281.7628609204546,1169.321582248279,7.005771657997684,0.15988008699787315,36,26,0,10,0.7222222222222222,0.0,0.2777777777777778,0.003502651787130162,0.309617824293673,0.02780640481505543,-3.4657008409500123,0.016691831310163253,0.07949544489383698,0.06064152717590332,0.11494550108909607,1.0,0,0.0,0.0,0.0,0.0,0.0,0.0,0.0,0.0,0.0,0.0,0.0
490,4014080,1281.5813565310027,1228.4358064349542,6.668643128999975,0.1624327139943489,36,25,0,11,0.6944444444444444,0.0,0.3055555555555556,0.004683283856138587,0.38425725772976876,0.025873311283066868,-3.4766514956951142,0.024875249432807323,0.07951509952545166,0.06038232892751694,0.11533407121896744,1.0,0,0.0,0.0,0.0,0.0,0.0,0.0,0.0,0.0,0.0,0.0,0.0
491,4022272,1281.3460654239475,1202.3220047432558,6.813482550998742,0.15153822999855038,33,23,0,10,0.696969696969697,0.0,0.30303030303030304,0.003935567731969058,0.33865967728197577,0.026026892359368503,-3.4818338811397553,0.024338094390986952,0.07927965372800827,0.06046242266893387,0.11451495438814163,1.0,0,0.0,0.0,0.0,0.0,0.0,0.0,0.0,0.0,0.0,0.0,0.0
492,4030464,1281.1079215220975,1203.341723916624,6.8077087640049285,0.16564445300173247,36,20,0,16,0.5555555555555556,0.0,0.4444444444444444,0.00405152936000377,0.2446250006556511,0.02517311666160822,-3.4902579367160795,0.01634538657963276,0.07887943089008331,0.06059325113892555,0.11375425010919571,1.0,0,0.0,0.0,0.0,0.0,0.0,0.0,0.0,0.0,0.0,0.0,0.0
493,4038656,1280.8418837933414,1186.7298076013092,6.903003487001115,0.14285432000178844,41,32,0,9,0.7804878048780488,0.0,0.21951219512195122,0.007472902775043621,0.3135267302393913,0.024903719685971736,-3.50020147562027,0.03575527109060204,0.07865117490291595,0.06054876372218132,0.11320760846138,1.0,0,0.0,0.0,0.0,0.0,0.0,0.0,0.0,0.0,0.0,0.0,0.0
494,4046848,1280.525186142933,1165.6111921207416,7.02807252999628,0.14583136700093746,36,25,0,11,0.6944444444444444,0.0,0.3055555555555556,0.003195181133924052,0.28969117496162655,0.023765392089262604,-3.504513692855835,0.01871766350377584,0.07859494537115097,0.06039254739880562,0.11325410008430481,1.0,0,0.0,0.0,0.0,0.0,0.0,0.0,0.0,0.0,0.0,0.0,0.0
495,4055040,1280.2722300980452,1194.4806249405297,6.8582108650007285,0.16127275399776408,39,28,0,11,0.717948717948718,0.0,0.28205128205128205,0.0032887754088733344,0.2500541040673852,0.023166863131336868,-3.511817234754562,0.015570063068298622,0.07823128998279572,0.06036296859383583,0.11234044283628464,1.0,0,0.0,0.0,0.0,0.0,0.0,0.0,0.0,0.0,0.0,0.0,0.0
496,4063232,1280.1010987804625,1226.0113788219776,6.681830317000276,0.13812114900065353,37,27,0,10,0.7297297297297297,0.0,0.2702702702702703,0.0040573383390437815,0.31898585744202135,0.027912525366991757,-3.525222325325012,0.023032891638285945,0.07778483629226685,0.06002655252814293,0.1115310862660408,1.0,0,0.0,0.0,0.0,0.0,0.0,0.0,0.0,0.0,0.0,0.0,0.0
497,4071424,1279.718438452532,1138.012226948221,7.198516681994079,0.14886436199594755,32,23,0,9,0.71875,0.0,0.28125,0.0033056686457712202,0.2648181073367596,0.022751079103909434,-3.5335596919059755,0.01442095313104801,0.07771953195333481,0.0604143962264061,0.1111462414264679,1.0,0,0.0,0.0,0.0,0.0,0.0,0.0,0.0,0.0,0.0,0.0,0.0
498,4079616,1279.425883436882,1175.1973955586125,6.970743835001485,0.1556022139993729,46,35,0,12,0.7608695652173914,0.0,0.2608695652173913,0.005742712650680914,0.3467213898897171,0.023158000060357155,-3.534306001663208,0.022636519177467562,0.0776028260588646,0.06051379442214966,0.11069586873054504,1.0,0,0.0,0.0,0.0,0.0,0.0,0.0,0.0,0.0,0.0,0.0,0.0
499,4087808,1279.282904332743,1242.7252804603577,6.591963749997376,0.16423026599659352,30,24,0,6,0.8,0.0,0.2,0.003300916029547807,0.277970465272665,0.028566730674356222,-3.5335584819316863,0.023354461409326177,0.07777011394500732,0.060919392853975296,0.11084096133708954,1.0,0,0.0,0.0,0.0,0.0,0.0,0.0,0.0,0.0,0.0,0.0,0.0
500,4096000,1278.8780436365837,1130.1843184536679,7.248375212999235,0.16585913200106006,45,36,0,9,0.8,0.0,0.2,0.004458412638632581,0.4101486574858427,0.026368245622143148,-3.5307578265666963,0.022282131743850186,0.07755438983440399,0.06099528446793556,0.11049990355968475,1.0,0,0.0,0.0,0.0,0.0,0.0,0.0,0.0,0.0,0.0,0.0,0.0
501,4104192,1278.6055619672836,1191.5092844763658,6.875313609998557,0.2108118980031577,42,34,0,8,0.8095238095238095,0.0,0.19047619047619047,0.002426400454714894,0.38781735450029375,0.01964069458190352,-3.547557830810547,0.018941441751667298,0.0769839882850647,0.060603152960538864,0.10954602062702179,1.0,0,0.0,0.0,0.0,0.0,0.0,0.0,0.0,0.0,0.0,0.0,0.0
502,4112384,1278.3889348184337,1208.4190293566992,6.779105426998285,0.16824138700030744,37,34,0,3,0.918918918918919,0.0,0.08108108108108109,0.006437060702592134,0.28978329449892043,0.020428054966032505,-3.5662262558937075,0.021967005818441975,0.07660622894763947,0.0602354072034359,0.10919485986232758,1.0,0,0.0,0.0,0.0,0.0,0.0,0.0,0.0,0.0,0.0,0.0,0.0
503,4120576,1278.1623519258626,1201.7061639874828,6.816974269997445,0.15940737899654778,36,29,0,7,0.8055555555555556,0.0,0.19444444444444445,0.0055640389822656285,0.24444371834397316,0.02554008117876947,-3.57885165810585,0.020973074922221713,0.07636044919490814,0.06013093143701553,0.10854490101337433,1.0,0,0.0,0.0,0.0,0.0,0.0,0.0,0.0,0.0,0.0,0.0,0.0
504,4128768,1278.0787087440299,1273.2273519862822,6.434043367997219,0.18082626599789364,22,19,0,3,0.8636363636363636,0.0,0.13636363636363635,0.005472622957313433,0.0955728381872177,0.02949822125956416,-3.5859680593013765,0.020826859628141393,0.07615191489458084,0.0599684938788414,0.108366459608078,1.0,0,0.0,0.0,0.0,0.0,0.0,0.0,0.0,0.0,0.0,0.0,0.0
505,4136960,1277.8413459184603,1203.8684215543221,6.804730361996917,0.20315730899892515,32,24,0,8,0.75,0.0,0.25,0.0033128349110484122,0.21755162347108126,0.028714600089006125,-3.599534410238266,0.019964354278636166,0.07564731687307358,0.059612371027469635,0.10746870934963226,1.0,0,0.0,0.0,0.0,0.0,0.0,0.0,0.0,0.0,0.0,0.0,0.0
506,4145152,1277.3742054546044,1104.4717063619667,7.417120739999518,0.17665866800234653,42,31,0,11,0.7380952380952381,0.0,0.2619047619047619,0.0021189114544540645,0.3812143102288246,0.025547823286615312,-3.6204547762870787,0.02044156678020954,0.07513275742530823,0.05899287015199661,0.10660528391599655,1.0,0,0.0,0.0,0.0,0.0,0.0,0.0,0.0,0.0,0.0,0.0,0.0
507,4153344,1277.0618889212215,1160.9807928999114,7.05610295200313,0.14662888900056714,46,38,0,8,0.8260869565217391,0.0,0.17391304347826086,0.003946234937757254,0.3799855463206768,0.019700322253629565,-3.635428082942963,0.021395477750047576,0.07482460141181946,0.05875646322965622,0.10587722808122635,1.0,0,0.0,0.0,0.0,0.0,0.0,0.0,0.0,0.0,0.0,0.0,0.0
508,4161536,1276.8188880373857,1192.8672716426397,6.86748659699515,0.15753767100250116,42,37,0,5,0.8809523809523809,0.0,0.11904761904761904,0.004091716732364148,0.3764622755348682,0.020561096956953406,-3.6432516992092134,0.018146777579386254,0.07469519972801208,0.05838913097977638,0.1062304675579071,1.0,0,0.0,0.0,0.0,0.0,0.0,0.0,0.0,0.0,0.0,0.0,0.0
509,4169728,1276.692949039549,1250.647078951214,6.550209198001539,0.18211803900339874,25,25,0,0,1.0,0.0,0.0,0.007955770497210324,0.35608629174530504,0.025930916937068105,-3.6512755274772646,0.02181795432115905,0.07463012635707855,0.058442372828722,0.10634885728359222,1.0,0,0.0,0.0,0.0,0.0,0.0,0.0,0.0,0.0,0.0,0.0,0.0
510,4177920,1276.5932471109552,1260.255397331338,6.5002697210002225,0.16878027000348084,27,23,0,4,0.8518518518518519,0.0,0.14814814814814814,0.005446729046525434,0.33236060440540316,0.03190918297041208,-3.656346929073334,0.015994982016854918,0.07441505789756775,0.05819035694003105,0.1062365472316742,1.0,0,0.0,0.0,0.0,0.0,0.0,0.0,0.0,0.0,0.0,0.0,0.0
511,4186112,1276.3805981087874,1209.574320626367,6.772630553001363,0.18774480000138283,30,19,0,11,0.6333333333333333,0.0,0.36666666666666664,0.008299372537294403,0.2726903952658176,0.035105154104530814,-3.664342737197876,0.021207066580245737,0.07437308132648468,0.05816724896430969,0.10640493035316467,1.0,0,0.0,0.0,0.0,0.0,0.0,0.0,0.0,0.0,0.0,0.0,0.0
512,4194304,1276.2374339789308,1242.1426362334375,6.59505580199766,0.18848668199643726,28,13,0,15,0.4642857142857143,0.0,0.5357142857142857,0.006730684934882447,0.26821765545755627,0.039153301855549216,-3.672882443666458,0.0184245300872135,0.07398860156536102,0.05799390375614166,0.1057586520910263,1.0,0,0.0,0.0,0.0,0.0,0.0,0.0,0.0,0.0,0.0,0.0,0.0
513,4202496,1276.0862097511233,1233.3585727747284,6.642026237001119,0.1638916399970185,31,9,0,22,0.2903225806451613,0.0,0.7096774193548387,0.004936429759254679,0.2278477095067501,0.03778726910240948,-3.692015540599823,0.01833320187870413,0.07348933070898056,0.05765647813677788,0.10511501878499985,1.0,0,0.0,0.0,0.0,0.0,0.0,0.0,0.0,0.0,0.0,0.0,0.0
514,4210688,1275.7982729558362,1171.1859309591575,6.994619541997963,0.16598356900067301,27,7,0,20,0.25925925925925924,0.0,0.7407407407407407,0.006378870087792166,0.12203429276123642,0.04237150233238936,-3.7049608290195466,0.02311289921781281,0.07336856424808502,0.057472504675388336,0.10482136160135269,1.0,0,0.0,0.0,0.0,0.0,0.0,0.0,0.0,0.0,0.0,0.0,0.0
515,4218880,1275.7073629962206,1266.4814033593264,6.468314480000117,0.18537233200186165,19,8,0,11,0.42105263157894735,0.0,0.5789473684210527,0.00548221705830656,0.10973506430163979,0.04399831304326653,-3.715131366252899,0.018778850446688013,0.07294987887144089,0.05700013041496277,0.1048208624124527,1.0,0,0.0,0.0,0.0,0.0,0.0,0.0,0.0,0.0,0.0,0.0,0.0
516,4227072,1275.6068626286958,1253.3889448377406,6.535880210001778,0.14357133199519012,26,8,0,18,0.3076923076923077,0.0,0.6923076923076923,0.008175064349779859,0.14801618298515679,0.0403056955896318,-3.7314489483833313,0.024944997153943403,0.07279645651578903,0.05667665973305702,0.10462741553783417,1.0,0,0.0,0.0,0.0,0.0,0.0,0.0,0.0,0.0,0.0,0.0,0.0
517,4235264,1275.4240225285419,1215.5285883555307,6.739454817005026,0.15473067800485296,35,14,0,21,0.4,0.0,0.6,0.001877546327887103,0.26326138954609635,0.03490819332655519,-3.7374706149101256,0.019930297951214017,0.07262526452541351,0.056551411747932434,0.10426945984363556,1.0,0,0.0,0.0,0.0,0.0,0.0,0.0,0.0,0.0,0.0,0.0,0.0
518,4243456,1275.127861705427,1167.187888081819,7.018578657000035,0.17381992200535024,38,19,0,19,0.5,0.0,0.5,0.0076421857200330125,0.40863268077373505,0.029942175070755184,-3.744500380754471,0.02775781739328522,0.07240308821201324,0.05641857534646988,0.10379169136285782,1.0,0,0.0,0.0,0.0,0.0,0.0,0.0,0.0,0.0,0.0,0.0,0.0
519,4251648,1274.9241372297276,1206.0690310570176,6.7923143609950785,0.16157401999953436,41,20,0,21,0.4878048780487805,0.0,0.5121951219512195,0.0044513388653285805,0.413518312945962,0.03063629465177655,-3.7617626249790193,0.027407734173175415,0.07181710004806519,0.05617484077811241,0.10289392620325089,1.0,0,0.0,0.0,0.0,0.0,0.0,0.0,0.0,0.0,0.0,0.0,0.0
520,4259840,1274.8786531376315,1281.5304974314515,6.392356652002491,0.148831557999074,20,8,0,12,0.4,0.0,0.6,0.0058466182090342045,0.24509679935872555,0.03368424556683749,-3.776120716333389,0.027645740297157318,0.07162591814994812,0.05576224997639656,0.1026945486664772,1.0,0,0.0,0.0,0.0,0.0,0.0,0.0,0.0,0.0,0.0,0.0,0.0
521,4268032,1274.946199039105,1349.0687884634817,6.07233676299802,0.17230694799945923,15,10,0,5,0.6666666666666666,0.0,0.3333333333333333,0.007269824878312648,0.1946883942000568,0.03830888676457107,-3.7909785985946653,0.02297499314736342,0.07115213572978973,0.055397626012563705,0.1017756536602974,1.0,0,0.0,0.0,0.0,0.0,0.0,0.0,0.0,0.0,0.0,0.0,0.0
522,4276224,1274.858734368199,1258.6710145031398,6.508452093999949,0.14327547200082336,26,12,0,14,0.46153846153846156,0.0,0.5384615384615384,0.008606814336962998,0.19001236017793416,0.041185311134904624,-3.797498083114624,0.031159429039689712,0.07119263708591461,0.05544285476207733,0.1018889844417572,1.0,0,0.0,0.0,0.0,0.0,0.0,0.0,0.0,0.0,0.0,0.0,0.0
523,4284416,1274.4672594011265,1120.0747379934776,7.313797661998251,0.14100223199784523,32,10,0,22,0.3125,0.0,0.6875,0.005664194229757414,0.1690172331407666,0.03873219289816916,-3.7974331736564637,0.02334399474930251,0.07128318399190903,0.05521220713853836,0.102412149310112,1.0,0,0.0,0.0,0.0,0.0,0.0,0.0,0.0,0.0,0.0,0.0,0.0
524,4292608,1274.2005819441263,1174.430289346357,6.9752969370019855,0.15418222899461398,41,10,0,31,0.24390243902439024,0.0,0.7560975609756098,0.009256356267724187,0.1839562294073403,0.03394624753855169,-3.802090382575989,0.041191197972511875,0.07087481766939163,0.055341631174087524,0.10135407745838165,1.0,0,0.0,0.0,0.0,0.0,0.0,0.0,0.0,0.0,0.0,0.0,0.0
525,4300800,1274.0229003173104,1215.459616624494,6.739837250002893,0.15651866600092035,38,18,0,20,0.47368421052631576,0.0,0.5263157894736842,0.005384070822037757,0.3872634220868349,0.03115279329940677,-3.8160441160202025,0.020047252136282622,0.07050061970949173,0.05535572022199631,0.10016089677810669,1.0,0,0.0,0.0,0.0,0.0,0.0,0.0,0.0,0.0,0.0,0.0,0.0
526,4308992,1273.890273047051,1240.93694927219,6.60146351900039,0.17727831500087632,26,12,0,14,0.46153846153846156,0.0,0.5384615384615384,0.003456174879102036,0.24769036658108234,0.03095477344468236,-3.820320850610733,0.01938998192490544,0.07053300738334656,0.055440835654735565,0.10011059045791626,1.0,0,0.0,0.0,0.0,0.0,0.0,0.0,0.0,0.0,0.0,0.0,0.0
527,4317184,1273.9452949042134,1336.6909820741166,6.1285668190030265,0.15196127399394754,20,16,0,4,0.8,0.0,0.2,0.008078033389756456,0.3101430213078856,0.035002130828797814,-3.8230856239795683,0.02883808517071884,0.07026319205760956,0.055565040558576584,0.09949911385774612,1.0,0,0.0,0.0,0.0,0.0,0.0,0.0,0.0,0.0,0.0,0.0,0.0
528,4325376,1273.8859136991819,1273.8067604876069,6.431116754996765,0.15405961599753937,21,9,0,12,0.42857142857142855,0.0,0.5714285714285714,0.0030810527969151735,0.2683587234467268,0.041377322375774385,-3.8353053748607637,0.017654346293420532,0.07009018957614899,0.055060114711523056,0.09991347044706345,1.0,0,0.0,0.0,0.0,0.0,0.0,0.0,0.0,0.0,0.0,0.0,0.0
529,4333568,1273.7563713516586,1239.2417135551036,6.610494071006542,0.16281176800112007,31,9,0,22,0.2903225806451613,0.0,0.7096774193548387,0.007281415653415025,0.2690437434241176,0.046983328321948646,-3.842633843421936,0.026164844624872785,0.07006476819515228,0.05494339391589165,0.10012281686067581,1.0,0,0.0,0.0,0.0,0.0,0.0,0.0,0.0,0.0,0.0,0.0,0.0
530,4341760,1273.6667696720897,1254.6942562226925,6.5290806579942,0.13877608899929328,25,3,0,22,0.12,0.0,0.88,0.005976295279106125,0.0959620895795524,0.04280327488668263,-3.84622808098793,0.02719424304232234,0.07000172138214111,0.05476704612374306,0.10024479031562805,1.0,0,0.0,0.0,0.0,0.0,0.0,0.0,0.0,0.0,0.0,0.0,0.0
531,4349952,1273.6052614473883,1269.2882804524713,6.454010587003722,0.13923901000089245,30,6,0,24,0.2,0.0,0.8,0.003504676336888224,0.1587209881283343,0.036826149979606274,-3.8515829920768736,0.021052728513313922,0.06979544460773468,0.05476544052362442,0.09976053237915039,1.0,0,0.0,0.0,0.0,0.0,0.0,0.0,0.0,0.0,0.0,0.0,0.0
532,4358144,1273.3215001138976,1167.984170942483,7.013793682999676,0.17724483899655752,26,6,0,20,0.23076923076923078,0.0,0.7692307692307693,0.006867722613969817,0.13532568477094173,0.03268312457948923,-3.8550268709659576,0.02799797621846665,0.06990304589271545,0.05451582372188568,0.10015714913606644,1.0,0,0.0,0.0,0.0,0.0,0.0,0.0,0.0,0.0,0.0,0.0,0.0
533,4366336,1273.1836946664585,1230.7764606563624,6.655960901000071,0.14504750500054797,36,21,0,15,0.5833333333333334,0.0,0.4166666666666667,0.004513432149542496,0.35503798481076954,0.030811254191212355,-3.8605542361736296,0.027671644455404022,0.06944537162780762,0.054024118930101395,0.09961103647947311,1.0,0,0.0,0.0,0.0,0.0,0.0,0.0,0.0,0.0,0.0,0.0,0.0
534,4374528,1273.0505930919703,1231.9380178964248,6.649685196003702,0.14090671300073154,34,19,0,15,0.5588235294117647,0.0,0.4411764705882353,0.005699122842634097,0.39797437079250814,0.02749675130471587,-3.8762553513050078,0.028349393964163028,0.06941913068294525,0.053866591304540634,0.09978586435317993,1.0,0,0.0,0.0,0.0,0.0,0.0,0.0,0.0,0.0,0.0,0.0,0.0
535,4382720,1272.859948624769,1206.7298984692236,6.788594539997575,0.1521672849994502,42,25,0,17,0.5952380952380952,0.0,0.40476190476190477,0.010396967292763293,0.5164857495576143,0.02762791214045137,-3.8783864080905914,0.0317111324693542,0.06938957422971725,0.053946033120155334,0.0997268334031105,1.0,0,0.0,0.0,0.0,0.0,0.0,0.0,0.0,0.0,0.0,0.0,0.0
536,4390912,1272.7565637526639,1246.6202266465984,6.571367786993505,0.1416847099972074,35,20,0,15,0.5714285714285714,0.0,0.42857142857142855,0.0059045127301942555,0.3430249495431781,0.024356567370705306,-3.873829311132431,0.021878612975706348,0.06948041170835495,0.05421482399106026,0.09952455759048462,1.0,0,0.0,0.0,0.0,0.0,0.0,0.0,0.0,0.0,0.0,0.0,0.0
537,4399104,1272.5855891423093,1214.5772010153723,6.744733882005676,0.15214644400111865,38,29,0,9,0.7631578947368421,0.0,0.23684210526315788,0.0008991488546598702,0.30824395511299374,0.02530484781600535,-3.874363124370575,0.02518485520995455,0.06928040832281113,0.05380299314856529,0.09891454875469208,1.0,0,0.0,0.0,0.0,0.0,0.0,0.0,0.0,0.0,0.0,0.0,0.0
538,4407296,1272.3335979821532,1181.488489744555,6.933626582998841,0.18585986200196203,39,28,0,11,0.717948717948718,0.0,0.28205128205128205,0.004250439532916062,0.2641237821429968,0.023917874810285865,-3.8864615678787233,0.017502993551897817,0.06877158582210541,0.0531807579100132,0.09849969297647476,1.0,0,0.0,0.0,0.0,0.0,0.0,0.0,0.0,0.0,0.0,0.0,0.0
539,4415488,1272.1650830700753,1214.5881258981099,6.744673214998329,0.150645292000263,46,26,0,20,0.5652173913043478,0.0,0.43478260869565216,0.007415090955328196,0.2998570354655385,0.02349543133750558,-3.9089648544788362,0.026447748101782055,0.06859415024518967,0.052787359803915024,0.09853632003068924,1.0,0,0.0,0.0,0.0,0.0,0.0,0.0,0.0,0.0,0.0,0.0,0.0
540,4423680,1272.0582638145363,1243.6112064493514,6.58726775499963,0.14120464499865193,25,23,0,2,0.92,0.0,0.08,0.005928685958497226,0.28877034280449154,0.022165988851338626,-3.916833519935608,0.028801034491334577,0.06841731071472168,0.05269848182797432,0.09856259077787399,1.0,0,0.0,0.0,0.0,0.0,0.0,0.0,0.0,0.0,0.0,0.0,0.0
541,4431872,1271.7138622375764,1133.5644092398688,7.22676182599389,0.15357555400260026,34,25,0,9,0.7352941176470589,0.0,0.2647058823529412,0.005542351538315416,0.2930516036227345,0.02416017553769052,-3.934427720308304,0.02646129346685484,0.0678635835647583,0.052305661141872406,0.09772440046072006,1.0,0,0.0,0.0,0.0,0.0,0.0,0.0,0.0,0.0,0.0,0.0,0.0
542,4440064,1271.4469734160764,1166.5400584792274,7.022476374004327,0.1486913979970268,44,30,0,14,0.6818181818181818,0.0,0.3181818181818182,0.008720487111713738,0.34101840276271106,0.026636352227069438,-3.943342351913452,0.02772175194841111,0.06790924072265625,0.0527472048997879,0.09724598377943039,1.0,0,0.0,0.0,0.0,0.0,0.0,0.0,0.0,0.0,0.0,0.0,0.0
543,4448256,1271.1966882838924,1177.8052595242266,6.955309405995649,0.17340076199616306,40,32,0,8,0.8,0.0,0.2,0.004513513518031686,0.41768530271947385,0.023957538418471813,-3.937491458654404,0.023029445522115565,0.06796925514936447,0.05299266427755356,0.09714805334806442,1.0,0,0.0,0.0,0.0,0.0,0.0,0.0,0.0,0.0,0.0,0.0,0.0
544,4456448,1270.9566705795341,1177.8500325990199,6.955045016999065,0.14817753199895378,36,30,0,6,0.8333333333333334,0.0,0.16666666666666666,0.0035234941053204237,0.2645977368578315,0.024050808581523597,-3.942816823720932,0.02197959188633831,0.06747034192085266,0.05269800126552582,0.0958208292722702,1.0,0,0.0,0.0,0.0,0.0,0.0,0.0,0.0,0.0,0.0,0.0,0.0
545,4464640,1270.761639376627,1197.6084585363674,6.840299048999441,0.14133497799775796,38,24,0,14,0.631578947368421,0.0,0.3684210526315789,0.003996529191499576,0.3142224570736289,0.022439020802266896,-3.9579731464385985,0.01942475499236025,0.0671422928571701,0.05250464379787445,0.09481030702590942,1.0,0,0.0,0.0,0.0,0.0,0.0,0.0,0.0,0.0,0.0,0.0,0.0
546,4472832,1270.463817174837,1152.929869717593,7.105375803999777,0.16255475499929162,50,46,0,4,0.92,0.0,0.08,0.004429288220126182,0.570280646532774,0.023412615875713527,-3.966748869419098,0.01680560795648489,0.06696031987667084,0.05227719619870186,0.09452024102210999,1.0,0,0.0,0.0,0.0,0.0,0.0,0.0,0.0,0.0,0.0,0.0,0.0
547,4481024,1270.3293433194767,1231.2422357069313,6.653442972004996,0.16209646499919472,32,27,0,5,0.84375,0.0,0.15625,0.007066608814056963,0.3345461394637823,0.024975557695142925,-3.9798260152339937,0.024595284105453176,0.06659106910228729,0.052155133336782455,0.09404479712247849,1.0,0,0.0,0.0,0.0,0.0,0.0,0.0,0.0,0.0,0.0,0.0,0.0
548,4489216,1270.065829888124,1169.6775760222959,7.003639436996309,0.17511242099863011,36,26,0,10,0.7222222222222222,0.0,0.2777777777777778,0.0022785850218497218,0.3770513027906418,0.025806242669932544,-3.9965894162654876,0.020746894397598227,0.0661412924528122,0.05190851166844368,0.09312337636947632,1.0,0,0.0,0.0,0.0,0.0,0.0,0.0,0.0,0.0,0.0,0.0,0.0
549,4497408,1269.6937628936982,1116.7936162945116,7.33528548200411,0.14801842699671397,33,27,0,6,0.8181818181818182,0.0,0.18181818181818182,0.007036334171425551,0.501085564866662,0.025834666984155773,-4.006666767597198,0.02735483901487896,0.0660940557718277,0.05215289443731308,0.09274259954690933,1.0,0,0.0,0.0,0.0,0.0,0.0,0.0,0.0,0.0,0.0,0.0,0.0
550,4505600,1269.56136029584,1233.8023088966315,6.639637436994235,0.17939001199556515,28,19,0,9,0.6785714285714286,0.0,0.32142857142857145,0.006924000586150214,0.35334452651441095,0.030717614199966194,-4.016789120435715,0.020339535122911912,0.06561164557933807,0.0516502782702446,0.09230261296033859,1.0,0,0.0,0.0,0.0,0.0,0.0,0.0,0.0,0.0,0.0,0.0,0.0
551,4513792,1269.3447704790035,1190.0532457104484,6.8837256059996434,0.16963602600299055,36,21,0,15,0.5833333333333334,0.0,0.4166666666666667,0.011792749533196912,0.2589912794530392,0.03122226558625698,-4.031905782222748,0.02745129170070868,0.06537789106369019,0.05138625577092171,0.09158024936914444,1.0,0,0.0,0.0,0.0,0.0,0.0,0.0,0.0,0.0,0.0,0.0,0.0
552,4521984,1269.1750550362813,1215.6518455835414,6.7387714910000795,0.18551620400103275,35,15,0,20,0.42857142857142855,0.0,0.5714285714285714,0.0060804385633673515,0.14834325462579728,0.02701871150638908,-4.0401633977890015,0.023992612442816606,0.06522385776042938,0.051388759166002274,0.0914219319820404,1.0,0,0.0,0.0,0.0,0.0,0.0,0.0,0.0,0.0,0.0,0.0,0.0
553,4530176,1269.0160343579184,1214.1184401891967,6.747282413998619,0.15148535099433502,37,26,0,11,0.7027027027027027,0.0,0.2972972972972973,0.006243362551322207,0.2890532068908215,0.03903496947605163,-4.052411204576492,0.032313040528970306,0.06492792069911957,0.050978902727365494,0.0913994163274765,1.0,0,0.0,0.0,0.0,0.0,0.0,0.0,0.0,0.0,0.0,0.0,0.0
554,4538368,1268.7433737533547,1155.4180222969017,7.090074624000408,0.1309380059974501,44,26,0,18,0.5909090909090909,0.0,0.4090909090909091,0.01072681366931647,0.2883948992937803,0.027939682896248996,-4.070463347434997,0.03502357591496548,0.06447907537221909,0.05054117366671562,0.090383380651474,1.0,0,0.0,0.0,0.0,0.0,0.0,0.0,0.0,0.0,0.0,0.0,0.0
555,4546560,1268.6250789037072,1236.4462152957385,6.625439827999799,0.16223754499515053,36,30,0,6,0.8333333333333334,0.0,0.16666666666666666,0.007344579958589748,0.5173605415970087,0.027074197796173392,-4.080850929021835,0.024755594560701866,0.06434914469718933,0.0505283884704113,0.09006581455469131,1.0,0,0.0,0.0,0.0,0.0,0.0,0.0,0.0,0.0,0.0,0.0,0.0
556,4554752,1268.3817160697433,1170.6482505032159,6.997832180997648,0.14540741599921603,45,35,0,10,0.7777777777777778,0.0,0.2222222222222222,0.008454822323983535,0.5380767356604338,0.026140616578049957,-4.085719954967499,0.029744755731371697,0.06421484053134918,0.05063902959227562,0.08974439650774002,1.0,0,0.0,0.0,0.0,0.0,0.0,0.0,0.0,0.0,0.0,0.0,0.0
557,4562944,1268.2540930388627,1231.583772818101,6.651597869997204,0.1659497829969041,27,17,0,10,0.6296296296296297,0.0,0.37037037037037035,0.005120920506305993,0.2871928822249174,0.031926075695082545,-4.0865908563137054,0.02120373166690115,0.06424009799957275,0.05100705847144127,0.08956071734428406,1.0,0,0.0,0.0,0.0,0.0,0.0,0.0,0.0,0.0,0.0,0.0,0.0
558,4571136,1268.1120171601685,1222.0523313063163,6.703477249000571,0.15656137100449996,26,18,0,8,0.6923076923076923,0.0,0.3076923076923077,0.005325939098838717,0.3322805630043149,0.03974463562481105,-4.0915812909603115,0.01765029350790428,0.06388889998197556,0.051041606813669205,0.08879359066486359,1.0,0,0.0,0.0,0.0,0.0,0.0,0.0,0.0,0.0,0.0,0.0,0.0
559,4579328,1267.9452258052804,1217.2496742570293,6.7299258100028965,0.20159677899937378,31,18,0,13,0.5806451612903226,0.0,0.41935483870967744,0.008124052209313958,0.260613164678216,0.0416093094740063,-4.098510438203812,0.021261296737066004,0.06396683305501938,0.051168277859687805,0.08898010104894638,1.0,0,0.0,0.0,0.0,0.0,0.0,0.0,0.0,0.0,0.0,0.0,0.0
560,4587520,1267.7275343109584,1183.0744940225875,6.92433151199657,0.1516692619989044,39,20,0,19,0.5128205128205128,0.0,0.48717948717948717,0.00568986424477771,0.27011113315820695,0.034034298500046134,-4.094636130332947,0.019677262274490202,0.0640832781791687,0.051126934587955475,0.08929838240146637,1.0,0,0.0,0.0,0.0,0.0,0.0,0.0,0.0,0.0,0.0,0.0,0.0
561,4595712,1267.5299430128132,1192.5353799324598,6.869397870999819,0.1477822179949726,37,18,0,19,0.4864864864864865,0.0,0.5135135135135135,0.007324759502080269,0.20518515538424253,0.02991788540966809,-4.090656363964081,0.031211036851163953,0.06411033123731613,0.051379114389419556,0.08923675864934921,1.0,0,0.0,0.0,0.0,0.0,0.0,0.0,0.0,0.0,0.0,0.0,0.0
562,4603904,1267.210242591788,1137.017658101556,7.204813347998424,0.1710389430008945,40,23,0,17,0.575,0.0,0.425,0.004423505411250517,0.32287210077047346,0.030207680212333797,-4.092478841543198,0.02513720565184485,0.06399884819984436,0.051350876688957214,0.08908595889806747,1.0,0,0.0,0.0,0.0,0.0,0.0,0.0,0.0,0.0,0.0,0.0,0.0
563,4612096,1266.960230644144,1166.666651832094,7.021714374997828,0.1581358490002458,46,36,0,10,0.782608695652174,0.0,0.21739130434782608,0.005921962420688942,0.5170262049883604,0.030168768437579273,-4.102885961532593,0.0269267358497018,0.06372161209583282,0.05091678351163864,0.08868537098169327,1.0,0,0.0,0.0,0.0,0.0,0.0,0.0,0.0,0.0,0.0,0.0,0.0
564,4620288,1266.7589760105514,1188.79681216177,6.891000981995603,0.15131562999886228,35,26,0,9,0.7428571428571429,0.0,0.2571428571428571,0.0063405498513020575,0.36099912524223327,0.03285745708271861,-4.115519571304321,0.023498409484454898,0.06344681978225708,0.05068834871053696,0.08841376006603241,1.0,0,0.0,0.0,0.0,0.0,0.0,0.0,0.0,0.0,0.0,0.0,0.0
565,4628480,1266.679615030067,1251.9601671892676,6.543339169002138,0.1495188800035976,29,22,0,7,0.7586206896551724,0.0,0.2413793103448276,0.008802360939444042,0.36698026545345785,0.03799727680161595,-4.130676823854446,0.0316375891372445,0.06304235756397247,0.05058007314801216,0.08756887167692184,1.0,0,0.0,0.0,0.0,0.0,0.0,0.0,0.0,0.0,0.0,0.0,0.0
566,4636672,1266.403036100673,1150.0536481631216,7.123145962003036,0.1376445989953936,31,18,0,13,0.5806451612903226,0.0,0.41935483870967744,0.007483781786868348,0.23175927046686412,0.04650148111395538,-4.142924278974533,0.02185284271108685,0.06285232305526733,0.05034102126955986,0.08728709071874619,1.0,0,0.0,0.0,0.0,0.0,0.0,0.0,0.0,0.0,0.0,0.0,0.0
567,4644864,1266.2601510386103,1220.317259641619,6.7130083880038,0.16530596599477576,31,15,0,16,0.4838709677419355,0.0,0.5161290322580645,0.005892139847856015,0.2042323775589466,0.03711404791101813,-4.152550452947617,0.021079417859436945,0.06266354769468307,0.049697231501340866,0.08719328790903091,1.0,0,0.0,0.0,0.0,0.0,0.0,0.0,0.0,0.0,0.0,0.0,0.0
568,4653056,1266.024317836811,1179.098659142421,6.947679853998125,0.19426294800359756,39,24,0,15,0.6153846153846154,0.0,0.38461538461538464,0.005530516893486492,0.3623642183840275,0.03511551339179277,-4.161054414510727,0.027436976514582056,0.06266777217388153,0.04948040097951889,0.08750056475400925,1.0,0,0.0,0.0,0.0,0.0,0.0,0.0,0.0,0.0,0.0,0.0,0.0
569,4661248,1265.7126376983115,1140.6255987802083,7.18202362699958,0.19130972000129987,46,26,0,20,0.5652173913043478,0.0,0.43478260869565216,0.004347756138304249,0.42495739869773386,0.034366485802456735,-4.16684530377388,0.02383132420363836,0.062420498579740524,0.04939347878098488,0.08719468116760254,1.0,0,0.0,0.0,0.0,0.0,0.0,0.0,0.0,0.0,0.0,0.0,0.0
570,4669440,1265.4753260859454,1172.8902109973421,6.984455939003965,0.17620715099474182,40,25,0,15,0.625,0.0,0.375,0.00665419566212222,0.37020172402262685,0.029924301989376546,-4.1769824624061584,0.026143405823677312,0.062235575169324875,0.0492672435939312,0.08681397885084152,1.0,0,0.0,0.0,0.0,0.0,0.0,0.0,0.0,0.0,0.0,0.0,0.0
571,4677632,1265.1642180827948,1134.7506826566928,7.219206936999399,0.1598060680044,45,37,0,8,0.8222222222222222,0.0,0.17777777777777778,0.004919819964561612,0.517862381786108,0.03805719914380461,-4.186365139484406,0.021793701095157304,0.062073927372694016,0.049006566405296326,0.08660321682691574,1.0,0,0.0,0.0,0.0,0.0,0.0,0.0,0.0,0.0,0.0,0.0,0.0
572,4685824,1264.9982642456534,1203.3194783467552,6.807834617000481,0.1498122390039498,34,25,0,9,0.7352941176470589,0.0,0.2647058823529412,0.005336550821084529,0.36073305308818815,0.03249522568657994,-4.191327667236328,0.020018981413159054,0.06196145340800285,0.048718471080064774,0.08645371347665787,1.0,0,0.0,0.0,0.0,0.0,0.0,0.0,0.0,0.0,0.0,0.0,0.0
573,4694016,1264.7221137902975,1153.7183590295472,7.100519755003916,0.18205172000307357,38,32,0,6,0.8421052631578947,0.0,0.15789473684210525,0.006752843206049875,0.469095965474844,0.03367879707366228,-4.201885896921158,0.022012367204297334,0.06170859932899475,0.048291996121406555,0.08623429387807846,1.0,0,0.0,0.0,0.0,0.0,0.0,0.0,0.0,0.0,0.0,0.0,0.0
574,4702208,1264.4034663057596,1141.1596174590877,7.178662717000407,0.23003322800650494,32,21,0,11,0.65625,0.0,0.34375,0.0034811763965990395,0.19780805483460426,0.03604956762865186,-4.213543343544006,0.01779747676628176,0.06153016537427902,0.04803277179598808,0.08606957644224167,1.0,0,0.0,0.0,0.0,0.0,0.0,0.0,0.0,0.0,0.0,0.0,0.0
575,4710400,1264.232075191669,1201.0002207217142,6.82098126100027,0.15914830700057792,34,22,0,12,0.6470588235294118,0.0,0.35294117647058826,0.0056543953833170235,0.266424267552793,0.03145244154147804,-4.220567131042481,0.018836680104141124,0.06145181506872177,0.04807017743587494,0.08593549579381943,1.0,0,0.0,0.0,0.0,0.0,0.0,0.0,0.0,0.0,0.0,0.0,0.0
576,4718592,1263.9996472363903,1173.536537067406,6.980609245001688,0.18241331099852687,49,39,0,10,0.7959183673469388,0.0,0.20408163265306123,0.007971178807201796,0.47160431034862993,0.028464849363081156,-4.228649020195007,0.032427738298429175,0.06119911000132561,0.04779680445790291,0.08586989343166351,1.0,0,0.0,0.0,0.0,0.0,0.0,0.0,0.0,0.0,0.0,0.0,0.0
577,4726784,1263.8331798256709,1199.666514675985,6.82856435499707,0.14039923500240548,37,24,0,13,0.6486486486486487,0.0,0.35135135135135137,0.002210791892139241,0.2544639326632023,0.027998924045823513,-4.242781233787537,0.020476300572045147,0.06095486134290695,0.04760575294494629,0.08527515828609467,1.0,0,0.0,0.0,0.0,0.0,0.0,0.0,0.0,0.0,0.0,0.0,0.0
578,4734976,1263.6586037378581,1195.1092124962029,6.854603674997634,0.14153875700139906,40,32,0,8,0.8,0.0,0.2,0.005441576306475326,0.44159199073910715,0.02951935548335314,-4.255057108402252,0.02573790928145172,0.06055527552962303,0.047268614172935486,0.08468100428581238,1.0,0,0.0,0.0,0.0,0.0,0.0,0.0,0.0,0.0,0.0,0.0,0.0
579,4743168,1263.3765869268843,1145.2296299881025,7.1531505870007095,0.1640257940016454,42,34,0,8,0.8095238095238095,0.0,0.19047619047619047,0.010725759185152128,0.28589960318058727,0.029736359557136893,-4.276000559329987,0.03962210397876333,0.06019676849246025,0.046825673431158066,0.08431634306907654,1.0,0,0.0,0.0,0.0,0.0,0.0,0.0,0.0,0.0,0.0,0.0,0.0
580,4751360,1263.1449601234056,1173.070820368275,6.983380591998866,0.18659677400137298,35,29,0,6,0.8285714285714286,0.0,0.17142857142857143,0.002413166785845533,0.30843895617872474,0.02977708983235061,-4.2868147671222685,0.02972931747790426,0.06011059880256653,0.046597935259342194,0.08404088765382767,1.0,0,0.0,0.0,0.0,0.0,0.0,0.0,0.0,0.0,0.0,0.0,0.0
581,4759552,1262.9202457872007,1170.889214841196,6.9963920549998875,0.1558626580008422,45,37,0,8,0.8222222222222222,0.0,0.17777777777777778,0.005237711154040881,0.36598684154450895,0.027497974457219243,-4.289511245489121,0.024739609533571637,0.060036785900592804,0.04659226909279823,0.08386490494012833,1.0,0,0.0,0.0,0.0,0.0,0.0,0.0,0.0,0.0,0.0,0.0,0.0
582,4767744,1262.6318604982373,1137.4002236191127,7.202390002996253,0.14268062200426357,46,37,0,9,0.8043478260869565,0.0,0.1956521739130435,0.003078768218983896,0.30644430592656136,0.026888863136991858,-4.28831747174263,0.023748957198404242,0.06015021726489067,0.04668600857257843,0.08394628018140793,1.0,0,0.0,0.0,0.0,0.0,0.0,0.0,0.0,0.0,0.0,0.0,0.0
583,4775936,1262.4562327615874,1195.868729872198,6.850250194998807,0.1606745469980524,27,24,0,3,0.8888888888888888,0.0,0.1111111111111111,0.0061533870873972775,0.31344575714319944,0.02768232545349747,-4.283913308382035,0.026510095327103043,0.06016344949603081,0.046695612370967865,0.08406130969524384,1.0,0,0.0,0.0,0.0,0.0,0.0,0.0,0.0,0.0,0.0,0.0,0.0
584,4784128,1262.1972858470613,1154.776957141047,7.094010622000496,0.16869996299647028,39,31,0,8,0.7948717948717948,0.0,0.20512820512820512,0.0019690139626618473,0.2841342264786363,0.029742753086611628,-4.2867242872714995,0.019743200737866572,0.06003119796514511,0.04661384969949722,0.08371565490961075,1.0,0,0.0,0.0,0.0,0.0,0.0,0.0,0.0,0.0,0.0,0.0,0.0
585,4792320,1262.0627861464257,1217.25595015811,6.729891112001496,0.16125532799924258,34,28,0,6,0.8235294117647058,0.0,0.17647058823529413,0.007765682844910771,0.2499282354488969,0.031874017068184914,-4.290951716899872,0.030412607165635562,0.06001407653093338,0.046606410294771194,0.08375227451324463,1.0,0,0.0,0.0,0.0,0.0,0.0,0.0,0.0,0.0,0.0,0.0,0.0
586,4800512,1261.979012947698,1240.2905270934793,6.604904110005009,0.13528530699841212,27,17,0,10,0.6296296296296297,0.0,0.37037037037037035,0.009165096143260599,0.22236074656248092,0.037048064591363075,-4.2998074173927305,0.022589135174348483,0.059590574353933334,0.04632796347141266,0.08285488933324814,1.0,0,0.0,0.0,0.0,0.0,0.0,0.0,0.0,0.0,0.0,0.0,0.0
587,4808704,1261.841402727771,1217.598926730264,6.72799541799759,0.175854856002843,35,20,0,15,0.5714285714285714,0.0,0.42857142857142855,0.0073854399932315575,0.23014437314122915,0.0403464313596487,-4.306533163785934,0.021898744262580296,0.059818364679813385,0.046091478317976,0.083549365401268,1.0,0,0.0,0.0,0.0,0.0,0.0,0.0,0.0,0.0,0.0,0.0,0.0
588,4816896,1261.7598161791893,1243.3605315976906,6.588595819004695,0.14704087600694038,29,14,0,15,0.4827586206896552,0.0,0.5172413793103449,0.0069290404208004475,0.21736476011574268,0.03697477038949728,-4.303881573677063,0.018814422661671416,0.05972481891512871,0.04614909365773201,0.08339973539113998,1.0,0,0.0,0.0,0.0,0.0,0.0,0.0,0.0,0.0,0.0,0.0,0.0
589,4825088,1261.697413367653,1256.011426770715,6.522233655996388,0.15606816199579043,22,12,0,10,0.5454545454545454,0.0,0.45454545454545453,0.00479416151647456,0.1997890405356884,0.0426908572204411,-4.312893497943878,0.01827384950593114,0.05956002324819565,0.045747242867946625,0.08342929184436798,1.0,0,0.0,0.0,0.0,0.0,0.0,0.0,0.0,0.0,0.0,0.0,0.0
590,4833280,1261.5994953325003,1234.924417656593,6.633604358998127,0.150570844001777,30,14,0,16,0.4666666666666667,0.0,0.5333333333333333,0.004741164232837036,0.22805147096514702,0.04952121702954173,-4.319331300258637,0.02181627331447089,0.0595172643661499,0.045434750616550446,0.08326636254787445,1.0,0,0.0,0.0,0.0,0.0,0.0,0.0,0.0,0.0,0.0,0.0,0.0
591,4841472,1261.4053716250337,1181.3605275718019,6.934377616998972,0.14353449500049464,29,8,0,21,0.27586206896551724,0.0,0.7241379310344828,0.006727167029748671,0.1528758153319359,0.05186671828851104,-4.314541530609131,0.023377432629058604,0.05967657268047333,0.04560014605522156,0.08316297829151154,1.0,0,0.0,0.0,0.0,0.0,0.0,0.0,0.0,0.0,0.0,0.0,0.0
592,4849664,1261.325036411211,1242.7074347285702,6.592058412999904,0.14165380099439062,25,6,0,19,0.24,0.0,0.76,0.005250330927083269,0.1844778205268085,0.04969868939369917,-4.302930080890656,0.026661037851590665,0.05991506204009056,0.04567789286375046,0.08361683785915375,1.0,0,0.0,0.0,0.0,0.0,0.0,0.0,0.0,0.0,0.0,0.0,0.0
593,4857856,1261.168567999828,1198.0394054711583,6.83783852399938,0.13166049499704968,32,11,0,21,0.34375,0.0,0.65625,0.0036306013527791945,0.1856717021204531,0.04556881301105022,-4.294389808177948,0.019908186087559444,0.060004185885190964,0.04546448215842247,0.08373475819826126,1.0,0,0.0,0.0,0.0,0.0,0.0,0.0,0.0,0.0,0.0,0.0,0.0
594,4866048,1261.0948691830852,1250.0123469623113,6.553535266997642,0.1644553910009563,25,10,0,15,0.4,0.0,0.6,0.0027806505793705584,0.19523067846894265,0.040840463060885665,-4.293431931734085,0.021851660079846624,0.060073062777519226,0.045263152569532394,0.08396279811859131,1.0,0,0.0,0.0,0.0,0.0,0.0,0.0,0.0,0.0,0.0,0.0,0.0
595,4874240,1261.036050482893,1254.3914882050553,6.530656558999908,0.14225453900144203,25,9,0,16,0.36,0.0,0.64,0.006188305641990155,0.16023129876703024,0.042319046426564456,-4.2905268907547,0.023775447638763582,0.060211531817913055,0.045122452080249786,0.0847630575299263,1.0,0,0.0,0.0,0.0,0.0,0.0,0.0,0.0,0.0,0.0,0.0,0.0
596,4882432,1260.920927082756,1225.1735797469594,6.686399490994518,0.16012777900323272,32,9,0,23,0.28125,0.0,0.71875,0.004496703197946772,0.21629384364932774,0.04096766854636371,-4.296229422092438,0.02233101768506458,0.05995641276240349,0.04488462954759598,0.0842498317360878,1.0,0,0.0,0.0,0.0,0.0,0.0,0.0,0.0,0.0,0.0,0.0,0.0
597,4890624,1260.8441249861394,1244.3854042991086,6.583169467994594,0.14688672999909613,28,12,0,16,0.42857142857142855,0.0,0.5714285714285714,0.004694707517046481,0.18726729014888405,0.03957519088871777,-4.298843640089035,0.021035376425425058,0.06001235172152519,0.0450572744011879,0.084022156894207,1.0,0,0.0,0.0,0.0,0.0,0.0,0.0,0.0,0.0,0.0,0.0,0.0
598,4898816,1260.731866303727,1230.546545475777,6.657204499999352,0.1824974090050091,31,11,0,20,0.3548387096774194,0.0,0.6451612903225806,0.006816772546153515,0.20640962552279235,0.03953265971504152,-4.30114506483078,0.03238538524019532,0.0597752146422863,0.04474974051117897,0.08333086222410202,1.0,0,0.0,0.0,0.0,0.0,0.0,0.0,0.0,0.0,0.0,0.0,0.0
599,4907008,1260.6199294022022,1225.235462533003,6.686061782005709,0.15405841499887174,30,11,0,19,0.36666666666666664,0.0,0.6333333333333333,0.00911324139451608,0.18534046718850733,0.03536375821568072,-4.304947930574417,0.034591957554221155,0.059841595590114594,0.044250644743442535,0.08359666168689728,1.0,0,0.0,0.0,0.0,0.0,0.0,0.0,0.0,0.0,0.0,0.0,0.0
600,4915200,1260.3909385566924,1161.645958035617,7.052062586997636,0.14441576600074768,37,21,0,16,0.5675675675675675,0.0,0.43243243243243246,0.005639103712746873,0.3166565975174308,0.03193054920993745,-4.303430968523026,0.025779866214725188,0.05999118834733963,0.04394024610519409,0.08416029065847397,1.0,0,0.0,0.0,0.0,0.0,0.0,0.0,0.0,0.0,0.0,0.0,0.0
601,4923392,1260.2662941229635,1216.4612939932163,6.73428742899705,0.14838744699954987,29,13,0,16,0.4482758620689655,0.0,0.5517241379310345,0.005453236511675641,0.12177529511973262,0.0289614301873371,-4.3079911291599275,0.029852941835997626,0.059703290462493896,0.043939147144556046,0.0835416316986084,1.0,0,0.0,0.0,0.0,0.0,0.0,0.0,0.0,0.0,0.0,0.0,0.0
602,4931584,1260.1929731292078,1251.60458492277,6.5451981389996945,0.17950023099547252,29,13,0,16,0.4482758620689655,0.0,0.5517241379310345,0.0023291015648283066,0.1707572715356946,0.031019653496332466,-4.324713915586472,0.02320598835940473,0.05922473594546318,0.04382900148630142,0.08272013813257217,1.0,0,0.0,0.0,0.0,0.0,0.0,0.0,0.0,0.0,0.0,0.0,0.0
603,4939776,1260.0342321177882,1199.1688557734408,6.831398230999184,0.15968504999909783,34,17,0,17,0.5,0.0,0.5,0.0013277901103720068,0.2569881217554212,0.028913013846613468,-4.341305750608444,0.02191102107462939,0.0590733103454113,0.04352154955267906,0.08233623951673508,1.0,0,0.0,0.0,0.0,0.0,0.0,0.0,0.0,0.0,0.0,0.0,0.0
604,4947968,1259.9673857937773,1249.8615475484773,6.554325969998899,0.15226778899523197,28,16,0,12,0.5714285714285714,0.0,0.42857142857142855,-0.00015750542224850505,0.21687574926763772,0.028929102583788335,-4.353385215997696,0.02007507257803809,0.05861445516347885,0.04326764866709709,0.08165853470563889,1.0,0,0.0,0.0,0.0,0.0,0.0,0.0,0.0,0.0,0.0,0.0,0.0
605,4956160,1259.8659850086233,1227.468509855559,6.67389829899912,0.14108732300519478,37,23,0,14,0.6216216216216216,0.0,0.3783783783783784,0.007114147499669344,0.36594003699719907,0.028478122944943608,-4.368295991420746,0.024281275903922504,0.05857434868812561,0.04329235851764679,0.08169440180063248,1.0,0,0.0,0.0,0.0,0.0,0.0,0.0,0.0,0.0,0.0,0.0,0.0
606,4964352,1259.7587887818604,1230.9102188114985,6.65523762399971,0.17775251000421122,36,19,0,17,0.5277777777777778,0.0,0.4722222222222222,0.006386661989381537,0.25771639179438355,0.02732232054695487,-4.374987173080444,0.03202780648280168,0.058296557515859604,0.043217286467552185,0.081125907599926,1.0,0,0.0,0.0,0.0,0.0,0.0,0.0,0.0,0.0,0.0,0.0,0.0
607,4972544,1259.6105502028881,1200.7538655228777,6.822380702004011,0.1418531909948797,40,25,0,15,0.625,0.0,0.375,0.004472193209221586,0.21707193655893206,0.026010751607827842,-4.383076775074005,0.024351163377286867,0.05827518552541733,0.04302437603473663,0.08105254173278809,1.0,0,0.0,0.0,0.0,0.0,0.0,0.0,0.0,0.0,0.0,0.0,0.0
608,4980736,1259.4964372320774,1218.0306785274688,6.725610565001261,0.1332839460010291,38,28,0,10,0.7368421052631579,0.0,0.2631578947368421,0.002021342149237171,0.323633823543787,0.026581089245155454,-4.385891944169998,0.020335623956634664,0.05816676467657089,0.04302132874727249,0.08126624673604965,1.0,0,0.0,0.0,0.0,0.0,0.0,0.0,0.0,0.0,0.0,0.0,0.0
609,4988928,1259.2772882584256,1161.425952776175,7.053398436997668,0.1368174800009001,40,30,0,10,0.75,0.0,0.25,0.007467853365233168,0.28726539518684147,0.023760116682387887,-4.3919468224048615,0.03076161582575878,0.05821922421455383,0.042899224907159805,0.08160354942083359,1.0,0,0.0,0.0,0.0,0.0,0.0,0.0,0.0,0.0,0.0,0.0,0.0
610,4997120,1259.03552243936,1154.6741934072006,7.094641975003469,0.16964218100474682,44,39,0,5,0.8863636363636364,0.0,0.11363636363636363,0.003352423495380208,0.43665973395109176,0.02282347094733268,-4.393621397018433,0.02476044959475985,0.058136358857154846,0.04245845228433609,0.08159339427947998,1.0,0,0.0,0.0,0.0,0.0,0.0,0.0,0.0,0.0,0.0,0.0,0.0
611,5005312,1258.8453444088336,1177.290439013987,6.958350911998423,0.1456638009985909,41,31,0,10,0.7560975609756098,0.0,0.24390243902439024,0.004097541584633291,0.27416258547455075,0.023773768870159983,-4.397350323200226,0.021197810412559193,0.05809846520423889,0.042591847479343414,0.08136818557977676,1.0,0,0.0,0.0,0.0,0.0,0.0,0.0,0.0,0.0,0.0,0.0,0.0
612,5013504,1258.6026318243887,1149.948508086921,7.123797232998186,0.148695128998952,41,37,0,4,0.9024390243902439,0.0,0.0975609756097561,0.006861549222958274,0.20923602636903524,0.025680279824882746,-4.403937512636185,0.031088286919111852,0.05789928883314133,0.04232974350452423,0.08125708252191544,1.0,0,0.0,0.0,0.0,0.0,0.0,0.0,0.0,0.0,0.0,0.0,0.0
613,5021696,1258.4408298307699,1190.6786270213174,6.880110060003062,0.13876580000214744,41,36,0,5,0.8780487804878049,0.0,0.12195121951219512,0.002894984418526292,0.26511734277009963,0.0251091250218451,-4.416992282867431,0.023014527758641636,0.057591330260038376,0.04218108579516411,0.0810341089963913,1.0,0,0.0,0.0,0.0,0.0,0.0,0.0,0.0,0.0,0.0,0.0,0.0
614,5029888,1258.1510419286587,1127.7349046838342,7.264118514001893,0.16307474100176478,53,50,0,3,0.9433962264150944,0.0,0.05660377358490566,0.007358109264168888,0.38416455425322055,0.021203859033994375,-4.433849042654037,0.0316216769933817,0.05734756588935852,0.04217028617858887,0.08060866594314575,1.0,0,0.0,0.0,0.0,0.0,0.0,0.0,0.0,0.0,0.0,0.0,0.0
615,5038080,1258.004364195109,1201.0443145412037,6.820730842999183,0.15420660199742997,40,39,0,1,0.975,0.0,0.025,0.005056999123189599,0.26535566449165343,0.02645117766223848,-4.437998026609421,0.024957598400942516,0.05733209475874901,0.0420226976275444,0.08039960265159607,1.0,0,0.0,0.0,0.0,0.0,0.0,0.0,0.0,0.0,0.0,0.0,0.0
616,5046272,1257.7340131466242,1132.976869019506,7.230509487002564,0.14064235100522637,43,39,0,5,0.9069767441860465,0.0,0.11627906976744186,0.0025996946496888995,0.2866136061027646,0.0386636849027127,-4.443780243396759,0.021059228177182376,0.057099711149930954,0.042058221995830536,0.0800739973783493,1.0,0,0.0,0.0,0.0,0.0,0.0,0.0,0.0,0.0,0.0,0.0,0.0
617,5054464,1257.4507914927183,1127.9079734697684,7.263003890999244,0.15251587700186064,47,45,0,2,0.9574468085106383,0.0,0.0425531914893617,0.0036118054704274982,0.38635290153324603,0.034371866309083995,-4.457042157649994,0.01950241483282298,0.05672867223620415,0.04186641052365303,0.07934992015361786,1.0,0,0.0,0.0,0.0,0.0,0.0,0.0,0.0,0.0,0.0,0.0,0.0
618,5062656,1257.290848410482,1194.9794180246604,6.855348197997955,0.1638057900054264,34,29,0,5,0.8529411764705882,0.0,0.14705882352941177,0.005766511947149411,0.32333948481827973,0.03701215549372137,-4.483172261714936,0.02061918166145915,0.0561942420899868,0.041557811200618744,0.0786137729883194,1.0,0,0.0,0.0,0.0,0.0,0.0,0.0,0.0,0.0,0.0,0.0,0.0
619,5070848,1257.1026302576072,1176.5680160149227,6.962623400002485,0.15341885200177785,37,32,0,5,0.8648648648648649,0.0,0.13513513513513514,0.0037618470087181777,0.3761784352362156,0.03957203314639628,-4.501463544368744,0.015028381464071571,0.055961571633815765,0.04136669635772705,0.07845018804073334,1.0,0,0.0,0.0,0.0,0.0,0.0,0.0,0.0,0.0,0.0,0.0,0.0
620,5079040,1256.8794047010265,1159.324735644415,7.066182362999825,0.15775482900062343,37,27,0,10,0.7297297297297297,0.0,0.2702702702702703,0.00591290490119718,0.27990647293627263,0.055753098661080004,-4.510451334714889,0.019590351184888277,0.05595892667770386,0.04122112691402435,0.07863855361938477,1.0,0,0.0,0.0,0.0,0.0,0.0,0.0,0.0,0.0,0.0,0.0,0.0
621,5087232,1256.765381775451,1217.1748728826337,6.730339396999625,0.1484563770063687,31,20,0,11,0.6451612903225806,0.0,0.3548387096774194,0.004505757571314462,0.26281478330492974,0.039394929772242904,-4.520533686876297,0.01797632722882554,0.055653687566518784,0.04081845283508301,0.07846388220787048,1.0,0,0.0,0.0,0.0,0.0,0.0,0.0,0.0,0.0,0.0,0.0,0.0
622,5095424,1256.5132748365252,1143.6475232766384,7.163046159999794,0.16502525100077037,42,25,0,17,0.5952380952380952,0.0,0.40476190476190477,0.0082953798933886,0.28354519680142404,0.04746455643326044,-4.533208727836609,0.03182257586304331,0.055574607104063034,0.04064704477787018,0.07858982682228088,1.0,0,0.0,0.0,0.0,0.0,0.0,0.0,0.0,0.0,0.0,0.0,0.0
623,5103616,1256.2686770883986,1148.6359967386084,7.131937378995644,0.1751152379947598,47,30,0,17,0.6382978723404256,0.0,0.3617021276595745,0.004645638520014472,0.24556020740419626,0.03132909615524113,-4.545597642660141,0.022045465547125786,0.05532332882285118,0.040445104241371155,0.07865758240222931,1.0,0,0.0,0.0,0.0,0.0,0.0,0.0,0.0,0.0,0.0,0.0,0.0
624,5111808,1256.0753715912826,1171.7416127811105,6.991302442998858,0.1526105329976417,44,35,0,9,0.7954545454545454,0.0,0.20454545454545456,0.006443775777006522,0.2739296149462461,0.026741496892645954,-4.556577318906784,0.02635497390147066,0.05529887601733208,0.04036261886358261,0.07888705283403397,1.0,0,0.0,0.0,0.0,0.0,0.0,0.0,0.0,0.0,0.0,0.0,0.0
625,5120000,1255.9022738391006,1182.1203839970335,6.929920260998188,0.15060137099499116,32,27,0,5,0.84375,0.0,0.15625,0.009323389909695834,0.2556776009500027,0.03090075550135225,-4.559134399890899,0.025130525800341273,0.05526019632816315,0.04037667065858841,0.07874555140733719,1.0,0,0.0,0.0,0.0,0.0,0.0,0.0,0.0,0.0,0.0,0.0,0.0
626,5128192,1255.6189929561885,1125.3458953649506,7.279539591996581,0.1601604870011215,49,38,0,11,0.7755102040816326,0.0,0.22448979591836735,0.009464363229926675,0.3248432155698538,0.03868344640359282,-4.560310959815979,0.02924714302062057,0.0552108995616436,0.04017457365989685,0.07881839573383331,1.0,0,0.0,0.0,0.0,0.0,0.0,0.0,0.0,0.0,0.0,0.0,0.0
627,5136384,1255.4827273594074,1210.4918493265275,6.7674970340012806,0.19708171299862443,34,27,0,7,0.7941176470588235,0.0,0.20588235294117646,0.005491800350137055,0.30164170954376457,0.03277453223709017,-4.56339675784111,0.021581106515077407,0.05527123063802719,0.03985242545604706,0.07908844202756882,1.0,0,0.0,0.0,0.0,0.0,0.0,0.0,0.0,0.0,0.0,0.0,0.0
628,5144576,1255.3941766117239,1239.2273150358617,6.610570878001454,0.20040045399946393,27,20,0,7,0.7407407407407407,0.0,0.25925925925925924,0.0071994180616457015,0.31310039162635805,0.04143531513400376,-4.5681298792362215,0.02009384330594912,0.055125944316387177,0.03966587781906128,0.07894472032785416,1.0,0,0.0,0.0,0.0,0.0,0.0,0.0,0.0,0.0,0.0,0.0,0.0
629,5152768,1255.3336229500003,1244.6371826431118,6.581837755002198,0.13565991500217933,26,16,0,10,0.6153846153846154,0.0,0.38461538461538464,0.007583069242537021,0.37346050925552843,0.04753898242488504,-4.572892725467682,0.02171305778610986,0.05510757863521576,0.03965640440583229,0.07902957499027252,1.0,0,0.0,0.0,0.0,0.0,0.0,0.0,0.0,0.0,0.0,0.0,0.0
630,5160960,1255.2951421845792,1270.8154931680015,6.446254427995882,0.20265646200277843,25,12,0,13,0.48,0.0,0.52,0.005933421733789146,0.22082756292074918,0.05220455131493509,-4.574396151304245,0.01667359434795799,0.0550994835793972,0.039437487721443176,0.0793682336807251,1.0,0,0.0,0.0,0.0,0.0,0.0,0.0,0.0,0.0,0.0,0.0,0.0
631,5169152,1255.2265335231157,1241.8255051153576,6.596740013999806,0.15126428399526048,29,12,0,17,0.41379310344827586,0.0,0.5862068965517241,0.007196144017507322,0.21885750629007816,0.04695830065757036,-4.583945602178574,0.02777575262443861,0.054913800209760666,0.039259206503629684,0.07913244515657425,1.0,0,0.0,0.0,0.0,0.0,0.0,0.0,0.0,0.0,0.0,0.0,0.0
632,5177344,1255.0011463432784,1156.0824643248625,7.085999703995185,0.17748992500128224,45,21,0,24,0.4666666666666667,0.0,0.5333333333333333,0.004329448923817836,0.27260090578347446,0.03345453562214971,-4.589172202348709,0.024754095304524527,0.05481642484664917,0.039255909621715546,0.07864076644182205,1.0,0,0.0,0.0,0.0,0.0,0.0,0.0,0.0,0.0,0.0,0.0,0.0
633,5185536,1254.8338615405205,1180.2491535612169,6.9409073290007655,0.13375935600197408,38,21,0,17,0.5526315789473685,0.0,0.4473684210526316,0.011509452608879655,0.31095995046198366,0.028056066669523715,-4.591677975654602,0.03405443603987805,0.05481678247451782,0.039164211601018906,0.07876013964414597,1.0,0,0.0,0.0,0.0,0.0,0.0,0.0,0.0,0.0,0.0,0.0,0.0
634,5193728,1254.6117932198233,1151.4430488681205,7.114550744001463,0.14347497800190467,37,23,0,14,0.6216216216216216,0.0,0.3783783783783784,0.011261331121204421,0.23073911257088184,0.028279462596401572,-4.59491137266159,0.029150609640055336,0.054749518632888794,0.0390952043235302,0.07901116460561752,1.0,0,0.0,0.0,0.0,0.0,0.0,0.0,0.0,0.0,0.0,0.0,0.0
635,5201920,1254.5420958111602,1239.8563585738038,6.607216991993482,0.14732696599821793,30,23,0,7,0.7666666666666667,0.0,0.23333333333333334,0.003670702874660492,0.3329470695927739,0.031740282848477366,-4.603236949443817,0.018891864102624823,0.05460238456726074,0.03926165774464607,0.07901537418365479,1.0,0,0.0,0.0,0.0,0.0,0.0,0.0,0.0,0.0,0.0,0.0,0.0
636,5210112,1254.4132748889763,1206.6684494429412,6.788940245998674,0.1573201049977797,31,22,0,9,0.7096774193548387,0.0,0.2903225806451613,0.009701493271859363,0.3823192935436964,0.03691563382744789,-4.614271354675293,0.026263110226136633,0.05439601466059685,0.03906422480940819,0.07869603484869003,1.0,0,0.0,0.0,0.0,0.0,0.0,0.0,0.0,0.0,0.0,0.0,0.0
637,5218304,1254.314932314252,1226.1562199562889,6.681041017996904,0.17196956400584895,24,11,0,13,0.4583333333333333,0.0,0.5416666666666666,0.006089404923841357,0.19146782355383038,0.03973519830033183,-4.619132173061371,0.018480786807776893,0.05449437350034714,0.039272114634513855,0.07912388443946838,1.0,0,0.0,0.0,0.0,0.0,0.0,0.0,0.0,0.0,0.0,0.0,0.0
638,5226496,1254.261831051969,1258.6200147326026,6.508715818999917,0.19585735200234922,22,7,0,15,0.3181818181818182,0.0,0.6818181818181818,0.003922775480896234,0.12130888467654585,0.0370444665197283,-4.62293381690979,0.01592267471278319,0.054341983050107956,0.038795679807662964,0.07927832752466202,1.0,0,0.0,0.0,0.0,0.0,0.0,0.0,0.0,0.0,0.0,0.0,0.0
639,5234688,1254.1137628249382,1191.7166193235037,6.8741174429960665,0.14673169400339248,36,17,0,19,0.4722222222222222,0.0,0.5277777777777778,0.00782790849916637,0.2140658177435398,0.034767324291169646,-4.629689890146255,0.0308410400946741,0.05435773730278015,0.03880353644490242,0.07930713891983032,1.0,0,0.0,0.0,0.0,0.0,0.0,0.0,0.0,0.0,0.0,0.0,0.0
640,5242880,1253.8984471262738,1160.4877929395147,7.059100534999743,0.18715974299993832,42,21,0,22,0.5,0.0,0.5238095238095238,0.008584457595134154,0.3487201288342476,0.03240880339872092,-4.629159361124039,0.035119165394280574,0.05437011644244194,0.03862849250435829,0.07960157096385956,1.0,0,0.0,0.0,0.0,0.0,0.0,0.0,0.0,0.0,0.0,0.0,0.0
641,5251072,1253.7235290726917,1175.122682252586,6.9711870289975195,0.14318011599971214,41,26,0,15,0.6341463414634146,0.0,0.36585365853658536,0.0036333622760139407,0.36603477895259856,0.02774632356595248,-4.627463161945343,0.023821946201496757,0.05454244837164879,0.03893532231450081,0.07991074025630951,1.0,0,0.0,0.0,0.0,0.0,0.0,0.0,0.0,0.0,0.0,0.0,0.0
642,5259264,1253.6244942628348,1219.3996392181648,6.7180600490028155,0.14443272999778856,35,18,0,17,0.5142857142857142,0.0,0.4857142857142857,0.009203263200470246,0.24165752585977315,0.02884848981630057,-4.623547089099884,0.031213890224171335,0.05446507781744003,0.03887094184756279,0.07969553768634796,1.0,0,0.0,0.0,0.0,0.0,0.0,0.0,0.0,0.0,0.0,0.0,0.0
643,5267456,1253.4748718886,1194.9384439147009,6.855583265998575,0.17769950500223786,37,28,0,9,0.7567567567567568,0.0,0.24324324324324326,0.0002853239420801401,0.3642603427171707,0.02617801590822637,-4.63026562333107,0.025528499210486187,0.05439048632979393,0.038811758160591125,0.0800023078918457,1.0,0,0.0,0.0,0.0,0.0,0.0,0.0,0.0,0.0,0.0,0.0,0.0
644,5275648,1253.3826658368027,1222.3533793569973,6.70182627900067,0.14020384500327054,30,25,0,5,0.8333333333333334,0.0,0.16666666666666666,0.006784246140159667,0.23180377800017596,0.02704971716739237,-4.640078860521316,0.022758054768200964,0.05412822216749191,0.03874301165342331,0.07949132472276688,1.0,0,0.0,0.0,0.0,0.0,0.0,0.0,0.0,0.0,0.0,0.0,0.0
645,5283840,1252.995468878247,1063.344089526831,7.703997304997756,0.13164169499941636,56,47,0,9,0.8392857142857143,0.0,0.16071428571428573,0.01102713073778432,0.48005094677209853,0.024319307575933636,-4.646676343679428,0.037385977747908326,0.054190438240766525,0.03853278607130051,0.0799187496304512,1.0,0,0.0,0.0,0.0,0.0,0.0,0.0,0.0,0.0,0.0,0.0,0.0
646,5292032,1252.7114002108228,1121.8732782324157,7.302072487997066,0.1906720699989819,42,40,0,2,0.9523809523809523,0.0,0.047619047619047616,0.005192369554424659,0.196395505592227,0.027039722236804665,-4.652298098802566,0.03249806776730111,0.05412399396300316,0.038221873342990875,0.0801500752568245,1.0,0,0.0,0.0,0.0,0.0,0.0,0.0,0.0,0.0,0.0,0.0,0.0
647,5300224,1252.5085074990918,1158.784952744195,7.069473918003496,0.15227664400299545,40,34,0,6,0.85,0.0,0.15,0.009527937934035436,0.2065451316535473,0.02721593587193638,-4.6582367539405825,0.029620782723941374,0.053901344537734985,0.038320209830999374,0.07952337712049484,1.0,0,0.0,0.0,0.0,0.0,0.0,0.0,0.0,0.0,0.0,0.0,0.0
648,5308416,1252.31674944111,1172.4985273745617,6.986789158996544,0.1996198220003862,38,36,0,2,0.9473684210526315,0.0,0.05263157894736842,0.0010528380662435666,0.17745494954288005,0.025105015630833803,-4.673039776086807,0.02690891218080651,0.05364661663770676,0.03800546005368233,0.07926904410123825,1.0,0,0.0,0.0,0.0,0.0,0.0,0.0,0.0,0.0,0.0,0.0,0.0
649,5316608,1252.0346950341864,1113.8064488441437,7.3549583130006795,0.1392777159999241,55,55,0,0,1.0,0.0,0.0,0.004437618877273053,0.25459539238363504,0.023386881011538206,-4.677013242244721,0.02966363241430372,0.05369659513235092,0.03825104981660843,0.07908813655376434,1.0,0,0.0,0.0,0.0,0.0,0.0,0.0,0.0,0.0,0.0,0.0,0.0
650,5324800,1251.8294312401397,1157.1883085308725,7.07922810799937,0.15794426500360714,43,43,0,1,1.0,0.0,0.023255813953488372,0.006436416515498422,0.2567198170349002,0.02452601061668247,-4.671581208705902,0.03399491699383361,0.053729843348264694,0.038303494453430176,0.07908894866704941,1.0,0,0.0,0.0,0.0,0.0,0.0,0.0,0.0,0.0,0.0,0.0,0.0
651,5332992,1251.6610728905412,1176.0670949706948,6.965588983002817,0.14820055200107163,38,36,0,2,0.9473684210526315,0.0,0.05263157894736842,0.007847535947803408,0.24052780978381633,0.03057731061708182,-4.669127589464187,0.02565491043351358,0.05378749966621399,0.038351185619831085,0.07914863526821136,1.0,0,0.0,0.0,0.0,0.0,0.0,0.0,0.0,0.0,0.0,0.0,0.0
652,5341184,1251.4752067370944,1169.23328189734,7.006300732995442,0.16919825800141552,47,43,0,4,0.9148936170212766,0.0,0.0851063829787234,0.007949753908906131,0.251955297216773,0.031982651469297706,-4.6731309473514555,0.03041829192370642,0.0535941943526268,0.03812475502490997,0.07894093543291092,1.0,0,0.0,0.0,0.0,0.0,0.0,0.0,0.0,0.0,0.0,0.0,0.0
653,5349376,1251.3349055660296,1190.8294687772507,6.879238560002705,0.14287648900062777,34,31,0,3,0.9117647058823529,0.0,0.08823529411764706,0.008407917257864028,0.16622626511380076,0.032534783612936734,-4.680086046457291,0.024628888450388332,0.05362943932414055,0.03799878805875778,0.07920392602682114,1.0,0,0.0,0.0,0.0,0.0,0.0,0.0,0.0,0.0,0.0,0.0,0.0
654,5357568,1251.0952282389592,1134.61866878846,7.220046898000874,0.14384347000304842,50,40,0,10,0.8,0.0,0.2,0.010684881685301661,0.22936452459543943,0.031586338812485334,-4.679451727867127,0.029911437240662052,0.05364283174276352,0.03820943087339401,0.07928845286369324,1.0,0,0.0,0.0,0.0,0.0,0.0,0.0,0.0,0.0,0.0,0.0,0.0
655,5365760,1250.900517015994,1160.7475112234513,7.057521055001416,0.15456232400174486,44,36,0,8,0.8181818181818182,0.0,0.18181818181818182,0.0030790903052547946,0.2801079971715808,0.029327562963590025,-4.687258553504944,0.01977349666703958,0.053361713886260986,0.0378890298306942,0.07903137058019638,1.0,0,0.0,0.0,0.0,0.0,0.0,0.0,0.0,0.0,0.0,0.0,0.0
656,5373952,1250.7234465209012,1169.1469095777284,7.00681833300041,0.14654895899730036,39,31,0,8,0.7948717948717948,0.0,0.20512820512820512,0.0031856371206231415,0.1613496344536543,0.028573874454014003,-4.704918056726456,0.02149014952592552,0.053194038569927216,0.03755567967891693,0.07935214787721634,1.0,0,0.0,0.0,0.0,0.0,0.0,0.0,0.0,0.0,0.0,0.0,0.0
657,5382144,1250.5253556159905,1159.3525652940891,7.06601274300192,0.15504734300338896,44,39,0,5,0.8863636363636364,0.0,0.11363636363636363,0.006595993891824037,0.26817848421633245,0.02770121688954532,-4.723455953598022,0.024144730127591173,0.052784841507673264,0.037612222135066986,0.07859539240598679,1.0,0,0.0,0.0,0.0,0.0,0.0,0.0,0.0,0.0,0.0,0.0,0.0
658,5390336,1250.2571775386696,1119.6176591201624,7.316783486996428,0.15575548099877778,45,39,0,6,0.8666666666666667,0.0,0.13333333333333333,0.009170876978896559,0.23128438089042902,0.02661423021927476,-4.733226203918457,0.02638601548533188,0.05282638594508171,0.03780017048120499,0.07874245196580887,1.0,0,0.0,0.0,0.0,0.0,0.0,0.0,0.0,0.0,0.0,0.0,0.0
659,5398528,1250.0292577109685,1138.6333645998257,7.194589808001183,0.1413808360011899,42,38,0,4,0.9047619047619048,0.0,0.09523809523809523,0.010073348344303668,0.2861698688939214,0.02693546221125871,-4.735176664590836,0.03018440161686158,0.05274975299835205,0.03766953945159912,0.07867652922868729,1.0,0,0.0,0.0,0.0,0.0,0.0,0.0,0.0,0.0,0.0,0.0,0.0
660,5406720,1249.9306351705227,1220.109467607881,6.714151653999579,0.17703416199947242,33,29,0,4,0.8787878787878788,0.0,0.12121212121212122,0.0030408180493395774,0.3060429818928242,0.02997212382033467,-4.73827143907547,0.017522751602518837,0.05272588133811951,0.03764743357896805,0.07882419973611832,1.0,0,0.0,0.0,0.0,0.0,0.0,0.0,0.0,0.0,0.0,0.0,0.0
661,5414912,1249.808839182798,1200.444025019285,6.824141591998341,0.14821991500502918,35,26,0,9,0.7428571428571429,0.0,0.2571428571428571,0.006855738890590146,0.24993557538837194,0.03036561901681125,-4.742954105138779,0.016154847519646864,0.0525817796587944,0.03764572739601135,0.07852580398321152,1.0,0,0.0,0.0,0.0,0.0,0.0,0.0,0.0,0.0,0.0,0.0,0.0
662,5423104,1249.5873962378205,1150.505911928671,7.120345853996696,0.20028074299625587,42,34,0,8,0.8095238095238095,0.0,0.19047619047619047,0.02273338450468145,0.36279879994690417,0.034505505580455065,-4.747399085760117,0.04775113742653048,0.052515577524900436,0.03753168135881424,0.07841169089078903,1.0,0,0.0,0.0,0.0,0.0,0.0,0.0,0.0,0.0,0.0,0.0,0.0
663,5431296,1249.3688355195368,1144.0210073939181,7.160707668001123,0.15174368600128219,41,32,0,9,0.7804878048780488,0.0,0.21951219512195122,0.014633304422022774,0.318738466873765,0.03454403402283788,-4.758243900537491,0.04136225027323235,0.052325569093227386,0.037103891372680664,0.07836375385522842,1.0,0,0.0,0.0,0.0,0.0,0.0,0.0,0.0,0.0,0.0,0.0,0.0
664,5439488,1249.277659504131,1218.458420604741,6.723249527000007,0.14817105999827618,31,21,0,10,0.6774193548387096,0.0,0.3225806451612903,0.0052699340623803435,0.2475784607231617,0.033675245381891726,-4.770579594373703,0.020141507747757713,0.05218418687582016,0.03708253800868988,0.0781981498003006,1.0,0,0.0,0.0,0.0,0.0,0.0,0.0,0.0,0.0,0.0,0.0,0.0
665,5447680,1249.0807375519541,1152.5587128842276,7.107663938004407,0.1337028280031518,43,28,0,15,0.6511627906976745,0.0,0.3488372093023256,0.006282819923944772,0.3791239410638809,0.03590455828234553,-4.772806560993194,0.025148142682155594,0.052211564034223557,0.0370599739253521,0.07833443582057953,1.0,0,0.0,0.0,0.0,0.0,0.0,0.0,0.0,0.0,0.0,0.0,0.0
666,5455872,1248.9592588300422,1203.5105420543289,6.806753837001452,0.17358466899895575,35,28,0,7,0.8,0.0,0.2,0.004735150758642703,0.2544471247121692,0.029735469701699914,-4.769346421957016,0.021437385109311435,0.05240591615438461,0.03715331852436066,0.07878658920526505,1.0,0,0.0,0.0,0.0,0.0,0.0,0.0,0.0,0.0,0.0,0.0,0.0
667,5464064,1248.7671393400103,1164.7743655634947,7.033121815002232,0.19595809200109215,46,36,0,10,0.782608695652174,0.0,0.21739130434782608,0.010368987719994038,0.25710457749664783,0.028669289639219643,-4.763649225234985,0.02731697082926985,0.05238133668899536,0.03716566041111946,0.07869181782007217,1.0,0,0.0,0.0,0.0,0.0,0.0,0.0,0.0,0.0,0.0,0.0,0.0
668,5472256,1248.5064743396845,1116.818247611747,7.335123703000136,0.13587820699467557,56,43,0,13,0.7678571428571429,0.0,0.23214285714285715,0.012897068844176829,0.2113346580415964,0.025566515955142678,-4.765464103221893,0.04374760800565127,0.052296947687864304,0.03731965273618698,0.07840091735124588,1.0,0,0.0,0.0,0.0,0.0,0.0,0.0,0.0,0.0,0.0,0.0,0.0
669,5480448,1248.3381649519154,1170.7971171288796,6.996942407997267,0.15009627200197428,39,35,0,4,0.8974358974358975,0.0,0.10256410256410256,0.006380671297665686,0.20129541717469693,0.02255205758847296,-4.776942032575607,0.026636126766970847,0.05199969932436943,0.03711146116256714,0.07805833220481873,1.0,0,0.0,0.0,0.0,0.0,0.0,0.0,0.0,0.0,0.0,0.0,0.0
670,5488640,1248.0692239432833,1116.3386350740273,7.338275091999094,0.16805926400411408,57,53,0,4,0.9298245614035088,0.0,0.07017543859649122,0.011074912280309945,0.2485810061916709,0.023941100109368563,-4.799262493848801,0.04702656910958467,0.05157431960105896,0.03695189580321312,0.07717131078243256,1.0,0,0.0,0.0,0.0,0.0,0.0,0.0,0.0,0.0,0.0,0.0,0.0
671,5496832,1247.9172480369245,1182.0959970582346,6.9300632270023925,0.16681439799867803,45,42,0,3,0.9333333333333333,0.0,0.06666666666666667,0.011063041799934581,0.24771092887967824,0.02283067477401346,-4.811691755056382,0.04047883256280329,0.051423460245132446,0.036883555352687836,0.07683653384447098,1.0,0,0.0,0.0,0.0,0.0,0.0,0.0,0.0,0.0,0.0,0.0,0.0
672,5505024,1247.7620152154195,1175.143239373531,6.971065080004337,0.1391823580052005,40,38,0,2,0.95,0.0,0.05,0.0065651880693621935,0.18023937828838826,0.025076544471085073,-4.819148814678192,0.025731147041369695,0.051309846341609955,0.0366382822394371,0.07698711007833481,1.0,0,0.0,0.0,0.0,0.0,0.0,0.0,0.0,0.0,0.0,0.0,0.0
673,5513216,1247.4919562556,1110.6878785898373,7.375609438000538,0.14320595299795968,51,47,0,4,0.9215686274509803,0.0,0.0784313725490196,0.00320349391840864,0.312508362531662,0.026836489094421268,-4.8375722646713255,0.023470233952684792,0.05087738484144211,0.036475472152233124,0.0759589746594429,1.0,0,0.0,0.0,0.0,0.0,0.0,0.0,0.0,0.0,0.0,0.0,0.0
674,5521408,1247.3584566113916,1191.4466364772657,6.875675123999827,0.16158326800359646,40,34,0,6,0.85,0.0,0.15,0.005147429590579122,0.25255448147654536,0.02470047161914408,-4.838949424028397,0.029530114655790383,0.0510968379676342,0.03661913797259331,0.0765005424618721,1.0,0,0.0,0.0,0.0,0.0,0.0,0.0,0.0,0.0,0.0,0.0,0.0
675,5529600,1247.227699782066,1190.7395472604387,6.879758061993925,0.14924123299715575,37,34,0,3,0.918918918918919,0.0,0.08108108108108109,0.004989202876458876,0.2824931975454092,0.02607989136595279,-4.845260804891586,0.018908357589680236,0.05067446082830429,0.0364031046628952,0.07549326121807098,1.0,0,0.0,0.0,0.0,0.0,0.0,0.0,0.0,0.0,0.0,0.0,0.0
676,5537792,1246.953373565484,1114.6719816154125,7.349247254001966,0.19271601200307487,55,51,0,4,0.9272727272727272,0.0,0.07272727272727272,0.00611689556390047,0.27949402034282683,0.024503712682053445,-4.859160500764847,0.030336325388634577,0.05049267038702965,0.036194559186697006,0.07503852248191833,1.0,0,0.0,0.0,0.0,0.0,0.0,0.0,0.0,0.0,0.0,0.0,0.0
677,5545984,1246.8003638716339,1175.3557319610868,6.969804781001585,0.13974657799553825,45,43,0,2,0.9555555555555556,0.0,0.044444444444444446,0.003413750679465011,0.3127551285549998,0.024068451998755337,-4.869774627685547,0.029013933111855295,0.050312723964452744,0.03615300729870796,0.0745289996266365,1.0,0,0.0,0.0,0.0,0.0,0.0,0.0,0.0,0.0,0.0,0.0,0.0
678,5554176,1246.5719029223808,1133.6693480936788,7.226092876000621,0.15748189800069667,47,46,0,1,0.9787234042553191,0.0,0.02127659574468085,0.007689481478882954,0.27226397693157195,0.02576742824167013,-4.875194430351257,0.03141758810234023,0.05015309900045395,0.03621186688542366,0.0740511491894722,1.0,0,0.0,0.0,0.0,0.0,0.0,0.0,0.0,0.0,0.0,0.0,0.0
679,5562368,1246.3979181119926,1168.8491389155386,7.0086033580009826,0.18227555399789708,48,42,0,6,0.875,0.0,0.125,0.010357325506629423,0.2182508682832122,0.02437849440611899,-4.883347100019455,0.030140724853845315,0.0500020794570446,0.0360834114253521,0.0740823894739151,1.0,0,0.0,0.0,0.0,0.0,0.0,0.0,0.0,0.0,0.0,0.0,0.0
680,5570560,1246.2263556370017,1164.5528376059833,7.034459695998521,0.15006695199554088,48,45,0,3,0.9375,0.0,0.0625,0.0038801425660494717,0.24841280654072762,0.024858645838685335,-4.888139688968659,0.03189892420341493,0.05019117519259453,0.03581978753209114,0.07489610463380814,1.0,0,0.0,0.0,0.0,0.0,0.0,0.0,0.0,0.0,0.0,0.0,0.0
681,5578752,1246.0140320285896,1140.8587951417107,7.180555591003213,0.15254168999672402,46,44,0,2,0.9565217391304348,0.0,0.043478260869565216,0.00574250576319173,0.20804590918123722,0.024876095703803003,-4.89025856256485,0.03013918158103479,0.05005219578742981,0.035595450550317764,0.07486991584300995,1.0,0,0.0,0.0,0.0,0.0,0.0,0.0,0.0,0.0,0.0,0.0,0.0
682,5586944,1245.7708186164243,1124.7100031298855,7.2836553219967755,0.16313022899703356,51,51,0,0,1.0,0.0,0.0,0.0075736326223704966,0.2819620169699192,0.023688361910171808,-4.903256696462631,0.027807732530345675,0.04979310557246208,0.03557094931602478,0.07396738976240158,1.0,0,0.0,0.0,0.0,0.0,0.0,0.0,0.0,0.0,0.0,0.0,0.0
683,5595136,1245.5412403541834,1135.7407283497948,7.212913824005227,0.1875451269952464,45,44,0,1,0.9777777777777777,0.0,0.022222222222222223,0.003075590933440253,0.2796019634231925,0.02436132824514061,-4.916844880580902,0.020142016300815156,0.04947076365351677,0.03519509732723236,0.07364094257354736,1.0,0,0.0,0.0,0.0,0.0,0.0,0.0,0.0,0.0,0.0,0.0,0.0
684,5603328,1245.2689626729168,1110.5611572431035,7.376451037001971,0.17989219499577302,51,47,0,4,0.9215686274509803,0.0,0.0784313725490196,0.005214897799305618,0.30850447453558444,0.025999982911162078,-4.93366624712944,0.020707978116115557,0.049336664378643036,0.03505360707640648,0.07365750521421432,1.0,0,0.0,0.0,0.0,0.0,0.0,0.0,0.0,0.0,0.0,0.0,0.0
685,5611520,1245.114446761629,1172.4729209806978,6.98694174800039,0.14671727400127565,42,39,0,3,0.9285714285714286,0.0,0.07142857142857142,0.007077709009172395,0.2479940192773938,0.023987910407595337,-4.931862682104111,0.02366921631328296,0.04964696988463402,0.03508492559194565,0.07432687282562256,1.0,0,0.0,0.0,0.0,0.0,0.0,0.0,0.0,0.0,0.0,0.0,0.0
686,5619712,1244.9270124592722,1160.798594761984,7.05721047300176,0.1969662720002816,42,37,0,5,0.8809523809523809,0.0,0.11904761904761904,0.012295985320815817,0.2231882181018591,0.02740000037010759,-4.923342078924179,0.03552055119798751,0.04974175617098808,0.03483105078339577,0.07491784542798996,1.0,0,0.0,0.0,0.0,0.0,0.0,0.0,0.0,0.0,0.0,0.0,0.0
687,5627904,1244.7815803101469,1182.2918626468302,6.928915151002002,0.17339967400039313,44,41,0,3,0.9318181818181818,0.0,0.06818181818181818,0.00701837163651362,0.3140336647629738,0.027370982337743044,-4.93204036951065,0.024050722966785544,0.04944227635860443,0.03497648239135742,0.07442998886108398,1.0,0,0.0,0.0,0.0,0.0,0.0,0.0,0.0,0.0,0.0,0.0,0.0
688,5636096,1244.590456566295,1149.3004901813708,7.12781389200245,0.14505883600213565,52,45,0,7,0.8653846153846154,0.0,0.1346153846153846,0.00966004015353974,0.30711047910153866,0.025712525960989295,-4.937717306613922,0.03141910449921852,0.04958968609571457,0.035086266696453094,0.07467146962881088,1.0,0,0.0,0.0,0.0,0.0,0.0,0.0,0.0,0.0,0.0,0.0,0.0
689,5644288,1244.4121543626363,1155.0540931820785,7.092308532002789,0.13580316300067352,38,31,0,7,0.8157894736842105,0.0,0.18421052631578946,0.0046404225460719315,0.27132999524474144,0.026789116975851356,-4.935680878162384,0.025462115077243653,0.04942919313907623,0.03498550131917,0.07455503940582275,1.0,0,0.0,0.0,0.0,0.0,0.0,0.0,0.0,0.0,0.0,0.0,0.0
690,5652480,1244.2344510325022,1165.6420479789324,7.027886488998774,0.20060783100052504,48,41,0,7,0.8541666666666666,0.0,0.14583333333333334,0.010702163737732917,0.26819424498826266,0.025958264153450726,-4.9438335478305815,0.03281771244364791,0.049370452761650085,0.03515404462814331,0.07438027858734131,1.0,0,0.0,0.0,0.0,0.0,0.0,0.0,0.0,0.0,0.0,0.0,0.0
691,5660672,1244.0856991707676,1172.680082762286,6.985707457999524,0.1358978849966661,45,41,0,4,0.9111111111111111,0.0,0.08888888888888889,0.015324388444423676,0.32822118066251277,0.0289692536694929,-4.95043117403984,0.03472349095536629,0.04922441765666008,0.035067230463027954,0.07410326600074768,1.0,0,0.0,0.0,0.0,0.0,0.0,0.0,0.0,0.0,0.0,0.0,0.0
692,5668864,1243.9919348407002,1209.3005070580948,6.774164032998669,0.15084246399783297,36,33,0,3,0.9166666666666666,0.0,0.08333333333333333,0.005398252874147147,0.26520841922611,0.027322555077262223,-4.95995392203331,0.021249823506514075,0.049013834446668625,0.03470806032419205,0.07423646003007889,1.0,0,0.0,0.0,0.0,0.0,0.0,0.0,0.0,0.0,0.0,0.0,0.0
693,5677056,1243.7897558147558,1139.0455579477368,7.191986258003453,0.13146507600322366,48,38,0,10,0.7916666666666666,0.0,0.20833333333333334,0.007261147181270644,0.3294760286808014,0.026621735515072943,-4.974035477638244,0.027562907863466535,0.0489533469080925,0.03482205420732498,0.0739215835928917,1.0,0,0.0,0.0,0.0,0.0,0.0,0.0,0.0,0.0,0.0,0.0,0.0
694,5685248,1243.5366082352898,1113.082184785392,7.359744062006939,0.15411289300391218,53,46,0,7,0.8679245283018868,0.0,0.1320754716981132,0.004314904828788713,0.3597861748188734,0.027597304526716472,-4.971518623828888,0.02415533895109547,0.0491192489862442,0.03451075032353401,0.07465874403715134,1.0,0,0.0,0.0,0.0,0.0,0.0,0.0,0.0,0.0,0.0,0.0,0.0
695,5693440,1243.4776249150048,1235.9322348101068,6.628195113997208,0.17364358899794752,36,30,0,6,0.8333333333333334,0.0,0.16666666666666666,0.005350897763855755,0.3426122613251209,0.02826370671391487,-4.968022501468658,0.029148025941685772,0.0491689071059227,0.03419700264930725,0.07480011880397797,1.0,0,0.0,0.0,0.0,0.0,0.0,0.0,0.0,0.0,0.0,0.0,0.0
696,5701632,1243.3079356519922,1162.6111608932551,7.04620794600487,0.16426734999549808,49,41,0,8,0.8367346938775511,0.0,0.16326530612244897,0.005584623874165117,0.38604951463639736,0.02777719821315259,-4.966883504390717,0.027077468592324294,0.04925747960805893,0.034045372158288956,0.07514365017414093,1.0,0,0.0,0.0,0.0,0.0,0.0,0.0,0.0,0.0,0.0,0.0,0.0
697,5709824,1243.2282935398202,1216.4201883687458,6.734514995994687,0.1452256819975446,38,36,0,2,0.9473684210526315,0.0,0.05263157894736842,0.005220148619264365,0.27856916915625335,0.026926830969750883,-4.9648967504501345,0.020169020879257003,0.04933943599462509,0.03399037569761276,0.07544570416212082,1.0,0,0.0,0.0,0.0,0.0,0.0,0.0,0.0,0.0,0.0,0.0,0.0
698,5718016,1243.11456010661,1197.7895178705312,6.839265060996695,0.1674350780012901,39,37,0,2,0.9487179487179487,0.0,0.05128205128205128,0.004310666915262118,0.3136551506817341,0.026961658615618944,-4.970278078317643,0.02302176239900291,0.04915284365415573,0.03374761715531349,0.07541017234325409,1.0,0,0.0,0.0,0.0,0.0,0.0,0.0,0.0,0.0,0.0,0.0,0.0
699,5726208,1242.94456501201,1158.197513190985,7.073059566006123,0.14386337899486534,47,43,0,4,0.9148936170212766,0.0,0.0851063829787234,0.001507314550690353,0.34416470155119894,0.02811141761485487,-4.98100129365921,0.022509626288956495,0.04908406734466553,0.033684249967336655,0.07526589930057526,1.0,0,0.0,0.0,0.0,0.0,0.0,0.0,0.0,0.0,0.0,0.0,0.0
700,5734400,1242.6683702454638,1102.3279982103352,7.431544888000644,0.1815867499972228,52,45,0,7,0.8653846153846154,0.0,0.1346153846153846,0.0032277776568662374,0.29668693989515305,0.02458035936579108,-4.988436698913574,0.021499885339289905,0.04904807731509209,0.033180058002471924,0.07559797912836075,1.0,0,0.0,0.0,0.0,0.0,0.0,0.0,0.0,0.0,0.0,0.0,0.0
701,5742592,1242.4825956706893,1146.7630483568325,7.143585600999359,0.13657364599930588,44,39,0,5,0.8863636363636364,0.0,0.11363636363636363,0.009680570539785549,0.2778256807476282,0.026466438313946128,-4.996201646327973,0.03481671122426633,0.04893520474433899,0.03309250622987747,0.0754735916852951,1.0,0,0.0,0.0,0.0,0.0,0.0,0.0,0.0,0.0,0.0,0.0,0.0
702,5750784,1242.299869700465,1157.4926776014452,7.077366586003336,0.1936484290054068,41,39,0,2,0.9512195121951219,0.0,0.04878048780487805,0.003171976667363197,0.2550194408744574,0.026230803807266057,-5.009732830524444,0.019116410713468212,0.048657845705747604,0.03265944868326187,0.07527103275060654,1.0,0,0.0,0.0,0.0,0.0,0.0,0.0,0.0,0.0,0.0,0.0,0.0
703,5758976,1242.1623737853429,1184.6480521840658,6.915133980000974,0.18909274999896297,39,37,0,2,0.9487179487179487,0.0,0.05128205128205128,0.0040480714553268625,0.2650531308725476,0.028136713989079,-5.023847270011902,0.025346743539557792,0.048535898327827454,0.03279301896691322,0.07506908476352692,1.0,0,0.0,0.0,0.0,0.0,0.0,0.0,0.0,0.0,0.0,0.0,0.0
704,5767168,1241.9359120017098,1129.6976754058285,7.2514976159945945,0.18668887600506423,48,42,0,6,0.875,0.0,0.125,0.0039299131487496195,0.2235878610983491,0.02653884410392493,-5.030875241756439,0.029150561417918653,0.0483853742480278,0.03272627666592598,0.07466237246990204,1.0,0,0.0,0.0,0.0,0.0,0.0,0.0,0.0,0.0,0.0,0.0,0.0
705,5775360,1241.747848516829,1146.9890668009166,7.142177930996695,0.15451643399865134,38,35,0,3,0.9210526315789473,0.0,0.07894736842105263,0.0013356601324630902,0.218266249448061,0.027315707341767848,-5.035173779726028,0.020377258890948723,0.0482846163213253,0.03294454887509346,0.07452322542667389,1.0,0,0.0,0.0,0.0,0.0,0.0,0.0,0.0,0.0,0.0,0.0,0.0
706,5783552,1241.5220585335394,1123.166991948689,7.293661636002071,0.14733148199593415,54,45,0,9,0.8333333333333334,0.0,0.16666666666666666,0.007545079482952133,0.20404813066124916,0.026860078424215318,-5.045678859949112,0.027530436210508925,0.048096925020217896,0.0328279547393322,0.0741848349571228,1.0,0,0.0,0.0,0.0,0.0,0.0,0.0,0.0,0.0,0.0,0.0,0.0
707,5791744,1241.3527985864005,1158.42524002065,7.071669122000458,0.15963438799371943,40,40,0,0,1.0,0.0,0.0,0.0025637144746724514,0.20401647109538318,0.028340515191666783,-5.049127686023712,0.026142355977208355,0.04801933094859123,0.033125389367341995,0.07371757179498672,1.0,0,0.0,0.0,0.0,0.0,0.0,0.0,0.0,0.0,0.0,0.0,0.0
708,5799936,1241.2022782891966,1168.2602332595027,7.012136309000198,0.14742474000377115,41,40,0,1,0.975609756097561,0.0,0.024390243902439025,0.005142875487217679,0.23938122745603324,0.02610307193826884,-5.049331188201904,0.022393731273768935,0.0480102002620697,0.03314100205898285,0.07388544827699661,1.0,0,0.0,0.0,0.0,0.0,0.0,0.0,0.0,0.0,0.0,0.0,0.0
709,5808128,1240.9958112926001,1136.7996600351385,7.206194976999541,0.16925392300618114,42,39,0,3,0.9285714285714286,0.0,0.07142857142857142,0.006888573511969298,0.2841393293812871,0.02997452246490866,-5.052571684122086,0.022952685088966973,0.048034146428108215,0.033276550471782684,0.07389381527900696,1.0,0,0.0,0.0,0.0,0.0,0.0,0.0,0.0,0.0,0.0,0.0,0.0
710,5816320,1240.896382287826,1198.5949933128368,6.8346689629979664,0.13671352499659406,39,37,0,2,0.9487179487179487,0.0,0.05128205128205128,0.004478612082311884,0.29346257261931896,0.031056229630485176,-5.051504898071289,0.02274955392931588,0.0479150228202343,0.03341447561979294,0.07350161671638489,1.0,0,0.0,0.0,0.0,0.0,0.0,0.0,0.0,0.0,0.0,0.0,0.0
711,5824512,1240.726134359914,1155.4536693781538,7.089855887003068,0.15286480500071775,39,36,0,3,0.9230769230769231,0.0,0.07692307692307693,0.006317866611061618,0.2656104568392038,0.03450920130126178,-5.058519113063812,0.02732622620969778,0.04779624938964844,0.03339603915810585,0.07347291707992554,1.0,0,0.0,0.0,0.0,0.0,0.0,0.0,0.0,0.0,0.0,0.0,0.0
712,5832704,1240.6100024718942,1195.2703965735152,6.853679321000527,0.17859498499456095,37,31,0,6,0.8378378378378378,0.0,0.16216216216216217,0.012237274125800468,0.26605647392570975,0.0379803008865565,-5.071957129240036,0.0523641964289709,0.04749413579702377,0.033218976110219955,0.07293972373008728,1.0,0,0.0,0.0,0.0,0.0,0.0,0.0,0.0,0.0,0.0,0.0,0.0
713,5840896,1240.397768423522,1128.4230130804206,7.259688880003523,0.1456539100036025,49,37,0,12,0.7551020408163265,0.0,0.24489795918367346,0.009790527791483327,0.36898520216345787,0.035020408756099644,-5.0845604062080385,0.029825185732624958,0.04744374006986618,0.033208634704351425,0.07297638803720474,1.0,0,0.0,0.0,0.0,0.0,0.0,0.0,0.0,0.0,0.0,0.0,0.0
714,5849088,1240.2433357343452,1170.498307378526,6.99872861699987,0.1897673989951727,40,30,0,10,0.75,0.0,0.25,0.00452966449665837,0.2967662662267685,0.031077258428558706,-5.0896653711795805,0.029849201148317663,0.047411512583494186,0.03312492370605469,0.07308786362409592,1.0,0,0.0,0.0,0.0,0.0,0.0,0.0,0.0,0.0,0.0,0.0,0.0
715,5857280,1240.1649706007722,1223.801708432591,6.693894887997885,0.20670642499317182,30,24,0,6,0.8,0.0,0.2,0.005194843851495534,0.3059964317828417,0.038243485242128374,-5.090604442358017,0.021320150878455024,0.04743487387895584,0.03291436284780502,0.073385089635849,1.0,0,0.0,0.0,0.0,0.0,0.0,0.0,0.0,0.0,0.0,0.0,0.0
716,5865472,1240.055394273048,1190.4977405315913,6.881155437004054,0.1382853309987695,33,27,0,6,0.8181818181818182,0.0,0.18181818181818182,0.006282987829763442,0.369707003980875,0.03950773617252708,-5.096221405267715,0.01665181194548495,0.04748585820198059,0.03268267586827278,0.07401014864444733,1.0,0,0.0,0.0,0.0,0.0,0.0,0.0,0.0,0.0,0.0,0.0,0.0
717,5873664,1239.9598187981226,1201.3859187964467,6.818791423997027,0.14945668599830242,33,25,0,8,0.7575757575757576,0.0,0.24242424242424243,0.005865447799442336,0.3606944359838963,0.0440536190290004,-5.1027245879173275,0.022794760669057723,0.04748319834470749,0.032352812588214874,0.07442542910575867,1.0,0,0.0,0.0,0.0,0.0,0.0,0.0,0.0,0.0,0.0,0.0,0.0
718,5881856,1239.9450060071972,1257.3350852254441,6.515367379994132,0.14473064100457123,22,14,0,8,0.6363636363636364,0.0,0.36363636363636365,0.0073428584961220626,0.2483629070222378,0.046167396614328025,-5.096139013767242,0.02745764976425562,0.04784165322780609,0.03247060254216194,0.07528248429298401,1.0,0,0.0,0.0,0.0,0.0,0.0,0.0,0.0,0.0,0.0,0.0,0.0
719,5890048,1239.7961257573693,1168.4271344646133,7.011134677006339,0.16311407100147335,44,23,0,21,0.5227272727272727,0.0,0.4772727272727273,0.01198558767209761,0.335781092569232,0.03924896665848791,-5.087667143344879,0.03085389102488989,0.04791625961661339,0.032404039055109024,0.07568883895874023,1.0,0,0.0,0.0,0.0,0.0,0.0,0.0,0.0,0.0,0.0,0.0,0.0
720,5898240,1239.6789416503686,1186.960618966813,6.901661158000934,0.15258495599846356,42,23,0,19,0.5476190476190477,0.0,0.4523809523809524,0.004412800769205205,0.35085057839751244,0.03623878578655422,-5.0826114296913145,0.024797276084427722,0.04808935523033142,0.03243190050125122,0.07608942687511444,1.0,0,0.0,0.0,0.0,0.0,0.0,0.0,0.0,0.0,0.0,0.0,0.0
721,5906432,1239.5865117320095,1204.0763628991879,6.803555200000119,0.1566275779987336,32,23,0,9,0.71875,0.0,0.28125,0.008564100897638127,0.4006860122084618,0.03370403447188437,-5.08329142332077,0.0351422628358705,0.04791615903377533,0.03250562772154808,0.07556064426898956,1.0,0,0.0,0.0,0.0,0.0,0.0,0.0,0.0,0.0,0.0,0.0,0.0
722,5914624,1239.5120613034335,1216.2854532443519,6.7352610180023476,0.15706422799848951,32,21,0,11,0.65625,0.0,0.34375,0.01444259634881746,0.4984993800520897,0.03964620484039187,-5.086050093173981,0.04295295005576918,0.04789292812347412,0.03257537633180618,0.07552474737167358,1.0,0,0.0,0.0,0.0,0.0,0.0,0.0,0.0,0.0,0.0,0.0,0.0
723,5922816,1239.4453838158813,1221.5320186749705,6.706332600995665,0.1566493230056949,30,19,0,11,0.6333333333333333,0.0,0.36666666666666664,0.011683667486067861,0.40208028331398965,0.04204978197813034,-5.083256882429123,0.03570159088994842,0.047945499420166016,0.032707612961530685,0.07543215900659561,1.0,0,0.0,0.0,0.0,0.0,0.0,0.0,0.0,0.0,0.0,0.0,0.0
724,5931008,1239.3523065007716,1214.2211715622466,6.746711547995801,0.2108316579979146,32,26,0,6,0.8125,0.0,0.1875,0.006469597230898216,0.4038228016346693,0.04031727225519717,-5.087233561277389,0.03451780168834375,0.04780598729848862,0.03237200900912285,0.07544336467981339,1.0,0,0.0,0.0,0.0,0.0,0.0,0.0,0.0,0.0,0.0,0.0,0.0
725,5939200,1239.1040874621228,1110.075892167181,7.37967562200356,0.18641697299608495,49,34,0,15,0.6938775510204082,0.0,0.30612244897959184,0.00832193116657436,0.514729169011116,0.0376655325293541,-5.103508043289184,0.03354798926884541,0.047602683305740356,0.03189852088689804,0.07536345720291138,1.0,0,0.0,0.0,0.0,0.0,0.0,0.0,0.0,0.0,0.0,0.0,0.0
726,5947392,1238.9628336081412,1176.6196753360891,6.962317707002512,0.1931733070014161,44,27,0,17,0.6136363636363636,0.0,0.38636363636363635,0.010599948617164045,0.3805340342223644,0.04764315029606223,-5.106637722253799,0.043947467385441995,0.047790512442588806,0.0320151150226593,0.07596774399280548,1.0,0,0.0,0.0,0.0,0.0,0.0,0.0,0.0,0.0,0.0,0.0,0.0
727,5955584,1238.8702980552264,1206.2334835765855,6.7913883270011866,0.17601206099789124,36,23,0,13,0.6388888888888888,0.0,0.3611111111111111,0.008091264020185918,0.4767247650772333,0.04933731635101139,-5.112186586856842,0.025915838434593753,0.04756930470466614,0.03179045021533966,0.07583288848400116,1.0,0,0.0,0.0,0.0,0.0,0.0,0.0,0.0,0.0,0.0,0.0,0.0
728,5963776,1238.8044694404095,1224.94499697586,6.687647216996993,0.17755369099904783,32,25,0,7,0.78125,0.0,0.21875,0.00909989709034562,0.40865599177777767,0.049039893131703136,-5.128604376316071,0.026064190729812253,0.04737478122115135,0.03153509274125099,0.07567330449819565,1.0,0,0.0,0.0,0.0,0.0,0.0,0.0,0.0,0.0,0.0,0.0,0.0
729,5971968,1238.726530454232,1209.440353470293,6.773380742997688,0.13702281699806917,34,25,0,9,0.7352941176470589,0.0,0.2647058823529412,0.009709845762699842,0.47616341821849345,0.044273524545133114,-5.142527920007706,0.023082099406747148,0.04716893658041954,0.031397055834531784,0.07534188032150269,1.0,0,0.0,0.0,0.0,0.0,0.0,0.0,0.0,0.0,0.0,0.0,0.0
730,5980160,1238.6350157119646,1211.4245664568048,6.762286507000681,0.20419584400224267,30,18,0,13,0.6,0.0,0.43333333333333335,0.008198857051320374,0.35318805240094664,0.045799678470939395,-5.149589371681214,0.025004774423723574,0.047212522476911545,0.031223362311720848,0.07558120042085648,1.0,0,0.0,0.0,0.0,0.0,0.0,0.0,0.0,0.0,0.0,0.0,0.0
731,5988352,1238.4844914611122,1165.074584992531,7.031309502002841,0.16626653699495364,39,20,0,19,0.5128205128205128,0.0,0.48717948717948717,0.006095523296971805,0.4115244075655937,0.05979569465853274,-5.155763781070709,0.023350382877106314,0.04708656668663025,0.03091205097734928,0.07573293894529343,1.0,0,0.0,0.0,0.0,0.0,0.0,0.0,0.0,0.0,0.0,0.0,0.0
732,5996544,1238.4487105869,1247.1057739847981,6.568809295000392,0.18256883299909532,24,11,0,13,0.4583333333333333,0.0,0.5416666666666666,0.011696275870781392,0.3663421869277954,0.05010631340555847,-5.165062636137009,0.031177002127515153,0.04712879657745361,0.030892031267285347,0.07599736005067825,1.0,0,0.0,0.0,0.0,0.0,0.0,0.0,0.0,0.0,0.0,0.0,0.0
733,6004736,1238.3944320002352,1229.1177135312257,6.664943406001839,0.15888507400086382,30,15,0,15,0.5,0.0,0.5,0.0041904826706741,0.40023481845855713,0.04513068562373519,-5.168881052732468,0.024853034775878767,0.04712346941232681,0.03064599446952343,0.07648394256830215,1.0,0,0.0,0.0,0.0,0.0,0.0,0.0,0.0,0.0,0.0,0.0,0.0
734,6012928,1238.333383030511,1231.208276385393,6.653626487997826,0.19755735200305935,29,15,0,14,0.5172413793103449,0.0,0.4827586206896552,0.005840738481492735,0.3938363969326019,0.040228121308609845,-5.178369295597077,0.02695455126086017,0.047029465436935425,0.030433492735028267,0.07639238983392715,1.0,0,0.0,0.0,0.0,0.0,0.0,0.0,0.0,0.0,0.0,0.0,0.0
735,6021120,1238.2169390189256,1191.2014414729035,6.87709040199843,0.19232730100338813,38,18,0,20,0.47368421052631576,0.0,0.5263157894736842,0.014702193578705192,0.4895108826458454,0.03696393468417227,-5.178838282823563,0.0490099561837269,0.04716382920742035,0.030344314873218536,0.07687422633171082,1.0,0,0.0,0.0,0.0,0.0,0.0,0.0,0.0,0.0,0.0,0.0,0.0
736,6029312,1238.1333442111472,1215.2956451218588,6.740746609997586,0.2004659719968913,31,15,0,16,0.4838709677419355,0.0,0.5161290322580645,0.010953097633318976,0.41542244851589205,0.033948254166170956,-5.180887246131897,0.0354328000365058,0.046964578330516815,0.030183758586645126,0.0764429047703743,1.0,0,0.0,0.0,0.0,0.0,0.0,0.0,0.0,0.0,0.0,0.0,0.0
737,6037504,1238.0134374560039,1180.3618394026537,6.94024470000295,0.14256464399659308,42,24,0,18,0.5714285714285714,0.0,0.42857142857142855,0.015683064883342014,0.5453974459320307,0.03130450041498989,-5.185646051168442,0.06389344005292515,0.04705127328634262,0.03020676039159298,0.07658463716506958,1.0,0,0.0,0.0,0.0,0.0,0.0,0.0,0.0,0.0,0.0,0.0,0.0
738,6045696,1237.924884407504,1208.2669191339924,6.779958856997837,0.18331288800254697,43,33,0,10,0.7674418604651163,0.0,0.23255813953488372,0.009774556674528867,0.6530994817614555,0.027241457882337273,-5.181796836853027,0.039838293680804784,0.047127410769462585,0.03025859221816063,0.07686128467321396,1.0,0,0.0,0.0,0.0,0.0,0.0,0.0,0.0,0.0,0.0,0.0,0.0
739,6053888,1237.779684679885,1170.950154058763,6.9960279450024245,0.19199382000078913,45,36,0,10,0.8,0.0,0.2222222222222222,0.008225551492068916,0.5342137396335602,0.024116376461461187,-5.179098695516586,0.03184263563161949,0.04722070321440697,0.030340397730469704,0.07717572152614594,1.0,0,0.0,0.0,0.0,0.0,0.0,0.0,0.0,0.0,0.0,0.0,0.0
740,6062080,1237.5971645412094,1142.8996096769115,7.167733658003272,0.1691520969980047,53,43,0,10,0.8113207547169812,0.0,0.18867924528301888,0.010149927882594056,0.5014951378107071,0.02439925915095955,-5.18091903924942,0.03500397174502723,0.04710279405117035,0.030103489756584167,0.07698553800582886,1.0,0,0.0,0.0,0.0,0.0,0.0,0.0,0.0,0.0,0.0,0.0,0.0
741,6070272,1237.4762350727706,1177.3919136408226,6.9577511999959825,0.13030873400566634,39,36,0,3,0.9230769230769231,0.0,0.07692307692307693,0.0046840440743835645,0.4516289737075567,0.023213870381005107,-5.189461970329285,0.024917305177950766,0.04700606316328049,0.03019832819700241,0.07691963762044907,1.0,0,0.0,0.0,0.0,0.0,0.0,0.0,0.0,0.0,0.0,0.0,0.0
742,6078464,1237.3488835943103,1174.1545558957278,6.976934985999833,0.145450358002563,50,43,0,7,0.86,0.0,0.14,0.0077773334691300985,0.5185484636574984,0.025084314099512995,-5.199510902166367,0.030569216932053677,0.04681045934557915,0.030085915699601173,0.07672222703695297,1.0,0,0.0,0.0,0.0,0.0,0.0,0.0,0.0,0.0,0.0,0.0,0.0
743,6086656,1237.2943081978171,1225.4179731637623,6.685065976998885,0.1494951159984339,29,27,0,2,0.9310344827586207,0.0,0.06896551724137931,0.0070332836301531644,0.37597486972808836,0.02511038591619581,-5.211172986030578,0.024672634492162615,0.046680133789777756,0.030029375106096268,0.07643028348684311,1.0,0,0.0,0.0,0.0,0.0,0.0,0.0,0.0,0.0,0.0,0.0,0.0
744,6094848,1237.122094016152,1142.9345781092677,7.16751435900369,0.13478962700173724,47,39,0,8,0.8297872340425532,0.0,0.1702127659574468,0.024262652450124732,0.3577823914587498,0.02450041240081191,-5.213894844055176,0.06170745982672088,0.04678000137209892,0.02992089092731476,0.07678049057722092,1.0,0,0.0,0.0,0.0,0.0,0.0,0.0,0.0,0.0,0.0,0.0,0.0
745,6103040,1237.0234361589678,1194.6294071207255,6.857356726002763,0.1548316610060283,37,31,0,6,0.8378378378378378,0.0,0.16216216216216217,0.010907871247036382,0.41065700687468054,0.02941118904855102,-5.206329137086868,0.035966427050880156,0.04700402542948723,0.02996646612882614,0.0773221105337143,1.0,0,0.0,0.0,0.0,0.0,0.0,0.0,0.0,0.0,0.0,0.0,0.0
746,6111232,1236.8592936491364,1146.4625224590727,7.145458172002691,0.12800750500173308,44,34,0,10,0.7727272727272727,0.0,0.22727272727272727,0.009671549603808671,0.38770736530423167,0.02683255656156689,-5.206846994161606,0.037031531776301564,0.04672969505190849,0.029930628836154938,0.07672081887722015,1.0,0,0.0,0.0,0.0,0.0,0.0,0.0,0.0,0.0,0.0,0.0,0.0
747,6119424,1236.7156992446435,1163.5697188590245,7.040403223996691,0.1543865610001376,44,36,0,8,0.8181818181818182,0.0,0.18181818181818182,0.011678395798662677,0.39277969114482403,0.027000922220759095,-5.215775591135025,0.03674782183225034,0.04671575874090195,0.02997461147606373,0.07675459235906601,1.0,0,0.0,0.0,0.0,0.0,0.0,0.0,0.0,0.0,0.0,0.0,0.0
748,6127616,1236.6414557418937,1219.1763317753132,6.719290545996046,0.19909141500102123,33,29,0,4,0.8787878787878788,0.0,0.12121212121212122,0.006812219251878559,0.3831065520644188,0.02813807853963226,-5.218341481685639,0.02405497811123496,0.046672821044921875,0.029848653823137283,0.07672018557786942,1.0,0,0.0,0.0,0.0,0.0,0.0,0.0,0.0,0.0,0.0,0.0,0.0
749,6135808,1236.534118483478,1184.6953698675202,6.914857784002379,0.13607855300506344,49,40,0,10,0.8163265306122449,0.0,0.20408163265306123,0.014199246763018892,0.485002987831831,0.02806574311107397,-5.220852637290955,0.0337171369465068,0.04667263850569725,0.029854390770196915,0.07688820362091064,1.0,0,0.0,0.0,0.0,0.0,0.0,0.0,0.0,0.0,0.0,0.0,0.0
750,6144000,1236.2791926222337,1091.9442654629463,7.5022144070026116,0.13718144300219137,53,48,0,5,0.9056603773584906,0.0,0.09433962264150944,0.008493794925743713,0.4989619206637144,0.02390585981775075,-5.222458374500275,0.035887251146778,0.046681247651576996,0.02986442856490612,0.07682096213102341,1.0,0,0.0,0.0,0.0,0.0,0.0,0.0,0.0,0.0,0.0,0.0,0.0
751,6152192,1236.1932842579968,1203.7410456691648,6.805450415995438,0.16336078599852044,35,30,0,5,0.8571428571428571,0.0,0.14285714285714285,0.01026782154222019,0.3783678412437439,0.024567347369156778,-5.217624515295029,0.02910753352480242,0.04678724333643913,0.03003658540546894,0.07702181488275528,1.0,0,0.0,0.0,0.0,0.0,0.0,0.0,0.0,0.0,0.0,0.0,0.0
752,6160384,1236.0535259176734,1169.8457628684794,7.002632535004523,0.18447725000442006,37,30,0,7,0.8108108108108109,0.0,0.1891891891891892,0.009819369326578453,0.40474957041442394,0.028130886727012694,-5.211711639165879,0.03145539231918519,0.046783819794654846,0.030012281611561775,0.07670483738183975,1.0,0,0.0,0.0,0.0,0.0,0.0,0.0,0.0,0.0,0.0,0.0,0.0
753,6168576,1235.9110950792096,1158.7241820715958,7.069844685000135,0.12958383100340143,45,40,0,5,0.8888888888888888,0.0,0.1111111111111111,0.010636160901049152,0.46016230471432207,0.028592530591413378,-5.209938722848892,0.033605084667215124,0.0467185452580452,0.03015979565680027,0.07642476260662079,1.0,0,0.0,0.0,0.0,0.0,0.0,0.0,0.0,0.0,0.0,0.0,0.0
754,6176768,1235.8106763512267,1188.6317286416843,6.89195804100018,0.13939055299852043,37,26,0,11,0.7027027027027027,0.0,0.2972972972972973,0.0054033127205912026,0.33254676312208176,0.02945991070009768,-5.212361747026444,0.026190366547962186,0.046643659472465515,0.029970532283186913,0.07636423408985138,1.0,0,0.0,0.0,0.0,0.0,0.0,0.0,0.0,0.0,0.0,0.0,0.0
755,6184960,1235.6586138228079,1158.306798263861,7.072392230002151,0.1692079409986036,46,39,0,7,0.8478260869565217,0.0,0.15217391304347827,0.0056798256293404846,0.5347621511667967,0.025207339506596326,-5.227746933698654,0.027891529665794224,0.046412393450737,0.029635893180966377,0.07628501951694489,1.0,0,0.0,0.0,0.0,0.0,0.0,0.0,0.0,0.0,0.0,0.0,0.0
756,6193152,1235.4955937469824,1156.5938853188945,7.082866427001136,0.20462189099634998,46,37,0,9,0.8043478260869565,0.0,0.1956521739130435,0.005637217388721183,0.5830842811614275,0.024835044518113136,-5.241359847784042,0.0279888176577515,0.04634929448366165,0.029430663213133812,0.0762486606836319,1.0,0,0.0,0.0,0.0,0.0,0.0,0.0,0.0,0.0,0.0,0.0,0.0
757,6201344,1235.4007253003915,1195.5843412879408,6.85187963500357,0.1610516299988376,36,30,0,6,0.8333333333333334,0.0,0.16666666666666666,0.013082224322715774,0.4390734124928713,0.026471805782057344,-5.240113693475723,0.034650429645262194,0.04650939628481865,0.029399652034044266,0.07672414928674698,1.0,0,0.0,0.0,0.0,0.0,0.0,0.0,0.0,0.0,0.0,0.0,0.0
758,6209536,1235.308684398455,1193.8240408620766,6.86198277099902,0.14032995399611536,42,39,0,3,0.9285714285714286,0.0,0.07142857142857142,0.013905568845802917,0.6059946231544018,0.028054603678174316,-5.235523515939713,0.04259026293293573,0.04647606611251831,0.029412325471639633,0.07659727334976196,1.0,0,0.0,0.0,0.0,0.0,0.0,0.0,0.0,0.0,0.0,0.0,0.0
759,6217728,1235.178039033432,1174.8730517695167,6.972668227994291,0.1881036090053385,36,27,0,9,0.75,0.0,0.25,0.014037453808123245,0.44054444283246996,0.029696131288073958,-5.2347335577011105,0.03514094102283707,0.046586595475673676,0.02952391654253006,0.07686133682727814,1.0,0,0.0,0.0,0.0,0.0,0.0,0.0,0.0,0.0,0.0,0.0,0.0
760,6225920,1235.0694470028654,1190.600928920865,6.8805590530027985,0.19164091299899155,37,29,0,8,0.7837837837837838,0.0,0.21621621621621623,0.015087306802161037,0.4336122114211321,0.02704523680731654,-5.236803585290909,0.0448068465833785,0.04637059569358826,0.029531795531511307,0.07645973563194275,1.0,0,0.0,0.0,0.0,0.0,0.0,0.0,0.0,0.0,0.0,0.0,0.0
761,6234112,1234.8737569239,1123.371159574662,7.292336045997217,0.13408313100080704,51,38,0,13,0.7450980392156863,0.0,0.2549019607843137,0.008916094113374129,0.5851101607084275,0.031834452296607196,-5.245283126831055,0.03647574561910005,0.04628830403089523,0.029555391520261765,0.07615095376968384,1.0,0,0.0,0.0,0.0,0.0,0.0,0.0,0.0,0.0,0.0,0.0,0.0
762,6242304,1234.7907681329475,1199.9194683543215,6.827124832998379,0.13646025800699135,39,29,0,10,0.7435897435897436,0.0,0.2564102564102564,0.011892797821201385,0.5076071228832006,0.037054636725224556,-5.243848878145218,0.03196006540529197,0.046321868896484375,0.029656672850251198,0.07597316056489944,1.0,0,0.0,0.0,0.0,0.0,0.0,0.0,0.0,0.0,0.0,0.0,0.0
763,6250496,1234.6834099707476,1184.3869957395605,6.916658178000944,0.1548972589953337,35,30,0,5,0.8571428571428571,0.0,0.14285714285714285,0.010708838823484257,0.5035546395927668,0.026876402227208017,-5.242290133237839,0.02986364455136936,0.04631175845861435,0.02938692644238472,0.07617517560720444,1.0,0,0.0,0.0,0.0,0.0,0.0,0.0,0.0,0.0,0.0,0.0,0.0
764,6258688,1234.4430833743481,1102.5733090895428,7.429891448002309,0.18814694399770815,46,39,0,7,0.8478260869565217,0.0,0.15217391304347827,0.007788990493281744,0.5206141166388989,0.03185433556791395,-5.24334853887558,0.02515283440006897,0.0462818369269371,0.029482772573828697,0.07596699893474579,1.0,0,0.0,0.0,0.0,0.0,0.0,0.0,0.0,0.0,0.0,0.0,0.0
765,6266880,1234.3122004492818,1166.3013652377679,7.023913582001114,0.14714407800056506,35,22,0,13,0.6285714285714286,0.0,0.37142857142857144,0.010139227088075131,0.310326861590147,0.041258890624158086,-5.246213340759278,0.03526345050631789,0.04628906771540642,0.029352493584156036,0.07631565630435944,1.0,0,0.0,0.0,0.0,0.0,0.0,0.0,0.0,0.0,0.0,0.0,0.0
766,6275072,1234.0833086632038,1101.8061676368702,7.43506456999603,0.13891878099821042,47,41,0,6,0.8723404255319149,0.0,0.1276595744680851,0.008358558622421696,0.5453298576176167,0.027744598663412036,-5.25358584523201,0.03436957866942976,0.04620954021811485,0.02927687019109726,0.0762740895152092,1.0,0,0.0,0.0,0.0,0.0,0.0,0.0,0.0,0.0,0.0,0.0,0.0
767,6283264,1233.9443035354086,1164.4114650440467,7.035313758002303,0.1734178190017701,51,42,0,9,0.8235294117647058,0.0,0.17647058823529413,0.009357386257033796,0.4136968348175287,0.022824426065199077,-5.26288149356842,0.040502967430802526,0.04603014513850212,0.02914142794907093,0.0760442316532135,1.0,0,0.0,0.0,0.0,0.0,0.0,0.0,0.0,0.0,0.0,0.0,0.0
768,6291456,1233.8897990286737,1219.3378261689825,6.718400613994163,0.14198476900492096,39,38,0,1,0.9743589743589743,0.0,0.02564102564102564,0.005514507627231069,0.3617137987166643,0.022717929142527283,-5.274296253919601,0.02878426358656725,0.045875322073698044,0.029060672968626022,0.07575404644012451,1.0,0,0.0,0.0,0.0,0.0,0.0,0.0,0.0,0.0,0.0,0.0,0.0
769,6299648,1233.7190839229213,1139.018389172644,7.192157806995965,0.14347197199822403,46,42,0,4,0.9130434782608695,0.0,0.08695652173913043,0.010925436764955521,0.4611367147415876,0.024380032834596933,-5.2794508039951324,0.025708836679405066,0.04587460309267044,0.028979551047086716,0.07577478140592575,1.0,0,0.0,0.0,0.0,0.0,0.0,0.0,0.0,0.0,0.0,0.0,0.0
770,6307840,1233.6650092123555,1219.5083592863239,6.717461129002913,0.1437956169975223,42,32,0,10,0.7619047619047619,0.0,0.23809523809523808,0.014874849561601877,0.34808625653386116,0.030153801082633436,-5.278964018821716,0.042996302850951906,0.04591279476881027,0.02890854701399803,0.07586009055376053,1.0,0,0.0,0.0,0.0,0.0,0.0,0.0,0.0,0.0,0.0,0.0,0.0
771,6316032,1233.5375718803994,1171.7472242208291,6.9912689619959565,0.17437399399932474,43,39,0,4,0.9069767441860465,0.0,0.09302325581395349,0.0076790870283730325,0.4316618271172047,0.027291838033124804,-5.28044763803482,0.033192051193327646,0.04595944285392761,0.028799112886190414,0.07628711313009262,1.0,0,0.0,0.0,0.0,0.0,0.0,0.0,0.0,0.0,0.0,0.0,0.0
772,6324224,1233.4630126594566,1207.7866254391972,6.782655004994012,0.1566565650064149,37,32,0,5,0.8648648648648649,0.0,0.13513513513513514,0.008474711084272713,0.4605536341667175,0.025217455555684866,-5.280557405948639,0.029517732436943334,0.045838065445423126,0.02894981950521469,0.07563037425279617,1.0,0,0.0,0.0,0.0,0.0,0.0,0.0,0.0,0.0,0.0,0.0,0.0
773,6332416,1233.3671402873122,1192.3355566566788,6.870549112005392,0.16649749600037467,50,41,0,9,0.82,0.0,0.18,0.008015141828218475,0.408691431581974,0.022832240886054934,-5.276698195934296,0.032884910760913044,0.045889101922512054,0.028989771381020546,0.07550836354494095,1.0,0,0.0,0.0,0.0,0.0,0.0,0.0,0.0,0.0,0.0,0.0,0.0
774,6340608,1233.2942950894367,1212.7729970346268,6.7547678090049885,0.1850216070015449,34,32,0,2,0.9411764705882353,0.0,0.058823529411764705,0.008362194339861162,0.3261379776522517,0.022688488382846116,-5.283037716150284,0.02904082910681609,0.045527130365371704,0.029055694118142128,0.07445719838142395,1.0,0,0.0,0.0,0.0,0.0,0.0,0.0,0.0,0.0,0.0,0.0,0.0
775,6348800,1233.2023448034172,1205.0683295141935,6.797954770998331,0.2135150309986784,38,35,0,3,0.9210526315789473,0.0,0.07894736842105263,0.006509851629380137,0.4163184780627489,0.022289686370640993,-5.290496009588241,0.0336517593183089,0.04554615542292595,0.028993897140026093,0.07478594034910202,1.0,0,0.0,0.0,0.0,0.0,0.0,0.0,0.0,0.0,0.0,0.0,0.0
776,6356992,1233.013202376618,1125.7578298664782,7.276875880997977,0.15271557899541222,54,50,0,4,0.9259259259259259,0.0,0.07407407407407407,0.010833022772567346,0.4388087149709463,0.024506220314651727,-5.289265024662018,0.03877181250572903,0.045667149126529694,0.029054861515760422,0.07507885992527008,1.0,0,0.0,0.0,0.0,0.0,0.0,0.0,0.0,0.0,0.0,0.0,0.0
777,6365184,1232.844698191807,1145.889875816466,7.149029041000176,0.19598742100060917,43,42,0,1,0.9767441860465116,0.0,0.023255813953488372,0.004792116922908462,0.37269001863896845,0.02529888532590121,-5.295133930444718,0.029214301466709003,0.045490436255931854,0.028867216780781746,0.07504764944314957,1.0,0,0.0,0.0,0.0,0.0,0.0,0.0,0.0,0.0,0.0,0.0,0.0
778,6373376,1232.6775443261345,1137.9515548344073,7.198900484996557,0.1407576310011791,50,45,0,5,0.9,0.0,0.1,0.007917896844446659,0.31456136964261533,0.02541143321432173,-5.309100937843323,0.030426051684480628,0.045241277664899826,0.02886928990483284,0.07439475506544113,1.0,0,0.0,0.0,0.0,0.0,0.0,0.0,0.0,0.0,0.0,0.0,0.0
779,6381568,1232.4785360883907,1121.5391349216382,7.304248015003395,0.17349787200510036,42,39,0,3,0.9285714285714286,0.0,0.07142857142857142,0.011708952905610203,0.2667734740301967,0.026172885415144266,-5.314750558137893,0.035274806153029206,0.04516982287168503,0.02906249649822712,0.07408098131418228,1.0,0,0.0,0.0,0.0,0.0,0.0,0.0,0.0,0.0,0.0,0.0,0.0
780,6389760,1232.3595693003244,1175.1329694044553,6.9711260030017,0.1727992180021829,39,37,0,2,0.9487179487179487,0.0,0.05128205128205128,0.008235516064451076,0.2075760355219245,0.02734311716631055,-5.31210333108902,0.034730383713031186,0.045191310346126556,0.029264511540532112,0.07394111901521683,1.0,0,0.0,0.0,0.0,0.0,0.0,0.0,0.0,0.0,0.0,0.0,0.0
781,6397952,1232.1781315054545,1133.4434346708813,7.227533151999523,0.1808084090007469,47,45,0,2,0.9574468085106383,0.0,0.0425531914893617,0.008438266697339714,0.2690936513245106,0.02387035780120641,-5.310927945375442,0.03668797634163638,0.04518803954124451,0.029239419847726822,0.07400194555521011,1.0,0,0.0,0.0,0.0,0.0,0.0,0.0,0.0,0.0,0.0,0.0,0.0
782,6406144,1232.042126629117,1156.422651862919,7.08391519900033,0.13515392800036352,41,41,0,0,1.0,0.0,0.0,0.009160346433054656,0.23669960871338844,0.025599021324887873,-5.315313166379928,0.03145357516477816,0.04504161328077316,0.029221732169389725,0.07366278767585754,1.0,0,0.0,0.0,0.0,0.0,0.0,0.0,0.0,0.0,0.0,0.0,0.0
783,6414336,1231.8932979940164,1147.1329541960008,7.14128207199974,0.13348956299887504,47,43,0,4,0.9148936170212766,0.0,0.0851063829787234,0.007843663904350252,0.2383897352963686,0.024367454834282397,-5.321740728616715,0.0427581719472073,0.044915735721588135,0.029444362968206406,0.07323908060789108,1.0,0,0.0,0.0,0.0,0.0,0.0,0.0,0.0,0.0,0.0,0.0,0.0
784,6422528,1231.7012568571533,1121.111897890162,7.307031542004552,0.1523669090020121,55,53,0,2,0.9636363636363636,0.0,0.03636363636363636,0.003575887612532824,0.24331908226013182,0.02742282908875495,-5.321900004148484,0.03206935847119894,0.04488193243741989,0.029501842334866524,0.07285873591899872,1.0,0,0.0,0.0,0.0,0.0,0.0,0.0,0.0,0.0,0.0,0.0,0.0
785,6430720,1231.593897390113,1180.0756819903802,6.941927644998941,0.16101073999743676,38,36,0,2,0.9473684210526315,0.0,0.05263157894736842,0.007200189511058852,0.24219779148697854,0.02777555356733501,-5.324784976243973,0.029457125836052,0.04469060152769089,0.02934577688574791,0.07255169004201889,1.0,0,0.0,0.0,0.0,0.0,0.0,0.0,0.0,0.0,0.0,0.0,0.0
786,6438912,1231.423513298067,1131.5801285017735,7.239434303999587,0.13236849299573805,43,39,0,4,0.9069767441860465,0.0,0.09302325581395349,0.0069370136072393505,0.21647342517971993,0.03191907817963511,-5.330292981863022,0.028852445774828085,0.04477634280920029,0.029448548331856728,0.07263940572738647,1.0,0,0.0,0.0,0.0,0.0,0.0,0.0,0.0,0.0,0.0,0.0,0.0
787,6447104,1231.237954971345,1128.5458468817951,7.258898716994736,0.17924307499924907,49,46,0,3,0.9387755102040817,0.0,0.061224489795918366,0.011682826036121696,0.26394123286008836,0.03122434641700238,-5.329736483097077,0.030610240426904058,0.04468061774969101,0.029492665082216263,0.07254642993211746,1.0,0,0.0,0.0,0.0,0.0,0.0,0.0,0.0,0.0,0.0,0.0,0.0
788,6455296,1231.0913602091236,1162.4457257945824,7.047210737000569,0.22034532300313003,40,32,0,8,0.8,0.0,0.2,0.008597563378862106,0.33611605428159236,0.03385117002762854,-5.341554480791092,0.025322630754089914,0.04444485157728195,0.0294562429189682,0.07232560217380524,1.0,0,0.0,0.0,0.0,0.0,0.0,0.0,0.0,0.0,0.0,0.0,0.0
789,6463488,1230.9945818810072,1187.3986723932912,6.8991150069996365,0.164310365995334,41,35,0,6,0.8536585365853658,0.0,0.14634146341463414,0.015087341913022101,0.31240310706198215,0.038464475865475835,-5.3554175913333895,0.043921966844936836,0.044243644922971725,0.029602568596601486,0.0715939998626709,1.0,0,0.0,0.0,0.0,0.0,0.0,0.0,0.0,0.0,0.0,0.0,0.0
790,6471680,1230.8430520150077,1142.5721052280128,7.169788202001655,0.12842929900216404,39,35,0,4,0.8974358974358975,0.0,0.10256410256410256,0.0123784724943107,0.34908017292618754,0.04485128903761506,-5.357326406240463,0.035416700744826814,0.04420384764671326,0.029500380158424377,0.0715237408876419,1.0,0,0.0,0.0,0.0,0.0,0.0,0.0,0.0,0.0,0.0,0.0,0.0
791,6479872,1230.7532839235862,1192.1989915483323,6.871336125994276,0.16530318099830765,38,30,0,8,0.7894736842105263,0.0,0.21052631578947367,0.007822735238005408,0.361746883764863,0.03320449583698064,-5.36454416513443,0.03334355881379451,0.044035397469997406,0.029505550861358643,0.07119648903608322,1.0,0,0.0,0.0,0.0,0.0,0.0,0.0,0.0,0.0,0.0,0.0,0.0
792,6488064,1230.681444461412,1207.912569951762,6.781947802999639,0.1776151310041314,32,21,0,11,0.65625,0.0,0.34375,0.012230562837794423,0.29132692255079745,0.036966008180752394,-5.3684738099575045,0.028766643359267617,0.04411474987864494,0.029515443369746208,0.07151895016431808,1.0,0,0.0,0.0,0.0,0.0,0.0,0.0,0.0,0.0,0.0,0.0,0.0
793,6496256,1230.6404352691607,1234.4044353633924,6.636398708003981,0.19295744199916953,29,21,0,8,0.7241379310344828,0.0,0.27586206896551724,0.009557779249735176,0.29016205854713917,0.030362799135036766,-5.368693745136261,0.02885171708621783,0.044115521013736725,0.029406212270259857,0.07161935418844223,1.0,0,0.0,0.0,0.0,0.0,0.0,0.0,0.0,0.0,0.0,0.0,0.0
794,6504448,1230.560171447252,1196.4425940421042,6.846964527001546,0.1491282780043548,35,23,0,12,0.6571428571428571,0.0,0.34285714285714286,0.005181422014720738,0.3291456442326307,0.03146332665346563,-5.37443253993988,0.026777203360688874,0.043960314244031906,0.02942616492509842,0.07137684524059296,1.0,0,0.0,0.0,0.0,0.0,0.0,0.0,0.0,0.0,0.0,0.0,0.0
795,6512640,1230.4646553963228,1191.8975639324742,6.873073868002393,0.19118305899610277,37,24,0,13,0.6486486486486487,0.0,0.35135135135135137,0.010497019917238504,0.35337561294436454,0.02907536251004785,-5.385832482576371,0.03388938464486273,0.043804436922073364,0.029205065220594406,0.07123956084251404,1.0,0,0.0,0.0,0.0,0.0,0.0,0.0,0.0,0.0,0.0,0.0,0.0
796,6520832,1230.3247463525583,1157.851506105753,7.075173247001658,0.18194017899804749,39,28,0,11,0.717948717948718,0.0,0.28205128205128205,0.012981998102623038,0.5058786325156689,0.03166189903859049,-5.388621520996094,0.03948220108286478,0.044001348316669464,0.02936471626162529,0.07166675478219986,1.0,0,0.0,0.0,0.0,0.0,0.0,0.0,0.0,0.0,0.0,0.0,0.0
797,6529024,1230.249960587232,1203.7360072923248,6.805478900998423,0.16489621400251053,31,15,0,16,0.4838709677419355,0.0,0.5161290322580645,0.011114791774889454,0.3278023224323988,0.03340790425427258,-5.3848785042762755,0.03813169049390126,0.0439247190952301,0.029016884043812752,0.07163241505622864,1.0,0,0.0,0.0,0.0,0.0,0.0,0.0,0.0,0.0,0.0,0.0,0.0
798,6537216,1230.2152298972655,1229.6918274798052,6.661831702003838,0.1436032509955112,26,14,0,12,0.5384615384615384,0.0,0.46153846153846156,0.01010631289682351,0.30833127796649934,0.03673280053772032,-5.392706334590912,0.03167908726609312,0.043907225131988525,0.028822481632232666,0.07186583429574966,1.0,0,0.0,0.0,0.0,0.0,0.0,0.0,0.0,0.0,0.0,0.0,0.0
799,6545408,1230.1307837453803,1202.4070208809237,6.813000804002513,0.20828140000230633,27,16,0,11,0.5925925925925926,0.0,0.4074074074074074,0.011190189560875297,0.36041964292526246,0.0365065349265933,-5.397280341386795,0.0351731695671333,0.043953098356723785,0.028805574402213097,0.07238151133060455,1.0,0,0.0,0.0,0.0,0.0,0.0,0.0,0.0,0.0,0.0,0.0,0.0
800,6553600,1230.0599051609977,1203.268508931987,6.808122990994889,0.1547478759966907,33,19,0,14,0.5757575757575758,0.0,0.42424242424242425,0.014826708781765775,0.4048749480396509,0.03152316005434841,-5.407125777006149,0.04201001379988156,0.043694667518138885,0.0287946704775095,0.07173008471727371,1.0,0,0.0,0.0,0.0,0.0,0.0,0.0,0.0,0.0,0.0,0.0,0.0
801,6561792,1230.0445138725454,1253.7718258796244,6.533884260999912,0.1894430629981798,28,14,0,14,0.5,0.0,0.5,0.006807655608281493,0.3390404675155878,0.032475113216787574,-5.417379504442215,0.032980240814504215,0.04350753128528595,0.02868782728910446,0.0711512491106987,1.0,0,0.0,0.0,0.0,0.0,0.0,0.0,0.0,0.0,0.0,0.0,0.0
802,6569984,1229.9424469668793,1180.6221381831035,6.93871454300097,0.16129153899964876,40,20,0,20,0.5,0.0,0.5,0.00818551957490854,0.40988695733249186,0.027460037870332597,-5.4215546429157255,0.037994480937777554,0.04338885471224785,0.028724435716867447,0.07052168995141983,1.0,0,0.0,0.0,0.0,0.0,0.0,0.0,0.0,0.0,0.0,0.0,0.0
803,6578176,1229.8765916297723,1206.49712747622,6.789904271994601,0.15392784599680454,36,21,0,15,0.5833333333333334,0.0,0.4166666666666667,0.005430045939283446,0.49213984571397307,0.0252820847555995,-5.421503192186355,0.02990187342657009,0.043374694883823395,0.02879476547241211,0.07046474516391754,1.0,0,0.0,0.0,0.0,0.0,0.0,0.0,0.0,0.0,0.0,0.0,0.0
804,6586368,1229.7430961936561,1164.1363818740253,7.036976189003326,0.20217261900688754,45,37,0,8,0.8222222222222222,0.0,0.17777777777777778,0.006897227687295527,0.6114101983606816,0.024587754136882724,-5.42698302268982,0.03529959064326249,0.04317302256822586,0.028577305376529694,0.06993640959262848,1.0,0,0.0,0.0,0.0,0.0,0.0,0.0,0.0,0.0,0.0,0.0,0.0
805,6594560,1229.5803701596758,1135.557958011161,7.214074757001072,0.15205185700324364,50,39,0,11,0.78,0.0,0.22,0.0026382849900983274,0.5458576064556837,0.027085735555738212,-5.448667371273041,0.02334268207632704,0.042750757187604904,0.02821929194033146,0.06918562948703766,1.0,0,0.0,0.0,0.0,0.0,0.0,0.0,0.0,0.0,0.0,0.0,0.0
806,6602752,1229.487735535364,1183.859627391662,6.919739308999851,0.14390546800132142,40,31,0,10,0.775,0.0,0.25,0.010413629526738077,0.4095684185624123,0.024930020002648233,-5.470044499635696,0.03788599368854193,0.04254254698753357,0.028205791488289833,0.0689866915345192,1.0,0,0.0,0.0,0.0,0.0,0.0,0.0,0.0,0.0,0.0,0.0,0.0
807,6610944,1229.3759431750743,1170.9749156601363,6.995880006004882,0.15284062199498294,44,40,0,4,0.9090909090909091,0.0,0.09090909090909091,0.007341310387710109,0.48240371942520144,0.02466311757452786,-5.481851959228516,0.02964933013136033,0.04249520227313042,0.028011705726385117,0.06909259408712387,1.0,0,0.0,0.0,0.0,0.0,0.0,0.0,0.0,0.0,0.0,0.0,0.0
808,6619136,1229.2171032227536,1144.4659295350266,7.157923874001426,0.19851583799754735,43,39,0,4,0.9069767441860465,0.0,0.09302325581395349,0.009372744045685976,0.3898046027868986,0.02284380914643407,-5.4924495100975035,0.046054395053943153,0.04228170961141586,0.02786368876695633,0.06880582123994827,1.0,0,0.0,0.0,0.0,0.0,0.0,0.0,0.0,0.0,0.0,0.0,0.0
809,6627328,1229.0715697551925,1145.3760803625548,7.152235968998866,0.1474069120013155,45,44,0,1,0.9777777777777777,0.0,0.022222222222222223,0.01159296672558412,0.3672055214643478,0.02328552908729762,-5.50245509147644,0.04379308520728955,0.042265087366104126,0.027782147750258446,0.06879705935716629,1.0,0,0.0,0.0,0.0,0.0,0.0,0.0,0.0,0.0,0.0,0.0,0.0
810,6635520,1228.9824067513641,1188.893075909878,6.890443023003172,0.16283094399841502,40,37,0,3,0.925,0.0,0.075,0.00446360144414939,0.2530517907813191,0.025933355512097477,-5.508390128612518,0.027295621593657414,0.04201119393110275,0.027636390179395676,0.06827624887228012,1.0,0,0.0,0.0,0.0,0.0,0.0,0.0,0.0,0.0,0.0,0.0,0.0
811,6643712,1228.8269322876806,1136.8256608667002,7.206030160996306,0.14033408199611586,56,52,0,4,0.9285714285714286,0.0,0.07142857142857142,0.006863977515604347,0.3114060521125793,0.023222537757828832,-5.521093511581421,0.03586879279318964,0.041963085532188416,0.027554789558053017,0.06821370124816895,1.0,0,0.0,0.0,0.0,0.0,0.0,0.0,0.0,0.0,0.0,0.0,0.0
812,6651904,1228.6660730086487,1140.206168923151,7.18466556599742,0.1801440250055748,49,48,0,1,0.9795918367346939,0.0,0.02040816326530612,0.00551203791401349,0.24077701661735773,0.024076890014111996,-5.5272078037261965,0.035097749810665844,0.041860900819301605,0.027521776035428047,0.06808928400278091,1.0,0,0.0,0.0,0.0,0.0,0.0,0.0,0.0,0.0,0.0,0.0,0.0
813,6660096,1228.610300592024,1210.6954167371955,6.766359140994609,0.14381690799928037,33,31,0,2,0.9393939393939394,0.0,0.06060606060606061,0.010139955440536141,0.24541516304016114,0.023300879960879685,-5.530071741342544,0.03139330189442262,0.04189523309469223,0.027513153851032257,0.0681481584906578,1.0,0,0.0,0.0,0.0,0.0,0.0,0.0,0.0,0.0,0.0,0.0,0.0
814,6668288,1228.5147177648348,1179.6207230920554,6.944605024000339,0.1421819509996567,40,37,0,3,0.925,0.0,0.075,0.006910168676404283,0.3341962996870279,0.02370650174561888,-5.534230482578278,0.024988817323173863,0.04190590977668762,0.027242811396718025,0.06885641813278198,1.0,0,0.0,0.0,0.0,0.0,0.0,0.0,0.0,0.0,0.0,0.0,0.0
815,6676480,1228.475329587175,1222.117352144652,6.703120600999682,0.13604745900374837,40,36,0,4,0.9,0.0,0.1,0.012096031854161993,0.3183237951248884,0.02574777081608772,-5.543678271770477,0.02964308084192453,0.04186798259615898,0.027194194495677948,0.06889751553535461,1.0,0,0.0,0.0,0.0,0.0,0.0,0.0,0.0,0.0,0.0,0.0,0.0
816,6684672,1228.319858212123,1146.1743391321727,7.147254758994677,0.20693880900216755,44,40,0,4,0.9090909090909091,0.0,0.09090909090909091,0.010098636776092462,0.3243115279823542,0.024992129346355797,-5.550562244653702,0.026643276917457114,0.04173387587070465,0.027096951380372047,0.06864065676927567,1.0,0,0.0,0.0,0.0,0.0,0.0,0.0,0.0,0.0,0.0,0.0,0.0
817,6692864,1228.204495937604,1175.2515246996948,6.970422780002991,0.20020884000405204,38,36,0,2,0.9473684210526315,0.0,0.05263157894736842,0.007830179354641587,0.2759390937164426,0.025711521599441768,-5.55768067240715,0.0327517869809526,0.04164254665374756,0.026933038607239723,0.06847091764211655,1.0,0,0.0,0.0,0.0,0.0,0.0,0.0,0.0,0.0,0.0,0.0,0.0
818,6701056,1228.1164856058563,1189.1381121789332,6.889023164003447,0.16579212399665266,39,36,0,3,0.9230769230769231,0.0,0.07692307692307693,0.004729863116517663,0.3164046296849847,0.026555816759355366,-5.562404769659042,0.024431818975426723,0.041538022458553314,0.02687234804034233,0.06793877482414246,1.0,0,0.0,0.0,0.0,0.0,0.0,0.0,0.0,0.0,0.0,0.0,0.0
819,6709248,1227.9050680731066,1098.1845598154414,7.459584026000812,0.14823345599870663,46,43,0,3,0.9347826086956522,0.0,0.06521739130434782,0.006829001585720107,0.258838208951056,0.026209719409234822,-5.565190172195434,0.030990707862656564,0.041353337466716766,0.026914602145552635,0.06739102303981781,1.0,0,0.0,0.0,0.0,0.0,0.0,0.0,0.0,0.0,0.0,0.0,0.0
820,6717440,1227.7517196387785,1139.0389156527124,7.192028198005573,0.15974764099519234,46,43,0,3,0.9347826086956522,0.0,0.06521739130434782,0.009441664209589362,0.2392898129299283,0.02657419282477349,-5.578676903247834,0.045426815132668705,0.04111918807029724,0.026852693408727646,0.06707365810871124,1.0,0,0.0,0.0,0.0,0.0,0.0,0.0,0.0,0.0,0.0,0.0,0.0
821,6725632,1227.577205205471,1125.0687489857469,7.28133281400369,0.1667194620022201,55,53,0,2,0.9636363636363636,0.0,0.03636363636363636,0.007350099110044539,0.2521373424679041,0.024867957551032306,-5.588348031044006,0.03827438352745958,0.04110952466726303,0.026994509622454643,0.06697587668895721,1.0,0,0.0,0.0,0.0,0.0,0.0,0.0,0.0,0.0,0.0,0.0,0.0
822,6733824,1227.5036479153546,1202.297786677712,6.813619796004787,0.1826446529958048,38,37,0,1,0.9736842105263158,0.0,0.02631578947368421,0.019431090200669132,0.15959941670298577,0.02853207141160965,-5.591814839839936,0.06105978006962687,0.04091182351112366,0.027013882994651794,0.0664290189743042,1.0,0,0.0,0.0,0.0,0.0,0.0,0.0,0.0,0.0,0.0,0.0,0.0
823,6742016,1227.3490460722412,1138.1781961384381,7.1974669940027525,0.1620148000001791,42,39,0,3,0.9285714285714286,0.0,0.07142857142857142,0.005141278466908261,0.18542351815849542,0.02692195251584053,-5.596072924137116,0.029335173043364193,0.040842629969120026,0.027007197961211205,0.06595298647880554,1.0,0,0.0,0.0,0.0,0.0,0.0,0.0,0.0,0.0,0.0,0.0,0.0
824,6750208,1227.1302756912992,1093.2285756056526,7.493400906998431,0.15770377199805807,59,57,0,2,0.9661016949152542,0.0,0.03389830508474576,0.012787448154995218,0.21885306015610695,0.027704473421908914,-5.593881493806839,0.04507174812897574,0.0408017598092556,0.02704179659485817,0.06563515961170197,1.0,0,0.0,0.0,0.0,0.0,0.0,0.0,0.0,0.0,0.0,0.0,0.0
825,6758400,1226.9592781954207,1127.7832009317528,7.2638074350034,0.1763545969952247,41,37,0,4,0.9024390243902439,0.0,0.0975609756097561,0.009978210722329095,0.17832770124077796,0.023863371764309704,-5.595500659942627,0.032706148088618645,0.04064805060625076,0.02703358419239521,0.06516249477863312,1.0,0,0.0,0.0,0.0,0.0,0.0,0.0,0.0,0.0,0.0,0.0,0.0
826,6766592,1226.899224173432,1210.1359787129188,6.769487184996251,0.17418715300300391,32,32,0,0,1.0,0.0,0.0,0.00838073631748557,0.19996336847543716,0.026578902429901064,-5.598118448257447,0.031075807435263413,0.04063422232866287,0.027003083378076553,0.06482556462287903,1.0,0,0.0,0.0,0.0,0.0,0.0,0.0,0.0,0.0,0.0,0.0,0.0
827,6774784,1226.8136399581135,1183.640553613838,6.9210200469970005,0.13793350599735277,41,37,0,4,0.9024390243902439,0.0,0.0975609756097561,0.011215508746681735,0.307904452085495,0.03020369119476527,-5.595923978090286,0.029206033046648372,0.04051990807056427,0.02703888900578022,0.06441960483789444,1.0,0,0.0,0.0,0.0,0.0,0.0,0.0,0.0,0.0,0.0,0.0,0.0
828,6782976,1226.660050201979,1139.7758648653003,7.187378021000768,0.1793547449997277,40,38,0,2,0.95,0.0,0.05,0.008824530721176416,0.30173002295196055,0.0369745347648859,-5.599009263515472,0.023548478179145606,0.040606625378131866,0.027049090713262558,0.06486179679632187,1.0,0,0.0,0.0,0.0,0.0,0.0,0.0,0.0,0.0,0.0,0.0,0.0
829,6791168,1226.5671817115076,1185.3178735645563,6.911226247997547,0.1802145890032989,32,29,0,3,0.90625,0.0,0.09375,0.007337533810641617,0.3642587013542652,0.03137396955862641,-5.600999063253402,0.023317666766524782,0.04050373286008835,0.027099620550870895,0.06459000706672668,1.0,0,0.0,0.0,0.0,0.0,0.0,0.0,0.0,0.0,0.0,0.0,0.0
830,6799360,1226.425311764167,1144.2667824755104,7.15916963199561,0.157825900001626,43,26,0,17,0.6046511627906976,0.0,0.3953488372093023,0.007534758100518957,0.36801749691367147,0.0352047139313072,-5.604859721660614,0.02755500985804247,0.04050561785697937,0.026907075196504593,0.06477372348308563,1.0,0,0.0,0.0,0.0,0.0,0.0,0.0,0.0,0.0,0.0,0.0,0.0
831,6807552,1226.3859826985372,1218.5751522549801,6.722605483002553,0.13200746800430352,37,27,0,10,0.7297297297297297,0.0,0.2702702702702703,0.01289252688002307,0.41912512220442294,0.036715646367520095,-5.609293740987778,0.036175651985104196,0.04055511951446533,0.026990434154868126,0.06515730917453766,1.0,0,0.0,0.0,0.0,0.0,0.0,0.0,0.0,0.0,0.0,0.0,0.0
832,6815744,1226.3586334106283,1237.5181202473627,6.619701050003641,0.1727023050043499,32,28,0,4,0.875,0.0,0.125,0.00663346191868186,0.30962154995650054,0.03152852253988385,-5.614509856700897,0.029181468911701813,0.04052193462848663,0.026783892884850502,0.06540823727846146,1.0,0,0.0,0.0,0.0,0.0,0.0,0.0,0.0,0.0,0.0,0.0,0.0
833,6823936,1226.1982352713787,1133.561204042029,7.226782260004256,0.1776987420016667,52,36,0,16,0.6923076923076923,0.0,0.3076923076923077,0.0177378726482857,0.4438188299536705,0.027434416650794446,-5.616351133584976,0.048582379924482666,0.04054231196641922,0.026848794892430305,0.06540585309267044,1.0,0,0.0,0.0,0.0,0.0,0.0,0.0,0.0,0.0,0.0,0.0,0.0
834,6832128,1226.128863266291,1201.5096405424003,6.818089280001004,0.17495025700191036,44,35,0,9,0.7954545454545454,0.0,0.20454545454545456,0.014024143153801561,0.3943160716444254,0.026873887376859786,-5.620376634597778,0.038229370590124746,0.04046754539012909,0.026542741805315018,0.06539440900087357,1.0,0,0.0,0.0,0.0,0.0,0.0,0.0,0.0,0.0,0.0,0.0,0.0
835,6840320,1226.0346583719097,1181.5384220590377,6.933333565000794,0.17282826299924636,41,33,0,8,0.8048780487804879,0.0,0.1951219512195122,0.012977955059614032,0.27539378125220537,0.02727713210042566,-5.626567250490188,0.044083222215704154,0.04042474180459976,0.026611365377902985,0.06526193022727966,1.0,0,0.0,0.0,0.0,0.0,0.0,0.0,0.0,0.0,0.0,0.0,0.0
836,6848512,1225.8437644337644,1113.3287207935807,7.358114317001309,0.1897619500014116,47,43,0,4,0.9148936170212766,0.0,0.0851063829787234,0.0051135459390934555,0.385781667008996,0.025915443315170705,-5.625545728206634,0.03166815492149908,0.04046899825334549,0.026527779176831245,0.06534240394830704,1.0,0,0.0,0.0,0.0,0.0,0.0,0.0,0.0,0.0,0.0,0.0,0.0
837,6856704,1225.6779823861725,1129.7429008132278,7.251207326997246,0.18285539200587664,52,47,0,5,0.9038461538461539,0.0,0.09615384615384616,0.005871284854947589,0.32264008149504664,0.02478651129640639,-5.628227299451828,0.02920619590586284,0.04037441685795784,0.026259884238243103,0.06534426659345627,1.0,0,0.0,0.0,0.0,0.0,0.0,0.0,0.0,0.0,0.0,0.0,0.0
838,6864896,1225.5660347192593,1164.816685952129,7.032866285997443,0.1586143530003028,49,46,0,3,0.9387755102040817,0.0,0.061224489795918366,0.008544561837334185,0.28322794791311023,0.026627283194102347,-5.631350421905518,0.04208781554189045,0.0403660386800766,0.026301300153136253,0.06505105644464493,1.0,0,0.0,0.0,0.0,0.0,0.0,0.0,0.0,0.0,0.0,0.0,0.0
839,6873088,1225.422443093825,1138.8253900562984,7.193376676994376,0.14500433200009866,49,43,0,6,0.8775510204081632,0.0,0.12244897959183673,0.011731643951497972,0.2783592028543353,0.027805140381678937,-5.633950281143188,0.05108666753512807,0.040313586592674255,0.026108870282769203,0.06513354182243347,1.0,0,0.0,0.0,0.0,0.0,0.0,0.0,0.0,0.0,0.0,0.0,0.0
840,6881280,1225.2621128238889,1124.47174509904,7.28519861499808,0.1315893610008061,50,46,0,4,0.92,0.0,0.08,0.0101976782316342,0.3105824861675501,0.031082625919952988,-5.638860809803009,0.03188935183425201,0.04030303657054901,0.026043009012937546,0.06524932384490967,1.0,0,0.0,0.0,0.0,0.0,0.0,0.0,0.0,0.0,0.0,0.0,0.0
841,6889472,1225.162115775115,1174.5456283529104,6.974611971003469,0.1668807169990032,38,37,0,1,0.9736842105263158,0.0,0.02631578947368421,0.010189550911309197,0.2482649903744459,0.03329896158538759,-5.6471002161502835,0.032283583177195395,0.0400879830121994,0.026014419272542,0.06488737463951111,1.0,0,0.0,0.0,0.0,0.0,0.0,0.0,0.0,0.0,0.0,0.0,0.0
842,6897664,1225.0820001581596,1191.5500291231308,6.875078510995081,0.17433682899718406,43,38,0,5,0.8837209302325582,0.0,0.11627906976744186,0.014540759852388873,0.2014201022684574,0.029200948285870255,-5.65075101852417,0.038828241266310216,0.040223829448223114,0.026193823665380478,0.06507978588342667,1.0,0,0.0,0.0,0.0,0.0,0.0,0.0,0.0,0.0,0.0,0.0,0.0
843,6905856,1224.9372809791155,1144.9375072451005,7.154975663004734,0.19460515200626105,45,39,0,6,0.8666666666666667,0.0,0.13333333333333333,0.006658678717212751,0.24380027838051319,0.0315066757844761,-5.644041442871094,0.034809956118988336,0.04020277038216591,0.02623746730387211,0.06494513899087906,1.0,0,0.0,0.0,0.0,0.0,0.0,0.0,0.0,0.0,0.0,0.0,0.0
844,6914048,1224.7460493165333,1106.4023128093993,7.404178304001107,0.16182293000019854,48,44,0,4,0.9166666666666666,0.0,0.08333333333333333,0.016125015140278264,0.25841984506696464,0.032284832070581616,-5.644444102048874,0.05180490249040304,0.040232595056295395,0.026161080226302147,0.06518307328224182,1.0,0,0.0,0.0,0.0,0.0,0.0,0.0,0.0,0.0,0.0,0.0,0.0
845,6922240,1224.703382072186,1218.2475313547607,6.7244133800049894,0.1572575570025947,41,37,0,4,0.9024390243902439,0.0,0.0975609756097561,0.006521014444297179,0.20916668511927128,0.031118309474550188,-5.649730718135833,0.023136416489433032,0.040220245718955994,0.025848418474197388,0.0653124675154686,1.0,0,0.0,0.0,0.0,0.0,0.0,0.0,0.0,0.0,0.0,0.0,0.0
846,6930432,1224.5830613484209,1164.6560663445612,7.0338361999965855,0.2077102599942009,40,37,0,3,0.925,0.0,0.075,0.014555336453486233,0.2003688732162118,0.0329741662601009,-5.6529722809791565,0.04043233379488811,0.040210746228694916,0.025777483358979225,0.06543347984552383,1.0,0,0.0,0.0,0.0,0.0,0.0,0.0,0.0,0.0,0.0,0.0,0.0
847,6938624,1224.4232064595656,1123.5372645615162,7.291257939003117,0.13198243100487161,44,39,0,5,0.8863636363636364,0.0,0.11363636363636363,0.015046758443349972,0.26590813882648945,0.034874571161344646,-5.6576342463493345,0.04196809343993664,0.04009387642145157,0.025707246735692024,0.0652364119887352,1.0,0,0.0,0.0,0.0,0.0,0.0,0.0,0.0,0.0,0.0,0.0,0.0
848,6946816,1224.3346630768453,1179.1778711974184,6.947213138999359,0.15041518399812048,39,36,0,3,0.9230769230769231,0.0,0.07692307692307693,0.006566817028215155,0.24361508507281543,0.03321138899773359,-5.659065616130829,0.027715500658086967,0.04015932232141495,0.0257575660943985,0.06530025601387024,1.0,0,0.0,0.0,0.0,0.0,0.0,0.0,0.0,0.0,0.0,0.0,0.0
849,6955008,1224.1788381730496,1133.633628425472,7.226320563000627,0.18156429199734703,58,47,0,11,0.8103448275862069,0.0,0.1896551724137931,0.011949798814021051,0.21167844906449318,0.04235892374999821,-5.657687073945999,0.03921246996324044,0.040151357650756836,0.025706995278596878,0.06544341892004013,1.0,0,0.0,0.0,0.0,0.0,0.0,0.0,0.0,0.0,0.0,0.0,0.0
850,6963200,1224.0607324014532,1168.6594537013816,7.009740925001097,0.2251963269955013,41,38,0,3,0.926829268292683,0.0,0.07317073170731707,0.014147434156620875,0.29468437004834414,0.03276614837814122,-5.659428209066391,0.04913975021627266,0.04020751267671585,0.02580876648426056,0.06552394479513168,1.0,0,0.0,0.0,0.0,0.0,0.0,0.0,0.0,0.0,0.0,0.0,0.0
851,6971392,1223.998038467513,1201.1851431621997,6.81993117100501,0.16096560599544318,43,39,0,4,0.9069767441860465,0.0,0.09302325581395349,0.01953330256510526,0.3144837379455566,0.03394869468174875,-5.654391711950302,0.05447545055212686,0.04017602652311325,0.02570183575153351,0.0654294341802597,1.0,0,0.0,0.0,0.0,0.0,0.0,0.0,0.0,0.0,0.0,0.0,0.0
852,6979584,1223.886775293929,1162.914793838162,7.04436820599949,0.1634459999986575,44,40,0,4,0.9090909090909091,0.0,0.09090909090909091,0.009454131286474876,0.31131904013454914,0.03177955511491746,-5.655671858787537,0.024586594112042802,0.04026302322745323,0.02570483274757862,0.0656113550066948,1.0,0,0.0,0.0,0.0,0.0,0.0,0.0,0.0,0.0,0.0,0.0,0.0
853,6987776,1223.8382001266057,1211.7850814364565,6.760274676998961,0.1563666289948742,36,33,0,3,0.9166666666666666,0.0,0.08333333333333333,0.010712054430041463,0.2952552380040288,0.03301963959820568,-5.644622623920441,0.03435720804845914,0.040445953607559204,0.025891205295920372,0.06587549299001694,1.0,0,0.0,0.0,0.0,0.0,0.0,0.0,0.0,0.0,0.0,0.0,0.0
854,6995968,1223.6962223567762,1144.8034596648763,7.155813454999588,0.19707698999991408,40,35,0,5,0.875,0.0,0.125,0.016455628781113774,0.3108505327254534,0.03406472804490477,-5.640205061435699,0.0432784126183833,0.04045551270246506,0.025812409818172455,0.06608156114816666,1.0,0,0.0,0.0,0.0,0.0,0.0,0.0,0.0,0.0,0.0,0.0,0.0
855,7004160,1223.6210385709376,1186.352493218832,6.9051989580038935,0.13613862099737162,41,33,0,8,0.8048780487804879,0.0,0.1951219512195122,0.005622160510392859,0.32771583534777166,0.03409363990649581,-5.637583434581757,0.026845014463469853,0.04045134037733078,0.02599656954407692,0.06573590636253357,1.0,0,0.0,0.0,0.0,0.0,0.0,0.0,0.0,0.0,0.0,0.0,0.0
856,7012352,1223.5459156291115,1191.6907054344774,6.874266923994583,0.16956504099653102,37,30,0,7,0.8108108108108109,0.0,0.1891891891891892,0.009716945450054481,0.32875852212309836,0.03156555711757392,-5.635411101579666,0.03649732293415582,0.04042249172925949,0.026168767362833023,0.06564005464315414,1.0,0,0.0,0.0,0.0,0.0,0.0,0.0,0.0,0.0,0.0,0.0,0.0
857,7020544,1223.4195024019457,1152.6752910365294,7.106945090003137,0.17735670399997616,48,38,0,10,0.7916666666666666,0.0,0.20833333333333334,0.009761573001742362,0.34812650699168446,0.03344642345327884,-5.634342932701111,0.037373281626787505,0.04047495871782303,0.026138823479413986,0.06590817123651505,1.0,0,0.0,0.0,0.0,0.0,0.0,0.0,0.0,0.0,0.0,0.0,0.0
858,7028736,1223.3300694593024,1178.1504397044332,6.953271606005728,0.15896393199363956,38,30,0,8,0.7894736842105263,0.0,0.21052631578947367,0.007271806086646393,0.2911294540390372,0.0339308847207576,-5.630005252361298,0.03398735411756206,0.0406465008854866,0.026217389851808548,0.06633017212152481,1.0,0,0.0,0.0,0.0,0.0,0.0,0.0,0.0,0.0,0.0,0.0,0.0
859,7036928,1223.2672477601404,1197.0883288963478,6.843271129000641,0.14533105400187196,41,37,0,4,0.9024390243902439,0.0,0.0975609756097561,0.009648871381068602,0.34379637204110625,0.03399032847955823,-5.622990190982819,0.03427178878482664,0.04069243371486664,0.0264584943652153,0.066417396068573,1.0,0,0.0,0.0,0.0,0.0,0.0,0.0,0.0,0.0,0.0,0.0,0.0
860,7045120,1223.1817218053977,1177.79013401779,6.955398728001455,0.14071021400013706,38,29,0,9,0.7631578947368421,0.0,0.23684210526315788,0.006978550797794014,0.31692691892385483,0.03258037152700126,-5.624942165613175,0.02810737788240658,0.04054660350084305,0.026448151096701622,0.06618493050336838,1.0,0,0.0,0.0,0.0,0.0,0.0,0.0,0.0,0.0,0.0,0.0,0.0
861,7053312,1223.1293907522518,1205.1978345380712,6.797224294001353,0.14353558699804125,40,35,0,5,0.875,0.0,0.125,0.006065969241899438,0.4006299801170826,0.03393819674383849,-5.633704036474228,0.03379537328291917,0.040415626019239426,0.026418667286634445,0.06584946811199188,1.0,0,0.0,0.0,0.0,0.0,0.0,0.0,0.0,0.0,0.0,0.0,0.0
862,7061504,1223.023157041224,1160.4325452023631,7.059436616000312,0.1363540429956629,51,42,0,9,0.8235294117647058,0.0,0.17647058823529413,0.011005350179038942,0.32641448713839055,0.03063957414124161,-5.647227400541306,0.04054556843329919,0.040186114609241486,0.026358451694250107,0.06539405137300491,1.0,0,0.0,0.0,0.0,0.0,0.0,0.0,0.0,0.0,0.0,0.0,0.0
863,7069696,1222.990744336908,1224.561481367966,6.68974169500143,0.1582492919987999,30,26,0,4,0.8666666666666667,0.0,0.13333333333333333,0.004773345863213763,0.2122793322429061,0.0317549847997725,-5.662411296367646,0.029928549367468804,0.03997532278299332,0.0264812633395195,0.06507138162851334,1.0,0,0.0,0.0,0.0,0.0,0.0,0.0,0.0,0.0,0.0,0.0,0.0
864,7077888,1222.8665027947638,1148.8588276930982,7.130554078998102,0.1526804769964656,42,37,0,5,0.8809523809523809,0.0,0.11904761904761904,0.01233466003322974,0.2988864578306675,0.033286665193736555,-5.681705921888351,0.04720906858274247,0.03959827870130539,0.026322385296225548,0.06418406218290329,1.0,0,0.0,0.0,0.0,0.0,0.0,0.0,0.0,0.0,0.0,0.0,0.0
865,7086080,1222.7090752782904,1129.2043763587467,7.254665471999033,0.18715066699951421,51,47,0,4,0.9215686274509803,0.0,0.0784313725490196,0.012007689368329012,0.267221331782639,0.026288253325037658,-5.690140759944915,0.04633429748646449,0.03969157487154007,0.02631138078868389,0.06434725970029831,1.0,0,0.0,0.0,0.0,0.0,0.0,0.0,0.0,0.0,0.0,0.0,0.0
866,7094272,1222.6268077938853,1193.722078613758,6.862568889999238,0.22362233600142645,41,40,0,1,0.975609756097561,0.0,0.024390243902439025,0.010358627134701237,0.1945415437221527,0.027691409667022528,-5.689952230453491,0.0417816320550628,0.039514243602752686,0.026263227686285973,0.06380799412727356,1.0,0,0.0,0.0,0.0,0.0,0.0,0.0,0.0,0.0,0.0,0.0,0.0
867,7102464,1222.493072623843,1142.1544124374602,7.172410236998985,0.16025710499525303,49,44,0,5,0.8979591836734694,0.0,0.10204081632653061,0.005938868061639369,0.23091262374073268,0.028168391110375522,-5.691933375597,0.0360207979392726,0.039546992629766464,0.026304323226213455,0.06376563757658005,1.0,0,0.0,0.0,0.0,0.0,0.0,0.0,0.0,0.0,0.0,0.0,0.0
868,7110656,1222.3974152436797,1168.8038868512945,7.008874707003997,0.14435304399376037,40,38,0,2,0.95,0.0,0.05,0.006756025715731084,0.23901782725006343,0.030242372280918063,-5.693153917789459,0.0272378437264706,0.03942102938890457,0.026283569633960724,0.06357941776514053,1.0,0,0.0,0.0,0.0,0.0,0.0,0.0,0.0,0.0,0.0,0.0,0.0
869,7118848,1222.2771538727266,1152.6511706474478,7.10709381000197,0.16442462499981048,48,44,0,4,0.9166666666666666,0.0,0.08333333333333333,0.008712220279267057,0.3078510597348213,0.029698543553240597,-5.712555468082428,0.040157156753411985,0.03906558081507683,0.026023734360933304,0.06270938366651535,1.0,0,0.0,0.0,0.0,0.0,0.0,0.0,0.0,0.0,0.0,0.0,0.0
870,7127040,1222.2140106332859,1194.1135384240572,6.8603191709989915,0.1400087839938351,33,31,0,2,0.9393939393939394,0.0,0.06060606060606061,0.006234848458552733,0.24753926564007997,0.030628353310748934,-5.724712842702866,0.03133907354203984,0.03891037032008171,0.02594805136322975,0.06226804852485657,1.0,0,0.0,0.0,0.0,0.0,0.0,0.0,0.0,0.0,0.0,0.0,0.0
871,7135232,1222.056354395509,1120.1955804823344,7.313008676996105,0.1394309940005769,51,45,0,6,0.8823529411764706,0.0,0.11764705882352941,0.004591447504935786,0.2979530308395624,0.02953289062716067,-5.733310472965241,0.026599302217073274,0.038684871047735214,0.026134517043828964,0.06156432256102562,1.0,0,0.0,0.0,0.0,0.0,0.0,0.0,0.0,0.0,0.0,0.0,0.0
872,7143424,1222.001046643057,1206.036466560355,6.792497761998675,0.1718851609984995,34,32,0,2,0.9411764705882353,0.0,0.058823529411764705,0.009437837783480063,0.2879357786849141,0.0271821862552315,-5.736262494325638,0.04038899520382984,0.03871937841176987,0.026227809488773346,0.06154904514551163,1.0,0,0.0,0.0,0.0,0.0,0.0,0.0,0.0,0.0,0.0,0.0,0.0
873,7151616,1221.828758216382,1115.9951799769215,7.340533496004355,0.185243995001656,54,44,0,10,0.8148148148148148,0.0,0.18518518518518517,0.00833006317843683,0.37052079401910304,0.027422336302697657,-5.737520635128021,0.0378328578939545,0.0386355035007,0.026001378893852234,0.061373330652713776,1.0,0,0.0,0.0,0.0,0.0,0.0,0.0,0.0,0.0,0.0,0.0,0.0
874,7159808,1221.7669716061293,1198.372098806309,6.8359401960042305,0.15966337199643021,33,30,0,3,0.9090909090909091,0.0,0.09090909090909091,0.005030312793678604,0.24211422055959703,0.03107036736328155,-5.735942858457565,0.0252651525195688,0.038763999938964844,0.02596198581159115,0.0616101510822773,1.0,0,0.0,0.0,0.0,0.0,0.0,0.0,0.0,0.0,0.0,0.0,0.0
875,7168000,1221.6890680684753,1181.3351552919944,6.934526550998271,0.1415913829987403,40,33,0,7,0.825,0.0,0.175,0.009024932526517659,0.3484977036714554,0.034791560098528865,-5.732798480987549,0.03152926054171985,0.038812778890132904,0.025725338608026505,0.0620650053024292,1.0,0,0.0,0.0,0.0,0.0,0.0,0.0,0.0,0.0,0.0,0.0,0.0
876,7176192,1221.5587014382031,1138.529522730092,7.195246005001536,0.1340102360045421,42,35,0,7,0.8333333333333334,0.0,0.16666666666666666,0.008730926702264696,0.36901538297533987,0.034125993796624246,-5.732408195734024,0.04090363474388141,0.03896758705377579,0.025837771594524384,0.06252997368574142,1.0,0,0.0,0.0,0.0,0.0,0.0,0.0,0.0,0.0,0.0,0.0,0.0
877,7184384,1221.476782624276,1179.2199303914178,6.946965353003179,0.15051801499794237,37,26,0,11,0.7027027027027027,0.0,0.2972972972972973,0.00880830543464981,0.3826382141560316,0.03669334962032735,-5.725710171461105,0.029022919658746104,0.039067044854164124,0.025948552414774895,0.06297439336776733,1.0,0,0.0,0.0,0.0,0.0,0.0,0.0,0.0,0.0,0.0,0.0,0.0
878,7192576,1221.442307769262,1225.2513168026035,6.685975266998867,0.18211306099692592,31,29,0,2,0.9354838709677419,0.0,0.06451612903225806,0.011795429728226735,0.4895767871290445,0.03814006927423179,-5.725314193964005,0.04483679598488379,0.03907163441181183,0.025886211544275284,0.06293955445289612,1.0,0,0.0,0.0,0.0,0.0,0.0,0.0,0.0,0.0,0.0,0.0,0.0
879,7200768,1221.39603932032,1209.716164503579,6.771836435997102,0.14808199300023261,37,22,0,15,0.5945945945945946,0.0,0.40540540540540543,0.022143506654538216,0.4346988156437874,0.04216311955824494,-5.727156567573547,0.05468527407647343,0.03896936774253845,0.02572050131857395,0.06279540061950684,1.0,0,0.0,0.0,0.0,0.0,0.0,0.0,0.0,0.0,0.0,0.0,0.0
880,7208960,1221.3303766186057,1193.5773339655382,6.863401110997074,0.15785041299386648,39,33,0,6,0.8461538461538461,0.0,0.15384615384615385,0.005887586204335093,0.47243383564054964,0.04357720338739455,-5.732802778482437,0.029410144287976437,0.03898528963327408,0.025688448920845985,0.0628543570637703,1.0,0,0.0,0.0,0.0,0.0,0.0,0.0,0.0,0.0,0.0,0.0,0.0
881,7217152,1221.222673126756,1170.429096029381,6.9991424750041915,0.22639461700600805,34,18,0,16,0.5294117647058824,0.0,0.47058823529411764,0.015095607010880484,0.377476791664958,0.04355203229933977,-5.73371599316597,0.048994075470545795,0.03898613154888153,0.0255302544683218,0.06297008693218231,1.0,0,0.0,0.0,0.0,0.0,0.0,0.0,0.0,0.0,0.0,0.0,0.0
882,7225344,1221.0819186894391,1137.9522743817217,7.198895933004678,0.1878459270010353,47,29,0,18,0.6170212765957447,0.0,0.3829787234042553,0.00791372410603799,0.4343460712581873,0.03737522880546749,-5.732792168855667,0.034772781595529524,0.03896168991923332,0.025540409609675407,0.06259626150131226,1.0,0,0.0,0.0,0.0,0.0,0.0,0.0,0.0,0.0,0.0,0.0,0.0
883,7233536,1221.082415150487,1249.0038424401805,6.5588268999999855,0.14186228800099343,35,26,0,9,0.7428571428571429,0.0,0.2571428571428571,0.010563135688425974,0.39998791851103305,0.03584552351385355,-5.738837087154389,0.0391156129699084,0.03876110538840294,0.025472041219472885,0.062203142791986465,1.0,0,0.0,0.0,0.0,0.0,0.0,0.0,0.0,0.0,0.0,0.0,0.0
884,7241728,1221.0243195566861,1197.606022634107,6.840312962005555,0.14744373900612118,36,29,0,7,0.8055555555555556,0.0,0.19444444444444445,0.011993977983365767,0.4391380541026592,0.03618544349446893,-5.741646653413772,0.04493505363352597,0.03885814547538757,0.025546537712216377,0.062312837690114975,1.0,0,0.0,0.0,0.0,0.0,0.0,0.0,0.0,0.0,0.0,0.0,0.0
885,7249920,1220.9000129276208,1146.7966838437321,7.143376080006419,0.16708259000006365,39,27,0,12,0.6923076923076923,0.0,0.3076923076923077,0.00688779468764551,0.4552579719573259,0.0371477204374969,-5.742053961753845,0.0351025668089278,0.038744181394577026,0.025461677461862564,0.06233011931180954,1.0,0,0.0,0.0,0.0,0.0,0.0,0.0,0.0,0.0,0.0,0.0,0.0
886,7258112,1220.8346759574054,1195.7159603064247,6.8511254110053414,0.1738570159941446,40,24,0,16,0.6,0.0,0.4,0.010353497002506628,0.41427310928702354,0.035330326994881034,-5.750062757730484,0.038192604055802805,0.0387156680226326,0.025449415668845177,0.0622430220246315,1.0,0,0.0,0.0,0.0,0.0,0.0,0.0,0.0,0.0,0.0,0.0,0.0
887,7266304,1220.7684723730506,1190.240282895765,6.882643881006516,0.1461933050013613,37,30,0,7,0.8108108108108109,0.0,0.1891891891891892,0.00692991609685123,0.4989992525428534,0.03119890212547034,-5.749574309587478,0.02960146257391898,0.038760390132665634,0.025522327050566673,0.062371641397476196,1.0,0,0.0,0.0,0.0,0.0,0.0,0.0,0.0,0.0,0.0,0.0,0.0
888,7274496,1220.6298375787696,1136.1186653468849,7.210514402999252,0.17053073999704793,45,36,0,10,0.8,0.0,0.2222222222222222,0.005808875864022412,0.4335641376674175,0.0279777561314404,-5.750912350416184,0.03064726200827863,0.03864656388759613,0.0255663450807333,0.06210765242576599,1.0,0,0.0,0.0,0.0,0.0,0.0,0.0,0.0,0.0,0.0,0.0,0.0
889,7282688,1220.5362591626563,1171.7328332925126,6.991354827005125,0.17099227300059283,44,33,0,11,0.75,0.0,0.25,0.011441360192839057,0.42374382466077803,0.02929000265430659,-5.7504729449748995,0.047218716789211614,0.03881033509969711,0.025638306513428688,0.06252767890691757,1.0,0,0.0,0.0,0.0,0.0,0.0,0.0,0.0,0.0,0.0,0.0,0.0
890,7290880,1220.4144337802193,1147.4662103081146,7.139208045002306,0.16444075799518032,55,46,0,9,0.8363636363636363,0.0,0.16363636363636364,0.006971841515041888,0.5148687619715929,0.028163969214074314,-5.73963623046875,0.03774022965517361,0.03894518315792084,0.025920813903212547,0.06274406611919403,1.0,0,0.0,0.0,0.0,0.0,0.0,0.0,0.0,0.0,0.0,0.0,0.0
891,7299072,1220.3527664335725,1194.2703513599968,6.85941838099825,0.15203930400457466,43,35,0,8,0.813953488372093,0.0,0.18604651162790697,0.012495815078727901,0.4330159418284893,0.028057383908890187,-5.729579454660415,0.046161692077293995,0.03908240422606468,0.026095977053046227,0.06297098100185394,1.0,0,0.0,0.0,0.0,0.0,0.0,0.0,0.0,0.0,0.0,0.0,0.0
892,7307264,1220.257545035819,1164.2792068392505,7.0361129459997755,0.14048541800002567,39,36,0,3,0.9230769230769231,0.0,0.07692307692307693,0.014011704979930073,0.4889426063746214,0.03337163657415658,-5.72267507314682,0.043151253323594575,0.03910291939973831,0.025936640799045563,0.06311739236116409,1.0,0,0.0,0.0,0.0,0.0,0.0,0.0,0.0,0.0,0.0,0.0,0.0
893,7315456,1220.2404426681198,1234.643641942573,6.635112935997313,0.15908784700150136,28,24,0,4,0.8571428571428571,0.0,0.14285714285714285,0.008999035926535726,0.44627219513058664,0.03880521203391254,-5.728887075185776,0.023990679344569797,0.03909790515899658,0.025775257498025894,0.06339157372713089,1.0,0,0.0,0.0,0.0,0.0,0.0,0.0,0.0,0.0,0.0,0.0,0.0
894,7323648,1220.236366631144,1247.293957353377,6.567818236995663,0.161245045994292,26,17,0,9,0.6538461538461539,0.0,0.34615384615384615,0.011345655034529046,0.329696698859334,0.04069186453707516,-5.733322489261627,0.03277556098473724,0.039107225835323334,0.0257134810090065,0.0636199340224266,1.0,0,0.0,0.0,0.0,0.0,0.0,0.0,0.0,0.0,0.0,0.0,0.0
895,7331840,1220.1653784803884,1184.3381320580597,6.916943546995753,0.1422300499980338,35,24,0,11,0.6857142857142857,0.0,0.3142857142857143,0.012816875241696835,0.4560326382517815,0.043003073101863264,-5.7370707273483275,0.04079097218636889,0.03908359259366989,0.025643203407526016,0.06363602727651596,1.0,0,0.0,0.0,0.0,0.0,0.0,0.0,0.0,0.0,0.0,0.0,0.0
896,7340032,1220.1183844590623,1208.7274827546282,6.7773754770023515,0.16450904399971478,34,17,0,17,0.5,0.0,0.5,0.007488936898880638,0.3952702686190605,0.05022000190801919,-5.74904482960701,0.028848035106784665,0.03877699375152588,0.02535819634795189,0.0631645992398262,1.0,0,0.0,0.0,0.0,0.0,0.0,0.0,0.0,0.0,0.0,0.0,0.0
897,7348224,1220.0718948557214,1203.9584129159302,6.804221734004386,0.13622088199917926,31,15,0,16,0.4838709677419355,0.0,0.5161290322580645,0.01013117651164066,0.3966000832617283,0.05388677036389709,-5.760873562097549,0.03939221450127661,0.03884023427963257,0.025432469323277473,0.06325749307870865,1.0,0,0.0,0.0,0.0,0.0,0.0,0.0,0.0,0.0,0.0,0.0,0.0
898,7356416,1219.9913759549574,1185.6105885075572,6.9095199380026315,0.19983696599956602,38,20,0,18,0.5263157894736842,0.0,0.47368421052631576,0.014259866974316537,0.48260473012924193,0.05261896061711013,-5.756631481647491,0.050596911378670485,0.03879247233271599,0.025374164804816246,0.06312047690153122,1.0,0,0.0,0.0,0.0,0.0,0.0,0.0,0.0,0.0,0.0,0.0,0.0
899,7364608,1219.980615744686,1252.7291481334623,6.539322575998085,0.22497795499657514,26,11,0,15,0.4230769230769231,0.0,0.5769230769230769,0.012905702608986758,0.35573499109596013,0.0526304847560823,-5.758406192064285,0.034530954695947004,0.03896252065896988,0.025324121117591858,0.06382859498262405,1.0,0,0.0,0.0,0.0,0.0,0.0,0.0,0.0,0.0,0.0,0.0,0.0
900,7372800,1219.9314727145631,1206.0686675834668,6.792316407998442,0.16233739500603406,29,15,0,14,0.5172413793103449,0.0,0.4827586206896552,0.007009852811461314,0.3723485842347145,0.048201526934280994,-5.761063402891159,0.029995209521439394,0.03885205090045929,0.025183694437146187,0.06380637735128403,1.0,0,0.0,0.0,0.0,0.0,0.0,0.0,0.0,0.0,0.0,0.0,0.0
901,7380992,1219.8700066334122,1193.481352059153,6.863953077998303,0.15263108700310113,38,23,0,15,0.6052631578947368,0.0,0.39473684210526316,0.011608714109752328,0.5343542184680701,0.03820737903006375,-5.772978031635285,0.04420526274043368,0.03876123204827309,0.02489405684173107,0.0637824684381485,1.0,0,0.0,0.0,0.0,0.0,0.0,0.0,0.0,0.0,0.0,0.0,0.0
902,7389184,1219.8128512467529,1198.7116554421877,6.834003792995645,0.16209935400547693,34,22,0,12,0.6470588235294118,0.0,0.35294117647058826,0.007363163417903706,0.49603352695703506,0.03149946213234216,-5.7846906125545505,0.030805432627676054,0.03859737515449524,0.024683576077222824,0.06349731981754303,1.0,0,0.0,0.0,0.0,0.0,0.0,0.0,0.0,0.0,0.0,0.0,0.0
903,7397376,1219.6501724261302,1110.907448813912,7.3741516529989894,0.14690486599283759,52,41,0,11,0.7884615384615384,0.0,0.21153846153846154,0.012436831524246373,0.5313568074256182,0.0273348240647465,-5.793409311771393,0.04812183018220821,0.03851456195116043,0.02473323605954647,0.06326768547296524,1.0,0,0.0,0.0,0.0,0.0,0.0,0.0,0.0,0.0,0.0,0.0,0.0
904,7405568,1219.5560481264706,1172.6418356795823,6.985935305005114,0.19556492599804187,42,33,0,9,0.7857142857142857,0.0,0.21428571428571427,0.014954979688627645,0.4215931449085474,0.023795972112566233,-5.7956228196620945,0.055983031535288316,0.03848295658826828,0.024753274396061897,0.06309206783771515,1.0,0,0.0,0.0,0.0,0.0,0.0,0.0,0.0,0.0,0.0,0.0,0.0
905,7413760,1219.3622531170479,1086.013504153136,7.543184287002077,0.13669011399906594,52,48,0,4,0.9230769230769231,0.0,0.07692307692307693,0.011710381478769705,0.4169996175915003,0.022384572122246028,-5.795666134357452,0.0359430164549849,0.03844869136810303,0.024760324507951736,0.0630362257361412,1.0,0,0.0,0.0,0.0,0.0,0.0,0.0,0.0,0.0,0.0,0.0,0.0
906,7421952,1219.2495390154027,1148.3808951757217,7.133521668998583,0.14414985600160435,49,43,0,6,0.8775510204081632,0.0,0.12244897959183673,0.009456178755499423,0.4349277578294277,0.02367862854152918,-5.798786664009095,0.035741509367653634,0.03842734917998314,0.024793745949864388,0.06291970610618591,1.0,0,0.0,0.0,0.0,0.0,0.0,0.0,0.0,0.0,0.0,0.0,0.0
907,7430144,1219.190636243369,1193.3491435790786,6.864713519993529,0.1456543340027565,38,35,0,3,0.9210526315789473,0.0,0.07894736842105263,0.006197185011114925,0.3493790298700333,0.02774805857334286,-5.794150704145432,0.0301462266856106,0.038495756685733795,0.024846306070685387,0.06309235841035843,1.0,0,0.0,0.0,0.0,0.0,0.0,0.0,0.0,0.0,0.0,0.0,0.0
908,7438336,1219.1226182213113,1201.274778188847,6.819422291002411,0.23707350599579513,36,35,0,1,0.9722222222222222,0.0,0.027777777777777776,0.011278826126363129,0.355410273373127,0.02895727907307446,-5.791594445705414,0.0393034835709841,0.03847084939479828,0.0249307993799448,0.06275509297847748,1.0,0,0.0,0.0,0.0,0.0,0.0,0.0,0.0,0.0,0.0,0.0,0.0
909,7446528,1219.0627203646827,1190.9410252145533,6.878594175999751,0.13737071699870285,37,29,0,9,0.7837837837837838,0.0,0.24324324324324326,0.017711879557464272,0.3030535174533725,0.025694419047795236,-5.781300574541092,0.054892895474040415,0.038615625351667404,0.024978872388601303,0.06295973062515259,1.0,0,0.0,0.0,0.0,0.0,0.0,0.0,0.0,0.0,0.0,0.0,0.0
910,7454720,1218.9695321163326,1177.9418921645029,6.954502640997816,0.22977961099968525,42,36,0,6,0.8571428571428571,0.0,0.14285714285714285,0.01286128387437202,0.3618613608181477,0.027709817234426736,-5.779966324567795,0.03516138466657139,0.03859546408057213,0.024839099496603012,0.06317506730556488,1.0,0,0.0,0.0,0.0,0.0,0.0,0.0,0.0,0.0,0.0,0.0,0.0
911,7462912,1218.8630788799414,1155.6377857805014,7.088726329995552,0.16306220499973278,40,29,0,11,0.725,0.0,0.275,0.008927633299026638,0.33084070049226283,0.025987786799669267,-5.787268018722534,0.025587902590632438,0.0385015569627285,0.024835510179400444,0.06296070665121078,1.0,0,0.0,0.0,0.0,0.0,0.0,0.0,0.0,0.0,0.0,0.0,0.0
912,7471104,1218.7374879526903,1139.4771444546006,7.189262233005138,0.16035181599727366,44,34,0,10,0.7727272727272727,0.0,0.22727272727272727,0.01188360852538608,0.34752333126962187,0.027383909001946448,-5.788528680801392,0.03134290285379393,0.03856358677148819,0.024759704247117043,0.06312903761863708,1.0,0,0.0,0.0,0.0,0.0,0.0,0.0,0.0,0.0,0.0,0.0,0.0
913,7479296,1218.6852943817676,1196.9882074146276,6.843843531001767,0.13760954800090985,37,35,0,2,0.9459459459459459,0.0,0.05405405405405406,0.005738619848852977,0.3601372387260199,0.027408371167257427,-5.7919571697711945,0.03168565954983933,0.03846178203821182,0.02466556243598461,0.06309006363153458,1.0,0,0.0,0.0,0.0,0.0,0.0,0.0,0.0,0.0,0.0,0.0,0.0
914,7487488,1218.5254541658283,1118.4141107228868,7.324657227996795,0.19987585499620764,44,40,0,4,0.9090909090909091,0.0,0.09090909090909091,0.012319954804843292,0.2710609272122383,0.02860294410493225,-5.798415625095368,0.037001272600900845,0.03849116712808609,0.02470986545085907,0.06332695484161377,1.0,0,0.0,0.0,0.0,0.0,0.0,0.0,0.0,0.0,0.0,0.0,0.0
915,7495680,1218.4453076142313,1180.524581736516,6.93928794599924,0.1773992050002562,48,43,0,5,0.8958333333333334,0.0,0.10416666666666667,0.010017893795156852,0.2647453719750047,0.02568117487244308,-5.803268951177597,0.0542184068064671,0.0384044423699379,0.02476412057876587,0.06325326859951019,1.0,0,0.0,0.0,0.0,0.0,0.0,0.0,0.0,0.0,0.0,0.0,0.0
916,7503872,1218.3420941418192,1158.4549545035752,7.0714877329955925,0.1697434340021573,48,46,0,2,0.9583333333333334,0.0,0.041666666666666664,0.013463477013283409,0.3320842366665602,0.024922035913914443,-5.807849043607712,0.051778445346280934,0.03839368000626564,0.024699417874217033,0.0632077008485794,1.0,0,0.0,0.0,0.0,0.0,0.0,0.0,0.0,0.0,0.0,0.0,0.0
917,7512064,1218.3106391931537,1215.2435638203654,6.741035496001132,0.13625296900136163,36,35,0,1,0.9722222222222222,0.0,0.027777777777777776,0.014696719351923094,0.3229762986302376,0.02604572558775544,-5.816322767734528,0.048282656201627104,0.038146670907735825,0.024505462497472763,0.0627075806260109,1.0,0,0.0,0.0,0.0,0.0,0.0,0.0,0.0,0.0,0.0,0.0,0.0
918,7520256,1218.182554263997,1142.5361420045554,7.170013882998319,0.20000575100129936,49,45,0,4,0.9183673469387755,0.0,0.08163265306122448,0.013414083910174669,0.4035609092563391,0.029338741581887005,-5.825234192609787,0.04221279633056838,0.038243912160396576,0.024450009688735008,0.0630614385008812,1.0,0,0.0,0.0,0.0,0.0,0.0,0.0,0.0,0.0,0.0,0.0,0.0
919,7528448,1218.0892021417467,1168.3244618644765,7.011750817000575,0.1815782690027845,35,34,0,1,0.9714285714285714,0.0,0.02857142857142857,0.0109945778909605,0.3629778940230608,0.02844516325276345,-5.81522057056427,0.027985823403287213,0.03840271010994911,0.02458798699080944,0.06330083310604095,1.0,0,0.0,0.0,0.0,0.0,0.0,0.0,0.0,0.0,0.0,0.0,0.0
920,7536640,1217.9571513701712,1139.4863574905485,7.189204105998215,0.203665187000297,45,36,0,9,0.8,0.0,0.2,0.014237245341064408,0.4227753061801195,0.027784508024342357,-5.811022245883942,0.034030847462418023,0.038268569856882095,0.024385498836636543,0.06293047964572906,1.0,0,0.0,0.0,0.0,0.0,0.0,0.0,0.0,0.0,0.0,0.0,0.0
921,7544832,1217.9180179104778,1207.1279526373592,6.786355979995278,0.13273635800578631,38,32,0,6,0.8421052631578947,0.0,0.15789473684210525,0.013093349503469654,0.384595625475049,0.02696587035898119,-5.810783219337464,0.039863477567269004,0.03843218460679054,0.02452671155333519,0.0632617175579071,1.0,0,0.0,0.0,0.0,0.0,0.0,0.0,0.0,0.0,0.0,0.0,0.0
922,7553024,1217.8671297031665,1202.6140279229119,6.811828076002712,0.1706037599942647,34,30,0,4,0.8823529411764706,0.0,0.11764705882352941,0.011079957114998252,0.34090129658579826,0.027066106186248363,-5.805420124530793,0.031028568308101967,0.038466669619083405,0.02445249818265438,0.06354735046625137,1.0,0,0.0,0.0,0.0,0.0,0.0,0.0,0.0,0.0,0.0,0.0,0.0
923,7561216,1217.7019777778805,1107.1237600207917,7.399353437998798,0.16578008999931626,55,46,0,9,0.8363636363636363,0.0,0.16363636363636364,0.010327777691418304,0.40031093582510946,0.02540409055072814,-5.811334401369095,0.03767244679911528,0.03841037303209305,0.024239348247647285,0.06365156918764114,1.0,0,0.0,0.0,0.0,0.0,0.0,0.0,0.0,0.0,0.0,0.0,0.0
924,7569408,1217.595139485558,1151.9088177597391,7.111674009000126,0.15666586300358176,45,39,0,6,0.8666666666666667,0.0,0.13333333333333333,0.01370361956942361,0.2629346828907728,0.023960231360979377,-5.818239367008209,0.04554797526798211,0.038341641426086426,0.024201465770602226,0.06333030015230179,1.0,0,0.0,0.0,0.0,0.0,0.0,0.0,0.0,0.0,0.0,0.0,0.0
925,7577600,1217.478826011899,1141.9011627345883,7.1740009269997245,0.13867501899949275,49,48,0,1,0.9795918367346939,0.0,0.02040816326530612,0.011219087714562193,0.3185228664427996,0.02195207413751632,-5.820261073112488,0.03886972442269325,0.0381845124065876,0.024248480796813965,0.06269688159227371,1.0,0,0.0,0.0,0.0,0.0,0.0,0.0,0.0,0.0,0.0,0.0,0.0
926,7585792,1217.390514867652,1170.610693539517,6.998056694006664,0.1796345159964403,43,41,0,2,0.9534883720930233,0.0,0.046511627906976744,0.015709081589011475,0.3493085879832506,0.023661128478124738,-5.823854410648346,0.04137492303270847,0.03819175064563751,0.02420531027019024,0.0628831759095192,1.0,0,0.0,0.0,0.0,0.0,0.0,0.0,0.0,0.0,0.0,0.0,0.0
927,7593984,1217.2716102145127,1150.1456495341026,7.122576173998823,0.21068014799675439,47,45,0,2,0.9574468085106383,0.0,0.0425531914893617,0.00943298196652904,0.3249916177242994,0.02310015584807843,-5.8269732892513275,0.04232415131991729,0.0381745919585228,0.024137917906045914,0.0629153922200203,1.0,0,0.0,0.0,0.0,0.0,0.0,0.0,0.0,0.0,0.0,0.0,0.0
928,7602176,1217.165062439981,1160.8139099104858,7.057117363998259,0.2129863669979386,44,43,0,1,0.9772727272727273,0.0,0.022727272727272728,0.0068138690898194906,0.3168333306908607,0.022282603778876364,-5.834683209657669,0.02641374077211367,0.03800056129693985,0.023959128186106682,0.06267491728067398,1.0,0,0.0,0.0,0.0,0.0,0.0,0.0,0.0,0.0,0.0,0.0,0.0
929,7610368,1217.0600147020555,1150.7281624981242,7.118970637005987,0.1471481210028287,53,46,0,7,0.8679245283018868,0.0,0.1320754716981132,0.008655915525741876,0.2897369757294655,0.027139249816536905,-5.8475335240364075,0.035098260903032495,0.03796415030956268,0.024086546152830124,0.06270860880613327,1.0,0,0.0,0.0,0.0,0.0,0.0,0.0,0.0,0.0,0.0,0.0,0.0
930,7618560,1216.9661053438924,1158.1517989198808,7.073338752001291,0.13714198699744884,49,45,0,4,0.9183673469387755,0.0,0.08163265306122448,0.007061749324202537,0.2826567530632019,0.01983502684161067,-5.84537547826767,0.03433623306627851,0.03803713247179985,0.024005189538002014,0.06293392926454544,1.0,0,0.0,0.0,0.0,0.0,0.0,0.0,0.0,0.0,0.0,0.0,0.0
931,7626752,1216.883965618732,1169.195710872847,7.006525873999635,0.14421938700252213,43,40,0,3,0.9302325581395349,0.0,0.06976744186046512,0.013541832362534478,0.3253515180200338,0.021486270288005472,-5.840886932611466,0.03806305215257453,0.03807767853140831,0.024033650755882263,0.06306818872690201,1.0,0,0.0,0.0,0.0,0.0,0.0,0.0,0.0,0.0,0.0,0.0,0.0
932,7634944,1216.8434291553665,1209.0695785760824,6.77545787699637,0.16199405099905562,31,29,0,2,0.9354838709677419,0.0,0.06451612903225806,0.011853635584702715,0.2779089627787471,0.028408677526749672,-5.838274133205414,0.03826752530003432,0.038134921342134476,0.02422611229121685,0.06313251703977585,1.0,0,0.0,0.0,0.0,0.0,0.0,0.0,0.0,0.0,0.0,0.0,0.0
933,7643136,1216.753618010905,1168.235146846186,7.012286886005313,0.17935103500349214,44,44,0,0,1.0,0.0,0.0,0.00894632120616734,0.3965028814971447,0.029643389862030745,-5.835435229539871,0.02659165609657066,0.03815915435552597,0.024162525311112404,0.06324292719364166,1.0,0,0.0,0.0,0.0,0.0,0.0,0.0,0.0,0.0,0.0,0.0,0.0
934,7651328,1216.6631982871547,1165.9814396661561,7.025840825001069,0.16369515500264242,45,38,0,7,0.8444444444444444,0.0,0.15555555555555556,0.013374589470913634,0.3324379002675414,0.02725401578936726,-5.838442355394363,0.03617962441348936,0.03809862583875656,0.024115988984704018,0.06308542191982269,1.0,0,0.0,0.0,0.0,0.0,0.0,0.0,0.0,0.0,0.0,0.0,0.0
935,7659520,1216.5378039525522,1137.8388319970309,7.199613662000047,0.17697231299825944,55,46,0,10,0.8363636363636363,0.0,0.18181818181818182,0.008947144018020482,0.31900961995124816,0.023963202512823044,-5.842546796798706,0.03483199712063652,0.03801608830690384,0.024172281846404076,0.06299465894699097,1.0,0,0.0,0.0,0.0,0.0,0.0,0.0,0.0,0.0,0.0,0.0,0.0
936,7667712,1216.449722186234,1167.1408013751131,7.018861812000978,0.16827143899718067,45,40,0,5,0.8888888888888888,0.0,0.1111111111111111,0.0146245812473353,0.30015909411013125,0.02210971023887396,-5.845854526758194,0.03874403250956675,0.03807346150279045,0.02422713302075863,0.06305671483278275,1.0,0,0.0,0.0,0.0,0.0,0.0,0.0,0.0,0.0,0.0,0.0,0.0
937,7675904,1216.2821414610394,1099.2898881737076,7.452083465999749,0.1481252619996667,51,47,0,4,0.9215686274509803,0.0,0.0784313725490196,0.008246468580910004,0.259926207177341,0.02069447988178581,-5.841074472665786,0.04194912259699777,0.03805021941661835,0.02424520254135132,0.06294345110654831,1.0,0,0.0,0.0,0.0,0.0,0.0,0.0,0.0,0.0,0.0,0.0,0.0
938,7684096,1216.2025635788088,1171.8514157549064,6.990647354999965,0.15499539900338277,46,44,0,2,0.9565217391304348,0.0,0.043478260869565216,0.009814558242214843,0.21536727715283632,0.02650709415320307,-5.845415300130844,0.042270113807171585,0.038011543452739716,0.024024518206715584,0.062984399497509,1.0,0,0.0,0.0,0.0,0.0,0.0,0.0,0.0,0.0,0.0,0.0,0.0
939,7692288,1216.1006196845876,1152.8217190184914,7.106042387000343,0.1564676519992645,45,42,0,3,0.9333333333333333,0.0,0.06666666666666667,0.009143397363368421,0.25280485972762107,0.021519378921948374,-5.852973884344101,0.03208921998884762,0.037874527275562286,0.023856911808252335,0.06280215084552765,1.0,0,0.0,0.0,0.0,0.0,0.0,0.0,0.0,0.0,0.0,0.0,0.0
940,7700480,1215.9700953586103,1128.28778883319,7.260558946996753,0.15181759400002193,58,56,0,2,0.9655172413793104,0.0,0.034482758620689655,0.012681113684084266,0.2831938497722149,0.021908951993100344,-5.862908738851547,0.0374927542055957,0.03786934167146683,0.023716356605291367,0.06295721232891083,1.0,0,0.0,0.0,0.0,0.0,0.0,0.0,0.0,0.0,0.0,0.0,0.0
941,7708672,1215.8929716305008,1171.1585360787467,6.994783155001642,0.1409599869948579,41,37,0,4,0.9024390243902439,0.0,0.0975609756097561,0.008647946896962822,0.18083566427230835,0.02181394996587187,-5.864167630672455,0.03843648087786278,0.037893738597631454,0.02355746179819107,0.06286517530679703,1.0,0,0.0,0.0,0.0,0.0,0.0,0.0,0.0,0.0,0.0,0.0,0.0
942,7716864,1215.7857452036367,1146.7707903108846,7.143537374002335,0.1412810019974131,41,39,0,2,0.9512195121951219,0.0,0.04878048780487805,0.02362662347732112,0.2352159356698394,0.028018387290649115,-5.872176921367645,0.05143393882754026,0.03757078945636749,0.023413769900798798,0.062229398638010025,1.0,0,0.0,0.0,0.0,0.0,0.0,0.0,0.0,0.0,0.0,0.0,0.0
943,7725056,1215.6193774518838,1108.0168514219013,7.393389359996945,0.21096465099981287,58,54,0,4,0.9310344827586207,0.0,0.06896551724137931,0.011614132195245475,0.28651075437664986,0.02233713394962251,-5.890140414237976,0.03916843130718917,0.037447065114974976,0.023336147889494896,0.06207604333758354,1.0,0,0.0,0.0,0.0,0.0,0.0,0.0,0.0,0.0,0.0,0.0,0.0
944,7733248,1215.5567263570706,1192.7667401844394,6.868065417998878,0.19284739100112347,43,40,0,3,0.9302325581395349,0.0,0.06976744186046512,0.018093829741701484,0.3183440018445253,0.028428565082140266,-5.895359361171723,0.05058594352158252,0.0373544842004776,0.02339455857872963,0.06162360683083534,1.0,0,0.0,0.0,0.0,0.0,0.0,0.0,0.0,0.0,0.0,0.0,0.0
945,7741440,1215.5582939066346,1255.5359564359644,6.524703620001674,0.20246701200085226,28,24,0,4,0.8571428571428571,0.0,0.14285714285714285,0.01426261999295093,0.2984060388058424,0.027830733638256788,-5.894610893726349,0.0380223066182225,0.03735698014497757,0.02341480180621147,0.06157251447439194,1.0,0,0.0,0.0,0.0,0.0,0.0,0.0,0.0,0.0,0.0,0.0,0.0
946,7749632,1215.532650301625,1216.9355958117048,6.731662733996927,0.13872052000078838,28,22,0,6,0.7857142857142857,0.0,0.21428571428571427,0.008902117743855343,0.3633098674938083,0.032790894526988267,-5.899242782592774,0.027292957315512466,0.03724204748868942,0.02343680150806904,0.061429765075445175,1.0,0,0.0,0.0,0.0,0.0,0.0,0.0,0.0,0.0,0.0,0.0,0.0
947,7757824,1215.5638393014044,1290.3759986912137,6.348537177000253,0.22152642500441289,18,14,0,4,0.7777777777777778,0.0,0.2222222222222222,0.012061445310246199,0.2554501950740814,0.03548485625069588,-5.904126274585724,0.02984223266103072,0.03722306340932846,0.02344631403684616,0.06136704236268997,1.0,0,0.0,0.0,0.0,0.0,0.0,0.0,0.0,0.0,0.0,0.0,0.0
948,7766016,1215.5110596298603,1200.5614302416202,6.82347424600448,0.1816747499979101,37,23,0,14,0.6216216216216216,0.0,0.3783783783783784,0.010701659059850498,0.3524017196148634,0.05121867586858571,-5.903000235557556,0.03336225669481792,0.03724166005849838,0.02338310331106186,0.06148992106318474,1.0,0,0.0,0.0,0.0,0.0,0.0,0.0,0.0,0.0,0.0,0.0,0.0
949,7774208,1215.4715538493238,1206.4501122164904,6.790168873994844,0.15390366799692856,36,20,0,16,0.5555555555555556,0.0,0.4444444444444444,0.01428356533870101,0.39022371023893354,0.026781424204818903,-5.908075428009033,0.037093167872808405,0.037080179899930954,0.0233430415391922,0.06099548935890198,1.0,0,0.0,0.0,0.0,0.0,0.0,0.0,0.0,0.0,0.0,0.0,0.0
950,7782400,1215.3591239331995,1142.7885001371585,7.16843055299978,0.1605355990031967,44,26,0,18,0.5909090909090909,0.0,0.4090909090909091,0.009388313704403118,0.48501642383635046,0.025015872227959333,-5.912883859872818,0.04073856508039171,0.03700155019760132,0.023384330794215202,0.06076955795288086,1.0,0,0.0,0.0,0.0,0.0,0.0,0.0,0.0,0.0,0.0,0.0,0.0
951,7790592,1215.2682286974052,1161.1935566275422,7.054810073001136,0.16197432699846104,44,31,0,13,0.7045454545454546,0.0,0.29545454545454547,0.013236958085326479,0.4906489122658968,0.023061169451102613,-5.914663314819336,0.04031245124497218,0.03708895668387413,0.023417124524712563,0.06092115119099617,1.0,0,0.0,0.0,0.0,0.0,0.0,0.0,0.0,0.0,0.0,0.0,0.0
952,7798784,1215.1469150209757,1139.5537850141031,7.188778719995753,0.179959894005151,47,42,0,5,0.8936170212765957,0.0,0.10638297872340426,0.01076456515584141,0.6030059140175581,0.024222586117684842,-5.914033025503159,0.042788617861515374,0.03700129687786102,0.02324439398944378,0.060826435685157776,1.0,0,0.0,0.0,0.0,0.0,0.0,0.0,0.0,0.0,0.0,0.0,0.0
953,7806976,1215.0774073331918,1179.1437833273,6.947413975998643,0.15764726199995494,43,37,0,6,0.8604651162790697,0.0,0.13953488372093023,0.00999834191170521,0.5446016237139701,0.0241231728810817,-5.920711266994476,0.03955545152130071,0.03702778369188309,0.023187382146716118,0.06104511395096779,1.0,0,0.0,0.0,0.0,0.0,0.0,0.0,0.0,0.0,0.0,0.0,0.0
954,7815168,1214.9102853908237,1094.2654345472206,7.486300618998939,0.1372402470005909,56,49,0,7,0.875,0.0,0.125,0.009198775637196377,0.45538804307579994,0.02298310729674995,-5.918860268592835,0.03775776186375879,0.037057146430015564,0.023274939507246017,0.061007268726825714,1.0,0,0.0,0.0,0.0,0.0,0.0,0.0,0.0,0.0,0.0,0.0,0.0
955,7823360,1214.80645112707,1155.4340367054122,7.089976354996907,0.1997292810046929,38,34,0,4,0.8947368421052632,0.0,0.10526315789473684,0.01162372129620053,0.3797719065099955,0.02441031993366778,-5.9189432799816135,0.03641168341418961,0.03698362410068512,0.023285027593374252,0.06093849241733551,1.0,0,0.0,0.0,0.0,0.0,0.0,0.0,0.0,0.0,0.0,0.0,0.0
956,7831552,1214.6138012083695,1078.6951017829515,7.594360988994595,0.168484328998602,62,56,0,6,0.9032258064516129,0.0,0.0967741935483871,0.014828441379358992,0.5105752889066935,0.023063624021597208,-5.9260867774486545,0.03674324037419865,0.036961209028959274,0.023214442655444145,0.06098135560750961,1.0,0,0.0,0.0,0.0,0.0,0.0,0.0,0.0,0.0,0.0,0.0,0.0
957,7839744,1214.4572104089873,1111.2756273230027,7.371708510996541,0.2013581150022219,51,49,0,2,0.9607843137254902,0.0,0.0392156862745098,0.012624105397844688,0.4309461649507284,0.019784911279566587,-5.924572789669037,0.03314343693491537,0.03712621331214905,0.023155517876148224,0.0616065189242363,1.0,0,0.0,0.0,0.0,0.0,0.0,0.0,0.0,0.0,0.0,0.0,0.0
958,7847936,1214.3284214376642,1123.1908290609538,7.293506845002412,0.13379145699582295,45,44,0,1,0.9777777777777777,0.0,0.022222222222222223,0.010970350896241144,0.384144464507699,0.020096962247043847,-5.92419884800911,0.03936936756799696,0.037055887281894684,0.023063799366354942,0.06146322935819626,1.0,0,0.0,0.0,0.0,0.0,0.0,0.0,0.0,0.0,0.0,0.0,0.0
959,7856128,1214.2381307937349,1163.3824050242363,7.041536785000062,0.18249704499612562,38,37,0,1,0.9736842105263158,0.0,0.02631578947368421,0.016378909174818546,0.3622747600078583,0.023431022395379843,-5.933276444673538,0.046475858353369405,0.036976758390665054,0.023017680272459984,0.06139900162816048,1.0,0,0.0,0.0,0.0,0.0,0.0,0.0,0.0,0.0,0.0,0.0,0.0
960,7864320,1214.16720207553,1177.4333053362577,6.957506605998788,0.1633321289991727,42,35,0,7,0.8333333333333334,0.0,0.16666666666666666,0.02735651420080103,0.30598911456763744,0.02316726800054312,-5.932002145051956,0.0742659319046652,0.03702554106712341,0.02302163653075695,0.0613105334341526,1.0,0,0.0,0.0,0.0,0.0,0.0,0.0,0.0,0.0,0.0,0.0,0.0
961,7872512,1214.042863195632,1129.7462725049693,7.251185686000099,0.15596115399966948,52,48,0,4,0.9230769230769231,0.0,0.07692307692307693,0.010177786863641814,0.3618416737765074,0.023143619392067195,-5.932698220014572,0.03427151571959257,0.03696640580892563,0.02272794395685196,0.061415284872055054,1.0,0,0.0,0.0,0.0,0.0,0.0,0.0,0.0,0.0,0.0,0.0,0.0
962,7880704,1213.8878498172091,1103.6020233516124,7.42296573099884,0.15025013300328283,54,49,0,5,0.9074074074074074,0.0,0.09259259259259259,0.008814028673805296,0.26094381529837846,0.018679983215406537,-5.951087313890457,0.03693792443082202,0.036637093871831894,0.02261689305305481,0.060851484537124634,1.0,0,0.0,0.0,0.0,0.0,0.0,0.0,0.0,0.0,0.0,0.0,0.0
963,7888896,1213.7977667779708,1165.767149022874,7.02713231099915,0.19912908299738774,40,38,0,2,0.95,0.0,0.05,0.01687832504103426,0.27438837215304374,0.02097099358215928,-5.960224145650864,0.0517311409173999,0.03679542988538742,0.02276521734893322,0.06106675788760185,1.0,0,0.0,0.0,0.0,0.0,0.0,0.0,0.0,0.0,0.0,0.0,0.0
964,7897088,1213.6391509096568,1109.0673455506505,7.386386437996407,0.20659534899459686,56,54,0,2,0.9642857142857143,0.0,0.03571428571428571,0.011701921280473471,0.29711618423461916,0.022713865689001977,-5.945035022497177,0.039243552103289406,0.03683526813983917,0.022753344848752022,0.061118874698877335,1.0,0,0.0,0.0,0.0,0.0,0.0,0.0,0.0,0.0,0.0,0.0,0.0
965,7905280,1213.585422843849,1197.8817769384154,6.838738311002089,0.186159310003859,41,39,0,3,0.9512195121951219,0.0,0.07317073170731707,0.009686399152269588,0.2602966662496328,0.02024506158195436,-5.947339206933975,0.03566781937988708,0.036790624260902405,0.02262975089251995,0.060990020632743835,1.0,0,0.0,0.0,0.0,0.0,0.0,0.0,0.0,0.0,0.0,0.0,0.0
966,7913472,1213.4646609619676,1132.341376475792,7.23456739300309,0.16123983000579756,52,50,0,2,0.9615384615384616,0.0,0.038461538461538464,0.009711450699251145,0.28568531181663276,0.020191804459318518,-5.958885157108307,0.03380772462551249,0.03661958873271942,0.022319747135043144,0.060901939868927,1.0,0,0.0,0.0,0.0,0.0,0.0,0.0,0.0,0.0,0.0,0.0,0.0
967,7921664,1213.312372194719,1110.252890656362,7.378499140999338,0.18838607700308785,50,47,0,3,0.94,0.0,0.06,0.010884141270071267,0.2214135754853487,0.02074745970312506,-5.97656723856926,0.04006640576844802,0.03642340004444122,0.022287368774414062,0.06045292317867279,1.0,0,0.0,0.0,0.0,0.0,0.0,0.0,0.0,0.0,0.0,0.0,0.0
968,7929856,1213.1936977887199,1138.0958271921209,7.197987906001799,0.18906693000462838,53,50,0,3,0.9433962264150944,0.0,0.05660377358490566,0.013671813521068544,0.20374570228159428,0.020053244801238178,-5.9797251403331755,0.03630677997134626,0.0365229994058609,0.022333646193146706,0.060718707740306854,1.0,0,0.0,0.0,0.0,0.0,0.0,0.0,0.0,0.0,0.0,0.0,0.0
969,7938048,1213.0375315680772,1108.1460318420336,7.392527486998006,0.19449918999453075,55,55,0,0,1.0,0.0,0.0,0.009708955627866089,0.23494078759104015,0.020547542837448418,-5.981324571371078,0.042614871187834066,0.03630741685628891,0.022351298481225967,0.060241036117076874,1.0,0,0.0,0.0,0.0,0.0,0.0,0.0,0.0,0.0,0.0,0.0,0.0
970,7946240,1212.9394004007079,1151.618332038149,7.11346786699869,0.16284933000133606,48,43,0,5,0.8958333333333334,0.0,0.10416666666666667,0.016931001542252487,0.22110519856214522,0.018669823138043284,-5.98923625946045,0.046469092286133676,0.03633345663547516,0.022351549938321114,0.060202572494745255,1.0,0,0.0,0.0,0.0,0.0,0.0,0.0,0.0,0.0,0.0,0.0,0.0
971,7954432,1212.8451935568228,1153.3503622660392,7.102785300994583,0.15734223699837457,50,48,0,2,0.96,0.0,0.04,0.011463499889941886,0.2083356251940131,0.017599859717302026,-5.987993389368057,0.03386618224903941,0.03619267791509628,0.022438211366534233,0.05970912426710129,1.0,0,0.0,0.0,0.0,0.0,0.0,0.0,0.0,0.0,0.0,0.0,0.0
972,7962624,1212.727986167974,1131.085351702775,7.242601089004893,0.14323049399536103,52,51,0,1,0.9807692307692307,0.0,0.019230769230769232,0.013165902462787926,0.2369245233014226,0.018171756342053414,-5.993868857622147,0.040478257041831965,0.03614097833633423,0.022459765896201134,0.05956820026040077,1.0,0,0.0,0.0,0.0,0.0,0.0,0.0,0.0,0.0,0.0,0.0,0.0
973,7970816,1212.6335451968384,1150.547837180047,7.120086392998928,0.14298644000518834,50,49,0,1,0.98,0.0,0.02,0.008631358452839777,0.28293678630143404,0.021554434415884317,-5.997017240524292,0.025362950454291423,0.03602015972137451,0.022452950477600098,0.05926554277539253,1.0,0,0.0,0.0,0.0,0.0,0.0,0.0,0.0,0.0,0.0,0.0,0.0
974,7979008,1212.527303566174,1139.1932831822362,7.191053635004209,0.1379316780003137,49,48,0,1,0.9795918367346939,0.0,0.02040816326530612,0.012022423086455092,0.27125845532864334,0.02207382693886757,-6.004333621263504,0.037089400670083705,0.0360306017100811,0.022347157821059227,0.05936769023537636,1.0,0,0.0,0.0,0.0,0.0,0.0,0.0,0.0,0.0,0.0,0.0,0.0
975,7987200,1212.4309585024992,1150.6499184676557,7.1194547259947285,0.1571826300059911,46,44,0,2,0.9565217391304348,0.0,0.043478260869565216,0.009781360009219498,0.28697185330092906,0.021198130305856468,-6.014404577016831,0.03233555883489316,0.035691745579242706,0.022165581583976746,0.05853617936372757,1.0,0,0.0,0.0,0.0,0.0,0.0,0.0,0.0,0.0,0.0,0.0,0.0
976,7995392,1212.3279978563155,1143.5965745656745,7.163365282998711,0.15018631600105437,46,41,0,5,0.8913043478260869,0.0,0.10869565217391304,0.01725799471314531,0.2843017397448421,0.018313338235020637,-6.025509339570999,0.036675054258375896,0.03571105748414993,0.02213871479034424,0.05853092297911644,1.0,0,0.0,0.0,0.0,0.0,0.0,0.0,0.0,0.0,0.0,0.0,0.0
977,8003584,1212.171310091637,1099.0873105986964,7.453456991999701,0.15308280700264731,53,49,0,4,0.9245283018867925,0.0,0.07547169811320754,0.012796873250044883,0.2761257475242019,0.01898877751082182,-6.023158329725265,0.04915766364138108,0.03578103706240654,0.022135237231850624,0.058820612728595734,1.0,0,0.0,0.0,0.0,0.0,0.0,0.0,0.0,0.0,0.0,0.0,0.0
978,8011776,1212.0781283093468,1148.5413185469856,7.132525289001933,0.1307765469973674,45,43,0,2,0.9555555555555556,0.0,0.044444444444444446,0.01901980228140019,0.3160786237567663,0.020176166016608477,-6.020722699165344,0.04766726165107684,0.0357862263917923,0.022146405652165413,0.05878329277038574,1.0,0,0.0,0.0,0.0,0.0,0.0,0.0,0.0,0.0,0.0,0.0,0.0
979,8019968,1211.93069133888,1104.932871347186,7.41402506200393,0.14651880400197115,63,62,0,1,0.9841269841269841,0.0,0.015873015873015872,0.009953959565609693,0.35568380877375605,0.019227447174489497,-6.017724704742432,0.03191808465926442,0.03583916276693344,0.02212241105735302,0.058882083743810654,1.0,0,0.0,0.0,0.0,0.0,0.0,0.0,0.0,0.0,0.0,0.0,0.0
980,8028160,1211.8187357853603,1137.1510485075767,7.2039682069953415,0.1638061120029306,51,49,0,2,0.9607843137254902,0.0,0.0392156862745098,0.00800607186392881,0.2698795536532998,0.01996865791734308,-6.012260693311691,0.02790638368751388,0.03592891991138458,0.022184990346431732,0.058883894234895706,1.0,0,0.0,0.0,0.0,0.0,0.0,0.0,0.0,0.0,0.0,0.0,0.0
981,8036352,1211.7303064795908,1155.1925595952287,7.091458417002286,0.1496180620015366,55,54,0,1,0.9818181818181818,0.0,0.01818181818181818,0.012081021553603933,0.27745741307735444,0.02114993769209832,-6.007309019565582,0.04030711027007783,0.03586569055914879,0.022173352539539337,0.058736879378557205,1.0,0,0.0,0.0,0.0,0.0,0.0,0.0,0.0,0.0,0.0,0.0,0.0
982,8044544,1211.6263580336733,1148.7129181739945,7.131459802003519,0.1956155400039279,44,42,0,2,0.9545454545454546,0.0,0.045454545454545456,0.01728380426648073,0.2832065686583519,0.020296943723224103,-6.011265975236893,0.050053718802519145,0.03584063798189163,0.02211529202759266,0.05864352360367775,1.0,0,0.0,0.0,0.0,0.0,0.0,0.0,0.0,0.0,0.0,0.0,0.0
983,8052736,1211.5113693506923,1135.4245186821786,7.214922582003055,0.172183873000904,45,44,0,1,0.9777777777777777,0.0,0.022222222222222223,0.030246726173209025,0.23106315173208714,0.020617189141921698,-6.019209289550782,0.06832131643022876,0.03576095029711723,0.021889759227633476,0.05870651453733444,1.0,0,0.0,0.0,0.0,0.0,0.0,0.0,0.0,0.0,0.0,0.0,0.0
984,8060928,1211.408456397352,1141.92187554538,7.173870801001613,0.1485523489973275,50,47,0,3,0.94,0.0,0.06,0.011044062246219255,0.28071272633969785,0.020874968753196298,-6.019004791975021,0.03521440806071041,0.03584134206175804,0.02191210351884365,0.05869948863983154,1.0,0,0.0,0.0,0.0,0.0,0.0,0.0,0.0,0.0,0.0,0.0,0.0
985,8069120,1211.245709951935,1091.420466114164,7.50581490300101,0.14841110099951038,61,54,0,7,0.8852459016393442,0.0,0.11475409836065574,0.014736331603489815,0.27972384765744207,0.023132994980551304,-6.01790406703949,0.04482073123945156,0.035723067820072174,0.0219452865421772,0.05832017958164215,1.0,0,0.0,0.0,0.0,0.0,0.0,0.0,0.0,0.0,0.0,0.0,0.0
986,8077312,1211.174783923136,1169.5562600416533,7.00436591199832,0.14358327000081772,45,45,0,0,1.0,0.0,0.0,0.006107248016633093,0.3005256664007902,0.0239049538038671,-6.020367938280105,0.028428545949282125,0.03580690547823906,0.021851247176527977,0.058703139424324036,1.0,0,0.0,0.0,0.0,0.0,0.0,0.0,0.0,0.0,0.0,0.0,0.0
987,8085504,1211.1202624379482,1186.8133715657505,6.902517443995748,0.1587996060043224,38,36,0,2,0.9473684210526315,0.0,0.05263157894736842,0.017250540730310605,0.35324886739253997,0.028386590094305574,-6.020397871732712,0.0391143233558978,0.03570481389760971,0.021855102851986885,0.058480873703956604,1.0,0,0.0,0.0,0.0,0.0,0.0,0.0,0.0,0.0,0.0,0.0,0.0
988,8093696,1211.04290997392,1165.184586766741,7.030645696002466,0.15654880899819545,42,37,0,5,0.8809523809523809,0.0,0.11904761904761904,0.012359012008528226,0.3667083129286766,0.03173072347417474,-6.0235000312328335,0.03469503435335355,0.0357697457075119,0.021879011765122414,0.058617979288101196,1.0,0,0.0,0.0,0.0,0.0,0.0,0.0,0.0,0.0,0.0,0.0,0.0
989,8101888,1210.8785091966668,1100.3163908072183,7.445131298998604,0.22440164699946763,59,56,0,3,0.9491525423728814,0.0,0.05084745762711865,0.007826924364781006,0.4731413383036852,0.028842096566222608,-6.023087960481644,0.026220662795822136,0.03569527342915535,0.021913999691605568,0.05840083956718445,1.0,0,0.0,0.0,0.0,0.0,0.0,0.0,0.0,0.0,0.0,0.0,0.0
990,8110080,1210.8646670475775,1223.4954850400027,6.695570273994235,0.1361753309975029,28,25,0,3,0.8928571428571429,0.0,0.10714285714285714,0.011195260682143271,0.3515347812324762,0.02897797366604209,-6.024640667438507,0.03215797569137067,0.03563626855611801,0.02205747738480568,0.0581233836710453,1.0,0,0.0,0.0,0.0,0.0,0.0,0.0,0.0,0.0,0.0,0.0,0.0
991,8118272,1210.7249880499905,1109.1401273735469,7.3859017430004315,0.14963544000056572,48,45,0,3,0.9375,0.0,0.0625,0.00964961948338896,0.4974348910152912,0.026866974169388415,-6.027342969179154,0.0347749669541372,0.035624079406261444,0.021890925243496895,0.05829048529267311,1.0,0,0.0,0.0,0.0,0.0,0.0,0.0,0.0,0.0,0.0,0.0,0.0
992,8126464,1210.5897196590545,1113.6681687821888,7.355871551000746,0.1567050849989755,56,48,0,8,0.8571428571428571,0.0,0.14285714285714285,0.01620638013118878,0.4404698994010687,0.027628461131826043,-6.032572543621063,0.055324200649920385,0.03558167815208435,0.02181248366832733,0.05815456062555313,1.0,0,0.0,0.0,0.0,0.0,0.0,0.0,0.0,0.0,0.0,0.0,0.0
993,8134656,1210.5185011111485,1168.7804309490168,7.0090153659984935,0.15009836800163612,39,37,0,2,0.9487179487179487,0.0,0.05128205128205128,0.0074334878969239074,0.3921813674271107,0.028888101829215883,-6.038572978973389,0.032814474443148355,0.03546225279569626,0.021655239164829254,0.0579448826611042,1.0,0,0.0,0.0,0.0,0.0,0.0,0.0,0.0,0.0,0.0,0.0,0.0
994,8142848,1210.4509967234335,1172.3902948815094,6.9874341640024795,0.15118864399846643,43,37,0,6,0.8604651162790697,0.0,0.13953488372093023,0.0138365066901315,0.5366834092885255,0.028543841768987478,-6.048048800230026,0.034898026246810335,0.035363730043172836,0.02161392755806446,0.057766322046518326,1.0,0,0.0,0.0,0.0,0.0,0.0,0.0,0.0,0.0,0.0,0.0,0.0
995,8151040,1210.3515456692694,1139.9151102193102,7.186500052994234,0.13047292400005972,46,38,0,8,0.8260869565217391,0.0,0.17391304347826086,0.010434475145302713,0.41954757533967496,0.028414067486301063,-6.056858414411545,0.03675185857428005,0.03521984815597534,0.021627862006425858,0.05736328661441803,1.0,0,0.0,0.0,0.0,0.0,0.0,0.0,0.0,0.0,0.0,0.0,0.0
996,8159232,1210.2567385279997,1151.4816821825495,7.114312044002872,0.17888293999567395,45,41,0,4,0.9111111111111111,0.0,0.08888888888888889,0.007170970505103469,0.4572471804916859,0.026919644232839345,-6.06279371380806,0.037581164836592504,0.03513474762439728,0.02166503667831421,0.05719063803553581,1.0,0,0.0,0.0,0.0,0.0,0.0,0.0,0.0,0.0,0.0,0.0,0.0
997,8167424,1210.154299148407,1140.2811464141298,7.18419314899802,0.14514272499945946,45,40,0,5,0.8888888888888888,0.0,0.1111111111111111,0.014258953521493822,0.4115681804716587,0.026847849739715456,-6.0666585743427275,0.03816978375252802,0.03505513072013855,0.02177734673023224,0.056968528777360916,1.0,0,0.0,0.0,0.0,0.0,0.0,0.0,0.0,0.0,0.0,0.0,0.0
998,8175616,1210.085473344303,1175.0197223732666,6.971797872000025,0.17878250400099205,39,35,0,4,0.8974358974358975,0.0,0.10256410256410256,0.02012651991099119,0.3588501028716564,0.02505168367642909,-6.068714141845703,0.05404032096266746,0.0350550152361393,0.021662220358848572,0.056960828602313995,1.0,0,0.0,0.0,0.0,0.0,0.0,0.0,0.0,0.0,0.0,0.0,0.0
999,8183808,1209.9532761127484,1112.9766089327047,7.360442199998943,0.14522783499705838,49,48,0,1,0.9795918367346939,0.0,0.02040816326530612,0.021379371534567326,0.47567298263311386,0.027184592257253826,-6.062154757976532,0.05098833930096589,0.035268690437078476,0.0217113196849823,0.05736127868294716,1.0,0,0.0,0.0,0.0,0.0,0.0,0.0,0.0,0.0,0.0,0.0,0.0
1000,8192000,1209.827208348618,1122.9619598218603,7.294993323994277,0.17810091200226452,51,48,0,3,0.9411764705882353,0.0,0.058823529411764705,0.02133377242134884,0.4519250553101301,0.024167076824232935,-6.053587090969086,0.044785538615542464,0.03522209823131561,0.02179405465722084,0.057134296745061874,1.0,0,0.0,0.0,0.0,0.0,0.0,0.0,0.0,0.0,0.0,0.0,0.0
