update,step,done,success,fail,timeout,success_rate,fail_rate,timeout_rate,pi_loss,v_loss,teacher_loss,entropy,kl,std_mean,std_min,std_max,teacher_coef
1,2048,0,0,0,0,0.0,0.0,0.0,0.023381965793669225,0.2950417876243591,0.20084804221987723,2.1735955476760864,0.06700869327760302,0.4986709952354431,0.4972899854183197,0.5003274083137512,1.0
2,4096,3,0,3,0,0.0,1.0,0.0,0.0007249058224260807,0.6719081029295921,0.04474557004868984,2.166931080818176,0.025741127264336684,0.49785012006759644,0.49606356024742126,0.500114381313324,1.0
3,6144,3,0,3,0,0.0,1.0,0.0,0.0022102897521108387,0.42490752786397934,0.03210652945563197,2.1630226969718933,0.022859926355886274,0.49755772948265076,0.49595651030540466,0.4998151659965515,1.0
4,8192,0,0,0,0,0.0,0.0,0.0,0.00104502416215837,0.0686025619506836,0.02934343982487917,2.1583879232406615,0.015408535825554282,0.4956899583339691,0.49470585584640503,0.49722394347190857,1.0
5,10240,2,0,2,0,0.0,1.0,0.0,-0.0007163637084886432,0.20914534479379654,0.02311803214251995,2.1470272660255434,0.01794614357932005,0.4945369362831116,0.4929862916469574,0.4965410530567169,1.0
6,12288,26,0,3,23,0.0,0.11538461538461539,0.8846153846153846,-0.0024002744583413007,0.5072206541895866,0.04113546460866928,2.145612597465515,0.002947719857911579,0.49524545669555664,0.4948996603488922,0.49567288160324097,1.0
7,14336,2,0,2,0,0.0,1.0,0.0,0.0015733480453491212,0.4623146265745163,0.0763783935457468,2.1474323153495787,0.012753976526437328,0.49431610107421875,0.4925318956375122,0.4956655502319336,1.0
8,16384,7,0,6,1,0.0,0.8571428571428571,0.14285714285714285,0.0016920507187023759,0.8279016345739365,0.08154154233634472,2.1420556902885437,0.01585443734365981,0.49432915449142456,0.49244454503059387,0.49620455503463745,1.0
9,18432,4,0,4,0,0.0,1.0,0.0,0.002994209202006459,0.6114468067884445,0.07149059996008873,2.1432769656181336,0.009203268343117087,0.4940803050994873,0.4910951852798462,0.4963054358959198,1.0
10,20480,2,0,2,0,0.0,1.0,0.0,-0.0024507381953299046,0.6188847213983536,0.06995724029839039,2.1375030517578124,0.0034774318570271134,0.4924575686454773,0.48880600929260254,0.4959331750869751,1.0
11,22528,3,0,3,0,0.0,1.0,0.0,-0.003382776607759297,0.756397756934166,0.0645088192075491,2.126464283466339,0.004046331302379258,0.49048885703086853,0.48598551750183105,0.495155930519104,1.0
12,24576,17,0,2,15,0.0,0.11764705882352941,0.8823529411764706,-0.003088693064637482,0.37074495404958724,0.05247784852981567,2.112183892726898,0.005417654896155,0.4878459870815277,0.48202645778656006,0.49426788091659546,1.0
13,26624,1,0,0,1,0.0,0.0,1.0,0.0012343626003712416,0.26605350971221925,0.056178835406899455,2.094043481349945,0.007340540073346347,0.4844817519187927,0.48013219237327576,0.49014386534690857,1.0
14,28672,6,0,0,6,0.0,0.0,1.0,0.0003126604249700904,0.1988661766052246,0.0587986433878541,2.0751147627830506,0.008435756506514736,0.48222219944000244,0.47919178009033203,0.48741793632507324,1.0
15,30720,3,0,0,3,0.0,0.0,1.0,-0.0013749046716839074,0.4089834913611412,0.044646701961755755,2.062425899505615,0.0007329504383960739,0.4798385500907898,0.4765159785747528,0.4856453537940979,1.0
16,32768,2,0,0,2,0.0,0.0,1.0,-0.0008333479287102819,0.47937399297952654,0.046505050361156465,2.046146333217621,0.0005279033241095022,0.4772605895996094,0.4742092788219452,0.48324134945869446,1.0
17,34816,8,0,2,6,0.0,0.25,0.75,-0.001988013880327344,0.5021956518292428,0.04843838289380074,2.0310040593147276,0.005618866722215898,0.4750455319881439,0.4708552062511444,0.48121875524520874,1.0
18,36864,12,0,0,12,0.0,0.0,1.0,-0.002435690863057971,0.26324664130806924,0.03863213863223791,2.017548990249634,0.0020348681340692566,0.4730236530303955,0.46794191002845764,0.47926515340805054,1.0
19,38912,2,0,0,2,0.0,0.0,1.0,-0.00033299349015578625,0.17948123589158058,0.04787043817341328,2.0043158292770387,0.012351941471570172,0.47073477506637573,0.46531397104263306,0.47751063108444214,1.0
20,40960,6,0,0,6,0.0,0.0,1.0,-0.0033103533554822207,0.29836704283952714,0.046741314232349396,1.989030808210373,0.005756261417991482,0.46848559379577637,0.4638546407222748,0.475019246339798,1.0
21,43008,2,0,0,2,0.0,0.0,1.0,-0.002027424704283476,0.41055779308080675,0.038479038327932355,1.9744890809059144,0.003536478805472143,0.46574386954307556,0.4606561064720154,0.47363391518592834,1.0
22,45056,4,0,1,3,0.0,0.25,0.75,-0.002352818474173546,0.3965560749173164,0.043376955576241015,1.9553999423980712,0.005022532437578775,0.4628513753414154,0.45690083503723145,0.4722804129123688,1.0
23,47104,6,0,0,6,0.0,0.0,1.0,-0.0028664685087278485,0.4099647894501686,0.04524132031947374,1.9359364211559296,0.004781757399905473,0.4596030116081238,0.4529706537723541,0.4702960252761841,1.0
24,49152,14,0,2,12,0.0,0.14285714285714285,0.8571428571428571,-0.005933783506043256,0.36098315715789797,0.053828087821602824,1.9181218981742858,0.009335797443054617,0.45817312598228455,0.45092859864234924,0.46916085481643677,1.0
25,51200,2,0,0,2,0.0,0.0,1.0,0.002296789805404842,0.26818998605012895,0.059046462550759314,1.9115722239017487,0.004475884695420973,0.4568701684474945,0.44912663102149963,0.46784254908561707,1.0
26,53248,5,0,0,5,0.0,0.0,1.0,0.0042689461028203365,0.3119492158293724,0.057565368711948395,1.9014052510261537,0.00762795693881344,0.45543962717056274,0.44752299785614014,0.46607398986816406,1.0
27,55296,1,0,0,1,0.0,0.0,1.0,-0.0008412729483097791,0.35133530795574186,0.038942535780370234,1.890076506137848,0.0003566936939023435,0.4528983533382416,0.44365113973617554,0.4648536443710327,1.0
28,57344,4,0,0,4,0.0,0.0,1.0,-0.004152279021218419,0.4366920590400696,0.03887700401246548,1.869911652803421,0.004900676786201074,0.44974562525749207,0.4391413629055023,0.46246057748794556,1.0
29,59392,7,0,0,7,0.0,0.0,1.0,-0.004433701629750431,0.33821661919355395,0.03719553165137768,1.84847748875618,0.005753429955802858,0.44646498560905457,0.43578067421913147,0.4593615233898163,1.0
30,61440,13,0,0,13,0.0,0.0,1.0,-0.0021084458101540806,0.22498711347579955,0.043307621218264106,1.8301757097244262,0.017163419487769716,0.44464629888534546,0.4341459274291992,0.4580945670604706,1.0
31,63488,2,0,0,2,0.0,0.0,1.0,0.0020352570805698632,0.21263745203614234,0.046155207045376304,1.8188438713550568,0.007301276447833516,0.44262704253196716,0.4317438006401062,0.4556500017642975,1.0
32,65536,6,0,0,6,0.0,0.0,1.0,-0.001007912284694612,0.32533143609762194,0.03755504507571459,1.8015891075134278,0.003456080911564641,0.43959474563598633,0.42870742082595825,0.45190906524658203,1.0
33,67584,1,0,0,1,0.0,0.0,1.0,-0.004390890151262284,0.3639579936861992,0.03206594558432698,1.7825973808765412,0.007947415855596773,0.4374038577079773,0.4262523055076599,0.4501420259475708,1.0
34,69632,4,0,0,4,0.0,0.0,1.0,-0.004978364333510399,0.49228324443101884,0.03593885414302349,1.7663373470306396,0.00532539637060836,0.4343428611755371,0.4236743748188019,0.4467839002609253,1.0
35,71680,8,0,1,7,0.0,0.125,0.875,-0.0024339108960703014,0.37888028025627135,0.04654381070286036,1.7450172781944275,0.005198342871153727,0.4316908121109009,0.42052319645881653,0.44445496797561646,1.0
36,73728,11,0,0,11,0.0,0.0,1.0,-0.002274661837145686,0.21697635278105737,0.04038807041943073,1.727043217420578,0.0038977599615463987,0.42897829413414,0.41696009039878845,0.44355496764183044,1.0
37,75776,3,0,0,3,0.0,0.0,1.0,-0.002287487010471523,0.25785338655114176,0.0458506578579545,1.7091382920742035,0.003503483609529212,0.42679697275161743,0.4150215983390808,0.44140732288360596,1.0
38,77824,5,0,0,5,0.0,0.0,1.0,-0.0017910296563059091,0.2844118610024452,0.04478428941220045,1.6980877757072448,0.004820517951156944,0.42594489455223083,0.4139101505279541,0.4399010241031647,1.0
39,79872,5,0,2,3,0.0,0.4,0.6,-0.0008240686962381006,0.4283581614494324,0.03741704951971769,1.6911886155605316,0.002648276716354303,0.42437636852264404,0.41313841938972473,0.4374319314956665,1.0
40,81920,2,0,1,1,0.0,0.5,0.5,-0.00450721678789705,0.31525702625513075,0.04317397978156805,1.6782986104488373,0.006364929775008932,0.42250630259513855,0.4118289053440094,0.43559569120407104,1.0
41,83968,17,0,1,16,0.0,0.058823529411764705,0.9411764705882353,-0.0018555302638560533,0.29972978830337527,0.03330467902123928,1.6632915079593658,0.0032835443067597224,0.4200071692466736,0.4086281955242157,0.4336502254009247,1.0
42,86016,0,0,0,0,0.0,0.0,0.0,0.000702328491024673,0.16067700013518332,0.04597913026809693,1.6444548845291138,0.003142649179790169,0.4173583388328552,0.405455082654953,0.431787371635437,1.0
43,88064,4,0,0,4,0.0,0.0,1.0,-0.004734313604421914,0.337506540119648,0.04249671157449484,1.6256003677845001,0.006387751465081237,0.41477102041244507,0.40328460931777954,0.4292038381099701,1.0
44,90112,4,0,0,4,0.0,0.0,1.0,-0.0035741886589676143,0.33130389600992205,0.03260393645614386,1.6054843604564666,0.004786881452309899,0.41170307993888855,0.4005579650402069,0.42642471194267273,1.0
45,92160,5,0,0,5,0.0,0.0,1.0,-0.003741892124526203,0.31255793273448945,0.032228410616517066,1.5827946484088897,0.004643314502027351,0.4087679982185364,0.3970690071582794,0.4244554936885834,1.0
46,94208,4,0,0,4,0.0,0.0,1.0,-0.0023872927064076065,0.3472229763865471,0.03364689014852047,1.5608346700668334,0.0024514183300198057,0.40548941493034363,0.3937048017978668,0.42076563835144043,1.0
47,96256,15,0,0,15,0.0,0.0,1.0,-0.003604306257329881,0.2698240652680397,0.03890409339219332,1.5375826835632325,0.00738917421840597,0.40274643898010254,0.390943706035614,0.41711559891700745,1.0
48,98304,1,0,0,1,0.0,0.0,1.0,-0.001985700475051999,0.15581125617027283,0.045897653326392174,1.5200217425823213,0.00585422307922272,0.40082645416259766,0.38869261741638184,0.41517338156700134,1.0
49,100352,4,0,0,4,0.0,0.0,1.0,-6.534010171890258e-05,0.2792662411928177,0.03966258484870196,1.5061501264572144,0.002916980785084888,0.39882510900497437,0.3871457278728485,0.41290906071662903,1.0
50,102400,3,0,0,3,0.0,0.0,1.0,-0.0016337929526343941,0.2825772285461426,0.03636024221777916,1.4904225528240205,0.002326663603889756,0.39666736125946045,0.38576558232307434,0.40999719500541687,1.0
51,104448,6,0,1,5,0.0,0.16666666666666666,0.8333333333333334,-0.006369076343253255,0.31238228678703306,0.03607437685132027,1.4747410118579865,0.006443255668273196,0.3945964276790619,0.3839435279369354,0.4071328639984131,1.0
52,106496,7,0,0,7,0.0,0.0,1.0,-0.0029526496771723034,0.26698104590177535,0.03222315516322851,1.456898146867752,0.0073153250647010285,0.3918939232826233,0.3809826076030731,0.40385034680366516,1.0
53,108544,11,0,0,11,0.0,0.0,1.0,-0.0004800191381946206,0.2077468991279602,0.033848557993769644,1.435536688566208,0.0025440590077778326,0.3892146944999695,0.37734389305114746,0.40072813630104065,1.0
54,110592,3,0,1,2,0.0,0.3333333333333333,0.6666666666666666,-0.001146885473281145,0.261448197811842,0.03600234799087047,1.417673921585083,0.005942350956320297,0.38729462027549744,0.3751273453235626,0.39764106273651123,1.0
55,112640,2,0,0,2,0.0,0.0,1.0,-0.0022874454502016307,0.3310741439461708,0.03284361474215984,1.4028478920459748,0.002812081800948363,0.38522154092788696,0.37248143553733826,0.394757479429245,1.0
56,114688,5,0,1,4,0.0,0.2,0.8,-0.0032441228395327926,0.3646195515990257,0.036695749312639234,1.386925345659256,0.006776406819699332,0.383436918258667,0.3701643645763397,0.39267927408218384,1.0
57,116736,6,0,1,5,0.0,0.16666666666666666,0.8333333333333334,-0.0033598298905417323,0.3454278394579887,0.0380625769495964,1.3734014689922334,0.006678308275877498,0.3815471827983856,0.367758572101593,0.3918496072292328,1.0
58,118784,5,0,0,5,0.0,0.0,1.0,-0.003467081394046545,0.26712079644203185,0.037611307576298714,1.3590364456176758,0.004729605576721951,0.3800390958786011,0.3656504154205322,0.39145058393478394,1.0
59,120832,11,0,0,11,0.0,0.0,1.0,-0.001487509673461318,0.2556219160556793,0.03575792796909809,1.3482155978679657,0.004656324873212725,0.37872859835624695,0.363817036151886,0.3903948664665222,1.0
60,122880,3,0,0,3,0.0,0.0,1.0,-0.0029689251445233823,0.21490442380309105,0.037961285933852194,1.338695627450943,0.0028937894996488465,0.37773704528808594,0.3624219298362732,0.3898542523384094,1.0
61,124928,4,0,0,4,0.0,0.0,1.0,-0.004621820943430066,0.25029214695096014,0.03889054358005524,1.3301037669181823,0.006207598160835914,0.37642335891723633,0.3610997498035431,0.38880977034568787,1.0
62,126976,4,0,1,3,0.0,0.25,0.75,-0.0022311344277113677,0.3437776297330856,0.03650927282869816,1.3172680735588074,0.006113441954948939,0.374446839094162,0.3588457405567169,0.38762131333351135,1.0
63,129024,5,0,0,5,0.0,0.0,1.0,-0.0016336797270923853,0.23410435989499093,0.033905735798180105,1.300119549036026,0.0008976303361123428,0.37225040793418884,0.35725829005241394,0.3847688138484955,1.0
64,131072,5,0,0,5,0.0,0.0,1.0,9.33594536036253e-05,0.2189406581223011,0.039897294342517854,1.2831442952156067,0.003598559636157006,0.3702661693096161,0.3557199537754059,0.3818305730819702,1.0
65,133120,11,0,0,11,0.0,0.0,1.0,0.0003383912146091461,0.16155347600579262,0.041285019181668756,1.2682407200336456,0.005942631069046911,0.368583619594574,0.35443180799484253,0.37947893142700195,1.0
66,135168,3,0,0,3,0.0,0.0,1.0,-0.0035357287619262935,0.16290155723690986,0.0381584320217371,1.2557055830955506,0.01090614728309447,0.3671190142631531,0.35335564613342285,0.3779173195362091,1.0
67,137216,5,0,1,5,0.0,0.2,1.0,-0.002527201920747757,0.36485555171966555,0.03776392377912998,1.2442398011684417,0.009540256655600387,0.36575087904930115,0.3524075150489807,0.37643030285835266,1.0
68,139264,5,0,1,4,0.0,0.2,0.8,-0.004197540553286671,0.3412915274500847,0.03439288605004549,1.2328625321388245,0.00823623685282655,0.3643729090690613,0.3510515093803406,0.37513813376426697,1.0
69,141312,5,0,1,4,0.0,0.2,0.8,-0.0028674535220488905,0.27408650517463684,0.03525945581495762,1.2205392837524414,0.004532109941646922,0.36269649863243103,0.3491760194301605,0.37371742725372314,1.0
70,143360,5,0,0,5,0.0,0.0,1.0,-0.00534243700094521,0.289008791744709,0.03358297273516655,1.2051973342895508,0.003034523253154475,0.360567182302475,0.3467298746109009,0.37248244881629944,1.0
71,145408,9,0,0,9,0.0,0.0,1.0,-0.002891768282279372,0.1905592456459999,0.034472537226974964,1.1877963066101074,0.005151223402936012,0.3588215112686157,0.34507739543914795,0.37120521068573,1.0
72,147456,3,0,0,3,0.0,0.0,1.0,-0.0015164962271228433,0.2552077747881413,0.03593974933028221,1.1731688559055329,0.00782646030856995,0.3567577600479126,0.3431316018104553,0.36939167976379395,1.0
73,149504,5,0,0,5,0.0,0.0,1.0,-0.003991589415818453,0.23541336581110955,0.026848894637078048,1.1550665378570557,0.0056622105912538245,0.3547702431678772,0.3409443795681,0.36711642146110535,1.0
74,151552,6,0,0,6,0.0,0.0,1.0,-0.0019712579902261495,0.31776189655065534,0.03184456350281835,1.1406415462493897,0.002630900460644625,0.35330694913864136,0.339202880859375,0.36565691232681274,1.0
75,153600,4,0,0,4,0.0,0.0,1.0,-0.002502293582074344,0.26182924285531045,0.02510117311030626,1.127217596769333,0.007754703078535386,0.3515281081199646,0.33701273798942566,0.36366400122642517,1.0
76,155648,14,0,0,14,0.0,0.0,1.0,-0.002239622687920928,0.22950857728719712,0.030341873038560153,1.1104251444339752,0.004963134293211624,0.34937208890914917,0.3341296911239624,0.3617885112762451,1.0
77,157696,0,0,0,0,0.0,0.0,0.0,-0.0033498451113700865,0.1723137192428112,0.032775196526199576,1.0931504547595978,0.003857578127644956,0.3477991223335266,0.33221685886383057,0.3597124516963959,1.0
78,159744,4,0,0,4,0.0,0.0,1.0,-0.0034434882109053433,0.1991424508392811,0.036288642697036265,1.0819895029067994,0.011075427854666486,0.3466300666332245,0.33075660467147827,0.358061283826828,1.0
79,161792,5,0,0,5,0.0,0.0,1.0,-0.0024818517384119334,0.3082729443907738,0.03409062195569277,1.0698937058448792,0.0030044353305129336,0.3448544442653656,0.32902833819389343,0.35645732283592224,1.0
80,163840,7,0,1,6,0.0,0.14285714285714285,0.8571428571428571,-0.002739787450991571,0.36631543934345245,0.03454852793365717,1.0555885493755341,0.007855606896919198,0.3436782956123352,0.32800790667533875,0.35552677512168884,1.0
81,165888,4,0,0,4,0.0,0.0,1.0,-0.0018790986156091093,0.206856357306242,0.036850837990641594,1.0448690176010131,0.006194009142927825,0.342023104429245,0.32646945118904114,0.3538789749145508,1.0
82,167936,12,0,0,12,0.0,0.0,1.0,-0.0026822776068001985,0.25806755051016805,0.035942171886563304,1.0287032067775725,0.00417140287172515,0.34014779329299927,0.3244837820529938,0.3514696955680847,1.0
83,169984,1,0,0,1,0.0,0.0,1.0,-0.004640086949802935,0.32091955542564393,0.03212926369160414,1.014625370502472,0.007447239255998284,0.3390141725540161,0.3229600191116333,0.3503861129283905,1.0
84,172032,3,0,0,3,0.0,0.0,1.0,-0.0020287839695811273,0.35008123368024824,0.03227607170119882,1.0038920938968658,0.0037445319263497367,0.33748793601989746,0.32119593024253845,0.348810076713562,1.0
85,174080,6,0,0,6,0.0,0.0,1.0,-0.00313349727075547,0.2926239848136902,0.03268780838698149,0.9886734664440155,0.005010002374183387,0.33564209938049316,0.3194778859615326,0.3469918370246887,1.0
86,176128,7,0,1,6,0.0,0.14285714285714285,0.8571428571428571,-0.002112410054542124,0.4107663780450821,0.03407890591770411,0.9732231616973877,0.005720141032361426,0.3341725468635559,0.3182883858680725,0.34587186574935913,1.0
87,178176,6,0,1,5,0.0,0.16666666666666666,0.8333333333333334,-0.001988570811226964,0.3381390646100044,0.02732878355309367,0.9604385793209076,0.012550957486382686,0.3327030539512634,0.3168048560619354,0.344582736492157,1.0
88,180224,9,0,0,9,0.0,0.0,1.0,-0.005032425210811198,0.21593110859394074,0.027396612334996462,0.9462485551834107,0.006483373581431806,0.33087849617004395,0.3149777054786682,0.34302443265914917,1.0
89,182272,3,0,0,3,0.0,0.0,1.0,-0.00044993564952164886,0.22464989572763444,0.03615892957895994,0.9282996356487274,0.007129067979985848,0.3289666771888733,0.3125896751880646,0.3414972424507141,1.0
90,184320,2,0,0,2,0.0,0.0,1.0,-0.00037332102656364443,0.31758508533239366,0.027971465326845645,0.9109002768993377,0.001506620694999583,0.327034056186676,0.3097788393497467,0.3400009572505951,1.0
91,186368,8,0,1,7,0.0,0.125,0.875,-0.004801038280129432,0.4312619432806969,0.029467812925577163,0.8957122087478637,0.01250975085713435,0.3258817195892334,0.30829283595085144,0.33896780014038086,1.0
92,188416,7,0,1,6,0.0,0.14285714285714285,0.8571428571428571,-0.0017246799543499947,0.4070160433650017,0.035486812517046926,0.8869037806987763,0.005623095767805353,0.3249863088130951,0.30786052346229553,0.33743008971214294,1.0
93,190464,5,0,0,5,0.0,0.0,1.0,0.00021051771473139523,0.2670685961842537,0.028474253602325916,0.8788451910018921,0.00847518224036321,0.3240770697593689,0.3076932728290558,0.3360866904258728,1.0
94,192512,7,0,0,7,0.0,0.0,1.0,-0.0035106396535411477,0.24634404554963113,0.03081477005034685,0.8694844186306,0.010571972577599809,0.32291680574417114,0.3068520724773407,0.3347482681274414,1.0
95,194560,3,0,0,3,0.0,0.0,1.0,-0.0024800749495625498,0.24982789903879166,0.027363684587180616,0.8584170937538147,0.005072380643105135,0.3217430114746094,0.3054388165473938,0.3340591490268707,1.0
96,196608,4,0,1,3,0.0,0.25,0.75,-0.0010130923823453487,0.4116977944970131,0.03130155205726624,0.8475995063781738,0.003795889628236182,0.32063210010528564,0.30382776260375977,0.3333328068256378,1.0
97,198656,7,0,0,7,0.0,0.0,1.0,-0.00482474600430578,0.24499031603336335,0.03159156423062086,0.8365693032741547,0.0031391062890179454,0.3192664086818695,0.3025817573070526,0.33190977573394775,1.0
98,200704,8,0,1,7,0.0,0.125,0.875,-0.003192711784504354,0.33139250352978705,0.035365567170083524,0.8256385087966919,0.010802555596455932,0.31864750385284424,0.3018876910209656,0.33076977729797363,1.0
99,202752,3,0,0,3,0.0,0.0,1.0,-0.0022603999357670547,0.25602761656045914,0.03267954690381884,0.8209364354610443,0.0145113999635214,0.31794416904449463,0.3012910783290863,0.32974183559417725,1.0
100,204800,7,0,0,7,0.0,0.0,1.0,-0.0035764463245868683,0.35632992535829544,0.030657686199992894,0.8123687624931335,0.010787613660795614,0.3168446123600006,0.30046024918556213,0.3286360204219818,1.0
101,206848,3,0,0,3,0.0,0.0,1.0,-0.0017519224435091018,0.39271162897348405,0.02566664284095168,0.8010937571525574,0.002357347059296444,0.31565767526626587,0.2991960942745209,0.32765230536460876,1.0
102,208896,6,0,0,6,0.0,0.0,1.0,-0.0011851472547277809,0.31170946061611177,0.028133898600935937,0.7887764751911164,0.0036956207623006776,0.3140520751476288,0.29757243394851685,0.32611703872680664,1.0
103,210944,7,0,0,7,0.0,0.0,1.0,-0.003800860629417002,0.2933803930878639,0.027001846488565205,0.7734622836112977,0.0076608176343142985,0.31269508600234985,0.29591742157936096,0.3248383700847626,1.0
104,212992,6,0,0,6,0.0,0.0,1.0,-0.0011538744205608965,0.2745209828019142,0.02772940918803215,0.7594981849193573,0.006050117796985432,0.31097811460494995,0.29413628578186035,0.32281461358070374,1.0
105,215040,3,0,0,3,0.0,0.0,1.0,-0.00652886857278645,0.29839896112680436,0.030903685744851826,0.7437847912311554,0.0072409120213706045,0.30959147214889526,0.2925204336643219,0.3213344216346741,1.0
106,217088,7,0,0,7,0.0,0.0,1.0,-0.0030778442742303014,0.3100315570831299,0.024882509745657443,0.7287560999393463,0.0034375436720438302,0.3077854812145233,0.29080820083618164,0.3193596303462982,1.0
107,219136,3,0,0,3,0.0,0.0,1.0,-0.002508645970374346,0.3908554449677467,0.028055187221616505,0.711408793926239,0.005403901380486786,0.3060895800590515,0.28934383392333984,0.3173752427101135,1.0
108,221184,6,0,0,6,0.0,0.0,1.0,-0.0028372539905831217,0.3368563175201416,0.027832843828946352,0.6951693952083587,0.007442987212562003,0.304475337266922,0.2877299189567566,0.31547388434410095,1.0
109,223232,9,0,0,9,0.0,0.0,1.0,-0.0009298664284870028,0.2714408338069916,0.028521912824362516,0.6796343982219696,0.0029340698762098326,0.30289164185523987,0.286607563495636,0.31326040625572205,1.0
110,225280,4,0,0,4,0.0,0.0,1.0,-0.005389022175222635,0.23517818376421928,0.027095503453165293,0.6653752624988556,0.008947268858901226,0.3016941547393799,0.28589606285095215,0.3116846978664398,1.0
111,227328,3,0,0,3,0.0,0.0,1.0,-0.0011830079136416316,0.32056798189878466,0.02620368478819728,0.6548887610435485,0.008057212480343879,0.3007051944732666,0.2850693464279175,0.3105631470680237,1.0
112,229376,7,0,0,7,0.0,0.0,1.0,-0.005731039075180888,0.30964636951684954,0.028833774942904712,0.6460853219032288,0.013123576308134943,0.2999339699745178,0.2842041850090027,0.3099209666252136,1.0
113,231424,3,0,0,3,0.0,0.0,1.0,0.000151873379945755,0.24841038063168525,0.028210033476352692,0.6387403964996338,0.008472308292402886,0.2992253005504608,0.2831522524356842,0.3094143867492676,1.0
114,233472,9,0,1,8,0.0,0.1111111111111111,0.8888888888888888,-0.003446048591285944,0.5656356811523438,0.023478145804256202,0.6311902701854706,0.008455764959217049,0.29843461513519287,0.2821628153324127,0.3093969523906708,1.0
115,235520,7,0,0,7,0.0,0.0,1.0,-0.0006969595327973366,0.30837325006723404,0.024826402217149733,0.6220722973346711,0.004700367961777374,0.29735681414604187,0.2811577022075653,0.3087676763534546,1.0
116,237568,6,0,1,5,0.0,0.16666666666666666,0.8333333333333334,-0.0025068965507671235,0.6052577048540115,0.0312881974503398,0.6107333838939667,0.0060619163123192266,0.2962992489337921,0.27994516491889954,0.3080371022224426,1.0
117,239616,7,0,0,7,0.0,0.0,1.0,-0.003432394564151764,0.335180738568306,0.02700034799054265,0.600428581237793,0.011923988437047228,0.29535815119743347,0.2789514362812042,0.30705422163009644,1.0
118,241664,1,0,0,1,0.0,0.0,1.0,-0.0006672672927379609,0.3334369704127312,0.028120346274226903,0.589285147190094,0.0028633578593144195,0.29387104511260986,0.27750998735427856,0.30475425720214844,1.0
119,243712,5,0,2,3,0.0,0.4,0.6,-0.0017040903912857175,0.9314436912536621,0.03117702892050147,0.5736320853233338,0.0026185903552686796,0.2926037013530731,0.276393860578537,0.30331361293792725,1.0
120,245760,9,0,1,8,0.0,0.1111111111111111,0.8888888888888888,-0.0038825897267088295,0.5562005713582039,0.028926648013293744,0.5636830866336823,0.0066251362935872745,0.29181039333343506,0.275669664144516,0.3029608726501465,1.0
121,247808,6,0,1,5,0.0,0.16666666666666666,0.8333333333333334,-0.0038474288303405046,0.591756072640419,0.028029021713882683,0.555396956205368,0.006656869428115897,0.2909991145133972,0.27471277117729187,0.30252090096473694,1.0
122,249856,5,0,0,5,0.0,0.0,1.0,-0.0018231748137623072,0.28982890099287034,0.028065040055662394,0.5454882502555847,0.006574463233118877,0.2897617220878601,0.27346768975257874,0.3017912805080414,1.0
123,251904,7,0,1,6,0.0,0.14285714285714285,0.8571428571428571,-0.0011448259465396404,0.7310813516378403,0.031343143340200184,0.5316581845283508,0.001597304840106517,0.2884788513183594,0.27241742610931396,0.3000219464302063,1.0
124,253952,3,0,1,2,0.0,0.3333333333333333,0.6666666666666666,-0.001413128455169499,0.5979009807109833,0.03425131943076849,0.5203406810760498,0.007027583493618294,0.2876240909099579,0.2717439830303192,0.2991059124469757,1.0
125,256000,6,0,0,6,0.0,0.0,1.0,-0.00043205076362937687,0.32840403318405154,0.02854298260062933,0.511493718624115,0.006041066203033551,0.2866017520427704,0.2706247568130493,0.2981691360473633,1.0
126,258048,6,0,0,6,0.0,0.0,1.0,-0.003036434215027839,0.3824442014098167,0.025963327940553428,0.4995433747768402,0.003956977717461996,0.28541654348373413,0.26949357986450195,0.2972317636013031,1.0
127,260096,6,0,0,6,0.0,0.0,1.0,-0.0032595815835520627,0.2963726922869682,0.028951539378613233,0.4860466182231903,0.004098923859419301,0.2840149402618408,0.26829394698143005,0.2961899936199188,1.0
128,262144,5,0,0,5,0.0,0.0,1.0,-0.0016668788623064757,0.34244924038648605,0.027506723813712598,0.47128928303718565,0.0024702179653104395,0.28267186880111694,0.26679307222366333,0.2948477566242218,1.0
129,264192,6,0,0,6,0.0,0.0,1.0,-0.0029199540615081785,0.40436080992221834,0.02847324013710022,0.4582487106323242,0.006919346912764013,0.2816008925437927,0.26562273502349854,0.29357585310935974,1.0
130,266240,5,0,1,4,0.0,0.2,0.8,-0.0017341587110422552,0.6674170196056366,0.027107104752212764,0.4476577162742615,0.0084736912016524,0.28066912293434143,0.26476630568504333,0.29243725538253784,1.0
131,268288,5,0,0,5,0.0,0.0,1.0,-0.0029453998431563377,0.3376594915986061,0.02364664012566209,0.4380240023136139,0.00582575902226381,0.279742568731308,0.2641769349575043,0.2911618649959564,1.0
132,270336,6,0,0,6,0.0,0.0,1.0,-0.003940670378506183,0.37805418223142623,0.025054001063108445,0.4285109221935272,0.008272541890619323,0.27898335456848145,0.2635747492313385,0.2904519736766815,1.0
133,272384,6,0,0,6,0.0,0.0,1.0,-0.0015646178158931433,0.3438722252845764,0.02420421354472637,0.4179169237613678,0.006330384491593577,0.27759164571762085,0.2620666027069092,0.2895859479904175,1.0
134,274432,5,0,1,4,0.0,0.2,0.8,-0.003515969030559063,0.7885017186403275,0.027274028304964303,0.40343265533447265,0.006611814079224132,0.2765136659145355,0.26088300347328186,0.28891053795814514,1.0
135,276480,7,0,1,6,0.0,0.14285714285714285,0.8571428571428571,-0.0024404080118983983,0.6542310133576393,0.02460711430758238,0.3936499893665314,0.004223044880200177,0.2757800221443176,0.25981900095939636,0.28864678740501404,1.0
136,278528,4,0,0,4,0.0,0.0,1.0,-0.001562143093906343,0.3426018118858337,0.02375119673088193,0.385464084148407,0.006343906937399879,0.27496999502182007,0.2590089738368988,0.28823336958885193,1.0
137,280576,5,0,0,5,0.0,0.0,1.0,-0.001695190742611885,0.4068359285593033,0.025040651485323907,0.37588849663734436,0.006838857632828876,0.2740928530693054,0.25820067524909973,0.28770512342453003,1.0
138,282624,6,0,1,5,0.0,0.16666666666666666,0.8333333333333334,-0.0038297065533697606,0.8000122994184494,0.02674601078033447,0.3672303557395935,0.010472427861532196,0.27338120341300964,0.25731363892555237,0.28714174032211304,1.0
139,284672,6,0,0,6,0.0,0.0,1.0,-0.0025011199992150067,0.3571124911308289,0.025610277149826288,0.35674452781677246,0.008125279232626782,0.27208536863327026,0.25632283091545105,0.28558549284935,1.0
140,286720,4,0,0,4,0.0,0.0,1.0,-0.0033453439362347128,0.3971612587571144,0.026434789597988128,0.3433158934116364,0.009773954856791533,0.2710835337638855,0.25555312633514404,0.2842596471309662,1.0
141,288768,8,0,0,8,0.0,0.0,1.0,-0.002942108758725226,0.24958981648087503,0.03076752061024308,0.334203428030014,0.007000201134360395,0.27037227153778076,0.2548643946647644,0.2832475006580353,1.0
142,290816,3,0,0,3,0.0,0.0,1.0,-0.0033138792612589897,0.29637986719608306,0.025350271444767713,0.3258380889892578,0.006550314478226937,0.2694753110408783,0.25405633449554443,0.2823823094367981,1.0
143,292864,6,0,0,6,0.0,0.0,1.0,-0.0025013723876327275,0.4151303544640541,0.026906498055905104,0.3156392574310303,0.007557793098385446,0.2687404751777649,0.2531152665615082,0.28199970722198486,1.0
144,294912,7,0,0,7,0.0,0.0,1.0,-0.0031076213577762245,0.37872635424137113,0.029663071036338806,0.30883753299713135,0.004483538152999245,0.2681913375854492,0.2521587014198303,0.28183209896087646,1.0
145,296960,4,0,0,4,0.0,0.0,1.0,-0.0007851553848013282,0.2848900482058525,0.026205739378929137,0.30255088210105896,0.007290956139331684,0.26768285036087036,0.25143328309059143,0.281882643699646,1.0
146,299008,5,0,0,5,0.0,0.0,1.0,-0.0015266165602952242,0.29429560899734497,0.029237013962119817,0.29664069414138794,0.0054097100102808325,0.26709431409835815,0.25089672207832336,0.2819749712944031,1.0
147,301056,8,0,1,7,0.0,0.125,0.875,-0.0008872386300936341,0.5641756415367126,0.023946970608085393,0.2885736465454102,0.007698356287437491,0.266245573759079,0.2503088116645813,0.28157439827919006,1.0
148,303104,4,0,2,2,0.0,0.5,0.5,-0.0021055160905234516,1.1580420315265656,0.026979892607778312,0.28067724108695985,0.008086343758623115,0.26587721705436707,0.24989913403987885,0.2813741862773895,1.0
149,305152,6,0,0,6,0.0,0.0,1.0,-0.002610331727191806,0.5358505770564079,0.024044078774750233,0.2756363272666931,0.00509371273801662,0.2650652825832367,0.24868229031562805,0.28010615706443787,1.0
150,307200,6,0,0,6,0.0,0.0,1.0,-0.004124484909698367,0.4272798225283623,0.027372473571449518,0.2649341106414795,0.010149442215333693,0.26420319080352783,0.24762926995754242,0.2789953947067261,1.0
151,309248,4,0,0,4,0.0,0.0,1.0,-0.0023696274496614934,0.39835781753063204,0.024049907084554435,0.25435450077056887,0.006049574160715565,0.26305723190307617,0.24657097458839417,0.2774488031864166,1.0
152,311296,11,0,1,10,0.0,0.09090909090909091,0.9090909090909091,-0.0014109015930444003,0.8400679886341095,0.023847018741071223,0.241007000207901,0.006580451794434339,0.2619051933288574,0.24581776559352875,0.2761438190937042,1.0
153,313344,3,0,0,3,0.0,0.0,1.0,-0.002420677850022912,0.39449490010738375,0.026833425089716912,0.2282135307788849,0.007205500602140091,0.260878324508667,0.24495618045330048,0.2753554582595825,1.0
154,315392,4,0,0,4,0.0,0.0,1.0,-0.005106950551271439,0.5367499023675919,0.0259661172516644,0.21768558025360107,0.005798649706412107,0.26004743576049805,0.24427960813045502,0.2745768427848816,1.0
155,317440,4,0,0,4,0.0,0.0,1.0,0.0001973444828763604,0.4946355879306793,0.0232155280187726,0.2095731556415558,0.0034351968206465244,0.2595260739326477,0.24384553730487823,0.27394071221351624,1.0
156,319488,6,0,0,6,0.0,0.0,1.0,-0.0009863628540188075,0.2850843995809555,0.025583301763981582,0.20321308374404906,0.004248834494501352,0.25882649421691895,0.24315235018730164,0.27376028895378113,1.0
157,321536,5,0,0,5,0.0,0.0,1.0,-0.0013099916744977237,0.37431219667196275,0.024894207902252673,0.19362499713897705,0.0037470612238394096,0.25796329975128174,0.24205544590950012,0.27335333824157715,1.0
158,323584,11,0,0,11,0.0,0.0,1.0,-0.0027027792297303677,0.3394498661160469,0.025484095327556133,0.18424123525619507,0.011069664167007432,0.2572537064552307,0.24111467599868774,0.2728722393512726,1.0
159,325632,3,0,1,2,0.0,0.3333333333333333,0.6666666666666666,-0.0016802581027150153,0.8754111617803574,0.029928275849670172,0.17572646737098693,0.008197091380134225,0.25651153922080994,0.24001917243003845,0.2721952199935913,1.0
160,327680,6,0,1,5,0.0,0.16666666666666666,0.8333333333333334,8.200453594326973e-05,0.9283237516880035,0.025597076490521432,0.16732040643692017,0.0050187792454380546,0.25585445761680603,0.23921716213226318,0.2714623510837555,1.0
161,329728,4,0,0,4,0.0,0.0,1.0,-0.0004694964736700058,0.3790177762508392,0.0260386873036623,0.160877788066864,0.005696014687418938,0.2554473876953125,0.23870226740837097,0.2709859311580658,1.0
162,331776,4,0,0,4,0.0,0.0,1.0,-0.00439746561460197,0.39402099549770353,0.027288272604346277,0.1568768858909607,0.0048781222838442774,0.25512510538101196,0.2380845844745636,0.2705935835838318,1.0
163,333824,5,0,0,5,0.0,0.0,1.0,-0.0016086704330518843,0.4919194638729095,0.026680881436914206,0.15136300921440124,0.005061736659263261,0.25448131561279297,0.23739902675151825,0.2701195180416107,1.0
164,335872,10,0,0,10,0.0,0.0,1.0,-0.003798767412081361,0.42694921642541883,0.02949050609022379,0.14250544905662538,0.0067205227736849334,0.25365281105041504,0.23668469488620758,0.26939916610717773,1.0
165,337920,4,0,0,4,0.0,0.0,1.0,-0.001170912804082036,0.3549048975110054,0.026823128759860992,0.13297145962715148,0.005950769310584292,0.25293704867362976,0.23616762459278107,0.26859134435653687,1.0
166,339968,6,0,1,5,0.0,0.16666666666666666,0.8333333333333334,-0.0010767273604869842,0.8127690017223358,0.026569540333002805,0.12564765214920043,0.002791758411331102,0.2523850202560425,0.235608771443367,0.26809394359588623,1.0
167,342016,6,0,0,6,0.0,0.0,1.0,-0.0007870003115385771,0.3833471849560738,0.02597989495843649,0.11884142756462097,0.01135324353526812,0.2517932057380676,0.23508596420288086,0.2675738036632538,1.0
168,344064,2,0,0,2,0.0,0.0,1.0,-0.0023606694769114254,0.3840733841061592,0.030576220992952586,0.11307435035705567,0.010728079039836302,0.25147008895874023,0.23470038175582886,0.26758405566215515,1.0
169,346112,4,0,1,3,0.0,0.25,0.75,-0.0013317393837496637,0.8857767760753632,0.03455484341830015,0.10908309221267701,0.0069559580180794,0.2510404586791992,0.2345336228609085,0.26755431294441223,1.0
170,348160,10,0,0,10,0.0,0.0,1.0,-0.004270293703302741,0.24827716797590255,0.029391688760370016,0.1039106547832489,0.008671489750850015,0.2507302165031433,0.23443478345870972,0.26727625727653503,1.0
171,350208,4,0,0,4,0.0,0.0,1.0,-0.0050868232734501365,0.3085177272558212,0.029051918908953665,0.10069717764854431,0.015070329201989807,0.25036123394966125,0.23411260545253754,0.26676735281944275,1.0
172,352256,8,0,0,8,0.0,0.0,1.0,-0.0030912951799109576,0.3168837413191795,0.02705518277361989,0.094244784116745,0.006250839191488921,0.2496473491191864,0.23341858386993408,0.2660216689109802,1.0
173,354304,4,0,0,4,0.0,0.0,1.0,-0.0025414044037461283,0.36188257932662965,0.025723806116729975,0.08377994894981385,0.006462918085162528,0.24862317740917206,0.23261432349681854,0.26490554213523865,1.0
174,356352,3,0,0,3,0.0,0.0,1.0,-0.0013488520868122577,0.41323562562465666,0.023041527904570102,0.07185683250427247,0.006170114123960957,0.24774900078773499,0.23133274912834167,0.2642039954662323,1.0
175,358400,5,0,0,5,0.0,0.0,1.0,-0.001468849997036159,0.41231672316789625,0.025466565135866405,0.06078990697860718,0.006684163690079003,0.24671724438667297,0.22991512715816498,0.2629920542240143,1.0
176,360448,9,0,0,9,0.0,0.0,1.0,-0.00315611173864454,0.3923401221632957,0.02373126819729805,0.04818598628044128,0.009887926740339026,0.2457510083913803,0.22917042672634125,0.2617664337158203,1.0
177,362496,4,0,0,4,0.0,0.0,1.0,-0.0055692870635539295,0.38668878823518754,0.022277230955660345,0.03703342080116272,0.004428416860173456,0.2448485791683197,0.22812595963478088,0.26081475615501404,1.0
178,364544,7,0,0,7,0.0,0.0,1.0,-0.0025648824870586396,0.36199036687612535,0.02390777226537466,0.026065969467163087,0.006499651554622688,0.24400387704372406,0.22688306868076324,0.2601047456264496,1.0
179,366592,4,0,0,4,0.0,0.0,1.0,-0.0020284444093704225,0.36332814395427704,0.02592581566423178,0.01569499373435974,0.00494163652183488,0.24323908984661102,0.2258179485797882,0.25969383120536804,1.0
180,368640,3,0,0,3,0.0,0.0,1.0,-0.002085171081125736,0.39778072386980057,0.029408354312181473,0.0067632138729095456,0.009593362041050569,0.242559015750885,0.2249932885169983,0.25892677903175354,1.0
181,370688,7,0,1,6,0.0,0.14285714285714285,0.8571428571428571,-9.37226926907897e-05,0.8411566823720932,0.027630635630339385,-0.0027300894260406496,0.002912035898771137,0.24162039160728455,0.22407549619674683,0.25783389806747437,1.0
182,372736,8,0,0,8,0.0,0.0,1.0,-0.0010783662786707283,0.3491350933909416,0.027399508655071257,-0.013583624362945556,0.010113926642225124,0.24098758399486542,0.22351236641407013,0.2572077214717865,1.0
183,374784,4,0,0,4,0.0,0.0,1.0,-0.004723339597694576,0.321261265873909,0.026085150986909868,-0.019592982530593873,0.013948576111579314,0.24060086905956268,0.22264502942562103,0.2572571635246277,1.0
184,376832,7,0,0,7,0.0,0.0,1.0,-0.0010276592103764415,0.3194461137056351,0.022974694054573773,-0.02525091767311096,0.008640261852997355,0.24005655944347382,0.22176183760166168,0.2570847272872925,1.0
185,378880,4,0,0,4,0.0,0.0,1.0,-0.00278023611754179,0.5510295808315278,0.027288143429905175,-0.03365466594696045,0.007492750306846574,0.23928825557231903,0.2211827039718628,0.25601252913475037,1.0
186,380928,5,0,2,3,0.0,0.4,0.6,-0.0027514082845300435,1.3209754645824432,0.02273896597325802,-0.04282137155532837,0.007261531802942045,0.23862873017787933,0.22073028981685638,0.2551666796207428,1.0
187,382976,11,0,0,11,0.0,0.0,1.0,-0.0016697434708476066,0.38055664002895356,0.01925427420064807,-0.05089051127433777,0.007220037546358071,0.23794995248317719,0.22001473605632782,0.25486913323402405,1.0
188,385024,2,0,0,2,0.0,0.0,1.0,-0.0033053379040211437,0.3683519080281258,0.02242684755474329,-0.05924507975578308,0.0027189697924768553,0.23740828037261963,0.21918223798274994,0.2545909881591797,1.0
189,387072,5,0,0,5,0.0,0.0,1.0,-0.0014798645628616215,0.4407713145017624,0.0214739628136158,-0.06763800978660583,0.002703982943785377,0.23649853467941284,0.2178134173154831,0.2535957098007202,1.0
190,389120,6,0,1,5,0.0,0.16666666666666666,0.8333333333333334,-0.0009237628779374063,1.107792115211487,0.02539852187037468,-0.08023011684417725,0.007461344878538512,0.2355729043483734,0.21634863317012787,0.25294533371925354,1.0
191,391168,5,0,0,5,0.0,0.0,1.0,-0.0005414980696514249,0.372676919400692,0.025991343520581724,-0.09021057486534119,0.00485835051513277,0.23511247336864471,0.21497760713100433,0.25309857726097107,1.0
192,393216,6,0,0,6,0.0,0.0,1.0,-0.0005367372184991836,0.4659257858991623,0.027187278121709825,-0.09388989210128784,0.0037366028409451246,0.23503631353378296,0.214263916015625,0.2540336847305298,1.0
193,395264,11,0,1,10,0.0,0.09090909090909091,0.9090909090909091,-0.0009371539577841759,1.1318100064992904,0.028834832087159156,-0.09532703757286072,0.0037752072705188764,0.2348792552947998,0.2139316201210022,0.254387229681015,1.0
194,397312,0,0,0,0,0.0,0.0,0.0,-0.003218164900317788,0.42703927457332613,0.027682072762399913,-0.0985475242137909,0.006344331058789976,0.23457013070583344,0.2133660614490509,0.25419914722442627,1.0
195,399360,6,0,0,6,0.0,0.0,1.0,0.0003079358488321304,0.5154690280556679,0.02923550261184573,-0.10347786545753479,0.01122322202718351,0.23415780067443848,0.21257977187633514,0.25368717312812805,1.0
196,401408,5,0,1,4,0.0,0.2,0.8,-0.0023807544028386475,1.0243954926729202,0.0279286683537066,-0.11017093062400818,0.008617206613416783,0.2334498167037964,0.21195977926254272,0.25275903940200806,1.0
197,403456,4,0,0,4,0.0,0.0,1.0,-0.003029982722364366,0.38708351999521257,0.028763282299041747,-0.11839127540588379,0.010078692584647797,0.23302587866783142,0.21161805093288422,0.25228869915008545,1.0
198,405504,7,0,0,7,0.0,0.0,1.0,-0.005214555724523962,0.38615949302911756,0.026627354230731724,-0.12287194728851318,0.008241441132850014,0.23265133798122406,0.21124830842018127,0.25214076042175293,1.0
199,407552,10,0,0,10,0.0,0.0,1.0,-0.0018934808671474458,0.4036127671599388,0.021094715129584073,-0.12925481796264648,0.009364090193412267,0.2320488542318344,0.2108866572380066,0.25146692991256714,1.0
200,409600,1,0,1,0,0.0,1.0,0.0,-0.003628786583431065,0.9725626915693283,0.021198751870542765,-0.13588476181030273,0.01283009784820024,0.23169943690299988,0.21073155105113983,0.2510190010070801,1.0
201,411648,7,0,0,7,0.0,0.0,1.0,-0.002248883503489196,0.33297358006238936,0.019315074756741525,-0.14016709923744203,0.008504944341257214,0.23126783967018127,0.21024464070796967,0.25056806206703186,1.0
202,413696,6,0,0,6,0.0,0.0,1.0,-0.0034930713474750517,0.4870423212647438,0.020284436736255886,-0.1474656045436859,0.006073288069455884,0.23051613569259644,0.2094201147556305,0.24984127283096313,1.0
203,415744,1,0,0,1,0.0,0.0,1.0,-0.0028837107354775073,0.4630415320396423,0.022147304844111204,-0.16004143357276918,0.007192593748914078,0.2293452024459839,0.20842643082141876,0.24783320724964142,1.0
204,417792,7,0,0,7,0.0,0.0,1.0,-0.0028228227980434894,0.39824928492307665,0.023358514811843634,-0.17584823369979857,0.008038454010966234,0.22816023230552673,0.20743057131767273,0.2458643615245819,1.0
205,419840,10,0,0,10,0.0,0.0,1.0,-0.002657978143543005,0.4874358743429184,0.02151669291779399,-0.19217101931571962,0.01157183978939429,0.22682952880859375,0.20634129643440247,0.24470198154449463,1.0
206,421888,2,0,0,2,0.0,0.0,1.0,-0.00040429362561553714,0.3497000679373741,0.020654324814677237,-0.20692564249038697,0.007201424773666076,0.2260265350341797,0.2055763304233551,0.24403071403503418,1.0
207,423936,8,0,1,7,0.0,0.125,0.875,-0.00714242341928184,1.1377247273921967,0.022352016437798737,-0.21413597464561462,0.011298430952592753,0.2257542461156845,0.2051883339881897,0.24388164281845093,1.0
208,425984,5,0,0,5,0.0,0.0,1.0,-0.0005781941930763423,0.4955057665705681,0.025302407424896957,-0.21819874048233032,0.0032624639075947925,0.22528141736984253,0.20469743013381958,0.24377554655075073,1.0
209,428032,5,0,2,3,0.0,0.4,0.6,-0.0013296768069267274,1.2908303052186967,0.028791770804673433,-0.22433037161827088,0.0037353524297941477,0.22501763701438904,0.20430852472782135,0.2436571568250656,1.0
210,430080,5,0,0,5,0.0,0.0,1.0,0.0002793035935610533,0.4402539923787117,0.02673650411888957,-0.22772386074066162,0.006319451736635529,0.2246333807706833,0.20391380786895752,0.2429097294807434,1.0
211,432128,7,0,0,7,0.0,0.0,1.0,-0.002390648378059268,0.4210160940885544,0.027319555263966323,-0.23382022380828857,0.008213911889470182,0.22412285208702087,0.20350533723831177,0.24224220216274261,1.0
212,434176,2,0,0,2,0.0,0.0,1.0,-0.0009699491667561233,0.3858898192644119,0.025928684510290623,-0.2418498396873474,0.0037329691607737915,0.22338923811912537,0.20304293930530548,0.24134695529937744,1.0
213,436224,8,0,0,8,0.0,0.0,1.0,-0.0018893675412982702,0.3892673373222351,0.025387373846024276,-0.25209236741065977,0.006773220395552925,0.22260317206382751,0.20265597105026245,0.24027350544929504,1.0
214,438272,6,0,0,6,0.0,0.0,1.0,-0.0029137920355424285,0.4103910133242607,0.024995069485157728,-0.26101688146591184,0.009376294357934967,0.22213409841060638,0.20237617194652557,0.23947449028491974,1.0
215,440320,4,0,0,4,0.0,0.0,1.0,-0.0004648217465728521,0.39952108561992644,0.024909498076885937,-0.2678182363510132,0.006912488245870918,0.22140154242515564,0.2017974704504013,0.2386661022901535,1.0
216,442368,5,0,0,5,0.0,0.0,1.0,-0.0022664633579552174,0.5795551776885987,0.02357291178777814,-0.27813180685043337,0.007348250137874856,0.22076019644737244,0.20096205174922943,0.238284170627594,1.0
217,444416,7,0,0,7,0.0,0.0,1.0,-0.002545292256399989,0.46211698800325396,0.02431407179683447,-0.28557941913604734,0.013591301962151192,0.22030971944332123,0.20048674941062927,0.23782216012477875,1.0
218,446464,3,0,0,3,0.0,0.0,1.0,-0.0036131658358499407,0.5652360171079636,0.025739958696067333,-0.29053473472595215,0.008193518099142238,0.22007939219474792,0.20041221380233765,0.23723623156547546,1.0
219,448512,9,0,0,9,0.0,0.0,1.0,-0.005647780012805015,0.5187113478779792,0.026178338471800087,-0.2931277096271515,0.007229446858400479,0.2198019027709961,0.20017890632152557,0.2370520681142807,1.0
220,450560,5,0,0,5,0.0,0.0,1.0,-0.0027118856320157646,0.4246689736843109,0.024221228994429113,-0.2990140378475189,0.0033523233083542435,0.2192050665616989,0.19984231889247894,0.23609039187431335,1.0
221,452608,3,0,0,3,0.0,0.0,1.0,-0.002290550246834755,0.4561073243618011,0.023067583795636892,-0.30776403546333314,0.007010239112423733,0.21848714351654053,0.19909599423408508,0.23505091667175293,1.0
222,454656,5,0,0,5,0.0,0.0,1.0,-0.0009723945055156946,0.44525595009326935,0.026474808901548387,-0.317225843667984,0.005900390370516107,0.21796564757823944,0.19838346540927887,0.23455309867858887,1.0
223,456704,7,0,0,7,0.0,0.0,1.0,-0.002257221704348922,0.5176257967948914,0.02354232771322131,-0.3232329964637756,0.004501503409119323,0.2175195813179016,0.19803676009178162,0.2342435121536255,1.0
224,458752,7,0,0,7,0.0,0.0,1.0,-0.0006441858597099781,0.4563952013850212,0.0230574956163764,-0.3309365212917328,0.006391517486190423,0.21683411300182343,0.19748781621456146,0.23335309326648712,1.0
225,460800,7,0,1,6,0.0,0.14285714285714285,0.8571428571428571,-0.0023631535703316333,1.264816015958786,0.023571177572011947,-0.34076274037361143,0.0062995758635224774,0.2161685675382614,0.19661326706409454,0.23295418918132782,1.0
226,462848,5,0,1,4,0.0,0.2,0.8,-0.004708683583885431,0.699603694677353,0.021749808453023434,-0.3486684739589691,0.007868191177840345,0.21575520932674408,0.19627267122268677,0.232587993144989,1.0
227,464896,4,0,0,4,0.0,0.0,1.0,0.0017335700336843728,0.5549493461847306,0.023605333641171455,-0.35470616817474365,0.006905431195627898,0.215186208486557,0.19559074938297272,0.23261582851409912,1.0
228,466944,8,0,0,8,0.0,0.0,1.0,0.000997606641612947,0.4491554290056229,0.0253483222797513,-0.36321011185646057,0.009748516784748062,0.21469971537590027,0.1947147250175476,0.23243348300457,1.0
229,468992,3,0,1,2,0.0,0.3333333333333333,0.6666666666666666,-0.0011111559579148889,0.7694538712501526,0.02426404384896159,-0.36970641016960143,0.007212062543840147,0.214203342795372,0.19388152658939362,0.2320839911699295,1.0
230,471040,6,0,0,6,0.0,0.0,1.0,-0.004078811872750521,0.4753667786717415,0.02471506465226412,-0.37935765981674197,0.01067056660540402,0.21324948966503143,0.1929490715265274,0.23124387860298157,1.0
231,473088,7,0,0,7,0.0,0.0,1.0,-0.0022292009321972727,0.3320386439561844,0.018959238845854997,-0.3937914967536926,0.011922616945230401,0.21243064105510712,0.1922272890806198,0.23064793646335602,1.0
232,475136,5,0,0,5,0.0,0.0,1.0,-0.0011303378269076347,0.5309305161237716,0.021555057913064956,-0.402347606420517,0.006461640342604369,0.21189944446086884,0.19177909195423126,0.23042991757392883,1.0
233,477184,4,0,0,4,0.0,0.0,1.0,-0.002024541737046093,0.507838959991932,0.028680170606821775,-0.41069687604904176,0.0068649384804302825,0.21130087971687317,0.19108621776103973,0.2306235283613205,1.0
234,479232,9,0,0,9,0.0,0.0,1.0,-0.0024453507969155906,0.5263568624854088,0.02717346101999283,-0.4184011220932007,0.005415612648357637,0.21096210181713104,0.1903821974992752,0.2310004085302353,1.0
235,481280,1,0,0,1,0.0,0.0,1.0,-0.002502333594020456,0.47053082883358,0.028932895231992006,-0.42238795161247256,0.006215850834269077,0.21070563793182373,0.189962238073349,0.23126760125160217,1.0
236,483328,7,0,0,7,0.0,0.0,1.0,0.00012986031360924245,0.5008394286036492,0.02782780034467578,-0.4280257225036621,0.004610493875225075,0.21017800271511078,0.18971383571624756,0.23086103796958923,1.0
237,485376,6,0,0,6,0.0,0.0,1.0,0.0003454742720350623,0.4724464789032936,0.026452522631734608,-0.4373520612716675,0.006330138823250309,0.20938193798065186,0.1890563666820526,0.2301771640777588,1.0
238,487424,6,0,1,5,0.0,0.16666666666666666,0.8333333333333334,-0.001162113924510777,1.1165073931217193,0.024966825637966393,-0.4497805953025818,0.009107947300071828,0.20851938426494598,0.1881992518901825,0.22880873084068298,1.0
239,489472,5,0,0,5,0.0,0.0,1.0,-0.002552539447788149,0.44433838725090025,0.02473810687661171,-0.45853596925735474,0.004014345278847031,0.208249032497406,0.18771426379680634,0.2283276617527008,1.0
240,491520,7,0,0,7,0.0,0.0,1.0,-0.0015350134577602147,0.4481011345982552,0.025684656761586665,-0.4608601748943329,0.004115972013096325,0.20810401439666748,0.1868230700492859,0.2284492403268814,1.0
241,493568,3,0,1,2,0.0,0.3333333333333333,0.6666666666666666,-0.002426343713887036,1.2311105847358703,0.025871897488832472,-0.4644624888896942,0.006143196139601059,0.20784947276115417,0.18596431612968445,0.22853785753250122,1.0
242,495616,6,0,0,6,0.0,0.0,1.0,-0.001576690934598446,0.48222453743219373,0.025646892841905355,-0.4698676824569702,0.0071330916369333865,0.2073107659816742,0.18517638742923737,0.22817830741405487,1.0
243,497664,7,0,0,7,0.0,0.0,1.0,-0.003210171591490507,0.47876274436712263,0.02405195441097021,-0.4786256432533264,0.006173563183983788,0.20680099725723267,0.18458887934684753,0.22777657210826874,1.0
244,499712,5,0,0,5,0.0,0.0,1.0,-0.002252839389257133,0.478479228913784,0.026198219414800404,-0.4863937258720398,0.0080388769187266,0.20614783465862274,0.18380899727344513,0.22714415192604065,1.0
245,501760,4,0,0,4,0.0,0.0,1.0,-0.001277495955582708,0.4881049871444702,0.022475244384258984,-0.4974149227142334,0.0031562146119540556,0.20530322194099426,0.18328382074832916,0.2258153259754181,1.0
246,503808,8,0,1,7,0.0,0.125,0.875,-0.0019218738656491042,1.2303607881069183,0.026247268076986074,-0.5071367144584655,0.0044625067559536545,0.20491963624954224,0.18295425176620483,0.2247721552848816,1.0
247,505856,4,0,1,3,0.0,0.25,0.75,-0.0012824359349906445,1.1286339730024337,0.02460896112024784,-0.5100050926208496,0.008544078693375923,0.2048085629940033,0.1828615516424179,0.22417640686035156,1.0
248,507904,7,0,0,7,0.0,0.0,1.0,-0.001225946587510407,0.5365959048271179,0.022385816276073455,-0.5124845385551453,0.0061020469467621295,0.2044895887374878,0.18243035674095154,0.2237299531698227,1.0
249,509952,5,0,0,5,0.0,0.0,1.0,-0.004297720082104206,0.42005168944597243,0.022979795932769775,-0.5199957728385926,0.006200201669707894,0.20370912551879883,0.18184807896614075,0.22278180718421936,1.0
250,512000,5,0,0,5,0.0,0.0,1.0,-0.004351041791960597,0.5165775284171105,0.02479726178571582,-0.5308756828308105,0.013778994133463129,0.2032671868801117,0.18131771683692932,0.22226984798908234,1.0
251,514048,4,0,0,4,0.0,0.0,1.0,-0.001343287923373282,0.5712777882814407,0.024589676316827534,-0.5361765801906586,0.0029078711289912463,0.2028091847896576,0.18049205839633942,0.2214396595954895,1.0
252,516096,7,0,0,7,0.0,0.0,1.0,-0.002500388165935874,0.3828723579645157,0.02221478959545493,-0.5438684940338134,0.011920756101608277,0.20233216881752014,0.1798720508813858,0.2205839306116104,1.0
253,518144,5,0,0,5,0.0,0.0,1.0,-0.0015099311247467994,0.5797273278236389,0.02322384072467685,-0.5499327600002288,0.00637914843391627,0.20199522376060486,0.17951500415802002,0.22025327384471893,1.0
254,520192,8,0,0,8,0.0,0.0,1.0,-0.00035891931038349866,0.42821196764707564,0.018763286899775265,-0.5556649148464203,0.003932274482212961,0.20143336057662964,0.17877881228923798,0.2198641002178192,1.0
255,522240,4,0,0,4,0.0,0.0,1.0,-0.003831747639924288,0.5494915053248406,0.018833891488611698,-0.5670750439167023,0.006285186487366446,0.2005687654018402,0.17808987200260162,0.21909113228321075,1.0
256,524288,4,0,0,4,0.0,0.0,1.0,-0.0029426650144159794,0.46249156892299653,0.020359482057392596,-0.5799889981746673,0.007707196939736605,0.1997404396533966,0.1776363104581833,0.21810562908649445,1.0
257,526336,5,0,1,4,0.0,0.2,0.8,-0.0035897420952096582,1.398955100774765,0.021958747878670692,-0.5896670401096344,0.012037442007567734,0.19934235513210297,0.17682531476020813,0.2178620994091034,1.0
258,528384,8,0,0,8,0.0,0.0,1.0,-0.0005885485326871276,0.45810986012220384,0.02038625832647085,-0.5954277276992798,0.010407502160524018,0.19891083240509033,0.1761225312948227,0.21756507456302643,1.0
259,530432,6,0,0,6,0.0,0.0,1.0,-0.002686945372261107,0.8283875495195389,0.0242558553814888,-0.6041724860668183,0.009102592206909321,0.19812791049480438,0.17556077241897583,0.21671146154403687,1.0
260,532480,6,0,0,6,0.0,0.0,1.0,-0.0030436741188168527,0.4717829540371895,0.026175950560718773,-0.6165474653244019,0.006423842065851204,0.1974291056394577,0.1749027520418167,0.21614575386047363,1.0
261,534528,4,0,0,4,0.0,0.0,1.0,-0.0025614377111196516,0.6695553481578826,0.0258918521925807,-0.6244298815727234,0.006859740344225429,0.19711129367351532,0.174488365650177,0.21621091663837433,1.0
262,536576,3,0,0,3,0.0,0.0,1.0,-0.0026873411610722543,0.598887637257576,0.026029718201607467,-0.6301374673843384,0.006117933074710891,0.19659766554832458,0.17407314479351044,0.21584147214889526,1.0
263,538624,9,0,0,9,0.0,0.0,1.0,-0.001415865239687264,0.455210916697979,0.024769330583512782,-0.6376119971275329,0.003982104486203753,0.19623461365699768,0.17364706099033356,0.21528109908103943,1.0
264,540672,6,0,0,6,0.0,0.0,1.0,-0.0020763316191732884,0.48817667961120603,0.023180162813514472,-0.6444070398807525,0.007292386449989863,0.19559936225414276,0.17322354018688202,0.2145254760980606,1.0
265,542720,6,0,0,6,0.0,0.0,1.0,-0.0020807138178497555,0.43289103657007216,0.023890315927565096,-0.654850172996521,0.004037542291916907,0.1949518918991089,0.17241273820400238,0.21409109234809875,1.0
266,544768,5,0,1,4,0.0,0.2,0.8,-0.003088463144376874,1.3295352518558503,0.026217323262244463,-0.6634163081645965,0.00882369754544925,0.19452404975891113,0.1720747947692871,0.21354927122592926,1.0
267,546816,5,0,0,5,0.0,0.0,1.0,0.0011005994398146867,0.502769123017788,0.02770465100184083,-0.6725369989871979,0.004798978503094986,0.19362632930278778,0.17128384113311768,0.21271556615829468,1.0
268,548864,4,0,0,4,0.0,0.0,1.0,-0.00018561033066362144,0.3979326695203781,0.02676043240353465,-0.685502004623413,0.005888403390417807,0.19306592643260956,0.1704985499382019,0.21207760274410248,1.0
269,550912,9,0,0,9,0.0,0.0,1.0,-0.002120575215667486,0.5313239187002182,0.02688058903440833,-0.6916963815689087,0.008673548544174991,0.1928110122680664,0.1698380559682846,0.21187108755111694,1.0
270,552960,4,0,1,3,0.0,0.25,0.75,-0.0009938386268913747,0.6859452709555626,0.022932158317416906,-0.6948621451854706,0.008752573857782409,0.19268512725830078,0.16958636045455933,0.21157079935073853,1.0
271,555008,6,0,0,6,0.0,0.0,1.0,-0.002546369633637369,0.5016306474804878,0.02194080939516425,-0.6977021932601929,0.007386674889130518,0.19236600399017334,0.16927212476730347,0.2112703174352646,1.0
272,557056,4,0,0,4,0.0,0.0,1.0,0.00015466029290109873,0.42190138846635816,0.024597173929214476,-0.7062696099281311,0.005047996886423789,0.1915300339460373,0.1688055694103241,0.21007759869098663,1.0
273,559104,6,0,1,5,0.0,0.16666666666666666,0.8333333333333334,-0.0005411123856902122,1.5301660776138306,0.033145073987543586,-0.7177183091640472,0.0015292555326595902,0.19105474650859833,0.16832803189754486,0.20934274792671204,1.0
274,561152,5,0,1,4,0.0,0.2,0.8,-0.0007181070744991302,0.9961006790399551,0.02802607761695981,-0.7239774465560913,0.003069408019655384,0.19062206149101257,0.16799508035182953,0.20885378122329712,1.0
275,563200,9,0,0,9,0.0,0.0,1.0,-0.0034537093248218297,0.5748739987611771,0.02453114725649357,-0.7295066237449646,0.004988941818010062,0.19048278033733368,0.1678491234779358,0.20872825384140015,1.0
276,565248,3,0,0,3,0.0,0.0,1.0,-0.0008119327947497367,0.44051393419504165,0.023752159252762795,-0.7309627890586853,0.008789161161985248,0.19033655524253845,0.167544424533844,0.20886926352977753,1.0
277,567296,5,0,0,5,0.0,0.0,1.0,-0.001840280811302364,0.6345588475465774,0.023291378375142814,-0.73509082198143,0.0049567714799195525,0.18995782732963562,0.16707289218902588,0.20852066576480865,1.0
278,569344,5,0,0,5,0.0,0.0,1.0,-0.0030966138001531363,0.5303168177604676,0.02160523273050785,-0.7424318790435791,0.005657395510934293,0.18942658603191376,0.16670508682727814,0.20799493789672852,1.0
279,571392,6,0,0,6,0.0,0.0,1.0,-0.0027469962369650602,0.4537325590848923,0.021841456927359105,-0.7512159049510956,0.005075102401315234,0.18887630105018616,0.16628986597061157,0.20740431547164917,1.0
280,573440,5,0,0,5,0.0,0.0,1.0,-0.0025844266870990395,0.4905271291732788,0.020661264099180697,-0.7602941870689393,0.005344597858493216,0.18822574615478516,0.16567747294902802,0.2067032754421234,1.0
281,575488,8,0,0,8,0.0,0.0,1.0,0.0008570015896111726,0.3998922690749168,0.021063609514385462,-0.7704787850379944,0.006780121740303002,0.18769490718841553,0.16497431695461273,0.2063307911157608,1.0
282,577536,3,0,0,3,0.0,0.0,1.0,-0.0016553160268813372,0.4691701576113701,0.020004003867506982,-0.7793124556541443,0.007039341281051747,0.1870311200618744,0.16425490379333496,0.205548956990242,1.0
283,579584,6,0,0,6,0.0,0.0,1.0,-0.002562534576281905,0.4661108300089836,0.022690265066921712,-0.7899254262447357,0.004239743412472308,0.1865476667881012,0.1635744720697403,0.20522409677505493,1.0
284,581632,6,0,1,5,0.0,0.16666666666666666,0.8333333333333334,-0.0006384804612025619,1.6045203506946564,0.026578126940876245,-0.7980429112911225,0.004817393777193502,0.18588390946388245,0.16309991478919983,0.2046113908290863,1.0
285,583680,7,0,0,7,0.0,0.0,1.0,-0.003040909580886364,0.677492755651474,0.026367194019258022,-0.809941953420639,0.008609110111137852,0.18514060974121094,0.16245442628860474,0.20432472229003906,1.0
286,585728,4,0,0,4,0.0,0.0,1.0,-0.0012723101302981378,0.6045437008142471,0.025260973442345857,-0.8203133106231689,0.007385153698851355,0.18470922112464905,0.1620117425918579,0.20383477210998535,1.0
287,587776,6,0,0,6,0.0,0.0,1.0,-0.00490225984249264,0.5216550543904305,0.025001610908657313,-0.8257295846939087,0.005391629453515634,0.18443351984024048,0.1615404635667801,0.20352135598659515,1.0
288,589824,4,0,0,4,0.0,0.0,1.0,-0.000768843526020646,0.47717396914958954,0.02392907179892063,-0.8315928041934967,0.0048279766429914165,0.18398606777191162,0.16095587611198425,0.20304782688617706,1.0
289,591872,8,0,1,7,0.0,0.125,0.875,0.0016035640146583319,1.1602455019950866,0.020704330317676066,-0.8384275734424591,0.010253686271607877,0.18365156650543213,0.16072872281074524,0.20264078676700592,1.0
290,593920,5,0,0,5,0.0,0.0,1.0,-0.002006358909420669,0.4566022500395775,0.021023189090192317,-0.8427034795284272,0.01002890334057156,0.1834707260131836,0.16043666005134583,0.20269694924354553,1.0
291,595968,5,0,0,5,0.0,0.0,1.0,-0.007733622170053423,0.4792828977108002,0.02229250958189368,-0.8444340527057648,0.008950331714004278,0.18352171778678894,0.16032662987709045,0.20307360589504242,1.0
292,598016,5,0,1,4,0.0,0.2,0.8,-0.0005148849450051785,1.4130072951316834,0.021689547039568425,-0.8440347492694855,0.00803319142141845,0.18336568772792816,0.16027650237083435,0.20284220576286316,1.0
293,600064,5,0,0,5,0.0,0.0,1.0,-0.004955558734945953,0.4120291531085968,0.020016620866954327,-0.8494095504283905,0.012310564675135537,0.18287084996700287,0.15994401276111603,0.2023203819990158,1.0
294,602112,4,0,0,4,0.0,0.0,1.0,-0.00033102056477218866,0.6121300876140594,0.022440379951149225,-0.8577870726585388,0.00705894477723632,0.18240302801132202,0.15973351895809174,0.20169338583946228,1.0
295,604160,8,0,0,8,0.0,0.0,1.0,-0.006498428643681109,0.5172392681241036,0.02723807319998741,-0.8633471846580505,0.0075443220208399,0.18223989009857178,0.15955787897109985,0.20151743292808533,1.0
296,606208,8,0,1,7,0.0,0.125,0.875,-0.003706774115562439,1.431650957465172,0.02901143915951252,-0.8652949154376983,0.0071007118880515915,0.18209980428218842,0.15937842428684235,0.20137402415275574,1.0
297,608256,3,0,0,3,0.0,0.0,1.0,-0.0037086768075823783,0.5834681987762451,0.02918515345081687,-0.8691237211227417,0.005564130310085602,0.18170678615570068,0.15891969203948975,0.20087169110774994,1.0
298,610304,6,0,1,5,0.0,0.16666666666666666,0.8333333333333334,-0.002082128124311566,1.5719581723213196,0.027037200517952442,-0.8758696973323822,0.012831850815564394,0.18148043751716614,0.15854962170124054,0.20060546696186066,1.0
299,612352,4,0,0,4,0.0,0.0,1.0,-0.0006363747641444206,0.5303119212388993,0.026431396324187516,-0.8788818359375,0.007193997313152067,0.18121755123138428,0.15812459588050842,0.20034386217594147,1.0
300,614400,8,0,0,8,0.0,0.0,1.0,-0.0004373718751594424,0.5320844933390617,0.02473563505336642,-0.885273677110672,0.0041014083253685385,0.1807311475276947,0.15753406286239624,0.19985289871692657,1.0
301,616448,4,0,0,4,0.0,0.0,1.0,-0.002987627568654716,0.49649047255516054,0.022683317214250563,-0.8932258188724518,0.010431624890770763,0.18034563958644867,0.1571756899356842,0.19925706088542938,1.0
302,618496,7,0,0,7,0.0,0.0,1.0,-0.001620780280791223,0.45630576461553574,0.023030058573931457,-0.8981042563915252,0.009315631023491732,0.18014660477638245,0.15692438185214996,0.19849975407123566,1.0
303,620544,5,0,0,5,0.0,0.0,1.0,-0.0029358332743868233,0.41892341524362564,0.0228059914894402,-0.9022115588188171,0.011723560901009478,0.17973697185516357,0.1565486341714859,0.19779884815216064,1.0
304,622592,8,0,1,7,0.0,0.125,0.875,-0.0029278342379257085,1.5626210689544677,0.02332879789173603,-0.9098644852638245,0.003688758940552361,0.17929226160049438,0.15624669194221497,0.19710910320281982,1.0
305,624640,3,0,0,3,0.0,0.0,1.0,-0.0029432275448925795,0.6731187283992768,0.022660110145807266,-0.916464501619339,0.007956213172292337,0.1789478063583374,0.15583054721355438,0.1969216912984848,1.0
306,626688,6,0,0,6,0.0,0.0,1.0,-0.00209925111848861,0.5567561954259872,0.022873740922659636,-0.9243927657604217,0.005688176531111822,0.17821703851222992,0.15502019226551056,0.1961401253938675,1.0
307,628736,4,0,0,4,0.0,0.0,1.0,-0.0014524571830406784,0.6381622642278671,0.024054883886128663,-0.9369748651981353,0.012169988368987106,0.17771689593791962,0.15441825985908508,0.19561900198459625,1.0
308,630784,6,0,0,6,0.0,0.0,1.0,-0.0006507199257612228,0.5119231313467025,0.021708224434405565,-0.9424575746059418,0.005650970610440708,0.17752103507518768,0.1538328379392624,0.19547438621520996,1.0
309,632832,6,0,0,6,0.0,0.0,1.0,-0.0008666870882734657,0.4117320954799652,0.023828855622559784,-0.9463713586330413,0.00468334746256005,0.17723266780376434,0.15331386029720306,0.19571857154369354,1.0
310,634880,8,0,0,8,0.0,0.0,1.0,-0.0033029506681486963,0.3986703783273697,0.02307531526312232,-0.9526956975460052,0.0039379746507620435,0.176886186003685,0.1529601663351059,0.1959165334701538,1.0
311,636928,2,0,0,2,0.0,0.0,1.0,-0.0020692058373242618,0.4075912281870842,0.02253027753904462,-0.9583454668521881,0.006054333207430318,0.1766013354063034,0.15261463820934296,0.19597023725509644,1.0
312,638976,6,0,0,6,0.0,0.0,1.0,-0.0017558834282681347,0.5162248000502586,0.02420415133237839,-0.9659514367580414,0.0031873478437773883,0.17582552134990692,0.1519351601600647,0.1950080394744873,1.0
313,641024,5,0,0,5,0.0,0.0,1.0,0.00017254913691431284,0.5638259202241898,0.025384461600333454,-0.9795062243938446,0.0034350815607467667,0.1752588450908661,0.15127959847450256,0.19453752040863037,1.0
314,643072,5,0,0,5,0.0,0.0,1.0,-0.0010622742120176554,0.5326032161712646,0.02295719049870968,-0.9870373964309692,0.004857316159177572,0.17490577697753906,0.1506565511226654,0.19452215731143951,1.0
315,645120,9,0,2,7,0.0,0.2222222222222222,0.7777777777777778,-0.002063374361023307,2.4721632838249206,0.02551316497847438,-0.9928277373313904,0.007416423776885494,0.17465636134147644,0.15034760534763336,0.19432446360588074,1.0
316,647168,6,0,0,6,0.0,0.0,1.0,-0.0025968000292778013,0.44142396152019503,0.02613887479528785,-0.9984367728233338,0.0032282933592796327,0.17411410808563232,0.15007489919662476,0.19394171237945557,1.0
317,649216,2,0,0,2,0.0,0.0,1.0,-0.0001347570214420557,0.6601275265216827,0.026128535717725755,-1.0103356480598449,0.005320745875360444,0.17338351905345917,0.14958521723747253,0.19322869181632996,1.0
318,651264,5,0,0,5,0.0,0.0,1.0,-0.0005626303609460592,0.6340503305196762,0.029524208046495914,-1.0228419780731202,0.006353018517256714,0.17255549132823944,0.14920078217983246,0.1924610286951065,1.0
319,653312,6,0,0,6,0.0,0.0,1.0,-0.002802571654319763,0.5945436537265778,0.028790430165827274,-1.035396021604538,0.006520000050659292,0.17209497094154358,0.14895091950893402,0.19198603928089142,1.0
320,655360,6,0,0,6,0.0,0.0,1.0,-0.0021015939535573127,0.6648678839206695,0.02569167697802186,-1.040004599094391,0.011321500648045912,0.17193417251110077,0.14889025688171387,0.1916411966085434,1.0
321,657408,9,0,0,9,0.0,0.0,1.0,-0.0028713470790535213,0.4172045081853867,0.024421810079365967,-1.042240357398987,0.008953469435800799,0.17180930078029633,0.14886555075645447,0.1915430873632431,1.0
322,659456,4,0,0,4,0.0,0.0,1.0,-0.0016550996340811252,0.42487563341856005,0.023492546752095222,-1.0469665050506591,0.004531742312246933,0.17125189304351807,0.14864341914653778,0.19090205430984497,1.0
323,661504,3,0,1,2,0.0,0.3333333333333333,0.6666666666666666,-0.0010279317852109672,0.8427993938326835,0.020997060183435678,-1.0587721168994904,0.0036881660285871475,0.17056219279766083,0.14822371304035187,0.1901681274175644,1.0
324,663552,7,0,0,7,0.0,0.0,1.0,-0.0016894873464480043,0.35554403215646746,0.02177709685638547,-1.0683201372623443,0.00870076475548558,0.17020927369594574,0.14784997701644897,0.18998776376247406,1.0
325,665600,4,0,0,4,0.0,0.0,1.0,0.0058011399582028386,0.47431975454092024,0.02143592480570078,-1.0745631635189057,0.016097433198592626,0.16977930068969727,0.14731474220752716,0.1895187944173813,1.0
326,667648,6,0,0,6,0.0,0.0,1.0,-0.0025120470207184555,0.46283953338861467,0.01935124322772026,-1.0822662472724915,0.005867028422653675,0.16941431164741516,0.14694686233997345,0.189096599817276,1.0
327,669696,8,0,0,8,0.0,0.0,1.0,0.002816416695713997,0.4448994114995003,0.02125811530277133,-1.088903111219406,0.018188535291119478,0.1689932942390442,0.14664538204669952,0.18851254880428314,1.0
328,671744,6,0,1,5,0.0,0.16666666666666666,0.8333333333333334,-0.00243774529080838,1.6407805323600768,0.02292296402156353,-1.0942896366119386,0.010149489820469171,0.16886702179908752,0.14629068970680237,0.18889029324054718,1.0
329,673792,3,0,0,3,0.0,0.0,1.0,-0.0021827268064953387,0.5819073051214219,0.02489734925329685,-1.0982881605625152,0.0052124885813100265,0.16851195693016052,0.14560778439044952,0.1889408975839615,1.0
330,675840,5,0,0,5,0.0,0.0,1.0,-0.0010827993974089622,0.534341099858284,0.02512352615594864,-1.1077941238880158,0.005186807559221051,0.1678762137889862,0.14476369321346283,0.18843331933021545,1.0
331,677888,6,0,0,6,0.0,0.0,1.0,-0.0001168027287349105,0.5826571553945541,0.026017729938030244,-1.1201454818248748,0.011564276478020474,0.1671961545944214,0.1441962867975235,0.18745733797550201,1.0
332,679936,5,0,0,5,0.0,0.0,1.0,-0.0014429785311222076,0.60085329413414,0.026759960409253835,-1.1318409383296966,0.0038806644850410523,0.16653293371200562,0.14343635737895966,0.18665023148059845,1.0
333,681984,8,0,1,7,0.0,0.125,0.875,-0.0017709976993501187,1.334216046333313,0.02304882640019059,-1.1427985727787018,0.008103942748857663,0.1660396158695221,0.14297862350940704,0.18615032732486725,1.0
334,684032,6,0,0,6,0.0,0.0,1.0,-0.0018036670982837677,0.49297922253608706,0.024326223693788052,-1.1500385105609894,0.009053081227466463,0.16577699780464172,0.14280684292316437,0.185867041349411,1.0
335,686080,4,0,0,4,0.0,0.0,1.0,-0.0010122418170794845,0.6038235038518905,0.026302199624478818,-1.1534456372261048,0.008210203429916874,0.16561190783977509,0.14262737333774567,0.1856115609407425,1.0
336,688128,4,0,0,4,0.0,0.0,1.0,-0.00016600921517238021,0.5943617552518845,0.025528215058147907,-1.1576062142848969,0.006315566340344958,0.16532529890537262,0.1418427675962448,0.185851588845253,1.0
337,690176,6,0,0,6,0.0,0.0,1.0,-0.0024308097548782826,0.6507922977209091,0.02815822623670101,-1.1652435779571533,0.007588983967434615,0.16488775610923767,0.14101159572601318,0.1856236457824707,1.0
338,692224,6,0,1,5,0.0,0.16666666666666666,0.8333333333333334,-0.0009642423130571843,1.568045735359192,0.02683832198381424,-1.1740313231945039,0.013080914397141897,0.16441656649112701,0.14051884412765503,0.18527039885520935,1.0
339,694272,10,0,0,10,0.0,0.0,1.0,-0.002719881699886173,0.4895761489868164,0.024323705583810806,-1.1831381022930145,0.003503570385510102,0.1638566255569458,0.1398300677537918,0.18470340967178345,1.0
340,696320,5,0,0,5,0.0,0.0,1.0,-0.0002816593274474144,0.6096364676952362,0.02517837816849351,-1.1935873448848724,0.004037772747687995,0.16341577470302582,0.13884928822517395,0.1845076084136963,1.0
341,698368,3,0,0,3,0.0,0.0,1.0,0.0008323248475790024,0.6034369677305221,0.024535606056451796,-1.2022502601146698,0.004672330879839137,0.162973091006279,0.13810418546199799,0.18441340327262878,1.0
342,700416,2,0,0,2,0.0,0.0,1.0,-0.0016172014642506839,0.6285863310098648,0.02471164632588625,-1.2099431157112122,0.008103992859832942,0.162639319896698,0.13814283907413483,0.18405450880527496,1.0
343,702464,7,0,1,6,0.0,0.14285714285714285,0.8571428571428571,-0.0017261785455048085,1.4360783219337463,0.02654925165697932,-1.2155331313610076,0.00439843847125303,0.16225598752498627,0.13806785643100739,0.18358838558197021,1.0
344,704512,8,0,0,8,0.0,0.0,1.0,-0.003934833966195583,0.5328352019190788,0.02399418447166681,-1.2220027506351472,0.009723171091172845,0.1619579792022705,0.13798226416110992,0.1833697408437729,1.0
345,706560,9,0,0,9,0.0,0.0,1.0,-0.0012143885716795922,0.36690744310617446,0.024856059905141593,-1.2261568546295165,0.008834633691003546,0.16179801523685455,0.13783566653728485,0.18312186002731323,1.0
346,708608,3,0,0,3,0.0,0.0,1.0,-0.0012341093446593733,0.49726831167936325,0.023631268925964833,-1.2291825473308564,0.008889484667452052,0.1616019457578659,0.13791748881340027,0.1826687455177307,1.0
347,710656,3,0,0,3,0.0,0.0,1.0,-0.0018880189047195018,0.5511289000511169,0.025245804432779552,-1.233654761314392,0.012648924646782689,0.16124075651168823,0.1377076953649521,0.1819372922182083,1.0
348,712704,3,0,1,2,0.0,0.3333333333333333,0.6666666666666666,-0.003384600952267647,1.5400628447532654,0.02808465827256441,-1.2383429646492004,0.007732223271159455,0.1612202227115631,0.13760364055633545,0.18200430274009705,1.0
349,714752,6,0,0,6,0.0,0.0,1.0,-0.0008082523476332426,0.6118081271648407,0.02504977025091648,-1.239360362291336,0.009020525836967863,0.16097772121429443,0.1373506784439087,0.1819424331188202,1.0
350,716800,10,0,0,10,0.0,0.0,1.0,-0.0022967688739299772,0.6166831523180007,0.02502253223210573,-1.2472087383270263,0.004608159878989682,0.16046243906021118,0.1367274522781372,0.1816934049129486,1.0
351,718848,7,0,0,7,0.0,0.0,1.0,-0.0017934693256393074,0.35636567026376725,0.0237872363999486,-1.256331020593643,0.007864878122927622,0.16010481119155884,0.1363174021244049,0.181542307138443,1.0
352,720896,3,0,0,3,0.0,0.0,1.0,-0.0014620190020650625,0.4391856715083122,0.023887269105762242,-1.2634431660175323,0.010461683283210732,0.15962189435958862,0.13547347486019135,0.18140950798988342,1.0
353,722944,3,0,0,3,0.0,0.0,1.0,-0.002276788046583533,0.47754822969436644,0.025659616570919752,-1.2736946940422058,0.004203339127707295,0.1592765748500824,0.13465553522109985,0.18175756931304932,1.0
354,724992,6,0,1,5,0.0,0.16666666666666666,0.8333333333333334,0.00020201217848807572,1.6181938827037812,0.028785784915089607,-1.2804699301719666,0.0041788883070694284,0.15893220901489258,0.13401515781879425,0.18177323043346405,1.0
355,727040,6,0,0,6,0.0,0.0,1.0,0.0004201898351311684,0.41242709308862685,0.02327358825132251,-1.288683646917343,0.003971983151859604,0.1583690494298935,0.13323943316936493,0.18117746710777283,1.0
356,729088,9,0,0,9,0.0,0.0,1.0,-0.0018339878879487514,0.5025557234883309,0.02433629259467125,-1.2995930671691895,0.007683998657739721,0.15797238051891327,0.13277840614318848,0.18074671924114227,1.0
357,731136,5,0,0,5,0.0,0.0,1.0,-0.0008838476613163948,0.5205253601074219,0.02594486754387617,-1.3057081639766692,0.005078321852488443,0.1576688587665558,0.13250459730625153,0.18039481341838837,1.0
358,733184,3,0,0,3,0.0,0.0,1.0,0.005003083171322942,0.6425086766481399,0.02950166165828705,-1.3111339628696441,0.011848027972155251,0.15745441615581512,0.13215871155261993,0.18011468648910522,1.0
359,735232,5,0,1,4,0.0,0.2,0.8,-0.0017151719424873591,1.7218130826950073,0.03316375156864524,-1.3140598595142365,0.004221424099523574,0.15738573670387268,0.13185283541679382,0.18006965517997742,1.0
360,737280,6,0,1,5,0.0,0.16666666666666666,0.8333333333333334,-0.0010189067805185914,1.442559540271759,0.024189295805990697,-1.314583271741867,0.008795924781588837,0.1574290245771408,0.13185496628284454,0.18040552735328674,1.0
361,739328,5,0,0,5,0.0,0.0,1.0,-0.0036368955625221133,0.5811284631490707,0.023334736935794353,-1.315473347902298,0.011987316189333797,0.15723870694637299,0.13152344524860382,0.18034854531288147,1.0
362,741376,11,0,1,10,0.0,0.09090909090909091,0.9090909090909091,-0.002174569689668715,1.253179705142975,0.02223159447312355,-1.3197919845581054,0.019708517254912294,0.15710383653640747,0.13119517266750336,0.18023397028446198,1.0
363,743424,4,0,0,4,0.0,0.0,1.0,-0.0017100729048252106,0.4094992563128471,0.023460680339485406,-1.3219688296318055,0.012268140647211111,0.1570286899805069,0.13074404001235962,0.18024036288261414,1.0
364,745472,2,0,0,2,0.0,0.0,1.0,0.0007501477375626564,0.3794630229473114,0.02795431548729539,-1.3243267834186554,0.00208724100375548,0.15690559148788452,0.13032367825508118,0.18020188808441162,1.0
365,747520,6,0,1,5,0.0,0.16666666666666666,0.8333333333333334,0.001978811761364341,1.6328888237476349,0.03151468560099602,-1.3269739329814911,0.013861171703319996,0.15679752826690674,0.1303907334804535,0.1796996295452118,1.0
366,749568,7,0,1,6,0.0,0.14285714285714285,0.8571428571428571,0.001122432854026556,0.8694596752524376,0.02439411645755172,-1.3295193254947661,0.007980824323021806,0.15649665892124176,0.13039100170135498,0.17882362008094788,1.0
367,751616,4,0,0,4,0.0,0.0,1.0,-0.0027386096306145193,0.31248530745506287,0.02333183316513896,-1.3353023469448089,0.016720985653228125,0.15621720254421234,0.13004843890666962,0.17835457623004913,1.0
368,753664,10,0,1,9,0.0,0.1,0.9,-0.005369459604844451,1.7389736950397492,0.028368188161402942,-1.3391767501831056,0.010630016500363127,0.1561684012413025,0.12977948784828186,0.17845574021339417,1.0
369,755712,5,0,1,4,0.0,0.2,0.8,-0.0028605933068320153,1.7832326531410216,0.03192177079617977,-1.3410756528377532,0.005236739030806348,0.1559019684791565,0.12931889295578003,0.17848142981529236,1.0
370,757760,3,0,1,2,0.0,0.3333333333333333,0.6666666666666666,-0.0018793341238051652,1.6687277376651763,0.034958784095942975,-1.3484686672687531,0.008010123737039975,0.15554021298885345,0.12903627753257751,0.17780762910842896,1.0
371,759808,8,0,1,7,0.0,0.125,0.875,-0.0028292929753661157,1.5497988879680633,0.029471109807491302,-1.3547403991222382,0.0019849635573336855,0.15521156787872314,0.12874838709831238,0.17714650928974152,1.0
372,761856,6,0,0,6,0.0,0.0,1.0,-0.0032132576685398816,0.38579523116350173,0.024714286997914316,-1.3610854029655457,0.006919337817816995,0.15488223731517792,0.12859304249286652,0.17658308148384094,1.0
373,763904,4,0,0,4,0.0,0.0,1.0,0.00013124807737767695,0.44644316136837003,0.023552316706627607,-1.3673595905303955,0.005251221693470143,0.15447920560836792,0.12860020995140076,0.1758996844291687,1.0
374,765952,9,0,0,9,0.0,0.0,1.0,0.0005375387496314943,0.3706767112016678,0.022454112023115157,-1.3736688137054442,0.004907285451190546,0.15426653623580933,0.12831728160381317,0.17539989948272705,1.0
375,768000,3,0,1,2,0.0,0.3333333333333333,0.6666666666666666,-0.00032165148295462134,1.5074109852313995,0.024750487878918648,-1.379174154996872,0.005718475635512732,0.15384596586227417,0.127651646733284,0.17492088675498962,1.0
376,770048,6,0,0,6,0.0,0.0,1.0,-0.0022089547477662564,0.42182586938142774,0.023848723620176315,-1.3888358175754547,0.01120340162597131,0.15332424640655518,0.12726323306560516,0.1742980033159256,1.0
377,772096,4,0,0,4,0.0,0.0,1.0,0.0016853967099450529,0.4471139371395111,0.021470496617257594,-1.3984542310237884,0.011118894690298475,0.1528645157814026,0.12717433273792267,0.17355060577392578,1.0
378,774144,7,0,1,6,0.0,0.14285714285714285,0.8571428571428571,-0.0024255299707874657,1.3351201206445693,0.02128748958930373,-1.4058245241641998,0.007650850279605948,0.1524927169084549,0.1268664300441742,0.17300039529800415,1.0
379,776192,6,0,0,6,0.0,0.0,1.0,-0.0004875422455370426,0.48041158765554426,0.023243374563753604,-1.4134455859661101,0.0021410174114862455,0.15211716294288635,0.12660150229930878,0.17234326899051666,1.0
380,778240,6,0,0,6,0.0,0.0,1.0,-0.003930105455219745,0.47536160200834277,0.02379200477153063,-1.4192012667655944,0.006732369464589283,0.1519172638654709,0.12643544375896454,0.17228102684020996,1.0
381,780288,5,0,0,5,0.0,0.0,1.0,-0.0014459907542914152,0.5617982417345047,0.024971437826752662,-1.4235731363296509,0.008002538589062169,0.15157994627952576,0.12642717361450195,0.1716070920228958,1.0
382,782336,5,0,1,4,0.0,0.2,0.8,-0.0004265049006789923,1.6473137974739074,0.0251793853007257,-1.4312290787696837,0.009439821570413186,0.15117160975933075,0.12613946199417114,0.17140896618366241,1.0
383,784384,5,0,0,5,0.0,0.0,1.0,-0.002357745636254549,0.3238821476697922,0.024817832838743926,-1.438393121957779,0.011215540551347658,0.1508849561214447,0.12584348022937775,0.17117922008037567,1.0
384,786432,7,0,1,6,0.0,0.14285714285714285,0.8571428571428571,-0.001801353506743908,1.5534729838371277,0.025484422873705625,-1.441870355606079,0.0054127353039802985,0.1508205235004425,0.1260117143392563,0.17081095278263092,1.0
385,788480,5,0,0,5,0.0,0.0,1.0,0.0001336849294602871,0.3416093930602074,0.02183206519111991,-1.4431888937950135,0.011825130195938982,0.1506311595439911,0.12606103718280792,0.17051610350608826,1.0
386,790528,6,0,0,6,0.0,0.0,1.0,-0.001998616964556277,0.4953148767352104,0.02226364966481924,-1.4481340587139129,0.01006128900917247,0.15034155547618866,0.12584304809570312,0.17022715508937836,1.0
387,792576,5,0,1,4,0.0,0.2,0.8,-0.002469156100414693,1.9969295501708983,0.028254153206944466,-1.4532227277755738,0.010254072051611728,0.15011408925056458,0.12559634447097778,0.16977141797542572,1.0
388,794624,5,0,0,5,0.0,0.0,1.0,-0.0015455903019756078,0.7184860587120057,0.027589347027242184,-1.4584267735481262,0.008055764951859602,0.14980831742286682,0.125311940908432,0.16923430562019348,1.0
389,796672,9,0,1,8,0.0,0.1111111111111111,0.8888888888888888,-0.001434266776777804,1.609764951467514,0.032875614054501054,-1.4645005464553833,0.006078645403613336,0.14950329065322876,0.1250794231891632,0.1686040759086609,1.0
390,798720,4,0,1,3,0.0,0.25,0.75,-0.0006275623105466366,1.1548258304595946,0.024926312174648045,-1.4689222157001496,0.006121561751933768,0.1494053602218628,0.1249978244304657,0.16809400916099548,1.0
391,800768,4,0,0,4,0.0,0.0,1.0,-0.0007319306721910834,0.4144235998392105,0.026222134102135898,-1.4724497199058533,0.007523267203941942,0.1490282416343689,0.12483229488134384,0.16788972914218903,1.0
392,802816,5,0,0,5,0.0,0.0,1.0,-0.0020419178064912556,0.4032197088003159,0.028821501601487397,-1.4818921327590941,0.0032423388591269033,0.1485043466091156,0.12426287680864334,0.16720080375671387,1.0
393,804864,6,0,1,5,0.0,0.16666666666666666,0.8333333333333334,0.0004062700551003218,1.4850748986005784,0.023380332998931407,-1.492425447702408,0.012170417309971527,0.14809797704219818,0.12345389276742935,0.1667696088552475,1.0
394,806912,4,0,0,4,0.0,0.0,1.0,-0.0008037646301090717,0.6074086457490921,0.025242920406162737,-1.5014061689376832,0.006748522707493976,0.1476166695356369,0.12274555116891861,0.16668109595775604,1.0
395,808960,10,0,0,10,0.0,0.0,1.0,-0.0009671765379607678,0.4968780055642128,0.025237299129366876,-1.5107576906681062,0.004212058204575442,0.14725317060947418,0.12237337231636047,0.16647270321846008,1.0
396,811008,4,0,0,4,0.0,0.0,1.0,-0.001317458413541317,0.3283896416425705,0.0247355492785573,-1.5178723812103272,0.010169724666047842,0.14693769812583923,0.12203504890203476,0.16610465943813324,1.0
397,813056,5,0,0,5,0.0,0.0,1.0,-0.00310430689714849,0.46048411577939985,0.026816276274621485,-1.524937665462494,0.005880337778944522,0.1465255320072174,0.12166896462440491,0.16581840813159943,1.0
398,815104,5,0,1,4,0.0,0.2,0.8,0.0009051680681295693,1.148051244020462,0.02331820214167237,-1.5332508385181427,0.005995584832271561,0.14622625708580017,0.12142394483089447,0.16557598114013672,1.0
399,817152,7,0,1,6,0.0,0.14285714285714285,0.8571428571428571,3.5166973248124123e-06,1.913282084465027,0.027002887800335884,-1.5368835568428039,0.007316047680797055,0.14616523683071136,0.12131156772375107,0.16553789377212524,1.0
400,819200,4,0,0,4,0.0,0.0,1.0,0.005263032484799623,0.5664416164159775,0.024783532507717608,-1.5382414162158966,0.007482331251958385,0.14605820178985596,0.1211313009262085,0.16552996635437012,1.0
401,821248,10,0,1,9,0.0,0.1,0.9,-0.00255900495685637,1.0679314851760864,0.023240747209638358,-1.5405579030513763,0.014967548250569961,0.1459868848323822,0.12088610231876373,0.16529814898967743,1.0
402,823296,2,0,0,2,0.0,0.0,1.0,-0.0011085634352639318,0.33310009688138964,0.022750689834356307,-1.5451545357704162,0.004951519344467669,0.1455194652080536,0.12048999965190887,0.16454856097698212,1.0
403,825344,5,0,0,5,0.0,0.0,1.0,-0.0029337890446186066,0.40081746578216554,0.023380585387349127,-1.557199239730835,0.006970307134906761,0.14487551152706146,0.12012150883674622,0.16370493173599243,1.0
404,827392,7,0,1,6,0.0,0.14285714285714285,0.8571428571428571,-0.0013965582242235542,1.4613498508930207,0.024437300115823745,-1.5677704155445098,0.010738378041423857,0.14453881978988647,0.11994839459657669,0.16320720314979553,1.0
405,829440,6,0,0,6,0.0,0.0,1.0,0.0008950842544436455,0.3187948510050774,0.021778261940926313,-1.5723693907260894,0.006560202303808183,0.1443815678358078,0.11979909241199493,0.1631505936384201,1.0
406,831488,6,0,0,6,0.0,0.0,1.0,0.0006219913717359305,0.5983239501714707,0.025312361773103476,-1.5768543481826782,0.010124200992868282,0.14407217502593994,0.11946555227041245,0.1627758890390396,1.0
407,833536,7,0,1,6,0.0,0.14285714285714285,0.8571428571428571,-0.000787120487075299,1.3115276634693145,0.023421748727560043,-1.5819820046424866,0.011136441459530032,0.14396826922893524,0.11943802982568741,0.1622348129749298,1.0
408,835584,2,0,0,2,0.0,0.0,1.0,0.0014619367662817239,0.55777527987957,0.020465742237865923,-1.5826281130313873,0.005015168123645708,0.1439259648323059,0.11945677548646927,0.1621251106262207,1.0
409,837632,4,0,0,4,0.0,0.0,1.0,0.0011115648318082093,0.4492909088730812,0.02197243720293045,-1.5860914707183837,0.005339136841939762,0.14356479048728943,0.11890847235918045,0.1618698686361313,1.0
410,839680,7,0,0,7,0.0,0.0,1.0,-0.0011558219790458678,0.28782190531492235,0.01935861334204674,-1.594220095872879,0.00971770194300916,0.14333991706371307,0.11839804798364639,0.1614644080400467,1.0
411,841728,8,0,0,8,0.0,0.0,1.0,0.0018682736437767744,0.38601954877376554,0.020191008038818837,-1.5974931716918945,0.008955138895544223,0.1432628333568573,0.11798863857984543,0.16133423149585724,1.0
412,843776,5,0,0,5,0.0,0.0,1.0,-0.001370697282254696,0.6308039367198944,0.02381576197221875,-1.602413719892502,0.004379386594519019,0.14284205436706543,0.11755307018756866,0.16106314957141876,1.0
413,845824,8,0,2,6,0.0,0.25,0.75,0.000828187819570303,2.8463853716850283,0.0263128356076777,-1.6114221870899201,0.0038893948803888634,0.14253723621368408,0.11706904321908951,0.16089589893817902,1.0
414,847872,3,0,0,3,0.0,0.0,1.0,-0.00013640003744512795,0.650944647192955,0.021740375459194182,-1.6181648194789886,0.004566090801381506,0.14216217398643494,0.11661669611930847,0.16066604852676392,1.0
415,849920,5,0,0,5,0.0,0.0,1.0,-1.4168932102620601e-05,0.614822581410408,0.023171057086437942,-1.6289991080760955,0.0053335376258473845,0.14147882163524628,0.11619256436824799,0.15984569489955902,1.0
416,851968,7,0,1,6,0.0,0.14285714285714285,0.8571428571428571,-0.001427289447747171,1.9540428638458252,0.02567930370569229,-1.6437138795852662,0.007420280342921614,0.14085322618484497,0.11594530940055847,0.15872280299663544,1.0
417,854016,5,0,0,5,0.0,0.0,1.0,0.0005036287242546677,0.658503583073616,0.026378874108195303,-1.6534408688545228,0.014292968576774001,0.1404912769794464,0.11578986793756485,0.15780897438526154,1.0
418,856064,5,0,1,4,0.0,0.2,0.8,0.0030796472448855637,1.521771365404129,0.02495020292699337,-1.6587476134300232,0.009767591522540897,0.1403399556875229,0.11555197834968567,0.15758004784584045,1.0
419,858112,7,0,0,7,0.0,0.0,1.0,0.004247896000742912,0.581213453412056,0.024823377002030612,-1.662103408575058,0.008836607451667079,0.14014701545238495,0.11525356024503708,0.15744465589523315,1.0
420,860160,4,0,0,4,0.0,0.0,1.0,-0.005011333478614688,0.7143840610980987,0.02493149321526289,-1.6669426381587982,0.012019979686010629,0.13991719484329224,0.11509659886360168,0.157023087143898,1.0
421,862208,4,0,0,4,0.0,0.0,1.0,0.0009027608437463641,0.6888218492269516,0.022689830511808395,-1.671500128507614,0.006064901841455139,0.1397625207901001,0.11493505537509918,0.15681114792823792,1.0
422,864256,8,0,1,7,0.0,0.125,0.875,0.0006617075065150857,1.9123404383659364,0.02236195607110858,-1.6729563653469086,0.01599206856335513,0.13982468843460083,0.11458994448184967,0.15705493092536926,1.0
423,866304,5,0,0,5,0.0,0.0,1.0,-0.0016147885471582413,0.44408123642206193,0.017639247700572014,-1.6749729096889496,0.007531100427149795,0.1395205408334732,0.11391687393188477,0.1572304368019104,1.0
424,868352,7,0,0,7,0.0,0.0,1.0,-0.00045122238807380197,0.4727891504764557,0.019198044762015344,-1.6871611297130584,0.0028865775209851565,0.13875055313110352,0.11358367651700974,0.1558614820241928,1.0
425,870400,4,0,0,4,0.0,0.0,1.0,0.0014954889891669154,0.5447450369596482,0.022511895373463632,-1.7012800037860871,0.008254096927703358,0.13829921185970306,0.11331599950790405,0.15493309497833252,1.0
426,872448,5,0,1,4,0.0,0.2,0.8,-0.0005203256383538246,1.1373373210430144,0.022763325739651917,-1.7085099279880525,0.0013417377282166853,0.13796865940093994,0.11279565095901489,0.15486520528793335,1.0
427,874496,4,0,0,4,0.0,0.0,1.0,-0.0008963354164734482,0.7590693563222886,0.02356135854497552,-1.7169847249984742,0.005616018350701779,0.1376243531703949,0.1122378259897232,0.15506243705749512,1.0
428,876544,8,0,0,8,0.0,0.0,1.0,-0.0025073668686673043,0.5622076272964478,0.025090433098375796,-1.7253602862358093,0.0029787190549541267,0.1371740698814392,0.11213690042495728,0.154775932431221,1.0
429,878592,5,0,0,5,0.0,0.0,1.0,-0.001242322102189064,0.6324060082435607,0.0273609159514308,-1.7348544776439667,0.007146458348142914,0.1367458999156952,0.11198368668556213,0.1539568305015564,1.0
430,880640,8,0,1,7,0.0,0.125,0.875,-0.003806747309863567,1.0829121500253678,0.023013621103018522,-1.7410319566726684,0.015832679899176583,0.13669931888580322,0.11180926114320755,0.15392884612083435,1.0
431,882688,4,0,0,4,0.0,0.0,1.0,-0.0032256226055324077,0.42361105531454085,0.019551665242761373,-1.7419891357421875,0.010194282350130379,0.13653045892715454,0.11158215999603271,0.15403591096401215,1.0
432,884736,3,0,0,3,0.0,0.0,1.0,0.0016254207119345665,0.3710791364312172,0.020105497632175683,-1.74830442070961,0.013884835789212957,0.1361924111843109,0.11132443696260452,0.15391334891319275,1.0
433,886784,5,0,0,5,0.0,0.0,1.0,-0.0021290043368935585,0.4918433651328087,0.02210229989141226,-1.756701147556305,0.006601950543699786,0.13583742082118988,0.11096028983592987,0.15371590852737427,1.0
434,888832,7,0,0,7,0.0,0.0,1.0,-1.4867912977933883e-05,0.4089991420507431,0.022514741215854884,-1.7651208162307739,0.005890120065305382,0.13537338376045227,0.11075568944215775,0.1530011147260666,1.0
435,890880,6,0,0,6,0.0,0.0,1.0,0.0002661928068846464,0.5764206886291504,0.02042900687083602,-1.7761531174182892,0.004604226956143975,0.13474079966545105,0.11033812165260315,0.15215370059013367,1.0
436,892928,8,0,0,8,0.0,0.0,1.0,0.0005839262856170535,0.5592557325959205,0.024001770559698342,-1.7896186590194703,0.009405944947502576,0.13425365090370178,0.110013447701931,0.1517343372106552,1.0
437,894976,4,0,0,4,0.0,0.0,1.0,-0.0007670123130083084,0.46056899428367615,0.02353183478116989,-1.7968381583690642,0.007755666068987921,0.13412275910377502,0.10985810309648514,0.15178558230400085,1.0
438,897024,3,0,0,3,0.0,0.0,1.0,0.0016727111535146833,0.54172642827034,0.023048098664730787,-1.8004845023155212,0.013275607916875742,0.13385656476020813,0.1095026284456253,0.15164703130722046,1.0
439,899072,4,0,0,4,0.0,0.0,1.0,-0.0020344450138509275,0.5164724871516228,0.021350148506462573,-1.8086444735527039,0.006474653983605094,0.13342729210853577,0.10897615551948547,0.1513364315032959,1.0
440,901120,8,0,0,8,0.0,0.0,1.0,-0.0012921425281092525,0.23375113531947136,0.018545520678162574,-1.8190528094768523,0.003951734589645639,0.1330423206090927,0.10856103152036667,0.15127894282341003,1.0
441,903168,8,0,0,8,0.0,0.0,1.0,-0.00025390107184648515,0.32984038442373276,0.01837361268699169,-1.829562747478485,0.005046104491339065,0.13243696093559265,0.10787199437618256,0.15085287392139435,1.0
442,905216,6,0,0,6,0.0,0.0,1.0,-0.00013056090101599694,0.265976482629776,0.020535580813884735,-1.8446760892868042,0.005348628095816821,0.13182654976844788,0.10745660960674286,0.15030308067798615,1.0
443,907264,3,0,0,3,0.0,0.0,1.0,-0.001630539749749005,0.30128907412290573,0.019707334972918034,-1.857170617580414,0.007942323834868148,0.1312609612941742,0.10719370096921921,0.1495666205883026,1.0
444,909312,3,0,0,3,0.0,0.0,1.0,-0.0012808342464268208,0.4181907445192337,0.01898029511794448,-1.8700619280338286,0.0059968970337649806,0.13070142269134521,0.1070389375090599,0.14861927926540375,1.0
445,911360,7,0,0,7,0.0,0.0,1.0,-0.001688666269183159,0.5003193467855453,0.02045292854309082,-1.879069995880127,0.007953258536872454,0.13043765723705292,0.10690174996852875,0.14817318320274353,1.0
446,913408,8,0,0,8,0.0,0.0,1.0,0.00148129859007895,0.4113577723503113,0.020397507399320603,-1.8837204337120057,0.0111359354108572,0.13024306297302246,0.1067226454615593,0.1478034108877182,1.0
447,915456,6,0,0,6,0.0,0.0,1.0,-0.002007793728262186,0.3245209023356438,0.022191195096820594,-1.8873021841049193,0.009320177303743548,0.13019433617591858,0.10664687305688858,0.14764662086963654,1.0
448,917504,6,0,0,6,0.0,0.0,1.0,0.003123332653194666,0.5104750320315361,0.02401573434472084,-1.8888505041599273,0.011184605103335344,0.12999747693538666,0.10653635114431381,0.14731363952159882,1.0
449,919552,4,0,0,4,0.0,0.0,1.0,-0.0027463761623948814,0.6833284467458725,0.028466532286256552,-1.8942887961864472,0.006572782166767865,0.12976351380348206,0.10627509653568268,0.14697028696537018,1.0
450,921600,4,0,1,3,0.0,0.25,0.75,-0.0016659216489642859,1.1010570585727693,0.025087402015924454,-1.9014412105083465,0.00666642622963991,0.12931430339813232,0.1059899553656578,0.14625662565231323,1.0
451,923648,9,0,1,8,0.0,0.1111111111111111,0.8888888888888888,0.002041966374963522,2.1594215869903564,0.028424451127648354,-1.91067516207695,0.015996765650925227,0.12906727194786072,0.10585161298513412,0.145844966173172,1.0
452,925696,4,0,0,4,0.0,0.0,1.0,-0.0007158063119277358,0.3639957532286644,0.023211747780442236,-1.917510485649109,0.011038725657272153,0.12856760621070862,0.10531231015920639,0.14526520669460297,1.0
453,927744,6,0,0,6,0.0,0.0,1.0,-0.003624377539381385,0.32482337653636933,0.024215367436408997,-1.928052657842636,0.006341552551020868,0.12837043404579163,0.10520666092634201,0.14492693543434143,1.0
454,929792,5,0,0,5,0.0,0.0,1.0,-0.0035211324924603105,0.566385218501091,0.025477251410484313,-1.9292646646499634,0.008327293791808188,0.12834462523460388,0.10520590841770172,0.14464311301708221,1.0
455,931840,5,0,0,5,0.0,0.0,1.0,-0.0019527777563780545,0.41267499029636384,0.023318854346871375,-1.932977741956711,0.008368154961499386,0.1279425024986267,0.10504482686519623,0.14414040744304657,1.0
456,933888,4,0,0,4,0.0,0.0,1.0,-0.000887199048884213,0.7888315141201019,0.024408469814807175,-1.9426793038845063,0.00892760709975846,0.1276138424873352,0.10488473623991013,0.1438174694776535,1.0
457,935936,8,0,0,8,0.0,0.0,1.0,0.000567438150756061,0.3576228216290474,0.0262336365878582,-1.9484942495822906,0.008952075717388652,0.1274292767047882,0.10458652675151825,0.1436658799648285,1.0
458,937984,4,0,0,4,0.0,0.0,1.0,-0.0012676879297941924,0.3882044941186905,0.02191122667863965,-1.9526437103748322,0.008875037005054764,0.1272740364074707,0.10437384992837906,0.14346221089363098,1.0
459,940032,7,0,0,7,0.0,0.0,1.0,-0.0022396000102162363,0.3847228422760963,0.02108356785029173,-1.9583933770656585,0.01023947311041411,0.12689326703548431,0.10400886088609695,0.14331679046154022,1.0
460,942080,4,0,0,4,0.0,0.0,1.0,0.0060731333680450915,0.4674003839492798,0.022883222345262764,-1.9689577758312224,0.014046778451302089,0.12647706270217896,0.10356614738702774,0.14311496913433075,1.0
461,944128,5,0,0,5,0.0,0.0,1.0,-0.0006468076142482459,0.42539985924959184,0.023428147099912165,-1.9763690888881684,0.004824035475030542,0.12635007500648499,0.1033700555562973,0.14302654564380646,1.0
462,946176,5,0,1,4,0.0,0.2,0.8,-0.0024201950756832956,2.169707089662552,0.02619159584864974,-1.978557926416397,0.01180341313884128,0.12624962627887726,0.10309344530105591,0.14287464320659637,1.0
463,948224,10,0,1,9,0.0,0.1,0.9,0.0015232895035296678,1.9667838513851166,0.026028003171086313,-1.9816942751407622,0.015334868599893525,0.12611892819404602,0.10305217653512955,0.14313766360282898,1.0
464,950272,4,0,0,4,0.0,0.0,1.0,-0.0008937497157603502,0.3605403810739517,0.023462809808552264,-1.9863273441791534,0.009663464318145997,0.12582947313785553,0.10289399325847626,0.14303211867809296,1.0
465,952320,6,0,0,6,0.0,0.0,1.0,-0.003893318702466786,0.4715752452611923,0.027277855947613717,-1.994176483154297,0.00802514593815431,0.12549367547035217,0.10245674848556519,0.142828568816185,1.0
466,954368,4,0,1,3,0.0,0.25,0.75,-0.002888235845603049,1.324577549099922,0.023554354440420866,-2.001484954357147,0.011495231511071324,0.12528632581233978,0.1022443175315857,0.14262627065181732,1.0
467,956416,4,0,0,4,0.0,0.0,1.0,-0.0016397086903452874,0.9597874224185944,0.022098153084516525,-2.0054392337799074,0.007548163231695071,0.125135600566864,0.10217710584402084,0.14233194291591644,1.0
468,958464,5,0,0,5,0.0,0.0,1.0,5.130334757268429e-05,0.59315604865551,0.02191303391009569,-2.0089912891387938,0.009097420534817501,0.12493988126516342,0.10226311534643173,0.1418803185224533,1.0
469,960512,9,0,0,9,0.0,0.0,1.0,0.0004963417537510395,0.5389859706163407,0.02316404916346073,-2.0135958194732666,0.008324600185733288,0.12469756603240967,0.10208672285079956,0.1416006237268448,1.0
470,962560,5,0,1,4,0.0,0.2,0.8,0.0002363694831728935,0.7705002456903458,0.023571236059069633,-2.020005536079407,0.00576685642299708,0.1244177371263504,0.10188334435224533,0.14139753580093384,1.0
471,964608,6,0,0,6,0.0,0.0,1.0,-0.0016384122893214226,0.5952955633401871,0.022269233223050834,-2.026768434047699,0.00856420211493969,0.12419363856315613,0.10194981098175049,0.1412625014781952,1.0
472,966656,4,0,0,4,0.0,0.0,1.0,-0.0029762177728116512,0.5374735474586487,0.02303512655198574,-2.0298382520675657,0.010241238871822133,0.12409498542547226,0.1017555445432663,0.1410619616508484,1.0
473,968704,4,0,0,4,0.0,0.0,1.0,-0.0032312557334080337,0.7867781668901443,0.02407833728939295,-2.0339288115501404,0.006092863029334694,0.12384557723999023,0.10117579251527786,0.14064806699752808,1.0
474,970752,4,0,0,4,0.0,0.0,1.0,0.0005791911389678717,0.6268378257751465,0.024016343522816896,-2.0394245862960814,0.0033224544196855275,0.1237933337688446,0.1010887548327446,0.1406606286764145,1.0
475,972800,11,0,0,11,0.0,0.0,1.0,-0.0017723678378388287,0.3619789034128189,0.02169482782483101,-2.041995048522949,0.009164475239231251,0.12345900386571884,0.10062010586261749,0.14065884053707123,1.0
476,974848,5,0,0,5,0.0,0.0,1.0,0.001075510960072279,0.3523015946149826,0.019534132070839406,-2.052813971042633,0.008213998365681619,0.12316586822271347,0.10025933384895325,0.14065177738666534,1.0
477,976896,4,0,0,4,0.0,0.0,1.0,-0.0036877110600471497,0.3969366535544395,0.019632119964808226,-2.05748827457428,0.010422255817684346,0.12300974130630493,0.10020233690738678,0.14063583314418793,1.0
478,978944,4,0,0,4,0.0,0.0,1.0,0.0009268493624404073,0.49986481964588164,0.020584245678037405,-2.062447214126587,0.010442651429912075,0.12276002019643784,0.09991158545017242,0.14040550589561462,1.0
479,980992,4,0,0,4,0.0,0.0,1.0,0.0005317033501341939,0.516056875884533,0.022228176984936,-2.068581187725067,0.006561960867838934,0.12253560870885849,0.0996781438589096,0.1402169167995453,1.0
480,983040,5,0,0,5,0.0,0.0,1.0,-0.0001093454658985138,0.5615277722477913,0.02277226746082306,-2.0747209429740905,0.011408435125485995,0.12225326150655746,0.09952882677316666,0.13980340957641602,1.0
481,985088,10,0,0,10,0.0,0.0,1.0,-0.001076685101725161,0.5403123438358307,0.02165365554392338,-2.0833306670188905,0.005668417160632089,0.12175166606903076,0.09928014874458313,0.13908135890960693,1.0
482,987136,8,0,1,7,0.0,0.125,0.875,-0.0066097168484702705,1.6128749966621398,0.021231800317764282,-2.0949135541915895,0.01290414247487206,0.12136539071798325,0.09906459599733353,0.13865730166435242,1.0
483,989184,4,0,0,4,0.0,0.0,1.0,0.0001345196971669793,0.39056362956762314,0.025085565634071827,-2.1047407746315003,0.006074825223186054,0.12084492295980453,0.09863786399364471,0.13828589022159576,1.0
484,991232,4,0,1,3,0.0,0.25,0.75,-0.0017497990280389785,2.2044197380542756,0.02696748124435544,-2.118500852584839,0.011477212520549073,0.12039980292320251,0.09830808639526367,0.1381019949913025,1.0
485,993280,4,0,2,2,0.0,0.5,0.5,-0.0017494024243205786,3.232947289943695,0.027621134370565414,-2.1267504334449767,0.0066335533367237074,0.12017332017421722,0.09810555726289749,0.13807715475559235,1.0
486,995328,8,0,0,8,0.0,0.0,1.0,-0.0006488612852990627,0.5382620215415954,0.024793733097612857,-2.1315240144729612,0.012857977050589397,0.12002551555633545,0.09796711057424545,0.13788866996765137,1.0
487,997376,7,0,0,7,0.0,0.0,1.0,-0.0006966450717300176,0.30841766446828844,0.02293394012376666,-2.13515123128891,0.014349428119021467,0.11986338347196579,0.09778023511171341,0.13760989904403687,1.0
488,999424,5,0,0,5,0.0,0.0,1.0,-0.0015420242445543409,0.35486736744642255,0.022192766796797513,-2.1400561809539793,0.009307507233461364,0.11962058395147324,0.09752246737480164,0.13738740980625153,1.0
489,1001472,4,0,0,4,0.0,0.0,1.0,-0.0029605454532429577,0.31899708658456805,0.021921674069017173,-2.1472009658813476,0.01305729682208039,0.11930756270885468,0.09730132669210434,0.1369660496711731,1.0
490,1003520,5,0,0,5,0.0,0.0,1.0,0.00011001771781593561,0.39696503430604935,0.022833236120641233,-2.156524419784546,0.0018170237162848935,0.11884225904941559,0.09671930223703384,0.1363944560289383,1.0
491,1005568,6,0,0,6,0.0,0.0,1.0,-0.0001860587624832988,0.4803969442844391,0.02220727065578103,-2.167617678642273,0.006289882597047836,0.11856979131698608,0.09646736085414886,0.13625173270702362,1.0
492,1007616,7,0,0,7,0.0,0.0,1.0,2.1870352793484926e-05,0.5515480518341065,0.021075891982764005,-2.172482430934906,0.006866620719665662,0.11840306967496872,0.09646178781986237,0.13622435927391052,1.0
493,1009664,6,0,0,6,0.0,0.0,1.0,-0.0009829773567616939,0.46989764720201493,0.022419070824980736,-2.1779576539993286,0.008605297456961125,0.11812784522771835,0.09584016352891922,0.13621686398983002,1.0
494,1011712,5,0,1,4,0.0,0.2,0.8,-0.001848327601328492,2.0722807943820953,0.023690182808786632,-2.185791385173798,0.00764025331591256,0.11797568202018738,0.09542573243379593,0.1360856294631958,1.0
495,1013760,4,0,0,4,0.0,0.0,1.0,-0.003317336179316044,0.48491625636816027,0.02181410351768136,-2.188022255897522,0.0115879736316856,0.11791403591632843,0.09527374804019928,0.1361335664987564,1.0
496,1015808,5,0,0,5,0.0,0.0,1.0,0.0011141970055177808,0.46771436333656313,0.022483136411756276,-2.1930965185165405,0.009357614442706108,0.11760471761226654,0.09484785795211792,0.13606111705303192,1.0
497,1017856,5,0,0,5,0.0,0.0,1.0,-0.0016789292450994254,0.5390217006206512,0.023373785614967345,-2.201360893249512,0.009217377362074331,0.11735562980175018,0.09455166012048721,0.13588552176952362,1.0
498,1019904,8,0,0,8,0.0,0.0,1.0,-0.000698094954714179,0.6028753221035004,0.023478156235069037,-2.2068334817886353,0.00764479570207186,0.11714722216129303,0.09434980154037476,0.13548865914344788,1.0
499,1021952,5,0,0,5,0.0,0.0,1.0,-0.0023219183087348936,0.6540548533201218,0.024946810305118562,-2.2120973944664,0.004673580173403025,0.11696398258209229,0.0940733402967453,0.13494236767292023,1.0
500,1024000,6,0,0,6,0.0,0.0,1.0,2.1608802489936353e-05,0.5651729106903076,0.023009528685361148,-2.218599033355713,0.0076672729279380295,0.11662404984235764,0.0939197838306427,0.1345190852880478,1.0
501,1026048,3,0,0,3,0.0,0.0,1.0,0.002217226312495768,0.7293651789426804,0.02540121925994754,-2.225653314590454,0.006344615551643074,0.11640515923500061,0.09389373660087585,0.13441996276378632,1.0
502,1028096,8,0,2,6,0.0,0.25,0.75,-0.0012062375899404287,2.8722561597824097,0.025327377486974,-2.2291618824005126,0.0044726686319336295,0.1163221225142479,0.09408213198184967,0.13389727473258972,1.0
503,1030144,5,0,0,5,0.0,0.0,1.0,-0.000469888374209404,0.4332525789737701,0.02414205027744174,-2.230565094947815,0.010414072405546903,0.11619144678115845,0.09408515691757202,0.13360534608364105,1.0
504,1032192,6,0,0,6,0.0,0.0,1.0,-0.0002618885366246104,0.5633214294910431,0.026983361411839723,-2.23558087348938,0.00886009109672159,0.11589395999908447,0.09383918344974518,0.13321751356124878,1.0
505,1034240,4,0,0,4,0.0,0.0,1.0,0.00034597411286085844,0.6644829511642456,0.025475360732525588,-2.243319582939148,0.007510391424875707,0.11572471261024475,0.09379100799560547,0.13339373469352722,1.0
506,1036288,6,0,0,6,0.0,0.0,1.0,-4.481181968003511e-05,0.5026522099971771,0.023260204959660767,-2.2440478563308717,0.008352934493450448,0.1157955527305603,0.09396030008792877,0.1336745172739029,1.0
507,1038336,5,0,0,5,0.0,0.0,1.0,0.001112345140427351,0.5345918357372283,0.023855932522565126,-2.243260073661804,0.014539581921417266,0.11572467535734177,0.09389761835336685,0.133548304438591,1.0
508,1040384,7,0,0,7,0.0,0.0,1.0,-0.0001687949523329735,0.4386942505836487,0.024335107207298277,-2.246203899383545,0.011070886603556573,0.1156083345413208,0.0936451181769371,0.13358980417251587,1.0
509,1042432,4,0,0,4,0.0,0.0,1.0,0.00012121382169425488,0.6160416424274444,0.02604411421343684,-2.248289203643799,0.00533476397395134,0.11567240953445435,0.09341652691364288,0.13409730792045593,1.0
510,1044480,6,0,0,6,0.0,0.0,1.0,-0.0015718563692644239,0.6814638644456863,0.02489319760352373,-2.2491822719573973,0.005501832166919485,0.11549234390258789,0.09288933873176575,0.13413766026496887,1.0
511,1046528,6,0,0,6,0.0,0.0,1.0,-0.0008455247152596712,0.6107421576976776,0.026820923201739788,-2.2563390254974367,0.008302649366669357,0.11531805992126465,0.09257397800683975,0.1339932382106781,1.0
512,1048576,5,0,0,5,0.0,0.0,1.0,-0.00013082921504974364,0.596480867266655,0.02351797353476286,-2.2597158908843995,0.007807478937320411,0.11519398540258408,0.09242245554924011,0.1340169459581375,1.0
513,1050624,5,0,0,5,0.0,0.0,1.0,-2.6283273473381997e-05,0.5502998501062393,0.02373409355059266,-2.262933945655823,0.011883249058155344,0.11513087153434753,0.09233631193637848,0.13404123485088348,1.0
514,1052672,8,0,1,7,0.0,0.125,0.875,-0.0007506562396883965,1.5295742928981781,0.022240554727613927,-2.264042329788208,0.010920338123105467,0.11509287357330322,0.09229394048452377,0.13397596776485443,1.0
515,1054720,3,0,0,3,0.0,0.0,1.0,0.0006413082126528024,0.2575737737119198,0.02080923980101943,-2.266860032081604,0.0073257765732705595,0.1148831695318222,0.09196777641773224,0.13394328951835632,1.0
516,1056768,6,0,0,6,0.0,0.0,1.0,-0.0024698504246771337,0.19819992482662202,0.020847259275615215,-2.2727108001708984,0.00457806316553615,0.11481703817844391,0.09155243635177612,0.1342543065547943,1.0
517,1058816,6,0,0,6,0.0,0.0,1.0,-0.0014564647804945706,0.40392015874385834,0.02049041651189327,-2.27495596408844,0.008389303163858131,0.1147005558013916,0.09128893911838531,0.13420771062374115,1.0
518,1060864,5,0,0,5,0.0,0.0,1.0,0.0008129034657031297,0.3059959411621094,0.021316285245120525,-2.279573178291321,0.007210111216409132,0.11452685296535492,0.09113796800374985,0.13391557335853577,1.0
519,1062912,6,0,0,6,0.0,0.0,1.0,-0.0009897008305415512,0.336433207988739,0.021843437291681766,-2.2827221155166626,0.005314146960154175,0.11443223804235458,0.09117361158132553,0.13380315899848938,1.0
520,1064960,6,0,0,6,0.0,0.0,1.0,0.00011497973464429379,0.31207204461097715,0.02245020428672433,-2.2836810827255247,0.011849735071882606,0.11448760330677032,0.09121431410312653,0.1342320293188095,1.0
521,1067008,6,0,1,5,0.0,0.16666666666666666,0.8333333333333334,-0.0005214296746999025,2.1177869200706483,0.02293460126966238,-2.2827282428741453,0.008168926188955084,0.1144830510020256,0.09112545847892761,0.1343231499195099,1.0
522,1069056,7,0,1,6,0.0,0.14285714285714285,0.8571428571428571,-0.002860869688447565,2.001333403587341,0.02291528070345521,-2.2836987733840943,0.015340052678948269,0.11448037624359131,0.09098745137453079,0.13446635007858276,1.0
523,1071104,5,0,1,4,0.0,0.2,0.8,-0.0006050080293789506,1.9422655999660492,0.021699742507189514,-2.2832953214645384,0.009693968313513324,0.11455391347408295,0.09081395715475082,0.13479280471801758,1.0
524,1073152,6,0,1,5,0.0,0.16666666666666666,0.8333333333333334,-0.002153246011584997,1.9732622385025025,0.02338419817388058,-2.2830871820449827,0.012499572639353574,0.11454634368419647,0.09056470543146133,0.13516086339950562,1.0
525,1075200,7,0,0,7,0.0,0.0,1.0,-0.0009623395977541805,0.3272415965795517,0.020530968718230725,-2.285974144935608,0.015052549436222761,0.11436213552951813,0.09043015539646149,0.13518303632736206,1.0
526,1077248,4,0,0,4,0.0,0.0,1.0,-0.0017630155431106686,0.5761319041252136,0.021959192026406525,-2.293255352973938,0.004872004879871383,0.11398046463727951,0.09008507430553436,0.13444460928440094,1.0
527,1079296,6,0,0,6,0.0,0.0,1.0,-0.0006265192758291959,0.4941777065396309,0.02242507105693221,-2.3024785041809084,0.008645837288349867,0.1137523353099823,0.08968940377235413,0.13414251804351807,1.0
528,1081344,5,0,0,5,0.0,0.0,1.0,-0.0006309348857030273,0.46887957602739333,0.024016040470451118,-2.308440899848938,0.007830655272118747,0.11348655074834824,0.08926008641719818,0.13378183543682098,1.0
529,1083392,5,0,0,5,0.0,0.0,1.0,0.002087130257859826,0.6562736839056015,0.02692231899127364,-2.3167635202407837,0.010854930349159986,0.11321598291397095,0.08884803205728531,0.13353125751018524,1.0
530,1085440,5,0,0,5,0.0,0.0,1.0,0.0006747833918780089,0.5990644544363022,0.02543254029005766,-2.325061225891113,0.009271389187779278,0.11287643760442734,0.08848065137863159,0.1332397758960724,1.0
531,1087488,7,0,0,7,0.0,0.0,1.0,-0.0015535696176812053,0.484849514067173,0.02316435081884265,-2.3347549200057984,0.006526991166174412,0.11257709562778473,0.08782119303941727,0.1335396021604538,1.0
532,1089536,4,0,0,4,0.0,0.0,1.0,-0.0015672355191782116,0.43372460901737214,0.021540642250329256,-2.3431684255599974,0.012848738249158487,0.11240285634994507,0.08749693632125854,0.1337384283542633,1.0
533,1091584,7,0,0,7,0.0,0.0,1.0,-0.001293790666386485,0.5426968514919281,0.02386754099279642,-2.350442409515381,0.006200709653785452,0.11197733879089355,0.0870533213019371,0.13276763260364532,1.0
534,1093632,4,0,0,4,0.0,0.0,1.0,0.0003775210585445166,0.48476808071136473,0.019867103081196547,-2.363936161994934,0.006035666138632223,0.11142110079526901,0.08660788834095001,0.13192857801914215,1.0
535,1095680,5,0,0,5,0.0,0.0,1.0,-0.0001373139792121947,0.5094437822699547,0.024477414879947902,-2.3769325971603394,0.009562491014366969,0.11098184436559677,0.08644384145736694,0.13113318383693695,1.0
536,1097728,5,0,0,5,0.0,0.0,1.0,-0.0015608277870342135,0.5925938814878464,0.02419111467897892,-2.385871243476868,0.006416921288473531,0.11077769845724106,0.08621381223201752,0.1310577541589737,1.0
537,1099776,9,0,1,8,0.0,0.1111111111111111,0.8888888888888888,-0.002647533267736435,2.0387553095817568,0.023978624399751423,-2.390239977836609,0.01381558328284882,0.11064305901527405,0.08605527877807617,0.13106897473335266,1.0
538,1101824,4,0,0,4,0.0,0.0,1.0,-0.001461180462501943,0.4773502260446548,0.0231008711270988,-2.3935705423355103,0.009845983301056549,0.11060164868831635,0.08610524237155914,0.1310345083475113,1.0
539,1103872,5,0,0,5,0.0,0.0,1.0,-0.0009970755083486438,0.4628314658999443,0.02189865754917264,-2.3935769319534304,0.0058193125878460705,0.1105690598487854,0.0861576572060585,0.1312878131866455,1.0
540,1105920,4,0,0,4,0.0,0.0,1.0,-0.00015383916907012462,0.3065795570611954,0.02042107665911317,-2.396380090713501,0.00734557950636372,0.11040030419826508,0.08597060292959213,0.13127614557743073,1.0
541,1107968,6,0,0,6,0.0,0.0,1.0,0.0013580574188381434,0.30915270149707796,0.02257917495444417,-2.401232361793518,0.015937902557197958,0.11024782061576843,0.08591748774051666,0.13111554086208344,1.0
542,1110016,6,0,1,5,0.0,0.16666666666666666,0.8333333333333334,-0.0007950728060677648,2.1937938034534454,0.026669578999280928,-2.404176712036133,0.004938807798316703,0.11025242507457733,0.085678830742836,0.13137924671173096,1.0
543,1112064,8,0,0,8,0.0,0.0,1.0,0.0027543131494894625,0.5124652132391929,0.02215940775349736,-2.4050909280776978,0.013236862991470843,0.11019168794155121,0.085447296500206,0.13149616122245789,1.0
544,1114112,4,0,0,4,0.0,0.0,1.0,-0.0017197953769937158,0.679008087515831,0.02298594331368804,-2.4083027124404905,0.01213731462485157,0.11009999364614487,0.0851852148771286,0.1316865086555481,1.0
545,1116160,4,0,0,4,0.0,0.0,1.0,-0.0016829211730509997,0.7804666072130203,0.02601927621290088,-2.410236382484436,0.01034382032812573,0.11013077944517136,0.08502080291509628,0.13199849426746368,1.0
546,1118208,6,0,0,6,0.0,0.0,1.0,-0.001046030386351049,0.678673866391182,0.02344265580177307,-2.4125229120254517,0.004981042660074308,0.10991593450307846,0.08469955623149872,0.13209673762321472,1.0
547,1120256,5,0,0,5,0.0,0.0,1.0,0.00015702194068580865,0.5134409099817276,0.026028838567435743,-2.419491982460022,0.015019500692142173,0.10977479070425034,0.08445820957422256,0.13221730291843414,1.0
548,1122304,8,0,1,7,0.0,0.125,0.875,-0.0007549742935225367,0.6962557703256607,0.021670268569141626,-2.421983766555786,0.006366613478166983,0.10980625450611115,0.08420728147029877,0.13269352912902832,1.0
549,1124352,6,0,0,6,0.0,0.0,1.0,0.0011323336744681,0.19050173386931418,0.01959649296477437,-2.4237221002578737,0.009887085534865036,0.10966014117002487,0.08384273946285248,0.13255667686462402,1.0
550,1126400,3,0,0,3,0.0,0.0,1.0,0.003082265192642808,0.2858799874782562,0.019402891118079423,-2.430315899848938,0.013539345841854811,0.10937508195638657,0.08359318971633911,0.13197602331638336,1.0
551,1128448,5,0,0,5,0.0,0.0,1.0,-0.002046247199177742,0.2672344081103802,0.02074175849556923,-2.4371103048324585,0.011946026305668055,0.10919492691755295,0.0834246575832367,0.13180957734584808,1.0
552,1130496,6,0,0,6,0.0,0.0,1.0,-0.001490770233795047,0.42146007120609286,0.021270351950079203,-2.4420673131942747,0.009079299122095107,0.10900604724884033,0.0832379013299942,0.1316075474023819,1.0
553,1132544,5,0,0,5,0.0,0.0,1.0,8.002074901014566e-05,0.3350012809038162,0.0197378515265882,-2.4467392206192016,0.01138945589773357,0.10890159010887146,0.08296912908554077,0.1316719502210617,1.0
554,1134592,7,0,0,7,0.0,0.0,1.0,0.00042731943540275097,0.40225845128297805,0.021203260961920024,-2.449920678138733,0.008480492711532861,0.10880576074123383,0.08299898356199265,0.13138240575790405,1.0
555,1136640,6,0,1,5,0.0,0.16666666666666666,0.8333333333333334,-2.5171134620904922e-05,1.1978814050555229,0.02317461995407939,-2.4508254766464233,0.011323213001014664,0.10877110809087753,0.08316831290721893,0.13120998442173004,1.0
556,1138688,6,0,1,5,0.0,0.16666666666666666,0.8333333333333334,-0.001499121985398233,2.2463303923606874,0.027235716674476863,-2.451361799240112,0.007934790966100991,0.10873442888259888,0.08309253305196762,0.13111621141433716,1.0
557,1140736,4,0,1,3,0.0,0.25,0.75,0.00036063208244740963,2.2835538268089293,0.027860825508832933,-2.453472924232483,0.014156710542738437,0.10858917236328125,0.08294519782066345,0.13091300427913666,1.0
558,1142784,6,0,0,6,0.0,0.0,1.0,0.001924171531572938,0.518057806789875,0.025916909333318472,-2.459088683128357,0.009346089512109756,0.10836973041296005,0.0827893540263176,0.13047456741333008,1.0
559,1144832,6,0,0,6,0.0,0.0,1.0,-0.0009571248199790716,0.6371262788772583,0.025046094600111247,-2.4635186910629274,0.008075054758228362,0.10828465223312378,0.08251520991325378,0.13041789829730988,1.0
560,1146880,8,0,0,8,0.0,0.0,1.0,-0.0001898442627862096,0.5901692122220993,0.024380670581012964,-2.465809440612793,0.004218228545505553,0.1082443818449974,0.08242005109786987,0.13062767684459686,1.0
561,1148928,5,0,1,4,0.0,0.2,0.8,-0.0006550921592861414,0.9137540966272354,0.028410262521356346,-2.4681303024291994,0.006711343204369768,0.10811154544353485,0.08229951560497284,0.1306246817111969,1.0
562,1150976,6,0,1,5,0.0,0.16666666666666666,0.8333333333333334,-0.0019126491155475379,1.6636264264583587,0.025182015262544155,-2.4738117933273314,0.011962712008971721,0.10788008570671082,0.0819917544722557,0.13062900304794312,1.0
563,1153024,3,0,0,3,0.0,0.0,1.0,-0.0010349057847633958,0.3438796654343605,0.019840812031179666,-2.4809873342514037,0.006230171845527366,0.10761456191539764,0.08189272880554199,0.13039477169513702,1.0
564,1155072,5,0,0,5,0.0,0.0,1.0,0.0018260152544826269,0.6095806539058686,0.022310114372521637,-2.4884344816207884,0.009695438307244331,0.10735362768173218,0.08179053664207458,0.13002663850784302,1.0
565,1157120,5,0,0,5,0.0,0.0,1.0,0.0018599867820739747,0.8480434477329254,0.024045517109334467,-2.494038772583008,0.010180438793031498,0.10719208419322968,0.08165989816188812,0.1297415792942047,1.0
566,1159168,10,0,1,9,0.0,0.1,0.9,-0.0001681554364040494,2.188481318950653,0.026284170802682638,-2.497280740737915,0.0035705548827536402,0.10718882083892822,0.08142933249473572,0.12995316088199615,1.0
567,1161216,3,0,0,3,0.0,0.0,1.0,0.0002397009637206793,0.7575671881437301,0.027622980438172816,-2.499163842201233,0.00514108304050751,0.10701435059309006,0.08119551092386246,0.12994426488876343,1.0
568,1163264,7,0,0,7,0.0,0.0,1.0,0.0031182020087726415,0.6377072155475616,0.025883091427385808,-2.506808853149414,0.01212701180484146,0.10676765441894531,0.08087854087352753,0.1298181116580963,1.0
569,1165312,3,0,0,3,0.0,0.0,1.0,0.0010589586338028312,0.6508218884468079,0.025941699277609587,-2.5130635023117067,0.0077531093964353206,0.10660087317228317,0.08065836131572723,0.12963800132274628,1.0
570,1167360,4,0,0,4,0.0,0.0,1.0,-0.0012947139330208302,0.597783288359642,0.026353466603904963,-2.519365692138672,0.007282062334707007,0.10625088214874268,0.08052610605955124,0.1290598064661026,1.0
571,1169408,6,0,0,6,0.0,0.0,1.0,-0.002563739265315235,0.4851544976234436,0.024806388095021246,-2.529534697532654,0.0066670038213487715,0.10588565468788147,0.08030395209789276,0.12855419516563416,1.0
572,1171456,10,0,1,9,0.0,0.1,0.9,0.0020179327111691236,1.939140611886978,0.027055268920958043,-2.5378208637237547,0.012102942448109388,0.10572423785924911,0.0800740197300911,0.1285942643880844,1.0
573,1173504,4,0,0,4,0.0,0.0,1.0,-0.003096214635297656,0.5351159542798996,0.025769560504704712,-2.5417396306991575,0.015447829192271455,0.10556069016456604,0.08003643900156021,0.12844467163085938,1.0
574,1175552,6,0,1,5,0.0,0.16666666666666666,0.8333333333333334,-0.002713070786558092,2.137430602312088,0.028515646886080503,-2.548200821876526,0.006968693796079606,0.10524719953536987,0.08015970885753632,0.12785983085632324,1.0
575,1177600,3,0,0,3,0.0,0.0,1.0,-0.0009367704391479492,0.4937815800309181,0.02360740751028061,-2.555116605758667,0.01074361107312143,0.1050291359424591,0.07987674325704575,0.12782171368598938,1.0
576,1179648,4,0,0,4,0.0,0.0,1.0,-0.0018036725465208291,0.5399730920791626,0.022788578923791648,-2.561202120780945,0.0038773952925112098,0.1048690676689148,0.07969588041305542,0.12756970524787903,1.0
577,1181696,5,0,0,5,0.0,0.0,1.0,-0.0024950464721769094,0.5076891049742699,0.022470138035714626,-2.5655917167663573,0.008520607958780601,0.10468421876430511,0.07965080440044403,0.12713246047496796,1.0
578,1183744,10,0,0,10,0.0,0.0,1.0,0.0005674697458744049,0.4213463842868805,0.02339962441474199,-2.570788598060608,0.005597423040308058,0.10449131578207016,0.07947512716054916,0.12689730525016785,1.0
579,1185792,6,0,1,5,0.0,0.16666666666666666,0.8333333333333334,0.0003549833549186587,0.6013305395841598,0.019650491513311864,-2.576512885093689,0.004965306102531031,0.10434406250715256,0.07914986461400986,0.12679925560951233,1.0
580,1187840,5,0,0,5,0.0,0.0,1.0,-0.002507775672711432,0.3733394116163254,0.023536800220608712,-2.581200909614563,0.015786213119281457,0.10417096316814423,0.0789412409067154,0.12649761140346527,1.0
581,1189888,4,0,0,4,0.0,0.0,1.0,0.0001477732788771391,0.6421466022729874,0.027399914246052502,-2.58688223361969,0.0052459318074397744,0.10396404564380646,0.07849510759115219,0.12621882557868958,1.0
582,1191936,4,0,1,3,0.0,0.25,0.75,-0.0009618072072044015,2.3648994982242586,0.027594155352562665,-2.59375057220459,0.00802400178508833,0.10379671305418015,0.0782795250415802,0.12613075971603394,1.0
583,1193984,7,0,0,7,0.0,0.0,1.0,0.0020292945206165313,0.7546262234449387,0.022422431409358977,-2.5968087911605835,0.006285888241836801,0.10382771492004395,0.07832629233598709,0.1264200657606125,1.0
584,1196032,8,0,0,8,0.0,0.0,1.0,-0.0002462666947394609,0.4804993823170662,0.02336461264640093,-2.5954633235931395,0.011535774247022346,0.10377606749534607,0.0784747526049614,0.12658235430717468,1.0
585,1198080,5,0,1,4,0.0,0.2,0.8,-0.001647787820547819,0.9258180409669876,0.02307051243260503,-2.598087120056152,0.010248015308752656,0.10367005318403244,0.07853134721517563,0.1265004724264145,1.0
586,1200128,7,0,1,6,0.0,0.14285714285714285,0.8571428571428571,-0.0011506895534694195,1.7761448740959167,0.02777471812441945,-2.6004072189331056,0.012110658764140681,0.10359831899404526,0.07852917909622192,0.12652114033699036,1.0
587,1202176,5,0,2,3,0.0,0.4,0.6,-0.0006462960038334132,2.5100117444992067,0.02825775686651468,-2.6036255836486815,0.004572781675960869,0.1034127026796341,0.07845284044742584,0.1263616383075714,1.0
588,1204224,5,0,1,4,0.0,0.2,0.8,0.0011327536311000585,2.073535668849945,0.02762282807379961,-2.6082324743270875,0.025076647516107185,0.10336475074291229,0.07836700230836868,0.12645533680915833,1.0
589,1206272,5,0,1,4,0.0,0.2,0.8,-0.0019327408634126186,1.994731956720352,0.026014859415590764,-2.6082247257232667,0.010634473140817136,0.10336115956306458,0.07843486964702606,0.12646283209323883,1.0
590,1208320,8,0,0,8,0.0,0.0,1.0,-0.0035969942342489957,0.5330980911850929,0.022847483027726413,-2.61109402179718,0.010648003232199698,0.10308488458395004,0.0784224197268486,0.12604279816150665,1.0
591,1210368,5,0,0,5,0.0,0.0,1.0,0.00021968097425997257,0.3812364608049393,0.022585214022547005,-2.619704580307007,0.01311379821272567,0.10281378030776978,0.07829149812459946,0.1255749762058258,1.0
592,1212416,6,0,0,6,0.0,0.0,1.0,-0.0034734267508611085,0.5202638775110244,0.02489576702937484,-2.626167631149292,0.012105430505471304,0.10259608924388885,0.07817678153514862,0.12525680661201477,1.0
593,1214464,3,0,0,3,0.0,0.0,1.0,-0.0021842184476554396,0.555778655409813,0.022597813885658978,-2.6298707008361815,0.0023863569018431007,0.10263096541166306,0.07802280783653259,0.12525035440921783,1.0
594,1216512,8,0,1,7,0.0,0.125,0.875,-0.0032474993262439967,2.0841405510902407,0.02629217188805342,-2.6263782024383544,0.014340059814276173,0.10280966013669968,0.07803084701299667,0.1253424435853958,1.0
595,1218560,5,0,0,5,0.0,0.0,1.0,-0.0009765347465872764,0.5170723423361778,0.023073510453104972,-2.6236550331115724,0.005537970998557284,0.10276764631271362,0.07805991172790527,0.12525255978107452,1.0
596,1220608,5,0,0,5,0.0,0.0,1.0,-0.003853942395653576,0.4258821472525597,0.021777305752038956,-2.626867723464966,0.010944206407293678,0.10260399430990219,0.0779731422662735,0.12512332201004028,1.0
597,1222656,6,0,0,6,0.0,0.0,1.0,-0.0021023425739258527,0.35106340050697327,0.023312302213162182,-2.632031536102295,0.008873448870144785,0.1024366021156311,0.07776951044797897,0.12500080466270447,1.0
598,1224704,5,0,0,5,0.0,0.0,1.0,-0.001493745855987072,0.24839552491903305,0.022759220842272044,-2.637508177757263,0.008559336222242564,0.10223859548568726,0.077654168009758,0.12509110569953918,1.0
599,1226752,5,0,1,4,0.0,0.2,0.8,-0.002182183274999261,2.0160353660583494,0.02540335450321436,-2.6409409284591674,0.013051261263899504,0.10232415795326233,0.07782489061355591,0.1255253255367279,1.0
600,1228800,7,0,0,7,0.0,0.0,1.0,-6.454801186919212e-05,0.36732564568519593,0.022013326082378624,-2.638126754760742,0.01254028893308714,0.10232146829366684,0.07796992361545563,0.12563490867614746,1.0
601,1230848,7,0,0,7,0.0,0.0,1.0,-0.001014077733270824,0.4430233880877495,0.022240311466157438,-2.6409183502197267,0.004682172421598807,0.10212354362010956,0.07793031632900238,0.12554912269115448,1.0
602,1232896,4,0,0,4,0.0,0.0,1.0,-0.0011802838649600743,0.4268490716814995,0.020933870878070592,-2.646862602233887,0.009322053595678882,0.10195355862379074,0.07779809832572937,0.12550677359104156,1.0
603,1234944,5,0,0,5,0.0,0.0,1.0,-2.1357834339141845e-05,0.42203284800052643,0.022148527018725873,-2.6543313026428224,0.00912554741371423,0.1016252264380455,0.0772949606180191,0.12533456087112427,1.0
604,1236992,5,0,0,5,0.0,0.0,1.0,0.0011519778985530139,0.283747261762619,0.022998371440917254,-2.663646388053894,0.007728379912441597,0.10144408047199249,0.07697504013776779,0.1249215230345726,1.0
605,1239040,4,0,0,4,0.0,0.0,1.0,-0.0007423752453178167,0.23502760529518127,0.02294460600242019,-2.6693591117858886,0.013786657602759078,0.10119260847568512,0.07664493471384048,0.12468434870243073,1.0
606,1241088,7,0,0,7,0.0,0.0,1.0,0.000223325751721859,0.22629279568791388,0.02252026731148362,-2.6789347887039185,0.004230817849747837,0.10081025958061218,0.0764860138297081,0.12390488386154175,1.0
607,1243136,7,0,0,7,0.0,0.0,1.0,0.0007687107310630382,0.25369288176298144,0.02247713543474674,-2.6896282196044923,0.012060131510952487,0.10044820606708527,0.07619427889585495,0.12344598025083542,1.0
608,1245184,5,0,0,5,0.0,0.0,1.0,0.00011853247415274381,0.38756842613220216,0.022407451923936606,-2.6957009077072143,0.007329246652079746,0.10054993629455566,0.07622682303190231,0.1239936500787735,1.0
609,1247232,7,0,1,6,0.0,0.14285714285714285,0.8571428571428571,0.0004110780428163707,2.3074079155921936,0.0254537858068943,-2.6915464639663695,0.006178491603350267,0.10066287964582443,0.07611602544784546,0.12451430410146713,1.0
610,1249280,4,0,0,4,0.0,0.0,1.0,0.0011941542848944663,0.6769592225551605,0.023824884742498397,-2.692458987236023,0.009572360850870609,0.10059130191802979,0.07578141242265701,0.12479795515537262,1.0
611,1251328,4,0,0,4,0.0,0.0,1.0,0.0007842402905225754,0.5040298834443092,0.027369624841958283,-2.696720004081726,0.008354318479541689,0.10048725455999374,0.07568768411874771,0.12479575723409653,1.0
612,1253376,6,0,1,5,0.0,0.16666666666666666,0.8333333333333334,-0.0004379925783723593,2.1985656678676606,0.0294260386377573,-2.699680280685425,0.015807548857992515,0.10037394613027573,0.07567822933197021,0.12470795214176178,1.0
613,1255424,6,0,0,6,0.0,0.0,1.0,0.00599109991453588,0.5316024109721184,0.023975950200110674,-2.703339958190918,0.015676814265316353,0.10023659467697144,0.07567644864320755,0.12463375926017761,1.0
614,1257472,7,0,1,6,0.0,0.14285714285714285,0.8571428571428571,0.00016209313180297612,2.2108481585979463,0.02615415705367923,-2.706756114959717,0.012204984051641077,0.10013081878423691,0.0756724402308464,0.12450715154409409,1.0
615,1259520,7,0,1,6,0.0,0.14285714285714285,0.8571428571428571,-0.001969791972078383,1.9015881955623626,0.0234424970112741,-2.7114210605621336,0.007957736123353243,0.09989845752716064,0.07544955611228943,0.1241697296500206,1.0
616,1261568,3,0,0,3,0.0,0.0,1.0,-0.0009379366412758828,0.45612665861845014,0.0231456215493381,-2.7193443536758424,0.00744244295055978,0.09966745972633362,0.07522173225879669,0.1240643560886383,1.0
617,1263616,4,0,1,3,0.0,0.25,0.75,-0.004433220764622092,1.4754448920488357,0.023698011226952077,-2.7242611169815065,0.016001084289746358,0.0996076911687851,0.0750865712761879,0.1241612657904625,1.0
618,1265664,6,0,0,6,0.0,0.0,1.0,-0.0011678044451400638,0.2557485677301884,0.020133699383586647,-2.7311287403106688,0.008842147764516995,0.09907451272010803,0.07476913183927536,0.12346428632736206,1.0
619,1267712,6,0,0,6,0.0,0.0,1.0,-0.005868264986202121,0.16860515773296356,0.018492816481739283,-2.748857021331787,0.01151156515115872,0.09853877872228622,0.07456611841917038,0.12261121720075607,1.0
620,1269760,6,0,0,6,0.0,0.0,1.0,-0.0007844620384275913,0.44757038056850434,0.02257448174059391,-2.7601436614990233,0.006518636055989191,0.09829364717006683,0.07441244274377823,0.12204389274120331,1.0
621,1271808,9,0,2,7,0.0,0.2222222222222222,0.7777777777777778,8.002128452062607e-05,2.9558279395103453,0.021469451300799847,-2.763430690765381,0.016775478643830867,0.09830781072378159,0.07437200099229813,0.12189169228076935,1.0
622,1273856,3,0,0,3,0.0,0.0,1.0,-0.002866478485520929,0.3814291968941689,0.018998911790549754,-2.7626211166381838,0.014469237008597702,0.09832195937633514,0.0742482990026474,0.12228693068027496,1.0
623,1275904,6,0,0,6,0.0,0.0,1.0,-0.0002933971583843231,0.33220904767513276,0.02318462450057268,-2.7659196615219117,0.008053855394246056,0.09814204275608063,0.07404498755931854,0.1224118024110794,1.0
624,1277952,5,0,0,5,0.0,0.0,1.0,0.00048342347145080566,0.36238483488559725,0.023216421622782944,-2.774418258666992,0.006518463359680027,0.09780742228031158,0.07375265657901764,0.1224326491355896,1.0
625,1280000,4,0,0,4,0.0,0.0,1.0,-0.002896800241433084,0.23067811504006386,0.024273903388530017,-2.7849322319030763,0.0152385309105739,0.09763624519109726,0.07356638461351395,0.12248285859823227,1.0
626,1282048,6,0,0,6,0.0,0.0,1.0,-0.0034649864304810763,0.2748528033494949,0.025204703863710164,-2.789724826812744,0.011652499123010784,0.09742262214422226,0.07322048395872116,0.12214825302362442,1.0
627,1284096,9,0,0,9,0.0,0.0,1.0,-0.0051514143124222755,0.08878939412534237,0.021398667804896833,-2.797633337974548,0.00775765257421881,0.09717810153961182,0.07309605926275253,0.12152143567800522,1.0
628,1286144,4,0,0,4,0.0,0.0,1.0,0.002964631048962474,0.24794655069708824,0.02157818926498294,-2.8030736446380615,0.015310737676918507,0.09701281785964966,0.07300876080989838,0.12114164233207703,1.0
629,1288192,5,0,0,5,0.0,0.0,1.0,0.0028804632485844193,0.2631809331476688,0.024448311422020197,-2.8056088209152223,0.015252347104251385,0.09702833741903305,0.07296250760555267,0.12116160243749619,1.0
630,1290240,6,0,1,5,0.0,0.16666666666666666,0.8333333333333334,-0.0018297817325219512,2.3698495984077455,0.024262843187898397,-2.8041635274887087,0.018740196153521536,0.09707848727703094,0.07300926744937897,0.12109359353780746,1.0
631,1292288,3,0,0,3,0.0,0.0,1.0,-0.0005385572789236903,0.24114879816770554,0.02245302191004157,-2.8054249048233033,0.007922059041447937,0.09690730273723602,0.07263831049203873,0.12087428569793701,1.0
632,1294336,9,0,0,9,0.0,0.0,1.0,-9.937351569533348e-06,0.3488512605428696,0.024626216664910317,-2.813832688331604,0.007366259605623782,0.09661129117012024,0.07246638089418411,0.12031357735395432,1.0
633,1296384,5,0,0,5,0.0,0.0,1.0,-0.00021798613015562297,0.39988753795623777,0.0232946390286088,-2.8205960750579835,0.007771581289125607,0.09644973278045654,0.07227440923452377,0.12027253955602646,1.0
634,1298432,4,0,0,4,0.0,0.0,1.0,-0.006046792375855148,0.3864527463912964,0.024366870615631343,-2.824112582206726,0.01615720579284243,0.09652584791183472,0.07214358448982239,0.12077968567609787,1.0
635,1300480,6,0,0,6,0.0,0.0,1.0,-0.0010281026363372803,0.3627958923578262,0.02478062305599451,-2.8218141555786134,0.006491488229949027,0.09663521498441696,0.07190535962581635,0.12142543494701385,1.0
636,1302528,7,0,0,7,0.0,0.0,1.0,-0.004983935109339655,0.39302106350660326,0.027163364086300136,-2.822025418281555,0.008077978540677577,0.09664636850357056,0.07160965353250504,0.121815025806427,1.0
637,1304576,3,0,0,3,0.0,0.0,1.0,-0.0005740953609347343,0.2048828549683094,0.023480258788913487,-2.8269479990005495,0.010194720170693472,0.09632256627082825,0.07141868770122528,0.12146255373954773,1.0
638,1306624,8,0,0,8,0.0,0.0,1.0,-0.007109106658026576,0.2706395275890827,0.024916666001081465,-2.8368879318237306,0.006819438800448552,0.09611495584249496,0.07127083837985992,0.12130896002054214,1.0
639,1308672,5,0,1,4,0.0,0.2,0.8,-0.001440260885283351,1.9621537029743195,0.024355361703783274,-2.839569354057312,0.013788286177441478,0.09617133438587189,0.07129906862974167,0.12138640880584717,1.0
640,1310720,5,0,0,5,0.0,0.0,1.0,-6.773318164050579e-05,0.43405322879552843,0.024834103509783746,-2.8387522220611574,0.009573964681476355,0.09608368575572968,0.07109838724136353,0.12129083275794983,1.0
641,1312768,4,0,0,4,0.0,0.0,1.0,-0.001719408598728478,0.27940302789211274,0.024677026737481355,-2.844986581802368,0.007227316603530198,0.09582486003637314,0.07083407044410706,0.12106874585151672,1.0
642,1314816,7,0,0,7,0.0,0.0,1.0,-0.0033526002196595074,0.1423931263387203,0.026099458150565625,-2.8534119606018065,0.011017816269304603,0.0955861434340477,0.07081936299800873,0.12049379199743271,1.0
643,1316864,3,0,0,3,0.0,0.0,1.0,-0.0008675751741975546,0.11858756802976131,0.02285647187381983,-2.8592341899871827,0.008958536852151155,0.0953361988067627,0.07081668078899384,0.11994358897209167,1.0
644,1318912,9,0,0,9,0.0,0.0,1.0,-0.0022420283406972886,0.18981725573539734,0.024633740540593863,-2.865064525604248,0.006333822914166376,0.09523452818393707,0.07054562121629715,0.11983288824558258,1.0
645,1320960,8,0,2,6,0.0,0.25,0.75,-0.00162359670503065,3.623531424999237,0.02474420014768839,-2.8670918464660646,0.010913347941823304,0.09522660821676254,0.0706026628613472,0.11990047246217728,1.0
646,1323008,4,0,0,4,0.0,0.0,1.0,-0.00028859986923635006,0.15926460027694703,0.022153462283313274,-2.8681681632995604,0.00993049530661665,0.09510016441345215,0.07069297134876251,0.11957263201475143,1.0
647,1325056,3,0,0,3,0.0,0.0,1.0,-0.0028478492749854922,0.3672828808426857,0.02518692286685109,-2.8720402002334593,0.010434473934583365,0.09493653476238251,0.07062621414661407,0.11922366172075272,1.0
648,1327104,5,0,0,5,0.0,0.0,1.0,-0.00036356388591229916,0.40677770376205447,0.026616178546100856,-2.878295421600342,0.008783376775681973,0.09460893273353577,0.0708136186003685,0.11873883754014969,1.0
649,1329152,5,0,0,5,0.0,0.0,1.0,-0.002721970737911761,0.44553790986537933,0.02925661439076066,-2.886962366104126,0.007716732588596642,0.09434513747692108,0.07084474712610245,0.11811542510986328,1.0
650,1331200,8,0,0,8,0.0,0.0,1.0,-0.0004675324773415923,0.15443177670240402,0.02671914976090193,-2.893426942825317,0.011425651190802456,0.0940995067358017,0.07086442410945892,0.117576964199543,1.0
651,1333248,7,0,0,7,0.0,0.0,1.0,-0.0005177756189368665,0.08773394785821438,0.020144244004040957,-2.9012511014938354,0.007700370880775154,0.09379428625106812,0.0705186277627945,0.11716339737176895,1.0
652,1335296,4,0,0,4,0.0,0.0,1.0,-0.00217265363316983,0.16432393714785576,0.02396545708179474,-2.9107712507247925,0.011872816435061394,0.09357649087905884,0.07032133638858795,0.11687646806240082,1.0
653,1337344,3,0,0,3,0.0,0.0,1.0,-0.0032504799077287317,0.35778889507055284,0.02650728654116392,-2.9154663562774656,0.0116490330605302,0.09349635243415833,0.07021673023700714,0.11674140393733978,1.0
654,1339392,5,0,0,5,0.0,0.0,1.0,3.062335308641195e-05,0.23958267867565156,0.028188244625926017,-2.9198909282684324,0.005327341007068753,0.09323026239871979,0.07003291696310043,0.11642348021268845,1.0
655,1341440,6,0,0,6,0.0,0.0,1.0,-0.003122821496799588,0.5087665826082229,0.03366166893392801,-2.93250834941864,0.007207401684718206,0.09273972362279892,0.06963228434324265,0.11581084877252579,1.0
656,1343488,8,0,0,8,0.0,0.0,1.0,0.0043440142180770636,0.3916716411709785,0.030500900000333786,-2.9458306550979616,0.007673185924068094,0.09249480813741684,0.06930684298276901,0.11559116095304489,1.0
657,1345536,7,0,1,6,0.0,0.14285714285714285,0.8571428571428571,0.006547450926154852,1.1425800785422324,0.025818021316081286,-2.9520991563797,0.018224289629142732,0.09233823418617249,0.0691567063331604,0.11529412865638733,1.0
658,1347584,5,0,0,5,0.0,0.0,1.0,0.004200306162238121,0.2648306630551815,0.026766779832541943,-2.959410524368286,0.00835170375648886,0.09200537204742432,0.0687604770064354,0.1149383932352066,1.0
659,1349632,2,0,0,2,0.0,0.0,1.0,-0.0037963442504405976,0.3809994593262672,0.02882668888196349,-2.9706011533737184,0.007538694416871295,0.09172947704792023,0.0686819925904274,0.11459740996360779,1.0
660,1351680,5,0,0,5,0.0,0.0,1.0,0.0019460707902908326,0.29244896620512006,0.02681219195947051,-2.9766826391220094,0.011494042963022366,0.0915856808423996,0.06878659129142761,0.11429562419652939,1.0
661,1353728,5,0,0,5,0.0,0.0,1.0,-0.0013156574917957188,0.37006534487009046,0.028749732580035926,-2.9806164741516112,0.011461452080402524,0.09142743051052094,0.0687488541007042,0.11406779289245605,1.0
662,1355776,13,0,0,13,0.0,0.0,1.0,-0.0015426595229655505,0.29792620688676835,0.027159417513757944,-2.9862334728240967,0.012402883707545697,0.09125053882598877,0.06860389560461044,0.11401722580194473,1.0
663,1357824,3,0,0,3,0.0,0.0,1.0,-0.00258864676579833,0.28637281954288485,0.0220505622215569,-2.9909646272659303,0.011008861137088388,0.09118986129760742,0.06851576268672943,0.11406823247671127,1.0
664,1359872,4,0,0,4,0.0,0.0,1.0,0.0008374365512281656,0.39567718505859373,0.026812674663960933,-2.9921122789382935,0.004410901293158531,0.09118040651082993,0.06835957616567612,0.11390747129917145,1.0
665,1361920,7,0,2,5,0.0,0.2857142857142857,0.7142857142857143,-0.0006706492276862264,3.1630104899406435,0.028163862973451616,-2.992862367630005,0.017411351174814627,0.09117747843265533,0.06825539469718933,0.11383675038814545,1.0
666,1363968,2,0,0,2,0.0,0.0,1.0,0.0004473612643778324,0.24789421260356903,0.024453704431653022,-2.992319178581238,0.014196755894226953,0.09118979424238205,0.06822780519723892,0.11384527385234833,1.0
667,1366016,7,0,0,7,0.0,0.0,1.0,0.0006743685808032751,0.1448120530694723,0.026854692678898572,-2.9943097591400147,0.010075884655816481,0.09108850359916687,0.06798412650823593,0.11390438675880432,1.0
668,1368064,9,0,0,9,0.0,0.0,1.0,-0.002675750956404954,0.2055291660130024,0.02561273379251361,-2.9975606203079224,0.0029347523173782974,0.09103609621524811,0.06804943084716797,0.11373487859964371,1.0
669,1370112,5,0,1,4,0.0,0.2,0.8,-0.002143775625154376,2.1284458875656127,0.02804201003164053,-2.99826979637146,0.006981727015227079,0.09099137783050537,0.06818025559186935,0.113588847219944,1.0
670,1372160,6,0,1,5,0.0,0.16666666666666666,0.8333333333333334,8.107270114123821e-05,1.5709252506494522,0.02829998526722193,-2.9981495141983032,0.013288370246300474,0.09104441851377487,0.06823055446147919,0.113848015666008,1.0
671,1374208,5,0,0,5,0.0,0.0,1.0,-0.00017215181142091752,0.3636501878499985,0.029976771026849747,-2.9974095821380615,0.009529196465155109,0.09097965806722641,0.06841633468866348,0.11377901583909988,1.0
672,1376256,1,0,0,1,0.0,0.0,1.0,-0.002008019364438951,0.4673828914761543,0.03406304661184549,-3.0008020877838133,0.00959268516744487,0.09082472324371338,0.06838145107030869,0.11374960839748383,1.0
673,1378304,8,0,0,8,0.0,0.0,1.0,-0.0024098848225548863,0.38520083427429197,0.03472395148128271,-3.005423402786255,0.008819725783541798,0.09074464440345764,0.06827787309885025,0.11373013257980347,1.0
674,1380352,7,0,0,7,0.0,0.0,1.0,-0.0021542140282690527,0.34493636935949323,0.0292769911698997,-3.007930302619934,0.00675674420199357,0.09068404883146286,0.0681099072098732,0.11374993622303009,1.0
675,1382400,6,0,0,6,0.0,0.0,1.0,-0.0036169799976050855,0.5317107737064362,0.028169602807611226,-3.0105742692947386,0.014234322099946439,0.09058978408575058,0.0681343823671341,0.11356377601623535,1.0
676,1384448,5,0,0,5,0.0,0.0,1.0,-0.0016554117668420077,0.28737976849079133,0.024933505803346634,-3.0139004707336428,0.005888287868583575,0.09045746177434921,0.06797029823064804,0.11342606693506241,1.0
677,1386496,6,0,0,6,0.0,0.0,1.0,-0.0059381403727456926,0.19916406869888306,0.026297575049102306,-3.019141697883606,0.014691089652478695,0.09031981229782104,0.06779082119464874,0.11327624320983887,1.0
678,1388544,2,0,0,2,0.0,0.0,1.0,0.000559208681806922,0.25465561226010325,0.02723316624760628,-3.0232011795043947,0.01135379220941104,0.09021563827991486,0.06762432307004929,0.11321230232715607,1.0
679,1390592,6,0,0,6,0.0,0.0,1.0,0.0005739256041124464,0.2906681805849075,0.02665892243385315,-3.025443983078003,0.006044036045204848,0.090248242020607,0.06762734800577164,0.11315439641475677,1.0
680,1392640,9,0,0,9,0.0,0.0,1.0,-0.0019698240561410786,0.2241745889186859,0.027147933654487134,-3.022733545303345,0.006430190714308992,0.09035305678844452,0.06771751493215561,0.11344627290964127,1.0
681,1394688,5,0,0,5,0.0,0.0,1.0,-0.0005335941561497748,0.19215736240148545,0.024593501538038253,-3.020760941505432,0.012909147859318182,0.0903671383857727,0.06774011999368668,0.1135236844420433,1.0
682,1396736,4,0,0,4,0.0,0.0,1.0,-0.0007307292893528938,0.18218201845884324,0.023880425933748485,-3.022139382362366,0.008800349914235995,0.09024064242839813,0.06761695444583893,0.1130208820104599,1.0
683,1398784,6,0,0,6,0.0,0.0,1.0,0.00033933534286916255,0.040322002954781055,0.022901271749287844,-3.029710388183594,0.008819722093176097,0.08989264070987701,0.0672977864742279,0.11259786039590836,1.0
684,1400832,2,0,0,2,0.0,0.0,1.0,-0.0027259770315140484,0.16992179192602636,0.02464383151382208,-3.035760426521301,0.0072030227107461545,0.09006430208683014,0.06720095872879028,0.11278972774744034,1.0
685,1402880,8,0,1,7,0.0,0.125,0.875,0.0030715328641235827,0.5531839974224567,0.022933752182871102,-3.0274670839309694,0.019974873249884693,0.09026755392551422,0.0671585202217102,0.11300646513700485,1.0
686,1404928,8,0,0,8,0.0,0.0,1.0,-0.0042427730513736606,0.1168280892074108,0.02334586950019002,-3.024947500228882,0.010269913083175198,0.09024034440517426,0.06697496026754379,0.11282415688037872,1.0
687,1406976,6,0,0,6,0.0,0.0,1.0,0.0027440237114205956,0.29447676837444303,0.026263665221631528,-3.0286351680755614,0.01280247067916207,0.09011783450841904,0.06666524708271027,0.11254531145095825,1.0
688,1409024,3,0,0,3,0.0,0.0,1.0,0.0009663005359470845,0.30194586589932443,0.030887861177325247,-3.033400321006775,0.008004444767720997,0.08994273841381073,0.06646035611629486,0.11200402677059174,1.0
689,1411072,5,0,0,5,0.0,0.0,1.0,-0.00014012735337018967,0.10530133098363877,0.025221388228237628,-3.0392908811569215,0.011477022169856355,0.08976858854293823,0.06635590642690659,0.11174184083938599,1.0
690,1413120,5,0,0,5,0.0,0.0,1.0,-0.004093809332698583,0.16644800193607806,0.023969759326428176,-3.045376420021057,0.0054931540973484514,0.08955079317092896,0.06620907783508301,0.11152160167694092,1.0
691,1415168,5,0,0,5,0.0,0.0,1.0,-0.0008632901590317488,0.1638801947236061,0.024027447402477264,-3.0517452239990233,0.011119663203135132,0.08939401805400848,0.06622736155986786,0.11120246350765228,1.0
692,1417216,9,0,0,9,0.0,0.0,1.0,-0.0009262055391445756,0.37015206962823866,0.02408228237181902,-3.0552391529083254,0.005922118091257289,0.08936202526092529,0.06597401201725006,0.11135925352573395,1.0
693,1419264,5,0,0,5,0.0,0.0,1.0,-0.0017420240677893163,0.25746593400835993,0.023321858327835798,-3.0573350191116333,0.016220169264124708,0.08928098529577255,0.0659690871834755,0.11121892929077148,1.0
694,1421312,4,0,0,4,0.0,0.0,1.0,-0.004126942530274391,0.6064436912536622,0.026678754575550558,-3.059625744819641,0.012318478571251035,0.08922116458415985,0.06595320254564285,0.11091285943984985,1.0
695,1423360,5,0,1,4,0.0,0.2,0.8,-0.0012089431518688798,1.9003120422363282,0.025385906640440225,-3.056718420982361,0.015335094410693273,0.08945997804403305,0.06600584089756012,0.1112566664814949,1.0
696,1425408,6,0,1,5,0.0,0.16666666666666666,0.8333333333333334,-0.0010998269775882364,1.6333698242902757,0.02436118181794882,-3.050168991088867,0.0080783907789737,0.08956767618656158,0.06616093963384628,0.1112576425075531,1.0
697,1427456,9,0,0,9,0.0,0.0,1.0,0.0009019135730341076,0.33190171122550965,0.022678498830646276,-3.0491018056869508,0.0077774474280886356,0.08953332155942917,0.06592728942632675,0.11128375679254532,1.0
698,1429504,5,0,0,5,0.0,0.0,1.0,0.00111851014662534,0.37213503420352934,0.029861416015774012,-3.051003074645996,0.011143256619106978,0.08954128623008728,0.06589380651712418,0.11131256818771362,1.0
699,1431552,4,0,1,3,0.0,0.25,0.75,-0.0015660879667848348,2.538489317893982,0.03212002133950591,-3.0513421058654786,0.003680757898837328,0.08949132263660431,0.0657501071691513,0.11158154904842377,1.0
700,1433600,7,0,1,6,0.0,0.14285714285714285,0.8571428571428571,6.898266728967428e-05,1.7231471598148347,0.028824696969240903,-3.054870128631592,0.007059465313795954,0.08942711353302002,0.0657719299197197,0.11166538298130035,1.0
701,1435648,3,0,0,3,0.0,0.0,1.0,-0.0010117189027369022,0.26214014664292334,0.027405180782079697,-3.057373070716858,0.007283262890996412,0.0892602801322937,0.06563373655080795,0.11125347763299942,1.0
702,1437696,6,0,1,5,0.0,0.16666666666666666,0.8333333333333334,-0.002575389388948679,1.6809917449951173,0.02810062635689974,-3.062615394592285,0.022194402053719385,0.0891651138663292,0.06554856896400452,0.11090278625488281,1.0
703,1439744,9,0,0,9,0.0,0.0,1.0,-0.002621257514692843,0.4110239610075951,0.024733180366456508,-3.065531039237976,0.009348962345393374,0.0890045166015625,0.0653727725148201,0.11051961034536362,1.0
704,1441792,4,0,0,4,0.0,0.0,1.0,-0.0017342817736789584,0.6155986398458481,0.026233906764537095,-3.0734434843063356,0.002917208522558212,0.08870770782232285,0.06519545614719391,0.11001639813184738,1.0
705,1443840,4,0,0,4,0.0,0.0,1.0,0.0023802912328392267,0.41503523886203764,0.026456898916512726,-3.0805768966674805,0.01295053432113491,0.08859988301992416,0.06531648337841034,0.10975604504346848,1.0
706,1445888,7,0,0,7,0.0,0.0,1.0,-0.0015640322351828217,0.53492012321949,0.033086662739515306,-3.0804572343826293,0.009113035071641207,0.08863883465528488,0.06535542756319046,0.1100110113620758,1.0
707,1447936,5,0,2,3,0.0,0.4,0.6,-0.00019818057771772146,2.794775199890137,0.030283556040376424,-3.081321454048157,0.010694304545177146,0.08853593468666077,0.06531218439340591,0.10992208123207092,1.0
708,1449984,7,0,0,7,0.0,0.0,1.0,-0.004807443195022643,0.23571535274386407,0.023570939153432845,-3.086403489112854,0.01296868585050106,0.08833055943250656,0.06535321474075317,0.10970417410135269,1.0
709,1452032,6,0,0,6,0.0,0.0,1.0,-0.0016979640815407038,0.3203153669834137,0.02485693069174886,-3.0926197290420534,0.006385964975925163,0.08812485635280609,0.06540415436029434,0.1092313677072525,1.0
710,1454080,3,0,0,3,0.0,0.0,1.0,0.0014818899566307665,0.339961539208889,0.025186267402023076,-3.0956751823425295,0.010438373277429492,0.08816059678792953,0.06528323143720627,0.10932494699954987,1.0
711,1456128,6,0,0,6,0.0,0.0,1.0,-0.0016036608722060919,0.3277246505022049,0.030785873997956514,-3.095959448814392,0.00544710525427945,0.0880756601691246,0.065073162317276,0.10926605761051178,1.0
712,1458176,8,0,0,8,0.0,0.0,1.0,0.004177400749176741,0.39940608888864515,0.03655322343111038,-3.100094437599182,0.008843107888242229,0.08804505318403244,0.06481554359197617,0.10922649502754211,1.0
713,1460224,4,0,0,4,0.0,0.0,1.0,-0.00025321473367512226,0.3280831530690193,0.03354534711688757,-3.1035957098007203,0.01114039194653742,0.08784225583076477,0.06462686508893967,0.10884637385606766,1.0
714,1462272,6,0,1,5,0.0,0.16666666666666666,0.8333333333333334,-0.0023575499188154938,1.8504369854927063,0.027569068223237993,-3.1093257665634155,0.020611716900020838,0.08776967227458954,0.06460998207330704,0.10866699367761612,1.0
715,1464320,7,0,0,7,0.0,0.0,1.0,-0.005218256986699999,0.2335213117301464,0.02721082828938961,-3.1090024948120116,0.00886429826496169,0.08779555559158325,0.06458840519189835,0.10874197632074356,1.0
716,1466368,4,0,1,3,0.0,0.25,0.75,-0.003998436755500734,2.1605409383773804,0.026305339019745588,-3.1117766857147218,0.013035162509186193,0.08758670091629028,0.06444237381219864,0.10857286304235458,1.0
717,1468416,4,0,0,4,0.0,0.0,1.0,-0.0005996257299557328,0.19398410767316818,0.027388702798634767,-3.117155337333679,0.006768340669805184,0.0875294953584671,0.06457410007715225,0.10827447474002838,1.0
718,1470464,8,0,0,8,0.0,0.0,1.0,-0.0033683069981634618,0.34005095064640045,0.02785481670871377,-3.1175711393356322,0.013063376798527315,0.08746378123760223,0.06456279009580612,0.10804081708192825,1.0
719,1472512,4,0,1,3,0.0,0.25,0.75,-0.0012003015261143446,2.218470883369446,0.029114150907844305,-3.119350028038025,0.017943003791151567,0.08744727075099945,0.06460101902484894,0.10799729824066162,1.0
720,1474560,6,0,0,6,0.0,0.0,1.0,-0.0033434164943173528,0.13334811814129352,0.024931912031024694,-3.1196068286895753,0.011129863158566877,0.08740101754665375,0.06452631950378418,0.10778030008077621,1.0
721,1476608,6,0,0,6,0.0,0.0,1.0,-0.002062995615415275,0.5029797121882439,0.025723434798419476,-3.121679401397705,0.005711671529570595,0.08731281757354736,0.06449107825756073,0.10724523663520813,1.0
722,1478656,5,0,0,5,0.0,0.0,1.0,-0.00288102594204247,0.347852298617363,0.02583183692768216,-3.1227811336517335,0.005989193008281291,0.0873052179813385,0.06449788063764572,0.10700713843107224,1.0
723,1480704,5,0,1,4,0.0,0.2,0.8,-0.0007025290513411164,2.267757296562195,0.03264000583440065,-3.1232176542282106,0.005347076244652272,0.08725305646657944,0.06450635194778442,0.10716387629508972,1.0
724,1482752,7,0,0,7,0.0,0.0,1.0,-0.0019449053099378944,0.423642398416996,0.030176096875220538,-3.1258524894714355,0.01003053728491068,0.08715414255857468,0.06457675248384476,0.10702002793550491,1.0
725,1484800,6,0,0,6,0.0,0.0,1.0,0.0012637410080060362,0.46882285475730895,0.03466712329536677,-3.127630615234375,0.013958554179407657,0.08714856952428818,0.06462913006544113,0.10703819245100021,1.0
726,1486848,6,0,1,5,0.0,0.16666666666666666,0.8333333333333334,-0.00021730519365519284,1.9803756773471832,0.03262322852388024,-3.125430870056152,0.016131409583613275,0.08728151023387909,0.06475573778152466,0.10735231637954712,1.0
727,1488896,4,0,0,4,0.0,0.0,1.0,-0.0026583370985463262,0.1399171121418476,0.021580506674945356,-3.121748757362366,0.013409493362996728,0.08732827752828598,0.06477012485265732,0.10743212699890137,1.0
728,1490944,5,0,0,5,0.0,0.0,1.0,-0.0006545763462781906,0.10837271548807621,0.022926649637520315,-3.119305443763733,0.002894331410061568,0.08749579638242722,0.0648093894124031,0.10750238597393036,1.0
729,1492992,4,0,0,4,0.0,0.0,1.0,-0.002500226115807891,0.2898942559957504,0.025685136672109365,-3.1161303758621215,0.010726963914930821,0.08740269392728806,0.06469596177339554,0.10732529312372208,1.0
730,1495040,7,0,0,7,0.0,0.0,1.0,0.0019041309133172035,0.3031758040189743,0.024618755094707012,-3.1210511922836304,0.019972340506501495,0.08730380982160568,0.06463730335235596,0.1072390228509903,1.0
731,1497088,7,0,0,7,0.0,0.0,1.0,-0.00010842904448509217,0.2680323958396912,0.025523316115140915,-3.125349259376526,0.006466013909084722,0.0871075689792633,0.06442560255527496,0.10700862109661102,1.0
732,1499136,7,0,1,6,0.0,0.14285714285714285,0.8571428571428571,-0.0019016353413462638,2.3506095886230467,0.029945474304258823,-3.133812355995178,0.007791471085511148,0.08689287304878235,0.06411589682102203,0.10696999728679657,1.0
733,1501184,4,0,0,4,0.0,0.0,1.0,-0.002497604605741799,0.1937636263668537,0.022997104655951263,-3.1418012619018554,0.008671668788883835,0.08668771386146545,0.06387287378311157,0.10699976980686188,1.0
734,1503232,4,0,0,4,0.0,0.0,1.0,-0.003358116000890732,0.13157281912863256,0.02395592853426933,-3.148251175880432,0.006248091108864174,0.08655311912298203,0.06388223171234131,0.10668957233428955,1.0
735,1505280,6,0,0,6,0.0,0.0,1.0,-0.0005291985580697656,0.2239717237651348,0.0237027938477695,-3.151738500595093,0.006854164996184409,0.0864282101392746,0.0636608898639679,0.10655046999454498,1.0
736,1507328,5,0,0,5,0.0,0.0,1.0,-0.004605541122145951,0.31946897208690644,0.02355895107612014,-3.1590457916259767,0.007429985661292449,0.08616809546947479,0.06340347230434418,0.10636764764785767,1.0
737,1509376,7,0,0,7,0.0,0.0,1.0,-5.232931580394507e-05,0.4164791628718376,0.026530345529317857,-3.1670354127883913,0.009440893196733668,0.08606261014938354,0.06330607086420059,0.10636241734027863,1.0
738,1511424,8,0,0,8,0.0,0.0,1.0,-0.001977653265930712,0.566392308473587,0.02504957001656294,-3.1700436592102053,0.006699275539722294,0.08594931662082672,0.06316103041172028,0.10625915974378586,1.0
739,1513472,3,0,0,3,0.0,0.0,1.0,-0.0007225201930850744,0.3497632250189781,0.02616041200235486,-3.173024797439575,0.006747550773434341,0.08594971150159836,0.06317456811666489,0.10624545812606812,1.0
740,1515520,4,0,1,3,0.0,0.25,0.75,0.0010808558203279973,2.1251411736011505,0.02839333303272724,-3.176163983345032,0.013487706246087328,0.0856248140335083,0.06304611265659332,0.1055087149143219,1.0
741,1517568,7,0,0,7,0.0,0.0,1.0,0.001005403744056821,0.292983441054821,0.0268997086212039,-3.186489963531494,0.008378118911059574,0.08546608686447144,0.06288160383701324,0.105413518846035,1.0
742,1519616,5,0,1,4,0.0,0.2,0.8,0.0009079226292669773,2.0359568655490876,0.02858812641352415,-3.1883320808410645,0.005773306213086471,0.08551579713821411,0.06295663863420486,0.10559118539094925,1.0
743,1521664,6,0,0,6,0.0,0.0,1.0,-0.0012195610324852169,0.35711717903614043,0.02501797154545784,-3.187162661552429,0.011458719428628684,0.08546864986419678,0.06299769133329391,0.10552229732275009,1.0
744,1523712,7,0,0,7,0.0,0.0,1.0,8.81509156897664e-05,0.41162621080875395,0.02283965591341257,-3.1875279903411866,0.013121076102834195,0.08557644486427307,0.06304198503494263,0.1057349294424057,1.0
745,1525760,3,0,0,3,0.0,0.0,1.0,-0.0010434015886858106,0.558304950594902,0.024681898951530456,-3.184184432029724,0.005381253315135837,0.0855478048324585,0.06309345364570618,0.10568134486675262,1.0
746,1527808,7,0,1,6,0.0,0.14285714285714285,0.8571428571428571,0.0015487983822822572,2.2915073573589324,0.02902015410363674,-3.186060905456543,0.01028544523869641,0.08556743711233139,0.06301254779100418,0.10584568232297897,1.0
747,1529856,9,0,1,8,0.0,0.1111111111111111,0.8888888888888888,-0.002250899747014046,1.729710465669632,0.028060991130769253,-3.185447597503662,0.01304292282438837,0.08551865071058273,0.06308232247829437,0.10559815913438797,1.0
748,1531904,4,0,1,3,0.0,0.25,0.75,-0.000847212877124548,1.4585668176412583,0.02481583096086979,-3.186857724189758,0.014626796549418942,0.08550901710987091,0.06305290758609772,0.10550512373447418,1.0
749,1533952,4,0,0,4,0.0,0.0,1.0,-0.0023529170313850043,0.2454992152750492,0.024513434898108245,-3.189580535888672,0.007714533229591325,0.08529745787382126,0.06282242387533188,0.10535106062889099,1.0
750,1536000,6,0,0,6,0.0,0.0,1.0,-0.0013855871977284551,0.34043915271759034,0.02365004401654005,-3.1985226392745973,0.00520949445781298,0.08506914228200912,0.0628800019621849,0.10507362335920334,1.0
751,1538048,3,0,0,3,0.0,0.0,1.0,-0.0028937294613569976,0.31903932690620423,0.025080524478107692,-3.204283666610718,0.005839693150483072,0.0848877876996994,0.06283802539110184,0.10482960194349289,1.0
752,1540096,9,0,2,7,0.0,0.2222222222222222,0.7777777777777778,0.0007866543950513005,4.025148642063141,0.030044743977487087,-3.2111432552337646,0.013509842485655099,0.08465062081813812,0.06278535723686218,0.10449276864528656,1.0
753,1542144,8,0,0,8,0.0,0.0,1.0,-0.00046071517281234267,0.2522673234343529,0.023697120975703,-3.2188803911209107,0.012380430183839053,0.08449213206768036,0.06258800625801086,0.10438355058431625,1.0
754,1544192,4,0,0,4,0.0,0.0,1.0,0.0006911212345585227,0.3510222673416138,0.022817438840866087,-3.2249837636947634,0.005566435493528843,0.08426107466220856,0.06244484707713127,0.10387364774942398,1.0
755,1546240,3,0,0,3,0.0,0.0,1.0,0.0003175717545673251,0.5338061138987541,0.024769398476928474,-3.2327417612075804,0.007831660093506798,0.0840463787317276,0.06239265576004982,0.1033584475517273,1.0
756,1548288,5,0,0,5,0.0,0.0,1.0,0.000376765476539731,0.27412916645407676,0.02489076731726527,-3.2389020681381226,0.009820846898946911,0.08386185020208359,0.06209965795278549,0.10286417603492737,1.0
757,1550336,5,0,0,5,0.0,0.0,1.0,-0.0010955935809761285,0.29233294278383254,0.02397630354389548,-3.2459309339523315,0.0069737148063722994,0.08365880697965622,0.06187209486961365,0.10243642330169678,1.0
758,1552384,8,0,0,8,0.0,0.0,1.0,0.0002820412628352642,0.09881101809442043,0.023041630536317824,-3.254758095741272,0.010193003714084626,0.08338558673858643,0.06148725375533104,0.10197501629590988,1.0
759,1554432,9,0,0,9,0.0,0.0,1.0,-0.0034823991358280183,0.14539211690425874,0.021661519631743432,-3.264253830909729,0.007553919847123325,0.08321847021579742,0.06126558780670166,0.1017971783876419,1.0
760,1556480,3,0,1,2,0.0,0.3333333333333333,0.6666666666666666,0.0006516542751342058,2.1182705760002136,0.026433120761066676,-3.266465950012207,0.012882165843620896,0.0832977443933487,0.061279334127902985,0.1020628958940506,1.0
761,1558528,6,0,2,4,0.0,0.3333333333333333,0.6666666666666666,-0.0017323458567261695,3.8638723731040954,0.03157931054010987,-3.263309645652771,0.013319469115231186,0.08336391299962997,0.06133615970611572,0.10215413570404053,1.0
762,1560576,5,0,1,4,0.0,0.2,0.8,-0.0003298230934888124,2.169805425405502,0.027040066197514534,-3.263358473777771,0.012230776360956952,0.08331559598445892,0.06103331223130226,0.1022728905081749,1.0
763,1562624,5,0,0,5,0.0,0.0,1.0,-0.0045511187752708794,0.13637959249317647,0.02346111899241805,-3.2689423322677613,0.00781924455659464,0.08313795924186707,0.06077970936894417,0.10220279544591904,1.0
764,1564672,6,0,0,6,0.0,0.0,1.0,-0.002802517334930599,0.14807891920208932,0.024800680018961428,-3.2753363847732544,0.00920416807057336,0.0829748809337616,0.06084626168012619,0.10185170918703079,1.0
765,1566720,7,0,0,7,0.0,0.0,1.0,-0.001205353031400591,0.33352105170488355,0.024280720204114915,-3.279667925834656,0.014886070607462897,0.08284167945384979,0.060818590223789215,0.10153830051422119,1.0
766,1568768,5,0,1,4,0.0,0.2,0.8,0.003959509823471308,0.7612083792686463,0.023423215933144094,-3.2815444469451904,0.019625559845007957,0.08285348117351532,0.0610087513923645,0.10133235156536102,1.0
767,1570816,7,0,0,7,0.0,0.0,1.0,0.0014733149204403163,0.4115347445011139,0.02362430151551962,-3.2788477420806883,0.014889446925371886,0.08291177451610565,0.06109488010406494,0.10130730271339417,1.0
768,1572864,3,0,0,3,0.0,0.0,1.0,-0.0007157539017498493,0.34985226690769194,0.02274830499663949,-3.2798409938812254,0.0074692760012112554,0.08278744667768478,0.060884878039360046,0.10153114050626755,1.0
769,1574912,4,0,0,4,0.0,0.0,1.0,-0.0017207626020535826,0.2849578715860844,0.02492603762075305,-3.2862925052642824,0.0060710028745234014,0.08265623450279236,0.06054464727640152,0.10166140645742416,1.0
770,1576960,6,0,0,6,0.0,0.0,1.0,-0.0030953232664614914,0.3112130880355835,0.0247156604193151,-3.2923832654953005,0.009642200625967235,0.08256276696920395,0.06032991781830788,0.10192606598138809,1.0
771,1579008,9,0,0,9,0.0,0.0,1.0,-0.00045490008778870106,0.31100634932518006,0.023560310062021018,-3.2964473485946657,0.0036749732971657068,0.08247232437133789,0.06027780473232269,0.10216556489467621,1.0
772,1581056,3,0,0,3,0.0,0.0,1.0,0.00033941781148314474,0.23671159893274307,0.025742441415786743,-3.302574062347412,0.014775753201683983,0.08221767842769623,0.06011708453297615,0.10192225128412247,1.0
773,1583104,8,0,0,8,0.0,0.0,1.0,0.0002978186123073101,0.20115631744265555,0.026260329876095057,-3.310882306098938,0.008528571075294167,0.08206181973218918,0.06001411750912666,0.10177858918905258,1.0
774,1585152,3,0,0,3,0.0,0.0,1.0,-0.0003670762293040752,0.22031996995210648,0.02381109967827797,-3.3170053720474244,0.006526947516249493,0.08187374472618103,0.05964785814285278,0.10146331042051315,1.0
775,1587200,4,0,0,4,0.0,0.0,1.0,-0.00017985338345170022,0.1342124745249748,0.026056281849741937,-3.3231495141983034,0.011063438025303185,0.08183971047401428,0.05947430804371834,0.10133025050163269,1.0
776,1589248,6,0,0,6,0.0,0.0,1.0,0.007296449807472527,0.21812070161104202,0.02340870928019285,-3.324155330657959,0.017624305916251616,0.08176904916763306,0.05939144641160965,0.10134366154670715,1.0
777,1591296,8,0,0,8,0.0,0.0,1.0,0.004521944746375084,0.25052435621619223,0.02180705051869154,-3.327256107330322,0.012626345682656392,0.08172215521335602,0.059338778257369995,0.10118044912815094,1.0
778,1593344,6,1,0,5,0.16666666666666666,0.0,0.8333333333333334,-0.0014293358661234378,0.5288934990763664,0.02629473488777876,-3.3251131772994995,0.012358675454743206,0.08191870152950287,0.05943191424012184,0.10141760110855103,1.0
779,1595392,7,0,0,7,0.0,0.0,1.0,-0.0023938219528645277,0.46237988620996473,0.027278480399399996,-3.319147562980652,0.010327655414585024,0.08197422325611115,0.059453342109918594,0.10151424258947372,1.0
780,1597440,2,0,0,2,0.0,0.0,1.0,0.002130787749774754,0.28151473104953767,0.02972202021628618,-3.3193196773529055,0.008779593999497593,0.08196559548377991,0.05943847447633743,0.10163798928260803,1.0
781,1599488,8,0,2,6,0.0,0.25,0.75,-0.0005509292706847191,3.503247928619385,0.033634228818118575,-3.3214399814605713,0.010700413642916828,0.08186851441860199,0.05915531888604164,0.10159402340650558,1.0
782,1601536,6,0,2,4,0.0,0.3333333333333333,0.6666666666666666,-0.000801320094615221,3.788135516643524,0.03205083683133125,-3.3259171724319456,0.006732629297766834,0.0818171352148056,0.059111710637807846,0.10164179652929306,1.0
783,1603584,7,0,0,7,0.0,0.0,1.0,-0.0027790432795882225,0.22481193020939827,0.026698107179254294,-3.3273808002471923,0.008402781415497884,0.08174502104520798,0.05911356955766678,0.10159441828727722,1.0
784,1605632,4,0,0,4,0.0,0.0,1.0,-0.0029966469621285794,0.20514359846711158,0.027230557799339295,-3.3283042192459105,0.008111886779079213,0.08182598650455475,0.05921146646142006,0.10180079191923141,1.0
785,1607680,6,0,0,6,0.0,0.0,1.0,0.0007117577828466892,0.1371863715350628,0.026661561522632837,-3.3265482664108275,0.004114927718183026,0.08175568282604218,0.059119634330272675,0.10175716131925583,1.0
786,1609728,1,0,0,1,0.0,0.0,1.0,-0.0003684213384985924,0.09600997380912304,0.02560739414766431,-3.3314715385437013,0.008070411672815681,0.08158287405967712,0.05904287472367287,0.10140024125576019,1.0
787,1611776,8,0,0,8,0.0,0.0,1.0,0.007704762136563658,0.17255909219384194,0.027749529294669627,-3.3388224124908445,0.020917776366695763,0.08132769167423248,0.05893375352025032,0.10095483809709549,1.0
788,1613824,8,0,0,8,0.0,0.0,1.0,0.0017312539974227547,0.29848468899726865,0.028260470367968082,-3.3459694147109986,0.014788881654385477,0.08119326084852219,0.05882107466459274,0.10069728642702103,1.0
789,1615872,6,0,0,6,0.0,0.0,1.0,-0.0003733311546966434,0.17527817711234092,0.03055239375680685,-3.350647807121277,0.007790657161967829,0.08107134699821472,0.05868466943502426,0.10062658786773682,1.0
790,1617920,3,0,0,3,0.0,0.0,1.0,-0.00255821889732033,0.1793252594769001,0.031118372362107037,-3.356857109069824,0.013052441389299929,0.0808415338397026,0.058576542884111404,0.10033341497182846,1.0
791,1619968,6,0,0,6,0.0,0.0,1.0,-0.0010142715414986013,0.24649716913700104,0.029755750205367804,-3.366213059425354,0.011235689191380516,0.08058050274848938,0.05840114876627922,0.10006565600633621,1.0
792,1622016,5,0,0,5,0.0,0.0,1.0,-0.0022972927428781985,0.06360516082495452,0.025981662888079883,-3.375640606880188,0.007360033883014694,0.08032788336277008,0.05813945084810257,0.09985975921154022,1.0
793,1624064,5,0,1,4,0.0,0.2,0.8,0.0013133896165527404,2.257237362861633,0.02591454666107893,-3.3822433948516846,0.011330083996290341,0.0803307294845581,0.05813509225845337,0.09992146492004395,1.0
794,1626112,9,0,0,9,0.0,0.0,1.0,-0.002457899088039994,0.2157387461513281,0.026133203972131015,-3.3815383195877073,0.010903701820643619,0.08027796447277069,0.05805114656686783,0.1000496968626976,1.0
795,1628160,5,0,0,5,0.0,0.0,1.0,0.001459647878073156,0.10222709327936172,0.022112182807177305,-3.387327790260315,0.006131015159189701,0.0800829753279686,0.05796658992767334,0.0997181311249733,1.0
796,1630208,4,0,0,4,0.0,0.0,1.0,-0.00033616470173001287,0.2043769009411335,0.027422858867794275,-3.395066666603088,0.007856902765342965,0.0797913670539856,0.05787031725049019,0.09913928806781769,1.0
797,1632256,6,0,2,4,0.0,0.3333333333333333,0.6666666666666666,-0.0012280008988454938,3.84722763299942,0.031325692776590586,-3.4032422304153442,0.008396832516882568,0.07968109846115112,0.05783861503005028,0.09923501312732697,1.0
798,1634304,7,0,1,6,0.0,0.14285714285714285,0.8571428571428571,-0.0017051153583452106,0.34676365852355956,0.026355502661317587,-3.4058182001113892,0.009345308865886182,0.07962897419929504,0.05776633322238922,0.0992252379655838,1.0
799,1636352,6,0,1,5,0.0,0.16666666666666666,0.8333333333333334,-0.001773835369385779,2.0791860699653624,0.02636076873168349,-3.4080001592636107,0.016737241309601813,0.079607754945755,0.05771615356206894,0.09929271787405014,1.0
800,1638400,7,0,0,7,0.0,0.0,1.0,7.694109808653593e-05,0.20411797389388084,0.026232344936579464,-3.4110459089279175,0.007038087886758149,0.07946544140577316,0.057453639805316925,0.09931991994380951,1.0
801,1640448,5,0,1,4,0.0,0.2,0.8,0.0006432351656258106,2.0620702505111694,0.028372912760823966,-3.4188355922698976,0.01259077488211915,0.07923996448516846,0.05739307031035423,0.09905149787664413,1.0
802,1642496,3,0,0,3,0.0,0.0,1.0,-8.064900757744908e-05,0.23511203080415727,0.02746736751869321,-3.4256303310394287,0.007663281919667498,0.07910394668579102,0.05731906369328499,0.09872523695230484,1.0
803,1644544,5,0,0,5,0.0,0.0,1.0,-0.0018817257485352456,0.3406371608376503,0.032299662660807374,-3.429786539077759,0.012197464279597624,0.07900390028953552,0.05711204186081886,0.09867426753044128,1.0
804,1646592,6,0,0,6,0.0,0.0,1.0,-0.0015536715975031257,0.36239928007125854,0.03414985109120607,-3.432578921318054,0.008884586789645255,0.07904322445392609,0.05717119947075844,0.0989251360297203,1.0
805,1648640,6,0,0,6,0.0,0.0,1.0,0.0034473513485863807,0.2537742584943771,0.0318405132740736,-3.431710457801819,0.011889423447428271,0.07898806035518646,0.05711807310581207,0.09885410219430923,1.0
806,1650688,8,0,0,8,0.0,0.0,1.0,-0.0008145142579451204,0.13024050705134868,0.02698198352009058,-3.435315227508545,0.012475562078179792,0.07886479794979095,0.057025860995054245,0.0987643450498581,1.0
807,1652736,4,0,0,4,0.0,0.0,1.0,-2.295426093041897e-05,0.2360709734261036,0.027560488600283862,-3.4409910678863525,0.014380202576285228,0.07867515087127686,0.0571073479950428,0.09848589450120926,1.0
808,1654784,5,0,0,5,0.0,0.0,1.0,-0.0005492259748280049,0.20290887951850892,0.03621160220354795,-3.4458938121795653,0.005005559744313359,0.07859590649604797,0.057125333696603775,0.09845370054244995,1.0
809,1656832,4,0,1,3,0.0,0.25,0.75,0.0001227916218340397,1.8964133441448212,0.03617633376270533,-3.446808409690857,0.013682924478780478,0.07863912731409073,0.05708284303545952,0.09862158447504044,1.0
810,1658880,7,0,1,6,0.0,0.14285714285714285,0.8571428571428571,0.0016661228844895958,2.098458653688431,0.04121226817369461,-3.4452028036117555,0.010204777482431381,0.07873022556304932,0.056816283613443375,0.09899728745222092,1.0
811,1660928,7,0,1,6,0.0,0.14285714285714285,0.8571428571428571,-0.0005766364512965084,0.7563058823347092,0.03736258018761873,-3.4443103313446044,0.01318221385590732,0.07879272103309631,0.056708924472332,0.0992758572101593,1.0
812,1662976,7,0,1,6,0.0,0.14285714285714285,0.8571428571428571,-0.003692882147151977,2.2470317006111147,0.03782438971102238,-3.4440053939819335,0.015627770987339317,0.07873666286468506,0.056759774684906006,0.09909098595380783,1.0
813,1665024,5,0,0,5,0.0,0.0,1.0,-0.0013178527588024735,0.3750815182924271,0.032200579158961774,-3.4468809843063353,0.011237017344683409,0.07860730588436127,0.05680845305323601,0.09867195785045624,1.0
814,1667072,4,0,0,4,0.0,0.0,1.0,-0.0010861235787160695,0.3809639126062393,0.03679479230195284,-3.4501895189285277,0.008798159507568926,0.0785059779882431,0.056772056967020035,0.09830591082572937,1.0
815,1669120,3,0,0,3,0.0,0.0,1.0,-0.0017926346510648728,0.525450485944748,0.03563309330493212,-3.453172206878662,0.008693501784000546,0.07841558754444122,0.0567537359893322,0.09828554838895798,1.0
816,1671168,9,0,0,9,0.0,0.0,1.0,-0.0005049120634794235,0.3919334813952446,0.03570609502494335,-3.456768274307251,0.0063258554437197745,0.07835568487644196,0.05665093660354614,0.09829934686422348,1.0
817,1673216,5,0,0,5,0.0,0.0,1.0,-0.0008184439968317748,0.28592364862561226,0.02807097965851426,-3.4572842836380007,0.01623982647433877,0.07837310433387756,0.056797876954078674,0.09803348779678345,1.0
818,1675264,7,0,0,7,0.0,0.0,1.0,0.0009930905885994433,0.44659696221351625,0.02862456049770117,-3.4557647943496703,0.006143716530641541,0.07835445553064346,0.05682973563671112,0.09782139956951141,1.0
819,1677312,5,0,1,4,0.0,0.2,0.8,-0.0019780653761699795,2.0958475887775423,0.03325586477294564,-3.458479976654053,0.00469680181122385,0.07821571081876755,0.056652382016181946,0.09752695262432098,1.0
820,1679360,4,0,0,4,0.0,0.0,1.0,0.0021954476600512863,0.1957368202507496,0.0364380257204175,-3.4641306161880494,0.01044876080704853,0.07809576392173767,0.056515224277973175,0.09757335484027863,1.0
821,1681408,3,0,0,3,0.0,0.0,1.0,-0.00016005027573555707,0.18777308166027068,0.039850132539868355,-3.4688514947891234,0.015659080620389433,0.07798148691654205,0.056451402604579926,0.09760143607854843,1.0
822,1683456,8,0,0,8,0.0,0.0,1.0,-0.002085596602410078,0.3598390445113182,0.037580258958041665,-3.473051834106445,0.009617261681705713,0.07791848480701447,0.05634366348385811,0.09761865437030792,1.0
823,1685504,8,0,0,8,0.0,0.0,1.0,-0.001865273481234908,0.18038362637162209,0.030530483368784188,-3.47705237865448,0.007957044744398446,0.07775392383337021,0.056279875338077545,0.09743931144475937,1.0
824,1687552,6,0,0,6,0.0,0.0,1.0,0.0002147418214008212,0.2545198567211628,0.030190512910485266,-3.4873342990875242,0.007723694370361045,0.07731896638870239,0.05616438388824463,0.09694435447454453,1.0
825,1689600,5,0,2,3,0.0,0.4,0.6,-0.0030329034896567466,4.11582236289978,0.034645434468984604,-3.5013132810592653,0.005609168572118506,0.07709556818008423,0.0561964325606823,0.09654886275529861,1.0
826,1691648,5,0,0,5,0.0,0.0,1.0,-0.0014819111907854675,0.21779427230358123,0.034990880824625495,-3.5025705099105835,0.009236376849003136,0.07718317210674286,0.05624036118388176,0.09654536098241806,1.0
827,1693696,5,1,1,3,0.2,0.2,0.6,0.0011445001699030399,2.278978627920151,0.03517343234270811,-3.49977502822876,0.005147205467801541,0.07721371948719025,0.0560377798974514,0.09660448879003525,1.0
828,1695744,5,0,0,5,0.0,0.0,1.0,-0.0016610293183475732,0.36337342858314514,0.030789607856422662,-3.501431703567505,0.014788340323138981,0.07716510444879532,0.05588313937187195,0.0967479720711708,1.0
829,1697792,6,0,0,6,0.0,0.0,1.0,-0.0010170069988816976,0.3310702756047249,0.030289507750421763,-3.5045886754989626,0.0039022299053613095,0.0771009624004364,0.055871132761240005,0.09680008888244629,1.0
830,1699840,6,0,0,6,0.0,0.0,1.0,-0.00020628185011446477,0.20763821005821229,0.025491517689079046,-3.506399631500244,0.004779771325411275,0.07712087035179138,0.0557691752910614,0.09704723954200745,1.0
831,1701888,6,0,1,5,0.0,0.16666666666666666,0.8333333333333334,-0.0015788542106747628,1.9915408790111542,0.027298010792583226,-3.5091601848602294,0.012258980050683021,0.07694247364997864,0.0555896982550621,0.09718059748411179,1.0
832,1703936,7,0,0,7,0.0,0.0,1.0,-0.0033771905582398176,0.10255315862596034,0.023764011170715093,-3.518771600723267,0.011328296712599694,0.07670295238494873,0.05549686774611473,0.09691289812326431,1.0
833,1705984,7,0,1,6,0.0,0.14285714285714285,0.8571428571428571,0.0002355575328692794,2.3884417355060577,0.030883441027253867,-3.5270770311355593,0.010859225562307983,0.07652873545885086,0.05553096532821655,0.09675948321819305,1.0
834,1708032,5,0,2,3,0.0,0.4,0.6,-0.0018815301824361085,3.064958870410919,0.025585341919213533,-3.530145597457886,0.010420677665388211,0.07649891823530197,0.05563487112522125,0.09672842919826508,1.0
835,1710080,5,0,0,5,0.0,0.0,1.0,-0.0019493190804496408,0.24459711462259293,0.026385303214192392,-3.5298537492752073,0.012057709490181878,0.07650157809257507,0.05563253536820412,0.09652404487133026,1.0
836,1712128,4,0,0,4,0.0,0.0,1.0,-0.0022651121951639654,0.14184963330626488,0.024664163682609798,-3.5309656381607057,0.015327064413577318,0.07641120254993439,0.05548228695988655,0.09634693711996078,1.0
837,1714176,6,0,1,5,0.0,0.16666666666666666,0.8333333333333334,0.0006632510107010603,1.788641494512558,0.025515427999198436,-3.535489559173584,0.01344449925236404,0.07630971074104309,0.055377740412950516,0.09614269435405731,1.0
838,1716224,6,0,0,6,0.0,0.0,1.0,0.0014473502757027744,0.5185777544975281,0.026866309437900783,-3.5395126342773438,0.015058217698242515,0.07619519531726837,0.05527396872639656,0.09587670862674713,1.0
839,1718272,9,0,1,8,0.0,0.1111111111111111,0.8888888888888888,-0.00043352062348276375,2.267869645357132,0.027729444764554502,-3.53998122215271,0.014073610346531495,0.07632226496934891,0.05536878854036331,0.09584753960371017,1.0
840,1720320,3,0,0,3,0.0,0.0,1.0,0.0036023556254804134,0.24733290895819665,0.02306290194392204,-3.5347488641738893,0.01421808487502858,0.07636309415102005,0.05536140874028206,0.09591978043317795,1.0
841,1722368,6,0,0,6,0.0,0.0,1.0,0.0027277931687422095,0.14025289490818976,0.02444567559286952,-3.5373117923736572,0.012753691937541589,0.07620469480752945,0.055268775671720505,0.09563396126031876,1.0
842,1724416,4,0,0,4,0.0,0.0,1.0,-0.0010232239263132214,0.11936529390513897,0.02589129228144884,-3.5445030689239503,0.016178007691632957,0.075985848903656,0.055082567036151886,0.09534602612257004,1.0
843,1726464,6,0,0,6,0.0,0.0,1.0,-0.0006868866505101324,0.19730031713843346,0.026141877472400665,-3.5534905195236206,0.010195106273749843,0.07578104734420776,0.05499163269996643,0.09520691633224487,1.0
844,1728512,4,0,0,4,0.0,0.0,1.0,-0.0004788896767422557,0.17825977131724358,0.027294934540987015,-3.5598395109176635,0.00867450110381469,0.075656458735466,0.054914336651563644,0.09501203894615173,1.0
845,1730560,9,0,0,9,0.0,0.0,1.0,-0.003593476116657257,0.3251056089997292,0.02953612571582198,-3.5646955728530885,0.010341792303370312,0.07557998597621918,0.054741233587265015,0.09520273655653,1.0
846,1732608,4,0,1,3,0.0,0.25,0.75,0.0004084823653101921,1.634226632118225,0.028342485893517733,-3.568973183631897,0.006116149830631912,0.07548059523105621,0.05449385941028595,0.09528565406799316,1.0
847,1734656,6,0,0,6,0.0,0.0,1.0,-8.907117880880832e-05,0.08625145070254803,0.02827438749372959,-3.5752634048461913,0.008341966703301295,0.07531853020191193,0.05442724749445915,0.09515868872404099,1.0
848,1736704,5,0,1,4,0.0,0.2,0.8,0.002123430115170777,2.030933791399002,0.031331333331763744,-3.5815414428710937,0.015020173171069472,0.07515615224838257,0.05427924543619156,0.09493792802095413,1.0
849,1738752,7,0,1,6,0.0,0.14285714285714285,0.8571428571428571,-0.001404054882004857,2.285845768451691,0.03287514261901379,-3.5851601362228394,0.012225236126687378,0.07521836459636688,0.05425531044602394,0.09484121203422546,1.0
850,1740800,4,0,0,4,0.0,0.0,1.0,0.0016671884804964066,0.2992661327123642,0.03094767676666379,-3.5802289724349974,0.012854224292095751,0.07528695464134216,0.0543803870677948,0.09496167302131653,1.0
851,1742848,8,0,1,7,0.0,0.125,0.875,-3.404471790418029e-05,2.1320743203163146,0.0320891248062253,-3.5779454946517943,0.009646876639453694,0.07540179789066315,0.05447354540228844,0.09533336758613586,1.0
852,1744896,6,0,1,5,0.0,0.16666666666666666,0.8333333333333334,-0.0009593490278348327,0.8665474556386471,0.02336499895900488,-3.5742420196533202,0.008950579940574244,0.07544903457164764,0.05447187274694443,0.09546112269163132,1.0
853,1746944,4,0,0,4,0.0,0.0,1.0,-0.0020332223386503754,0.169156826287508,0.02512916922569275,-3.574552822113037,0.010700573975918814,0.07543983310461044,0.054312556982040405,0.09558659046888351,1.0
854,1748992,5,0,0,5,0.0,0.0,1.0,0.001202649436891079,0.2538396380841732,0.027394396532326937,-3.5751157999038696,0.011614690715214237,0.07548303157091141,0.0543435774743557,0.09557726979255676,1.0
855,1751040,7,0,2,5,0.0,0.2857142857142857,0.7142857142857143,0.002252692426554859,3.9427029609680178,0.0321861706674099,-3.5720604181289675,0.011213813349604607,0.07554015517234802,0.05446111410856247,0.09569316357374191,1.0
856,1753088,5,0,0,5,0.0,0.0,1.0,0.0018850896973162889,0.22969517782330512,0.027326856181025504,-3.5715062379837037,0.010281669965479523,0.07554205507040024,0.054316647350788116,0.09594155848026276,1.0
857,1755136,9,0,1,8,0.0,0.1111111111111111,0.8888888888888888,0.004294112371280789,2.0722923815250396,0.03158578611910343,-3.573417639732361,0.01973274316987954,0.07548672705888748,0.05422439053654671,0.09591668844223022,1.0
858,1757184,5,0,0,5,0.0,0.0,1.0,-0.001394939050078392,0.39543459862470626,0.02410250697284937,-3.5774343729019167,0.005388791183941066,0.07533286511898041,0.054153889417648315,0.09572161734104156,1.0
859,1759232,2,0,0,2,0.0,0.0,1.0,0.0017760746646672486,0.29175086319446564,0.024329362064599992,-3.585402226448059,0.012543008412467315,0.07508544623851776,0.05403459072113037,0.09544137120246887,1.0
860,1761280,4,0,0,4,0.0,0.0,1.0,-0.0035340699017979206,0.37123767882585523,0.025920041371136904,-3.593634295463562,0.01035913680680096,0.07495288550853729,0.05400286987423897,0.09536287188529968,1.0
861,1763328,8,0,0,8,0.0,0.0,1.0,0.002513177040964365,0.3884818896651268,0.027176488563418387,-3.5977078676223755,0.01586369497817941,0.07482300698757172,0.053923990577459335,0.09524574130773544,1.0
862,1765376,7,0,2,5,0.0,0.2857142857142857,0.7142857142857143,0.0006969294394366443,3.508934462070465,0.027934277709573508,-3.603600788116455,0.0067170010996051134,0.07470083236694336,0.0538489855825901,0.09529728442430496,1.0
863,1767424,8,0,0,8,0.0,0.0,1.0,-0.0014049903489649295,0.47011433243751527,0.023286397382616997,-3.611043357849121,0.008173462725244463,0.07441204786300659,0.05364958569407463,0.09482673555612564,1.0
864,1769472,4,0,0,4,0.0,0.0,1.0,0.0006832440500147641,0.16181683763861657,0.02311330530792475,-3.6211987495422364,0.009316413261694833,0.0742405503988266,0.05355951189994812,0.094345323741436,1.0
865,1771520,4,0,1,3,0.0,0.25,0.75,0.0016411941265687346,2.0773532569408415,0.02686870638281107,-3.6236814737319945,0.01155224364483729,0.07425443828105927,0.053536709398031235,0.0942065492272377,1.0
866,1773568,3,0,1,2,0.0,0.3333333333333333,0.6666666666666666,0.00022484250366687774,1.9518979132175445,0.025136688351631166,-3.6194977521896363,0.013842030067462475,0.07443331927061081,0.05361287295818329,0.09442012012004852,1.0
867,1775616,10,0,1,9,0.0,0.1,0.9,0.002007140312343836,1.9944908320903778,0.024313118122518063,-3.6173749923706056,0.011487476946786045,0.07428884506225586,0.053462181240320206,0.0939401164650917,1.0
868,1777664,7,0,0,7,0.0,0.0,1.0,0.0032540927291847765,0.2495161660015583,0.024331660103052856,-3.6234599113464356,0.0130825828993693,0.07417482137680054,0.053422629833221436,0.09350135922431946,1.0
869,1779712,7,0,0,7,0.0,0.0,1.0,-0.0005285954102873802,0.48365361243486404,0.03239478664472699,-3.625565004348755,0.010055740759707988,0.0741180032491684,0.053398165851831436,0.09325379133224487,1.0
870,1781760,3,0,2,1,0.0,0.6666666666666666,0.3333333333333333,-0.0013288078596815466,3.21616336107254,0.032723695412278174,-3.6255306243896483,0.006956238928250968,0.07416129112243652,0.05348178744316101,0.09301050007343292,1.0
871,1783808,4,0,0,4,0.0,0.0,1.0,0.003026420553214848,0.47388878613710406,0.026137390080839394,-3.6234509706497193,0.008551959396572783,0.07413990795612335,0.053493522107601166,0.09282618016004562,1.0
872,1785856,4,0,0,4,0.0,0.0,1.0,0.004225077666342258,0.20709163397550584,0.02959651006385684,-3.6243240356445314,0.014414168940857053,0.07413332909345627,0.05348655581474304,0.09270617365837097,1.0
873,1787904,9,0,0,9,0.0,0.0,1.0,0.0021787188714370133,0.23926444798707963,0.03152529802173376,-3.6258432865142822,0.012494412128580734,0.07401435822248459,0.05341882258653641,0.09241297841072083,1.0
874,1789952,7,0,1,6,0.0,0.14285714285714285,0.8571428571428571,-0.0024641803349368272,1.867367923259735,0.030014199670404196,-3.6291992902755736,0.010588532994734123,0.07399426400661469,0.05345923453569412,0.09229425340890884,1.0
875,1792000,8,1,0,7,0.125,0.0,0.875,-0.00038319972809404136,0.2696940563619137,0.027326531056314707,-3.6289830207824707,0.012968015181832016,0.07398107647895813,0.053400177508592606,0.09232642501592636,1.0
876,1794048,2,0,0,2,0.0,0.0,1.0,0.0019458265509456397,0.34468424767255784,0.03405842427164316,-3.630069899559021,0.010963724495377391,0.07398946583271027,0.05330308526754379,0.09238246828317642,1.0
877,1796096,4,0,2,2,0.0,0.5,0.5,0.00033455505035817623,4.428738605976105,0.04402652513235807,-3.6295975923538206,0.0091674143623095,0.07398486882448196,0.05340145155787468,0.09213565289974213,1.0
878,1798144,5,0,1,4,0.0,0.2,0.8,0.00029228501953184607,2.2710387766361237,0.03437291514128447,-3.629385161399841,0.004570896265795455,0.07395102083683014,0.05336491018533707,0.09209755063056946,1.0
879,1800192,8,0,0,8,0.0,0.0,1.0,0.002730721398256719,0.40073645263910296,0.026933931279927492,-3.6318012952804564,0.01725685367709957,0.07387720048427582,0.05336308851838112,0.09195304661989212,1.0
880,1802240,7,0,0,7,0.0,0.0,1.0,0.0003917724243365228,0.3895597606897354,0.028103435505181552,-3.634992814064026,0.007930742413736879,0.07375798374414444,0.05324742570519447,0.0915672779083252,1.0
881,1804288,6,0,0,6,0.0,0.0,1.0,-0.001085435994900763,0.36527747511863706,0.03138519637286663,-3.639978814125061,0.010130451427539811,0.07366057485342026,0.0530766099691391,0.09156516194343567,1.0
882,1806336,4,0,2,2,0.0,0.5,0.5,-0.0016381339635699987,3.7695189237594606,0.03151419218629599,-3.643156361579895,0.01602787902811542,0.07368152588605881,0.053029365837574005,0.0919097363948822,1.0
883,1808384,6,0,0,6,0.0,0.0,1.0,0.001988576748408377,0.252921062707901,0.027920557651668787,-3.641211223602295,0.013128788908943534,0.0737597718834877,0.05307212099432945,0.09195039421319962,1.0
884,1810432,6,0,1,5,0.0,0.16666666666666666,0.8333333333333334,-0.0014138387981802226,1.710555636882782,0.025340451020747425,-3.639727473258972,0.010625952517148107,0.07374486327171326,0.05281097814440727,0.09190763533115387,1.0
885,1812480,5,0,0,5,0.0,0.0,1.0,-0.003338222880847752,0.1836132824420929,0.023141139931976796,-3.642140030860901,0.01989489629631862,0.07377348095178604,0.052720438688993454,0.09208265691995621,1.0
886,1814528,7,0,0,7,0.0,0.0,1.0,-0.0003400774672627449,0.27609427124261854,0.028245872166007758,-3.6417357683181764,0.011054393247468397,0.07371839880943298,0.05267460271716118,0.09216036647558212,1.0
887,1816576,4,0,0,4,0.0,0.0,1.0,0.004594101663678884,0.47587109059095384,0.03369791312143207,-3.6436790227890015,0.009280377282993867,0.07374119758605957,0.05273641273379326,0.09219713509082794,1.0
888,1818624,4,0,0,4,0.0,0.0,1.0,0.002631036448292434,0.46354216039180757,0.034956245496869084,-3.642453598976135,0.009791690402198582,0.07375931739807129,0.052582237869501114,0.09228873252868652,1.0
889,1820672,8,0,1,7,0.0,0.125,0.875,-0.0005405554780736566,1.6514053046703339,0.029710422735661268,-3.646474552154541,0.013211838796269148,0.0735359713435173,0.05253876745700836,0.09193307906389236,1.0
890,1822720,6,0,0,6,0.0,0.0,1.0,-0.002819259790703654,0.2190432146191597,0.02297502337023616,-3.654111123085022,0.009645226801512762,0.07338990271091461,0.05257033184170723,0.09156880527734756,1.0
891,1824768,5,0,0,5,0.0,0.0,1.0,-0.0009942663135007023,0.2541531793773174,0.02536914525553584,-3.656379961967468,0.010697559476830066,0.07336803525686264,0.05261509492993355,0.09151141345500946,1.0
892,1826816,7,1,1,5,0.14285714285714285,0.14285714285714285,0.7142857142857143,-0.0018784048967063426,2.3976490795612335,0.028983444068580867,-3.6581536769866942,0.006405321205966175,0.0732676237821579,0.05251849442720413,0.09128230065107346,1.0
893,1828864,3,0,0,3,0.0,0.0,1.0,-0.004192952264565975,0.2907543271780014,0.028420806024223567,-3.6626144647598267,0.007786049717105925,0.07317738234996796,0.05240781977772713,0.0911073386669159,1.0
894,1830912,3,0,0,3,0.0,0.0,1.0,-0.0007733580889180303,0.32404485940933225,0.028029109444469215,-3.665507411956787,0.007032699132105335,0.07311244308948517,0.05239419266581535,0.09098836034536362,1.0
895,1832960,9,0,0,9,0.0,0.0,1.0,-0.0007302605314180255,0.15287941247224807,0.023847786523401738,-3.6718504428863525,0.008209418930346147,0.07276588678359985,0.0523960143327713,0.09035087376832962,1.0
896,1835008,7,0,0,7,0.0,0.0,1.0,-0.003794648312032223,0.21827984377741813,0.025115783046931028,-3.6838391780853272,0.011778287845663727,0.07251685857772827,0.05233164504170418,0.08982378989458084,1.0
897,1837056,4,0,0,4,0.0,0.0,1.0,-0.00016981398221105337,0.16884462237358094,0.02430781042203307,-3.6912408828735352,0.012115143123082817,0.07237979024648666,0.05223837122321129,0.08976121246814728,1.0
898,1839104,6,0,0,6,0.0,0.0,1.0,-0.004172527976334095,0.2381158046424389,0.024940560571849346,-3.695126485824585,0.007750990759814158,0.07234057784080505,0.05227838084101677,0.08974388241767883,1.0
899,1841152,4,0,0,4,0.0,0.0,1.0,0.004832394048571586,0.15763594582676888,0.02502301335334778,-3.6955618619918824,0.026445092499488964,0.07233824580907822,0.052288204431533813,0.08980533480644226,1.0
900,1843200,4,0,0,4,0.0,0.0,1.0,-0.0005115442909300327,0.09603453353047371,0.02405167780816555,-3.6955591201782227,0.01182168695377186,0.07232832163572311,0.05232146009802818,0.08983328193426132,1.0
901,1845248,8,0,0,8,0.0,0.0,1.0,-0.0019547522882930935,0.38181681334972384,0.022967091482132673,-3.698390507698059,0.011743102018954232,0.0721542164683342,0.05224227160215378,0.08950355648994446,1.0
902,1847296,7,0,1,6,0.0,0.14285714285714285,0.8571428571428571,-0.001462819124571979,2.5954725801944734,0.026724278554320337,-3.706918740272522,0.012607337930239737,0.07190451771020889,0.05217205733060837,0.08900002390146255,1.0
903,1849344,6,0,0,6,0.0,0.0,1.0,-0.0022760075051337482,0.2635247275233269,0.02242555357515812,-3.715968132019043,0.01137245968566276,0.07169239223003387,0.052129607647657394,0.08860393613576889,1.0
904,1851392,4,0,0,4,0.0,0.0,1.0,0.0015563930850476027,0.29833764880895614,0.026336784847080706,-3.721190667152405,0.007400762347970158,0.07164755463600159,0.05212586745619774,0.08861225843429565,1.0
905,1853440,4,0,1,3,0.0,0.25,0.75,-0.00010730675421655178,1.8196829795837401,0.025017104297876357,-3.72189404964447,0.006600078527117148,0.07164081931114197,0.05213266611099243,0.08876700699329376,1.0
906,1855488,5,0,0,5,0.0,0.0,1.0,-0.0007996392901986838,0.48246312141418457,0.028742335643619298,-3.7226707220077513,0.007105665950803086,0.07161547243595123,0.0522320494055748,0.08862713724374771,1.0
907,1857536,9,0,2,7,0.0,0.2222222222222222,0.7777777777777778,-0.0029044145485386252,3.054638087749481,0.030830235127359627,-3.7213377952575684,0.01410878099850379,0.07164373248815536,0.05244629457592964,0.08856788277626038,1.0
908,1859584,7,0,0,7,0.0,0.0,1.0,0.00014706992078572512,0.5157088920474052,0.032128970604389906,-3.721476149559021,0.0073129428492393345,0.07151594012975693,0.052444618195295334,0.08847629278898239,1.0
909,1861632,5,0,1,4,0.0,0.2,0.8,0.0008814348373562097,2.132556790113449,0.038491215929389,-3.7298078298568726,0.008164003508863971,0.07122926414012909,0.0523214265704155,0.08791280537843704,1.0
910,1863680,7,0,2,5,0.0,0.2857142857142857,0.7142857142857143,0.0017976413713768125,2.534820294380188,0.025626817531883717,-3.740539860725403,0.010844956105574965,0.07102828472852707,0.05214153975248337,0.08736177533864975,1.0
911,1865728,3,0,0,3,0.0,0.0,1.0,-0.002997354161925614,0.11830351576209068,0.022574425768107177,-3.746002984046936,0.007243046216899529,0.07094728946685791,0.05197826027870178,0.08712837100028992,1.0
912,1867776,5,0,0,5,0.0,0.0,1.0,-0.0007130943704396486,0.6003292530775071,0.029617713857442142,-3.75130295753479,0.00862532745813951,0.07078008353710175,0.05156317725777626,0.08692712336778641,1.0
913,1869824,7,0,1,6,0.0,0.14285714285714285,0.8571428571428571,-0.00018886965699493885,1.9463201105594634,0.024505013413727284,-3.760148859024048,0.02100225385511294,0.0706358253955841,0.051328033208847046,0.08681116253137589,1.0
914,1871872,6,0,0,6,0.0,0.0,1.0,0.001578523125499487,0.12012632898986339,0.019383538514375687,-3.7650500535964966,0.01618675670470111,0.0705668032169342,0.051389727741479874,0.08653318881988525,1.0
915,1873920,7,0,0,7,0.0,0.0,1.0,-0.000739907450042665,0.09841136559844017,0.021080395299941303,-3.7661887884140013,0.006158436875557527,0.07053297013044357,0.051356520503759384,0.08643974363803864,1.0
916,1875968,6,0,0,6,0.0,0.0,1.0,-0.0011620102915912867,0.1715243563055992,0.021269200928509237,-3.767621159553528,0.0198983927606605,0.07049228250980377,0.05126900225877762,0.08638277649879456,1.0
917,1878016,1,0,0,1,0.0,0.0,1.0,0.0018930526683107018,0.20564889833331107,0.022405370231717826,-3.7725046396255495,0.008649459743173793,0.07031168788671494,0.05100531876087189,0.08635707944631577,1.0
918,1880064,7,0,0,7,0.0,0.0,1.0,0.0027680815197527408,0.6044760435819626,0.030463431589305402,-3.7817193269729614,0.013890344294486568,0.07012753188610077,0.05086306110024452,0.08615720272064209,1.0
919,1882112,7,1,1,5,0.14285714285714285,0.14285714285714285,0.7142857142857143,0.0032063331454992294,2.051733082532883,0.030296404287219046,-3.787715530395508,0.021226321900030598,0.07008697837591171,0.050749972462654114,0.08618000149726868,1.0
920,1884160,5,0,0,5,0.0,0.0,1.0,-0.0023008178686723113,0.2296450085937977,0.027883518021553755,-3.7886189937591555,0.01080922554829158,0.07007946074008942,0.05059075728058815,0.08640918880701065,1.0
921,1886208,8,0,1,7,0.0,0.125,0.875,0.0010421971324831246,2.3651039719581606,0.026343061309307813,-3.789506983757019,0.016156331950332968,0.07012100517749786,0.050560951232910156,0.08643674850463867,1.0
922,1888256,5,0,1,4,0.0,0.2,0.8,0.006518083671107888,1.368669480085373,0.0252643215470016,-3.7882835388183596,0.028327928198268636,0.07012578099966049,0.05053778737783432,0.08645932376384735,1.0
923,1890304,1,0,0,1,0.0,0.0,1.0,0.0013715855428017675,0.31484713554382326,0.02515250016003847,-3.790154814720154,0.009844774939119815,0.07001728564500809,0.05039728432893753,0.08642715215682983,1.0
924,1892352,8,1,0,7,0.125,0.0,0.875,9.934587869793176e-05,0.43990999907255174,0.02550844307988882,-3.7944863080978393,0.008057047496549785,0.0700184628367424,0.050408072769641876,0.08646108955144882,1.0
925,1894400,7,0,0,7,0.0,0.0,1.0,0.006094318069517613,0.25022403448820113,0.024564832262694836,-3.7929004192352296,0.011473634873982518,0.0700349360704422,0.05044587329030037,0.0863637626171112,1.0
926,1896448,5,0,0,5,0.0,0.0,1.0,-0.001897843077313155,0.27982860803604126,0.02822772031649947,-3.795305109024048,0.011986299988348038,0.06984969228506088,0.050328537821769714,0.08609933406114578,1.0
927,1898496,9,0,2,7,0.0,0.2222222222222222,0.7777777777777778,-0.0024448980810120704,4.121177530288696,0.033890980668365954,-3.8025369167327883,0.008522032655309885,0.06977274268865585,0.050278615206480026,0.08602817356586456,1.0
928,1900544,4,0,0,4,0.0,0.0,1.0,-0.0010369219817221165,0.36485785990953445,0.027347987052053213,-3.8038038492202757,0.009997626818949357,0.06975149363279343,0.05034887045621872,0.0859871432185173,1.0
929,1902592,2,0,1,1,0.0,0.5,0.5,-0.005433750292286277,0.7780021846294403,0.023833438660949467,-3.804393482208252,0.01829801552812569,0.06974291801452637,0.05031776428222656,0.08605490624904633,1.0
930,1904640,9,0,1,8,0.0,0.1111111111111111,0.8888888888888888,-0.0006121206097304821,1.7275747299194335,0.025567016564309597,-3.8062820434570312,0.013313247018959373,0.06964817643165588,0.05028694495558739,0.08596576005220413,1.0
931,1906688,7,0,2,5,0.0,0.2857142857142857,0.7142857142857143,0.0026903694961220026,2.950908583402634,0.02288604974746704,-3.811606597900391,0.01609730225172825,0.06948187202215195,0.05021822080016136,0.08585194498300552,1.0
932,1908736,4,0,0,4,0.0,0.0,1.0,-0.0031536271795630454,0.14005865380167962,0.023227492719888686,-3.8180036783218383,0.0052339281246531755,0.06937612593173981,0.05017748102545738,0.08573994785547256,1.0
933,1910784,8,0,0,8,0.0,0.0,1.0,-0.003948172042146325,0.4309340104460716,0.0240900257602334,-3.8206523418426515,0.013800995761994273,0.06934687495231628,0.050112660974264145,0.08569779247045517,1.0
934,1912832,3,0,0,3,0.0,0.0,1.0,0.004067745478823781,0.41581290662288667,0.02767367586493492,-3.8236031532287598,0.013434491900261492,0.06924755126237869,0.049990393221378326,0.08556049317121506,1.0
935,1914880,4,0,1,3,0.0,0.25,0.75,2.746742684394121e-05,2.015980911254883,0.030293076019734144,-3.8268874883651733,0.023259821470128374,0.06922679394483566,0.049928534775972366,0.08544419705867767,1.0
936,1916928,11,0,1,10,0.0,0.09090909090909091,0.9090909090909091,0.0018874734174460172,1.76920345723629,0.02304497268050909,-3.8277880430221556,0.012930155120557174,0.06918174028396606,0.04988754540681839,0.08527542650699615,1.0
937,1918976,4,0,0,4,0.0,0.0,1.0,-0.002004865580238402,0.23989752754569055,0.019522540178149937,-3.83114013671875,0.01585558632505126,0.06906657665967941,0.049726758152246475,0.08499662578105927,1.0
938,1921024,6,0,1,5,0.0,0.16666666666666666,0.8333333333333334,-0.0004445690428838134,2.2365507781505585,0.026293267775326968,-3.8338246822357176,0.007760853017680347,0.06911688297986984,0.0497148297727108,0.0848991870880127,1.0
939,1923072,5,0,0,5,0.0,0.0,1.0,0.0021116896998137234,0.43149601072072985,0.02340043904259801,-3.831146574020386,0.008122925652423873,0.06914949417114258,0.049601126462221146,0.0848727598786354,1.0
940,1925120,4,1,0,3,0.25,0.0,0.75,-0.00045566463377326726,0.5366320908069611,0.023264896403998137,-3.832721138000488,0.007139419537270442,0.06907922029495239,0.049318742007017136,0.08471430093050003,1.0
941,1927168,5,0,0,5,0.0,0.0,1.0,-0.0013348410138860345,0.3315259888768196,0.026157976873219014,-3.839489150047302,0.012594967539189383,0.06889612227678299,0.04914537072181702,0.0843852236866951,1.0
942,1929216,9,1,0,8,0.1111111111111111,0.0,0.8888888888888888,0.0010012822225689889,0.3486721158027649,0.020806143898516892,-3.8439263105392456,0.009616705816006288,0.06894903630018234,0.04913298040628433,0.08443915843963623,1.0
943,1931264,4,0,0,4,0.0,0.0,1.0,0.0008550070924684405,0.26650770753622055,0.018206501193344594,-3.842267155647278,0.007625893771182746,0.06885227560997009,0.04911890998482704,0.08447577059268951,1.0
944,1933312,8,0,0,8,0.0,0.0,1.0,0.0023293210659176113,0.24021464511752127,0.02055056467652321,-3.848880577087402,0.012118211603956297,0.06870558857917786,0.049116238951683044,0.0842868834733963,1.0
945,1935360,3,0,0,3,0.0,0.0,1.0,-0.002781788446009159,0.5001955807209015,0.019665504060685634,-3.8538270473480223,0.009218741633230821,0.06857545673847198,0.04908783733844757,0.08396926522254944,1.0
946,1937408,6,1,1,4,0.16666666666666666,0.16666666666666666,0.6666666666666666,0.0022882691118866205,2.5223668813705444,0.022601211071014406,-3.857275652885437,0.01593987224623561,0.06855764240026474,0.04907660186290741,0.0838702842593193,1.0
947,1939456,4,0,0,4,0.0,0.0,1.0,0.0008948489790782333,0.5298998489975929,0.02491348600015044,-3.862468123435974,0.008421666891081259,0.06823257356882095,0.04891132935881615,0.08320736140012741,1.0
948,1941504,9,0,1,8,0.0,0.1111111111111111,0.8888888888888888,0.0018949133343994617,1.6836408436298371,0.0253662564791739,-3.8738506555557253,0.02086979860323481,0.06813448667526245,0.048743754625320435,0.0829777866601944,1.0
949,1943552,3,0,0,3,0.0,0.0,1.0,0.0008140930440276861,0.4778451308608055,0.025967827904969452,-3.8760451078414917,0.008854020305443555,0.06811627000570297,0.04859057068824768,0.0831182524561882,1.0
950,1945600,8,0,0,8,0.0,0.0,1.0,0.0026721844216808675,0.6122164011001587,0.030526127479970456,-3.878254246711731,0.012322951742680744,0.06810428202152252,0.048458267003297806,0.08322468400001526,1.0
951,1947648,4,0,1,3,0.0,0.25,0.75,-0.0028743076836690307,1.5194362312555314,0.02666710503399372,-3.8789895296096804,0.005064195045270026,0.06809919327497482,0.04843207076191902,0.08318286389112473,1.0
952,1949696,7,0,1,6,0.0,0.14285714285714285,0.8571428571428571,-0.0007197881117463112,2.4174609780311584,0.026588268391788007,-3.877664661407471,0.00936743057682179,0.06817284226417542,0.04849500581622124,0.08311720192432404,1.0
953,1951744,6,0,0,6,0.0,0.0,1.0,-0.00031784940510988237,0.6920811682939529,0.023899262957274913,-3.873471260070801,0.009905939549207687,0.06823655962944031,0.04856361821293831,0.08310559391975403,1.0
954,1953792,5,0,1,4,0.0,0.2,0.8,0.004547108779661357,2.130330491065979,0.026012965198606252,-3.8742743253707888,0.013486289494903759,0.06814973056316376,0.04843851178884506,0.08309408277273178,1.0
955,1955840,3,0,0,3,0.0,0.0,1.0,0.007232056162320077,0.5698274463415146,0.024467608891427517,-3.877633285522461,0.01651045379694551,0.06815098971128464,0.04830557480454445,0.08318617939949036,1.0
956,1957888,10,0,1,9,0.0,0.1,0.9,0.0028839281760156153,2.175563818216324,0.02604988981038332,-3.877751588821411,0.011274851055350154,0.06818901747465134,0.04817082732915878,0.08338319510221481,1.0
957,1959936,4,0,0,4,0.0,0.0,1.0,-0.0006501195719465613,0.42307117879390715,0.027786601148545743,-3.87948625087738,0.00799972626264207,0.06810008734464645,0.04796750843524933,0.08338337391614914,1.0
958,1961984,5,0,1,4,0.0,0.2,0.8,0.000719269854016602,0.8162125021219253,0.02207288406789303,-3.885329794883728,0.00506132910377346,0.06802111864089966,0.0477331206202507,0.08338601887226105,1.0
959,1964032,8,0,1,7,0.0,0.125,0.875,-0.0007067435421049595,1.9500470459461212,0.021449897531419994,-3.8892406463623046,0.007778158318251372,0.06797236204147339,0.04760555922985077,0.08334245532751083,1.0
960,1966080,6,0,0,6,0.0,0.0,1.0,-0.00031014159321784973,0.2199564255774021,0.019230648595839738,-3.8911860466003416,0.006669317872729152,0.06796848773956299,0.04751674458384514,0.08338269591331482,1.0
961,1968128,1,0,0,1,0.0,0.0,1.0,0.00017845823895186187,0.5576392456889152,0.023622973915189506,-3.890169620513916,0.006753850472159683,0.06806925684213638,0.04740787670016289,0.08352440595626831,1.0
962,1970176,9,0,1,8,0.0,0.1111111111111111,0.8888888888888888,-0.0001451634569093585,1.218760085105896,0.020665897522121668,-3.888285446166992,0.01223622543620877,0.06805120408535004,0.04731136932969093,0.08334819227457047,1.0
963,1972224,5,0,0,5,0.0,0.0,1.0,0.0010784207377582788,0.23501320481300353,0.019612880423665047,-3.8917944192886353,0.014936905831564217,0.06796040385961533,0.047160133719444275,0.0831141546368599,1.0
964,1974272,4,0,0,4,0.0,0.0,1.0,0.0002603726228699088,0.4544758066534996,0.021596989315003156,-3.8970214128494263,0.008158269297564403,0.06781849265098572,0.04697558283805847,0.08302273601293564,1.0
965,1976320,8,0,0,8,0.0,0.0,1.0,0.0008358414750546217,0.4909063681960106,0.02204804178327322,-3.9034544229507446,0.007708876935066655,0.06775428354740143,0.0466778501868248,0.08301679790019989,1.0
966,1978368,5,0,0,5,0.0,0.0,1.0,0.0030563196633011103,0.5699046313762665,0.024746712110936642,-3.90734224319458,0.007482401217566803,0.06772463768720627,0.04654201865196228,0.08332182466983795,1.0
967,1980416,3,0,1,2,0.0,0.3333333333333333,0.6666666666666666,-0.0015383643563836812,2.5592188119888304,0.02707918705418706,-3.910093975067139,0.004361060541123151,0.06766633689403534,0.04641906917095184,0.08322622627019882,1.0
968,1982464,9,0,0,9,0.0,0.0,1.0,0.0001476604025810957,0.734222549200058,0.024510522745549677,-3.913762664794922,0.005449100851546973,0.06755302101373672,0.0463453084230423,0.08291365951299667,1.0
969,1984512,6,0,0,6,0.0,0.0,1.0,-0.00018597068265080452,0.6569785177707672,0.023655021842569113,-3.9194612741470336,0.007681618409696967,0.06743235886096954,0.0462176613509655,0.08285688608884811,1.0
970,1986560,1,0,0,1,0.0,0.0,1.0,0.003087647457141429,0.7080972701311111,0.023071983736008404,-3.924475312232971,0.020006651629228146,0.0673101544380188,0.04632841423153877,0.08264578878879547,1.0
971,1988608,10,1,0,9,0.1,0.0,0.9,0.005323348054662347,0.6242526769638062,0.02281535416841507,-3.925972890853882,0.02095448431209661,0.06735137104988098,0.04632929712533951,0.08272930979728699,1.0
972,1990656,5,0,1,4,0.0,0.2,0.8,0.0012811415479518473,2.2411047160625457,0.023190589528530835,-3.9243224620819093,0.010007059056079015,0.06735454499721527,0.04634293168783188,0.08270564675331116,1.0
973,1992704,5,0,0,5,0.0,0.0,1.0,0.0003079703077673912,0.5513942912220955,0.022638293169438838,-3.924251747131348,0.009642714663641527,0.06736122816801071,0.04638238996267319,0.08262871950864792,1.0
974,1994752,7,0,1,6,0.0,0.14285714285714285,0.8571428571428571,-0.0022628819569945335,1.8123199820518494,0.02272264054045081,-3.9232023477554323,0.01343714473186992,0.06738678365945816,0.04642755910754204,0.08265240490436554,1.0
975,1996800,6,0,1,5,0.0,0.16666666666666666,0.8333333333333334,-0.001792862406000495,1.4493875801563263,0.021189912501722575,-3.9217839002609254,0.014033704798202961,0.06741194427013397,0.04638383910059929,0.08265916258096695,1.0
976,1998848,2,0,0,2,0.0,0.0,1.0,-0.0005688157863914967,0.21590306833386422,0.021193860191851856,-3.919849467277527,0.008534164063166826,0.06752213835716248,0.046414196491241455,0.08272171765565872,1.0
977,2000896,9,0,1,8,0.0,0.1111111111111111,0.8888888888888888,0.0019856410566717387,2.0136243283748625,0.023931634426116944,-3.917403054237366,0.019036500493530183,0.0674828290939331,0.046282798051834106,0.08270718902349472,1.0
978,2002944,4,0,0,4,0.0,0.0,1.0,-0.0002969837514683604,0.2546271041035652,0.021300206799060105,-3.9202744483947756,0.013869270397117361,0.06749361008405685,0.046225376427173615,0.08294909447431564,1.0
979,2004992,8,0,0,8,0.0,0.0,1.0,-0.002559317788109183,0.4311559110879898,0.023141533602029085,-3.9220587253570556,0.01642705752165057,0.06738080084323883,0.04611426219344139,0.08289427310228348,1.0
980,2007040,5,0,1,4,0.0,0.2,0.8,-0.0019945637322962284,2.3530270576477053,0.023258367925882338,-3.9273995399475097,0.011576074379263446,0.06731639802455902,0.04604131728410721,0.08272645622491837,1.0
981,2009088,6,0,0,6,0.0,0.0,1.0,-0.0023933563614264132,0.3975833997130394,0.023885731305927037,-3.9288692712783813,0.00934061199077405,0.06728782504796982,0.04603521525859833,0.08261195570230484,1.0
982,2011136,1,0,0,1,0.0,0.0,1.0,0.005967070069164038,0.462194150686264,0.023304651118814947,-3.930337834358215,0.008645656023873016,0.06723804771900177,0.046006567776203156,0.08257604390382767,1.0
983,2013184,8,0,0,8,0.0,0.0,1.0,-0.004366460954770446,0.3992643803358078,0.023083888087421657,-3.933129405975342,0.010740714718122036,0.06714633107185364,0.046040333807468414,0.08248142153024673,1.0
984,2015232,4,0,0,4,0.0,0.0,1.0,-0.0009798445273190737,0.6419247895479202,0.023254774697124957,-3.9409878730773924,0.006678483833093196,0.06684702634811401,0.04574919119477272,0.08204582333564758,1.0
985,2017280,8,0,0,8,0.0,0.0,1.0,0.003775395220145583,0.37201326340436935,0.02253880025818944,-3.9532718896865844,0.012966857565334066,0.0667116791009903,0.04555010795593262,0.08201418817043304,1.0
986,2019328,6,0,0,6,0.0,0.0,1.0,-0.00141193768940866,0.42783586531877515,0.02340987166389823,-3.9591423511505126,0.012861187127418816,0.0665425956249237,0.04548583924770355,0.08180553466081619,1.0
987,2021376,6,0,1,5,0.0,0.16666666666666666,0.8333333333333334,0.0009485659888014197,1.1746967256069183,0.020392316021025182,-3.966406011581421,0.014586417068494483,0.06643401831388474,0.04542304947972298,0.0816638246178627,1.0
988,2023424,4,0,0,4,0.0,0.0,1.0,0.00014258373994380236,0.27702539786696434,0.022202114295214414,-3.9683139085769654,0.009135993185918779,0.06647039949893951,0.045300062745809555,0.08181814104318619,1.0
989,2025472,6,0,0,6,0.0,0.0,1.0,-0.0025572448968887327,0.48251045793294906,0.02217260152101517,-3.966944456100464,0.010726540576433763,0.06650540977716446,0.045328862965106964,0.08175293356180191,1.0
990,2027520,2,0,0,2,0.0,0.0,1.0,-0.0011459859902970492,0.5688596293330193,0.021825663466006517,-3.9669763803482057,0.006960544030880556,0.0664433166384697,0.04535067826509476,0.08158721029758453,1.0
991,2029568,10,0,0,10,0.0,0.0,1.0,-0.00033653611317276957,0.40421069264411924,0.021160525921732187,-3.9705432891845702,0.009450783691136166,0.06635095179080963,0.04519062489271164,0.08160325884819031,1.0
992,2031616,7,0,0,7,0.0,0.0,1.0,-0.0022190056275576352,0.2373181827366352,0.01907384991645813,-3.9752952337265013,0.009315774467540904,0.06627432256937027,0.0451662503182888,0.08148481696844101,1.0
993,2033664,3,0,0,3,0.0,0.0,1.0,-0.0028029039734974504,0.27342161610722543,0.019136606343090536,-3.9786861896514893,0.012130783533211797,0.06618033349514008,0.0450315959751606,0.08140680193901062,1.0
994,2035712,6,0,0,6,0.0,0.0,1.0,-0.0010150862392038107,0.5404282808303833,0.02266717264428735,-3.9828017711639405,0.012566951347980648,0.0661390870809555,0.04494350403547287,0.0811486765742302,1.0
995,2037760,6,0,1,5,0.0,0.16666666666666666,0.8333333333333334,0.003460424323566258,0.7350060984492301,0.023076860606670378,-3.9835827589035033,0.01355154870543629,0.06615695357322693,0.044910792261362076,0.08119305968284607,1.0
996,2039808,2,0,0,2,0.0,0.0,1.0,-0.002309993514791131,0.580132257938385,0.02317426782101393,-3.9836620807647707,0.0045534890901762996,0.06608138978481293,0.04502147436141968,0.08105317503213882,1.0
997,2041856,10,1,0,9,0.1,0.0,0.9,-0.00044939701911062,0.8807206928730011,0.0241038303822279,-3.9860419273376464,0.00782390545355156,0.06604688614606857,0.04507037252187729,0.0810137465596199,1.0
998,2043904,6,0,1,5,0.0,0.16666666666666666,0.8333333333333334,-0.004458999587222933,1.4062668144702912,0.021197149902582167,-3.9852246761322023,0.015205813432112336,0.06605740636587143,0.04527999833226204,0.08119387179613113,1.0
999,2045952,2,0,0,2,0.0,0.0,1.0,-0.0023274299688637256,0.19277169480919837,0.02014810675755143,-3.986045551300049,0.014403219742234796,0.06594844162464142,0.04534268006682396,0.0813075378537178,1.0
1000,2048000,8,0,1,7,0.0,0.125,0.875,-0.005045731784775853,1.8499313712120056,0.02252227645367384,-3.9890835285186768,0.019525956187862903,0.06594772636890411,0.045393235981464386,0.08151808381080627,1.0
1001,2050048,5,0,0,5,0.0,0.0,1.0,0.002035489887930453,0.3774751380085945,0.0187610674649477,-3.987813210487366,0.0138528527750168,0.065961092710495,0.04545890912413597,0.08156684786081314,1.0
1002,2052096,3,0,0,3,0.0,0.0,1.0,-0.003425981756299734,0.7851095706224441,0.023815931845456363,-3.986832094192505,0.005255762551678344,0.06601249426603317,0.045436955988407135,0.08172136545181274,1.0
1003,2054144,11,0,1,10,0.0,0.09090909090909091,0.9090909090909091,-0.0021105436608195305,2.5545995771884917,0.027790836058557034,-3.9846996784210207,0.011678309884155169,0.0661013275384903,0.04538056254386902,0.08198817819356918,1.0
1004,2056192,5,0,0,5,0.0,0.0,1.0,0.004884296329692006,0.5221605807542801,0.02266678959131241,-3.9830454349517823,0.01190455604228191,0.06607799232006073,0.04537861794233322,0.08193541318178177,1.0
1005,2058240,1,0,0,1,0.0,0.0,1.0,7.551542948931455e-05,0.568580986559391,0.020494620129466058,-3.982962703704834,0.005933394731255248,0.06612341850996017,0.04550383612513542,0.08171728998422623,1.0
1006,2060288,9,0,0,9,0.0,0.0,1.0,-0.0014378627995029092,0.4667463481426239,0.021399800200015306,-3.9804282665252684,0.011448348959675059,0.06610318273305893,0.04539394751191139,0.0815795436501503,1.0
1007,2062336,4,0,0,4,0.0,0.0,1.0,0.0024113153107464314,0.33349179178476335,0.01940654022619128,-3.982361841201782,0.010655685048550367,0.06611988693475723,0.04530423879623413,0.0814492329955101,1.0
1008,2064384,3,0,0,3,0.0,0.0,1.0,-0.005006463220342994,0.5495058059692383,0.022437444981187583,-3.9838971138000487,0.009125920693622901,0.0659789964556694,0.045307859778404236,0.08120478689670563,1.0
1009,2066432,10,0,0,10,0.0,0.0,1.0,0.0010657781036570667,0.35195337533950805,0.02771256985142827,-3.989327883720398,0.009365751297445967,0.06591042876243591,0.04525398835539818,0.08116909861564636,1.0
1010,2068480,6,0,1,5,0.0,0.16666666666666666,0.8333333333333334,0.0009687849786132574,2.268459701538086,0.025110163446515798,-3.991931939125061,0.014685111463768408,0.06585726141929626,0.04514753445982933,0.0810377225279808,1.0
1011,2070528,3,0,0,3,0.0,0.0,1.0,0.003942814096808434,0.32252912819385526,0.02118936534970999,-3.996377873420715,0.008377617568476126,0.065702885389328,0.04510243609547615,0.08084334433078766,1.0
1012,2072576,8,0,0,8,0.0,0.0,1.0,-0.00021573707927018403,0.36320762485265734,0.022725433856248856,-4.002534890174866,0.008134800393600016,0.06563527137041092,0.044925060123205185,0.08083798736333847,1.0
1013,2074624,2,0,0,2,0.0,0.0,1.0,0.007252936041913927,0.475622695684433,0.021696487627923488,-4.005840468406677,0.016125849273521453,0.06557611376047134,0.04488728567957878,0.08093228191137314,1.0
1014,2076672,5,0,0,5,0.0,0.0,1.0,0.0030511232558637857,0.5464916169643402,0.02164831180125475,-4.008307313919067,0.01770577976712957,0.0655192956328392,0.04492541030049324,0.08082771301269531,1.0
1015,2078720,8,0,0,8,0.0,0.0,1.0,-8.359169587492942e-05,0.3789200559258461,0.022120239306241275,-4.011168003082275,0.004962769197300076,0.06539428979158401,0.044850774109363556,0.08059196919202805,1.0
1016,2080768,6,0,0,6,0.0,0.0,1.0,-0.0011844227905385197,0.21950469240546228,0.0179045457392931,-4.017451620101928,0.013435275683877989,0.06528715044260025,0.0447409525513649,0.0805400088429451,1.0
1017,2082816,3,0,0,3,0.0,0.0,1.0,-0.00143108235206455,0.21988193094730377,0.017988860420882703,-4.020300817489624,0.01194573391112499,0.06535731256008148,0.04453151300549507,0.08079374581575394,1.0
1018,2084864,8,0,0,8,0.0,0.0,1.0,0.002097554155625403,0.3612455204129219,0.018348992336541414,-4.021203875541687,0.01033633976476267,0.0652344673871994,0.04435085505247116,0.08050757646560669,1.0
1019,2086912,2,0,0,2,0.0,0.0,1.0,0.0003253864939324558,0.45983951091766356,0.01960540283471346,-4.0317998886108395,0.009940092760371045,0.06493403017520905,0.044188905507326126,0.07994192093610764,1.0
1020,2088960,7,0,0,7,0.0,0.0,1.0,-0.0022240012418478726,0.8725805878639221,0.023038428835570814,-4.041832947731018,0.01030023004859686,0.06481251120567322,0.04406191408634186,0.07976693660020828,1.0
1021,2091008,8,0,1,7,0.0,0.125,0.875,0.0017612434457987547,2.560307449102402,0.022855150792747737,-4.047123861312866,0.018999508552951738,0.0647001639008522,0.04402408003807068,0.07969794422388077,1.0
1022,2093056,6,0,0,6,0.0,0.0,1.0,0.002117370651103556,0.4025744885206223,0.022541701048612594,-4.052391862869262,0.012171837547793985,0.06456521898508072,0.04395240172743797,0.07958242297172546,1.0
1023,2095104,5,0,1,4,0.0,0.2,0.8,-0.004016428929753601,2.447020447254181,0.02395188733935356,-4.056799006462097,0.01654329068842344,0.06453260779380798,0.04400644078850746,0.0794471800327301,1.0
1024,2097152,5,0,0,5,0.0,0.0,1.0,-0.0002402756130322814,0.45242268294095994,0.02257203022018075,-4.060086631774903,0.00861713897320442,0.06425558030605316,0.04406506568193436,0.0790620669722557,1.0
1025,2099200,2,0,0,2,0.0,0.0,1.0,0.002788621839135885,0.48476678431034087,0.021076715365052224,-4.070042419433594,0.008472062723012642,0.06417983770370483,0.04405301809310913,0.07905437797307968,1.0
1026,2101248,8,0,0,8,0.0,0.0,1.0,-0.0002738194540143013,0.4802058175206184,0.02165820626541972,-4.070592069625855,0.012984927761135624,0.06417011469602585,0.04407453536987305,0.07915252447128296,1.0
1027,2103296,7,0,0,7,0.0,0.0,1.0,0.0008796736132353544,0.30354737788438796,0.01656952379271388,-4.070893335342407,0.009438339958433063,0.0641138106584549,0.04438395798206329,0.07903081923723221,1.0
1028,2105344,5,0,0,5,0.0,0.0,1.0,0.0017671195790171623,0.6733139783143998,0.021857773419469595,-4.071070408821106,0.013115896936506033,0.0640653520822525,0.04449610039591789,0.0790335014462471,1.0
1029,2107392,7,0,0,7,0.0,0.0,1.0,0.0022849689004942773,0.9881748259067535,0.025130365509539843,-4.072155070304871,0.0036734214518219233,0.06405111402273178,0.044554293155670166,0.07898568361997604,1.0
1030,2109440,5,0,1,4,0.0,0.2,0.8,-0.001486895070411265,2.238619810342789,0.02542817834764719,-4.072750163078308,0.008082994492724538,0.06400351226329803,0.04444683715701103,0.07879477739334106,1.0
1031,2111488,1,0,0,1,0.0,0.0,1.0,-0.0024807588197290897,0.7007651537656784,0.022869024984538557,-4.074853730201721,0.014616749243577943,0.06400680541992188,0.04447701573371887,0.07863137871026993,1.0
1032,2113536,9,0,0,9,0.0,0.0,1.0,-0.0016086878953501583,0.7198193788528442,0.022878371458500624,-4.074659085273742,0.0036146570520941166,0.06393388658761978,0.04446433484554291,0.07855026423931122,1.0
1033,2115584,7,0,0,7,0.0,0.0,1.0,0.000705167488195002,0.2891354918479919,0.01936473520472646,-4.078580594062805,0.007742374174995348,0.06388743221759796,0.04440109059214592,0.0786316767334938,1.0
1034,2117632,3,0,0,3,0.0,0.0,1.0,-0.0043941129930317405,0.25101767405867575,0.019137866888195278,-4.080758166313172,0.008104447339428588,0.06383872777223587,0.044351037591695786,0.07871660590171814,1.0
1035,2119680,8,0,0,8,0.0,0.0,1.0,0.001450734050013125,0.25361805483698846,0.020919229090213775,-4.083506178855896,0.017072520893998445,0.06379596889019012,0.04434633255004883,0.07873895764350891,1.0
1036,2121728,4,0,0,4,0.0,0.0,1.0,0.00047182154376059773,0.4108091235160828,0.020264719892293215,-4.089708232879639,0.006546037824591622,0.06352656334638596,0.044123150408267975,0.07838845252990723,1.0
1037,2123776,3,0,1,2,0.0,0.3333333333333333,0.6666666666666666,0.003708680463023484,2.2579572558403016,0.022868403885513543,-4.101428389549255,0.020694951101904734,0.06341711431741714,0.043907370418310165,0.07845146209001541,1.0
1038,2125824,7,0,0,7,0.0,0.0,1.0,0.0017949057975783945,0.5627331167459488,0.019753806851804258,-4.10392735004425,0.015985475765774027,0.06344668567180634,0.04385608434677124,0.0785723477602005,1.0
1039,2127872,9,0,0,9,0.0,0.0,1.0,0.002102337614633143,0.3457369148731232,0.017169897444546223,-4.102041292190552,0.01046375283622183,0.0634932816028595,0.04393799230456352,0.07855760306119919,1.0
1040,2129920,1,0,0,1,0.0,0.0,1.0,-0.0030834046425297855,0.7698182493448258,0.01926239263266325,-4.0999668598175045,0.0060409508761949835,0.06353383511304855,0.043881479650735855,0.07861697673797607,1.0
1041,2131968,9,0,0,9,0.0,0.0,1.0,0.0008360414765775203,0.33383329063653944,0.02071426445618272,-4.099854445457458,0.007833509886404499,0.06352633237838745,0.043785396963357925,0.07885079830884933,1.0
1042,2134016,3,0,0,3,0.0,0.0,1.0,0.0027386539615690706,0.21236297413706778,0.021029704809188844,-4.104155373573303,0.010863288503605873,0.0633714348077774,0.043634649366140366,0.07896395772695541,1.0
1043,2136064,5,1,0,4,0.2,0.0,0.8,0.0008354034740477801,0.533976836502552,0.02042660964652896,-4.11058394908905,0.00886677874950692,0.06341469287872314,0.04345560446381569,0.07931201905012131,1.0
1044,2138112,9,0,0,9,0.0,0.0,1.0,0.002850796049460769,0.2455680027604103,0.02018618006259203,-4.110250234603882,0.01119392155087553,0.0633915588259697,0.04321519285440445,0.07928603887557983,1.0
1045,2140160,7,1,0,6,0.14285714285714285,0.0,0.8571428571428571,-0.00029964770656079056,0.337178972363472,0.019748615194112064,-4.113083744049073,0.02433899732423015,0.06339127570390701,0.04316169023513794,0.07917649298906326,1.0
1046,2142208,2,1,0,1,0.5,0.0,0.5,0.0011414617765694857,0.39898237586021423,0.020332988072186708,-4.112736010551453,0.015037123492220417,0.06338244676589966,0.04313075914978981,0.07908742874860764,1.0
1047,2144256,9,0,1,8,0.0,0.1111111111111111,0.8888888888888888,-0.0008371535455808044,2.6889746487140656,0.024748012889176607,-4.113485431671142,0.005875352362636477,0.06339656561613083,0.04301020875573158,0.07917366176843643,1.0
1048,2146304,2,0,0,2,0.0,0.0,1.0,-0.002593185193836689,0.19554515182971954,0.02025821702554822,-4.115986967086792,0.009418572095455602,0.06325460970401764,0.042974527925252914,0.07893169671297073,1.0
1049,2148352,5,0,0,5,0.0,0.0,1.0,0.0016578407492488622,0.18979976773262025,0.02054412281140685,-4.122721529006958,0.009845796943409368,0.06312312185764313,0.04297717288136482,0.0785653218626976,1.0
1050,2150400,7,0,0,7,0.0,0.0,1.0,0.0032555337995290754,0.32531779557466506,0.01954061957076192,-4.126079034805298,0.012658996722893789,0.06306526064872742,0.04297918081283569,0.07844143360853195,1.0
1051,2152448,7,0,0,7,0.0,0.0,1.0,-0.002378008351661265,0.6249361217021943,0.0218687292188406,-4.127880072593689,0.01302395827951841,0.06305190175771713,0.042927566915750504,0.07851511985063553,1.0
1052,2154496,3,0,0,3,0.0,0.0,1.0,0.007228087494149804,0.4874344140291214,0.02111261198297143,-4.130366778373718,0.018406794453039766,0.0629742220044136,0.04282185062766075,0.07850021868944168,1.0
1053,2156544,8,0,0,8,0.0,0.0,1.0,0.002360633993521333,0.5023166984319687,0.020774066727608443,-4.134798884391785,0.015887604391900824,0.06290197372436523,0.04269709065556526,0.0784316137433052,1.0
1054,2158592,3,0,0,3,0.0,0.0,1.0,0.0008255016058683395,0.37202795445919035,0.020255925320088863,-4.137213826179504,0.00789053931948729,0.06296946108341217,0.042401690036058426,0.0787375345826149,1.0
1055,2160640,5,0,0,5,0.0,0.0,1.0,-0.0035543476464226843,0.2402443453669548,0.019904998876154423,-4.138972163200378,0.008790539833717049,0.06289969384670258,0.04210975021123886,0.07864217460155487,1.0
1056,2162688,7,0,0,7,0.0,0.0,1.0,0.0009069005958735943,0.35585509091615675,0.020730190724134446,-4.145165944099427,0.012158950907178223,0.06280215829610825,0.042022667825222015,0.07834842801094055,1.0
1057,2164736,7,0,0,7,0.0,0.0,1.0,-0.0036150073865428567,0.3905807241797447,0.021328126452863215,-4.147224259376526,0.0139419860963244,0.06280729174613953,0.04196258634328842,0.0782533511519432,1.0
1058,2166784,5,1,1,3,0.2,0.2,0.6,0.0022315689595416187,2.892373025417328,0.02615720424801111,-4.146257996559143,0.016536106099374594,0.06287213414907455,0.041945651173591614,0.07844345271587372,1.0
1059,2168832,9,0,2,7,0.0,0.2222222222222222,0.7777777777777778,0.0058415781008079645,2.7448550403118133,0.02312168516218662,-4.143838167190552,0.02192001577350311,0.0629187524318695,0.04195438325405121,0.07850085198879242,1.0
1060,2170880,2,0,0,2,0.0,0.0,1.0,0.008047664538025856,0.35256422907114027,0.019352825358510017,-4.143372249603272,0.013306575262686238,0.06289330124855042,0.041958287358284,0.07857895642518997,1.0
1061,2172928,5,0,0,5,0.0,0.0,1.0,-9.049915242940188e-05,0.2666864566504955,0.020302571635693312,-4.144939017295838,0.01564875153126195,0.06286915391683578,0.04185928404331207,0.07863681018352509,1.0
1062,2174976,5,0,0,5,0.0,0.0,1.0,0.00030355555936694144,0.364959380030632,0.020145874097943307,-4.148305344581604,0.015049120108596981,0.06278613209724426,0.041720107197761536,0.07870408892631531,1.0
1063,2177024,6,0,0,6,0.0,0.0,1.0,0.0026243935921229423,0.12058213166892529,0.019150188937783242,-4.150147747993469,0.009116130508482456,0.06289371103048325,0.041699618101119995,0.07913894206285477,1.0
1064,2179072,8,0,0,8,0.0,0.0,1.0,-0.0005817316705361009,0.2239187128841877,0.020230909716337918,-4.146307921409607,0.017385761742480098,0.06294569373130798,0.04164070636034012,0.07917912304401398,1.0
1065,2181120,6,0,0,6,0.0,0.0,1.0,-0.0015911541413515806,0.39468746930360793,0.01994768753647804,-4.146221280097961,0.006701224518474191,0.06294266134500504,0.04158536344766617,0.0793115571141243,1.0
1066,2183168,3,0,0,3,0.0,0.0,1.0,-0.00015355555806308984,0.476684433221817,0.02064451165497303,-4.150056314468384,0.00899234448443167,0.06278778612613678,0.04148311913013458,0.07908978313207626,1.0
1067,2185216,6,0,0,6,0.0,0.0,1.0,-4.805417265743017e-05,0.5510572552680969,0.021341904439032076,-4.156470680236817,0.008664831018541009,0.06269454210996628,0.04134370759129524,0.07898733764886856,1.0
1068,2187264,6,0,0,6,0.0,0.0,1.0,0.00012203380465507508,0.38988531082868577,0.020437189750373362,-4.162257957458496,0.015320655319374054,0.06257779896259308,0.04123551771044731,0.07879699021577835,1.0
1069,2189312,3,0,0,3,0.0,0.0,1.0,-0.0011103454045951367,0.4906601905822754,0.018744654301553965,-4.170303273200989,0.014310925739118829,0.06234152242541313,0.04111210256814957,0.07823511958122253,1.0
1070,2191360,10,0,0,10,0.0,0.0,1.0,-0.002989546442404389,0.1744880348443985,0.01920919828116894,-4.178980088233947,0.01271972751710564,0.06219261884689331,0.0410655215382576,0.07794930785894394,1.0
1071,2193408,5,0,0,5,0.0,0.0,1.0,-0.0017290275078266858,0.09188402220606803,0.0186123663559556,-4.18448235988617,0.013084716047160327,0.062095463275909424,0.041063737124204636,0.07786758244037628,1.0
1072,2195456,3,0,0,3,0.0,0.0,1.0,0.0009223456028848887,0.18031801730394365,0.020490541588515043,-4.189876103401184,0.015212047193199397,0.06191370636224747,0.04092416167259216,0.07767629623413086,1.0
1073,2197504,5,0,0,5,0.0,0.0,1.0,0.0012685948750004172,0.5941776037216187,0.021754015050828458,-4.199509787559509,0.011470558331348002,0.06172756478190422,0.04095602035522461,0.07745436578989029,1.0
1074,2199552,6,0,0,6,0.0,0.0,1.0,-0.0006036391481757164,0.38318987041711805,0.021156426332890988,-4.20217719078064,0.007853982114465908,0.06178968399763107,0.04105612263083458,0.07753907889127731,1.0
1075,2201600,3,0,0,3,0.0,0.0,1.0,-0.001551199285313487,0.8013631641864777,0.022042518015950918,-4.199652242660522,0.009232428902760149,0.061778511852025986,0.04086468741297722,0.07763456553220749,1.0
1076,2203648,12,1,1,10,0.08333333333333333,0.08333333333333333,0.8333333333333334,-0.0004635652527213097,2.5369607865810395,0.023645282536745072,-4.204022359848023,0.007850163016701116,0.061742573976516724,0.04064946621656418,0.07764879614114761,1.0
1077,2205696,5,0,0,5,0.0,0.0,1.0,0.0025024313596077262,0.33418442159891126,0.01888388181105256,-4.205351209640503,0.026317999238381164,0.061796970665454865,0.04053656384348869,0.07775630056858063,1.0
1078,2207744,4,0,0,4,0.0,0.0,1.0,-0.001957147801294923,0.467206583917141,0.02238304279744625,-4.2059263467788695,0.011114607314812019,0.0616961270570755,0.04054437577724457,0.07764478027820587,1.0
1079,2209792,5,1,0,4,0.2,0.0,0.8,-0.0020411630626767873,0.7256782710552215,0.023419119883328676,-4.210163688659668,0.008315259910887107,0.061641544103622437,0.040581364184617996,0.07763819396495819,1.0
1080,2211840,6,0,1,5,0.0,0.16666666666666666,0.8333333333333334,0.00042522316798567774,2.540049761533737,0.025765292905271055,-4.211050677299499,0.008921936305705458,0.06164522096514702,0.04055880010128021,0.07780726253986359,1.0
1081,2213888,2,1,0,1,0.5,0.0,0.5,0.0009272110182791948,0.6555442959070206,0.020526476111263035,-4.212757301330567,0.00876243770471774,0.061583783477544785,0.040531229227781296,0.0780249610543251,1.0
1082,2215936,14,1,0,13,0.07142857142857142,0.0,0.9285714285714286,0.0033249765634536742,0.3940499648451805,0.02100100740790367,-4.215800619125366,0.01669225961668417,0.06154843419790268,0.040509577840566635,0.07812328636646271,1.0
1083,2217984,3,0,0,3,0.0,0.0,1.0,-0.0019156699534505605,0.14265043437480926,0.01959729501977563,-4.217411017417907,0.025301440176554023,0.06153029203414917,0.04049953818321228,0.07812964171171188,1.0
1084,2220032,4,0,0,4,0.0,0.0,1.0,0.0033552985987626016,0.25385474860668183,0.020742559153586627,-4.219671535491943,0.017184225498931484,0.06140795350074768,0.040487710386514664,0.07799846678972244,1.0
1085,2222080,4,0,1,3,0.0,0.25,0.75,-0.0031156562734395267,1.548401978611946,0.019775406923145056,-4.225978136062622,0.017412601172691212,0.0612984374165535,0.040523990988731384,0.07800155133008957,1.0
1086,2224128,6,0,0,6,0.0,0.0,1.0,-0.0007356841117143631,0.18702689185738564,0.020095443911850454,-4.231516170501709,0.008898887562099844,0.06112677976489067,0.040300481021404266,0.07801488041877747,1.0
1087,2226176,4,0,0,4,0.0,0.0,1.0,-0.0018659788882359862,0.09973005838692188,0.020012279134243728,-4.242265105247498,0.014487797801848501,0.060985028743743896,0.04016544669866562,0.07774579524993896,1.0
1088,2228224,12,0,0,12,0.0,0.0,1.0,-0.002398405224084854,0.44417100548744204,0.022332449816167353,-4.245777940750122,0.00796310591395013,0.06093927472829819,0.040198538452386856,0.07760178297758102,1.0
1089,2230272,2,0,0,2,0.0,0.0,1.0,0.0019180567469447851,0.3430241450667381,0.018846970424056052,-4.245523881912232,0.007098527281777933,0.06097729131579399,0.04023699834942818,0.07760429382324219,1.0
1090,2232320,4,0,0,4,0.0,0.0,1.0,0.0005763127002865076,0.5055493861436844,0.020981412660330535,-4.245917510986328,0.013217373250517995,0.06088878959417343,0.04019985347986221,0.07757793366909027,1.0
1091,2234368,5,0,1,4,0.0,0.2,0.8,-0.0010643822839483618,2.4902335464954377,0.0236604830250144,-4.250308990478516,0.019361197552643716,0.06084056943655014,0.04015322029590607,0.07751955837011337,1.0
1092,2236416,8,0,1,7,0.0,0.125,0.875,-0.0025156600400805472,2.0711758852005007,0.021561490651220084,-4.250305867195129,0.018007543828571216,0.06092257425189018,0.04006698355078697,0.077731654047966,1.0
1093,2238464,4,0,0,4,0.0,0.0,1.0,0.0008900130167603492,0.2095491975545883,0.02149626137688756,-4.247603178024292,0.019395814457675443,0.06096278876066208,0.040095504373311996,0.07784021645784378,1.0
1094,2240512,12,0,2,10,0.0,0.16666666666666666,0.8333333333333334,0.00034893485717475415,3.9011869192123414,0.024994794838130475,-4.248084902763367,0.009597370866686106,0.06088300794363022,0.04011130332946777,0.07771089673042297,1.0
1095,2242560,1,0,0,1,0.0,0.0,1.0,8.809335995465517e-05,0.48363414853811265,0.020178455766290425,-4.252984786033631,0.011375225643860176,0.06072401627898216,0.04009003937244415,0.07736965268850327,1.0
1096,2244608,5,0,0,5,0.0,0.0,1.0,0.0007834135089069605,0.48978463262319566,0.022817859798669814,-4.264269232749939,0.008407889778027311,0.060431331396102905,0.0398300364613533,0.07729978859424591,1.0
1097,2246656,4,0,0,4,0.0,0.0,1.0,0.009475141344591976,0.5638870671391487,0.021798691432923078,-4.276433062553406,0.01720714375260286,0.06029893085360527,0.039777107536792755,0.07726334035396576,1.0
1098,2248704,7,0,0,7,0.0,0.0,1.0,0.0002960585756227374,0.6861839711666107,0.021518290974199772,-4.278240537643432,0.01915732547058724,0.060372382402420044,0.039842478930950165,0.07734178006649017,1.0
1099,2250752,8,0,0,8,0.0,0.0,1.0,0.0031801690347492695,0.5742071151733399,0.022162734530866146,-4.272536325454712,0.01180175487534143,0.06049835681915283,0.03989193215966225,0.07753193378448486,1.0
1100,2252800,8,1,0,7,0.125,0.0,0.875,-0.0038916216930374504,0.6860435634851456,0.02233521146699786,-4.265653729438782,0.002789668372133747,0.06072653830051422,0.03981522098183632,0.07791582494974136,1.0
1101,2254848,1,0,0,1,0.0,0.0,1.0,-0.0019864589441567658,0.426735982298851,0.021812886651605367,-4.257783126831055,0.008574155147653074,0.06081518530845642,0.03985673561692238,0.07792258262634277,1.0
1102,2256896,6,0,1,5,0.0,0.16666666666666666,0.8333333333333334,-0.0009761796332895756,2.6376875281333922,0.028352750837802886,-4.25497453212738,0.020027394150383772,0.06085843965411186,0.03994287550449371,0.0779203549027443,1.0
1103,2258944,6,0,2,4,0.0,0.3333333333333333,0.6666666666666666,0.001970500499010086,3.682068610191345,0.028119179140776395,-4.2540453433990475,0.012870437017409132,0.06080981343984604,0.039892904460430145,0.07781723141670227,1.0
1104,2260992,6,0,0,6,0.0,0.0,1.0,-0.0004078099504113197,0.6555286943912506,0.021142260916531087,-4.258114266395569,0.009655970789026469,0.060732003301382065,0.039760276675224304,0.07785321027040482,1.0
1105,2263040,10,0,0,10,0.0,0.0,1.0,-0.00015664608217775823,0.38967046290636065,0.022304416354745626,-4.261411046981811,0.010042187955696136,0.06074801832437515,0.039715416729450226,0.07809088379144669,1.0
1106,2265088,3,0,0,3,0.0,0.0,1.0,-0.002357124234549701,0.4753021538257599,0.020841898769140242,-4.2610071182250975,0.011322428908897564,0.060749828815460205,0.03968886286020279,0.07812798023223877,1.0
1107,2267136,1,0,0,1,0.0,0.0,1.0,-0.0003985597053542733,0.4444537580013275,0.022187508456408978,-4.261336493492126,0.013390688662184402,0.060775961726903915,0.0396445132791996,0.07823773473501205,1.0
1108,2269184,7,0,0,7,0.0,0.0,1.0,0.0034336958546191455,0.5093143805861473,0.021566923521459103,-4.262818384170532,0.02070499574765563,0.06065373122692108,0.0396256223320961,0.07797157019376755,1.0
1109,2271232,7,0,0,7,0.0,0.0,1.0,0.00369769970420748,0.3997272655367851,0.020319936983287334,-4.266964745521546,0.013929539651144296,0.06064113602042198,0.03960154950618744,0.07798290252685547,1.0
1110,2273280,4,0,0,4,0.0,0.0,1.0,0.0011189892655238509,0.272981196641922,0.0195699374191463,-4.266828727722168,0.01597869420074858,0.060665588825941086,0.03956841304898262,0.07817258685827255,1.0
1111,2275328,10,0,0,10,0.0,0.0,1.0,0.0033913486870005725,0.4069042816758156,0.021542303450405597,-4.266306328773498,0.017633751436369492,0.060709148645401,0.03950827941298485,0.0783328115940094,1.0
1112,2277376,3,0,0,3,0.0,0.0,1.0,0.0037189435912296175,0.7566124439239502,0.02199195036664605,-4.264620661735535,0.01361965496907942,0.0607575997710228,0.039515551179647446,0.078406922519207,1.0
1113,2279424,2,0,0,2,0.0,0.0,1.0,0.00500876666046679,0.528313784301281,0.025144943222403526,-4.263655829429626,0.012739294476341456,0.06075097247958183,0.03946295008063316,0.07851281762123108,1.0
1114,2281472,7,0,0,7,0.0,0.0,1.0,0.002958348928950727,0.7728972882032394,0.02849879153072834,-4.265906119346619,0.007559815398417413,0.06071653962135315,0.039367761462926865,0.0786372646689415,1.0
1115,2283520,8,0,0,8,0.0,0.0,1.0,-0.0021659995894879104,0.7591600209474564,0.02215613713487983,-4.268826818466186,0.01298980014398694,0.060683876276016235,0.039294321089982986,0.07869602739810944,1.0
1116,2285568,2,0,0,2,0.0,0.0,1.0,-0.0026566138956695797,0.46694803386926653,0.021015916578471662,-4.270767402648926,0.012364220339804888,0.0606132373213768,0.039398908615112305,0.07841835916042328,1.0
1117,2287616,11,0,0,11,0.0,0.0,1.0,-0.0012424700427800417,0.48405096381902696,0.02398100132122636,-4.271955347061157,0.010136871068971232,0.060568563640117645,0.03937937691807747,0.07822223007678986,1.0
1118,2289664,2,0,0,2,0.0,0.0,1.0,-0.0014083105139434337,0.4253011018037796,0.024141891952604057,-4.2756609439849855,0.008904904662631451,0.06043890118598938,0.03934202715754509,0.07802462577819824,1.0
1119,2291712,6,0,2,4,0.0,0.3333333333333333,0.6666666666666666,-0.0015466003213077783,3.7512307286262514,0.02709268284961581,-4.281608724594117,0.0070361951715312895,0.060322605073451996,0.03930676355957985,0.07780285179615021,1.0
1120,2293760,6,0,0,6,0.0,0.0,1.0,-0.0022065620170906184,0.35892020761966703,0.02292717797681689,-4.284639358520508,0.010598344245227053,0.06031479686498642,0.03932727500796318,0.07772961258888245,1.0
1121,2295808,8,1,0,7,0.125,0.0,0.875,-0.0004375401884317398,0.6173407047986984,0.024091843515634537,-4.282069206237793,0.011668867565458641,0.060436856001615524,0.03932502493262291,0.07790776342153549,1.0
1122,2297856,1,0,0,1,0.0,0.0,1.0,0.0019630456808954477,0.3881919503211975,0.022835097461938857,-4.2790842294693,0.010593905788846314,0.060394205152988434,0.03926345705986023,0.07785273343324661,1.0
1123,2299904,11,0,0,11,0.0,0.0,1.0,0.003735412610694766,0.5196374595165253,0.02403403790667653,-4.286233067512512,0.01442781214718707,0.06020760536193848,0.03910912200808525,0.07758895307779312,1.0
1124,2301952,4,1,1,2,0.25,0.25,0.5,0.002793860319070518,1.9946566581726075,0.02188097294420004,-4.291212701797486,0.012026510568102822,0.06020962446928024,0.0392131544649601,0.07754214853048325,1.0
1125,2304000,5,0,0,5,0.0,0.0,1.0,0.007130343304015696,0.3031723782420158,0.02145790234208107,-4.288442659378052,0.017564599780598655,0.060200467705726624,0.039345983415842056,0.0772077664732933,1.0
1126,2306048,6,1,1,4,0.16666666666666666,0.16666666666666666,0.6666666666666666,0.00529243687633425,2.3123386979103087,0.02672542557120323,-4.287371373176574,0.02778155167470686,0.06021742522716522,0.03943735733628273,0.07705642282962799,1.0
1127,2308096,7,0,0,7,0.0,0.0,1.0,0.00440053753554821,0.25195270851254464,0.023677492421120404,-4.283313608169555,0.013447245006682351,0.06025266647338867,0.0396566316485405,0.07685686647891998,1.0
1128,2310144,3,1,0,2,0.3333333333333333,0.0,0.6666666666666666,0.0008125777589157223,0.4223789289593697,0.02348546786233783,-4.282635283470154,0.012919120560400187,0.06017361208796501,0.039583321660757065,0.0767064094543457,1.0
1129,2312192,8,0,0,8,0.0,0.0,1.0,0.007663222588598728,0.2048416592180729,0.020565423462539912,-4.288109850883484,0.016743607621174307,0.06009364128112793,0.03945460543036461,0.07668996602296829,1.0
1130,2314240,4,0,0,4,0.0,0.0,1.0,0.0024898858508095147,0.3122659519314766,0.02213703477755189,-4.291560649871826,0.01138999648974277,0.06006961315870285,0.03939121589064598,0.07670756429433823,1.0
1131,2316288,5,1,0,4,0.2,0.0,0.8,0.002142875664867461,0.4341592788696289,0.024083202239125967,-4.291779255867004,0.013856787182157859,0.06011839956045151,0.03936491161584854,0.07675841450691223,1.0
1132,2318336,8,0,0,8,0.0,0.0,1.0,-0.001706821145489812,0.2860572122037411,0.0241582945920527,-4.293934559822082,0.017809262289665638,0.05998661369085312,0.03914972394704819,0.07674307376146317,1.0
1133,2320384,6,1,0,5,0.16666666666666666,0.0,0.8333333333333334,0.006080522015690803,0.5962239071726799,0.02301019448786974,-4.301714038848877,0.013523676356999203,0.05990143120288849,0.039035864174366,0.07669227570295334,1.0
1134,2322432,6,1,0,5,0.16666666666666666,0.0,0.8333333333333334,0.0007549273082986474,0.7513174265623093,0.02504536071792245,-4.303038573265075,0.00988034625770524,0.059926837682724,0.0390966422855854,0.07672470062971115,1.0
1135,2324480,6,1,1,4,0.16666666666666666,0.16666666666666666,0.6666666666666666,-0.0036312187789008022,2.4893450140953064,0.024682193994522095,-4.300492668151856,0.008605138876009732,0.05999314785003662,0.03915568068623543,0.07675931602716446,1.0
1136,2326528,3,0,0,3,0.0,0.0,1.0,0.002294047432951629,0.5858099937438965,0.025350284576416016,-4.2972678422927855,0.011494022974511608,0.060032688081264496,0.039182696491479874,0.0768992230296135,1.0
1137,2328576,4,0,0,4,0.0,0.0,1.0,0.0016977278981357812,0.3075365737080574,0.02293779030442238,-4.298141193389893,0.012282159348251298,0.05998919531702995,0.03899405524134636,0.07706689089536667,1.0
1138,2330624,8,0,0,8,0.0,0.0,1.0,-0.0006907265866175294,0.37011513859033585,0.020690327510237694,-4.303189158439636,0.014106956083560362,0.05993346869945526,0.03886968269944191,0.07723110914230347,1.0
1139,2332672,5,0,0,5,0.0,0.0,1.0,-0.0024052654625847936,0.14342010766267776,0.02170393941923976,-4.305072164535522,0.009451700432691723,0.059937044978141785,0.03899413347244263,0.07727238535881042,1.0
1140,2334720,9,1,0,8,0.1111111111111111,0.0,0.8888888888888888,0.000344449607655406,0.4824879109859467,0.01950635341927409,-4.301637673377991,0.010961547336773948,0.06003309413790703,0.03908998519182205,0.07738865166902542,1.0
1141,2336768,4,0,0,4,0.0,0.0,1.0,0.0006708967732265592,0.6311221212148667,0.020992996729910375,-4.300947856903076,0.008206673990935087,0.05992789566516876,0.03890404850244522,0.07736345380544662,1.0
1142,2338816,4,0,0,4,0.0,0.0,1.0,0.002710799314081669,0.5448794737458229,0.02145238360390067,-4.308445525169373,0.013500442390795796,0.05985787510871887,0.03878561034798622,0.07741254568099976,1.0
1143,2340864,4,0,0,4,0.0,0.0,1.0,-0.002640875824727118,0.32554330229759215,0.02217427231371403,-4.3108031988143924,0.010230613249586896,0.05983304604887962,0.03875771164894104,0.07749287784099579,1.0
1144,2342912,7,0,0,7,0.0,0.0,1.0,0.0015466006938368083,0.47806399315595627,0.0222642770037055,-4.3142884254455565,0.011037720221793279,0.05971686169505119,0.03872450441122055,0.07729966193437576,1.0
1145,2344960,4,0,0,4,0.0,0.0,1.0,0.0013791239587590098,0.2662317015230656,0.020694410987198354,-4.320048928260803,0.013167909276671708,0.05958390235900879,0.03867601603269577,0.07701529562473297,1.0
1146,2347008,10,0,0,10,0.0,0.0,1.0,0.0038281318731606005,0.4307719603180885,0.020255142264068125,-4.3249897241592405,0.013920029270229861,0.05952465534210205,0.03860335052013397,0.07689733803272247,1.0
1147,2349056,4,0,0,4,0.0,0.0,1.0,0.0024888600455597043,0.19188354313373565,0.018969282042235136,-4.32839879989624,0.011029970418894664,0.05944785103201866,0.03844963014125824,0.07684940844774246,1.0
1148,2351104,3,0,0,3,0.0,0.0,1.0,-3.1470577232539655e-05,0.27169447764754295,0.020465289149433373,-4.333229565620423,0.009697641443926841,0.05942971631884575,0.03833702206611633,0.07699098438024521,1.0
1149,2353152,5,0,0,5,0.0,0.0,1.0,0.0032784438226372004,0.31204409897327423,0.020638999715447425,-4.33482871055603,0.01468974516610615,0.05940278619527817,0.03819850832223892,0.0770525261759758,1.0
1150,2355200,8,0,0,8,0.0,0.0,1.0,-0.0005080045200884342,0.3964935153722763,0.022103339340537785,-4.337768173217773,0.010085788427386434,0.05938464403152466,0.03811385855078697,0.07716304808855057,1.0
1151,2357248,3,0,0,3,0.0,0.0,1.0,0.001540861278772354,0.35620530843734743,0.023205138836055995,-4.339053153991699,0.015251122554764152,0.05940653011202812,0.03809281811118126,0.07751394063234329,1.0
1152,2359296,9,0,0,9,0.0,0.0,1.0,0.0015750487800687551,0.4210091382265091,0.023657797370105982,-4.340414214134216,0.012732344021787866,0.05932494252920151,0.03808794170618057,0.07757826149463654,1.0
1153,2361344,4,0,0,4,0.0,0.0,1.0,0.0027367733418941498,0.585767063498497,0.022267916053533555,-4.345672249794006,0.007352380268275738,0.05922914668917656,0.03813542053103447,0.07764152437448502,1.0
1154,2363392,4,0,0,4,0.0,0.0,1.0,0.002860567206516862,0.6046787470579147,0.021122241485863925,-4.348956179618836,0.010903093963861465,0.059163570404052734,0.03814629465341568,0.07758703082799911,1.0
1155,2365440,6,0,0,6,0.0,0.0,1.0,-0.0003807316068559885,0.6969414532184601,0.021878805849701165,-4.350001931190491,0.014553753606742248,0.05919528007507324,0.038157567381858826,0.07758771628141403,1.0
1156,2367488,8,0,0,8,0.0,0.0,1.0,-0.00027870568446815015,0.2967980921268463,0.021557893976569174,-4.349480080604553,0.014514583197887987,0.05914273485541344,0.0381176583468914,0.07749629020690918,1.0
1157,2369536,3,0,0,3,0.0,0.0,1.0,-0.0007335152477025986,0.26466606706380846,0.020485279243439437,-4.355174970626831,0.007105354365194216,0.05898775905370712,0.03802472725510597,0.07751064002513885,1.0
1158,2371584,9,0,0,9,0.0,0.0,1.0,-0.001043744059279561,0.551368048787117,0.02011620784178376,-4.36149492263794,0.014079927880084142,0.058954741805791855,0.03799966722726822,0.07743721455335617,1.0
1159,2373632,3,0,0,3,0.0,0.0,1.0,-0.0002492691623046994,0.34064090996980667,0.022969827614724637,-4.359138321876526,0.007210565160494298,0.05905326455831528,0.03804541379213333,0.0774400532245636,1.0
1160,2375680,4,0,0,4,0.0,0.0,1.0,0.005810275068506598,0.47713391333818433,0.02270274730399251,-4.357844877243042,0.013511871779337525,0.058947525918483734,0.03801034390926361,0.07725542038679123,1.0
1161,2377728,6,0,0,6,0.0,0.0,1.0,0.007649847492575646,0.457316680252552,0.02162039652466774,-4.364276576042175,0.013233280181884766,0.05882546305656433,0.03797794133424759,0.07705467194318771,1.0
1162,2379776,7,0,0,7,0.0,0.0,1.0,0.006410774448886514,0.413388554751873,0.022006125282496215,-4.367046475410461,0.017319317685905843,0.05883020907640457,0.03797047212719917,0.077006995677948,1.0
1163,2381824,4,0,0,4,0.0,0.0,1.0,-0.0008390223840251565,0.41549951285123826,0.022642519511282443,-4.367194557189942,0.006651727069402114,0.058805517852306366,0.037791285663843155,0.07698127627372742,1.0
1164,2383872,8,0,0,8,0.0,0.0,1.0,0.0003651873907074332,0.4167738899588585,0.020921243634074927,-4.372499418258667,0.004364283487666399,0.05870363861322403,0.03767712041735649,0.07691440731287003,1.0
1165,2385920,3,0,0,3,0.0,0.0,1.0,0.000801849877461791,0.5501002460718155,0.02237432114779949,-4.38068835735321,0.007490670611150563,0.05848359316587448,0.037514396011829376,0.07691960036754608,1.0
1166,2387968,4,0,0,4,0.0,0.0,1.0,0.00767129072919488,0.4543207257986069,0.020205799397081135,-4.392020535469055,0.019419081811793148,0.058318622410297394,0.03752826154232025,0.07672951370477676,1.0
1167,2390016,8,0,0,8,0.0,0.0,1.0,0.0034098082687705755,0.47545338720083236,0.022478852700442076,-4.397141337394714,0.017419204936595635,0.05823923647403717,0.03753163665533066,0.07661037147045135,1.0
1168,2392064,5,0,0,5,0.0,0.0,1.0,-0.0023110625334084034,0.4596928596496582,0.020283241011202335,-4.4006267786026,0.014843219798058272,0.05816908925771713,0.037458330392837524,0.07666634768247604,1.0
1169,2394112,6,0,1,5,0.0,0.16666666666666666,0.8333333333333334,-0.0014719475992023944,2.377955913543701,0.022618538793176414,-4.405462169647217,0.016808967204997315,0.0580689013004303,0.03739194571971893,0.07657285779714584,1.0
1170,2396160,8,1,0,7,0.125,0.0,0.875,-4.240882117301226e-05,0.7310535311698914,0.023016199562698604,-4.408187127113342,0.012587801879271865,0.058090608566999435,0.03742942214012146,0.07648513466119766,1.0
1171,2398208,4,1,0,3,0.25,0.0,0.75,0.002724310802295804,0.44952287524938583,0.02148728109896183,-4.4035237550735475,0.015379566099727526,0.058220844715833664,0.03752068430185318,0.07661131769418716,1.0
1172,2400256,2,0,0,2,0.0,0.0,1.0,-0.0012531216954812408,0.5539744153618813,0.021143675409257413,-4.396062564849854,0.011569691286422313,0.05836473032832146,0.037639178335666656,0.07680121809244156,1.0
1173,2402304,7,0,0,7,0.0,0.0,1.0,0.006463351869024336,0.4410750284790993,0.021885949838906526,-4.392237067222595,0.01606555574107915,0.05831851810216904,0.03762761130928993,0.07661332190036774,1.0
1174,2404352,5,0,0,5,0.0,0.0,1.0,-0.0001108990516513586,0.4943690910935402,0.023249149788171053,-4.3950111150741575,0.016771433531539516,0.05826787278056145,0.03758575767278671,0.07647165656089783,1.0
1175,2406400,10,0,0,10,0.0,0.0,1.0,0.01145315661560744,0.49858524054288866,0.021911995857954024,-4.395833492279053,0.024069213023176418,0.05831495672464371,0.037559788674116135,0.07669234275817871,1.0
1176,2408448,5,0,0,5,0.0,0.0,1.0,0.005924671143293381,0.6498384565114975,0.023013589158654212,-4.396073627471924,0.018876439426094294,0.0582549087703228,0.037493884563446045,0.07661193609237671,1.0
1177,2410496,3,0,0,3,0.0,0.0,1.0,-0.0007920952048152685,0.5426767110824585,0.022263343539088966,-4.401130485534668,0.011229432706022635,0.05810287594795227,0.0374833308160305,0.07629746198654175,1.0
1178,2412544,3,0,0,3,0.0,0.0,1.0,0.004095183545723557,0.7387919187545776,0.02371894009411335,-4.408217787742615,0.010769304842688144,0.05795850604772568,0.037461746484041214,0.07623931020498276,1.0
1179,2414592,8,1,0,7,0.125,0.0,0.875,0.0001655823551118374,0.9622246891260147,0.02416950175538659,-4.413182783126831,0.007986419793451206,0.05792495608329773,0.0374823734164238,0.07619404792785645,1.0
1180,2416640,4,0,0,4,0.0,0.0,1.0,0.004006564756855369,0.6196189820766449,0.024788480903953313,-4.414461851119995,0.01473468981566839,0.05786294862627983,0.037487804889678955,0.07608175277709961,1.0
1181,2418688,11,0,0,11,0.0,0.0,1.0,0.0073385258670896295,0.49839278012514115,0.025255010370165108,-4.417239379882813,0.016735424927901477,0.05782147869467735,0.03744036704301834,0.07601282000541687,1.0
1182,2420736,4,0,0,4,0.0,0.0,1.0,0.0010013743536546825,0.5072223320603371,0.023053502757102252,-4.419003653526306,0.013335555471712723,0.05779547244310379,0.037404511123895645,0.07597298175096512,1.0
1183,2422784,2,0,0,2,0.0,0.0,1.0,-0.0022062654374167324,0.5261436477303505,0.026065952144563198,-4.423360300064087,0.0053813652251847085,0.05759888514876366,0.03731842339038849,0.0756489709019661,1.0
1184,2424832,5,1,0,4,0.2,0.0,0.8,-0.002096409071236849,0.7996545463800431,0.02608779352158308,-4.433879089355469,0.01203752919100225,0.05742354691028595,0.037248559296131134,0.07534782588481903,1.0
1185,2426880,9,1,0,8,0.1111111111111111,0.0,0.8888888888888888,0.007761162100359797,0.6747069388628006,0.02523306552320719,-4.439611887931823,0.021222719160141422,0.057354189455509186,0.03723478689789772,0.07521097362041473,1.0
1186,2428928,3,0,0,3,0.0,0.0,1.0,-0.0016617691377177834,0.3363489553332329,0.022833523992449044,-4.4413000583648685,0.01343363806954585,0.05733460187911987,0.03727255016565323,0.07520030438899994,1.0
1187,2430976,12,0,0,12,0.0,0.0,1.0,-0.0017296578502282501,0.3708393856883049,0.021097950637340546,-4.440733742713928,0.011947548243915663,0.057398706674575806,0.03722801432013512,0.0752541795372963,1.0
1188,2433024,2,0,0,2,0.0,0.0,1.0,-0.0020812686532735826,0.6368823602795601,0.020698389131575824,-4.438185739517212,0.011563925235532225,0.05740883946418762,0.037202753126621246,0.07524082064628601,1.0
1189,2435072,1,0,0,1,0.0,0.0,1.0,-0.0008871972095221281,0.4975669950246811,0.022425160463899373,-4.439742088317871,0.007641152752330527,0.05734492838382721,0.03726862370967865,0.07511488348245621,1.0
1190,2437120,6,0,0,6,0.0,0.0,1.0,0.001895316573791206,0.9125582277774811,0.024419626407325267,-4.44281497001648,0.015049041010206566,0.05721495673060417,0.037346381694078445,0.07484473288059235,1.0
1191,2439168,11,0,0,11,0.0,0.0,1.0,0.0032726472709327936,0.42816649228334425,0.02216979833319783,-4.447314333915711,0.009458388609346002,0.05712655186653137,0.03736400231719017,0.07462583482265472,1.0
1192,2441216,5,2,0,3,0.4,0.0,0.6,0.00010532799642533064,0.6297756373882294,0.02155635356903076,-4.4511559963226315,0.008561460487544536,0.05699734389781952,0.037434451282024384,0.07420346140861511,1.0
1193,2443264,10,0,0,10,0.0,0.0,1.0,-0.00253313013818115,0.24044003933668137,0.020883024483919144,-4.454299879074097,0.005498064425773918,0.056987106800079346,0.03737632930278778,0.07404613494873047,1.0
1194,2445312,0,0,0,0,0.0,0.0,0.0,0.0029984833672642708,0.32247295081615446,0.02198638552799821,-4.452717185020447,0.012350220134248958,0.057028673589229584,0.03741078078746796,0.07394108176231384,1.0
1195,2447360,2,0,0,2,0.0,0.0,1.0,0.004654757003299892,0.490164752304554,0.024498951621353626,-4.450144696235657,0.011768789583584294,0.05705224722623825,0.03748009353876114,0.07388775795698166,1.0
1196,2449408,8,1,0,7,0.125,0.0,0.875,0.007895111269317568,0.6495827287435532,0.0219095541164279,-4.447838234901428,0.020336459251120688,0.057118818163871765,0.03746882826089859,0.07396326214075089,1.0
1197,2451456,7,0,0,7,0.0,0.0,1.0,0.001103188283741474,0.39033153653144836,0.021961075626313685,-4.4456343173980715,0.0047269660630263385,0.05710495635867119,0.03755607455968857,0.07390019297599792,1.0
1198,2453504,6,0,0,6,0.0,0.0,1.0,-0.0003713092999532819,0.3011011049151421,0.020659243036061526,-4.44801185131073,0.009123990754596889,0.05697043240070343,0.037618085741996765,0.07361454516649246,1.0
1199,2455552,9,0,0,9,0.0,0.0,1.0,0.0004940505139529705,0.3471657931804657,0.022080537490546705,-4.451799130439758,0.007975816127145662,0.056957077234983444,0.03770500421524048,0.07354965060949326,1.0
1200,2457600,2,1,1,0,0.5,0.5,0.0,0.002435926301404834,2.6912974238395693,0.020008356776088476,-4.447818231582642,0.01948611671687104,0.05705493688583374,0.03787611424922943,0.07374298572540283,1.0
1201,2459648,3,0,0,3,0.0,0.0,1.0,0.0005953289801254869,0.4939957961440086,0.01974706007167697,-4.441775369644165,0.01460699262097478,0.057212941348552704,0.03780781477689743,0.07418329268693924,1.0
1202,2461696,7,0,0,7,0.0,0.0,1.0,-0.00016000219620764254,0.49438338726758957,0.019147962797433138,-4.439091348648072,0.010615857789525762,0.05722229927778244,0.03765646368265152,0.07435943186283112,1.0
1203,2463744,5,0,0,5,0.0,0.0,1.0,0.00022805812768638133,0.21935759708285332,0.018044540472328664,-4.440369582176208,0.007898278947686776,0.05729835480451584,0.0375264473259449,0.07456672191619873,1.0
1204,2465792,6,0,0,6,0.0,0.0,1.0,0.0015387002378702164,0.15343743488192557,0.020126524101942777,-4.4366069555282595,0.02029517969349399,0.05737984925508499,0.037578679621219635,0.07468418031930923,1.0
1205,2467840,9,0,0,9,0.0,0.0,1.0,0.004044174635782838,0.34788528084754944,0.019930338952690363,-4.432705998420715,0.01796242314740084,0.05744980275630951,0.03761865943670273,0.07492077350616455,1.0
1206,2469888,5,2,0,3,0.4,0.0,0.6,0.005781874852254986,0.9234908282756805,0.020930326357483865,-4.431332850456238,0.01808700757683255,0.05744057893753052,0.03761328011751175,0.07492252439260483,1.0
1207,2471936,1,0,0,1,0.0,0.0,1.0,0.0034098382573574783,0.5895417749881744,0.022354268189519643,-4.433288478851319,0.009583407174795866,0.057418178766965866,0.03754092752933502,0.07510648667812347,1.0
1208,2473984,8,0,0,8,0.0,0.0,1.0,0.003239791002124548,0.7153191238641738,0.021492756996303798,-4.435069155693054,0.010018348071025685,0.05739666521549225,0.03751588985323906,0.075283482670784,1.0
1209,2476032,7,1,0,6,0.14285714285714285,0.0,0.8571428571428571,0.000286428164690733,0.7086465179920196,0.019918063189834356,-4.435965371131897,0.012178021471481771,0.05740027874708176,0.03764871507883072,0.0752391666173935,1.0
1210,2478080,5,0,0,5,0.0,0.0,1.0,-0.00045889196917414665,0.36770361959934234,0.018447293527424337,-4.433949279785156,0.013305494014639407,0.05742695927619934,0.03765105828642845,0.07536737620830536,1.0
1211,2480128,7,0,0,7,0.0,0.0,1.0,-0.0016226700739935041,0.350322388112545,0.016623945347964762,-4.436988043785095,0.009335287869907916,0.05728568881750107,0.03745254501700401,0.07528962939977646,1.0
1212,2482176,5,0,0,5,0.0,0.0,1.0,0.0014025365700945259,0.4212998315691948,0.021229021716862917,-4.444657492637634,0.011554031539708376,0.057286374270915985,0.03728044405579567,0.07532032579183578,1.0
1213,2484224,2,0,0,2,0.0,0.0,1.0,0.004712340421974659,0.8965140014886857,0.021990554966032506,-4.444009566307068,0.01230846147518605,0.057309024035930634,0.03716936334967613,0.07541906833648682,1.0
1214,2486272,7,1,0,6,0.14285714285714285,0.0,0.8571428571428571,4.4600153341889384e-05,1.2004525363445282,0.02176317935809493,-4.444258785247802,0.012508938868995756,0.057369839400053024,0.037080805748701096,0.07554205507040024,1.0
1215,2488320,6,0,0,6,0.0,0.0,1.0,0.0006206207908689976,0.8615478366613388,0.021058217249810697,-4.44462513923645,0.006866559328045696,0.05728065222501755,0.03699304163455963,0.07542331516742706,1.0
1216,2490368,9,0,0,9,0.0,0.0,1.0,0.012047973345033824,0.46321321129798887,0.020707039535045622,-4.450664496421814,0.02662657507462427,0.057194896042346954,0.03690890222787857,0.07530039548873901,1.0
1217,2492416,5,0,0,5,0.0,0.0,1.0,0.0003482317784801126,0.5382500752806664,0.019811717607080937,-4.453040981292725,0.015590801095822827,0.05718899518251419,0.03689538687467575,0.07527533918619156,1.0
1218,2494464,4,1,0,3,0.25,0.0,0.75,0.002226830134168267,0.5497439309954644,0.020340520422905684,-4.455041360855103,0.019861984642921014,0.0571029931306839,0.036807481199502945,0.07525463402271271,1.0
1219,2496512,4,0,0,4,0.0,0.0,1.0,0.0013948091771453619,0.28424151092767713,0.020466405618935823,-4.460106730461121,0.013581486488692462,0.05702582746744156,0.03679480403661728,0.07507356256246567,1.0
1220,2498560,6,0,0,6,0.0,0.0,1.0,-0.0006949367700144649,0.19218125343322753,0.019052340183407068,-4.460869264602661,0.009587945224484428,0.05704789608716965,0.036883171647787094,0.07505729794502258,1.0
1221,2500608,4,0,0,4,0.0,0.0,1.0,0.0033948640804737805,0.1354684244841337,0.02023488450795412,-4.457373428344726,0.01328436026815325,0.057134147733449936,0.03694348782300949,0.07514533400535583,1.0
1222,2502656,10,0,0,10,0.0,0.0,1.0,-0.0004240020178258419,0.10547421686351299,0.01929121734574437,-4.454730796813965,0.010436312074307352,0.05711490660905838,0.03692241013050079,0.07505001127719879,1.0
1223,2504704,4,0,0,4,0.0,0.0,1.0,0.0003092295490205288,0.6089489206671714,0.019936775974929332,-4.458426976203919,0.01119823001208715,0.056980766355991364,0.03683135285973549,0.07468847185373306,1.0
1224,2506752,4,0,0,4,0.0,0.0,1.0,0.0035667428513988853,0.11040020547807217,0.01958601837977767,-4.4643017768859865,0.014451767824357375,0.05692918226122856,0.036749958992004395,0.07465582340955734,1.0
1225,2508800,4,0,0,4,0.0,0.0,1.0,0.0007845916785299778,0.34581470787525176,0.021186857391148804,-4.466173267364502,0.009290489356499166,0.05690529942512512,0.03669459745287895,0.07463831454515457,1.0
1226,2510848,8,0,1,7,0.0,0.125,0.875,-0.00046941102482378483,2.5313737452030183,0.02318468941375613,-4.468770813941956,0.012438824807759374,0.056875549256801605,0.036562006920576096,0.0746537372469902,1.0
1227,2512896,4,0,0,4,0.0,0.0,1.0,0.0011449725832790136,0.4296866849064827,0.022223449684679507,-4.470151972770691,0.009838705282891168,0.056874826550483704,0.03656228631734848,0.0746014267206192,1.0
1228,2514944,10,0,1,9,0.0,0.1,0.9,0.0003361170645803213,1.9560607612133025,0.02167702913284302,-4.472067379951477,0.019073841482168064,0.05672736093401909,0.036583781242370605,0.0742177739739418,1.0
1229,2516992,5,0,0,5,0.0,0.0,1.0,0.0015323143685236572,0.30824287682771684,0.018866340816020965,-4.479049968719482,0.008018688700394705,0.05659666657447815,0.03655385598540306,0.07398583739995956,1.0
1230,2519040,3,1,0,2,0.3333333333333333,0.0,0.6666666666666666,0.0018445641733705997,0.43150819689035413,0.017708042170852423,-4.483474373817444,0.014000848057912662,0.05654209852218628,0.03655305504798889,0.07369699329137802,1.0
1231,2521088,5,0,0,5,0.0,0.0,1.0,-0.001298884628340602,0.25212893411517145,0.018244028091430664,-4.484640884399414,0.013050371868303046,0.056458450853824615,0.036598995327949524,0.07335968315601349,1.0
1232,2523136,7,1,0,6,0.14285714285714285,0.0,0.8571428571428571,-0.0014532628934830426,0.32199962213635447,0.016373828053474426,-4.485260367393494,0.009763406781712548,0.05651719495654106,0.036775894463062286,0.07327521592378616,1.0
1233,2525184,5,1,0,4,0.2,0.0,0.8,0.0020523132290691136,0.478839173913002,0.018597464822232724,-4.47782609462738,0.012867028900654987,0.0566302165389061,0.03686586767435074,0.07339617609977722,1.0
1234,2527232,11,0,0,11,0.0,0.0,1.0,0.00045581678859889506,0.3603255018591881,0.021267990674823524,-4.475675892829895,0.009646741987671703,0.05657506734132767,0.03684617578983307,0.07328017801046371,1.0
1235,2529280,2,0,0,2,0.0,0.0,1.0,-0.0007346613332629204,0.5589189156889915,0.02342784283682704,-4.4802580833435055,0.0035244381811935454,0.05644937977194786,0.036888401955366135,0.07323756068944931,1.0
1236,2531328,4,0,1,3,0.0,0.25,0.75,0.0023178397910669445,2.641568291187286,0.026590231247246264,-4.484299564361573,0.01440084093483165,0.05644521862268448,0.03692583367228508,0.0733954980969429,1.0
1237,2533376,6,1,0,5,0.16666666666666666,0.0,0.8333333333333334,0.00028109792619943617,0.7497705012559891,0.02464970909059048,-4.482252931594848,0.01120297530433163,0.056481000036001205,0.036983560770750046,0.07333434373140335,1.0
1238,2535424,5,0,0,5,0.0,0.0,1.0,0.00423199413344264,0.5171700060367584,0.021133418753743173,-4.480844712257385,0.016860878601437434,0.056484054774045944,0.0370401106774807,0.07341936975717545,1.0
1239,2537472,6,0,0,6,0.0,0.0,1.0,0.0025034502614289522,0.4997909277677536,0.022403591871261598,-4.4833251953125,0.006500302877975627,0.05636788159608841,0.0369940809905529,0.07337180525064468,1.0
1240,2539520,11,2,1,8,0.18181818181818182,0.09090909090909091,0.7272727272727273,-0.0007617427501827479,1.1311017513275146,0.01826794622465968,-4.486024618148804,0.015207004861440509,0.05644878372550011,0.03707987070083618,0.0734165832400322,1.0
1241,2541568,5,2,0,3,0.4,0.0,0.6,0.0006683140527456999,0.8427090883255005,0.018545373529195785,-4.479273390769959,0.01725588258705102,0.056551188230514526,0.037129297852516174,0.0736275464296341,1.0
1242,2543616,3,0,0,3,0.0,0.0,1.0,0.007984253764152526,0.19659570455551148,0.01942071709781885,-4.477172636985779,0.028911972942296416,0.0565398745238781,0.03717875853180885,0.07366777956485748,1.0
1243,2545664,4,0,0,4,0.0,0.0,1.0,0.0008111642906442285,0.5792413085699082,0.021792279183864595,-4.4783453941345215,0.01647524603176862,0.05647164210677147,0.0372297428548336,0.073447085916996,1.0
1244,2547712,8,2,1,5,0.25,0.125,0.625,0.0016930899349972607,2.8802304029464723,0.02443209309130907,-4.480353045463562,0.009529441327322275,0.05646806210279465,0.03716015815734863,0.07349320501089096,1.0
1245,2549760,8,0,1,7,0.0,0.125,0.875,-0.0003264120779931545,1.668940496444702,0.022132965736091137,-4.483188652992249,0.015438192716101185,0.056330494582653046,0.03712056949734688,0.07324620336294174,1.0
1246,2551808,9,1,0,8,0.1111111111111111,0.0,0.8888888888888888,0.004745800467208028,0.41418113857507705,0.021221695095300676,-4.488477492332459,0.019635370024479924,0.05630157142877579,0.03717624023556709,0.07319273799657822,1.0
1247,2553856,4,1,0,3,0.25,0.0,0.75,-0.002607147837989032,0.9145442694425583,0.021479703579097988,-4.488975238800049,0.008254545385716483,0.056258052587509155,0.037065256386995316,0.0732840970158577,1.0
1248,2555904,4,1,0,3,0.25,0.0,0.75,0.000645126448944211,0.4775931894779205,0.02011766452342272,-4.493745040893555,0.011699861648958176,0.05625166743993759,0.036796215921640396,0.07350935786962509,1.0
1249,2557952,0,0,0,0,0.0,0.0,0.0,-0.00015787244774401188,0.5057283818721772,0.021353294048458336,-4.496126627922058,0.012121348106302322,0.05624490603804588,0.03676426038146019,0.07357976585626602,1.0
1250,2560000,9,0,1,8,0.0,0.1111111111111111,0.8888888888888888,-0.0025834992760792375,2.049742692708969,0.02336461916565895,-4.49559633731842,0.026609186141286045,0.056296076625585556,0.03677373751997948,0.07375776022672653,1.0
1251,2562048,12,0,0,12,0.0,0.0,1.0,-0.000831234734505415,0.384986013174057,0.020675853360444307,-4.497482633590698,0.010004435811424628,0.05615678429603577,0.036597538739442825,0.07366233319044113,1.0
1252,2564096,5,0,0,5,0.0,0.0,1.0,0.0050689417636021975,0.2605137415230274,0.018701496068388224,-4.504829549789429,0.009845491836313159,0.05612456053495407,0.03648175671696663,0.07356129586696625,1.0
1253,2566144,3,1,0,2,0.3333333333333333,0.0,0.6666666666666666,-0.0014999547507613896,0.4818877637386322,0.02096854690462351,-4.503804874420166,0.013664837344549596,0.05619380995631218,0.036556750535964966,0.0735616460442543,1.0
1254,2568192,4,0,0,4,0.0,0.0,1.0,-0.0015955074224621058,0.27544170171022414,0.02030013669282198,-4.501843690872192,0.012233144440688192,0.05611007660627365,0.03652859106659889,0.0733124241232872,1.0
1255,2570240,2,0,0,2,0.0,0.0,1.0,0.005183953396044672,0.376522895693779,0.021344918850809337,-4.508148336410523,0.02124398437445052,0.05597309395670891,0.03645992651581764,0.07301755249500275,1.0
1256,2572288,7,0,0,7,0.0,0.0,1.0,0.0003559497417882085,0.5719197735190391,0.021027640905231237,-4.511537194252014,0.017329386662459,0.05600256845355034,0.036482073366642,0.07309053093194962,1.0
1257,2574336,15,3,0,12,0.2,0.0,0.8,0.0005791151896119117,0.7907231569290161,0.018845927063375713,-4.507023596763611,0.007924885320244357,0.05613955855369568,0.03649856895208359,0.07341313362121582,1.0
1258,2576384,2,0,0,2,0.0,0.0,1.0,0.0026447746669873594,0.3138024941086769,0.01550217680633068,-4.504166150093079,0.013716092641698197,0.05610845237970352,0.036452215164899826,0.0735224038362503,1.0
1259,2578432,5,0,0,5,0.0,0.0,1.0,0.00037391139194369315,0.287771412730217,0.01911198878660798,-4.508060598373413,0.004631396580953151,0.05608003959059715,0.036278534680604935,0.0735139325261116,1.0
1260,2580480,3,2,0,1,0.6666666666666666,0.0,0.3333333333333333,-0.0027982203755527735,0.6838387995958328,0.01897342540323734,-4.511847686767578,0.0069758141064085065,0.05600585788488388,0.03616160899400711,0.07348743826150894,1.0
1261,2582528,3,0,0,3,0.0,0.0,1.0,0.00048286715755239127,0.3147041961550713,0.019326540920883418,-4.515832185745239,0.013096088077872992,0.056001581251621246,0.03601328656077385,0.07363007962703705,1.0
1262,2584576,5,1,0,4,0.2,0.0,0.8,0.0160879555856809,0.5684794276952744,0.020647760294377804,-4.514904022216797,0.03282519682543352,0.05610772222280502,0.03602709621191025,0.07371293008327484,1.0
1263,2586624,15,1,0,14,0.06666666666666667,0.0,0.9333333333333333,0.0036032919771969317,0.5693571284413338,0.01908414326608181,-4.509835433959961,0.016955712798517198,0.056172989308834076,0.035987142473459244,0.0737716481089592,1.0
1264,2588672,2,0,0,2,0.0,0.0,1.0,-0.0018369828234426678,0.6408277988433838,0.018900104518979787,-4.509312701225281,0.004059499659342691,0.056135863065719604,0.03601692244410515,0.07371549308300018,1.0
1265,2590720,5,1,0,4,0.2,0.0,0.8,0.0004983536200597882,0.38393963873386383,0.019740977324545383,-4.509402394294739,0.007774815463926643,0.05615221709012985,0.03613636642694473,0.07365629076957703,1.0
1266,2592768,2,0,0,2,0.0,0.0,1.0,0.0029209900414571164,0.35321675688028337,0.021237567346543074,-4.509333825111389,0.014993754669558258,0.05605839192867279,0.036071065813302994,0.07342757284641266,1.0
1267,2594816,6,0,0,6,0.0,0.0,1.0,0.0011829966912046074,0.3880932703614235,0.02170939426869154,-4.515740489959716,0.009718448034254834,0.05591684207320213,0.036062296479940414,0.07301520556211472,1.0
1268,2596864,3,0,0,3,0.0,0.0,1.0,0.0032077616546303035,0.4165050879120827,0.021552004851400852,-4.521191191673279,0.015370927919866518,0.05579162761569023,0.03601571172475815,0.07281702011823654,1.0
1269,2598912,15,0,0,15,0.0,0.0,1.0,-0.0008751225657761097,0.2262647844851017,0.019893819745630027,-4.523467469215393,0.0039110430516302586,0.05590015649795532,0.03611969202756882,0.07313967496156693,1.0
1270,2600960,1,0,0,1,0.0,0.0,1.0,0.0034321137238293884,0.1686851643025875,0.019084573537111283,-4.519550061225891,0.019456032733432948,0.05585884675383568,0.03611733019351959,0.07325272262096405,1.0
1271,2603008,5,0,0,5,0.0,0.0,1.0,0.0008003008086234331,0.5401196137070656,0.020877460669726133,-4.524749994277954,0.004401505482383073,0.05572870001196861,0.03606162592768669,0.07313323765993118,1.0
1272,2605056,2,0,0,2,0.0,0.0,1.0,0.0001615151297301054,0.6455647259950638,0.02177578806877136,-4.530676984786988,0.009209669730626046,0.055667631328105927,0.03601805120706558,0.07302423566579819,1.0
1273,2607104,6,0,0,6,0.0,0.0,1.0,0.003560473513789475,0.5426114529371262,0.02031308487057686,-4.533233594894409,0.009542399027850479,0.055616796016693115,0.03595441207289696,0.0729392021894455,1.0
1274,2609152,7,1,0,6,0.14285714285714285,0.0,0.8571428571428571,0.001999105210416019,0.7707699865102768,0.022505529038608075,-4.537296533584595,0.007785887963837013,0.05552627891302109,0.0358799584209919,0.07285796850919724,1.0
1275,2611200,12,0,0,12,0.0,0.0,1.0,-0.0015550724463537335,0.19372600577771665,0.01846000486984849,-4.539420771598816,0.01623835276113823,0.05556756258010864,0.03595836088061333,0.07286232709884644,1.0
1276,2613248,3,0,0,3,0.0,0.0,1.0,-0.0025870483368635178,0.4620216816663742,0.017797762248665094,-4.536773204803467,0.004971553623909131,0.055536895990371704,0.0359371080994606,0.07274512946605682,1.0
1277,2615296,3,0,0,3,0.0,0.0,1.0,0.001240519294515252,0.27895512655377386,0.01864152904599905,-4.540411376953125,0.008464500785339623,0.05548221617937088,0.03591052070260048,0.0728132352232933,1.0
1278,2617344,3,2,0,1,0.6666666666666666,0.0,0.3333333333333333,-0.0011387827340513467,0.6099393337965011,0.01889665685594082,-4.539225077629089,0.006880452920449897,0.05563591420650482,0.03601076453924179,0.07312297075986862,1.0
1279,2619392,6,0,0,6,0.0,0.0,1.0,0.0018889475148171186,0.2755310319364071,0.018668157421052455,-4.530895733833313,0.010620897082844749,0.055727869272232056,0.036098744720220566,0.07333056628704071,1.0
1280,2621440,8,0,0,8,0.0,0.0,1.0,0.0011561826104298234,0.14960114136338235,0.01659343149513006,-4.5299039602279665,0.008386301307473332,0.05567879602313042,0.03607308119535446,0.07312584668397903,1.0
1281,2623488,9,0,0,9,0.0,0.0,1.0,0.004379556584171951,0.1929299257695675,0.020921112224459647,-4.532820034027099,0.016585748473880814,0.05560634657740593,0.035990215837955475,0.07296795397996902,1.0
1282,2625536,3,0,0,3,0.0,0.0,1.0,-0.001993180369026959,0.7337360233068466,0.022142643108963966,-4.536115932464599,0.015553377830656245,0.05555412918329239,0.03596891835331917,0.07263476401567459,1.0
1283,2627584,4,1,0,3,0.25,0.0,0.75,0.0029848250793293118,1.070236787199974,0.02643996346741915,-4.539692664146424,0.008180062792962416,0.05540275201201439,0.035896796733140945,0.07221833616495132,1.0
1284,2629632,4,0,1,3,0.0,0.25,0.75,0.002856512158177793,2.526168352365494,0.024461176618933676,-4.548060154914856,0.011424247070681303,0.05527239665389061,0.03577899560332298,0.07207296788692474,1.0
1285,2631680,4,0,0,4,0.0,0.0,1.0,0.00035483879037201405,0.6782445967197418,0.02256960142403841,-4.554806590080261,0.007655342988437041,0.055155448615550995,0.03565094619989395,0.07191541790962219,1.0
1286,2633728,12,0,0,12,0.0,0.0,1.0,0.005333602940663695,0.4388869658112526,0.021518948674201965,-4.559840965270996,0.015098391828360036,0.05512266978621483,0.035624392330646515,0.07193457335233688,1.0
1287,2635776,6,0,0,6,0.0,0.0,1.0,0.002476890617981553,0.07365691885352135,0.01879643350839615,-4.559728980064392,0.012322246405528859,0.055175282061100006,0.035625677555799484,0.07206770032644272,1.0
1288,2637824,2,0,0,2,0.0,0.0,1.0,0.0005645860219374299,0.2984131783246994,0.0213374774903059,-4.559759163856507,0.006658508512191475,0.05513662099838257,0.035502463579177856,0.07212419807910919,1.0
1289,2639872,7,2,0,5,0.2857142857142857,0.0,0.7142857142857143,0.0066561573185026646,0.9270726144313812,0.021859785728156566,-4.561463403701782,0.018037303898017852,0.05518043041229248,0.03545236587524414,0.07212987542152405,1.0
1290,2641920,5,0,0,5,0.0,0.0,1.0,0.0024846796412020923,0.4969881594181061,0.02080624280497432,-4.55866506099701,0.018007962906267494,0.05522696673870087,0.0354837030172348,0.0721164122223854,1.0
1291,2643968,4,0,0,4,0.0,0.0,1.0,0.009995614131912588,0.4660913810133934,0.02155459327623248,-4.556968069076538,0.02562010185793042,0.055212654173374176,0.03556690737605095,0.07213816046714783,1.0
1292,2646016,12,1,0,11,0.08333333333333333,0.0,0.9166666666666666,-0.00029605764430016277,0.654147493839264,0.02246402809396386,-4.557275676727295,0.007934868353186176,0.055207233875989914,0.03558826446533203,0.07215139269828796,1.0
1293,2648064,4,1,0,3,0.25,0.0,0.75,0.0023447821848094465,0.4582453191280365,0.01991614541038871,-4.5570392370223995,0.017303611559327692,0.05522403120994568,0.03551703691482544,0.07208617031574249,1.0
1294,2650112,1,0,0,1,0.0,0.0,1.0,0.006318047223612666,0.406149785220623,0.02307766815647483,-4.557052230834961,0.017844231484923513,0.055216558277606964,0.035488467663526535,0.07208438217639923,1.0
1295,2652160,9,1,0,8,0.1111111111111111,0.0,0.8888888888888888,-0.0007751407567411662,0.5482303515076637,0.021764788683503865,-4.558380961418152,0.008987766358768568,0.055202022194862366,0.03541220352053642,0.07218758016824722,1.0
1296,2654208,3,0,0,3,0.0,0.0,1.0,-0.0012382206972688437,0.2802506431937218,0.021122358087450267,-4.559779071807862,0.006142401084071025,0.0552263967692852,0.035379089415073395,0.07243341952562332,1.0
1297,2656256,5,0,0,5,0.0,0.0,1.0,0.005503374279942364,0.3302914187312126,0.02097588311880827,-4.560891819000244,0.018340820114826784,0.055154260247945786,0.035334691405296326,0.07211169600486755,1.0
1298,2658304,12,0,0,12,0.0,0.0,1.0,-0.0005119975423440338,0.5717720359563827,0.023870481830090284,-4.563955640792846,0.012714283127570525,0.05509696528315544,0.03529256954789162,0.07204527407884598,1.0
1299,2660352,4,0,2,2,0.0,0.5,0.5,-0.005396588682197034,2.6575421571731566,0.022578326147049667,-4.566604018211365,0.01842890538973734,0.05505753308534622,0.03538341075181961,0.07188859581947327,1.0
1300,2662400,4,0,0,4,0.0,0.0,1.0,0.0008982300758361816,0.39779441952705386,0.022546351701021195,-4.567265748977661,0.017349948838818817,0.054989077150821686,0.035366035997867584,0.07171659171581268,1.0
1301,2664448,6,0,0,6,0.0,0.0,1.0,-0.0030007485998794436,0.5614013880491256,0.022256668377667665,-4.572118592262268,0.00797394294058904,0.05490816384553909,0.03519595414400101,0.07157846540212631,1.0
1302,2666496,3,1,0,2,0.3333333333333333,0.0,0.6666666666666666,-0.00034932892303913833,0.6579419195652008,0.02074629571288824,-4.576288747787475,0.011776856216602027,0.05492562800645828,0.0350477397441864,0.07172003388404846,1.0
1303,2668544,4,0,0,4,0.0,0.0,1.0,0.003489552065730095,0.5045946314930916,0.02151073273271322,-4.577612400054932,0.014526433066930623,0.05483374744653702,0.03503671661019325,0.07166465371847153,1.0
1304,2670592,13,1,0,12,0.07692307692307693,0.0,0.9230769230769231,0.0028362827375531196,0.46441623866558074,0.02209203727543354,-4.582493853569031,0.021835971396649258,0.05480742081999779,0.03501380607485771,0.07165621221065521,1.0
1305,2672640,3,0,0,3,0.0,0.0,1.0,-0.0021989624947309494,0.20814472585916519,0.017274172510951757,-4.582899188995361,0.011332220007898287,0.0547904372215271,0.034980397671461105,0.07162664830684662,1.0
1306,2674688,6,0,0,6,0.0,0.0,1.0,-0.001682477118447423,0.14445728473365307,0.016855653375387192,-4.587540102005005,0.005820448452141136,0.05464249476790428,0.03479776158928871,0.0714133232831955,1.0
1307,2676736,4,1,0,3,0.25,0.0,0.75,0.001685278001241386,0.3832956224679947,0.018234519567340613,-4.593199157714844,0.011019314033910632,0.05470799654722214,0.03468099609017372,0.07150252908468246,1.0
1308,2678784,3,0,0,3,0.0,0.0,1.0,-0.0032969533349387348,0.2358999915421009,0.01859841952100396,-4.590067672729492,0.012212034716503695,0.054775696247816086,0.03457195684313774,0.07169048488140106,1.0
1309,2680832,7,0,1,6,0.0,0.14285714285714285,0.8571428571428571,0.00400740111945197,2.939617645740509,0.024155115336179735,-4.588909101486206,0.01299404434976168,0.05484117567539215,0.034455619752407074,0.07195645570755005,1.0
1310,2682880,11,1,0,10,0.09090909090909091,0.0,0.9090909090909091,0.0021989620756357907,0.6816762298345566,0.020573246758431196,-4.58812382221222,0.0164944973483216,0.054888054728507996,0.034348029643297195,0.07215870171785355,1.0
1311,2684928,4,1,0,3,0.25,0.0,0.75,0.00021079620346426965,0.4881835550069809,0.02001136224716902,-4.589034986495972,0.008274642628384754,0.0547788143157959,0.034445907920598984,0.07169917225837708,1.0
1312,2686976,4,0,0,4,0.0,0.0,1.0,0.0009662738768383861,0.4567673295736313,0.023542061820626257,-4.59277229309082,0.006974194990471005,0.05471388250589371,0.034317996352910995,0.07147884368896484,1.0
1313,2689024,5,0,1,4,0.0,0.2,0.8,0.00159486448392272,1.998472410440445,0.02015695469453931,-4.59601354598999,0.01736467072041705,0.05467599630355835,0.03432202339172363,0.07144232839345932,1.0
1314,2691072,4,2,0,2,0.5,0.0,0.5,0.0019183699274435639,0.6881560027599335,0.020713877771049737,-4.592184948921203,0.014991523354547098,0.05487919598817825,0.03442954644560814,0.07187055796384811,1.0
1315,2693120,8,0,0,8,0.0,0.0,1.0,0.005407612561248243,0.4143928125500679,0.0247774388641119,-4.584850859642029,0.018343390699010344,0.054901059716939926,0.03444388881325722,0.07198914885520935,1.0
1316,2695168,9,0,0,9,0.0,0.0,1.0,0.001963193528354168,0.5083974301815033,0.020501678809523582,-4.589871072769165,0.011097025877097622,0.05472630262374878,0.03428345546126366,0.07191257923841476,1.0
1317,2697216,2,0,0,2,0.0,0.0,1.0,0.004049740149639547,0.3744137570261955,0.024223762471228837,-4.599137330055237,0.011313459719531238,0.05465950071811676,0.034205276519060135,0.07194475829601288,1.0
1318,2699264,4,0,0,4,0.0,0.0,1.0,-0.0011867472901940345,0.5843354552984238,0.025497550331056117,-4.601685881614685,0.012442552985157817,0.054621271789073944,0.03412407636642456,0.07188274711370468,1.0
1319,2701312,7,1,1,5,0.14285714285714285,0.14285714285714285,0.7142857142857143,-6.139371544122696e-06,2.296385872364044,0.02812953582033515,-4.606546711921692,0.008443795965285971,0.05452091246843338,0.03391876444220543,0.07182540744543076,1.0
1320,2703360,6,2,0,4,0.3333333333333333,0.0,0.6666666666666666,0.0021143004763871432,0.5158929824829102,0.024469458870589732,-4.611420369148254,0.013831192097859457,0.054584797471761703,0.03388560190796852,0.07207431644201279,1.0
1321,2705408,10,0,0,10,0.0,0.0,1.0,0.0037838665302842855,0.1959859013557434,0.022803120221942662,-4.606694531440735,0.01841948633082211,0.05465994402766228,0.0339253805577755,0.07224613428115845,1.0
1322,2707456,7,1,0,6,0.14285714285714285,0.0,0.8571428571428571,-0.005253227869980037,0.47585965543985365,0.021444817632436754,-4.604796051979065,0.01473828760208562,0.054666876792907715,0.033928364515304565,0.07240420579910278,1.0
1323,2709504,1,0,0,1,0.0,0.0,1.0,-0.0008355552330613136,0.18857915252447127,0.019566860049962997,-4.605196642875671,0.016347599611617625,0.05467132851481438,0.03393474593758583,0.07239538431167603,1.0
1324,2711552,4,0,0,4,0.0,0.0,1.0,0.0020141682703979313,0.29779399037361143,0.02105518979951739,-4.607188653945923,0.009716423507779837,0.05456065759062767,0.03382261097431183,0.07218731194734573,1.0
1325,2713600,7,1,0,6,0.14285714285714285,0.0,0.8571428571428571,-0.0009037714451551437,0.4424134761095047,0.021490557678043844,-4.613174104690552,0.014204669377068057,0.05450175330042839,0.03385233134031296,0.07201288640499115,1.0
1326,2715648,6,1,0,5,0.16666666666666666,0.0,0.8333333333333334,-0.0008570593548938632,0.6508740663528443,0.022279642056673765,-4.613692879676819,0.003328061732463539,0.05445188283920288,0.033871132880449295,0.07197773456573486,1.0
1327,2717696,13,1,1,11,0.07692307692307693,0.07692307692307693,0.8461538461538461,-0.003031542059034109,1.6628905057907104,0.025050676614046096,-4.616187620162964,0.007425497338408605,0.05450628325343132,0.03369498997926712,0.0721145048737526,1.0
1328,2719744,3,0,0,3,0.0,0.0,1.0,-0.000517093890812248,0.8419415146112442,0.0262739391066134,-4.612752199172974,0.0035115019360091536,0.05465392768383026,0.03361690789461136,0.07236788421869278,1.0
1329,2721792,2,1,1,0,0.5,0.5,0.0,0.006197039503604174,2.210860425233841,0.026467432174831627,-4.607065200805664,0.017284581926651298,0.054732583463191986,0.033699117600917816,0.07246530801057816,1.0
1330,2723840,4,0,0,4,0.0,0.0,1.0,0.0024420432979241013,0.6802806437015534,0.024648499488830567,-4.608474016189575,0.008184905158123002,0.05458876118063927,0.03359246253967285,0.0723647028207779,1.0
1331,2725888,8,1,0,7,0.125,0.0,0.875,0.0024759098421782257,0.75369234085083,0.025498778373003007,-4.615956354141235,0.00813619812252,0.05448874086141586,0.03359267860651016,0.07221546024084091,1.0
1332,2727936,6,1,0,5,0.16666666666666666,0.0,0.8333333333333334,0.0027640110347419977,0.5270612984895706,0.021504039224237204,-4.617352747917176,0.02134728351375088,0.0545106902718544,0.03368627279996872,0.07223150879144669,1.0
1333,2729984,11,0,1,10,0.0,0.09090909090909091,0.9090909090909091,0.0015093887224793435,2.056127017736435,0.02710647974163294,-4.614351487159729,0.01854457804001868,0.05455866456031799,0.033733803778886795,0.07235609740018845,1.0
1334,2732032,2,0,0,2,0.0,0.0,1.0,0.00046164055820554497,0.226036886125803,0.018721004854887723,-4.613603115081787,0.015207988559268415,0.05450017377734184,0.03378503769636154,0.0721900686621666,1.0
1335,2734080,3,0,0,3,0.0,0.0,1.0,-0.002269834000617266,0.407943369448185,0.0225933943875134,-4.614847803115845,0.007766118907602504,0.05451459810137749,0.03381354734301567,0.07221394777297974,1.0
1336,2736128,5,1,0,4,0.2,0.0,0.8,0.002779836626723409,0.6074188441038132,0.021961824409663676,-4.613309526443482,0.015825977304484696,0.05453550070524216,0.03385232388973236,0.07229548692703247,1.0
1337,2738176,7,1,0,6,0.14285714285714285,0.0,0.8571428571428571,0.002334591909311712,0.5320958256721496,0.021801949199289083,-4.612641501426697,0.009590151614975184,0.0545138344168663,0.033916644752025604,0.07226921617984772,1.0
1338,2740224,6,1,0,5,0.16666666666666666,0.0,0.8333333333333334,0.012119984184391797,0.6239745825529098,0.02140402402728796,-4.613032341003418,0.024623426090693103,0.05449541658163071,0.03395843133330345,0.07221618294715881,1.0
1339,2742272,11,0,1,10,0.0,0.09090909090909091,0.9090909090909091,0.004822627268731594,2.6175314247608186,0.024549228139221668,-4.613360214233398,0.012871558556798845,0.05451368913054466,0.03389670327305794,0.07226818054914474,1.0
1340,2744320,2,0,0,2,0.0,0.0,1.0,0.0013532385928556323,0.5161244153976441,0.019139038398861885,-4.614922261238098,0.012221778137609362,0.05443605035543442,0.033814240247011185,0.07200752943754196,1.0
1341,2746368,3,0,0,3,0.0,0.0,1.0,0.0002173136919736862,0.7058720320463181,0.023918007872998713,-4.618602275848389,0.009393894515233115,0.05437266081571579,0.03384491801261902,0.07180135697126389,1.0
1342,2748416,4,0,1,3,0.0,0.25,0.75,-0.0014135716715827583,2.283693861961365,0.02304449649527669,-4.619694375991822,0.016991573403356598,0.05436309427022934,0.03386722505092621,0.07186119258403778,1.0
1343,2750464,8,0,0,8,0.0,0.0,1.0,0.0019957120530307293,0.36273832321166993,0.021136713121086358,-4.619543719291687,0.010110569349490107,0.054370783269405365,0.033921852707862854,0.0718580037355423,1.0
1344,2752512,7,0,0,7,0.0,0.0,1.0,0.007421616022475064,0.24402986988425254,0.017055320739746093,-4.619339728355408,0.021955741953570397,0.05432010814547539,0.03396793082356453,0.07169117778539658,1.0
1345,2754560,9,1,1,7,0.1111111111111111,0.1111111111111111,0.7777777777777778,-0.00014193400274962187,2.723525655269623,0.02118472699075937,-4.619079113006592,0.022900697641307487,0.054377444088459015,0.0340573713183403,0.07165723294019699,1.0
1346,2756608,2,0,0,2,0.0,0.0,1.0,0.0010249099577777088,0.6418284013867378,0.020527045149356125,-4.613889002799988,0.012934283883078023,0.05441806837916374,0.03417615219950676,0.07155219465494156,1.0
1347,2758656,3,0,0,3,0.0,0.0,1.0,0.0009007601067423821,0.6460875838994979,0.023180766217410564,-4.6107563972473145,0.010394554334925487,0.05448625236749649,0.03419993817806244,0.07152900844812393,1.0
1348,2760704,5,0,0,5,0.0,0.0,1.0,-0.00019306205213069915,0.8364549517631531,0.02337055029347539,-4.609589529037476,0.003949872107477858,0.05439850315451622,0.03412913903594017,0.0712868794798851,1.0
1349,2762752,7,1,0,6,0.14285714285714285,0.0,0.8571428571428571,0.0017173634143546224,0.734657683968544,0.021735386457294226,-4.6133910655975345,0.01323374803760089,0.05440669506788254,0.0340941846370697,0.07114093005657196,1.0
1350,2764800,9,0,0,9,0.0,0.0,1.0,0.0029610152007080613,0.5505165800452232,0.022598846163600684,-4.610391211509705,0.010459878441179172,0.05448490381240845,0.03415951877832413,0.07129449397325516,1.0
1351,2766848,6,0,0,6,0.0,0.0,1.0,0.0016043729847297072,0.3615455627441406,0.01870969282463193,-4.60952615737915,0.017073800053913145,0.05440346151590347,0.03412040323019028,0.07119268923997879,1.0
1352,2768896,2,0,0,2,0.0,0.0,1.0,-0.0008819549577310682,0.3688237875699997,0.018343708477914333,-4.615761756896973,0.012370193027891219,0.05426725745201111,0.0340275764465332,0.0709330141544342,1.0
1353,2770944,3,0,0,3,0.0,0.0,1.0,0.0038106872234493494,0.3472822681069374,0.021754289139062168,-4.6198344945907595,0.016955617477651685,0.05430951714515686,0.034030765295028687,0.0709003359079361,1.0
1354,2772992,6,0,0,6,0.0,0.0,1.0,0.001875275676138699,0.5452604457736016,0.02147505907341838,-4.613163232803345,0.012200639152433723,0.05447082966566086,0.034172121435403824,0.07130006700754166,1.0
1355,2775040,6,0,0,6,0.0,0.0,1.0,0.0009928198764100672,0.5446652173995972,0.022157971747219563,-4.605672931671142,0.012285136786522344,0.054565172642469406,0.03435302525758743,0.0715172290802002,1.0
1356,2777088,10,1,0,9,0.1,0.0,0.9,0.0002597035374492407,0.6862017035484314,0.020320941042155028,-4.599489307403564,0.009411641757469624,0.05466979369521141,0.03445989638566971,0.07174461334943771,1.0
1357,2779136,6,0,0,6,0.0,0.0,1.0,0.008640035334974528,0.5692957013845443,0.020774078369140626,-4.5961438655853275,0.01867612341302447,0.05464060232043266,0.034512873739004135,0.07156071811914444,1.0
1358,2781184,2,0,0,2,0.0,0.0,1.0,0.0004120526136830449,0.42626149356365206,0.02283269101753831,-4.598657703399658,0.01050103358575143,0.05456335470080376,0.034488338977098465,0.07147982716560364,1.0
1359,2783232,4,0,1,3,0.0,0.25,0.75,-0.0014389538438990713,2.6215132772922516,0.026610101200640203,-4.600913262367248,0.012723022338468582,0.05460048466920853,0.03446401655673981,0.07175091654062271,1.0
1360,2785280,7,0,0,7,0.0,0.0,1.0,-0.0004838535562157631,0.5454273581504822,0.02972602695226669,-4.599779033660889,0.007362469617510215,0.05463153123855591,0.03440013900399208,0.07194637507200241,1.0
1361,2787328,6,0,1,5,0.0,0.16666666666666666,0.8333333333333334,-0.000627721450291574,1.643410187959671,0.025710124615579845,-4.599558401107788,0.014411215716972948,0.05460846424102783,0.034479737281799316,0.0717192143201828,1.0
1362,2789376,9,0,0,9,0.0,0.0,1.0,0.0014860493014566601,0.47215126305818556,0.024117463175207375,-4.600836539268494,0.01314660399220884,0.05450808256864548,0.03447975218296051,0.07141005247831345,1.0
1363,2791424,6,1,1,4,0.16666666666666666,0.16666666666666666,0.6666666666666666,-0.000407492695376277,2.4868775367736817,0.026060852315276863,-4.604683089256286,0.007227373722707852,0.054477304220199585,0.03443852439522743,0.0713471919298172,1.0
1364,2793472,3,1,0,2,0.3333333333333333,0.0,0.6666666666666666,0.006267140293493867,0.6212177723646164,0.022420550882816314,-4.605390167236328,0.01578495196881704,0.05449610948562622,0.03442174941301346,0.07142630219459534,1.0
1365,2795520,8,2,2,4,0.25,0.25,0.5,0.0008853593957610428,4.487863159179687,0.025735260266810656,-4.604949688911438,0.02231215560459532,0.054476700723171234,0.034433748573064804,0.07134834676980972,1.0
1366,2797568,6,0,0,6,0.0,0.0,1.0,-0.002660474181175232,0.5253793075680733,0.019073083717375993,-4.608493661880493,0.012757556757424026,0.054333608597517014,0.034340888261795044,0.07125986367464066,1.0
1367,2799616,4,0,0,4,0.0,0.0,1.0,0.0041328937280923125,0.4598593980073929,0.02006988413631916,-4.619491696357727,0.015533047751523555,0.054143331944942474,0.03418315201997757,0.0710010901093483,1.0
1368,2801664,6,0,0,6,0.0,0.0,1.0,0.0008258499205112457,0.3537720263004303,0.01974180256947875,-4.627376866340637,0.011297308735083788,0.054024212062358856,0.03416956216096878,0.07072131335735321,1.0
1369,2803712,5,1,0,4,0.2,0.0,0.8,0.0029547051526606083,0.7097280323505402,0.019084039237350227,-4.631490969657898,0.011662721302127466,0.053989049047231674,0.03408924490213394,0.07063674181699753,1.0
1370,2805760,4,0,0,4,0.0,0.0,1.0,0.0026122329756617544,0.5939182847738266,0.02351705087348819,-4.633750534057617,0.008863542106701061,0.05398058518767357,0.034027259796857834,0.07082673907279968,1.0
1371,2807808,7,0,0,7,0.0,0.0,1.0,0.00018936353735625743,0.4518251731991768,0.023903469648212196,-4.635993099212646,0.006823377584805712,0.05393455550074577,0.0340295247733593,0.07103665173053741,1.0
1372,2809856,8,0,1,7,0.0,0.125,0.875,0.008548833592794836,2.358377480506897,0.024266177974641322,-4.638299512863159,0.02539256589952856,0.053930576890707016,0.03397591412067413,0.07123807072639465,1.0
1373,2811904,3,0,0,3,0.0,0.0,1.0,-0.0021133124246262014,0.22086111679673195,0.019610583130270243,-4.6389554977417,0.010548072546953335,0.053998153656721115,0.03381314501166344,0.07160113751888275,1.0
1374,2813952,6,0,0,6,0.0,0.0,1.0,0.001056517707183957,0.21206662356853484,0.01766878189519048,-4.637752723693848,0.009976367122726515,0.05406314134597778,0.033809687942266464,0.07192044705152512,1.0
1375,2816000,5,0,0,5,0.0,0.0,1.0,0.00694757685996592,0.2131134420633316,0.01761830234900117,-4.6359419345855715,0.01898051233147271,0.05407402664422989,0.03385639935731888,0.07187572121620178,1.0
1376,2818048,6,1,0,5,0.16666666666666666,0.0,0.8333333333333334,0.0005882706260308624,0.5360676378011704,0.020535409916192293,-4.6346031665802006,0.014558862033300101,0.05410556122660637,0.03386634588241577,0.07190228253602982,1.0
1377,2820096,5,0,0,5,0.0,0.0,1.0,0.0011366686318069696,0.3653077408671379,0.020402427576482297,-4.633829665184021,0.011585338390432298,0.05407318100333214,0.033948931843042374,0.07194855064153671,1.0
1378,2822144,7,0,0,7,0.0,0.0,1.0,-0.000653730658814311,0.3727585390210152,0.01960723726078868,-4.637424731254578,0.007423639291664586,0.05396850034594536,0.03384655341506004,0.07206197828054428,1.0
1379,2824192,6,1,0,5,0.16666666666666666,0.0,0.8333333333333334,-0.0018655703403055667,0.5147506222128868,0.01922772778198123,-4.640874767303467,0.014597830385901034,0.054069917649030685,0.0338682197034359,0.07234282791614532,1.0
1380,2826240,4,0,0,4,0.0,0.0,1.0,-0.0014695013407617808,1.0632791548967362,0.02159756636247039,-4.636397981643677,0.011793820414459333,0.05405101925134659,0.033936720341444016,0.07226027548313141,1.0
1381,2828288,6,1,0,5,0.16666666666666666,0.0,0.8333333333333334,0.0016361322719603776,0.509835633635521,0.019608348701149227,-4.636892414093017,0.011430121236480772,0.05404649302363396,0.03400368615984917,0.071954146027565,1.0
1382,2830336,4,0,0,4,0.0,0.0,1.0,0.008017930877394974,0.36953967362642287,0.020039620436728002,-4.633799481391907,0.02643198340665549,0.05406360328197479,0.03409973531961441,0.07182195037603378,1.0
1383,2832384,6,1,0,5,0.16666666666666666,0.0,0.8333333333333334,-0.001188444858416915,0.4916977807879448,0.020693563763052224,-4.631159996986389,0.010137091862270608,0.05414092540740967,0.03414139524102211,0.0717509388923645,1.0
1384,2834432,8,0,1,7,0.0,0.125,0.875,4.6551693230867386e-05,2.3867382645606994,0.02159041343256831,-4.626127409934997,0.01791798828053288,0.05416189879179001,0.034228209406137466,0.07157155126333237,1.0
1385,2836480,8,1,0,7,0.125,0.0,0.875,-0.0001932544633746147,0.3626216009259224,0.018788590375334025,-4.623650312423706,0.018518544698599725,0.05421103537082672,0.0343109555542469,0.07156071811914444,1.0
1386,2838528,5,0,1,4,0.0,0.2,0.8,0.00025334174279123545,2.6006814539432526,0.022103650216013192,-4.620689654350281,0.013104276487138123,0.0542038157582283,0.034365829080343246,0.07139261066913605,1.0
1387,2840576,2,0,0,2,0.0,0.0,1.0,0.002661433885805309,0.34627374857664106,0.019099924806505443,-4.620422101020813,0.0228334579966031,0.05417737364768982,0.034557878971099854,0.07115291059017181,1.0
1388,2842624,5,0,0,5,0.0,0.0,1.0,0.005562307522632181,0.49852307587862016,0.02136080851778388,-4.618182349205017,0.01441752327955328,0.05419384688138962,0.03457600250840187,0.07117347419261932,1.0
1389,2844672,6,0,1,5,0.0,0.16666666666666666,0.8333333333333334,0.0012530557811260223,2.6133533716201782,0.02103369925171137,-4.619059467315674,0.013163048349088057,0.05416166037321091,0.0345020554959774,0.0710972398519516,1.0
1390,2846720,7,0,0,7,0.0,0.0,1.0,-0.0007460068911314011,0.7012121379375458,0.022963131498545408,-4.621384334564209,0.0071184276137501,0.054140232503414154,0.03441573306918144,0.07105929404497147,1.0
1391,2848768,9,1,0,8,0.1111111111111111,0.0,0.8888888888888888,-0.00014705625362694265,0.7854206770658493,0.02181895188987255,-4.624002814292908,0.009331795544130727,0.05404602736234665,0.034353818744421005,0.0708145871758461,1.0
1392,2850816,3,0,0,3,0.0,0.0,1.0,0.008155918912962079,0.8602087140083313,0.02345415558665991,-4.628416132926941,0.019401561288395895,0.053999967873096466,0.03436349704861641,0.07058139890432358,1.0
1393,2852864,3,1,0,2,0.3333333333333333,0.0,0.6666666666666666,0.005079050955828279,0.8710879951715469,0.025379328429698943,-4.629102516174316,0.010310890356777236,0.05393783748149872,0.03441660851240158,0.07041741907596588,1.0
1394,2854912,5,0,0,5,0.0,0.0,1.0,0.00567618147470057,0.7751498013734818,0.02248948868364096,-4.630655312538147,0.01566076627350412,0.0539531484246254,0.03446073830127716,0.07043275237083435,1.0
1395,2856960,8,0,0,8,0.0,0.0,1.0,6.7313970066607e-05,0.5315128207206726,0.020796819217503072,-4.627349305152893,0.01310130879865028,0.05404902622103691,0.03445637971162796,0.0704471617937088,1.0
1396,2859008,6,0,0,6,0.0,0.0,1.0,0.0012608454562723637,0.46281860023736954,0.021657696459442377,-4.626096701622009,0.011767956055700779,0.053930461406707764,0.03445957973599434,0.07019804418087006,1.0
1397,2861056,8,1,1,6,0.125,0.125,0.75,2.4029635824263096e-05,2.311783766746521,0.02405686490237713,-4.632530903816223,0.011762562819058076,0.05384061858057976,0.03450959548354149,0.07015954703092575,1.0
1398,2863104,4,0,0,4,0.0,0.0,1.0,-9.331137407571077e-05,0.3407328546047211,0.02215038351714611,-4.6326977729797365,0.011335656791925431,0.05390249192714691,0.034568626433610916,0.07022752612829208,1.0
1399,2865152,4,1,0,3,0.25,0.0,0.75,0.0015541469445452094,0.5955479890108109,0.021689772512763737,-4.627488422393799,0.0198639988375362,0.054005593061447144,0.034659240394830704,0.07030875235795975,1.0
1400,2867200,8,1,0,7,0.125,0.0,0.875,0.0017150581814348697,0.7431937485933304,0.021655726060271264,-4.621576046943664,0.010366268584039062,0.05408412963151932,0.03480028361082077,0.07051156461238861,1.0
1401,2869248,5,0,0,5,0.0,0.0,1.0,0.001100478135049343,0.46231290251016616,0.020558862015604973,-4.617794370651245,0.009836915059713647,0.054114483296871185,0.03490389138460159,0.07077701389789581,1.0
1402,2871296,6,0,0,6,0.0,0.0,1.0,0.00041764331981539724,0.49742772430181503,0.02086095083504915,-4.61910047531128,0.011388857156271115,0.054001402109861374,0.03491668403148651,0.07057036459445953,1.0
1403,2873344,7,1,0,6,0.14285714285714285,0.0,0.8571428571428571,-0.0018540328135713934,0.4017133966088295,0.01740725664421916,-4.623338603973389,0.016159233165672048,0.05397135019302368,0.03494594246149063,0.0703832134604454,1.0
1404,2875392,4,0,0,4,0.0,0.0,1.0,0.00020206817425787448,0.2208182469010353,0.017712141294032334,-4.623993015289306,0.012958057381911203,0.05390544235706329,0.03490697219967842,0.07011289894580841,1.0
1405,2877440,5,0,0,5,0.0,0.0,1.0,-0.0033971062395721672,0.5974219441413879,0.021087121125310658,-4.626954698562622,0.010904262430267408,0.053892429918050766,0.03479735553264618,0.06995146721601486,1.0
1406,2879488,7,1,0,6,0.14285714285714285,0.0,0.8571428571428571,0.002610102028120309,0.5333336681127548,0.023017180524766444,-4.627350807189941,0.011091336328536271,0.053924500942230225,0.03468841314315796,0.07012975960969925,1.0
1407,2881536,6,0,1,5,0.0,0.16666666666666666,0.8333333333333334,-0.0034919690107926725,2.7446909487247466,0.024018736369907857,-4.6284221649169925,0.005359440337633714,0.05391640588641167,0.03454997017979622,0.07032459229230881,1.0
1408,2883584,6,0,0,6,0.0,0.0,1.0,0.001066359644755721,0.34836294054985045,0.02146302331238985,-4.627938938140869,0.008812848175875843,0.054012879729270935,0.03468537703156471,0.07047276198863983,1.0
1409,2885632,5,0,0,5,0.0,0.0,1.0,-0.0007098700618371368,0.35428341627120974,0.02008608151227236,-4.6280498027801515,0.011692759458674118,0.053833238780498505,0.03457208722829819,0.07055066525936127,1.0
1410,2887680,3,0,0,3,0.0,0.0,1.0,0.0013094874564558267,0.4374480038881302,0.022502596769481898,-4.643470501899719,0.010696276428643615,0.05355715751647949,0.03435937687754631,0.07039016485214233,1.0
1411,2889728,7,0,0,7,0.0,0.0,1.0,0.010256950720213353,0.4366969272494316,0.023871920350939036,-4.655256199836731,0.022043922875309364,0.053416650742292404,0.03435366228222847,0.07002649456262589,1.0
1412,2891776,5,0,0,5,0.0,0.0,1.0,0.00021885193418711424,0.38066439926624296,0.019398477394133806,-4.6607012271881105,0.01367031476693228,0.05331255495548248,0.03419988974928856,0.06984111666679382,1.0
1413,2893824,8,2,0,6,0.25,0.0,0.75,0.0033362296875566245,0.6519956171512604,0.020629621762782335,-4.664892268180847,0.018177830177592114,0.05337094888091087,0.034163184463977814,0.07005146890878677,1.0
1414,2895872,5,0,0,5,0.0,0.0,1.0,0.0033234255155548454,0.48213030397892,0.02214646842330694,-4.660303950309753,0.015336226706858724,0.05344420298933983,0.0342026948928833,0.07016880065202713,1.0
1415,2897920,6,0,1,5,0.0,0.16666666666666666,0.8333333333333334,0.004415350663475692,2.298996925354004,0.021084546204656364,-4.6588887691497805,0.02500213432358578,0.05343560874462128,0.03412342816591263,0.07023201882839203,1.0
1416,2899968,4,1,0,3,0.25,0.0,0.75,0.009568300878163427,0.4848909959197044,0.021368369925767183,-4.661475658416748,0.020950628793798387,0.053421419113874435,0.034051451832056046,0.0703025609254837,1.0
1417,2902016,6,0,0,6,0.0,0.0,1.0,-0.0015631751623004675,0.25163462609052656,0.02072819769382477,-4.660660982131958,0.010547899454832078,0.0534605011343956,0.03418239578604698,0.07029738277196884,1.0
1418,2904064,5,1,0,4,0.2,0.0,0.8,0.0001482187071815133,0.553547739982605,0.020578647032380104,-4.654334998130798,0.009598773234756663,0.05360424146056175,0.03439977765083313,0.07039383798837662,1.0
1419,2906112,9,1,1,7,0.1111111111111111,0.1111111111111111,0.7777777777777778,-0.0019640236161649225,2.247131907939911,0.022604541573673486,-4.646073651313782,0.025352381466655062,0.05365152284502983,0.03451375663280487,0.07043115794658661,1.0
1420,2908160,6,0,0,6,0.0,0.0,1.0,0.0006373049458488822,0.29054657742381096,0.02057543518021703,-4.645156264305115,0.006116452091373503,0.05362808704376221,0.03454572707414627,0.07049012184143066,1.0
1421,2910208,4,0,0,4,0.0,0.0,1.0,-0.00250191711820662,0.22548027485609054,0.022416844218969344,-4.648252058029175,0.004672043479513377,0.05355842411518097,0.03441169485449791,0.07077720761299133,1.0
1422,2912256,2,0,0,2,0.0,0.0,1.0,-0.0006465511629357934,0.2471244141459465,0.023217434901744126,-4.656124329566955,0.012277692049974576,0.05345124006271362,0.034309737384319305,0.07093507051467896,1.0
1423,2914304,8,2,0,6,0.25,0.0,0.75,0.001820763829164207,0.7129558891057968,0.023719865549355745,-4.659427499771118,0.01809150063781999,0.05351696163415909,0.03432593494653702,0.07101260125637054,1.0
1424,2916352,6,0,0,6,0.0,0.0,1.0,0.004925814643502236,0.4381286114454269,0.024031432531774043,-4.6540062665939335,0.013429757690755651,0.05358964204788208,0.03431297466158867,0.07106573134660721,1.0
1425,2918400,8,0,0,8,0.0,0.0,1.0,0.0028418181114830076,0.581042793393135,0.02306159408763051,-4.653746700286865,0.010659255628706888,0.05354868993163109,0.03427698090672493,0.0710320770740509,1.0
1426,2920448,6,0,0,6,0.0,0.0,1.0,0.00021332637406885625,0.5879951536655426,0.02420793827623129,-4.655305480957031,0.010440075572114437,0.05358722060918808,0.03425224497914314,0.07114768773317337,1.0
1427,2922496,3,1,0,2,0.3333333333333333,0.0,0.6666666666666666,0.000271589495241642,0.7431325107812882,0.02292213561013341,-4.652008843421936,0.01088777077384293,0.0536683052778244,0.034320928156375885,0.0713503435254097,1.0
1428,2924544,2,0,0,2,0.0,0.0,1.0,0.001579462457448244,0.6607714474201203,0.021670818328857422,-4.651237607002258,0.010560303344391286,0.05354328081011772,0.034339964389801025,0.07116057723760605,1.0
1429,2926592,8,0,0,8,0.0,0.0,1.0,0.0022273346316069365,0.4650897026062012,0.022892764210700987,-4.658534646034241,0.010422295244643465,0.053435102105140686,0.03435700759291649,0.07084067910909653,1.0
1430,2928640,8,0,0,8,0.0,0.0,1.0,0.000924046989530325,0.45233143866062164,0.021764221135526896,-4.661249470710755,0.012139185046544298,0.053358033299446106,0.0343937985599041,0.07063440978527069,1.0
1431,2930688,6,0,1,5,0.0,0.16666666666666666,0.8333333333333334,3.860630095005035e-05,2.2609535694122314,0.025466386787593366,-4.663174414634705,0.023427167267072946,0.053353484719991684,0.03435786813497543,0.07054843008518219,1.0
1432,2932736,8,2,0,6,0.25,0.0,0.75,-0.0026880121557042004,0.5658309131860733,0.022871699929237366,-4.662578701972961,0.010813836893066763,0.05339618772268295,0.0343165323138237,0.07066087424755096,1.0
1433,2934784,4,2,0,2,0.5,0.0,0.5,-0.00029374915175139904,0.3541720762848854,0.022221615072339773,-4.6608175277709964,0.018447609659051522,0.053437553346157074,0.03431647643446922,0.07068422436714172,1.0
1434,2936832,4,1,0,3,0.25,0.0,0.75,0.007914542593061924,0.368485751748085,0.02280035587027669,-4.65898015499115,0.02568459872272797,0.05347608029842377,0.034279726445674896,0.0707799643278122,1.0
1435,2938880,8,1,0,7,0.125,0.0,0.875,0.003050785884261131,0.46449913531541825,0.02462475374341011,-4.658615303039551,0.024888026021653787,0.05346957594156265,0.03418319299817085,0.07080278545618057,1.0
1436,2940928,6,1,0,5,0.16666666666666666,0.0,0.8333333333333334,-0.0030021093087270858,0.3633223846554756,0.021912994887679817,-4.6603779077529905,0.021098821656778455,0.05351017042994499,0.034021519124507904,0.07089749723672867,1.0
1437,2942976,10,2,0,8,0.2,0.0,0.8,-0.0011515464633703233,0.5871076598763466,0.02081770673394203,-4.657653880119324,0.012236138572916389,0.05364605784416199,0.033935096114873886,0.07134842127561569,1.0
1438,2945024,4,0,0,4,0.0,0.0,1.0,-0.0007188149262219668,0.49704212695360184,0.02014238703995943,-4.654051876068115,0.011434760934207588,0.05366560071706772,0.03401849791407585,0.07144014537334442,1.0
1439,2947072,3,0,1,2,0.0,0.3333333333333333,0.6666666666666666,0.0034348099492490292,2.402237504720688,0.02547153253108263,-4.653540682792664,0.019717665895586833,0.053677406162023544,0.03402666747570038,0.07152913510799408,1.0
1440,2949120,5,1,0,4,0.2,0.0,0.8,0.007244612695649267,0.6896072715520859,0.023514126800000666,-4.653997802734375,0.02195118177914992,0.053646333515644073,0.03400897979736328,0.07150217890739441,1.0
1441,2951168,7,0,0,7,0.0,0.0,1.0,0.0012835784466005862,0.5525653198361397,0.0254104970023036,-4.655500841140747,0.009167514991713688,0.05364479869604111,0.03398783877491951,0.07165846228599548,1.0
1442,2953216,6,0,1,5,0.0,0.16666666666666666,0.8333333333333334,-0.00011287995148450136,1.9816567718982696,0.023986438289284706,-4.654903244972229,0.010119470296194777,0.0537106953561306,0.033992182463407516,0.07185430079698563,1.0
1443,2955264,9,0,0,9,0.0,0.0,1.0,-5.008123116567731e-05,0.1378605879843235,0.019838450010865927,-4.652046251296997,0.010478500404860824,0.05375337600708008,0.033939871937036514,0.07190366089344025,1.0
1444,2957312,3,1,0,2,0.3333333333333333,0.0,0.6666666666666666,0.0017156113870441913,0.3192941308021545,0.02075735107064247,-4.649764752388,0.013485087198205292,0.05385620519518852,0.033934157341718674,0.07204675674438477,1.0
1445,2959360,2,0,0,2,0.0,0.0,1.0,-0.0009708013385534286,0.33588555082678795,0.020319897588342427,-4.6449503898620605,0.007057471090229228,0.05390894412994385,0.03400305286049843,0.07220284640789032,1.0
1446,2961408,8,1,0,7,0.125,0.0,0.875,0.0026097238995134832,0.3078989818692207,0.02130296528339386,-4.643569660186768,0.00871105816331692,0.053903575986623764,0.03407532721757889,0.07210887968540192,1.0
1447,2963456,4,0,0,4,0.0,0.0,1.0,0.0015570216346532106,0.2120974451303482,0.02147856531664729,-4.643185567855835,0.01679902045871131,0.05389445275068283,0.034016504883766174,0.07217475771903992,1.0
1448,2965504,8,0,0,8,0.0,0.0,1.0,0.0017302465392276644,0.2218693271279335,0.022588256746530533,-4.645163178443909,0.013453866157215088,0.05389846861362457,0.0339202843606472,0.07226312160491943,1.0
1449,2967552,8,1,0,7,0.125,0.0,0.875,0.006881351419724524,0.552986678481102,0.024884179607033728,-4.643388199806213,0.02010836105328053,0.054014675319194794,0.03387770056724548,0.07251317799091339,1.0
1450,2969600,3,0,0,3,0.0,0.0,1.0,0.002191281830891967,0.5504169628024101,0.023304673563688993,-4.640023255348206,0.00801515241037123,0.05404498428106308,0.0338253378868103,0.0726865604519844,1.0
1451,2971648,3,0,0,3,0.0,0.0,1.0,-0.0016733203316107391,0.513089057803154,0.02240632614120841,-4.640891695022583,0.012592107051750645,0.05405806750059128,0.03377183899283409,0.07281549274921417,1.0
1452,2973696,6,0,0,6,0.0,0.0,1.0,0.0004732873057946563,0.913289201259613,0.022672094218432904,-4.639563679695129,0.010564366925973446,0.05412590503692627,0.03374020755290985,0.07293492555618286,1.0
1453,2975744,6,0,0,6,0.0,0.0,1.0,0.00679423229303211,0.27547883838415144,0.0216895530000329,-4.64002685546875,0.019954722293186934,0.05401032418012619,0.0337061733007431,0.07271908223628998,1.0
1454,2977792,10,3,0,7,0.3,0.0,0.7,0.0002560519613325596,0.6394944116473198,0.02369430074468255,-4.644306063652039,0.016990849893772975,0.05406765639781952,0.03359575942158699,0.07279790937900543,1.0
1455,2979840,5,0,1,4,0.0,0.2,0.8,-0.003218752972315997,2.1180953979492188,0.022418526746332646,-4.639465284347534,0.020113662420772015,0.05419784039258957,0.03359067440032959,0.07292497903108597,1.0
1456,2981888,3,0,0,3,0.0,0.0,1.0,0.0015046694548800587,0.34789067655801775,0.023418452590703964,-4.63369197845459,0.0061353700060863044,0.05423977971076965,0.0336710587143898,0.07280835509300232,1.0
1457,2983936,5,1,0,4,0.2,0.0,0.8,-0.0014682753942906856,0.6426570326089859,0.024020349700003864,-4.632144355773926,0.013017093506641686,0.054198019206523895,0.03380396589636803,0.0725213959813118,1.0
1458,2985984,4,0,0,4,0.0,0.0,1.0,0.0022935851942747832,0.5720495998859405,0.024002202320843935,-4.633280658721924,0.009740044234786183,0.05412976071238518,0.033809904009103775,0.07258287072181702,1.0
1459,2988032,6,0,0,6,0.0,0.0,1.0,0.011281190998852253,0.541841159760952,0.022766494937241078,-4.636924052238465,0.025808491616044194,0.05409236252307892,0.033847078680992126,0.07259506732225418,1.0
1460,2990080,10,1,0,9,0.1,0.0,0.9,-0.0039556472096592184,0.5981202542781829,0.02389100696891546,-4.635911917686462,0.01848538811900653,0.0541553869843483,0.03391418978571892,0.07270362228155136,1.0
1461,2992128,6,0,0,6,0.0,0.0,1.0,0.0011634809197857976,0.13509295433759688,0.02251429632306099,-4.634414267539978,0.01264043098781258,0.05410277098417282,0.0338875874876976,0.07260429859161377,1.0
1462,2994176,3,0,1,2,0.0,0.3333333333333333,0.6666666666666666,-0.0013274647295475005,2.4584166169166566,0.02646818235516548,-4.639353108406067,0.006205048825358972,0.05396673083305359,0.03384550288319588,0.07241997122764587,1.0
1463,2996224,8,1,1,6,0.125,0.125,0.75,-0.0015596445882692933,1.0794922709465027,0.0218131098896265,-4.643967318534851,0.013537821266800166,0.05399595946073532,0.03386456146836281,0.07264259457588196,1.0
1464,2998272,3,1,0,2,0.3333333333333333,0.0,0.6666666666666666,-0.0003767905058339238,0.35674246251583097,0.020092394109815358,-4.640997266769409,0.012525667104637251,0.05404288321733475,0.03389892354607582,0.07277633994817734,1.0
1465,3000320,5,1,0,4,0.2,0.0,0.8,0.0003490141127258539,0.5831112056970597,0.02138867126777768,-4.641498756408692,0.014862618473125621,0.053929515182971954,0.033995188772678375,0.07244053483009338,1.0
1466,3002368,8,1,0,7,0.125,0.0,0.875,-0.0010222544660791755,0.9020496964454651,0.025832021608948708,-4.643917727470398,0.008108632825314998,0.053923241794109344,0.03403633087873459,0.072418712079525,1.0
1467,3004416,6,0,0,6,0.0,0.0,1.0,-0.0013621073681861161,0.6836803913116455,0.025893918145447968,-4.64343295097351,0.010530072840629146,0.05391467362642288,0.034013502299785614,0.07237141579389572,1.0
1468,3006464,3,0,0,3,0.0,0.0,1.0,-0.00021837935782968997,0.5732130646705628,0.024745283555239438,-4.643702816963196,0.012127229769248515,0.053936488926410675,0.03408220410346985,0.07241465151309967,1.0
1469,3008512,8,1,0,7,0.125,0.0,0.875,0.0008017477113753558,0.8575954794883728,0.023791966307908297,-4.641944861412048,0.01060349639155902,0.05390278622508049,0.034124962985515594,0.07234372943639755,1.0
1470,3010560,5,0,1,4,0.0,0.2,0.8,0.0022845357656478883,1.9978534638881684,0.023211540188640356,-4.643027687072754,0.023839205905096604,0.05392058938741684,0.034198470413684845,0.0723814070224762,1.0
1471,3012608,5,0,0,5,0.0,0.0,1.0,-0.002882135473191738,0.46120299249887464,0.021226178854703903,-4.639306116104126,0.014303205790929497,0.05400773137807846,0.034248895943164825,0.07242922484874725,1.0
1472,3014656,9,0,0,9,0.0,0.0,1.0,-0.0010463218670338393,0.533895018696785,0.02329951748251915,-4.635387229919433,0.0115079008275643,0.05402816832065582,0.034222312271595,0.07234349101781845,1.0
1473,3016704,4,0,1,3,0.0,0.25,0.75,-0.0033425817964598536,1.5966345727443696,0.022773372195661067,-4.636006927490234,0.01139657450839877,0.05400758609175682,0.03420045226812363,0.07234790176153183,1.0
1474,3018752,4,0,0,4,0.0,0.0,1.0,0.000788124487735331,0.3257803201675415,0.02230067327618599,-4.63741888999939,0.007872811343986541,0.05396008491516113,0.034254562109708786,0.07225645333528519,1.0
1475,3020800,6,0,1,5,0.0,0.16666666666666666,0.8333333333333334,-0.0015841546235606074,0.9198791161179543,0.020564066153019665,-4.6377533912658695,0.009015391836874187,0.053972333669662476,0.0343780443072319,0.07218337804079056,1.0
1476,3022848,6,0,0,6,0.0,0.0,1.0,0.0014761072117835284,0.2108803480863571,0.023314105719327925,-4.634732389450074,0.012929480947786943,0.05402437970042229,0.03435256704688072,0.07227449119091034,1.0
1477,3024896,6,1,0,5,0.16666666666666666,0.0,0.8333333333333334,-0.0015820619184523821,0.6853943884372711,0.025464918557554485,-4.633742022514343,0.00818282124819234,0.05401518940925598,0.03435775265097618,0.07226186245679855,1.0
1478,3026944,8,0,0,8,0.0,0.0,1.0,0.0076228168327361345,0.5251871183514595,0.0234081981703639,-4.6344856977462765,0.026806208468042315,0.054012082517147064,0.03437237814068794,0.07230720669031143,1.0
1479,3028992,3,0,0,3,0.0,0.0,1.0,0.003633382357656956,0.461821985244751,0.02562809968367219,-4.6330080270767215,0.01360942367464304,0.05409875512123108,0.03438854217529297,0.07248939573764801,1.0
1480,3031040,7,0,1,6,0.0,0.14285714285714285,0.8571428571428571,6.735187489539384e-05,2.5059171617031097,0.02676411150023341,-4.627533364295959,0.015366650919895619,0.05421833693981171,0.03443052992224693,0.07281360030174255,1.0
1481,3033088,4,0,0,4,0.0,0.0,1.0,-0.0006155252456665039,0.47611457109451294,0.024154682457447053,-4.624374961853027,0.009157213853904977,0.05425065755844116,0.03437606617808342,0.07296261191368103,1.0
1482,3035136,5,0,0,5,0.0,0.0,1.0,0.002073842682875693,0.4115320727229118,0.020891513954848052,-4.626125907897949,0.014449836628045887,0.05419136583805084,0.034293074160814285,0.07301920652389526,1.0
1483,3037184,6,0,0,6,0.0,0.0,1.0,-0.0015252314973622561,0.4999856486916542,0.022617307491600513,-4.629822611808777,0.008142616192344576,0.0541730634868145,0.03425111994147301,0.07293848693370819,1.0
1484,3039232,7,0,0,7,0.0,0.0,1.0,0.0011552671901881694,0.36458954513072966,0.01977059543132782,-4.630572772026062,0.013347332982812076,0.054145246744155884,0.034186843782663345,0.0728471428155899,1.0
1485,3041280,3,0,0,3,0.0,0.0,1.0,-0.0002356385812163353,0.36265827566385267,0.02215904425829649,-4.634221935272217,0.006189690699102357,0.054031893610954285,0.03401517495512962,0.0727081224322319,1.0
1486,3043328,7,0,0,7,0.0,0.0,1.0,0.00043008332140743734,0.57380151450634,0.026263494323939086,-4.641959547996521,0.005997224996099249,0.05400727316737175,0.033771902322769165,0.07269777357578278,1.0
1487,3045376,7,0,1,6,0.0,0.14285714285714285,0.8571428571428571,0.0017611189279705286,1.1793191403150558,0.022261543851345777,-4.644797611236572,0.007788639550562948,0.05397647246718407,0.03354169800877571,0.07257077842950821,1.0
1488,3047424,4,0,0,4,0.0,0.0,1.0,0.0077004933031275865,0.519017182290554,0.022143750358372925,-4.650099039077759,0.015990770974894986,0.0538589283823967,0.033436767756938934,0.07247356325387955,1.0
1489,3049472,8,0,1,7,0.0,0.125,0.875,0.003701142081990838,2.438176417350769,0.026336686592549084,-4.655476140975952,0.01629916310776025,0.05382228642702103,0.03348085656762123,0.0723046213388443,1.0
1490,3051520,5,0,1,4,0.0,0.2,0.8,-0.0008267247118055821,2.4594669938087463,0.024603368248790503,-4.6529176235198975,0.014375433220993727,0.05388037487864494,0.03359568119049072,0.07226463407278061,1.0
1491,3053568,3,0,0,3,0.0,0.0,1.0,0.00017617854755371808,0.36321195363998415,0.02390370415523648,-4.650838232040405,0.010415758314775304,0.0538342222571373,0.03359811007976532,0.07226099818944931,1.0
1492,3055616,9,0,1,8,0.0,0.1111111111111111,0.8888888888888888,0.005806240462698042,2.2403991758823394,0.027849289868026973,-4.65330274105072,0.015346556174336001,0.053803883492946625,0.033668916672468185,0.07220055162906647,1.0
1493,3057664,4,0,0,4,0.0,0.0,1.0,-0.0011591656832024456,0.5930963397026062,0.025063570123165846,-4.651265931129456,0.007870836177607999,0.05388811230659485,0.033817779272794724,0.07232872396707535,1.0
1494,3059712,4,0,0,4,0.0,0.0,1.0,-0.0017053705640137195,1.1938273549079894,0.027577861212193966,-4.6449795961380005,0.006161868409253657,0.05395136773586273,0.03392450138926506,0.07243239879608154,1.0
1495,3061760,7,0,0,7,0.0,0.0,1.0,0.0023447885178029537,0.7796895861625671,0.025567361153662205,-4.6437225341796875,0.009486037242459134,0.05392470955848694,0.033907435834407806,0.07244105637073517,1.0
1496,3063808,5,0,0,5,0.0,0.0,1.0,-0.0024686875520274045,0.521293468773365,0.022692088969051838,-4.646079850196839,0.013820413150824606,0.05386979132890701,0.03393271565437317,0.07227862626314163,1.0
1497,3065856,4,0,0,4,0.0,0.0,1.0,-0.0012081928551197052,0.5526792287826539,0.022740559279918672,-4.649957466125488,0.008463017689064146,0.05375438556075096,0.0337427593767643,0.07227005064487457,1.0
1498,3067904,9,0,0,9,0.0,0.0,1.0,-0.00010892599821090698,0.33828153759241103,0.022111202217638494,-4.657209992408752,0.014189051144057885,0.05376669764518738,0.03362464904785156,0.07254026085138321,1.0
1499,3069952,3,0,0,3,0.0,0.0,1.0,0.000547756627202034,0.31682532131671903,0.023583529237657785,-4.657734727859497,0.013772079220507294,0.05374593287706375,0.033624883741140366,0.0726260244846344,1.0
1500,3072000,4,0,0,4,0.0,0.0,1.0,0.004739125585183501,0.5815383285284043,0.02558685205876827,-4.6592389106750485,0.011538912612013518,0.05372901260852814,0.033596523106098175,0.07256188243627548,1.0
1501,3074048,7,0,0,7,0.0,0.0,1.0,0.002125667710788548,0.6048542499542237,0.024566131178289652,-4.660020351409912,0.00500428062514402,0.05375565215945244,0.03341548889875412,0.07254970073699951,1.0
1502,3076096,6,0,0,6,0.0,0.0,1.0,-0.0006986224558204413,0.6959973454475403,0.027179772313684226,-4.661428070068359,0.009977830032585188,0.05374257266521454,0.03327872231602669,0.07260946929454803,1.0
1503,3078144,5,0,1,4,0.0,0.2,0.8,-0.002623866521753371,2.584023952484131,0.02830803897231817,-4.661219906806946,0.007056835648836568,0.05384700000286102,0.03330104053020477,0.07276910543441772,1.0
1504,3080192,9,0,0,9,0.0,0.0,1.0,-0.00040756119415163994,0.3654282584786415,0.025488581974059343,-4.656029486656189,0.005914847500389442,0.053899094462394714,0.03329773247241974,0.0729636549949646,1.0
1505,3082240,2,0,0,2,0.0,0.0,1.0,-0.0006155457580462098,0.4965455517172813,0.021208380814641714,-4.658323121070862,0.014730637823231519,0.053802765905857086,0.03318291902542114,0.07292628288269043,1.0
1506,3084288,5,0,0,5,0.0,0.0,1.0,0.0007139823399484157,0.5178888022899628,0.024475363828241826,-4.6676294803619385,0.011551623523700982,0.05360976979136467,0.03302719444036484,0.07267125695943832,1.0
1507,3086336,8,0,1,7,0.0,0.125,0.875,0.006103632762096823,2.1110636413097383,0.024642371758818626,-4.676274585723877,0.024723697354784236,0.05353280529379845,0.032893408089876175,0.07264138013124466,1.0
1508,3088384,5,0,0,5,0.0,0.0,1.0,-0.00276591086294502,0.5346890240907669,0.019884295016527175,-4.680114459991455,0.008107968769036234,0.05352894216775894,0.032837413251399994,0.07253295928239822,1.0
1509,3090432,6,0,0,6,0.0,0.0,1.0,0.005048513994552195,0.6355437904596328,0.02462197542190552,-4.679329562187195,0.010369360959157348,0.05353240668773651,0.03284513205289841,0.07244594395160675,1.0
1510,3092480,8,0,2,6,0.0,0.25,0.75,-0.0028426609002053737,4.202639412879944,0.02552487226203084,-4.6775589942932125,0.018483127240324394,0.053623512387275696,0.032811641693115234,0.07268943637609482,1.0
1511,3094528,4,0,0,4,0.0,0.0,1.0,0.0009534877724945545,0.41079802215099337,0.021042860671877862,-4.673870468139649,0.008972700289450585,0.0536944642663002,0.03278558328747749,0.07280711084604263,1.0
1512,3096576,5,0,0,5,0.0,0.0,1.0,0.0020548143424093724,0.4607109323143959,0.023414041846990585,-4.6738333940505985,0.014009520324179903,0.05362320691347122,0.03274150565266609,0.07266160845756531,1.0
1513,3098624,5,0,0,5,0.0,0.0,1.0,-0.0028615733608603477,0.4190114259719849,0.022917727194726466,-4.677018117904663,0.010306270472938195,0.053617991507053375,0.032738640904426575,0.0727766901254654,1.0
1514,3100672,5,0,0,5,0.0,0.0,1.0,0.00122866400051862,0.3994486078619957,0.021576967276632785,-4.676328229904175,0.008917262824252249,0.0536864809691906,0.032683201134204865,0.07311569899320602,1.0
1515,3102720,8,0,0,8,0.0,0.0,1.0,0.0009569591609761118,0.22716569378972054,0.021349824406206606,-4.674002265930175,0.01908591259852983,0.05379568785429001,0.03263935074210167,0.07350890338420868,1.0
1516,3104768,6,0,0,6,0.0,0.0,1.0,0.001768242963589728,0.15786006599664687,0.020890854764729738,-4.669126057624817,0.013564032461727039,0.05390395224094391,0.03265677019953728,0.07376284152269363,1.0
1517,3106816,4,0,1,3,0.0,0.25,0.75,-0.0010687033645808697,2.161847996711731,0.021215875260531904,-4.665572214126587,0.014768726524198427,0.053959451615810394,0.03271285444498062,0.07392944395542145,1.0
1518,3108864,6,0,0,6,0.0,0.0,1.0,0.003496804554015398,0.23505292162299157,0.021870292164385317,-4.662283420562744,0.01608541969326325,0.054026953876018524,0.032785896211862564,0.07402469217777252,1.0
1519,3110912,7,0,1,6,0.0,0.14285714285714285,0.8571428571428571,-0.0019635469419881702,2.744682192802429,0.027886636182665826,-4.657000303268433,0.011703359440434723,0.05412040278315544,0.03288382291793823,0.0742073655128479,1.0
1520,3112960,2,0,0,2,0.0,0.0,1.0,0.0018740081461146474,0.4214406579732895,0.025798508897423744,-4.652706432342529,0.009045066800899804,0.05416253209114075,0.03296889737248421,0.07432205229997635,1.0
1521,3115008,8,0,0,8,0.0,0.0,1.0,0.0018036772031337022,0.21486058980226516,0.023291432205587624,-4.654734015464783,0.008825521753169596,0.053999584168195724,0.03291521593928337,0.07409005612134933,1.0
1522,3117056,6,0,0,6,0.0,0.0,1.0,0.006666348734870553,0.40190716832876205,0.022152301482856275,-4.662559914588928,0.015455852856393903,0.05394003912806511,0.03282675892114639,0.0740632489323616,1.0
1523,3119104,4,0,0,4,0.0,0.0,1.0,0.0011177725158631802,0.44952904284000395,0.023016618005931376,-4.662516117095947,0.019413668260676788,0.054061420261859894,0.032844867557287216,0.07442735880613327,1.0
1524,3121152,7,0,0,7,0.0,0.0,1.0,0.00025408025830984113,0.462857086956501,0.023707025311887266,-4.657226800918579,0.014193115656962619,0.05417758226394653,0.03272801265120506,0.07486715167760849,1.0
1525,3123200,5,0,0,5,0.0,0.0,1.0,-0.0006158876931294799,0.6148056030273438,0.02334979297593236,-4.656072354316711,0.014238718111300841,0.05423649773001671,0.0325985923409462,0.07514451444149017,1.0
1526,3125248,2,0,0,2,0.0,0.0,1.0,0.0019505816278979182,0.6255377411842347,0.02225143713876605,-4.659639048576355,0.01167150535620749,0.05407324060797691,0.03245646134018898,0.07488753646612167,1.0
1527,3127296,10,0,0,10,0.0,0.0,1.0,-0.0012900186702609062,0.37485952079296114,0.021642705984413625,-4.668006563186646,0.010455127095337958,0.0540219321846962,0.03231528401374817,0.07472828775644302,1.0
1528,3129344,5,0,1,4,0.0,0.2,0.8,-0.0009190530516207218,2.5915948390960692,0.02487326031550765,-4.670076847076416,0.012457667192211374,0.053993187844753265,0.03227632865309715,0.07464053481817245,1.0
1529,3131392,4,0,0,4,0.0,0.0,1.0,-0.0014053601305931806,0.5797249644994735,0.02151568317785859,-4.6719835758209225,0.014943902555387467,0.05397015064954758,0.03220650926232338,0.07458638399839401,1.0
1530,3133440,7,0,0,7,0.0,0.0,1.0,0.006767470063641668,0.6374126464128494,0.02063132906332612,-4.674337124824524,0.016362774959998206,0.053906798362731934,0.03219421207904816,0.07454577833414078,1.0
1531,3135488,5,0,1,4,0.0,0.2,0.8,-0.00040040381718426944,2.196199232339859,0.023684579599648713,-4.677501916885376,0.013917303405469284,0.053845323622226715,0.03225601464509964,0.07445726543664932,1.0
1532,3137536,3,0,0,3,0.0,0.0,1.0,0.0007581475423648953,0.7848097234964371,0.02094512600451708,-4.680512881278991,0.01095908459974453,0.05375608056783676,0.03220702335238457,0.07444654405117035,1.0
1533,3139584,10,0,0,10,0.0,0.0,1.0,-0.00019776460248976946,0.6712199360132217,0.02662617154419422,-4.685087513923645,0.0162700965651311,0.053724076598882675,0.03222837671637535,0.07427961379289627,1.0
1534,3141632,5,0,1,4,0.0,0.2,0.8,-0.0004502924391999841,1.2260802030563354,0.024058791808784008,-4.684084463119507,0.024761502991896122,0.05372936278581619,0.03225145488977432,0.07430780678987503,1.0
1535,3143680,3,0,0,3,0.0,0.0,1.0,0.002287656767293811,0.4060604766011238,0.027200083900243043,-4.686684489250183,0.013282449601683765,0.0536210834980011,0.03221912682056427,0.07425549626350403,1.0
1536,3145728,9,0,2,7,0.0,0.2222222222222222,0.7777777777777778,0.001773274503648281,4.104700350761414,0.02729633366689086,-4.690199470520019,0.0215843491256237,0.05363790690898895,0.03229357302188873,0.07431872189044952,1.0
1537,3147776,5,0,0,5,0.0,0.0,1.0,-0.00041241312865167854,0.4805049866437912,0.023212314676493408,-4.6890466690063475,0.008514511695830151,0.05360698699951172,0.032291922718286514,0.07429034262895584,1.0
1538,3149824,3,0,0,3,0.0,0.0,1.0,-0.0019175552064552904,0.5278093114495277,0.023688741214573383,-4.691732954978943,0.007535048783756793,0.05352291092276573,0.0323270820081234,0.0741618424654007,1.0
1539,3151872,9,0,0,9,0.0,0.0,1.0,0.0015507673611864447,0.494389046728611,0.02290035178884864,-4.694563961029052,0.013873672153567895,0.05349114164710045,0.03239981457591057,0.0740642175078392,1.0
1540,3153920,3,0,0,3,0.0,0.0,1.0,0.005203333334065974,0.39371531158685685,0.02380712851881981,-4.696663045883179,0.015015556692378595,0.05336948484182358,0.03237716481089592,0.07387054711580276,1.0
1541,3155968,4,0,0,4,0.0,0.0,1.0,0.004785034945234657,0.6547639459371567,0.023371301777660846,-4.702733731269836,0.014248884707922117,0.05328355357050896,0.03237779811024666,0.0737718790769577,1.0
1542,3158016,8,0,0,8,0.0,0.0,1.0,-0.0015047019231133163,0.583586972951889,0.025230178143829107,-4.7056416273117065,0.009940654819365591,0.05324147641658783,0.032377928495407104,0.07361317425966263,1.0
1543,3160064,5,0,0,5,0.0,0.0,1.0,0.00022369134239852428,0.48951374739408493,0.020589924510568382,-4.707155823707581,0.008309444540645926,0.0532059371471405,0.03235144540667534,0.07361620664596558,1.0
1544,3162112,4,0,0,4,0.0,0.0,1.0,0.006423179991543293,0.41399366706609725,0.021271955408155917,-4.708076047897339,0.019145369611214845,0.05323174595832825,0.032366033643484116,0.07368110865354538,1.0
1545,3164160,9,0,0,9,0.0,0.0,1.0,0.0007923466386273503,0.3429455265402794,0.022796796169131994,-4.7080014705657955,0.012142645381391048,0.05318623036146164,0.03235528618097305,0.0737176388502121,1.0
1546,3166208,3,0,0,3,0.0,0.0,1.0,-0.0022189214825630186,0.4636467546224594,0.021403314359486104,-4.710979461669922,0.009366073401179165,0.05313703417778015,0.032434672117233276,0.0735505223274231,1.0
1547,3168256,5,0,0,5,0.0,0.0,1.0,0.009981231717392802,0.3762705400586128,0.022723801247775555,-4.710197997093201,0.023276472289580852,0.05314944311976433,0.032481685280799866,0.0734526664018631,1.0
1548,3170304,9,1,0,8,0.1111111111111111,0.0,0.8888888888888888,-0.0023454237962141633,0.9686618834733963,0.022357638645917177,-4.708830118179321,0.008382933388929814,0.053151361644268036,0.032483138144016266,0.07348193973302841,1.0
1549,3172352,4,0,0,4,0.0,0.0,1.0,0.00012102394830435515,0.45282415896654127,0.02171411793678999,-4.712202048301696,0.013901778735453263,0.0530209057033062,0.032431259751319885,0.07331953197717667,1.0
1550,3174400,5,0,0,5,0.0,0.0,1.0,0.0006033640820533037,0.47708280235528944,0.021340251062065364,-4.718375277519226,0.009023136849282309,0.05298207327723503,0.0323217548429966,0.07325242459774017,1.0
1551,3176448,7,0,0,7,0.0,0.0,1.0,-0.002351742750033736,0.20071240216493608,0.017437972687184812,-4.721450519561768,0.008722235821187497,0.05290142819285393,0.03225722163915634,0.07313967496156693,1.0
1552,3178496,3,0,0,3,0.0,0.0,1.0,-5.8840494602918625e-05,0.4030174776911736,0.019290234055370094,-4.727513384819031,0.00863901010598056,0.052760493010282516,0.032208897173404694,0.0728452205657959,1.0
1553,3180544,6,0,0,6,0.0,0.0,1.0,0.0012978970538824798,0.42085882276296616,0.020144216250628233,-4.7326668977737425,0.009982033318374306,0.052696675062179565,0.03227302059531212,0.07260993868112564,1.0
1554,3182592,8,0,0,8,0.0,0.0,1.0,-0.0030441534938290713,0.38721480667591096,0.01837127059698105,-4.734090256690979,0.010422734433086589,0.05262939631938934,0.03227648511528969,0.07253467291593552,1.0
1555,3184640,3,0,0,3,0.0,0.0,1.0,-0.0008164218859747052,0.3944346606731415,0.021370999328792096,-4.736956143379212,0.012131151912035421,0.05263898894190788,0.032212723046541214,0.07257504761219025,1.0
1556,3186688,7,0,0,7,0.0,0.0,1.0,-0.0014502527425065636,0.6344875872135163,0.02309126378968358,-4.738324880599976,0.009318301599705592,0.05257073789834976,0.03211159631609917,0.07245717197656631,1.0
1557,3188736,7,0,2,5,0.0,0.2857142857142857,0.7142857142857143,-0.00040681096725165845,4.99643896818161,0.02686175936833024,-4.743619799613953,0.013016029231948778,0.05248347669839859,0.032128892838954926,0.07238201051950455,1.0
1558,3190784,3,0,0,3,0.0,0.0,1.0,0.00723387214820832,0.4010391190648079,0.02365402039140463,-4.7475481033325195,0.014260720775928349,0.05240961164236069,0.03206753358244896,0.07234590500593185,1.0
1559,3192832,8,0,0,8,0.0,0.0,1.0,-0.0008026737254112959,0.37220348715782164,0.023995689023286103,-4.752531790733338,0.006922961230156943,0.05236346647143364,0.03199514001607895,0.07235473394393921,1.0
1560,3194880,5,0,0,5,0.0,0.0,1.0,0.0017579165869392455,0.25605751052498815,0.022265421878546476,-4.756450772285461,0.014907726453384385,0.05223929136991501,0.03192700073122978,0.07209206372499466,1.0
1561,3196928,5,3,0,2,0.6,0.0,0.4,-0.0008580748690292239,0.9889492511749267,0.023847918771207333,-4.7616397619247435,0.010202302067773417,0.05219870060682297,0.03193078935146332,0.07184000313282013,1.0
1562,3198976,5,0,0,5,0.0,0.0,1.0,0.001658541662618518,0.7689096033573151,0.023103056661784648,-4.759253525733948,0.011473081907024608,0.05226634442806244,0.031993765383958817,0.07181047648191452,1.0
1563,3201024,6,0,0,6,0.0,0.0,1.0,0.001755055459216237,0.6546146303415299,0.02405658420175314,-4.755576252937317,0.0088112915342208,0.052282240241765976,0.03202468156814575,0.07179541140794754,1.0
1564,3203072,3,0,0,3,0.0,0.0,1.0,0.0026294362731277944,0.7526801943778991,0.026657119020819665,-4.757118487358094,0.007494873146060854,0.0522182397544384,0.031962063163518906,0.0717950165271759,1.0
1565,3205120,11,1,0,10,0.09090909090909091,0.0,0.9090909090909091,0.0032431517262011766,0.7974307775497437,0.026197656709700822,-4.760269999504089,0.012997457891469822,0.05226115137338638,0.03179718926548958,0.0718555897474289,1.0
1566,3207168,3,1,0,2,0.3333333333333333,0.0,0.6666666666666666,0.00010426081717014312,0.5784348160028457,0.02278363099321723,-4.76001284122467,0.013734268600819633,0.05225979536771774,0.03169446438550949,0.07183355838060379,1.0
1567,3209216,5,0,0,5,0.0,0.0,1.0,0.0019232556456699967,0.6033190488815308,0.025821363925933837,-4.763090634346009,0.012685927236452699,0.052196335047483444,0.031611815094947815,0.07192248106002808,1.0
1568,3211264,6,0,0,6,0.0,0.0,1.0,0.006961286347359419,0.6003248274326325,0.02375875078141689,-4.76723952293396,0.015354549890616909,0.052199676632881165,0.03154175356030464,0.07220659404993057,1.0
1569,3213312,6,0,0,6,0.0,0.0,1.0,0.0002593044191598892,0.5363987922668457,0.022798252943903207,-4.770476293563843,0.0056117983302101495,0.05214385315775871,0.0314120352268219,0.0723721906542778,1.0
1570,3215360,2,0,0,2,0.0,0.0,1.0,-0.003008775203488767,0.41346336007118223,0.023900923505425452,-4.775199389457702,0.009779706120025367,0.05213606357574463,0.031381458044052124,0.07246676087379456,1.0
1571,3217408,10,0,0,10,0.0,0.0,1.0,0.0005688605364412069,0.49646021127700807,0.025113666988909246,-4.775169801712036,0.009725155867636203,0.05212640017271042,0.03139771521091461,0.07255176454782486,1.0
1572,3219456,5,0,0,5,0.0,0.0,1.0,-0.003419083496555686,0.5098614022135735,0.0242685011588037,-4.778947377204895,0.012326531944563613,0.05201472342014313,0.03130021318793297,0.07257234305143356,1.0
1573,3221504,4,0,0,4,0.0,0.0,1.0,0.0029211563291028143,0.19967075064778328,0.022933081723749638,-4.786979246139526,0.017288432945497333,0.05193366855382919,0.031206630170345306,0.07255701720714569,1.0
1574,3223552,6,1,0,5,0.16666666666666666,0.0,0.8333333333333334,-0.001983252295758575,0.539003150165081,0.022799185290932656,-4.789047384262085,0.014652400399791076,0.0519937202334404,0.031148597598075867,0.07267862558364868,1.0
1575,3225600,6,0,0,6,0.0,0.0,1.0,-0.0012815812602639197,0.2057570956647396,0.023740783240646122,-4.78607325553894,0.007803147443337366,0.05203992873430252,0.031159782782197,0.07274898141622543,1.0
1576,3227648,2,0,0,2,0.0,0.0,1.0,0.0075059832306578755,0.43290446847677233,0.02405957616865635,-4.786581754684448,0.01353975793463178,0.05196523666381836,0.031110567972064018,0.07261180877685547,1.0
1577,3229696,12,0,1,11,0.0,0.08333333333333333,0.9166666666666666,0.004149854648858309,2.3478168308734895,0.02558300318196416,-4.788282442092895,0.01626978031126782,0.05201952904462814,0.03114580549299717,0.07270895689725876,1.0
1578,3231744,4,0,0,4,0.0,0.0,1.0,0.006650444073602557,0.4572752833366394,0.02120760567486286,-4.785665798187256,0.020512510312255473,0.05201807618141174,0.031175531446933746,0.07273099571466446,1.0
1579,3233792,4,0,0,4,0.0,0.0,1.0,0.000921261915937066,0.3714530929923058,0.02178826630115509,-4.785409951210022,0.007512613601284102,0.05200379341840744,0.03127792105078697,0.07246926426887512,1.0
1580,3235840,8,0,0,8,0.0,0.0,1.0,0.002905320539139211,0.17069881781935692,0.021595127042382957,-4.784433054924011,0.014431224798317998,0.051974207162857056,0.03129107877612114,0.07247188687324524,1.0
1581,3237888,2,0,0,2,0.0,0.0,1.0,0.003920105518773198,0.17795374989509583,0.020057421643286943,-4.786058115959167,0.01698441442567855,0.051979806274175644,0.031279854476451874,0.0725918859243393,1.0
1582,3239936,4,0,0,4,0.0,0.0,1.0,0.0023161475313827396,0.4363961011171341,0.021142904087901114,-4.784678983688354,0.009964291471987963,0.052053969353437424,0.0312320776283741,0.07267536967992783,1.0
1583,3241984,12,0,1,11,0.0,0.08333333333333333,0.9166666666666666,0.0015436537796631455,1.9953594654798508,0.026276990957558154,-4.784160399436951,0.01636811001226306,0.05198131501674652,0.03125394880771637,0.07268507033586502,1.0
1584,3244032,4,0,1,3,0.0,0.25,0.75,-0.0005855429451912641,0.9465168759226799,0.02113984851166606,-4.7892032861709595,0.02262338901637122,0.05190496891736984,0.031244346871972084,0.07264259457588196,1.0
1585,3246080,5,0,0,5,0.0,0.0,1.0,0.0003963240422308445,0.2646399520337582,0.02049532178789377,-4.7915749788284305,0.007611570408334956,0.05189570412039757,0.03125839680433273,0.0725637823343277,1.0
1586,3248128,6,0,0,6,0.0,0.0,1.0,0.0008803420001640916,0.24352760538458823,0.022175783943384885,-4.78976833820343,0.014791551750386133,0.05192551016807556,0.031335458159446716,0.0725700631737709,1.0
1587,3250176,2,0,0,2,0.0,0.0,1.0,-2.5594816543161868e-05,0.18133196011185646,0.020712222531437875,-4.78807315826416,0.011459515441674738,0.05189656466245651,0.031427498906850815,0.0724860206246376,1.0
1588,3252224,7,1,0,6,0.14285714285714285,0.0,0.8571428571428571,-0.000617484119720757,0.4609115898609161,0.020595626253634692,-4.788262128829956,0.00852669887826778,0.05191259831190109,0.03144289180636406,0.0725647360086441,1.0
1589,3254272,10,0,0,10,0.0,0.0,1.0,-0.0003926196601241827,0.11017628125846386,0.021165364328771828,-4.7874150514602665,0.0120284627773799,0.05192982777953148,0.03144143894314766,0.07269842177629471,1.0
1590,3256320,4,0,0,4,0.0,0.0,1.0,0.0007074688910506666,0.2219084732234478,0.02077423222362995,-4.789005994796753,0.008640201238449663,0.0518437996506691,0.0314658097922802,0.07253481447696686,1.0
1591,3258368,5,1,1,3,0.2,0.2,0.6,0.002879891311749816,2.7763160943984984,0.023535142187029123,-4.791763544082642,0.027708214323502033,0.051839910447597504,0.031427863985300064,0.07257269322872162,1.0
1592,3260416,6,0,0,6,0.0,0.0,1.0,0.0025820805167313665,0.2865661226212978,0.020716764405369757,-4.794561767578125,0.015367176942527294,0.05175713822245598,0.03130675107240677,0.07252870500087738,1.0
1593,3262464,1,0,0,1,0.0,0.0,1.0,-0.0018899468006566167,0.48128816336393354,0.020123561006039382,-4.800732541084289,0.008639501268044114,0.05170547589659691,0.031238559633493423,0.07247667014598846,1.0
1594,3264512,10,0,0,10,0.0,0.0,1.0,-1.3648252934217454e-05,0.5341274455189705,0.02299021827057004,-4.8056165933609005,0.007250734436092898,0.0515165850520134,0.031155090779066086,0.0721089169383049,1.0
1595,3266560,6,0,0,6,0.0,0.0,1.0,0.0015783415641635657,0.4413390666246414,0.021554301679134368,-4.815073156356812,0.012602397263981402,0.051424186676740646,0.031117452308535576,0.07195093482732773,1.0
1596,3268608,4,0,0,4,0.0,0.0,1.0,-0.0012371302815154194,0.4299527034163475,0.021586464066058398,-4.819333267211914,0.01083842923399061,0.05130421370267868,0.031017044559121132,0.07170697301626205,1.0
1597,3270656,5,0,0,5,0.0,0.0,1.0,0.0006242420175112783,0.40261730551719666,0.02182252276688814,-4.827862787246704,0.012111186783295124,0.05116220563650131,0.030977150425314903,0.07154050469398499,1.0
1598,3272704,6,0,0,6,0.0,0.0,1.0,-0.0009864300373010337,0.49491427540779115,0.022702932357788086,-4.831949496269226,0.00912563682650216,0.05117753893136978,0.03100789524614811,0.0715777724981308,1.0
1599,3274752,3,0,1,2,0.0,0.3333333333333333,0.6666666666666666,-0.0008639543782919645,1.490467032790184,0.023916619084775447,-4.829164171218872,0.013564954249886796,0.051224809139966965,0.03105921484529972,0.07178382575511932,1.0
1600,3276800,11,0,0,11,0.0,0.0,1.0,0.002488015033304691,0.5804373174905777,0.025880922749638557,-4.8296878099441525,0.00939684888580814,0.05119442939758301,0.030959608033299446,0.07189865410327911,1.0
1601,3278848,4,0,0,4,0.0,0.0,1.0,0.005565498932264745,0.4815449699759483,0.02140215104445815,-4.835037326812744,0.020314570638583974,0.05111100524663925,0.030894890427589417,0.07193537801504135,1.0
1602,3280896,3,0,0,3,0.0,0.0,1.0,0.001160622318275273,0.5970816344022751,0.022611688543111085,-4.838509941101075,0.008864159131189809,0.05108514428138733,0.030985215678811073,0.07190427929162979,1.0
1603,3282944,7,0,0,7,0.0,0.0,1.0,0.0011222344357520342,0.6082153588533401,0.021887865941971542,-4.835590887069702,0.018038407136918976,0.051190122961997986,0.031070245429873466,0.07208660244941711,1.0
1604,3284992,5,0,0,5,0.0,0.0,1.0,0.0006141469581052661,0.2958848915994167,0.020258834958076476,-4.8297099590301515,0.015376980230212212,0.051246967166662216,0.03119168058037758,0.0721958726644516,1.0
1605,3287040,2,0,0,2,0.0,0.0,1.0,0.002516722958534956,0.27608887031674384,0.022023486066609622,-4.825851035118103,0.013725016708485782,0.051321081817150116,0.03124496340751648,0.07225197553634644,1.0
1606,3289088,11,0,0,11,0.0,0.0,1.0,0.0008206201251596213,0.332046315073967,0.021416854858398438,-4.826573324203491,0.005182640312705189,0.05109308287501335,0.03123040311038494,0.07175158709287643,1.0
1607,3291136,5,0,0,5,0.0,0.0,1.0,0.000920211710035801,0.33437785804271697,0.01810379596427083,-4.837844681739807,0.010206307482440025,0.05096493661403656,0.031249724328517914,0.07151880115270615,1.0
1608,3293184,3,0,0,3,0.0,0.0,1.0,0.007174455234780908,0.4406313061714172,0.022974914126098155,-4.839919948577881,0.012896817864384503,0.05096311494708061,0.0312972217798233,0.07146026939153671,1.0
1609,3295232,7,0,0,7,0.0,0.0,1.0,0.003211871744133532,0.5927015244960785,0.025177990924566983,-4.841064167022705,0.00811911272467114,0.05086144059896469,0.031232064589858055,0.07122433185577393,1.0
1610,3297280,6,0,1,5,0.0,0.16666666666666666,0.8333333333333334,0.006906666955910623,2.4269318878650665,0.024125674832612277,-4.845752096176147,0.026065944402944297,0.050857435911893845,0.03114527091383934,0.07113221287727356,1.0
1611,3299328,2,0,0,2,0.0,0.0,1.0,0.005118111940100789,0.49566611647605896,0.020671098213642835,-4.844303917884827,0.023250332596944645,0.050891317427158356,0.031164532527327538,0.07118558883666992,1.0
1612,3301376,11,0,0,11,0.0,0.0,1.0,-0.0037221525330096484,0.3814756959676743,0.02106322692707181,-4.844268369674682,0.01411205276963301,0.05085691064596176,0.03109588474035263,0.07119552046060562,1.0
1613,3303424,4,0,0,4,0.0,0.0,1.0,-0.000703228497877717,0.18302960470318794,0.0197191271930933,-4.8489892959594725,0.008182091091293841,0.05076049268245697,0.031057504937052727,0.07117384672164917,1.0
1614,3305472,3,0,0,3,0.0,0.0,1.0,0.0012800704687833786,0.11721504516899586,0.01980079021304846,-4.855958890914917,0.00876013800734654,0.05062413215637207,0.03097301349043846,0.07089703530073166,1.0
1615,3307520,8,0,0,8,0.0,0.0,1.0,-0.0018987688119523228,0.39678527116775514,0.021872628014534712,-4.861711120605468,0.008088802132988349,0.05058876797556877,0.030953075736761093,0.07094430178403854,1.0
1616,3309568,4,0,0,4,0.0,0.0,1.0,0.0010282624512910842,0.46198479682207105,0.02209377083927393,-4.863176965713501,0.009209808090236037,0.050582852214574814,0.030930429697036743,0.07105253636837006,1.0
1617,3311616,3,0,0,3,0.0,0.0,1.0,0.006020610802806914,0.5021748930215836,0.021906201727688313,-4.863544511795044,0.015765174373518674,0.05061488598585129,0.030942745506763458,0.07119487226009369,1.0
1618,3313664,10,0,0,10,0.0,0.0,1.0,0.005117696593515575,0.41773260086774827,0.02434776034206152,-4.862333345413208,0.0173751350317616,0.05061464011669159,0.030921751633286476,0.07115216553211212,1.0
1619,3315712,4,0,0,4,0.0,0.0,1.0,0.002502448717132211,0.3186940550804138,0.02077589528635144,-4.862915015220642,0.013328949752030894,0.05064307898283005,0.03086659498512745,0.07128866761922836,1.0
1620,3317760,4,0,0,4,0.0,0.0,1.0,0.0024533466435968875,0.4442379787564278,0.022494585905224084,-4.86587381362915,0.009929599071620032,0.050502143800258636,0.030697261914610863,0.0711243599653244,1.0
1621,3319808,9,0,1,8,0.0,0.1111111111111111,0.8888888888888888,-0.0005539827514439821,2.487225753068924,0.024806139711290597,-4.879550981521606,0.010412517690565438,0.050288643687963486,0.030347231775522232,0.07078364491462708,1.0
1622,3321856,3,0,0,3,0.0,0.0,1.0,-0.0004581139190122485,0.46538691967725754,0.017990193516016006,-4.892631721496582,0.010163305280730128,0.0501602366566658,0.03010377660393715,0.07074327021837234,1.0
1623,3323904,6,0,0,6,0.0,0.0,1.0,-0.001875541522167623,0.11427663601934909,0.019027083553373812,-4.9006468772888185,0.013184056675527245,0.05012529343366623,0.029991259798407555,0.07084228098392487,1.0
1624,3325952,9,0,1,8,0.0,0.1111111111111111,0.8888888888888888,-0.0021603442495688797,1.8992387771606445,0.019150373339653016,-4.90352954864502,0.014446892682462931,0.05005885660648346,0.029959794133901596,0.07066535949707031,1.0
1625,3328000,3,0,0,3,0.0,0.0,1.0,0.004568310687318444,0.24667003229260445,0.020745202619582414,-4.908241510391235,0.01858083640690893,0.04995345324277878,0.029937956482172012,0.07041841745376587,1.0
1626,3330048,6,0,1,5,0.0,0.16666666666666666,0.8333333333333334,0.0039357820176519455,0.9900773048400879,0.021694214548915625,-4.912469530105591,0.014654665853595362,0.04988279938697815,0.02994186244904995,0.07032641768455505,1.0
1627,3332096,7,0,0,7,0.0,0.0,1.0,0.0015718032140284778,0.5296406641602516,0.02332366844639182,-4.915108942985535,0.013876748137408867,0.0498717837035656,0.02996600791811943,0.07031434774398804,1.0
1628,3334144,2,0,0,2,0.0,0.0,1.0,-0.000182196544483304,0.4547943249344826,0.02237152522429824,-4.914691543579101,0.008422289858572185,0.04983477294445038,0.03002062812447548,0.07015019655227661,1.0
1629,3336192,7,0,1,6,0.0,0.14285714285714285,0.8571428571428571,-0.00013126758858561516,2.4594942808151243,0.02528159897774458,-4.915543508529663,0.01483124952064827,0.04983450099825859,0.030057774856686592,0.07013267278671265,1.0
1630,3338240,8,0,0,8,0.0,0.0,1.0,-0.0002513416111469269,0.19945280030369758,0.019269065465778112,-4.914371848106384,0.010491964279208333,0.04984487220644951,0.030053863301873207,0.07024002075195312,1.0
1631,3340288,4,0,0,4,0.0,0.0,1.0,0.0006724919192492961,0.13955100178718566,0.0188212051987648,-4.915815806388855,0.015456174209248275,0.049796730279922485,0.030035339295864105,0.07008086889982224,1.0
1632,3342336,4,0,0,4,0.0,0.0,1.0,0.0011062545236200094,0.4634585797786713,0.021321247890591623,-4.91851007938385,0.01032462678849697,0.049743469804525375,0.03003634139895439,0.06993822753429413,1.0
1633,3344384,7,0,0,7,0.0,0.0,1.0,0.0008415296440944075,0.5873328387737274,0.02281330283731222,-4.919178915023804,0.009979771409416572,0.04974117875099182,0.030062450096011162,0.06993282586336136,1.0
1634,3346432,3,0,1,2,0.0,0.3333333333333333,0.6666666666666666,7.846688386052847e-05,2.726787406206131,0.025994733721017838,-4.920631027221679,0.006637066422263161,0.04963085800409317,0.03011457249522209,0.06962679326534271,1.0
1635,3348480,9,0,0,9,0.0,0.0,1.0,-0.0003518082434311509,0.703851118683815,0.022335759550333022,-4.9256123304367065,0.010642779822228476,0.04953795298933983,0.0301066767424345,0.06945226341485977,1.0
1636,3350528,6,0,0,6,0.0,0.0,1.0,0.0012582095805555582,0.40140964537858964,0.02117324098944664,-4.929796957969666,0.011830467660911382,0.04947526007890701,0.030081061646342278,0.06928330659866333,1.0
1637,3352576,4,0,1,3,0.0,0.25,0.75,-0.002422410575672984,1.9368026971817016,0.02321736803278327,-4.930964112281799,0.00902692176750861,0.04946253448724747,0.030147043988108635,0.0690375491976738,1.0
1638,3354624,6,0,1,5,0.0,0.16666666666666666,0.8333333333333334,-0.0004003526177257299,2.510352247953415,0.02205195352435112,-4.929983735084534,0.013980321126291528,0.04943741485476494,0.030094748362898827,0.06897655874490738,1.0
1639,3356672,6,0,0,6,0.0,0.0,1.0,0.010027985624037682,0.4369684264063835,0.02089172452688217,-4.933558797836303,0.02026569054578431,0.04935919865965843,0.03004484996199608,0.06889232993125916,1.0
1640,3358720,3,0,1,2,0.0,0.3333333333333333,0.6666666666666666,-0.0004491786938160658,2.408351665735245,0.021079348120838403,-4.936031794548034,0.008951094385702163,0.049392204731702805,0.03012387827038765,0.06893198937177658,1.0
1641,3360768,10,0,0,10,0.0,0.0,1.0,-0.001099217333830893,0.485019314289093,0.02242651702836156,-4.934086489677429,0.010506765980971977,0.04934987053275108,0.030077088624238968,0.06891524791717529,1.0
1642,3362816,4,0,0,4,0.0,0.0,1.0,0.004099547071382404,0.5979447513818741,0.02085003862157464,-4.938818240165711,0.010492953495122493,0.04932913929224014,0.0300152525305748,0.06901547312736511,1.0
1643,3364864,4,0,0,4,0.0,0.0,1.0,0.0004649560200050473,0.46923799365758895,0.021119461208581925,-4.939968395233154,0.00696347925113514,0.04926515370607376,0.030049055814743042,0.06874467432498932,1.0
1644,3366912,6,0,0,6,0.0,0.0,1.0,0.0010157076874747872,0.6790849089622497,0.020457529462873936,-4.941028380393982,0.009930533106671646,0.049255140125751495,0.0301543977111578,0.06860656291246414,1.0
1645,3368960,6,0,0,6,0.0,0.0,1.0,0.0005322950193658472,0.5324117422103882,0.02111771861091256,-4.939004015922547,0.009998799511231482,0.049264632165431976,0.03018593229353428,0.06852836906909943,1.0
1646,3371008,2,0,0,2,0.0,0.0,1.0,0.003258871100842953,0.6746854275465012,0.02303130552172661,-4.939093208312988,0.010183429840253666,0.049229204654693604,0.030145233497023582,0.06851416081190109,1.0
1647,3373056,11,0,0,11,0.0,0.0,1.0,-0.0004671936389058828,0.7200279951095581,0.02075092475861311,-4.943330407142639,0.010867255454650148,0.04913751408457756,0.030093155801296234,0.0684470683336258,1.0
1648,3375104,5,0,0,5,0.0,0.0,1.0,-0.0004963242914527655,0.494070328772068,0.019254822190850972,-4.947227478027344,0.01102379061630927,0.04915725439786911,0.030162286013364792,0.06855771690607071,1.0
1649,3377152,2,0,0,2,0.0,0.0,1.0,0.002781735500320792,0.5600206226110458,0.021135236229747535,-4.943687272071839,0.012772840698016808,0.04920763522386551,0.03024236299097538,0.06873667240142822,1.0
1650,3379200,9,0,0,9,0.0,0.0,1.0,0.0013949175598099827,0.5039430156350135,0.018426557537168264,-4.944180989265442,0.005894358403747901,0.04910988733172417,0.030245356261730194,0.0685756579041481,1.0
1651,3381248,3,0,0,3,0.0,0.0,1.0,-2.8253300115466118e-05,0.47557646930217745,0.01714789876714349,-4.948598623275757,0.018455291935242712,0.04907877743244171,0.03026779182255268,0.06854724884033203,1.0
1652,3383296,3,0,0,3,0.0,0.0,1.0,0.004857038194313645,0.4241944417357445,0.020474190916866065,-4.949956727027893,0.01981971554341726,0.04903046041727066,0.030228393152356148,0.06840116530656815,1.0
1653,3385344,12,0,1,11,0.0,0.08333333333333333,0.9166666666666666,0.004721526661887765,2.2080467283725738,0.021328646503388882,-4.953164434432983,0.029676282819127663,0.048974987119436264,0.030205894261598587,0.06828749924898148,1.0
1654,3387392,4,0,0,4,0.0,0.0,1.0,0.015311322128400206,0.2637322098016739,0.01841007936745882,-4.954738879203797,0.03368283835006878,0.04896577447652817,0.03019806183874607,0.06825938820838928,1.0
1655,3389440,3,0,0,3,0.0,0.0,1.0,-0.0005162147805094719,0.6336260795593261,0.022598198801279067,-4.958367896080017,0.005977265397086739,0.04881936311721802,0.030068062245845795,0.06805311143398285,1.0
1656,3391488,9,0,1,8,0.0,0.1111111111111111,0.8888888888888888,-0.0012468585278838872,1.7402127087116241,0.02222331566736102,-4.968071961402893,0.01867981006507762,0.04874857887625694,0.029935481026768684,0.0679791048169136,1.0
1657,3393536,5,0,1,4,0.0,0.2,0.8,0.0008982910774648189,2.15586199760437,0.018659230321645737,-4.967908644676209,0.011018219747347758,0.048869840800762177,0.030048031359910965,0.06822614371776581,1.0
1658,3395584,5,0,1,4,0.0,0.2,0.8,-0.00216972129419446,2.336942595243454,0.020753619354218246,-4.960359072685241,0.016803553461795673,0.04890557751059532,0.030155900865793228,0.0682784914970398,1.0
1659,3397632,9,0,0,9,0.0,0.0,1.0,-0.0037707873387262227,0.3917446330189705,0.01953343115746975,-4.961786580085755,0.007509612594731152,0.04879577457904816,0.030133360996842384,0.06812560558319092,1.0
1660,3399680,3,0,0,3,0.0,0.0,1.0,-0.0008399889105930924,0.2941471204161644,0.021170847490429877,-4.968066334724426,0.011060686531709506,0.04875432699918747,0.02999412640929222,0.06814766675233841,1.0
1661,3401728,4,0,1,3,0.0,0.25,0.75,-0.0002436176175251603,2.650172030925751,0.024472353141754867,-4.968937277793884,0.013600008917273953,0.048845209181308746,0.0299939326941967,0.06840594112873077,1.0
1662,3403776,7,0,0,7,0.0,0.0,1.0,0.009437928698025644,0.6695545464754105,0.02444891044870019,-4.963173937797547,0.0254594633821398,0.04893714189529419,0.03003583289682865,0.06856723874807358,1.0
1663,3405824,5,0,0,5,0.0,0.0,1.0,0.005025790864601731,0.6227606177330017,0.02238811319693923,-4.956773495674133,0.014559874858241529,0.04909248650074005,0.030109338462352753,0.06873069703578949,1.0
1664,3407872,6,0,0,6,0.0,0.0,1.0,-0.0010095889330841601,0.4740150600671768,0.02390302186831832,-4.948488378524781,0.011508653889177368,0.04913127422332764,0.03018132410943508,0.06870438158512115,1.0
1665,3409920,7,0,0,7,0.0,0.0,1.0,0.0003483504056930542,0.5673418685793876,0.027245236840099097,-4.94862060546875,0.020868342014728113,0.04906832426786423,0.03020516037940979,0.06855171173810959,1.0
1666,3411968,3,0,0,3,0.0,0.0,1.0,-8.042710833251476e-05,0.37379184514284136,0.02282821713015437,-4.95315797328949,0.008165052707772702,0.04896145313978195,0.03011959232389927,0.0682513415813446,1.0
1667,3414016,5,0,0,5,0.0,0.0,1.0,-0.0008513564011082053,0.34288839548826217,0.02165372120216489,-4.9591601371765135,0.014667035959428176,0.04888124391436577,0.02995700016617775,0.06809455901384354,1.0
1668,3416064,7,0,0,7,0.0,0.0,1.0,0.0008837581612169742,0.3103375300765038,0.02246253900229931,-4.963725876808167,0.018839115166338162,0.048877179622650146,0.029884878545999527,0.06823424249887466,1.0
1669,3418112,4,0,0,4,0.0,0.0,1.0,-0.00041516250930726526,0.5344083741307258,0.024632372055202724,-4.966269397735596,0.012738945399178192,0.0487988144159317,0.029821069911122322,0.06817107647657394,1.0
1670,3420160,7,0,0,7,0.0,0.0,1.0,0.0015348599292337895,0.47016221284866333,0.026641521696001293,-4.972848510742187,0.012781146517954766,0.04868431016802788,0.029804324731230736,0.06799814850091934,1.0
1671,3422208,6,0,0,6,0.0,0.0,1.0,-0.0008442275458946825,0.7919373065233231,0.02700714869424701,-4.974679803848266,0.011435369565151631,0.04872431606054306,0.029912352561950684,0.06797075271606445,1.0
1672,3424256,3,0,0,3,0.0,0.0,1.0,0.003116438467986882,0.8318816632032394,0.030196182429790497,-4.969664812088013,0.012259991391329095,0.048789821565151215,0.0299471877515316,0.06807079911231995,1.0
1673,3426304,7,0,1,6,0.0,0.14285714285714285,0.8571428571428571,-0.0007217733189463615,1.235174110531807,0.026480429992079734,-4.964990186691284,0.007664737832965329,0.048918455839157104,0.029964813962578773,0.06826768070459366,1.0
1674,3428352,8,0,1,7,0.0,0.125,0.875,-0.002969274972565472,2.05407093167305,0.02400008412078023,-4.958506178855896,0.02304031017702073,0.04898640140891075,0.030026618391275406,0.06831416487693787,1.0
1675,3430400,2,0,0,2,0.0,0.0,1.0,-0.0036538403248414396,0.5330145090818406,0.021736459340900183,-4.955025053024292,0.014405458362307399,0.048994340002536774,0.03002307564020157,0.0682721808552742,1.0
1676,3432448,9,0,0,9,0.0,0.0,1.0,0.0013897065073251724,0.3735103592276573,0.024357549287378787,-4.958733057975769,0.01157675837748684,0.04882148653268814,0.030034251511096954,0.06783778965473175,1.0
1677,3434496,3,0,0,3,0.0,0.0,1.0,0.0021320022642612457,0.5047607690095901,0.02189863696694374,-4.964761233329773,0.011750425776699557,0.048778899013996124,0.03005988895893097,0.06759650260210037,1.0
1678,3436544,4,0,0,4,0.0,0.0,1.0,0.0017081967554986477,0.5293246015906334,0.023582183569669724,-4.967230200767517,0.009102405101293698,0.04860571026802063,0.029989680275321007,0.06730113923549652,1.0
1679,3438592,7,0,0,7,0.0,0.0,1.0,0.002004583878442645,0.5710581511259079,0.02385919848456979,-4.980082416534424,0.008599361160304398,0.04846373200416565,0.029873473569750786,0.06722255051136017,1.0
1680,3440640,7,0,0,7,0.0,0.0,1.0,0.004238168802112341,0.45606534034013746,0.025161144603043795,-4.985470318794251,0.020683865091996267,0.0484396368265152,0.029808608815073967,0.06726671755313873,1.0
1681,3442688,3,1,0,2,0.3333333333333333,0.0,0.6666666666666666,-0.0019194031599909067,0.46631807535886766,0.027549910172820092,-4.986700081825257,0.01043822303181514,0.04844503849744797,0.029854100197553635,0.06733190268278122,1.0
1682,3444736,8,0,0,8,0.0,0.0,1.0,0.001973594631999731,0.48953225165605546,0.022149888891726734,-4.984995722770691,0.008980357175460085,0.048489369451999664,0.029897842556238174,0.0674542635679245,1.0
1683,3446784,4,0,0,4,0.0,0.0,1.0,0.00509203125257045,0.39146984964609144,0.020076551754027606,-4.9837250232696535,0.017543195013422518,0.04848810285329819,0.029898133128881454,0.06760675460100174,1.0
1684,3448832,4,0,0,4,0.0,0.0,1.0,0.001179404533468187,0.21625012755393982,0.019254000298678874,-4.983690524101258,0.021617509407224133,0.04851717874407768,0.029994914308190346,0.06762219220399857,1.0
1685,3450880,8,0,1,7,0.0,0.125,0.875,-0.0011411705985665322,2.4069012820720674,0.02121317768469453,-4.980316162109375,0.007880272000329569,0.04850727319717407,0.030078250914812088,0.06752585619688034,1.0
1686,3452928,6,0,0,6,0.0,0.0,1.0,0.0008239975897595287,0.5925020441412926,0.01610807762481272,-4.983845210075378,0.012769658677279949,0.04838184267282486,0.03005380742251873,0.06733202934265137,1.0
1687,3454976,4,0,0,4,0.0,0.0,1.0,0.0006862725364044309,0.27547736316919325,0.017633169144392013,-4.990091943740845,0.011019105633022264,0.04831170290708542,0.030026046559214592,0.06726396083831787,1.0
1688,3457024,8,0,0,8,0.0,0.0,1.0,0.0002259062835946679,0.4787440255284309,0.021419056877493858,-4.9924146175384525,0.012895889452192933,0.04829004406929016,0.03005824238061905,0.06722556054592133,1.0
1689,3459072,3,0,0,3,0.0,0.0,1.0,-0.00014622448943555356,0.4518096551299095,0.020080232061445713,-4.992286324501038,0.011335892148781567,0.04830817133188248,0.030137011781334877,0.06735683977603912,1.0
1690,3461120,5,0,0,5,0.0,0.0,1.0,-0.0003455850062891841,0.8749779790639878,0.021085780393332244,-4.992891597747803,0.007942567236023023,0.04819638282060623,0.03020535595715046,0.06710617244243622,1.0
1691,3463168,9,0,0,9,0.0,0.0,1.0,-0.0005988085642457009,0.42460149228572847,0.02141956714913249,-5.000786399841308,0.012796538177644834,0.04801759123802185,0.030131746083498,0.06680852919816971,1.0
1692,3465216,5,2,0,3,0.4,0.0,0.6,0.0009348336374387145,0.9754866153001786,0.019408325478434563,-5.0083457946777346,0.01851872863480821,0.04799061641097069,0.030068935826420784,0.06678411364555359,1.0
1693,3467264,5,1,0,4,0.2,0.0,0.8,0.00468793862964958,0.708609887957573,0.022489262372255327,-5.009700918197632,0.014926262135850266,0.04796675965189934,0.030027378350496292,0.06685493141412735,1.0
1694,3469312,8,1,1,6,0.125,0.125,0.75,0.005962748732417822,2.9056602835655214,0.025976991280913353,-5.010961031913757,0.021060311852488668,0.047990377992391586,0.030060039833188057,0.06691844761371613,1.0
1695,3471360,2,0,0,2,0.0,0.0,1.0,0.004552130401134491,0.4573588967323303,0.02199550662189722,-5.010761141777039,0.016308956046123056,0.047907039523124695,0.030019918456673622,0.0667002871632576,1.0
1696,3473408,5,0,0,5,0.0,0.0,1.0,0.009734200895763934,0.39065500199794767,0.020625116769224405,-5.017574882507324,0.02369327626656741,0.047791987657547,0.030006710439920425,0.06650510430335999,1.0
1697,3475456,8,0,0,8,0.0,0.0,1.0,0.0018383824615739286,0.32826493829488756,0.025422935467213394,-5.021073198318481,0.016677815426373855,0.04778207466006279,0.030074378475546837,0.06657084077596664,1.0
1698,3477504,7,1,0,6,0.14285714285714285,0.0,0.8571428571428571,-0.000924472464248538,0.31626648604869845,0.022110874950885772,-5.020349931716919,0.012953660154016689,0.04776971787214279,0.030138254165649414,0.0665331780910492,1.0
1699,3479552,3,0,0,3,0.0,0.0,1.0,-0.0005586177459917963,0.4924835875630379,0.020656893402338027,-5.020494389533996,0.013680098636541516,0.047769345343112946,0.03018101491034031,0.06654290854930878,1.0
1700,3481600,8,0,0,8,0.0,0.0,1.0,0.001472470397129655,0.33267740309238436,0.022670391667634248,-5.019517731666565,0.011752275261096656,0.04778164625167847,0.030222881585359573,0.06658847630023956,1.0
1701,3483648,2,1,0,1,0.5,0.0,0.5,0.003047033376060426,0.5692935943603515,0.020137433800846337,-5.0205007791519165,0.00924910080502741,0.04772428795695305,0.030183888971805573,0.06654677540063858,1.0
1702,3485696,5,0,0,5,0.0,0.0,1.0,0.0008326840586960315,0.23044222295284272,0.02127610854804516,-5.024266958236694,0.012694422167260199,0.04769138991832733,0.03023712895810604,0.06661389768123627,1.0
1703,3487744,9,0,0,9,0.0,0.0,1.0,-0.002115344349294901,0.4146043360233307,0.019746607076376675,-5.0260649681091305,0.006873214343795553,0.04762917011976242,0.030224265530705452,0.06654734164476395,1.0
1704,3489792,5,0,0,5,0.0,0.0,1.0,0.008773295558057725,0.4268261790275574,0.019554076623171567,-5.032544898986816,0.019085808517411353,0.04749460145831108,0.030217060819268227,0.06631702929735184,1.0
1705,3491840,5,0,0,5,0.0,0.0,1.0,-0.0005407876567915082,0.6641336798667907,0.020786435529589652,-5.039770150184632,0.007345855177845806,0.04737985134124756,0.030067674815654755,0.06615878641605377,1.0
1706,3493888,6,0,0,6,0.0,0.0,1.0,-0.0018021501833572983,0.6684384539723396,0.019688918255269527,-5.048308634757996,0.010032055911142378,0.047250308096408844,0.029856905341148376,0.06590777635574341,1.0
1707,3495936,2,0,0,2,0.0,0.0,1.0,-0.000418700510635972,0.6955722659826279,0.018653144408017398,-5.0581907510757445,0.00938816107227467,0.04709941893815994,0.029712826013565063,0.06569991260766983,1.0
1708,3497984,5,0,0,5,0.0,0.0,1.0,-0.000777581799775362,0.8641064375638962,0.01846309183165431,-5.06766574382782,0.006879451748682186,0.04698596149682999,0.029533082619309425,0.0655694529414177,1.0
1709,3500032,11,0,0,11,0.0,0.0,1.0,-0.003927242709323764,0.3271510526537895,0.01838706387206912,-5.074031662940979,0.01492438746499829,0.046961601823568344,0.02947518229484558,0.06556107103824615,1.0
1710,3502080,4,1,0,3,0.25,0.0,0.75,-0.0002840121276676655,0.4408254861831665,0.017061452101916074,-5.075773477554321,0.015112739813048393,0.04691213369369507,0.0295078307390213,0.06561049818992615,1.0
1711,3504128,6,0,0,6,0.0,0.0,1.0,0.0038557957857847215,0.3574076950550079,0.018378116190433502,-5.078188276290893,0.01653760974877514,0.04692065715789795,0.029540956020355225,0.06575830280780792,1.0
1712,3506176,5,0,0,5,0.0,0.0,1.0,0.006437355000525713,0.3695977419614792,0.018749083485454322,-5.079500889778137,0.016156147507717832,0.04684479534626007,0.029515061527490616,0.06571048498153687,1.0
1713,3508224,3,0,0,3,0.0,0.0,1.0,0.002437313203699887,0.23076785132288932,0.019769543781876564,-5.082915258407593,0.024847527127712966,0.046834155917167664,0.02955656126141548,0.06545358896255493,1.0
1714,3510272,4,0,0,4,0.0,0.0,1.0,-0.0016335480730049312,0.35676777362823486,0.02030115881934762,-5.082021737098694,0.007795605080900714,0.04681263491511345,0.02940683625638485,0.0654451921582222,1.0
1715,3512320,11,1,0,10,0.09090909090909091,0.0,0.9090909090909091,0.00026631499640643596,0.4914232477545738,0.019633751641958953,-5.085135197639465,0.016709061793517322,0.04683050513267517,0.029338562861084938,0.06560200452804565,1.0
1716,3514368,4,0,0,4,0.0,0.0,1.0,0.0013631642563268543,0.2714721515774727,0.02156006684526801,-5.0837462663650514,0.014766474795760588,0.0468994602560997,0.029357414692640305,0.06570478528738022,1.0
1717,3516416,7,0,1,6,0.0,0.14285714285714285,0.8571428571428571,-0.0033967460738494994,2.291681969165802,0.02688059527426958,-5.079697847366333,0.009013125911587849,0.0469314381480217,0.02936275489628315,0.0658104196190834,1.0
1718,3518464,6,0,1,5,0.0,0.16666666666666666,0.8333333333333334,0.002156676899176091,2.700440341234207,0.026707465574145318,-5.076676917076111,0.022295675048371776,0.047067657113075256,0.02943226881325245,0.06607894599437714,1.0
1719,3520512,3,1,0,2,0.3333333333333333,0.0,0.6666666666666666,-0.0027904103510081766,1.0291059970855714,0.02405546177178621,-5.068308806419372,0.011324578430503607,0.04715140163898468,0.029532426968216896,0.06620100140571594,1.0
1720,3522560,5,0,0,5,0.0,0.0,1.0,0.003052811382804066,0.7506686508655548,0.022231188509613274,-5.065300393104553,0.0068075110670179125,0.04718215391039848,0.029459334909915924,0.06632626801729202,1.0
1721,3524608,9,0,0,9,0.0,0.0,1.0,-0.0019746723352000116,0.5308924496173859,0.021805163752287627,-5.0645986795425415,0.019070717319846154,0.047235213220119476,0.02940589189529419,0.06640610843896866,1.0
1722,3526656,4,0,0,4,0.0,0.0,1.0,0.000658628111705184,0.615685448050499,0.020593918953090908,-5.063855910301209,0.007345839368645102,0.0471508726477623,0.02938537672162056,0.06610560417175293,1.0
1723,3528704,7,0,1,6,0.0,0.14285714285714285,0.8571428571428571,-0.0018451060401275753,2.481521326303482,0.025602501071989536,-5.068668842315674,0.0165823069633916,0.04709804058074951,0.02939598448574543,0.06589969992637634,1.0
1724,3530752,5,0,0,5,0.0,0.0,1.0,0.0007265140302479267,0.3464633271098137,0.019389966689050197,-5.068184828758239,0.012373609223868699,0.047168195247650146,0.029310759156942368,0.06615828722715378,1.0
1725,3532800,3,0,0,3,0.0,0.0,1.0,0.0011900464072823525,0.18083748519420623,0.018356780335307122,-5.067851901054382,0.014039277663687243,0.04712657630443573,0.02927437797188759,0.06612998247146606,1.0
1726,3534848,7,0,0,7,0.0,0.0,1.0,-0.0031659020925872026,0.6685763373970985,0.017345640528947114,-5.071414756774902,0.015972605790011585,0.04708744212985039,0.02929031290113926,0.06606010347604752,1.0
1727,3536896,7,0,0,7,0.0,0.0,1.0,-5.279548931866884e-05,0.521305599808693,0.02145494632422924,-5.073280692100525,0.01785443578264676,0.04701182246208191,0.029289759695529938,0.0659172385931015,1.0
1728,3538944,5,0,0,5,0.0,0.0,1.0,0.004820726322941482,0.5568173915147782,0.020089753437787294,-5.077906203269959,0.011438776686554774,0.04696246236562729,0.029250191524624825,0.06592616438865662,1.0
1729,3540992,6,0,0,6,0.0,0.0,1.0,-0.002012025099247694,0.6382955014705658,0.021087200194597245,-5.080857586860657,0.008377002610359341,0.04689782112836838,0.02932269684970379,0.06577292829751968,1.0
1730,3543040,5,0,0,5,0.0,0.0,1.0,0.0014919614419341086,0.5099867314100266,0.021854289900511505,-5.083119463920593,0.008702996268402785,0.04685662314295769,0.029247233644127846,0.06566552072763443,1.0
1731,3545088,6,1,0,5,0.16666666666666666,0.0,0.8333333333333334,0.003397623007185757,0.8776813864707946,0.022458157036453485,-5.0876189231872555,0.009419319813605397,0.04675927013158798,0.02918258123099804,0.0654585063457489,1.0
1732,3547136,5,0,0,5,0.0,0.0,1.0,-0.00013960110954940318,0.7106025904417038,0.02164461286738515,-5.09316041469574,0.010799143003532663,0.046663012355566025,0.029210912063717842,0.06535167247056961,1.0
1733,3549184,7,0,0,7,0.0,0.0,1.0,-0.0007066978141665459,0.5589520007371902,0.022366478387266398,-5.097256541252136,0.015075732354307547,0.04666214436292648,0.029156945645809174,0.06545361876487732,1.0
1734,3551232,4,0,0,4,0.0,0.0,1.0,0.0023281954461708667,0.6294999063014984,0.022632656339555978,-5.097898960113525,0.020920223882421853,0.04666576534509659,0.029065975919365883,0.06556376069784164,1.0
1735,3553280,7,0,0,7,0.0,0.0,1.0,0.003251406108029187,0.41479270458221434,0.019595681969076396,-5.100284600257874,0.016830292268423364,0.046653103083372116,0.02899232693016529,0.0656965896487236,1.0
1736,3555328,4,0,0,4,0.0,0.0,1.0,-0.0016581262461841106,0.18508166000247,0.01948429858312011,-5.101829600334168,0.012141105171758681,0.04665229469537735,0.029011614620685577,0.06569726765155792,1.0
1737,3557376,5,0,0,5,0.0,0.0,1.0,-0.00032023806124925613,0.4071815997362137,0.02048487216234207,-5.103811192512512,0.007000958523713052,0.04654970020055771,0.028947820886969566,0.06552974134683609,1.0
1738,3559424,7,0,0,7,0.0,0.0,1.0,-0.001345853484235704,0.5108324691653252,0.02319416692480445,-5.111015748977661,0.013142025523120538,0.04644957184791565,0.028955688700079918,0.06542599946260452,1.0
1739,3561472,5,0,0,5,0.0,0.0,1.0,0.0029288696357980372,0.28108661621809006,0.02278047166764736,-5.115364623069763,0.010163451178232207,0.046376414597034454,0.02899235673248768,0.06537133455276489,1.0
1740,3563520,6,0,1,5,0.0,0.16666666666666666,0.8333333333333334,-0.0009112388361245394,2.5311609268188477,0.02441618675366044,-5.1172048330307005,0.01873372925329022,0.04644617438316345,0.029003236442804337,0.06549528241157532,1.0
1741,3565568,7,0,0,7,0.0,0.0,1.0,0.0016948804259300232,0.4233018457889557,0.027270392421633004,-5.1140381574630736,0.010621934931259602,0.046422697603702545,0.028980012983083725,0.06544081121683121,1.0
1742,3567616,3,0,0,3,0.0,0.0,1.0,0.017432015389204025,0.41692865192890166,0.023539058212190867,-5.116083407402039,0.032198906416306274,0.046396296471357346,0.029004979878664017,0.06533616781234741,1.0
1743,3569664,4,0,0,4,0.0,0.0,1.0,-0.0001068574609234929,0.4382530450820923,0.022629227396100758,-5.11613290309906,0.011080625810427592,0.04637479782104492,0.029051847755908966,0.06520719081163406,1.0
1744,3571712,8,0,0,8,0.0,0.0,1.0,0.008554539899341762,0.29649620205163957,0.02574954545125365,-5.116927742958069,0.017678735277149825,0.04636653512716293,0.02900276705622673,0.06527736783027649,1.0
1745,3573760,5,1,0,4,0.2,0.0,0.8,0.0020460896077565847,0.4506960600614548,0.02353467242792249,-5.12087664604187,0.00775246427510865,0.046298544853925705,0.02888185903429985,0.06539943069219589,1.0
1746,3575808,7,0,0,7,0.0,0.0,1.0,-0.002914791787043214,0.19969966635107994,0.025596583914011716,-5.1271227359771725,0.014262819243595005,0.046226441860198975,0.0289030559360981,0.06537885218858719,1.0
1747,3577856,6,0,0,6,0.0,0.0,1.0,0.0008275546133518219,0.47040707617998123,0.022581283748149873,-5.1322962760925295,0.010356706788297743,0.04609894007444382,0.028867505490779877,0.0651467889547348,1.0
1748,3579904,3,0,0,3,0.0,0.0,1.0,0.0018282860750332476,0.44303707778453827,0.021627818513661624,-5.142600584030151,0.011484238342382014,0.04590114206075668,0.028710411861538887,0.06484393030405045,1.0
1749,3581952,4,1,0,3,0.25,0.0,0.75,0.007150468695908785,0.6105655074119568,0.021144677046686412,-5.15023353099823,0.016998154687462373,0.04592936486005783,0.02873564139008522,0.06498347222805023,1.0
1750,3584000,10,2,0,8,0.2,0.0,0.8,-0.0005532375536859036,0.6916966289281845,0.021242975909262895,-5.148487782478332,0.00954708169447258,0.045911431312561035,0.028712550178170204,0.06504537910223007,1.0
1751,3586048,3,0,0,3,0.0,0.0,1.0,-0.00020262554753571748,0.3536627933382988,0.019238941185176373,-5.154950666427612,0.008861978386994452,0.04575701802968979,0.028596200048923492,0.06488344818353653,1.0
1752,3588096,9,0,0,9,0.0,0.0,1.0,-0.0017169442493468524,0.34938681721687315,0.02262929230928421,-5.164628863334656,0.017799006536370142,0.04566019028425217,0.028572747483849525,0.06473582983016968,1.0
1753,3590144,5,0,0,5,0.0,0.0,1.0,0.0019725075457245112,0.09017525240778923,0.018278371449559926,-5.168291187286377,0.010141934157582,0.04560200124979019,0.028574764728546143,0.06461702287197113,1.0
1754,3592192,1,0,0,1,0.0,0.0,1.0,-0.0013962191995233297,0.10645882301032543,0.02026829672977328,-5.170046329498291,0.012111936596920714,0.04561835527420044,0.028582176193594933,0.06462441384792328,1.0
1755,3594240,6,2,0,4,0.3333333333333333,0.0,0.6666666666666666,-0.002857426763512194,0.6387563496828079,0.021590336319059135,-5.168762898445129,0.011385681841056794,0.04561617597937584,0.028585394844412804,0.0646909773349762,1.0
1756,3596288,10,0,0,10,0.0,0.0,1.0,-0.0007263269973918796,0.06477887015789748,0.02290439698845148,-5.171629238128662,0.006915884686168283,0.04555882140994072,0.028489936143159866,0.06468118727207184,1.0
1757,3598336,4,0,0,4,0.0,0.0,1.0,0.0005127314245328308,0.0884804043918848,0.021259348187595607,-5.1756820440292355,0.010417347081238404,0.045542117208242416,0.028506392613053322,0.0646418035030365,1.0
1758,3600384,8,0,0,8,0.0,0.0,1.0,0.0033012358006089928,0.06314367800951004,0.023316671326756477,-5.171379351615906,0.014183625602163375,0.04565471410751343,0.028681781142950058,0.06472133100032806,1.0
1759,3602432,3,0,0,3,0.0,0.0,1.0,0.009287342173047363,0.06998827960342169,0.018695696350187065,-5.164417934417725,0.020756438391981647,0.04566711187362671,0.028711959719657898,0.06473764032125473,1.0
1760,3604480,1,0,0,1,0.0,0.0,1.0,0.0018259132746607065,0.20826278030872344,0.02029620297253132,-5.165749669075012,0.0121500403736718,0.04564999043941498,0.028712384402751923,0.06489692628383636,1.0
1761,3606528,8,1,0,7,0.125,0.0,0.875,0.0008402472361922264,0.709437084197998,0.021750459633767604,-5.169626665115357,0.010267991106957197,0.04555411636829376,0.028779974207282066,0.06475833803415298,1.0
1762,3608576,10,0,0,10,0.0,0.0,1.0,0.0033457939978688957,0.674198642373085,0.026724414061754943,-5.173527717590332,0.01403025935869664,0.0455007404088974,0.028773078694939613,0.06462829560041428,1.0
1763,3610624,4,0,1,3,0.0,0.25,0.75,0.005717594467569143,1.190313532948494,0.018886610865592957,-5.175690650939941,0.016497543570585547,0.04544316232204437,0.028781114146113396,0.06434568017721176,1.0
1764,3612672,7,0,0,7,0.0,0.0,1.0,0.0013350014574825763,0.5478753298521042,0.021556564420461655,-5.177085924148559,0.009355517104268074,0.04538361355662346,0.028855545446276665,0.06409228593111038,1.0
1765,3614720,3,0,0,3,0.0,0.0,1.0,0.0013498555868864059,0.5481326341629028,0.02198696229606867,-5.176659178733826,0.013325814728159458,0.045426275581121445,0.02891729585826397,0.06404261291027069,1.0
1766,3616768,3,0,1,2,0.0,0.3333333333333333,0.6666666666666666,-0.0008059271378442646,1.3474258840084077,0.021810281742364167,-5.173370742797852,0.015459491382353007,0.04542313143610954,0.028918294236063957,0.0640420913696289,1.0
1767,3618816,8,0,0,8,0.0,0.0,1.0,-0.0020362304989248515,0.6072708755731583,0.02396046034991741,-5.175910806655883,0.014863553119357675,0.045338839292526245,0.028939833864569664,0.06385944783687592,1.0
1768,3620864,8,0,0,8,0.0,0.0,1.0,-0.000813078717328608,0.23439852222800256,0.022172394022345544,-5.179970216751099,0.009249607042875141,0.045239031314849854,0.029076607897877693,0.06348371505737305,1.0
1769,3622912,5,0,0,5,0.0,0.0,1.0,0.0006289158947765828,0.28888112753629686,0.019910531397908927,-5.180343270301819,0.010340977075975389,0.04524720460176468,0.02912733517587185,0.0634087324142456,1.0
1770,3624960,6,0,0,6,0.0,0.0,1.0,0.0005880892626009881,0.7088878184556962,0.019977739732712507,-5.179624891281128,0.013958850794006139,0.04523265361785889,0.029108909890055656,0.06350180506706238,1.0
1771,3627008,3,0,0,3,0.0,0.0,1.0,-0.0005484634777531028,0.6900119602680206,0.022455286327749492,-5.185972046852112,0.01038504873868078,0.0450974777340889,0.0289053563028574,0.06350867450237274,1.0
1772,3629056,4,0,0,4,0.0,0.0,1.0,-0.0004783001262694597,0.5204525351524353,0.021363066509366035,-5.197341561317444,0.008025451737921685,0.04498493671417236,0.02881304733455181,0.06342026591300964,1.0
1773,3631104,7,0,0,7,0.0,0.0,1.0,-0.0004972605267539621,0.48460364937782285,0.021564930304884912,-5.201380705833435,0.009332811320200562,0.0449916236102581,0.028876688331365585,0.0633782297372818,1.0
1774,3633152,7,0,0,7,0.0,0.0,1.0,-0.0012540156953036786,0.4919059544801712,0.02205047681927681,-5.198240399360657,0.01614270399441011,0.04501728340983391,0.028882430866360664,0.06337273120880127,1.0
1775,3635200,6,0,0,6,0.0,0.0,1.0,0.0015905196079984308,0.21291479617357253,0.02589126592501998,-5.198566484451294,0.01196949472068809,0.04500015825033188,0.028878498822450638,0.06341807544231415,1.0
1776,3637248,5,0,0,5,0.0,0.0,1.0,0.0003917263587936759,0.4180419445037842,0.025566574186086655,-5.2014566421508786,0.012920861603925004,0.04495949670672417,0.02877403236925602,0.06356063485145569,1.0
1777,3639296,3,0,0,3,0.0,0.0,1.0,0.0008296833373606205,0.6554419666528701,0.024894903320819138,-5.207318139076233,0.00729819341795519,0.044905684888362885,0.028637271374464035,0.06367120891809464,1.0
1778,3641344,4,0,0,4,0.0,0.0,1.0,0.0043940878007560965,0.3956664502620697,0.024021092522889375,-5.21285650730133,0.015906334458850323,0.04485524445772171,0.028525713831186295,0.06358908861875534,1.0
1779,3643392,9,0,0,9,0.0,0.0,1.0,-0.001431078463792801,0.48053749054670336,0.02459861533716321,-5.214414477348328,0.018724384531378747,0.04489998146891594,0.028501790016889572,0.06367629021406174,1.0
1780,3645440,6,0,0,6,0.0,0.0,1.0,-9.692143648862839e-05,0.43206571489572526,0.022268914524465798,-5.211912536621094,0.007919319235952571,0.044889941811561584,0.028522958979010582,0.06353654712438583,1.0
1781,3647488,6,0,0,6,0.0,0.0,1.0,0.0004054598044604063,0.4596856772899628,0.0224448898807168,-5.214321851730347,0.010105710016796365,0.04480209946632385,0.028510672971606255,0.06339352577924728,1.0
1782,3649536,5,0,0,5,0.0,0.0,1.0,-0.0013198338216170668,0.5904966399073601,0.023705282248556614,-5.21967761516571,0.011775765771744773,0.0447339229285717,0.028504448011517525,0.06345606595277786,1.0
1783,3651584,3,0,1,2,0.0,0.3333333333333333,0.6666666666666666,0.00017431359738111495,2.511018192768097,0.024052421003580092,-5.225664877891541,0.006671546254074201,0.04463554546236992,0.0285381767898798,0.06340131163597107,1.0
1784,3653632,6,0,0,6,0.0,0.0,1.0,0.002014346141368151,0.5238893568515778,0.021869296301156284,-5.2288528203964235,0.009675118286395445,0.044625174254179,0.028644276782870293,0.06334047764539719,1.0
1785,3655680,9,0,1,8,0.0,0.1111111111111111,0.8888888888888888,0.0021560772438533604,2.440249264240265,0.022729071229696272,-5.2267505645751955,0.025741908856434747,0.044654395431280136,0.02867988869547844,0.06329905986785889,1.0
1786,3657728,3,0,0,3,0.0,0.0,1.0,0.0023859954671934247,0.2542676910758018,0.022864124178886412,-5.221677851676941,0.012885450944304466,0.04478657245635986,0.028743945062160492,0.06356881558895111,1.0
1787,3659776,7,0,0,7,0.0,0.0,1.0,0.001469441456720233,0.6803352415561676,0.023999571334570646,-5.21540002822876,0.010255307878833265,0.04482397437095642,0.028739020228385925,0.06372104585170746,1.0
1788,3661824,4,0,0,4,0.0,0.0,1.0,0.0015845516929402948,0.24982313811779022,0.022060914617031812,-5.217948269844055,0.020964546862524004,0.044757016003131866,0.02866467833518982,0.06358211487531662,1.0
1789,3663872,3,0,0,3,0.0,0.0,1.0,-0.0005965359043329955,0.35021891072392464,0.023748213518410922,-5.221886038780212,0.008170771424192935,0.044676393270492554,0.02868250012397766,0.06335783004760742,1.0
1790,3665920,6,0,0,6,0.0,0.0,1.0,0.0036222818540409206,0.0995823822915554,0.02451548706740141,-5.228056645393371,0.01533656147075817,0.04453928396105766,0.028580842539668083,0.06308385729789734,1.0
1791,3667968,9,0,0,9,0.0,0.0,1.0,-0.0009058450348675251,0.4770635485649109,0.022676852252334356,-5.237017393112183,0.018302689818665386,0.04438764974474907,0.02852933295071125,0.06280694156885147,1.0
1792,3670016,4,0,0,4,0.0,0.0,1.0,0.004600770445540548,0.1769003763794899,0.026071894355118273,-5.244623351097107,0.02061569265788421,0.04433026164770126,0.02848592959344387,0.0628182664513588,1.0
1793,3672064,8,0,1,7,0.0,0.125,0.875,-0.000266841659322381,0.7557561993598938,0.024384880159050226,-5.247269892692566,0.011408849339932203,0.044355254620313644,0.028391417115926743,0.0630137026309967,1.0
1794,3674112,4,0,0,4,0.0,0.0,1.0,-0.000611793203279376,0.25176946967840197,0.022686358820647002,-5.250019836425781,0.010835283651249483,0.04426073282957077,0.028331229463219643,0.0629686787724495,1.0
1795,3676160,2,0,0,2,0.0,0.0,1.0,0.0030534503515809775,0.23906474635004998,0.024619948398321868,-5.2567792415618895,0.018546242493903263,0.044233303517103195,0.028257787227630615,0.06302827596664429,1.0
1796,3678208,7,0,0,7,0.0,0.0,1.0,0.004861890198662877,0.5102357909083366,0.02824482023715973,-5.25800850391388,0.013620627031195908,0.04422181099653244,0.028286684304475784,0.06295755505561829,1.0
1797,3680256,9,0,1,8,0.0,0.1111111111111111,0.8888888888888888,-0.0003596218768507242,2.5454084098339083,0.025293469056487085,-5.2587967157363895,0.013453387975459918,0.04416143521666527,0.028304757550358772,0.06278473883867264,1.0
1798,3682304,5,0,0,5,0.0,0.0,1.0,0.00042991393711417915,0.3194326862692833,0.02393616586923599,-5.261388635635376,0.013142631808295845,0.04413795471191406,0.02830432541668415,0.0627019852399826,1.0
1799,3684352,6,0,0,6,0.0,0.0,1.0,0.00738956683780998,0.28014282286167147,0.02289877813309431,-5.261373233795166,0.020018056174740194,0.044142961502075195,0.02830357663333416,0.06269527226686478,1.0
1800,3686400,3,0,0,3,0.0,0.0,1.0,0.00953969405964017,0.23802018761634827,0.021311909705400468,-5.260952711105347,0.023458737321197985,0.04416187107563019,0.028302321210503578,0.06275483220815659,1.0
1801,3688448,2,0,0,2,0.0,0.0,1.0,0.000830795057117939,0.2174709767103195,0.022002512682229282,-5.2595490455627445,0.008066660998156294,0.044197212904691696,0.028266120702028275,0.06287436187267303,1.0
1802,3690496,10,0,0,10,0.0,0.0,1.0,-0.0017151779495179654,0.6115282371640205,0.021443741302937268,-5.25711190700531,0.00732339916867204,0.044280484318733215,0.02827460691332817,0.06293993443250656,1.0
1803,3692544,7,0,0,7,0.0,0.0,1.0,0.007183133903890848,0.3162772208452225,0.021050491742789744,-5.250309419631958,0.020118078897939994,0.04437620937824249,0.02828402630984783,0.06305023282766342,1.0
1804,3694592,6,0,0,6,0.0,0.0,1.0,0.009421366965398192,0.3742962688207626,0.025277848728001116,-5.246921586990356,0.02227219119668007,0.04437929391860962,0.02829410322010517,0.06312993168830872,1.0
1805,3696640,7,0,2,5,0.0,0.2857142857142857,0.7142857142857143,-0.0011462814407423138,2.6442808747291564,0.02623411826789379,-5.2473591566085815,0.012290493416367098,0.04439111799001694,0.028419118374586105,0.06308610737323761,1.0
1806,3698688,3,0,0,3,0.0,0.0,1.0,0.002448121574707329,0.13117632418870925,0.021661074366420507,-5.242954850196838,0.012730716494843364,0.044429123401641846,0.02856568433344364,0.06311776489019394,1.0
1807,3700736,3,0,0,3,0.0,0.0,1.0,0.004762667254544795,0.4601060822606087,0.021395348850637673,-5.239357495307923,0.014289668598212301,0.044490378350019455,0.028630150482058525,0.0632815808057785,1.0
1808,3702784,6,0,0,6,0.0,0.0,1.0,-0.0003370408434420824,0.2103049151599407,0.0182691334746778,-5.237528300285339,0.010865740501321853,0.044464509934186935,0.028615526854991913,0.06332192569971085,1.0
1809,3704832,7,0,0,7,0.0,0.0,1.0,0.00033981648739427327,0.2804591432213783,0.0202339974232018,-5.243134069442749,0.008701077615842222,0.04436330124735832,0.028574027121067047,0.06324565410614014,1.0
1810,3706880,10,1,1,8,0.1,0.1,0.8,0.003705985832493752,2.585330229997635,0.02071036621928215,-5.246941447257996,0.026668356492882593,0.04438173398375511,0.02858947031199932,0.06327024847269058,1.0
1811,3708928,5,0,0,5,0.0,0.0,1.0,0.0019735697656869887,0.3715140178799629,0.016939833015203475,-5.243911623954773,0.01786370449117385,0.04443122074007988,0.028624553233385086,0.06340435892343521,1.0
1812,3710976,2,0,0,2,0.0,0.0,1.0,0.004641885939054191,0.27433071583509444,0.01791381323710084,-5.241418051719665,0.014405205112416298,0.044444214552640915,0.028760233893990517,0.06335969269275665,1.0
1813,3713024,3,0,0,3,0.0,0.0,1.0,-0.0010077913058921695,0.5219493180513382,0.020563871413469315,-5.238492274284363,0.010322097403695807,0.04445347189903259,0.028868194669485092,0.06319547444581985,1.0
1814,3715072,7,0,0,7,0.0,0.0,1.0,0.0004453921224921942,0.8792195469141006,0.023821506556123494,-5.2357076644897464,0.012473862193292006,0.04448123276233673,0.02885632961988449,0.0632559210062027,1.0
1815,3717120,6,1,0,5,0.16666666666666666,0.0,0.8333333333333334,0.002183717768639326,0.8312758594751358,0.022615948878228664,-5.236545610427856,0.009124280564719811,0.0444536916911602,0.028753383085131645,0.06324786692857742,1.0
1816,3719168,10,0,0,10,0.0,0.0,1.0,-0.00038720583543181417,0.3591830000281334,0.021350145991891622,-5.240706491470337,0.007835827890085056,0.04437333345413208,0.028733093291521072,0.06324385851621628,1.0
1817,3721216,5,0,0,5,0.0,0.0,1.0,-0.0006776860449463129,0.5250639572739602,0.020999564975500106,-5.245160436630249,0.011194738332415,0.044384002685546875,0.028769902884960175,0.06326118856668472,1.0
1818,3723264,2,0,0,2,0.0,0.0,1.0,0.005811501364223659,0.39392649233341215,0.02021886669099331,-5.241888260841369,0.018864822469186037,0.04442215710878372,0.028790859505534172,0.0633196085691452,1.0
1819,3725312,3,0,0,3,0.0,0.0,1.0,-0.0008515442488715053,0.4701091378927231,0.020575094036757946,-5.2421787023544315,0.01228233045549132,0.0443689301609993,0.028692258521914482,0.06323987990617752,1.0
1820,3727360,9,1,0,8,0.1111111111111111,0.0,0.8888888888888888,0.003073924919590354,0.6060142457485199,0.024516747519373893,-5.246907591819763,0.018905392865417526,0.04433358460664749,0.028623858466744423,0.06320233643054962,1.0
1821,3729408,7,1,1,5,0.14285714285714285,0.14285714285714285,0.7142857142857143,-0.00024150856770575047,0.5568320542573929,0.017855552583932878,-5.246183776855469,0.017128149879863486,0.04443931579589844,0.028606289997696877,0.06339110434055328,1.0
1822,3731456,9,0,0,9,0.0,0.0,1.0,-0.0018594849854707718,0.549559223651886,0.020742328837513924,-5.243248224258423,0.008079113799612968,0.044377684593200684,0.028450775891542435,0.06336113810539246,1.0
1823,3733504,3,0,0,3,0.0,0.0,1.0,0.0013597309123724699,0.2622565381228924,0.020734561048448084,-5.253064727783203,0.018402645678725092,0.044240713119506836,0.028323611244559288,0.06312400102615356,1.0
1824,3735552,2,0,1,1,0.0,0.5,0.5,0.0020119639113545416,2.607560968399048,0.025167608819901943,-5.257915663719177,0.019744961214018985,0.0442681610584259,0.02828509360551834,0.06328009068965912,1.0
1825,3737600,4,0,1,3,0.0,0.25,0.75,0.0032761486945673823,2.2593824923038484,0.024797201994806527,-5.256770396232605,0.01976105899666436,0.044279515743255615,0.028276341035962105,0.06332717835903168,1.0
1826,3739648,12,0,0,12,0.0,0.0,1.0,0.0031333668972365557,0.33266761153936386,0.0217020845040679,-5.259056568145752,0.017895985476206987,0.04420630633831024,0.028194233775138855,0.06324955821037292,1.0
1827,3741696,4,0,0,4,0.0,0.0,1.0,0.0018301773117855192,0.3317841231822968,0.02078378787264228,-5.264819622039795,0.013655709236627445,0.04414346441626549,0.028119120746850967,0.0631064772605896,1.0
1828,3743744,9,0,0,9,0.0,0.0,1.0,0.0030014890362508595,0.3090863436460495,0.0217788758687675,-5.267707633972168,0.010262089589377865,0.04410535842180252,0.0280917938798666,0.06302324682474136,1.0
1829,3745792,1,0,0,1,0.0,0.0,1.0,0.007373014511540532,0.26475085094571116,0.021315466426312924,-5.268282508850097,0.022480843478115277,0.04413307458162308,0.028061483055353165,0.06292209774255753,1.0
1830,3747840,3,1,0,2,0.3333333333333333,0.0,0.6666666666666666,0.003314054780639708,0.6307377785444259,0.020849435310810804,-5.26685094833374,0.014958832290722058,0.04411270469427109,0.028012605383992195,0.06279076635837555,1.0
1831,3749888,5,1,0,4,0.2,0.0,0.8,0.002504126401618123,0.5551333159208298,0.020214619021862744,-5.268946647644043,0.0142027961963322,0.0440574511885643,0.027954673394560814,0.06265891343355179,1.0
1832,3751936,11,0,0,11,0.0,0.0,1.0,-0.0003539900528267026,0.3774404406547546,0.021227410808205605,-5.27123646736145,0.009799301443854347,0.044052448123693466,0.028046848252415657,0.06261619925498962,1.0
1833,3753984,5,0,0,5,0.0,0.0,1.0,0.006145581125747412,0.5034658998250962,0.022168054804205896,-5.269346833229065,0.015535841108066962,0.04405726492404938,0.028023861348628998,0.06257270276546478,1.0
1834,3756032,7,0,0,7,0.0,0.0,1.0,-0.00023475282359868287,0.4943364173173904,0.02000141255557537,-5.269593286514282,0.01208443968789652,0.04405121132731438,0.02796940878033638,0.06248483061790466,1.0
1835,3758080,1,0,0,1,0.0,0.0,1.0,-0.00018910104408860208,0.40042857974767687,0.021051711402833462,-5.2696316003799435,0.00881258630543016,0.044083431363105774,0.027958134189248085,0.062490567564964294,1.0
1836,3760128,5,2,0,3,0.4,0.0,0.6,-0.0008697754237800837,0.6402857303619385,0.024606950301676988,-5.265725564956665,0.01235283210990019,0.04414686560630798,0.027978673577308655,0.06259648501873016,1.0
1837,3762176,7,0,0,7,0.0,0.0,1.0,0.010181663301773369,0.22915199995040894,0.02168637765571475,-5.263976120948792,0.022933670325437562,0.04414074122905731,0.027944639325141907,0.06257948279380798,1.0
1838,3764224,8,0,0,8,0.0,0.0,1.0,-0.001557475165463984,0.499435493350029,0.02497547063976526,-5.267025375366211,0.013979102310258895,0.04403548687696457,0.027932437136769295,0.06236406788229942,1.0
1839,3766272,6,1,0,5,0.16666666666666666,0.0,0.8333333333333334,0.0028327942942269146,0.537322549521923,0.024648694042116403,-5.272550392150879,0.010946792311733589,0.043984558433294296,0.02791011519730091,0.06228157505393028,1.0
1840,3768320,5,0,0,5,0.0,0.0,1.0,0.00588018954731524,0.350948566198349,0.02395687298849225,-5.27375009059906,0.014948289963649585,0.043999429792165756,0.02789110504090786,0.062311459332704544,1.0
1841,3770368,1,0,0,1,0.0,0.0,1.0,0.004024958331137895,0.3358556106686592,0.022858926001936196,-5.272353386878967,0.013582477788440883,0.04404076188802719,0.02790750004351139,0.062459796667099,1.0
1842,3772416,6,0,0,6,0.0,0.0,1.0,0.0004135696915909648,0.8081160515546799,0.025917864125221967,-5.271802210807801,0.010784181114286185,0.04400624334812164,0.027922628447413445,0.06244794279336929,1.0
1843,3774464,8,1,0,7,0.125,0.0,0.875,0.0022018028656020762,0.6383605778217316,0.022582211066037416,-5.270581507682801,0.024542609602212904,0.044128045439720154,0.02795715443789959,0.0626148134469986,1.0
1844,3776512,6,0,0,6,0.0,0.0,1.0,0.0007762269116938115,0.46083302050828934,0.0268484091386199,-5.266450333595276,0.009110790153499693,0.04406155273318291,0.027899105101823807,0.06246299669146538,1.0
1845,3778560,8,0,0,8,0.0,0.0,1.0,-0.001254680659621954,0.4553513690829277,0.027612910885363818,-5.272296047210693,0.007692697062157095,0.04400310665369034,0.02781250700354576,0.06238744780421257,1.0
1846,3780608,4,0,0,4,0.0,0.0,1.0,0.0037379849469289183,0.4260204881429672,0.02365188030526042,-5.277817678451538,0.011935809935675935,0.04391580820083618,0.02766890823841095,0.06237155199050903,1.0
1847,3782656,3,0,1,2,0.0,0.3333333333333333,0.6666666666666666,0.0016155313234776259,1.405026939511299,0.021170055400580166,-5.2833314657211305,0.01408737779711373,0.04393676668405533,0.027690988034009933,0.062494874000549316,1.0
1848,3784704,8,1,1,6,0.125,0.125,0.75,0.0013086113380268217,2.9821948766708375,0.024462388176470996,-5.281367206573487,0.009236015065107494,0.04395323246717453,0.027632853016257286,0.06269147247076035,1.0
1849,3786752,6,0,0,6,0.0,0.0,1.0,0.0021394048584625126,0.2805046163499355,0.02262621419504285,-5.28509476184845,0.013202990003628656,0.04388457536697388,0.0275881290435791,0.06262907385826111,1.0
1850,3788800,5,0,0,5,0.0,0.0,1.0,0.011850412283092738,0.362908361852169,0.022707987017929553,-5.288243842124939,0.03762264107936062,0.04388805478811264,0.027584629133343697,0.06273208558559418,1.0
1851,3790848,8,2,0,6,0.25,0.0,0.75,0.0014950609998777508,0.7069838017225265,0.023045226372778414,-5.286918711662293,0.015958330169087275,0.04396422207355499,0.02763495407998562,0.063032366335392,1.0
1852,3792896,4,0,0,4,0.0,0.0,1.0,0.005603667534887791,0.43724468499422076,0.022924973536282776,-5.284935021400452,0.017372797738062218,0.04392724484205246,0.027689622715115547,0.06304993480443954,1.0
1853,3794944,2,0,0,2,0.0,0.0,1.0,0.005073994817212224,0.4640755608677864,0.026465811766684055,-5.28766098022461,0.015661183750489728,0.043903499841690063,0.027752907946705818,0.06299889087677002,1.0
1854,3796992,8,0,0,8,0.0,0.0,1.0,0.006469483976252377,0.49015069007873535,0.028615684527903796,-5.28648362159729,0.014453710854286327,0.04393051564693451,0.027758028358221054,0.06306856125593185,1.0
1855,3799040,6,0,0,6,0.0,0.0,1.0,-0.0034052528208121657,0.6115141242742539,0.025119034107774496,-5.28507661819458,0.01736204246408306,0.04396839439868927,0.027779094874858856,0.06318183243274689,1.0
1856,3801088,5,0,0,5,0.0,0.0,1.0,0.0005547049688175321,0.36474568396806717,0.021930243447422983,-5.285739898681641,0.009115747967734933,0.04390128701925278,0.027728408575057983,0.06312517076730728,1.0
1857,3803136,8,0,0,8,0.0,0.0,1.0,0.0006135823437944055,0.19314615279436112,0.02094899080693722,-5.290308260917664,0.016789069399237633,0.04391349107027054,0.02759389951825142,0.06319335103034973,1.0
1858,3805184,4,0,1,3,0.0,0.25,0.75,-0.0034310075803659855,2.0884036779403687,0.02243655463680625,-5.2885716438293455,0.02223248122027144,0.04398948699235916,0.027580875903367996,0.06340745836496353,1.0
1859,3807232,3,0,0,3,0.0,0.0,1.0,-0.001286889798939228,0.3827574700117111,0.02113643251359463,-5.285841989517212,0.006684661679901183,0.04401778429746628,0.02755548246204853,0.06353730708360672,1.0
1860,3809280,8,0,0,8,0.0,0.0,1.0,-0.0011129731079563498,0.4897587656974792,0.022237096447497606,-5.286478900909424,0.008584362943656743,0.044017061591148376,0.027526093646883965,0.06360847502946854,1.0
1861,3811328,5,0,0,5,0.0,0.0,1.0,0.001301643205806613,0.3303283520042896,0.0210944558493793,-5.289213609695435,0.007745628198608756,0.04394444823265076,0.02742881514132023,0.06348226219415665,1.0
1862,3813376,5,0,0,5,0.0,0.0,1.0,-0.0017141707241535187,0.42877975553274156,0.024116184283047914,-5.29389181137085,0.016319189459318297,0.043909188359975815,0.02738775871694088,0.06338291615247726,1.0
1863,3815424,7,0,0,7,0.0,0.0,1.0,0.005599446967244149,0.19556492045521737,0.025377926602959632,-5.295847153663635,0.013314478058600799,0.04381991922855377,0.027410591021180153,0.06299255043268204,1.0
1864,3817472,4,0,0,4,0.0,0.0,1.0,0.008119299076497555,0.2221662312746048,0.02400284744799137,-5.298033595085144,0.024425074749160558,0.04378477856516838,0.027431119233369827,0.0628298744559288,1.0
1865,3819520,5,0,0,5,0.0,0.0,1.0,-0.0015576753066852689,0.27836188301444054,0.025283547304570674,-5.297596549987793,0.011107262404402718,0.04377134144306183,0.02747161313891411,0.06253693252801895,1.0
1866,3821568,6,0,0,6,0.0,0.0,1.0,0.01581477776635438,0.24437980353832245,0.023692867066711188,-5.29438087940216,0.03203525075223297,0.04383810609579086,0.027530057355761528,0.06259669363498688,1.0
1867,3823616,6,0,0,6,0.0,0.0,1.0,0.002092576050199568,0.17896422892808914,0.022615334950387478,-5.289398336410523,0.017402264493284747,0.04389113187789917,0.027588017284870148,0.06267654150724411,1.0
1868,3825664,6,1,0,5,0.16666666666666666,0.0,0.8333333333333334,-0.00027171410620212554,0.4670391544699669,0.02136697228997946,-5.286222386360168,0.011466443620156497,0.04391985386610031,0.027695365250110626,0.06266121566295624,1.0
1869,3827712,6,0,0,6,0.0,0.0,1.0,0.0011209567543119191,0.41009056717157366,0.02262837262824178,-5.2804856300354,0.00940107285277918,0.044002436101436615,0.027857091277837753,0.06269099563360214,1.0
1870,3829760,3,0,0,3,0.0,0.0,1.0,-0.001343123009428382,0.768039447069168,0.024584489595144986,-5.2773710012435915,0.005136587109882384,0.04392358660697937,0.02784186601638794,0.062494441866874695,1.0
1871,3831808,5,0,0,5,0.0,0.0,1.0,0.0013309248257428407,0.42053527384996414,0.022793834283947944,-5.284436416625977,0.008628657343797386,0.04380568116903305,0.027787301689386368,0.06232323870062828,1.0
1872,3833856,7,0,0,7,0.0,0.0,1.0,0.0014461000682786107,0.3190188243985176,0.02082843016833067,-5.290662741661071,0.006861038773786276,0.043747447431087494,0.027766559273004532,0.0622171014547348,1.0
1873,3835904,6,0,0,6,0.0,0.0,1.0,0.001484388206154108,0.4629362627863884,0.022769354097545148,-5.292983078956604,0.009897579066455364,0.04371912032365799,0.02775004878640175,0.062112655490636826,1.0
1874,3837952,7,0,0,7,0.0,0.0,1.0,0.005300072254613042,0.5272703543305397,0.022396265342831612,-5.293168449401856,0.008649412990780547,0.04369081184267998,0.027819624170660973,0.06185869127511978,1.0
1875,3840000,5,1,0,4,0.2,0.0,0.8,0.0010812737047672272,0.632801565527916,0.023261708766222,-5.294522404670715,0.011876799270976336,0.043595314025878906,0.02780963107943535,0.06155843660235405,1.0
1876,3842048,3,0,0,3,0.0,0.0,1.0,0.0021093003218993545,0.3760367766022682,0.026935170777142046,-5.300439739227295,0.009284934180323034,0.04349812865257263,0.027697492390871048,0.061345964670181274,1.0
1877,3844096,7,0,0,7,0.0,0.0,1.0,0.0011676285415887834,0.36233529150485994,0.025482550170272587,-5.305837917327881,0.008967145567294211,0.043438881635665894,0.027670318260788918,0.061141613870859146,1.0
1878,3846144,6,0,0,6,0.0,0.0,1.0,0.0007092302665114402,0.30947496742010117,0.022638491075485944,-5.310736584663391,0.007378593587782234,0.04329158365726471,0.02757621929049492,0.0607876256108284,1.0
1879,3848192,5,0,0,5,0.0,0.0,1.0,-0.0007457660278305412,0.20443111956119536,0.0236529597081244,-5.318272233009338,0.012527598644373939,0.043252088129520416,0.02754799649119377,0.06065426394343376,1.0
1880,3850240,8,0,0,8,0.0,0.0,1.0,0.00032315256539732217,0.23137052282691,0.01994591448456049,-5.318739819526672,0.011267016001511365,0.04320681840181351,0.02759363502264023,0.06056816503405571,1.0
1881,3852288,4,0,0,4,0.0,0.0,1.0,-0.0013460584217682482,0.22964952513575554,0.01819221582263708,-5.320609879493714,0.009342899243347347,0.04317353293299675,0.02773398347198963,0.06038384139537811,1.0
1882,3854336,4,0,0,4,0.0,0.0,1.0,0.0049798906780779365,0.49623065888881684,0.02002037325873971,-5.318743896484375,0.013736075995257124,0.043181877583265305,0.027824267745018005,0.060334693640470505,1.0
1883,3856384,7,0,0,7,0.0,0.0,1.0,0.00429252611938864,0.5509761974215508,0.02123477142304182,-5.316921544075012,0.01220722080906853,0.04320633411407471,0.027837619185447693,0.060407351702451706,1.0
1884,3858432,4,0,0,4,0.0,0.0,1.0,-0.0009545890847221017,0.5140886381268501,0.023561114631593227,-5.316943049430847,0.007188595371553674,0.04321422427892685,0.027765389531850815,0.06063786894083023,1.0
1885,3860480,6,0,0,6,0.0,0.0,1.0,-0.0018494517309591175,0.8250978082418442,0.024557089246809483,-5.318266558647156,0.008762529341038317,0.043245069682598114,0.027775168418884277,0.06080930680036545,1.0
1886,3862528,7,0,0,7,0.0,0.0,1.0,-0.0003762243781238794,0.8909810841083526,0.023656709119677544,-5.3188341617584225,0.006082210369640961,0.04312683269381523,0.0278849545866251,0.06054046005010605,1.0
1887,3864576,5,1,0,4,0.2,0.0,0.8,0.0017166782170534133,0.7966738700866699,0.022797808144241573,-5.326965808868408,0.01246296918252483,0.04294688627123833,0.02789193019270897,0.060111019760370255,1.0
1888,3866624,4,0,0,4,0.0,0.0,1.0,0.004479547310620546,0.5824067950248718,0.02234419323503971,-5.33540632724762,0.014127594610909,0.0428452342748642,0.02783658169209957,0.05978831276297569,1.0
1889,3868672,7,0,0,7,0.0,0.0,1.0,0.0021615986712276935,0.5063616454601287,0.022085841000080108,-5.340124154090882,0.009391024935757742,0.04277811199426651,0.02778526395559311,0.05964556708931923,1.0
1890,3870720,6,1,0,5,0.16666666666666666,0.0,0.8333333333333334,-0.0005565622122958302,0.7961461156606674,0.021062065102159976,-5.343320274353028,0.01837520897388458,0.04274175688624382,0.027780327945947647,0.05953957512974739,1.0
1891,3872768,6,1,0,5,0.16666666666666666,0.0,0.8333333333333334,4.512355662882328e-05,1.2544574975967406,0.022100436594337226,-5.344293689727783,0.010997340630274266,0.04274354875087738,0.027794506400823593,0.059581466019153595,1.0
1892,3874816,8,0,0,8,0.0,0.0,1.0,-0.0010610060533508658,0.48119628727436065,0.02681424906477332,-5.348520302772522,0.011404845194192603,0.042576950043439865,0.027740100398659706,0.05936986953020096,1.0
1893,3876864,3,0,0,3,0.0,0.0,1.0,0.005582202668301761,0.44053746908903124,0.02396665429696441,-5.358891940116882,0.015987027663504703,0.04251253604888916,0.02772386744618416,0.059312839061021805,1.0
1894,3878912,3,0,0,3,0.0,0.0,1.0,0.005097217205911875,0.5556872487068176,0.022762260958552362,-5.359647178649903,0.013245202047983184,0.04252992570400238,0.027705008164048195,0.059405818581581116,1.0
1895,3880960,7,0,0,7,0.0,0.0,1.0,0.001104002259671688,0.4204054817557335,0.024004282895475626,-5.361932992935181,0.006418429937912151,0.04244213551282883,0.027627142146229744,0.05930691212415695,1.0
1896,3883008,6,0,1,5,0.0,0.16666666666666666,0.8333333333333334,0.0004995088558644057,1.4853932708501816,0.020456272549927233,-5.3704907417297365,0.010990678385132924,0.042322199791669846,0.027482321485877037,0.05913213640451431,1.0
1897,3885056,8,0,1,7,0.0,0.125,0.875,-0.0027330100070685147,2.369000345468521,0.02306570755317807,-5.380941724777221,0.019945311517221852,0.04219181463122368,0.027245942503213882,0.05891289561986923,1.0
1898,3887104,7,0,0,7,0.0,0.0,1.0,0.0061024390161037445,0.23370860368013383,0.020063971169292927,-5.388812565803528,0.02650724407285452,0.04213695973157883,0.02712215855717659,0.05882573127746582,1.0
1899,3889152,2,0,0,2,0.0,0.0,1.0,0.00028365481412038205,0.412527522444725,0.021416714321821927,-5.390264582633972,0.007485379121499136,0.04215426370501518,0.027169393375515938,0.05867670848965645,1.0
1900,3891200,3,0,0,3,0.0,0.0,1.0,0.0012735209427773952,0.36534526497125625,0.024825611151754856,-5.3878546237945555,0.017848770588170738,0.042125217616558075,0.027207333594560623,0.0584743358194828,1.0
1901,3893248,7,0,0,7,0.0,0.0,1.0,0.0011339210672304035,0.6470678001642227,0.026399921253323556,-5.389077973365784,0.020351748901885004,0.0420779213309288,0.02724570222198963,0.05831940099596977,1.0
1902,3895296,6,0,0,6,0.0,0.0,1.0,0.005913706100545824,0.5228428065776825,0.023060862720012665,-5.390373158454895,0.02584729323280044,0.04208574816584587,0.027239903807640076,0.05838009715080261,1.0
1903,3897344,8,0,0,8,0.0,0.0,1.0,0.0006226830882951617,0.5150317847728729,0.024107027519494294,-5.390897583961487,0.011822304828092456,0.042064230889081955,0.027186065912246704,0.058359984308481216,1.0
1904,3899392,7,0,1,6,0.0,0.14285714285714285,0.8571428571428571,0.003032219875603914,2.427082586288452,0.02552787633612752,-5.391295099258423,0.017212846322217958,0.042098067700862885,0.027227474376559258,0.05838179588317871,1.0
1905,3901440,2,0,0,2,0.0,0.0,1.0,-0.001094177970662713,0.5144775927066803,0.02316545145586133,-5.388076043128967,0.010889889032114297,0.04211363196372986,0.02731202356517315,0.05849235877394676,1.0
1906,3903488,4,0,0,4,0.0,0.0,1.0,0.006022925837896764,0.6708463430404663,0.024471197742968798,-5.388148140907288,0.016941610397771,0.042143192142248154,0.02726111374795437,0.05869891494512558,1.0
1907,3905536,7,0,0,7,0.0,0.0,1.0,0.0005102127441205084,0.50852629840374,0.02248519714921713,-5.386106204986572,0.012832225667079911,0.042247697710990906,0.027179894968867302,0.05900968238711357,1.0
1908,3907584,5,0,0,5,0.0,0.0,1.0,0.0032586648128926756,0.40412461161613467,0.022420573700219392,-5.380725264549255,0.01881148602697067,0.042323868721723557,0.027196591719985008,0.059098534286022186,1.0
1909,3909632,9,0,0,9,0.0,0.0,1.0,0.008489023149013519,0.3085347890853882,0.02335456572473049,-5.378503441810608,0.020293655653949826,0.04231337830424309,0.027187956497073174,0.05907326191663742,1.0
1910,3911680,5,0,0,5,0.0,0.0,1.0,0.005899837450124323,0.27929697185754776,0.02035261420533061,-5.380540370941162,0.023877416941104457,0.04226786643266678,0.027139604091644287,0.05896758660674095,1.0
1911,3913728,2,0,0,2,0.0,0.0,1.0,0.007006746856495738,0.4711092785000801,0.02687929179519415,-5.38214008808136,0.014439928287174553,0.04229198396205902,0.02713688090443611,0.05896943062543869,1.0
1912,3915776,7,0,1,6,0.0,0.14285714285714285,0.8571428571428571,0.002209218358621001,1.3483938574790955,0.026069101877510548,-5.378532886505127,0.018568421417148782,0.04235175997018814,0.02716725319623947,0.058990903198719025,1.0
1913,3917824,6,0,0,6,0.0,0.0,1.0,-0.0009771113749593497,0.5164067268371582,0.026938706822693347,-5.375713539123535,0.011453851568512618,0.042314544320106506,0.02715550735592842,0.05875609815120697,1.0
1914,3919872,4,0,0,4,0.0,0.0,1.0,0.002119413297623396,0.25837460830807685,0.02533383686095476,-5.379000926017762,0.013921355485217645,0.04225519299507141,0.027117567136883736,0.058684978634119034,1.0
1915,3921920,9,0,0,9,0.0,0.0,1.0,0.0008448883425444364,0.2636099748313427,0.025355136301368476,-5.384770250320434,0.018998998566530645,0.04215328022837639,0.02707957848906517,0.058568794280290604,1.0
1916,3923968,5,0,1,4,0.0,0.2,0.8,-0.002473392570391297,1.3025326162576676,0.024898685142397882,-5.390661334991455,0.015476999309612438,0.04209457337856293,0.02704218402504921,0.05840723216533661,1.0
1917,3926016,5,0,1,4,0.0,0.2,0.8,-0.0018186157336458563,2.3405863404273988,0.026458256598562,-5.391802954673767,0.01698010803083889,0.042103346437215805,0.027090763673186302,0.05841115862131119,1.0
1918,3928064,4,0,0,4,0.0,0.0,1.0,0.004725449834950268,0.13389147855341435,0.021969815157353877,-5.389450120925903,0.014329061383614316,0.042149513959884644,0.027114929631352425,0.058520592749118805,1.0
1919,3930112,5,0,0,5,0.0,0.0,1.0,-0.0024858768563717605,0.6316755920648575,0.02306279316544533,-5.38694818019867,0.01196644915617071,0.04221174865961075,0.02704126201570034,0.05874338001012802,1.0
1920,3932160,5,0,0,5,0.0,0.0,1.0,-0.0007970797130838036,0.28086360469460486,0.021455502975732087,-5.3856407642364506,0.011279397283215076,0.04223877191543579,0.026935331523418427,0.058799441903829575,1.0
1921,3934208,10,0,0,10,0.0,0.0,1.0,0.0018788234796375037,0.22823695540428163,0.022272309474647044,-5.384071636199951,0.01372996999998577,0.0422983318567276,0.026948966085910797,0.05877966433763504,1.0
1922,3936256,3,0,0,3,0.0,0.0,1.0,0.00043610141146928073,0.18933043852448464,0.01960732452571392,-5.379235625267029,0.017738506803289054,0.04234609007835388,0.02695348486304283,0.05881794914603233,1.0
1923,3938304,6,0,0,6,0.0,0.0,1.0,-0.005016679037362337,0.32522024810314176,0.025605980399996044,-5.3781959295272825,0.014133114251308143,0.042311158031225204,0.02699720673263073,0.05881528556346893,1.0
1924,3940352,5,0,1,4,0.0,0.2,0.8,-0.00180979382712394,2.8615697264671325,0.026021118089556695,-5.380688405036926,0.021517128206323833,0.042281731963157654,0.02699735388159752,0.058750882744789124,1.0
1925,3942400,5,0,0,5,0.0,0.0,1.0,-0.0020102275069803,0.6134701073169708,0.023297238536179064,-5.381693935394287,0.010973836260382086,0.04230405390262604,0.026934251189231873,0.058879826217889786,1.0
1926,3944448,5,0,0,5,0.0,0.0,1.0,0.0019685103092342616,0.25521262660622596,0.027631144877523182,-5.382745409011841,0.017528552119620143,0.04225149750709534,0.02690938673913479,0.05873136222362518,1.0
1927,3946496,10,0,0,10,0.0,0.0,1.0,-0.0015352824702858925,0.3710320308804512,0.02428514426574111,-5.384141278266907,0.011659182870062068,0.042304396629333496,0.026880837976932526,0.058831386268138885,1.0
1928,3948544,3,0,0,3,0.0,0.0,1.0,-0.0017545998562127352,0.07536898218095303,0.022382077667862176,-5.381822896003723,0.006085945625090972,0.04230125993490219,0.026827281340956688,0.0589381642639637,1.0
1929,3950592,4,0,0,4,0.0,0.0,1.0,-0.001253421069122851,0.3674825929105282,0.02152562802657485,-5.389414596557617,0.007904594659339636,0.042148228734731674,0.026633676141500473,0.05896025896072388,1.0
1930,3952640,5,0,0,5,0.0,0.0,1.0,0.00048403425607830287,0.18378544524312018,0.020212957356125116,-5.400998950004578,0.027634733536979185,0.0421052947640419,0.026566337794065475,0.0591648668050766,1.0
1931,3954688,6,0,0,6,0.0,0.0,1.0,-0.002638242323882878,0.732712933421135,0.020922306645661592,-5.406205582618713,0.014735705778002739,0.042009543627500534,0.026536153629422188,0.05908947438001633,1.0
1932,3956736,7,0,0,7,0.0,0.0,1.0,0.0033745636930689214,0.31447567492723466,0.021676138136535884,-5.411785411834717,0.014400259329704568,0.041957370936870575,0.026538558304309845,0.05898169055581093,1.0
1933,3958784,8,0,0,8,0.0,0.0,1.0,0.0015277829952538013,0.46315408647060397,0.025248139817267656,-5.412455940246582,0.010858395171817392,0.04198518395423889,0.02656078338623047,0.059088531881570816,1.0
1934,3960832,2,0,0,2,0.0,0.0,1.0,0.007057295273989439,0.3127181798219681,0.024867654591798783,-5.410924649238586,0.013395217672223226,0.042000915855169296,0.026548152789473534,0.05909959226846695,1.0
1935,3962880,4,0,0,4,0.0,0.0,1.0,-0.00226294593885541,0.49735023230314257,0.02796951187774539,-5.4106745481491085,0.010950536048039795,0.042004045099020004,0.026501279324293137,0.059099115431308746,1.0
1936,3964928,7,0,0,7,0.0,0.0,1.0,-0.0010648856637999415,0.350985187292099,0.02545214258134365,-5.41094741821289,0.01256417328841053,0.04201633483171463,0.026470450684428215,0.059130921959877014,1.0
1937,3966976,4,0,0,4,0.0,0.0,1.0,0.0005391346290707588,0.2072089731693268,0.026389936823397873,-5.412176156044007,0.015266115131089464,0.04198545217514038,0.0263860784471035,0.059173230081796646,1.0
1938,3969024,7,0,0,7,0.0,0.0,1.0,-0.0008108615642413497,0.14247621186077594,0.02704929858446121,-5.417677211761474,0.011746446241158993,0.04188765585422516,0.026311632245779037,0.05905597284436226,1.0
1939,3971072,9,0,1,8,0.0,0.1111111111111111,0.8888888888888888,-0.0020374182611703874,2.3573984861373902,0.024401558749377727,-5.421275424957275,0.015471937181428076,0.041913386434316635,0.026407873257994652,0.0589667409658432,1.0
1940,3973120,2,0,0,2,0.0,0.0,1.0,0.0014701862586662174,0.11223524287343026,0.022535169776529074,-5.415260362625122,0.020593016344355418,0.0419432632625103,0.026464145630598068,0.058870647102594376,1.0
1941,3975168,7,0,0,7,0.0,0.0,1.0,-0.00048437768127769233,0.2492016963660717,0.024869995657354593,-5.416442561149597,0.010155926313018426,0.041818320751190186,0.02654431015253067,0.05860234424471855,1.0
1942,3977216,3,0,0,3,0.0,0.0,1.0,0.000975710991770029,0.45379197150468825,0.024278169404715298,-5.422538781166077,0.014299270743504167,0.0417465940117836,0.026630867272615433,0.058383759111166,1.0
1943,3979264,4,0,0,4,0.0,0.0,1.0,0.004969689110293984,0.37568394392728804,0.024003702215850353,-5.423475694656372,0.011275407631183043,0.041673969477415085,0.026713665574789047,0.05806665122509003,1.0
1944,3981312,8,0,0,8,0.0,0.0,1.0,-0.0019767219200730324,0.2999121844768524,0.02281187130138278,-5.426479387283325,0.010505994851700961,0.04159703478217125,0.026755593717098236,0.057927101850509644,1.0
1945,3983360,8,0,0,8,0.0,0.0,1.0,-4.897131584584713e-05,0.08589944243431091,0.021482189279049636,-5.434339475631714,0.011725526046939194,0.04138997942209244,0.026765355840325356,0.057535964995622635,1.0
1946,3985408,2,0,0,2,0.0,0.0,1.0,-0.0001800154335796833,0.19154043346643448,0.020957379322499036,-5.444094395637512,0.010578186815837397,0.04126415401697159,0.026904625818133354,0.05694134160876274,1.0
1947,3987456,7,0,0,7,0.0,0.0,1.0,-0.0002224172232672572,0.20102180540561676,0.021686334721744062,-5.445572924613953,0.012030117172980682,0.04121311753988266,0.026964392513036728,0.05688275024294853,1.0
1948,3989504,4,0,0,4,0.0,0.0,1.0,0.006747494288720191,0.2843150898814201,0.02200556267052889,-5.448210835456848,0.018961003405274825,0.04120354354381561,0.02695387788116932,0.056978609412908554,1.0
1949,3991552,6,0,1,5,0.0,0.16666666666666666,0.8333333333333334,-0.0010419717291370034,2.2251518607139587,0.02259891536086798,-5.449367690086365,0.02676005333196372,0.04118838906288147,0.02691809833049774,0.05700599029660225,1.0
1950,3993600,7,0,0,7,0.0,0.0,1.0,0.0020986861316487195,0.2778293311595917,0.02244929699227214,-5.448352026939392,0.011251789674861356,0.04128100723028183,0.02702193893492222,0.05710810795426369,1.0
1951,3995648,7,0,0,7,0.0,0.0,1.0,-0.0001769625348970294,0.6198618173599243,0.026584828179329632,-5.44036078453064,0.01169838136411272,0.041352346539497375,0.02692699059844017,0.05725954845547676,1.0
1952,3997696,3,0,1,2,0.0,0.3333333333333333,0.6666666666666666,0.0028403372154571114,1.3511486381292344,0.025891486182808877,-5.4402107238769535,0.015493897924898192,0.041379477828741074,0.02684014104306698,0.05732230469584465,1.0
1953,3999744,7,0,0,7,0.0,0.0,1.0,0.005516725615598262,0.6877956956624984,0.02738322168588638,-5.439725613594055,0.01587013660464436,0.041345369070768356,0.026886368170380592,0.057180505245923996,1.0
1954,4001792,4,0,0,4,0.0,0.0,1.0,0.0024780800333246587,0.522440356016159,0.026590690296143294,-5.441442084312439,0.016254413774004207,0.04129181057214737,0.02693609520792961,0.056962430477142334,1.0
1955,4003840,5,0,0,5,0.0,0.0,1.0,0.005791776860132813,0.49284103512763977,0.027861798368394374,-5.442512083053589,0.02037069711368531,0.04127587378025055,0.0269567109644413,0.056851230561733246,1.0
1956,4005888,9,0,1,8,0.0,0.1111111111111111,0.8888888888888888,-0.000429064710624516,0.6256966240704059,0.024429459404200316,-5.440377688407898,0.019331414165208116,0.04132590815424919,0.027092069387435913,0.05686980485916138,1.0
1957,4007936,6,0,0,6,0.0,0.0,1.0,-0.0004969821078702807,0.13384659439325333,0.02433779900893569,-5.435442996025086,0.02024673915002495,0.04133238643407822,0.027204977348446846,0.05674246326088905,1.0
1958,4009984,4,0,0,4,0.0,0.0,1.0,0.0006342042703181505,0.12481839209794998,0.024165902659296988,-5.4355799674987795,0.008637364208698272,0.041283801198005676,0.027210542932152748,0.05664358660578728,1.0
1959,4012032,4,0,0,4,0.0,0.0,1.0,0.0007517952239140868,0.20699960365891457,0.024184523802250623,-5.437471222877503,0.0241661656065844,0.041275493800640106,0.027252379804849625,0.05661166086792946,1.0
1960,4014080,5,0,0,5,0.0,0.0,1.0,0.013277415023185312,0.12710947059094907,0.024434764962643386,-5.436794948577881,0.023474317323416472,0.04127725586295128,0.027286723256111145,0.05656558647751808,1.0
1961,4016128,6,0,0,6,0.0,0.0,1.0,0.012329157209023833,0.24877068325877189,0.025894183572381733,-5.436054039001465,0.024295092234387992,0.041269972920417786,0.0273295771330595,0.05654693394899368,1.0
1962,4018176,9,0,0,9,0.0,0.0,1.0,0.003113379399292171,0.22182895988225937,0.028619483299553394,-5.43761374950409,0.02033020303933881,0.04123590886592865,0.027345892041921616,0.05652444064617157,1.0
1963,4020224,5,0,0,5,0.0,0.0,1.0,0.012226873286999762,0.24442820325493814,0.022543622739613058,-5.4395183801651,0.025682051019975914,0.041202183812856674,0.027319446206092834,0.05647572875022888,1.0
1964,4022272,3,0,0,3,0.0,0.0,1.0,0.0036950922571122647,0.3378712922334671,0.025011174008250238,-5.44179265499115,0.01375335271586664,0.04116349667310715,0.02734956704080105,0.05638518184423447,1.0
1965,4024320,4,0,0,4,0.0,0.0,1.0,-0.0008096730802208185,0.4970943763852119,0.02581377709284425,-5.4443106889724735,0.007591170235536992,0.04111029952764511,0.02741396427154541,0.05640497803688049,1.0
1966,4026368,6,0,0,6,0.0,0.0,1.0,0.007784383848775178,0.3782071456313133,0.025559377390891314,-5.448101544380188,0.017452716722618788,0.04104127734899521,0.027480239048600197,0.05627549812197685,1.0
1967,4028416,7,0,0,7,0.0,0.0,1.0,0.0020961516536772253,0.30087733417749407,0.02662180522456765,-5.452144312858581,0.011273828003322706,0.040931299328804016,0.0275279451161623,0.05607398971915245,1.0
1968,4030464,10,0,0,10,0.0,0.0,1.0,-0.0011387730250135065,0.3856199100613594,0.026523154973983765,-5.459478163719178,0.011062000499805436,0.0408308170735836,0.027498111128807068,0.05585937201976776,1.0
1969,4032512,2,0,0,2,0.0,0.0,1.0,-0.0007347109029069542,0.3819687381386757,0.026052461098879577,-5.463088870048523,0.016293941682670267,0.0407991036772728,0.02753312513232231,0.055621422827243805,1.0
1970,4034560,3,0,0,3,0.0,0.0,1.0,0.0011798228835687042,0.5524660736322403,0.028101568669080736,-5.462772846221924,0.006908629590179771,0.040789008140563965,0.02749352902173996,0.05558265745639801,1.0
1971,4036608,5,0,0,5,0.0,0.0,1.0,0.006594754755496979,0.6760578602552414,0.030069694947451354,-5.463896465301514,0.01139424200518988,0.04078453406691551,0.027446171268820763,0.05555305257439613,1.0
1972,4038656,5,0,0,5,0.0,0.0,1.0,0.0063474769704043865,0.6687698990106583,0.029575644060969353,-5.464370942115783,0.02230932025704533,0.040788646787405014,0.027419833466410637,0.055562734603881836,1.0
1973,4040704,9,0,1,8,0.0,0.1111111111111111,0.8888888888888888,0.0047952292254194616,2.227827376127243,0.030907157249748705,-5.463945102691651,0.027027843287214637,0.040797170251607895,0.027422022074460983,0.05556380748748779,1.0
1974,4042752,9,0,0,9,0.0,0.0,1.0,0.018171208258718253,0.24621777534484862,0.026552841998636723,-5.465957617759704,0.03409939144039527,0.04071851074695587,0.027416178956627846,0.05544082075357437,1.0
1975,4044800,2,0,0,2,0.0,0.0,1.0,0.002533333096653223,0.19684868305921555,0.02394682466983795,-5.470224690437317,0.011881142563652247,0.040685608983039856,0.027414144948124886,0.05538540706038475,1.0
1976,4046848,4,0,0,4,0.0,0.0,1.0,0.002937692613340914,0.1901510551571846,0.02541850507259369,-5.470796203613281,0.013550827017752454,0.04069133847951889,0.02742568403482437,0.0554196871817112,1.0
1977,4048896,4,0,0,4,0.0,0.0,1.0,0.0024302909150719643,0.1932617209851742,0.024336705543100835,-5.471016502380371,0.02709274395601824,0.04068336635828018,0.027373600751161575,0.055381499230861664,1.0
1978,4050944,4,0,0,4,0.0,0.0,1.0,0.005552185699343681,0.16699280366301536,0.023608414456248283,-5.476595759391785,0.012857162446016446,0.040537986904382706,0.02717226929962635,0.05525852367281914,1.0
1979,4052992,10,0,0,10,0.0,0.0,1.0,0.0002012243727222085,0.05580871645361185,0.02532882373780012,-5.4865573167800905,0.010690070618875325,0.04049568995833397,0.0271249208599329,0.0551459826529026,1.0
1980,4055040,8,0,0,8,0.0,0.0,1.0,0.0013592650648206472,0.07439960055053234,0.025273812003433704,-5.485179162025451,0.023879920557374135,0.040519289672374725,0.027240118011832237,0.055000316351652145,1.0
1981,4057088,2,0,0,2,0.0,0.0,1.0,-0.0014571436448022723,0.049372608214616774,0.02475026939064264,-5.483841586112976,0.008389255014481022,0.04044811427593231,0.02730260044336319,0.05483533814549446,1.0
1982,4059136,5,0,0,5,0.0,0.0,1.0,0.0016940678702667355,0.056821381114423274,0.023159567546099425,-5.487132477760315,0.014929785864660516,0.04043640196323395,0.02730950154364109,0.05480729043483734,1.0
1983,4061184,4,0,0,4,0.0,0.0,1.0,0.007321389019489288,0.15119214877486228,0.02367429221048951,-5.4870415210723875,0.017055948689812795,0.04041802138090134,0.027303680777549744,0.05473961681127548,1.0
1984,4063232,4,0,0,4,0.0,0.0,1.0,0.008223479986190796,0.2089303694665432,0.022568778414279223,-5.492145538330078,0.011871129734208808,0.040269918739795685,0.02725151740014553,0.05437696352601051,1.0
1985,4065280,10,0,0,10,0.0,0.0,1.0,0.008457636297680437,0.21548331156373024,0.024410502333194018,-5.499086952209472,0.03544502481818199,0.0402323380112648,0.027251483872532845,0.05433999001979828,1.0
1986,4067328,7,0,0,7,0.0,0.0,1.0,0.004940971895121038,0.17826652601361276,0.024368215072900056,-5.500123238563537,0.02538031409494579,0.04021979495882988,0.027258379384875298,0.05435727536678314,1.0
1987,4069376,2,0,0,2,0.0,0.0,1.0,0.00867052439134568,0.12301806956529618,0.02260177405551076,-5.501722121238709,0.021086398308398202,0.04021181911230087,0.027190349996089935,0.05441811680793762,1.0
1988,4071424,6,0,0,6,0.0,0.0,1.0,0.003051610174588859,0.33156453669071195,0.02311608465388417,-5.5019659996032715,0.011671074235346168,0.0402490571141243,0.027125321328639984,0.05451909825205803,1.0
1989,4073472,4,0,0,4,0.0,0.0,1.0,0.0023634086130186914,0.3438506364822388,0.023402666300535203,-5.49873194694519,0.008350132749183104,0.04033511504530907,0.027164896950125694,0.054528433829545975,1.0
1990,4075520,6,0,0,6,0.0,0.0,1.0,0.006437592604197562,0.26992410570383074,0.02123018018901348,-5.49078950881958,0.02292159410426393,0.04041118919849396,0.027261238545179367,0.054593343287706375,1.0
1991,4077568,8,0,0,8,0.0,0.0,1.0,-0.0014206322841346264,0.46125181317329406,0.023605506960302593,-5.487878894805908,0.03256528613856062,0.04038563370704651,0.02732355147600174,0.054556574672460556,1.0
1992,4079616,7,0,0,7,0.0,0.0,1.0,0.003836011711973697,0.3385778576135635,0.023167404159903527,-5.490168762207031,0.012331998720765115,0.04033476114273071,0.02727642096579075,0.054365139454603195,1.0
1993,4081664,3,0,0,3,0.0,0.0,1.0,0.00256655088160187,0.4447776064276695,0.023833016864955425,-5.492642116546631,0.020207737915916367,0.0403052419424057,0.027265386655926704,0.05420040339231491,1.0
1994,4083712,4,0,0,4,0.0,0.0,1.0,0.0007175952661782504,0.5382987082004547,0.025867603626102208,-5.4937729120254515,0.00661453942884691,0.04027409479022026,0.027251945808529854,0.05408070608973503,1.0
1995,4085760,5,0,1,4,0.0,0.2,0.8,0.004707554262131453,1.6097782671451568,0.02376316348090768,-5.496130108833313,0.018725930666550993,0.0402214378118515,0.027259452268481255,0.0539381206035614,1.0
1996,4087808,8,0,0,8,0.0,0.0,1.0,0.007431556819938123,0.3971894487738609,0.022428149450570346,-5.498726272583008,0.022914826252963393,0.04021602123975754,0.027199314907193184,0.05389188230037689,1.0
1997,4089856,8,0,0,8,0.0,0.0,1.0,0.003111423598602414,0.3842140808701515,0.023816094268113375,-5.497051692008972,0.008406003494746983,0.040251847356557846,0.02725849114358425,0.05391545221209526,1.0
1998,4091904,4,0,0,4,0.0,0.0,1.0,0.008184638503007591,0.3935588851571083,0.024871701560914516,-5.496717262268066,0.022340339119546117,0.04020748287439346,0.027248410508036613,0.05398476868867874,1.0
1999,4093952,4,0,1,3,0.0,0.25,0.75,0.0032241712557151913,2.5440870106220244,0.029510538186877967,-5.500177264213562,0.016766640543937682,0.040183816105127335,0.027294134721159935,0.05390581116080284,1.0
2000,4096000,5,0,0,5,0.0,0.0,1.0,0.0004981366451829672,0.735403659939766,0.030036277044564484,-5.501097083091736,0.006684672005940228,0.04013829678297043,0.02724362351000309,0.05388089641928673,1.0
2001,4098048,6,0,0,6,0.0,0.0,1.0,-0.0014894215622916819,0.6691570162773133,0.027273045014590026,-5.506984829902649,0.006580459821270779,0.040064312517642975,0.02715449035167694,0.053834762424230576,1.0
2002,4100096,5,0,0,5,0.0,0.0,1.0,0.002617767220363021,0.5998034983873367,0.026083058398216962,-5.511535286903381,0.010682043887209147,0.04004625603556633,0.027133723720908165,0.05387471616268158,1.0
2003,4102144,10,0,0,10,0.0,0.0,1.0,0.006188852689228952,0.3193316668272018,0.02384232133626938,-5.510958933830262,0.020648446021368727,0.040111854672431946,0.027091125026345253,0.05408928170800209,1.0
2004,4104192,3,0,0,3,0.0,0.0,1.0,0.00028421198949217795,0.1742847129702568,0.024387821834534407,-5.506306385993957,0.006613721529720351,0.04020298644900322,0.027120918035507202,0.05423770844936371,1.0
2005,4106240,3,0,0,3,0.0,0.0,1.0,0.003530032269190997,0.14156661704182624,0.022518527042120696,-5.501484704017639,0.011338700022315606,0.040229812264442444,0.027137858793139458,0.05428966507315636,1.0
2006,4108288,6,0,0,6,0.0,0.0,1.0,4.251766949892044e-06,0.2601394414901733,0.02187098693102598,-5.499678754806519,0.014881377387791873,0.04028614982962608,0.027065133675932884,0.054328639060258865,1.0
2007,4110336,5,0,0,5,0.0,0.0,1.0,-0.0029806137783452867,0.19795820564031602,0.024009655695408583,-5.496095204353333,0.013072121795266867,0.040334418416023254,0.027075551450252533,0.05436559394001961,1.0
2008,4112384,8,0,0,8,0.0,0.0,1.0,-0.0005704678129404783,0.2632381901144981,0.027620530873537063,-5.494687867164612,0.010608055582270026,0.0402885377407074,0.02709461934864521,0.0542297326028347,1.0
2009,4114432,8,0,0,8,0.0,0.0,1.0,0.0006033952115103603,0.21814181208610534,0.027604860719293356,-5.499698114395142,0.01131498976610601,0.04020202159881592,0.0269594956189394,0.054112449288368225,1.0
2010,4116480,2,0,0,2,0.0,0.0,1.0,0.005956954765133559,0.2115773193538189,0.026739180739969014,-5.506721544265747,0.02532958746305667,0.04014286398887634,0.02689160220324993,0.05405138060450554,1.0
2011,4118528,4,0,0,4,0.0,0.0,1.0,2.1199439652264117e-05,0.17224270328879357,0.027996891550719737,-5.512881541252137,0.009256072499556466,0.04001612961292267,0.026774048805236816,0.0538773387670517,1.0
2012,4120576,6,0,0,6,0.0,0.0,1.0,0.004541865829378366,0.17921920940279962,0.029472924396395685,-5.523510360717774,0.016353082575369625,0.0398983359336853,0.02664550021290779,0.053749628365039825,1.0
2013,4122624,5,1,0,4,0.2,0.0,0.8,-0.000348937907256186,0.3101456895470619,0.02904246561229229,-5.5288485288619995,0.01219430161290802,0.03990112990140915,0.02672666124999523,0.05371657758951187,1.0
2014,4124672,10,0,1,9,0.0,0.1,0.9,-0.00034116108436137437,1.8291922420263291,0.027102573588490487,-5.521425390243531,0.016629752208245918,0.040040645748376846,0.026917533949017525,0.053803298622369766,1.0
2015,4126720,6,0,0,6,0.0,0.0,1.0,0.0015916848089545966,0.0847549244761467,0.02266528783366084,-5.511793398857117,0.008371365570928902,0.04007298871874809,0.026960071176290512,0.053745850920677185,1.0
2016,4128768,2,0,0,2,0.0,0.0,1.0,0.0011147773824632169,0.22035748586058618,0.023796974588185547,-5.513398909568787,0.012852627638494596,0.039992280304431915,0.026952708140015602,0.053670402616262436,1.0
2017,4130816,5,0,0,5,0.0,0.0,1.0,0.014831385924480855,0.18903315141797067,0.022664261516183615,-5.518370819091797,0.034076481405645606,0.03997180610895157,0.02694910205900669,0.05368947237730026,1.0
2018,4132864,4,0,0,4,0.0,0.0,1.0,-0.0002086905064061284,0.46042064726352694,0.021772002894431354,-5.520934915542602,0.019749815214890987,0.03991435468196869,0.026855746284127235,0.05371994152665138,1.0
2019,4134912,6,0,0,6,0.0,0.0,1.0,0.0017605361063033342,0.33899322152137756,0.020626935083419083,-5.526742148399353,0.02186169709311798,0.03986024856567383,0.02680353820323944,0.053735289722681046,1.0
2020,4136960,9,0,0,9,0.0,0.0,1.0,0.00556970494799316,0.41444886177778245,0.021651475690305233,-5.5289661407470705,0.016316417657071723,0.03988068178296089,0.026828214526176453,0.05376158654689789,1.0
2021,4139008,6,0,0,6,0.0,0.0,1.0,0.002119460538960993,0.5303389325737953,0.02679570820182562,-5.526387238502503,0.013167312450241298,0.039930492639541626,0.026720652356743813,0.053878266364336014,1.0
2022,4141056,3,0,1,2,0.0,0.3333333333333333,0.6666666666666666,0.0025425464147701858,1.4210919350385667,0.02608479792252183,-5.525472402572632,0.017614018643507735,0.03995009884238243,0.026725221425294876,0.05393970385193825,1.0
2023,4143104,5,0,0,5,0.0,0.0,1.0,-0.0001901253592222929,0.4687934845685959,0.02529617240652442,-5.524517464637756,0.008568652294343337,0.03995000571012497,0.02671896480023861,0.053921740502119064,1.0
2024,4145152,5,0,0,5,0.0,0.0,1.0,0.0016051831655204297,0.6045749440789223,0.025635774806141855,-5.524877691268921,0.010579834651434795,0.0399436429142952,0.026633091270923615,0.053897060453891754,1.0
2025,4147200,7,0,0,7,0.0,0.0,1.0,-0.0030722344992682336,0.7988602429628372,0.023060924746096133,-5.527511239051819,0.009354665142018348,0.03990292176604271,0.026568330824375153,0.05383551865816116,1.0
2026,4149248,7,0,0,7,0.0,0.0,1.0,0.0020908745471388103,0.39349333196878433,0.02633537882938981,-5.53109200000763,0.026661776297260076,0.039876699447631836,0.026510441675782204,0.05391594395041466,1.0
2027,4151296,6,0,0,6,0.0,0.0,1.0,0.012957004643976689,0.19418892487883568,0.02142996108159423,-5.533236312866211,0.02712913228315301,0.039878230541944504,0.026474980637431145,0.05402502045035362,1.0
2028,4153344,2,0,0,2,0.0,0.0,1.0,0.011505694570951163,0.15771272033452988,0.019925271812826394,-5.535325360298157,0.029130554804578424,0.03984711319208145,0.026405489072203636,0.05406394600868225,1.0
2029,4155392,6,0,0,6,0.0,0.0,1.0,0.0027892231242731213,0.19796813353896142,0.021821043640375137,-5.538111686706543,0.015063417569035665,0.039858318865299225,0.02632519043982029,0.05410784110426903,1.0
2030,4157440,6,1,0,5,0.16666666666666666,0.0,0.8333333333333334,0.0015670084860175848,0.6430681675672532,0.02296473700553179,-5.536080431938172,0.01976245522382669,0.039927855134010315,0.026265833526849747,0.05426130071282387,1.0
2031,4159488,6,0,0,6,0.0,0.0,1.0,0.0009275232441723347,0.4982570171356201,0.024732924066483974,-5.533784985542297,0.017329783382592723,0.03996855020523071,0.026217719539999962,0.05450395494699478,1.0
2032,4161536,7,0,0,7,0.0,0.0,1.0,0.013927123323082925,0.4532201081514359,0.02622647751122713,-5.5347511768341064,0.03402655515237711,0.03993120789527893,0.02619815617799759,0.05450616776943207,1.0
2033,4163584,6,0,0,6,0.0,0.0,1.0,-0.006670644995756448,0.414393875002861,0.024466875474900007,-5.537559652328492,0.03109346072888002,0.03993348032236099,0.026170676574110985,0.054621804505586624,1.0
2034,4165632,3,0,0,3,0.0,0.0,1.0,-0.002569839637726545,0.3540558271110058,0.02572092767804861,-5.53832221031189,0.009760919120162725,0.03991114720702171,0.026156099513173103,0.054734110832214355,1.0
2035,4167680,4,0,0,4,0.0,0.0,1.0,0.0039051603293046356,0.1745046153664589,0.024131112918257713,-5.543584942817688,0.023005161224864422,0.03982619568705559,0.026119735091924667,0.054679758846759796,1.0
2036,4169728,7,0,1,6,0.0,0.14285714285714285,0.8571428571428571,-0.005569561826996505,2.522107023000717,0.025423312559723854,-5.548402333259583,0.011342628073180094,0.039815232157707214,0.026057740673422813,0.054727599024772644,1.0
2037,4171776,7,0,0,7,0.0,0.0,1.0,-0.0016348323551937938,0.14836341440677642,0.027080252580344678,-5.548693346977234,0.013546798535389825,0.03985600173473358,0.02595045231282711,0.0549030639231205,1.0
2038,4173824,8,1,0,7,0.125,0.0,0.875,-0.001986513868905604,0.3171111553907394,0.022142125107347966,-5.54804756641388,0.02080958161968738,0.03986603021621704,0.02597823552787304,0.05490153282880783,1.0
2039,4175872,4,0,0,4,0.0,0.0,1.0,0.006230406742542982,0.1769857808947563,0.023117068503051997,-5.547846746444702,0.03296464456361718,0.0398450642824173,0.025969918817281723,0.05482741445302963,1.0
2040,4177920,2,0,0,2,0.0,0.0,1.0,0.001097519788891077,0.41949255764484406,0.024576509930193426,-5.548445987701416,0.011709995969431475,0.03986161947250366,0.025919515639543533,0.05488888546824455,1.0
2041,4179968,6,0,0,6,0.0,0.0,1.0,0.006511157331988216,0.38136155903339386,0.02375097181648016,-5.553438448905945,0.016106503165792672,0.03970327973365784,0.02583998255431652,0.054754968732595444,1.0
2042,4182016,6,0,0,6,0.0,0.0,1.0,0.005151278525590897,0.41782278567552567,0.021244147140532733,-5.561374664306641,0.01781214589718729,0.039729561656713486,0.025889335200190544,0.05489574372768402,1.0
2043,4184064,8,0,0,8,0.0,0.0,1.0,0.0015719203976914287,0.41557918936014177,0.02222632197663188,-5.5579300880432125,0.017829399590846153,0.03971379995346069,0.026029035449028015,0.05486184358596802,1.0
2044,4186112,8,0,0,8,0.0,0.0,1.0,0.0034977141302078964,0.21910470575094224,0.020581645797938107,-5.558945798873902,0.024770357104716822,0.03967785835266113,0.026100361719727516,0.0547402948141098,1.0
2045,4188160,2,0,0,2,0.0,0.0,1.0,-0.0015995344845578074,0.34697774797677994,0.023675565887242556,-5.559398865699768,0.01051408825442195,0.03965890407562256,0.02615448832511902,0.05469406396150589,1.0
2046,4190208,3,0,1,2,0.0,0.3333333333333333,0.6666666666666666,-0.0014578408561646938,1.4675099283456803,0.023527559638023377,-5.557659530639649,0.0291890841384884,0.039768069982528687,0.026248812675476074,0.05495331063866615,1.0
2047,4192256,9,1,0,8,0.1111111111111111,0.0,0.8888888888888888,0.0026541557628661392,0.615510243177414,0.025487017631530762,-5.5488098621368405,0.012847113166935742,0.03986603021621704,0.02623824216425419,0.05524902790784836,1.0
2048,4194304,4,0,0,4,0.0,0.0,1.0,-0.0008127431850880384,0.28349868580698967,0.02069511655718088,-5.546084380149841,0.021644326573004948,0.03991180658340454,0.026173023506999016,0.05539058893918991,1.0
2049,4196352,10,1,0,9,0.1,0.0,0.9,0.0007198863662779331,0.3472872421145439,0.020987765677273274,-5.546590971946716,0.011992425151402131,0.03987849876284599,0.026087826117873192,0.05547136068344116,1.0
2050,4198400,5,0,0,5,0.0,0.0,1.0,-0.002229949040338397,0.1721038244664669,0.024068950582295655,-5.553181791305542,0.009916162141598761,0.03978092223405838,0.02597656287252903,0.05527808144688606,1.0
2051,4200448,3,0,0,3,0.0,0.0,1.0,0.0023545270087197423,0.2594120442867279,0.02141355341300368,-5.562516212463379,0.0169049026328139,0.03963605687022209,0.02578788436949253,0.05510605499148369,1.0
2052,4202496,4,0,0,4,0.0,0.0,1.0,0.003977423906326294,0.27225401625037193,0.020149694569408894,-5.572294449806213,0.01582007108372636,0.039579737931489944,0.025671465322375298,0.05493849515914917,1.0
2053,4204544,6,0,0,6,0.0,0.0,1.0,0.0010428830049932004,0.17766557894647123,0.01723603019490838,-5.576919960975647,0.013855075679020955,0.03948087617754936,0.025573045015335083,0.05474798381328583,1.0
2054,4206592,4,0,0,4,0.0,0.0,1.0,0.0004526705015450716,0.09731150642037392,0.017334013339132072,-5.583899211883545,0.015740209043724463,0.03941282629966736,0.02560880035161972,0.05461148917675018,1.0
2055,4208640,11,0,0,11,0.0,0.0,1.0,-0.0004601545864716172,0.09398751221597194,0.02753666676580906,-5.585376954078674,0.01595756989554502,0.03941686078906059,0.025588901713490486,0.054594773799180984,1.0
2056,4210688,4,0,0,4,0.0,0.0,1.0,-0.0011851340532302856,0.35877487510442735,0.024711401853710412,-5.585079884529113,0.023151796619640664,0.03940127417445183,0.025591960176825523,0.05452566221356392,1.0
2057,4212736,4,0,1,3,0.0,0.25,0.75,0.0035201807972043754,2.5028405129909514,0.02527159946039319,-5.585888171195984,0.0404747998516541,0.039386458694934845,0.025643302127718925,0.054509177803993225,1.0
2058,4214784,4,0,0,4,0.0,0.0,1.0,-0.0020137644140049817,0.5224489867687225,0.02269099298864603,-5.587553310394287,0.010287902236450463,0.03933469206094742,0.025660408660769463,0.05454264208674431,1.0
2059,4216832,7,0,0,7,0.0,0.0,1.0,-0.0005492123775184155,0.28322770074009895,0.023733447771519423,-5.592596960067749,0.01448699714965187,0.03927429020404816,0.02565883658826351,0.05453014373779297,1.0
2060,4218880,4,1,0,3,0.25,0.0,0.75,-0.0028251616982743143,0.29853938072919844,0.021206713933497667,-5.596180486679077,0.014222090324619786,0.039256270974874496,0.025607958436012268,0.05453935265541077,1.0
2061,4220928,11,0,0,11,0.0,0.0,1.0,0.0029795106034725904,0.5121501013636589,0.025396701507270338,-5.599436902999878,0.012467419810127467,0.03915775939822197,0.025599410757422447,0.05434458702802658,1.0
2062,4222976,2,0,0,2,0.0,0.0,1.0,0.0023393635638058186,0.33104562759399414,0.02144006434828043,-5.604047322273255,0.019270635454449802,0.03915097564458847,0.0256529338657856,0.054322101175785065,1.0
2063,4225024,4,0,0,4,0.0,0.0,1.0,0.0019644288113340735,0.3917971611022949,0.02197776371613145,-5.603096938133239,0.011302909144433215,0.039147503674030304,0.025627998635172844,0.05435504764318466,1.0
2064,4227072,5,0,0,5,0.0,0.0,1.0,0.005301114963367581,0.488692407310009,0.02281145052984357,-5.608025479316711,0.025875434296904132,0.03904081881046295,0.0255078487098217,0.05427808314561844,1.0
2065,4229120,7,0,0,7,0.0,0.0,1.0,0.001215198519639671,0.6325137764215469,0.02455730028450489,-5.617524194717407,0.009794680506456644,0.038948170840740204,0.025393899530172348,0.054199833422899246,1.0
2066,4231168,7,0,0,7,0.0,0.0,1.0,-5.478127859532833e-05,0.5001142784953118,0.02501933230087161,-5.620731616020203,0.01672581796301529,0.03902917355298996,0.025326764211058617,0.054450344294309616,1.0
2067,4233216,8,0,1,7,0.0,0.125,0.875,-0.0013715388253331185,2.980742311477661,0.023891086410731077,-5.614330410957336,0.009616778034251183,0.03914607688784599,0.025348899886012077,0.0546625554561615,1.0
2068,4235264,3,0,0,3,0.0,0.0,1.0,0.003643681365065277,0.575964842736721,0.022410233877599238,-5.608762955665588,0.01334587941528298,0.039181388914585114,0.025296984240412712,0.054774776101112366,1.0
2069,4237312,3,0,0,3,0.0,0.0,1.0,-0.0008236821508035064,0.36303804218769076,0.022387591283768417,-5.608736252784729,0.009141504589933902,0.03921262174844742,0.025253884494304657,0.05493735522031784,1.0
2070,4239360,4,0,0,4,0.0,0.0,1.0,0.0017483185045421123,0.5846517145633697,0.027363434340804814,-5.607925081253052,0.008831231045769527,0.03921849653124809,0.02528059482574463,0.054939188063144684,1.0
2071,4241408,7,0,0,7,0.0,0.0,1.0,0.0018285394413396715,0.40120679289102557,0.025329830776900052,-5.607185316085816,0.012779909576056524,0.03923514485359192,0.025226708501577377,0.054981525987386703,1.0
2072,4243456,8,0,0,8,0.0,0.0,1.0,-0.0012981368228793145,0.5702330619096756,0.023439036216586828,-5.60789110660553,0.011779421148821712,0.039211757481098175,0.025181513279676437,0.05493165925145149,1.0
2073,4245504,8,0,0,8,0.0,0.0,1.0,0.002348000556230545,0.21173207387328147,0.02006272291764617,-5.610200667381287,0.017607274762121962,0.03919390216469765,0.025176212191581726,0.054887618869543076,1.0
2074,4247552,2,0,0,2,0.0,0.0,1.0,0.007191064674407244,0.3458362802863121,0.02119545415043831,-5.612129592895508,0.015120437485165894,0.039132166653871536,0.025144271552562714,0.054764289408922195,1.0
2075,4249600,5,1,0,4,0.2,0.0,0.8,0.0014243589015677572,0.8335032969713211,0.022580786794424056,-5.613905811309815,0.013414217613171787,0.03918299823999405,0.02514897659420967,0.05488981679081917,1.0
2076,4251648,6,1,0,5,0.16666666666666666,0.0,0.8333333333333334,0.0022175844060257077,0.7087341368198394,0.021091421041637658,-5.608352947235107,0.01312512780423276,0.03930153697729111,0.025193698704242706,0.05514580011367798,1.0
2077,4253696,6,0,0,6,0.0,0.0,1.0,0.0009657412534579635,0.5044368624687194,0.021722432877868413,-5.601680850982666,0.007689361908705905,0.039349474012851715,0.02520555630326271,0.05525149032473564,1.0
2078,4255744,6,0,0,6,0.0,0.0,1.0,0.00840008887462318,0.39654473662376405,0.02344392705708742,-5.603214263916016,0.01680112403118983,0.03927293047308922,0.025182312354445457,0.05516478791832924,1.0
2079,4257792,8,0,0,8,0.0,0.0,1.0,0.0009650778956711292,0.4318328097462654,0.022921909857541323,-5.609376740455628,0.007034859556006268,0.039180465042591095,0.025201477110385895,0.05504599213600159,1.0
2080,4259840,2,0,0,2,0.0,0.0,1.0,0.0031562435673549772,0.4881951794028282,0.025415770430117845,-5.612923812866211,0.014103813382098452,0.03919370472431183,0.025216035544872284,0.05517907440662384,1.0
2081,4261888,4,0,0,4,0.0,0.0,1.0,0.002029355987906456,0.4993687018752098,0.02677865670993924,-5.611838722229004,0.007702676131157204,0.03921264410018921,0.025217965245246887,0.05522288382053375,1.0
2082,4263936,8,0,0,8,0.0,0.0,1.0,0.0005802006926387548,0.7024685442447662,0.024898472428321838,-5.610870122909546,0.012243715027580038,0.039225995540618896,0.025195974856615067,0.055257391184568405,1.0
2083,4265984,4,0,0,4,0.0,0.0,1.0,-0.0010251158382743597,0.22833526507019997,0.021574976574629545,-5.611322498321533,0.00918295084265992,0.03920180723071098,0.025185704231262207,0.05523592233657837,1.0
2084,4268032,8,0,0,8,0.0,0.0,1.0,0.00035998427774757146,0.7130037605762481,0.0231812110170722,-5.614060735702514,0.010899262077873572,0.03915185481309891,0.025205209851264954,0.05511100962758064,1.0
2085,4270080,6,0,0,6,0.0,0.0,1.0,-0.000592228164896369,0.4122717693448067,0.023212305549532176,-5.618556571006775,0.017202835908392444,0.03904234990477562,0.025139912962913513,0.054940905421972275,1.0
2086,4272128,3,1,0,2,0.3333333333333333,0.0,0.6666666666666666,0.0023638842394575477,0.8445597052574157,0.028165777679532766,-5.62556266784668,0.01445879492093809,0.03902649134397507,0.02505463920533657,0.05496770143508911,1.0
2087,4274176,6,1,0,5,0.16666666666666666,0.0,0.8333333333333334,0.0029753367882221935,0.7555938422679901,0.02693493515253067,-5.627229118347168,0.006134587555425242,0.03898867592215538,0.025015585124492645,0.05494551733136177,1.0
2088,4276224,7,1,0,6,0.14285714285714285,0.0,0.8571428571428571,0.0012577691115438939,0.6125353306531907,0.02666673855856061,-5.630261564254761,0.019433390005724506,0.03897528350353241,0.025021377950906754,0.0549001581966877,1.0
2089,4278272,3,0,0,3,0.0,0.0,1.0,0.002621150063350797,0.3608581081032753,0.028453259076923133,-5.627565670013428,0.027759330964181574,0.03905109316110611,0.0250331312417984,0.05494679883122444,1.0
2090,4280320,10,1,0,9,0.1,0.0,0.9,0.0018802520353347063,0.5474654123187065,0.027797255851328372,-5.623572897911072,0.010620577685767785,0.03904477506875992,0.02503143809735775,0.054895877838134766,1.0
2091,4282368,3,0,0,3,0.0,0.0,1.0,0.00023781834170222282,0.06504259686917066,0.02469287859275937,-5.626192712783814,0.013139621808659286,0.039012812077999115,0.02497010864317417,0.05488114058971405,1.0
2092,4284416,7,2,1,4,0.2857142857142857,0.14285714285714285,0.5714285714285714,0.0008684082655236125,2.684873241186142,0.02783031379804015,-5.628796982765198,0.014062231534626334,0.039003949612379074,0.02487814985215664,0.05494228005409241,1.0
2093,4286464,5,0,0,5,0.0,0.0,1.0,0.013258201023563742,0.35725036412477496,0.022766723576933146,-5.631758546829223,0.027078078727936373,0.038959305733442307,0.02485296130180359,0.0548795685172081,1.0
2094,4288512,6,0,0,6,0.0,0.0,1.0,0.005172456963919103,0.40150678604841233,0.021258842758834363,-5.635788059234619,0.025566082709701732,0.03888422250747681,0.024832703173160553,0.05470739305019379,1.0
2095,4290560,3,0,0,3,0.0,0.0,1.0,0.011209220997989178,0.36880454868078233,0.023294511437416076,-5.638885927200318,0.02878973952610977,0.03887135908007622,0.024822043254971504,0.054588381201028824,1.0
2096,4292608,10,1,0,9,0.1,0.0,0.9,0.0019284170586615801,0.5143446758389473,0.025101928040385246,-5.63694703578949,0.012993813259527087,0.03890753537416458,0.024865441024303436,0.054607637226581573,1.0
2097,4294656,1,0,0,1,0.0,0.0,1.0,0.0021404987201094627,0.26006131917238234,0.02404381996020675,-5.636594128608704,0.011353862477699294,0.03887942433357239,0.024710742756724358,0.05466487258672714,1.0
2098,4296704,7,0,0,7,0.0,0.0,1.0,0.0020605182740837335,0.2231152057647705,0.02377160480245948,-5.639914178848267,0.021664130268618464,0.03891279548406601,0.024685295298695564,0.05474407970905304,1.0
2099,4298752,7,1,0,6,0.14285714285714285,0.0,0.8571428571428571,0.0007669093087315559,0.28631531074643135,0.021552346274256708,-5.636711740493775,0.01990075660869479,0.038961127400398254,0.024670856073498726,0.05484794080257416,1.0
2100,4300800,6,0,0,6,0.0,0.0,1.0,0.0030919921817258,0.1862168312072754,0.02357027428224683,-5.637911748886109,0.019108845602022483,0.03889526426792145,0.024593926966190338,0.05482669547200203,1.0
2101,4302848,4,1,0,3,0.25,0.0,0.75,0.0009976590634323656,0.4099695488810539,0.02547269845381379,-5.642775297164917,0.009844335250090808,0.038924749940633774,0.024528972804546356,0.055005431175231934,1.0
2102,4304896,7,0,0,7,0.0,0.0,1.0,-0.00048259180039167404,0.31196384876966476,0.02538487045094371,-5.64228732585907,0.012059654260519892,0.03892787545919418,0.024431869387626648,0.05513228103518486,1.0
2103,4306944,1,0,0,1,0.0,0.0,1.0,0.0018864888465031982,0.2968621253967285,0.023534253239631653,-5.647246026992798,0.010757923719938844,0.038835056126117706,0.024406079202890396,0.05503236874938011,1.0
2104,4308992,8,0,0,8,0.0,0.0,1.0,0.0023748133331537246,0.3227445989847183,0.02455036621540785,-5.6525208950042725,0.017253370792604982,0.038792237639427185,0.02445846237242222,0.05494488775730133,1.0
2105,4311040,6,0,0,6,0.0,0.0,1.0,0.00046143457293510435,0.2740333557128906,0.0214627499692142,-5.653423523902893,0.013831683789612725,0.03875645622611046,0.02446632646024227,0.05484090745449066,1.0
2106,4313088,6,0,0,6,0.0,0.0,1.0,0.0008230041246861219,0.2669927902519703,0.021847580559551716,-5.656677770614624,0.013196276046801358,0.03869391605257988,0.024444879963994026,0.05456065759062767,1.0
2107,4315136,5,0,0,5,0.0,0.0,1.0,-0.0016753726289607585,0.5590018212795258,0.02439101627096534,-5.658942484855652,0.00570349806221202,0.03862458094954491,0.024439863860607147,0.054290249943733215,1.0
2108,4317184,8,0,2,6,0.0,0.25,0.75,0.003418667335063219,4.06416277885437,0.028019968792796134,-5.662116193771363,0.015688742412021384,0.03858506307005882,0.024466518312692642,0.05412380024790764,1.0
2109,4319232,4,0,0,4,0.0,0.0,1.0,0.0014178267912939191,0.739592096209526,0.023981258645653723,-5.660975646972656,0.01592553440714255,0.038615189492702484,0.024542000144720078,0.054009631276130676,1.0
2110,4321280,5,0,0,5,0.0,0.0,1.0,0.004125270619988441,0.5815256088972092,0.023442281410098076,-5.658036589622498,0.010451573343016208,0.03857642039656639,0.024573149159550667,0.053857509046792984,1.0
2111,4323328,4,0,0,4,0.0,0.0,1.0,0.0052064291667193174,0.5440416991710663,0.022907345090061426,-5.658929467201233,0.014933608105638995,0.03855950012803078,0.024694977328181267,0.05359021946787834,1.0
2112,4325376,7,1,0,6,0.14285714285714285,0.0,0.8571428571428571,0.004576162493322045,0.5187032267451286,0.020149975921958684,-5.656715893745423,0.016932766197714954,0.03854960575699806,0.024682098999619484,0.05356196314096451,1.0
2113,4327424,4,0,0,4,0.0,0.0,1.0,-0.0001992971869185567,0.326218818128109,0.02457429850474,-5.660682463645935,0.011088183260289953,0.03847367316484451,0.024621061980724335,0.05336488410830498,1.0
2114,4329472,8,0,0,8,0.0,0.0,1.0,-0.0011520456289872527,0.11781889870762825,0.020712913293391467,-5.665053868293763,0.013357722398359329,0.03842795640230179,0.02454664744436741,0.05331604927778244,1.0
2115,4331520,5,0,0,5,0.0,0.0,1.0,0.0009411338018253445,0.4692078918218613,0.01997545752674341,-5.669100069999695,0.01727039884426631,0.03838297352194786,0.024531014263629913,0.05323217064142227,1.0
2116,4333568,5,0,0,5,0.0,0.0,1.0,0.0017513388767838479,0.46262485533952713,0.02316435193642974,-5.668504357337952,0.012197797890985384,0.038442760705947876,0.02460511028766632,0.05323486030101776,1.0
2117,4335616,8,2,0,6,0.25,0.0,0.75,-5.715230945497751e-05,0.7912131488323212,0.024264123756438494,-5.661364006996155,0.01086117496015504,0.038534097373485565,0.02466673217713833,0.05337221547961235,1.0
2118,4337664,4,0,0,4,0.0,0.0,1.0,0.0027621926041319967,0.43383662700653075,0.021649500634521247,-5.657816100120544,0.015965032379608602,0.03848705813288689,0.024719541892409325,0.05321907252073288,1.0
2119,4339712,7,1,0,6,0.14285714285714285,0.0,0.8571428571428571,0.003961054643150419,0.6142089664936066,0.02201303169131279,-5.662081909179688,0.018522861285600812,0.0384003147482872,0.02472163923084736,0.05297454819083214,1.0
2120,4341760,6,2,0,4,0.3333333333333333,0.0,0.6666666666666666,0.0023697389755398036,0.7876421958208084,0.021558430045843124,-5.66649820804596,0.014156161696882918,0.03833088278770447,0.02474905177950859,0.05291002243757248,1.0
2121,4343808,4,0,0,4,0.0,0.0,1.0,0.0035909133846871557,0.5385350942611694,0.021070830523967743,-5.671194291114807,0.009672086901264264,0.03827664628624916,0.024720048531889915,0.0529174767434597,1.0
2122,4345856,4,0,0,4,0.0,0.0,1.0,0.005322584928944707,0.6377604961395263,0.020818645227700473,-5.6766616106033325,0.022069390933029353,0.03821878135204315,0.02464287169277668,0.05289199948310852,1.0
2123,4347904,9,0,0,9,0.0,0.0,1.0,0.005737714632414281,0.4321710363030434,0.020796047151088716,-5.682116198539734,0.017542891891207547,0.038163524121046066,0.02454819157719612,0.05285953730344772,1.0
2124,4349952,2,0,0,2,0.0,0.0,1.0,0.0051224129274487495,0.454209104180336,0.020014165621250867,-5.686645412445069,0.022102951415581627,0.03813432157039642,0.02449399046599865,0.05283481627702713,1.0
2125,4352000,10,2,0,8,0.2,0.0,0.8,0.0002970327390357852,0.6911247938871383,0.025247278437018395,-5.685944414138794,0.007151911134133116,0.03822384402155876,0.024509120732545853,0.05302930623292923,1.0
2126,4354048,4,0,0,4,0.0,0.0,1.0,0.004493898595683277,0.4800189048051834,0.02030277270823717,-5.679409480094909,0.022395568521460518,0.038307271897792816,0.024477068334817886,0.05326410010457039,1.0
2127,4356096,7,1,0,6,0.14285714285714285,0.0,0.8571428571428571,0.01492055025883019,0.6775304913520813,0.01960844388231635,-5.677184534072876,0.026703839760739357,0.03833191096782684,0.02445256896317005,0.05335674434900284,1.0
2128,4358144,4,0,1,3,0.0,0.25,0.75,0.0026528377318754794,2.797826761007309,0.024589245766401292,-5.677111005783081,0.010567556630121544,0.03832264244556427,0.024392979219555855,0.05334019660949707,1.0
2129,4360192,8,1,1,6,0.125,0.125,0.75,0.0017173398868180812,2.6839555323123934,0.02423064410686493,-5.677349019050598,0.023900317476363852,0.038355447351932526,0.024395670741796494,0.05331514775753021,1.0
2130,4362240,3,0,0,3,0.0,0.0,1.0,0.0037384832045063376,0.44124419391155245,0.019609473552554844,-5.672581672668457,0.01782303107320331,0.03843589127063751,0.02441968023777008,0.053456928580999374,1.0
2131,4364288,9,0,0,9,0.0,0.0,1.0,0.0021356654819101096,0.46880456656217573,0.023861069232225418,-5.671069312095642,0.012242463260190562,0.038390032947063446,0.024379797279834747,0.053405120968818665,1.0
2132,4366336,2,0,1,1,0.0,0.5,0.5,-0.0014261915115639568,1.6712902069091797,0.02302894713357091,-5.676325416564941,0.021772952907485887,0.038331255316734314,0.024304281920194626,0.05331583321094513,1.0
2133,4368384,8,1,0,7,0.125,0.0,0.875,0.0032870234455913304,0.4791895806789398,0.02224893243983388,-5.680718207359314,0.019638709723949432,0.0382775142788887,0.02427048236131668,0.05328594520688057,1.0
2134,4370432,5,0,0,5,0.0,0.0,1.0,-3.855279646813869e-06,0.3605758398771286,0.02054942389950156,-5.685644030570984,0.016131240694085135,0.0382014624774456,0.024264730513095856,0.053185317665338516,1.0
2135,4372480,7,1,0,6,0.14285714285714285,0.0,0.8571428571428571,0.008145502535626292,0.3593082413077354,0.02061178470030427,-5.685698175430298,0.03503921764786355,0.03827323764562607,0.02435157261788845,0.05324581637978554,1.0
2136,4374528,4,2,0,2,0.5,0.0,0.5,0.006964946025982499,0.47198870182037356,0.019730340410023927,-5.680297374725342,0.021310340252239258,0.03831224888563156,0.0243682861328125,0.05336025357246399,1.0
2137,4376576,7,0,0,7,0.0,0.0,1.0,0.005293215694837272,0.5072434440255165,0.02176816016435623,-5.679501557350159,0.011356941011035815,0.038316138088703156,0.024389535188674927,0.053421951830387115,1.0
2138,4378624,5,0,2,3,0.0,0.4,0.6,0.0002036608289927244,4.322951090335846,0.026464151777327062,-5.680032205581665,0.020125801459653304,0.03828875720500946,0.0244017094373703,0.05333421751856804,1.0
2139,4380672,8,1,1,6,0.125,0.125,0.75,-0.0007780259009450674,2.9414339542388914,0.026051665656268597,-5.684379053115845,0.015867596422322095,0.03812142834067345,0.024469073861837387,0.05291640758514404,1.0
2140,4382720,6,0,0,6,0.0,0.0,1.0,-0.00030677344184368847,0.4147832617163658,0.021494104526937008,-5.691880869865417,0.009592847857857124,0.0380486324429512,0.024539250880479813,0.05260384455323219,1.0
2141,4384768,5,1,0,4,0.2,0.0,0.8,-0.0014655980747193098,0.6354927331209183,0.02104103984311223,-5.691856837272644,0.01366717109340243,0.038064129650592804,0.02453233115375042,0.05264868587255478,1.0
2142,4386816,3,0,0,3,0.0,0.0,1.0,0.0013866088120266795,0.35197117179632187,0.021984565537422895,-5.692201280593872,0.006681978557026014,0.03804567828774452,0.024483270943164825,0.05264906585216522,1.0
2143,4388864,6,0,0,6,0.0,0.0,1.0,0.0013827687595039605,0.34263083189725874,0.024832630064338446,-5.6935300588607785,0.012097518582595512,0.038039784878492355,0.024561850354075432,0.05254937708377838,1.0
2144,4390912,5,0,0,5,0.0,0.0,1.0,0.004373876890167594,0.3341676309704781,0.01981766279786825,-5.69030659198761,0.015512540814233944,0.03808958828449249,0.02460532821714878,0.052602242678403854,1.0
2145,4392960,7,0,0,7,0.0,0.0,1.0,0.00038944254629313946,0.32139362543821337,0.023345839884132146,-5.688718056678772,0.012290065636625514,0.038071319460868835,0.02452417090535164,0.05253949388861656,1.0
2146,4395008,6,0,0,6,0.0,0.0,1.0,0.003891547257080674,0.24302855208516122,0.020019101351499556,-5.690551471710205,0.014878669660538435,0.0380699597299099,0.024516694247722626,0.052489228546619415,1.0
2147,4397056,6,0,1,5,0.0,0.16666666666666666,0.8333333333333334,0.006219457276165486,2.5227467000484465,0.022919993940740825,-5.688118624687195,0.045639480731915684,0.03813279792666435,0.02454209327697754,0.05261460691690445,1.0
2148,4399104,4,0,0,4,0.0,0.0,1.0,0.010304429661482572,0.3405307427048683,0.019742992147803305,-5.683086729049682,0.023708511190488935,0.038225799798965454,0.024484099820256233,0.052836719900369644,1.0
2149,4401152,6,0,0,6,0.0,0.0,1.0,-0.0039837067946791645,0.3484187722206116,0.01980835823342204,-5.680749225616455,0.015293994802050292,0.03819303959608078,0.02448776736855507,0.05271073058247566,1.0
2150,4403200,7,1,0,6,0.14285714285714285,0.0,0.8571428571428571,-0.0029695468489080667,0.9539541155099869,0.023760948330163956,-5.685968351364136,0.005049736786168069,0.03805168718099594,0.024420728906989098,0.052367378026247025,1.0
2151,4405248,4,0,1,3,0.0,0.25,0.75,-0.004761894838884473,2.6851301431655883,0.025565864518284798,-5.693152117729187,0.01915874728001654,0.038050271570682526,0.0244255680590868,0.052312593907117844,1.0
2152,4407296,9,2,0,7,0.2222222222222222,0.0,0.7777777777777778,-0.0025624372530728577,0.7559454917907715,0.023590006306767462,-5.690290951728821,0.0116091770818457,0.03804084658622742,0.02452543005347252,0.05217175930738449,1.0
2153,4409344,4,0,0,4,0.0,0.0,1.0,0.01259630882414058,0.18328111097216607,0.01878293985500932,-5.691980171203613,0.02457081182510592,0.037965353578329086,0.024515731260180473,0.05197790265083313,1.0
2154,4411392,4,0,0,4,0.0,0.0,1.0,0.004431436164304614,0.2230357363820076,0.02101556910201907,-5.6946793556213375,0.022156330733560027,0.037982963025569916,0.02449199929833412,0.05201663076877594,1.0
2155,4413440,6,0,1,5,0.0,0.16666666666666666,0.8333333333333334,8.343413937836886e-05,2.6421591460704805,0.022341150790452957,-5.692802834510803,0.012781857134541497,0.03802662715315819,0.02445823699235916,0.05214620381593704,1.0
2156,4415488,7,0,1,6,0.0,0.14285714285714285,0.8571428571428571,0.00023516062647104262,1.0960435286164283,0.020415549259632827,-5.693233442306519,0.030693206802243366,0.037988729774951935,0.02435346320271492,0.05213311314582825,1.0
2157,4417536,4,0,0,4,0.0,0.0,1.0,0.007146025355905294,0.3138947755098343,0.022425954602658747,-5.697579741477966,0.019616012921324,0.03794914856553078,0.024362795054912567,0.052028972655534744,1.0
2158,4419584,11,0,1,10,0.0,0.09090909090909091,0.9090909090909091,-0.001273229788057506,2.4540997743606567,0.024378762021660803,-5.698996567726136,0.023143572750268505,0.0379350408911705,0.02434828132390976,0.05204625800251961,1.0
2159,4421632,1,0,0,1,0.0,0.0,1.0,0.001506745023652911,0.1497024863958359,0.0178263520821929,-5.701559925079346,0.015735601726919412,0.03791557252407074,0.024276744574308395,0.05210481956601143,1.0
2160,4423680,7,1,0,6,0.14285714285714285,0.0,0.8571428571428571,0.0016981587163172663,0.415496489405632,0.019051597453653812,-5.705119585990905,0.011805881530744956,0.037871330976486206,0.02417854033410549,0.05204516276717186,1.0
2161,4425728,5,0,0,5,0.0,0.0,1.0,0.007668877439573407,0.3897790640592575,0.023449106235057117,-5.709810137748718,0.02033317932509817,0.03780371695756912,0.02414126694202423,0.05194215103983879,1.0
2162,4427776,7,0,1,6,0.0,0.14285714285714285,0.8571428571428571,0.00972076146863401,1.1091108739376068,0.021491421200335026,-5.715539360046387,0.041498187306569886,0.03771182894706726,0.024166125804185867,0.051717497408390045,1.0
2163,4429824,4,0,0,4,0.0,0.0,1.0,-0.00345695954747498,0.25037581026554107,0.022302027326077223,-5.719362258911133,0.009130593109875917,0.03766359016299248,0.024185094982385635,0.05163033679127693,1.0
2164,4431872,9,0,0,9,0.0,0.0,1.0,0.0026830431772395967,0.3112488970160484,0.019347869977355003,-5.719580769538879,0.017190247768303378,0.03772060573101044,0.024188492447137833,0.0516866073012352,1.0
2165,4433920,0,0,0,0,0.0,0.0,0.0,0.0076793247833848,0.19275852292776108,0.01642190832644701,-5.719187927246094,0.020618928864132614,0.037626855075359344,0.024117887020111084,0.05155446007847786,1.0
2166,4435968,7,0,0,7,0.0,0.0,1.0,0.002479596808552742,0.6989437907934188,0.02185690086334944,-5.727677750587463,0.012359195976750925,0.03753778338432312,0.024090634658932686,0.05134454742074013,1.0
2167,4438016,6,0,0,6,0.0,0.0,1.0,0.006662764796055853,0.6606495797634124,0.025332232005894184,-5.730961585044861,0.015556914964690804,0.03751527518033981,0.02411145344376564,0.05126415938138962,1.0
2168,4440064,8,0,0,8,0.0,0.0,1.0,-0.00022469600662589073,0.6561771005392074,0.025583289656788112,-5.73253710269928,0.008165148505941033,0.03748299181461334,0.02407224476337433,0.05120314285159111,1.0
2169,4442112,4,0,0,4,0.0,0.0,1.0,0.0011880317702889442,0.6634754717350007,0.023652340937405824,-5.7355548620224,0.011968048324342817,0.03742671757936478,0.024097643792629242,0.051088105887174606,1.0
2170,4444160,7,0,0,7,0.0,0.0,1.0,0.0030197828309610486,0.06896575558930636,0.022208730038255454,-5.739557266235352,0.017195155151421206,0.037362582981586456,0.024102050811052322,0.05097690969705582,1.0
2171,4446208,3,1,0,2,0.3333333333333333,0.0,0.6666666666666666,-0.001044482260476798,0.3333260789513588,0.022501910198479892,-5.741290831565857,0.01399284480139613,0.03737153857946396,0.02413417585194111,0.05087843909859657,1.0
2172,4448256,6,0,1,5,0.0,0.16666666666666666,0.8333333333333334,0.0029003129340708254,2.4920477628707887,0.030046948324888946,-5.734919428825378,0.018384148547193037,0.03751552850008011,0.024191642180085182,0.05101045221090317,1.0
2173,4450304,6,0,0,6,0.0,0.0,1.0,0.007955620042048394,0.6040305644273758,0.031181789748370648,-5.724703788757324,0.017544666311005132,0.037583038210868835,0.0242669228464365,0.051151372492313385,1.0
2174,4452352,8,0,0,8,0.0,0.0,1.0,0.0026674162596464156,0.669466495513916,0.027332105673849583,-5.721583962440491,0.00811357565689832,0.03761220723390579,0.024247005581855774,0.05117034167051315,1.0
2175,4454400,5,0,0,5,0.0,0.0,1.0,-0.0012491344008594752,0.45195701271295546,0.021485909912735225,-5.718900537490844,0.016530191694619133,0.037672754377126694,0.024264510720968246,0.051112838089466095,1.0
2176,4456448,4,0,0,4,0.0,0.0,1.0,0.001131147681735456,0.23013005331158637,0.024447082821279765,-5.713234686851502,0.010814988770289347,0.037676796317100525,0.02438107505440712,0.05097128078341484,1.0
2177,4458496,4,0,0,4,0.0,0.0,1.0,-0.005114162666723132,0.36440087854862213,0.021483649406582116,-5.714990973472595,0.012146252690581606,0.03756529092788696,0.02437020279467106,0.05073460564017296,1.0
2178,4460544,6,0,0,6,0.0,0.0,1.0,0.003641829965636134,0.21937255188822746,0.022074643056839705,-5.721264433860779,0.016998549713753162,0.03754502162337303,0.02438744157552719,0.05070894584059715,1.0
2179,4462592,7,0,0,7,0.0,0.0,1.0,-0.0030479475622996687,0.20292469412088393,0.023935204464942218,-5.719036412239075,0.018214294721838088,0.037616170942783356,0.02441371977329254,0.050902996212244034,1.0
2180,4464640,6,0,0,6,0.0,0.0,1.0,-0.002467079600319266,0.13143919594585896,0.020475520566105843,-5.713021588325501,0.014582277851877734,0.0376819372177124,0.024581938982009888,0.050987668335437775,1.0
2181,4466688,6,0,0,6,0.0,0.0,1.0,-0.0009867100510746241,0.3474066607654095,0.023796648439019918,-5.705805325508118,0.01024276270181872,0.03774198517203331,0.024715043604373932,0.05106596648693085,1.0
2182,4468736,3,0,0,3,0.0,0.0,1.0,0.0013234130106866359,0.2093705877661705,0.023555361852049827,-5.70335168838501,0.009946643881266936,0.03770170733332634,0.02475086785852909,0.05092066898941994,1.0
2183,4470784,5,0,0,5,0.0,0.0,1.0,0.0024018823402002453,0.31077146977186204,0.02094003278762102,-5.704262828826904,0.014242288784589618,0.037722423672676086,0.024782264605164528,0.050916530191898346,1.0
2184,4472832,6,0,0,6,0.0,0.0,1.0,0.011929441476240754,0.41041600704193115,0.02055818969383836,-5.702734565734863,0.024239709228277208,0.03769184648990631,0.024763062596321106,0.05086677148938179,1.0
2185,4474880,8,0,0,8,0.0,0.0,1.0,0.0004857202060520649,0.7872072279453277,0.02111726626753807,-5.708207964897156,0.011018548859283328,0.03759559243917465,0.024770313873887062,0.05073520168662071,1.0
2186,4476928,4,0,0,4,0.0,0.0,1.0,0.004032041411846876,0.5107095599174499,0.023834672663360833,-5.713635206222534,0.012163353309733792,0.0375441312789917,0.02478375844657421,0.05062054470181465,1.0
2187,4478976,6,0,0,6,0.0,0.0,1.0,-0.0010749276261776686,0.5397429302334785,0.025431256275624037,-5.714963173866272,0.01383201769203879,0.037527333945035934,0.0247581098228693,0.0505356639623642,1.0
2188,4481024,4,0,1,3,0.0,0.25,0.75,-0.0012423487845808268,2.246810179948807,0.02406504498794675,-5.717369246482849,0.013073782564606517,0.03748978301882744,0.024713825434446335,0.05040048062801361,1.0
2189,4483072,5,0,0,5,0.0,0.0,1.0,0.0017169460887089371,0.23528940230607986,0.020104752201586962,-5.71901957988739,0.007238376844907179,0.037488337606191635,0.02470163069665432,0.05044519156217575,1.0
2190,4485120,6,0,0,6,0.0,0.0,1.0,-0.00036139623261988163,0.5457357063889503,0.020246304851025344,-5.719403505325317,0.02229215106344782,0.037486158311367035,0.024677639827132225,0.05045825242996216,1.0
2191,4487168,8,0,0,8,0.0,0.0,1.0,-0.0020810239482671024,0.45273401141166686,0.02073912462219596,-5.718750071525574,0.020789833419257775,0.03753107786178589,0.0246786680072546,0.05050862208008766,1.0
2192,4489216,4,0,0,4,0.0,0.0,1.0,0.0052372808801010255,0.3097963690757751,0.022300866059958936,-5.715557050704956,0.016265441104769705,0.03754963353276253,0.024637490510940552,0.05050057917833328,1.0
2193,4491264,7,0,0,7,0.0,0.0,1.0,0.002069510391447693,0.39406691789627074,0.025200419407337905,-5.714747095108033,0.020278861292172223,0.037577491253614426,0.024620046839118004,0.050467249006032944,1.0
2194,4493312,2,0,0,2,0.0,0.0,1.0,0.002427153568714857,0.37287383526563644,0.023207882326096295,-5.714722323417663,0.009134463488589973,0.03750986605882645,0.024563057348132133,0.050303902477025986,1.0
2195,4495360,8,0,1,7,0.0,0.125,0.875,0.0006273088860325515,2.4128239512443543,0.025883011613041164,-5.722994589805603,0.01321806280175224,0.03740211948752403,0.02450970560312271,0.05018450319766998,1.0
2196,4497408,5,0,0,5,0.0,0.0,1.0,1.9157654605805874e-05,0.1182353712618351,0.021733338572084905,-5.7299851179122925,0.016775473434245215,0.037329792976379395,0.024440521374344826,0.05010424926877022,1.0
2197,4499456,6,0,0,6,0.0,0.0,1.0,-0.0009466632502153516,0.3140150889754295,0.023270004987716676,-5.736658072471618,0.007610789133468643,0.03725016117095947,0.02433163672685623,0.05000748857855797,1.0
2198,4501504,5,0,0,5,0.0,0.0,1.0,0.00022702941205352545,0.47174084931612015,0.025989482924342156,-5.741681742668152,0.008385160373291001,0.037253331393003464,0.02422814443707466,0.050009630620479584,1.0
2199,4503552,7,0,0,7,0.0,0.0,1.0,0.02145814406685531,0.3626148849725723,0.02838778104633093,-5.741705679893494,0.03289885692647658,0.03726496919989586,0.024182254448533058,0.05007709190249443,1.0
2200,4505600,1,0,0,1,0.0,0.0,1.0,-0.0018268750049173833,0.3977494567632675,0.024145136028528212,-5.7447916746139525,0.014087301940890029,0.037200044840574265,0.02406780980527401,0.05008688196539879,1.0
2201,4507648,10,0,0,10,0.0,0.0,1.0,0.009402504586614669,0.3273983433842659,0.02202965207397938,-5.7505343675613405,0.03234359621419571,0.037178315222263336,0.02400161325931549,0.05001406744122505,1.0
2202,4509696,5,0,0,5,0.0,0.0,1.0,0.004569885716773569,0.12116465754806996,0.021185833867639302,-5.752171587944031,0.01590865253820084,0.03716905415058136,0.023942526429891586,0.04998903349041939,1.0
2203,4511744,8,0,1,7,0.0,0.125,0.875,0.006508142733946442,2.306697338819504,0.028268721885979176,-5.752310681343078,0.023242012242553754,0.03720170259475708,0.02386661060154438,0.050086475908756256,1.0
2204,4513792,3,0,0,3,0.0,0.0,1.0,0.002033357066102326,0.31929656863212585,0.023481977079063653,-5.754509902000427,0.016826755402144046,0.03712144121527672,0.023737644776701927,0.04984410107135773,1.0
2205,4515840,7,0,0,7,0.0,0.0,1.0,0.0039339046459645035,0.7078609243035316,0.02337768264114857,-5.761255478858947,0.01965118946391158,0.03705752640962601,0.023668749257922173,0.04969851300120354,1.0
2206,4517888,2,0,0,2,0.0,0.0,1.0,0.0041985826566815375,0.2947914406657219,0.02555158333852887,-5.763573360443115,0.015095464984187856,0.037065379321575165,0.0237005352973938,0.04963397979736328,1.0
2207,4519936,7,0,0,7,0.0,0.0,1.0,0.003291650954633951,0.2712113901972771,0.026209505461156368,-5.759646534919739,0.022763900831341742,0.0371171198785305,0.023807307705283165,0.04969903454184532,1.0
2208,4521984,5,0,0,5,0.0,0.0,1.0,0.0012187971151433885,0.16125747710466384,0.025398207549005746,-5.756214761734009,0.011537881282856688,0.03714132681488991,0.02375881001353264,0.049787506461143494,1.0
2209,4524032,8,0,0,8,0.0,0.0,1.0,0.011227816762402653,0.633503121137619,0.02535585332661867,-5.7561640501022335,0.01588349214871414,0.03715427219867706,0.02378086745738983,0.04984322190284729,1.0
2210,4526080,5,0,0,5,0.0,0.0,1.0,0.0016001916257664562,0.7485023200511932,0.02540070880204439,-5.7536616563797,0.014364118146477266,0.03719565272331238,0.023871177807450294,0.049933381378650665,1.0
2211,4528128,5,0,0,5,0.0,0.0,1.0,0.004723997740074992,0.5999910742044449,0.02832330958917737,-5.750134468078613,0.011608527408679948,0.03721965104341507,0.02386319264769554,0.05007993429899216,1.0
2212,4530176,3,0,0,3,0.0,0.0,1.0,0.0003674833569675684,0.7809422463178635,0.02554389415308833,-5.751227450370789,0.006202538852812722,0.037204559892416,0.023832229897379875,0.050028786063194275,1.0
2213,4532224,6,0,0,6,0.0,0.0,1.0,-0.000695377541705966,0.8072862803936005,0.024611715227365494,-5.7504246711730955,0.011483843851601705,0.03724396973848343,0.023890869691967964,0.05008356273174286,1.0
2214,4534272,7,0,0,7,0.0,0.0,1.0,0.001787392608821392,0.9183361172676087,0.025294447038322686,-5.746544122695923,0.023066335794283077,0.03726600110530853,0.02394554577767849,0.05009628087282181,1.0
2215,4536320,6,0,0,6,0.0,0.0,1.0,0.0012281000148504973,0.48330843448638916,0.028498896677047015,-5.744900941848755,0.01563670922187157,0.03727589175105095,0.023983050137758255,0.05006743595004082,1.0
2216,4538368,6,0,0,6,0.0,0.0,1.0,0.002599303377792239,0.3632375538349152,0.02645740145817399,-5.742544412612915,0.009135896485531703,0.037310462445020676,0.024013575166463852,0.05004635453224182,1.0
2217,4540416,4,0,0,4,0.0,0.0,1.0,-0.000833646603859961,0.17516580373048782,0.022656472772359847,-5.740075492858887,0.008856443758122622,0.03732101246714592,0.023950845003128052,0.04998527839779854,1.0
2218,4542464,4,0,0,4,0.0,0.0,1.0,-0.001681403536349535,0.6581201657652855,0.02197970896959305,-5.740435934066772,0.016108227119548246,0.037342190742492676,0.023896539583802223,0.04998764768242836,1.0
2219,4544512,7,0,2,5,0.0,0.2857142857142857,0.7142857142857143,0.0023784247692674398,4.245207619667053,0.034753219410777095,-5.737359094619751,0.021233270375523715,0.0374281108379364,0.023858653381466866,0.05010393634438515,1.0
2220,4546560,7,0,0,7,0.0,0.0,1.0,0.0024317911360412837,0.3172875240445137,0.024901217594742776,-5.734595990180969,0.012259171128971503,0.03742000088095665,0.023845039308071136,0.05017389357089996,1.0
2221,4548608,6,0,0,6,0.0,0.0,1.0,-0.003795771300792694,0.39249929785728455,0.028282777313143014,-5.737506771087647,0.018663135572569444,0.0373862087726593,0.023725049570202827,0.05013839155435562,1.0
2222,4550656,6,0,0,6,0.0,0.0,1.0,-0.0017283768160268665,0.2599254734814167,0.022591967787593602,-5.739795732498169,0.012213955546030775,0.037427276372909546,0.023626865819096565,0.05019012838602066,1.0
2223,4552704,2,0,0,2,0.0,0.0,1.0,0.0033595824614167215,0.19491360634565352,0.0218747447244823,-5.736257147789002,0.010985371196875348,0.037494681775569916,0.023628031834959984,0.05028713867068291,1.0
2224,4554752,4,0,0,4,0.0,0.0,1.0,0.0003263091668486595,0.29406770765781404,0.0249501533806324,-5.73242552280426,0.01426779319299385,0.03752158209681511,0.023663757368922234,0.050324440002441406,1.0
2225,4556800,8,0,0,8,0.0,0.0,1.0,0.0003299528150819242,0.4386576473712921,0.026425739005208015,-5.730986928939819,0.013173991726944223,0.037511877715587616,0.023708317428827286,0.05035623162984848,1.0
2226,4558848,8,0,0,8,0.0,0.0,1.0,0.002955157007090747,0.3167323887348175,0.021247986983507872,-5.734226059913635,0.015062197850784286,0.0374392606317997,0.023681044578552246,0.05035008490085602,1.0
2227,4560896,6,0,1,5,0.0,0.16666666666666666,0.8333333333333334,0.00040957669261842966,2.4825780391693115,0.024513604864478112,-5.743158864974975,0.014490988210309298,0.03728392720222473,0.02367560751736164,0.05030984804034233,1.0
2228,4562944,5,0,0,5,0.0,0.0,1.0,-0.001391660189256072,0.37964141368865967,0.023761153127998112,-5.753911995887757,0.012578241567825898,0.03719640150666237,0.023631716147065163,0.05034622922539711,1.0
2229,4564992,2,0,0,2,0.0,0.0,1.0,0.0035915559623390437,0.3736442565917969,0.025848841201514004,-5.76065993309021,0.014504524366930126,0.03712009638547897,0.023607922717928886,0.050213806331157684,1.0
2230,4567040,6,0,0,6,0.0,0.0,1.0,0.004528282000683248,0.46388527750968933,0.023909920919686557,-5.764461016654968,0.010384402022464202,0.03710077330470085,0.02355264127254486,0.05023767054080963,1.0
2231,4569088,6,0,0,6,0.0,0.0,1.0,-0.0001796923577785492,0.25073377341032027,0.025538021791726352,-5.766820955276489,0.00940228671533987,0.03709089010953903,0.023509034886956215,0.05023261904716492,1.0
2232,4571136,8,0,0,8,0.0,0.0,1.0,6.137429736554622e-05,0.49719862937927245,0.024051791988313198,-5.765913820266723,0.01903048378881067,0.03713224083185196,0.023495497182011604,0.050279658287763596,1.0
2233,4573184,5,0,0,5,0.0,0.0,1.0,0.007263924088329076,0.23408520743250846,0.019802677538245918,-5.76236412525177,0.02774891699082218,0.03721008449792862,0.023441115394234657,0.05044965073466301,1.0
2234,4575232,6,0,0,6,0.0,0.0,1.0,-0.0026094427215866745,0.283248320966959,0.022577869053930045,-5.760102438926697,0.024971784598892554,0.037221699953079224,0.023406216874718666,0.05060065910220146,1.0
2235,4577280,1,0,0,1,0.0,0.0,1.0,0.02713695974089205,0.19011469557881355,0.019419200904667377,-5.7614147663116455,0.03987619882682338,0.03722664341330528,0.023394066840410233,0.05069573223590851,1.0
2236,4579328,7,0,0,7,0.0,0.0,1.0,0.04506960632279515,0.6217368632555008,0.02306512426584959,-5.761177396774292,0.10258643082343041,0.03723573312163353,0.023374998942017555,0.050740547478199005,1.0
2237,4581376,7,0,0,7,0.0,0.0,1.0,0.0036526150768622758,0.6719101309776306,0.023463532887399198,-5.760923218727112,0.017888131155632436,0.03724060207605362,0.023390496149659157,0.050766803324222565,1.0
2238,4583424,8,0,0,8,0.0,0.0,1.0,0.0006727603729814291,0.6801644280552864,0.02202241849154234,-5.76074481010437,0.004292826610617339,0.037234190851449966,0.023382563143968582,0.050704266875982285,1.0
2239,4585472,4,0,0,4,0.0,0.0,1.0,0.0027113530319184064,0.5064439103007317,0.023495211265981197,-5.761497926712036,0.00901454766280949,0.037239473313093185,0.023295817896723747,0.050662145018577576,1.0
2240,4587520,5,0,0,5,0.0,0.0,1.0,0.005056423647329211,0.3434214606881142,0.02235618866980076,-5.762388753890991,0.016980833577690646,0.037239737808704376,0.023219136521220207,0.050717610865831375,1.0
2241,4589568,3,0,0,3,0.0,0.0,1.0,0.00043746372684836385,0.43829780966043475,0.02154004853218794,-5.7628371000289915,0.01668367476086132,0.03724900633096695,0.023266592994332314,0.050657033920288086,1.0
2242,4591616,6,0,0,6,0.0,0.0,1.0,-0.0005155603401362896,0.5238190516829491,0.022298651095479727,-5.760887384414673,0.007178091339301318,0.037230487912893295,0.023311952129006386,0.050547629594802856,1.0
2243,4593664,7,0,0,7,0.0,0.0,1.0,0.0004706526175141335,0.3350574791431427,0.022101345285773278,-5.7612262725830075,0.007880067912628875,0.0372411273419857,0.023333940654993057,0.0505526103079319,1.0
2244,4595712,9,0,1,8,0.0,0.1111111111111111,0.8888888888888888,-0.0021870445692911745,2.72239910364151,0.02680233009159565,-5.760910272598267,0.021815976744983347,0.03720422834157944,0.023329343646764755,0.05050823837518692,1.0
2245,4597760,5,0,0,5,0.0,0.0,1.0,-0.0020430221455171706,0.5796857088804245,0.023637255560606717,-5.763646984100342,0.014962971542263403,0.0371832549571991,0.023407936096191406,0.050456445664167404,1.0
2246,4599808,4,0,0,4,0.0,0.0,1.0,0.008375076390802861,0.40055571496486664,0.022527935076504947,-5.762962770462036,0.020954858261393382,0.03715848922729492,0.023437650874257088,0.050332847982645035,1.0
2247,4601856,2,0,0,2,0.0,0.0,1.0,0.0076224735705181955,0.642729040980339,0.026219374593347312,-5.763864183425904,0.019510687491856516,0.03714597225189209,0.023441093042492867,0.05027923732995987,1.0
2248,4603904,6,0,1,5,0.0,0.16666666666666666,0.8333333333333334,0.002957067219540477,2.8617525815963747,0.027506487816572188,-5.765601062774659,0.013413961796322838,0.037112023681402206,0.023391880095005035,0.050164561718702316,1.0
2249,4605952,9,0,0,9,0.0,0.0,1.0,0.005503931501880288,0.5951208472251892,0.021665377356112004,-5.766074442863465,0.015805114980321378,0.03715021163225174,0.023376207798719406,0.05019884184002876,1.0
2250,4608000,7,0,0,7,0.0,0.0,1.0,0.0019437019480392336,0.5663118064403534,0.021745849680155516,-5.75998055934906,0.010073769342852756,0.03728021681308746,0.02343667298555374,0.050253432244062424,1.0
2251,4610048,6,0,0,6,0.0,0.0,1.0,0.00042922233697026966,0.5893442958593369,0.0213995149359107,-5.75273220539093,0.007999595842557028,0.03725671023130417,0.023411938920617104,0.0502050407230854,1.0
2252,4612096,2,0,0,2,0.0,0.0,1.0,0.002152238320559263,0.5717344015836716,0.025150028709322213,-5.75650942325592,0.013093872246099637,0.03725345432758331,0.023402657359838486,0.05009559169411659,1.0
2253,4614144,3,0,1,2,0.0,0.3333333333333333,0.6666666666666666,0.004548652470111847,2.715652346611023,0.025664613023400305,-5.75490882396698,0.01730718869366683,0.03724915534257889,0.02343571186065674,0.0501210018992424,1.0
2254,4616192,8,0,2,6,0.0,0.25,0.75,0.0005085470154881477,3.4211008071899416,0.022831264045089485,-5.7551469802856445,0.020880212308838964,0.03724521026015282,0.023491613566875458,0.05015108361840248,1.0
2255,4618240,7,0,0,7,0.0,0.0,1.0,0.0007367393234744668,0.5014973968267441,0.0197742716409266,-5.752833819389343,0.015584002318792044,0.037286050617694855,0.023597214370965958,0.05019265413284302,1.0
2256,4620288,7,0,0,7,0.0,0.0,1.0,-0.0039018897572532297,0.2417153462767601,0.021169517748057844,-5.746613383293152,0.02564744754927233,0.037380024790763855,0.02369457483291626,0.05041676387190819,1.0
2257,4622336,5,0,0,5,0.0,0.0,1.0,0.0011619935045018791,0.5035066708922387,0.023731281328946353,-5.7422421932220455,0.011457545799203217,0.0373617559671402,0.02370816096663475,0.05045858770608902,1.0
2258,4624384,2,0,0,2,0.0,0.0,1.0,0.002912155562080443,0.3802687466144562,0.025047718174755575,-5.745905804634094,0.016496736160479485,0.03731235861778259,0.02372770942747593,0.05042680352926254,1.0
2259,4626432,4,0,0,4,0.0,0.0,1.0,0.0010093213059008121,0.790041771531105,0.025866750814020633,-5.747772574424744,0.017369854653952643,0.0373157300055027,0.023719772696495056,0.050518400967121124,1.0
2260,4628480,10,0,0,10,0.0,0.0,1.0,0.0036623703432269394,0.3867959573864937,0.022232147213071585,-5.748608469963074,0.011038995976559818,0.03729128837585449,0.02368338033556938,0.05041540414094925,1.0
2261,4630528,5,0,0,5,0.0,0.0,1.0,0.0038849344942718743,0.5231489256024361,0.022732886020094156,-5.749304246902466,0.01464554644189775,0.03728894144296646,0.023728642612695694,0.05024813860654831,1.0
2262,4632576,6,0,0,6,0.0,0.0,1.0,0.005571448407135904,0.3500601574778557,0.020207379292696715,-5.747454881668091,0.022473985992837696,0.037294402718544006,0.02375301532447338,0.050294939428567886,1.0
2263,4634624,5,0,0,5,0.0,0.0,1.0,0.011136528430506587,0.18553540632128715,0.01763040227815509,-5.748924708366394,0.020378662942675874,0.03725350275635719,0.023769596591591835,0.0502673014998436,1.0
2264,4636672,2,0,0,2,0.0,0.0,1.0,0.0026995324762538074,0.20889083594083785,0.017673796880990265,-5.752709150314331,0.012049490882782265,0.037160586565732956,0.023791097104549408,0.05008317157626152,1.0
2265,4638720,5,0,0,5,0.0,0.0,1.0,-0.00468597374856472,0.5778008908033371,0.019273869693279266,-5.759418964385986,0.01702198855346069,0.037082746624946594,0.02372664026916027,0.049972984939813614,1.0
2266,4640768,9,0,0,9,0.0,0.0,1.0,0.004086318938061595,0.35877155512571335,0.019981232564896347,-5.7650668859481815,0.0151846966764424,0.03703638166189194,0.023653248324990273,0.049845874309539795,1.0
2267,4642816,6,0,0,6,0.0,0.0,1.0,0.0008250571321696043,0.5293207064270973,0.022714064363390206,-5.766367983818054,0.012305783823831008,0.037051159888505936,0.02367205172777176,0.0498550720512867,1.0
2268,4644864,7,0,1,6,0.0,0.14285714285714285,0.8571428571428571,-0.0002443688455969095,2.6813305795192717,0.024202724173665046,-5.764533543586731,0.02182658045203425,0.03705345839262009,0.02373238280415535,0.04979117959737778,1.0
2269,4646912,5,0,0,5,0.0,0.0,1.0,0.0022253353497944774,0.18896440491080285,0.0219476580619812,-5.7645570039749146,0.010097349947318434,0.03700191527605057,0.023741895332932472,0.0496838353574276,1.0
2270,4648960,1,0,0,1,0.0,0.0,1.0,-0.00046438490971922874,0.17354315519332886,0.022312705963850023,-5.767173528671265,0.010765376582276076,0.03702394664287567,0.02375083602964878,0.049753569066524506,1.0
2271,4651008,6,0,0,6,0.0,0.0,1.0,-0.0009239873848855496,0.3805143967270851,0.023527579195797444,-5.76362988948822,0.008657751372084022,0.03705982118844986,0.023815909400582314,0.04982965067028999,1.0
2272,4653056,8,0,0,8,0.0,0.0,1.0,-0.0007773939752951265,0.21713977679610252,0.02146359523758292,-5.762731194496155,0.013428612548159436,0.03704240545630455,0.02374090440571308,0.04990890994668007,1.0
2273,4655104,5,0,0,5,0.0,0.0,1.0,-0.001034727948717773,0.20609074980020523,0.019188127294182778,-5.768084764480591,0.013188744208309799,0.03700176626443863,0.023651516065001488,0.049978721886873245,1.0
2274,4657152,10,0,2,8,0.0,0.2,0.8,0.0027356817154213786,4.884573221206665,0.026727131567895412,-5.769152379035949,0.01808557462063618,0.03706113621592522,0.02367451786994934,0.05013081431388855,1.0
2275,4659200,4,0,0,4,0.0,0.0,1.0,-0.000668766419403255,0.19748409315943719,0.021355684101581573,-5.766007328033448,0.01976022687740624,0.03704645857214928,0.023670658469200134,0.05008411407470703,1.0
2276,4661248,1,0,0,1,0.0,0.0,1.0,-7.298784330487252e-05,0.3386152371764183,0.02013489929959178,-5.768845772743225,0.015906905644806103,0.036986708641052246,0.02366628311574459,0.04987530782818794,1.0
2277,4663296,8,0,0,8,0.0,0.0,1.0,0.0025279559195041656,0.3260106921195984,0.023250307887792587,-5.773436832427978,0.021022184216417373,0.03690453991293907,0.023652158677577972,0.04969564825296402,1.0
2278,4665344,7,0,1,6,0.0,0.14285714285714285,0.8571428571428571,0.005522688874043525,2.2132008492946627,0.021264164708554745,-5.778209567070007,0.026464059995487333,0.036843638867139816,0.023594632744789124,0.04959046095609665,1.0
2279,4667392,7,0,0,7,0.0,0.0,1.0,-0.000688562891446054,0.3190558455884457,0.01894836388528347,-5.784360694885254,0.011059811251470819,0.03676314651966095,0.02357170172035694,0.04941152036190033,1.0
2280,4669440,6,0,0,6,0.0,0.0,1.0,-0.000593075854703784,0.26850215196609495,0.023826415836811065,-5.788288307189942,0.012149242078885436,0.036731015890836716,0.023556185886263847,0.049292679876089096,1.0
2281,4671488,5,0,1,4,0.0,0.2,0.8,0.00012231068685650826,2.7405328810214997,0.021018760930746793,-5.78889045715332,0.009407071326859296,0.036735013127326965,0.02355228364467621,0.04923130199313164,1.0
2282,4673536,2,0,0,2,0.0,0.0,1.0,0.000885731796734035,0.28395508602261543,0.022629785630851985,-5.78714690208435,0.015182924090186133,0.03679299354553223,0.023529648780822754,0.04933127388358116,1.0
2283,4675584,5,0,0,5,0.0,0.0,1.0,-0.0003058871254324913,0.45851762145757674,0.021308519504964353,-5.784438943862915,0.010978046047966927,0.036786772310733795,0.023513080552220345,0.049354393035173416,1.0
2284,4677632,7,0,0,7,0.0,0.0,1.0,0.002021433785557747,0.572782601416111,0.02111490527167916,-5.7871154069900514,0.010734181653242558,0.036733921617269516,0.02357979118824005,0.049184009432792664,1.0
2285,4679680,7,0,0,7,0.0,0.0,1.0,0.00477673439309001,0.26852489411830904,0.020854009408503772,-5.788479828834534,0.01513812750345096,0.03668887913227081,0.02364603616297245,0.049101874232292175,1.0
2286,4681728,8,0,0,8,0.0,0.0,1.0,0.005564445978961885,0.6536864340305328,0.02248123437166214,-5.791031432151795,0.016920359461801128,0.036674171686172485,0.023648308590054512,0.04912843182682991,1.0
2287,4683776,3,0,0,3,0.0,0.0,1.0,0.002389945089817047,0.8678154051303864,0.022398592717945576,-5.790172839164734,0.012675646075513214,0.036728598177433014,0.023583155125379562,0.04931112378835678,1.0
2288,4685824,2,0,0,2,0.0,0.0,1.0,0.007566473912447691,0.6953205913305283,0.02370004737749696,-5.788671255111694,0.01376487709931098,0.03674530237913132,0.02354174666106701,0.049299176782369614,1.0
2289,4687872,5,0,0,5,0.0,0.0,1.0,0.0034822977613657713,0.379594124853611,0.02380943363532424,-5.7870732069015505,0.014487322460627183,0.036771856248378754,0.02354556880891323,0.04930881783366203,1.0
2290,4689920,8,0,0,8,0.0,0.0,1.0,-0.002934174286201596,0.20535735711455344,0.023137644864618778,-5.79015839099884,0.010759566829074174,0.036650143563747406,0.023417672142386436,0.04915716126561165,1.0
2291,4691968,7,1,0,6,0.14285714285714285,0.0,0.8571428571428571,0.0009438508888706565,0.4468423366546631,0.022853628732264042,-5.803061032295227,0.011766645015450194,0.036490365862846375,0.023321164771914482,0.0488874651491642,1.0
2292,4694016,8,0,0,8,0.0,0.0,1.0,-0.0009321630466729402,0.43475504517555236,0.022522834222763778,-5.812739372253418,0.007189517276128754,0.03643357753753662,0.023233123123645782,0.04874492436647415,1.0
2293,4696064,2,0,0,2,0.0,0.0,1.0,0.004330657003447413,0.3654049590229988,0.02283138269558549,-5.815521907806397,0.015852036792784928,0.03642231225967407,0.023132070899009705,0.048685841262340546,1.0
2294,4698112,3,0,0,3,0.0,0.0,1.0,0.0016195666510611772,0.5061942681670188,0.02557997005060315,-5.8177889585494995,0.010165275051258504,0.03641119599342346,0.023043250665068626,0.04864617437124252,1.0
2295,4700160,7,0,0,7,0.0,0.0,1.0,0.0017788693774491548,0.4376722827553749,0.024279394932091237,-5.819407534599304,0.007754125859355554,0.036401182413101196,0.02307472936809063,0.04861042648553848,1.0
2296,4702208,6,0,0,6,0.0,0.0,1.0,-0.0023982956307008864,0.1253327514976263,0.024576603993773462,-5.819847679138183,0.017699258355423807,0.03636646643280983,0.02304794266819954,0.04848252236843109,1.0
2297,4704256,9,0,0,9,0.0,0.0,1.0,0.00044046982657164335,0.2885953739285469,0.019857436511665584,-5.820880031585693,0.025568142847623675,0.03640312701463699,0.023034412413835526,0.04857242852449417,1.0
2298,4706304,6,0,1,5,0.0,0.16666666666666666,0.8333333333333334,-0.002519800513982773,2.3590198159217834,0.025696486048400403,-5.815856671333313,0.0170124851167202,0.036527059972286224,0.023068837821483612,0.048754338175058365,1.0
2299,4708352,3,0,1,2,0.0,0.3333333333333333,0.6666666666666666,-0.0016480634454637765,2.5252118587493895,0.024700911622494458,-5.805807137489319,0.013890397013165056,0.03662772476673126,0.023116588592529297,0.04893910139799118,1.0
2300,4710400,4,0,0,4,0.0,0.0,1.0,0.0006058802828192711,0.421195974946022,0.021192908473312854,-5.803519272804261,0.014377380220685155,0.03658663108944893,0.023059451952576637,0.04887917637825012,1.0
2301,4712448,6,0,0,6,0.0,0.0,1.0,0.003611167543567717,0.3867777556180954,0.021466740313917397,-5.8097556829452515,0.020023906679125503,0.036472760140895844,0.02298840880393982,0.04864257946610451,1.0
2302,4714496,5,0,0,5,0.0,0.0,1.0,-0.0013679281342774629,0.2649730980396271,0.026150017417967318,-5.81921763420105,0.021099826152203606,0.03636615350842476,0.022952938452363014,0.048413608223199844,1.0
2303,4716544,10,0,0,10,0.0,0.0,1.0,0.0030592374736443163,0.18879029005765915,0.02310865791514516,-5.823591828346252,0.012541524885455147,0.03637973964214325,0.022870294749736786,0.04853745922446251,1.0
2304,4718592,4,0,0,4,0.0,0.0,1.0,-0.0015403184108436108,0.16704822592437268,0.02156473686918616,-5.823949098587036,0.014150511845946312,0.03639477118849754,0.022798294201493263,0.048618242144584656,1.0
2305,4720640,3,0,0,3,0.0,0.0,1.0,0.007849187031388283,0.11227583400905132,0.020600243378430604,-5.823744535446167,0.0323111315490678,0.03642016276717186,0.02280503697693348,0.04867957532405853,1.0
2306,4722688,5,0,0,5,0.0,0.0,1.0,0.0031977425096556544,0.3622381389141083,0.02200750457122922,-5.820880651473999,0.03706550422357395,0.03646668419241905,0.022821974009275436,0.04878201335668564,1.0
2307,4724736,5,0,0,5,0.0,0.0,1.0,0.001433458272367716,0.3876114755868912,0.024581920076161622,-5.8193429708480835,0.011908686894457787,0.036468472331762314,0.022745702415704727,0.048886168748140335,1.0
2308,4726784,6,0,0,6,0.0,0.0,1.0,0.0007040088530629873,0.43596591949462893,0.02477490985766053,-5.821836709976196,0.011423844523960724,0.03647402673959732,0.022685229778289795,0.04901406913995743,1.0
2309,4728832,9,0,0,9,0.0,0.0,1.0,0.000406282115727663,0.3708158046007156,0.024006104841828347,-5.821928024291992,0.017128778056940065,0.036506302654743195,0.022677257657051086,0.04914082586765289,1.0
2310,4730880,6,0,1,5,0.0,0.16666666666666666,0.8333333333333334,0.0008630559779703618,2.3934712171554566,0.02717381566762924,-5.820920658111572,0.01288930126465857,0.03650445118546486,0.022660456597805023,0.04929424077272415,1.0
2311,4732928,3,0,1,2,0.0,0.3333333333333333,0.6666666666666666,-0.002523732464760542,2.7794906735420226,0.02306039622053504,-5.826199173927307,0.01081625887309201,0.0363926962018013,0.02259935811161995,0.049277015030384064,1.0
2312,4734976,7,0,0,7,0.0,0.0,1.0,0.0016752037685364486,0.48441859930753706,0.019964490458369254,-5.836039781570435,0.009049477759981528,0.0362827330827713,0.022616293281316757,0.04910833761096001,1.0
2313,4737024,5,0,0,5,0.0,0.0,1.0,0.001911942334845662,0.22496884912252427,0.02018364267423749,-5.842136025428772,0.02052197264856659,0.036199185997247696,0.022645900025963783,0.0489683523774147,1.0
2314,4739072,6,0,0,6,0.0,0.0,1.0,-0.0019187762401998043,0.113733721524477,0.021423467248678208,-5.845676922798157,0.012050914391875268,0.03617646545171738,0.02270406484603882,0.04894915968179703,1.0
2315,4741120,7,0,1,6,0.0,0.14285714285714285,0.8571428571428571,-0.001750359614379704,2.2005481123924255,0.02613951601088047,-5.84448275566101,0.023418749385746195,0.03619930148124695,0.02280028909444809,0.048992909491062164,1.0
2316,4743168,5,0,0,5,0.0,0.0,1.0,0.004042250849306583,0.5411367177963257,0.021328776329755782,-5.842106103897095,0.023448774078860878,0.03617450222373009,0.022818954661488533,0.04892568662762642,1.0
2317,4745216,5,0,0,5,0.0,0.0,1.0,0.0002119641751050949,0.11807275004684925,0.02055360106751323,-5.8454984664917,0.01659634982352145,0.036116667091846466,0.022818122059106827,0.04874703288078308,1.0
2318,4747264,4,0,0,4,0.0,0.0,1.0,0.0006773979403078556,0.48271186351776124,0.020797642506659032,-5.849079298973083,0.012126599374460057,0.036064263433218,0.022760098800063133,0.04864533618092537,1.0
2319,4749312,5,0,0,5,0.0,0.0,1.0,-0.0012029338162392379,0.3993471473455429,0.021369957737624644,-5.853049564361572,0.010537562583340331,0.03603455424308777,0.022736864164471626,0.04851267486810684,1.0
2320,4751360,6,0,0,6,0.0,0.0,1.0,0.009691148856654763,0.7056438863277436,0.02331071738153696,-5.852938890457153,0.021035236021270977,0.036041900515556335,0.022759269922971725,0.048490509390830994,1.0
2321,4753408,9,0,0,9,0.0,0.0,1.0,0.0006112384144216776,0.5398551374673843,0.02697662143036723,-5.852699947357178,0.009285468677990138,0.036022257059812546,0.02279677242040634,0.048389118164777756,1.0
2322,4755456,4,0,0,4,0.0,0.0,1.0,0.004061542614363134,0.5446759462356567,0.02408779049292207,-5.854849243164063,0.012353577243629843,0.035982340574264526,0.022705070674419403,0.0484047569334507,1.0
2323,4757504,4,0,0,4,0.0,0.0,1.0,0.001933761779218912,0.5892196953296661,0.026658222451806067,-5.858129930496216,0.00822198109817691,0.03598744794726372,0.022678611800074577,0.04837261140346527,1.0
2324,4759552,4,0,0,4,0.0,0.0,1.0,0.003951982990838587,0.43055192530155184,0.0280447781085968,-5.8566267728805546,0.013850906590232626,0.03600771725177765,0.022696703672409058,0.048440683633089066,1.0
2325,4761600,6,0,0,6,0.0,0.0,1.0,0.0002460762159898877,0.5288401916623116,0.027229026332497595,-5.8530176162719725,0.01760989038157277,0.036104634404182434,0.0227868240326643,0.048539724200963974,1.0
2326,4763648,6,0,1,5,0.0,0.16666666666666666,0.8333333333333334,-0.00027358955703675746,2.3752853333950044,0.031868465803563596,-5.842534279823303,0.020928874734090643,0.0361885242164135,0.02288154512643814,0.048541706055402756,1.0
2327,4765696,10,0,0,10,0.0,0.0,1.0,-0.0039780089515261356,0.4360900819301605,0.0250608135946095,-5.838459491729736,0.012763073912356048,0.0361945778131485,0.02288317121565342,0.048590049147605896,1.0
2328,4767744,3,0,0,3,0.0,0.0,1.0,0.004186675767414272,0.4350688084959984,0.023578695952892303,-5.839075350761414,0.016751863638637586,0.03617767244577408,0.022920524701476097,0.04865278676152229,1.0
2329,4769792,3,0,0,3,0.0,0.0,1.0,0.003976854169741273,0.43522555828094484,0.024766797944903374,-5.84210171699524,0.009552672185236588,0.0361303836107254,0.022835783660411835,0.04875479266047478,1.0
2330,4771840,6,0,0,6,0.0,0.0,1.0,0.012383832060731948,0.2878001891076565,0.0293381929397583,-5.847772884368896,0.029394648101879285,0.03609531745314598,0.022765863686800003,0.04881632328033447,1.0
2331,4773888,4,0,0,4,0.0,0.0,1.0,0.008806119579821825,0.2686058782041073,0.02256643455475569,-5.852340364456177,0.023261234804522246,0.03606564179062843,0.02268989384174347,0.048861805349588394,1.0
2332,4775936,9,0,0,9,0.0,0.0,1.0,0.0017640023026615382,0.22574023976922036,0.023166744131594898,-5.854570722579956,0.01838879201677628,0.03606480732560158,0.02268471010029316,0.04882613569498062,1.0
2333,4777984,7,0,0,7,0.0,0.0,1.0,0.0019242925569415092,0.08157917782664299,0.025577758345752953,-5.851568794250488,0.01313721525366418,0.03613845631480217,0.022695286199450493,0.048810843378305435,1.0
2334,4780032,4,0,0,4,0.0,0.0,1.0,-0.0002229214645922184,0.2666415810585022,0.024972561001777648,-5.844467735290527,0.013422814680961893,0.03623691946268082,0.022687770426273346,0.04892638698220253,1.0
2335,4782080,5,0,1,4,0.0,0.2,0.8,-0.0017299176193773746,2.4954839050769806,0.029298349656164645,-5.839283728599549,0.014609962474787607,0.036285411566495895,0.022635309025645256,0.04908698424696922,1.0
2336,4784128,5,0,0,5,0.0,0.0,1.0,-0.0010995513293892145,0.536760875582695,0.02569247717037797,-5.837637782096863,0.0064746158313937485,0.036313582211732864,0.022684456780552864,0.0492255836725235,1.0
2337,4786176,6,1,0,5,0.16666666666666666,0.0,0.8333333333333334,0.015749299735762178,0.5783457458019257,0.023429660592228174,-5.837130284309387,0.02787844825652428,0.03628400340676308,0.022748908028006554,0.04924868792295456,1.0
2338,4788224,6,0,0,6,0.0,0.0,1.0,0.005723133636638522,0.2027885250747204,0.021824505738914014,-5.83936460018158,0.021034466905985028,0.03625372424721718,0.022757934406399727,0.04931957274675369,1.0
2339,4790272,7,0,1,6,0.0,0.14285714285714285,0.8571428571428571,0.002527799690142274,2.44332132935524,0.024784749001264574,-5.842596316337586,0.027067699725739656,0.03620829060673714,0.022761641070246696,0.049308065325021744,1.0
2340,4792320,5,0,1,4,0.0,0.2,0.8,-0.00029565354343503715,2.4999634265899657,0.026999574806541204,-5.8460678339004515,0.007141345995478332,0.03614400699734688,0.02282140776515007,0.04920091852545738,1.0
2341,4794368,5,0,0,5,0.0,0.0,1.0,0.005970607907511294,0.5487793624401093,0.025048963725566864,-5.847976970672607,0.0183732446806971,0.03613710403442383,0.022881994023919106,0.04918823018670082,1.0
2342,4796416,7,1,2,4,0.14285714285714285,0.2857142857142857,0.5714285714285714,-0.0017300435341894627,4.376582443714142,0.030540285538882016,-5.84963538646698,0.009852668642997742,0.036075904965400696,0.02286328747868538,0.049184124916791916,1.0
2343,4798464,5,0,0,5,0.0,0.0,1.0,0.0007220693631097674,0.34764846712350844,0.02261538989841938,-5.854422235488892,0.011887797608505935,0.03602859377861023,0.02286744862794876,0.04906008392572403,1.0
2344,4800512,8,0,1,7,0.0,0.125,0.875,-0.002513771690428257,2.3332871556282044,0.024745494406670333,-5.856259346008301,0.015729341161204502,0.0360138863325119,0.022816142067313194,0.048895787447690964,1.0
2345,4802560,6,0,1,5,0.0,0.16666666666666666,0.8333333333333334,0.00571414902806282,1.9624994337558745,0.022174988780170678,-5.854195523262024,0.021123980049742384,0.036091722548007965,0.022837525233626366,0.04900972172617912,1.0
2346,4804608,4,0,1,3,0.0,0.25,0.75,-0.0003305881167761981,2.0500719249248505,0.026124849449843168,-5.848030948638916,0.016160077403765172,0.03616855666041374,0.02286682091653347,0.04916168749332428,1.0
2347,4806656,6,0,0,6,0.0,0.0,1.0,-0.001993303722701967,0.6663517653942108,0.025753178913146258,-5.843936467170716,0.008882060996256769,0.036195315420627594,0.022793740034103394,0.04915779456496239,1.0
2348,4808704,7,0,1,6,0.0,0.14285714285714285,0.8571428571428571,0.011062464653514325,2.219418966770172,0.0247641172260046,-5.846603035926819,0.019597004540264605,0.036142826080322266,0.022683292627334595,0.04909343644976616,1.0
2349,4810752,5,0,0,5,0.0,0.0,1.0,-0.00042977482080459596,0.5225699201226235,0.02568208109587431,-5.851996064186096,0.021465226844884455,0.03610871732234955,0.02260398119688034,0.04912664368748665,1.0
2350,4812800,6,0,0,6,0.0,0.0,1.0,0.008781996183097362,0.6425970941781998,0.02460957709699869,-5.855484056472778,0.02993690802832134,0.036073245108127594,0.022557763382792473,0.04911831393837929,1.0
2351,4814848,4,0,0,4,0.0,0.0,1.0,0.0022924126125872133,0.2383507125079632,0.0205531376414001,-5.859776592254638,0.01726097071659751,0.036024194210767746,0.022510651499032974,0.04904907941818237,1.0
2352,4816896,5,1,0,4,0.2,0.0,0.8,0.0014375972095876932,0.6770273566246032,0.02303212769329548,-5.864306640625,0.009442229167325423,0.0359598807990551,0.02247719094157219,0.049001146107912064,1.0
2353,4818944,9,2,1,6,0.2222222222222222,0.1111111111111111,0.6666666666666666,-0.0015080181881785392,2.8250881910324095,0.02583607053384185,-5.870861506462097,0.006588617677334696,0.035859640687704086,0.022469809278845787,0.04887203127145767,1.0
2354,4820992,5,0,0,5,0.0,0.0,1.0,0.002492519747465849,0.33155178278684616,0.02045231023803353,-5.8786451578140255,0.011668399692280219,0.03577077388763428,0.022385884076356888,0.04865733161568642,1.0
2355,4823040,6,1,0,5,0.16666666666666666,0.0,0.8333333333333334,0.0008608606876805425,0.5085559085011482,0.020814783591777086,-5.884788775444031,0.009649714169790968,0.03569094464182854,0.022358769550919533,0.04848916828632355,1.0
2356,4825088,5,0,0,5,0.0,0.0,1.0,0.0011130555532872677,0.5123524680733681,0.02320857308804989,-5.890621376037598,0.012153340736404061,0.03564257174730301,0.02233048342168331,0.04846537113189697,1.0
2357,4827136,4,0,0,4,0.0,0.0,1.0,-0.0007306709885597229,0.6873001307249069,0.022385697159916163,-5.89366843700409,0.005713482177816332,0.03563125431537628,0.022279633209109306,0.04855453222990036,1.0
2358,4829184,7,0,0,7,0.0,0.0,1.0,5.665277130901813e-05,1.0691425055265427,0.025140426121652126,-5.897704648971557,0.0052107784082181755,0.035565949976444244,0.022222651168704033,0.04861937835812569,1.0
2359,4831232,6,1,0,5,0.16666666666666666,0.0,0.8333333333333334,0.0015348394867032767,0.876371169090271,0.02560683824121952,-5.905449867248535,0.011210289550945163,0.035477008670568466,0.022227568551898003,0.048597924411296844,1.0
2360,4833280,7,1,1,5,0.14285714285714285,0.14285714285714285,0.7142857142857143,0.004205461544916034,2.50797501206398,0.030987994093447924,-5.910539364814758,0.017534020717721432,0.035436660051345825,0.02227094955742359,0.04853624477982521,1.0
2361,4835328,5,0,0,5,0.0,0.0,1.0,0.002491349959746003,0.6290255069732666,0.02489402676001191,-5.91141939163208,0.011639338440727443,0.03543718159198761,0.02228010632097721,0.048612192273139954,1.0
2362,4837376,7,0,1,6,0.0,0.14285714285714285,0.8571428571428571,0.007342577981762588,2.455815929174423,0.026068819779902698,-5.911414074897766,0.02405076059512794,0.03542693704366684,0.022309063002467155,0.04851973056793213,1.0
2363,4839424,2,0,0,2,0.0,0.0,1.0,0.0150228769518435,0.2923349469900131,0.021974120661616324,-5.911325097084045,0.0348287537926808,0.03541610389947891,0.022319501265883446,0.048449091613292694,1.0
2364,4841472,6,0,0,6,0.0,0.0,1.0,-0.003992009861394763,0.3600678265094757,0.02148057343438268,-5.911263179779053,0.009317845792975277,0.03543207794427872,0.022282788529992104,0.04845568537712097,1.0
2365,4843520,7,0,0,7,0.0,0.0,1.0,0.0017481168266385793,0.3565669313073158,0.02440999336540699,-5.908864545822143,0.020478229818399994,0.035467542707920074,0.022351931780576706,0.04844924062490463,1.0
2366,4845568,6,0,0,6,0.0,0.0,1.0,0.0021083859261125325,0.48182963728904726,0.026549696177244186,-5.906481218338013,0.009441128623438998,0.03543078526854515,0.02241218462586403,0.04825568199157715,1.0
2367,4847616,6,0,1,5,0.0,0.16666666666666666,0.8333333333333334,0.004652588907629251,2.3239563941955566,0.029406464472413064,-5.909237265586853,0.020100241096224637,0.0353718027472496,0.022395802661776543,0.04806439206004143,1.0
2368,4849664,7,0,0,7,0.0,0.0,1.0,0.00467325618956238,0.6925101220607758,0.02840949734672904,-5.911124181747437,0.011719362589064985,0.035385530441999435,0.022330962121486664,0.04805643856525421,1.0
2369,4851712,1,0,0,1,0.0,0.0,1.0,0.0019138865172863007,0.6355355679988861,0.028250336553901433,-5.911560797691346,0.00987571170553565,0.03536016866564751,0.02227330207824707,0.04797200486063957,1.0
2370,4853760,7,0,1,6,0.0,0.14285714285714285,0.8571428571428571,0.0014566023368388415,0.9686946719884872,0.023539957776665687,-5.914784407615661,0.018204375088680537,0.035334765911102295,0.02225027233362198,0.04787746071815491,1.0
2371,4855808,7,0,0,7,0.0,0.0,1.0,0.0073109430260956286,0.6145768105983734,0.02238730825483799,-5.913927936553955,0.024767861404689027,0.03537072241306305,0.02227815054357052,0.04787744954228401,1.0
2372,4857856,6,0,0,6,0.0,0.0,1.0,0.0022113710641860963,0.45726985931396485,0.029286573641002178,-5.91078462600708,0.02130881722550839,0.035394683480262756,0.0222792811691761,0.04793456941843033,1.0
2373,4859904,5,0,0,5,0.0,0.0,1.0,0.005852061253972351,0.6241470545530319,0.026847786828875543,-5.91209568977356,0.01376585136167705,0.03534019738435745,0.022209255024790764,0.04781799018383026,1.0
2374,4861952,6,0,0,6,0.0,0.0,1.0,0.0072682723868638275,0.3549970477819443,0.02335607837885618,-5.917582678794861,0.02498325320193544,0.035289086401462555,0.02213265188038349,0.0476580485701561,1.0
2375,4864000,2,0,0,2,0.0,0.0,1.0,-0.0015458860201761127,0.43418705463409424,0.02291425233706832,-5.921100425720215,0.01124166949884966,0.03527645394206047,0.02206028625369072,0.04773535206913948,1.0
2376,4866048,8,0,0,8,0.0,0.0,1.0,0.0016604087315499783,0.9182500600814819,0.027053615916520356,-5.9289103031158445,0.009140418289462104,0.035082679241895676,0.02195616252720356,0.04735465720295906,1.0
2377,4868096,5,0,0,5,0.0,0.0,1.0,0.0017314542783424258,0.6947889029979706,0.027136714197695255,-5.942560076713562,0.012951877433806658,0.03498063609004021,0.02194453403353691,0.04710967466235161,1.0
2378,4870144,7,0,0,7,0.0,0.0,1.0,0.02222257531248033,0.5341447472572327,0.025809628423303366,-5.94563672542572,0.03300294869113714,0.03495574742555618,0.02199474535882473,0.04702393338084221,1.0
2379,4872192,6,0,1,5,0.0,0.16666666666666666,0.8333333333333334,-0.00034069466637447475,2.5855272591114042,0.024605462327599525,-5.944337844848633,0.015703927836148067,0.03498587757349014,0.02207306958734989,0.04705417901277542,1.0
2380,4874240,6,0,0,6,0.0,0.0,1.0,0.0009634662186726928,0.4604873225092888,0.02536450084298849,-5.942165064811706,0.008232988929376007,0.03495446592569351,0.022074108943343163,0.0469442643225193,1.0
2381,4876288,3,0,2,1,0.0,0.6666666666666666,0.3333333333333333,0.0006006123265251517,3.567778265476227,0.024859175831079484,-5.945094108581543,0.02050329399644397,0.03492162749171257,0.022041771560907364,0.04682357609272003,1.0
2382,4878336,8,0,0,8,0.0,0.0,1.0,0.0018820301396772266,0.2603094533085823,0.020593282021582126,-5.948933863639832,0.010946749610593543,0.03486451506614685,0.021942388266324997,0.04680246859788895,1.0
2383,4880384,6,0,0,6,0.0,0.0,1.0,-0.0006598590640351176,0.40660228580236435,0.023466508276760577,-5.955654191970825,0.01746951260138303,0.03480087220668793,0.021890778094530106,0.04664390906691551,1.0
2384,4882432,4,0,1,3,0.0,0.25,0.75,0.0010299715911969542,2.5103271842002868,0.024594115559011698,-5.958280038833618,0.021446178032783793,0.034789737313985825,0.02189997024834156,0.04654068872332573,1.0
2385,4884480,8,0,0,8,0.0,0.0,1.0,0.003423222724813968,0.14005933031439782,0.020822629146277905,-5.958882927894592,0.01322462151874788,0.034757331013679504,0.021912479773163795,0.04649496078491211,1.0
2386,4886528,4,0,0,4,0.0,0.0,1.0,0.0012673552613705398,0.1595260590314865,0.023154967930167913,-5.962975597381591,0.014509623078629375,0.03467441350221634,0.021910332143306732,0.04635059833526611,1.0
2387,4888576,3,0,0,3,0.0,0.0,1.0,-0.0011241741594858468,0.32583908140659334,0.024091339390724897,-5.968581199645996,0.01567258308059536,0.03462766855955124,0.021911898627877235,0.04631387069821358,1.0
2388,4890624,9,0,1,8,0.0,0.1111111111111111,0.8888888888888888,6.143497303128243e-05,1.680579125881195,0.028175325971096753,-5.972062993049621,0.016545295238029212,0.034567564725875854,0.02190612256526947,0.04628446325659752,1.0
2389,4892672,5,0,0,5,0.0,0.0,1.0,0.009555579861626029,0.460835388302803,0.023905344866216184,-5.976739144325256,0.03640508081880398,0.03451776131987572,0.0219322107732296,0.0461692251265049,1.0
2390,4894720,7,1,0,6,0.14285714285714285,0.0,0.8571428571428571,0.004396554455161095,0.5846990764141082,0.025543011352419855,-5.979053044319153,0.016054854728281498,0.03450731188058853,0.021862579509615898,0.04615305736660957,1.0
2391,4896768,5,0,0,5,0.0,0.0,1.0,0.00147913460386917,0.4185650318861008,0.022655430249869823,-5.982355952262878,0.012011126219294965,0.03444943204522133,0.021791089326143265,0.04610133543610573,1.0
2392,4898816,5,0,1,4,0.0,0.2,0.8,0.002564017125405371,2.6487468838691712,0.026401983574032784,-5.986873936653137,0.022033828496932983,0.034448519349098206,0.0217673908919096,0.046169500797986984,1.0
2393,4900864,5,0,0,5,0.0,0.0,1.0,0.0075401850044727325,0.2503543756902218,0.021114412136375903,-5.986043906211853,0.015529575751861558,0.03444672375917435,0.021808022633194923,0.04613560810685158,1.0
2394,4902912,6,0,0,6,0.0,0.0,1.0,-0.0003970316145569086,0.3921302542090416,0.026414676941931246,-5.986709976196289,0.010403871349990369,0.0344199500977993,0.021820437163114548,0.04617030546069145,1.0
2395,4904960,6,0,1,5,0.0,0.16666666666666666,0.8333333333333334,0.000982416677288711,2.4401968240737917,0.026166388858109714,-5.9871070146560665,0.013727884087711573,0.034478746354579926,0.021846234798431396,0.046408165246248245,1.0
2396,4907008,6,0,0,6,0.0,0.0,1.0,0.019336509169079363,0.490231017768383,0.02585410075262189,-5.982203984260559,0.036042375658871605,0.03454064950346947,0.021868867799639702,0.04663870111107826,1.0
2397,4909056,7,0,0,7,0.0,0.0,1.0,0.032207502005621794,0.4825314834713936,0.022674273885786533,-5.978528881072998,0.06189671724569053,0.03459566831588745,0.021882997825741768,0.04676387459039688,1.0
2398,4911104,3,0,0,3,0.0,0.0,1.0,0.007628760091029108,0.34754948914051054,0.023177300486713646,-5.974794554710388,0.019364938809303567,0.034611038863658905,0.021972134709358215,0.04684626683592796,1.0
2399,4913152,5,0,0,5,0.0,0.0,1.0,-0.0011745425406843423,0.21786992326378823,0.022167026437819003,-5.972454023361206,0.01575274370261468,0.034655869007110596,0.022028595209121704,0.04701520875096321,1.0
2400,4915200,8,1,0,7,0.125,0.0,0.875,0.0025401235092431308,0.3288993686437607,0.02610696218907833,-5.969716858863831,0.016836783377220853,0.034679099917411804,0.022008074447512627,0.04710755497217178,1.0
2401,4917248,6,0,2,4,0.0,0.3333333333333333,0.6666666666666666,-0.00025194354820996524,3.1749842047691343,0.028631444834172726,-5.968975305557251,0.015857000707183034,0.03468911722302437,0.02199878916144371,0.047081831842660904,1.0
2402,4919296,5,0,0,5,0.0,0.0,1.0,0.003316899307537824,0.2427494555711746,0.026781065203249455,-5.967041683197022,0.012469005736056716,0.03472860902547836,0.022028131410479546,0.0471070222556591,1.0
2403,4921344,7,0,0,7,0.0,0.0,1.0,-4.803584888577461e-05,0.2850067764520645,0.02526517938822508,-5.961523723602295,0.01161325111752376,0.034796249121427536,0.022133616730570793,0.04710281267762184,1.0
2404,4923392,2,0,0,2,0.0,0.0,1.0,-0.0009869124041870236,0.3636891141533852,0.024992534052580596,-5.9566473960876465,0.014309304574271663,0.034758251160383224,0.022217728197574615,0.04694521427154541,1.0
2405,4925440,6,0,0,6,0.0,0.0,1.0,-0.0013965676771476865,0.5345394298434257,0.027461711969226598,-5.958719682693482,0.009863892488647252,0.03474452346563339,0.022247517481446266,0.04691816866397858,1.0
2406,4927488,8,0,0,8,0.0,0.0,1.0,0.005762637336738407,0.4363179475069046,0.027843520510941744,-5.95745484828949,0.015559841593494638,0.03478265553712845,0.02223045565187931,0.047022320330142975,1.0
2407,4929536,4,0,0,4,0.0,0.0,1.0,0.009887750819325447,0.39419386237859727,0.02775100041180849,-5.956012964248657,0.027359766245353967,0.03479480743408203,0.022242510691285133,0.047070182859897614,1.0
2408,4931584,6,0,0,6,0.0,0.0,1.0,0.00117048560641706,0.2929762050509453,0.024592756107449532,-5.954231238365173,0.011951627780217678,0.03484397009015083,0.02223196253180504,0.0472005270421505,1.0
2409,4933632,6,0,0,6,0.0,0.0,1.0,-0.0009151723352260888,0.35906540155410765,0.02501211194321513,-5.954411602020263,0.016989258909597994,0.03478095680475235,0.02218387834727764,0.0471317395567894,1.0
2410,4935680,2,0,0,2,0.0,0.0,1.0,0.0020274345763027666,0.33697052896022794,0.023120410926640033,-5.958872222900391,0.017044784018071368,0.034781064838171005,0.022194111719727516,0.04719262942671776,1.0
2411,4937728,8,0,0,8,0.0,0.0,1.0,0.0019626937108114363,0.3416893482208252,0.025400353968143462,-5.9575955152511595,0.009815250063547864,0.03478457033634186,0.02222994714975357,0.04716978222131729,1.0
2412,4939776,8,1,1,6,0.125,0.125,0.75,-0.0023449319414794445,2.2317570209503175,0.02632723664864898,-5.95972626209259,0.009537049866048619,0.034737713634967804,0.022067394107580185,0.04716397076845169,1.0
2413,4941824,5,1,0,4,0.2,0.0,0.8,-0.003576659387908876,0.5036439910531044,0.022474489454180003,-5.966212487220764,0.016426795930601656,0.03470337390899658,0.021990466862916946,0.04709671810269356,1.0
2414,4943872,6,0,0,6,0.0,0.0,1.0,0.004616270563565195,0.4968631789088249,0.02426132159307599,-5.967812490463257,0.021414207201451062,0.03470677137374878,0.021975988522171974,0.04712739959359169,1.0
2415,4945920,3,0,0,3,0.0,0.0,1.0,0.004895433387719095,0.504286989569664,0.024528359714895486,-5.963918542861938,0.019897199457045645,0.03482447564601898,0.022056035697460175,0.04730306565761566,1.0
2416,4947968,3,1,0,2,0.3333333333333333,0.0,0.6666666666666666,0.0030348880216479303,0.6571605443954468,0.02551601519808173,-5.955508899688721,0.011838181258644909,0.034841619431972504,0.022051531821489334,0.04725800082087517,1.0
2417,4950016,9,0,0,9,0.0,0.0,1.0,-0.0010019307723268867,0.39724611341953275,0.027796932402998208,-5.9586039781570435,0.014124010503292084,0.03478040173649788,0.021988779306411743,0.047085512429475784,1.0
2418,4952064,8,1,0,7,0.125,0.0,0.875,0.0008817283902317286,0.4513162687420845,0.02058319179341197,-5.960700917243957,0.010797819576691837,0.03478057682514191,0.022070951759815216,0.047020357102155685,1.0
2419,4954112,8,0,1,7,0.0,0.125,0.875,0.004894467606209219,2.2331813097000124,0.03184743160381913,-5.960694289207458,0.024583513336256146,0.03472789749503136,0.02204027771949768,0.04688753932714462,1.0
2420,4956160,4,0,0,4,0.0,0.0,1.0,0.007323009078390896,0.45784929394721985,0.03143389942124486,-5.96107120513916,0.02907463042647578,0.034780099987983704,0.02211214229464531,0.046935781836509705,1.0
2421,4958208,1,0,0,1,0.0,0.0,1.0,0.010126695968210697,0.6666664451360702,0.025899440888315438,-5.956744456291199,0.019669190811691807,0.034795742481946945,0.022143064066767693,0.04700247570872307,1.0
2422,4960256,3,0,0,3,0.0,0.0,1.0,-0.00044324512127786876,0.9623243898153305,0.026338490191847086,-5.957031846046448,0.013328223361168057,0.03476902097463608,0.02218427136540413,0.046922747045755386,1.0
2423,4962304,11,0,0,11,0.0,0.0,1.0,0.013597287668380887,0.5285120710730553,0.024110513646155594,-5.960707449913025,0.021023474109824747,0.03468511998653412,0.022138720378279686,0.04676727578043938,1.0
2424,4964352,7,0,0,7,0.0,0.0,1.0,0.0029181335819885136,0.2820963501930237,0.025097221601754427,-5.965585541725159,0.014763110247440637,0.034667473286390305,0.0221258457750082,0.046735554933547974,1.0
2425,4966400,7,0,0,7,0.0,0.0,1.0,0.0012916980776935816,0.2925135403871536,0.022360112331807614,-5.965845394134521,0.01013408528524451,0.034676097333431244,0.022073062136769295,0.04676366224884987,1.0
2426,4968448,3,0,0,3,0.0,0.0,1.0,0.00023548286408185958,0.14325346276164055,0.025466939713805915,-5.964263463020325,0.01577108383644372,0.034750476479530334,0.02209543250501156,0.0468771830201149,1.0
2427,4970496,3,0,0,3,0.0,0.0,1.0,-0.0002531138248741627,0.6921183466911316,0.023943171836435795,-5.957829093933105,0.012902807636419312,0.034779634326696396,0.022176099941134453,0.04687123745679855,1.0
2428,4972544,2,0,0,2,0.0,0.0,1.0,0.0014314407948404551,0.6201246976852417,0.024648795370012522,-5.957804656028747,0.011480135965393856,0.03472467511892319,0.022199349477887154,0.046865422278642654,1.0
2429,4974592,10,0,0,10,0.0,0.0,1.0,0.004963464988395572,0.3830880969762802,0.028774491511285305,-5.965412259101868,0.015362074598670006,0.03459791839122772,0.022171316668391228,0.04662046954035759,1.0
2430,4976640,8,1,0,7,0.125,0.0,0.875,-0.00036293414887040855,0.6077730312943459,0.02962345853447914,-5.971058988571167,0.02105265956488438,0.034584421664476395,0.022191083058714867,0.04653902351856232,1.0
2431,4978688,9,0,1,8,0.0,0.1111111111111111,0.8888888888888888,-0.001314753363840282,2.3456778705120085,0.030175476241856812,-5.971974182128906,0.013413345598382875,0.034565676003694534,0.022069023922085762,0.04666083678603172,1.0
2432,4980736,3,0,1,2,0.0,0.3333333333333333,0.6666666666666666,-0.001237295800819993,0.9414489030838012,0.021957731712609528,-5.9759132862091064,0.016047928610350936,0.03457149863243103,0.02201380394399166,0.04672500491142273,1.0
2433,4982784,1,0,0,1,0.0,0.0,1.0,0.012214764254167676,0.5913962960243225,0.029013938177376984,-5.977202630043029,0.03209054147009738,0.034544240683317184,0.02201555296778679,0.04683258384466171,1.0
2434,4984832,6,0,2,4,0.0,0.3333333333333333,0.6666666666666666,0.007575605600140989,2.6480381965637205,0.028559141978621482,-5.9815654993057255,0.0238899193063844,0.034489139914512634,0.021985333412885666,0.04697243496775627,1.0
2435,4986880,7,0,0,7,0.0,0.0,1.0,0.013796194875612854,0.5130938932299614,0.028297828417271374,-5.987343001365661,0.026870063034584744,0.03445563465356827,0.02198098413646221,0.04704335704445839,1.0
2436,4988928,8,0,0,8,0.0,0.0,1.0,0.0012309884186834097,0.4997656285762787,0.02878073723986745,-5.989246606826782,0.011577369330916553,0.0344492644071579,0.021996652707457542,0.047067444771528244,1.0
2437,4990976,8,0,0,8,0.0,0.0,1.0,0.012566437572240829,0.3547675162553787,0.023628125060349704,-5.987602019309998,0.039156760950572786,0.03448524326086044,0.02205161564052105,0.04707343131303787,1.0
2438,4993024,3,0,0,3,0.0,0.0,1.0,0.00047563891857862475,0.2722582772374153,0.021988927293568848,-5.982230567932129,0.007454741321271286,0.03454621136188507,0.02215621806681156,0.04707776755094528,1.0
2439,4995072,2,0,1,1,0.0,0.5,0.5,0.00592564137186855,2.402467852830887,0.025739971641451122,-5.974348998069763,0.024142486933851615,0.03463338315486908,0.02222146838903427,0.04716728627681732,1.0
2440,4997120,7,1,0,6,0.14285714285714285,0.0,0.8571428571428571,0.004206104087643325,0.35998137593269347,0.026705917436629534,-5.9694167375564575,0.012988814694108442,0.03467286750674248,0.02218051627278328,0.04745964705944061,1.0
2441,4999168,11,0,1,10,0.0,0.09090909090909091,0.9090909090909091,0.0037295255810022355,2.158662682771683,0.029605205077677964,-5.969715166091919,0.029644614981953053,0.03469516709446907,0.022210214287042618,0.047613322734832764,1.0
2442,5001216,5,0,0,5,0.0,0.0,1.0,0.00020165215246379376,0.2522113762795925,0.02609223797917366,-5.968962931632996,0.006726561073446646,0.03467710688710213,0.022280573844909668,0.04764103144407272,1.0
2443,5003264,6,0,1,5,0.0,0.16666666666666666,0.8333333333333334,0.006378776277415454,2.3547937273979187,0.026005136594176293,-5.9676260471344,0.020927618007408454,0.034722380340099335,0.022339945659041405,0.04772764816880226,1.0
2444,5005312,2,0,0,2,0.0,0.0,1.0,0.01632437508087605,0.38571604043245317,0.021653610933572053,-5.96370530128479,0.03127627831418067,0.03475223481655121,0.022392135113477707,0.04770958423614502,1.0
2445,5007360,3,0,1,2,0.0,0.3333333333333333,0.6666666666666666,0.0013697588117793202,2.2984890401363374,0.032454281114041805,-5.961421036720276,0.0132590692024678,0.03474602848291397,0.02237742953002453,0.047669343650341034,1.0
2446,5009408,10,0,1,9,0.0,0.1,0.9,0.008424231363460422,1.289308699965477,0.029923088662326337,-5.963219451904297,0.020500277623068542,0.03471902012825012,0.02237064577639103,0.04763241112232208,1.0
2447,5011456,9,0,0,9,0.0,0.0,1.0,0.009866298525594175,0.40601482093334196,0.02359815975651145,-5.96543402671814,0.01921076309517957,0.03469207510352135,0.02238583005964756,0.047645892947912216,1.0
2448,5013504,3,0,0,3,0.0,0.0,1.0,0.0019503350951708854,0.6078515112400055,0.025190644711256028,-5.966622614860535,0.011744948528939859,0.034682050347328186,0.022397618740797043,0.04753146693110466,1.0
2449,5015552,5,0,0,5,0.0,0.0,1.0,0.008503303164616227,0.5080246984958648,0.028679532650858163,-5.967147636413574,0.01698764238972217,0.03465404361486435,0.02237238548696041,0.04744385555386543,1.0
2450,5017600,2,0,0,2,0.0,0.0,1.0,0.0040438995929434896,0.4264580801129341,0.0249396663159132,-5.967736458778381,0.015251827787142246,0.034689150750637054,0.022370582446455956,0.04749571159482002,1.0
2451,5019648,6,0,1,5,0.0,0.16666666666666666,0.8333333333333334,0.0009480893844738602,2.3517358362674714,0.02553557762876153,-5.965852403640747,0.01852383459918201,0.034678857773542404,0.022332431748509407,0.04743601754307747,1.0
2452,5021696,8,0,0,8,0.0,0.0,1.0,-0.0004302075132727623,0.20697683617472648,0.026025766413658856,-5.967883825302124,0.01712819656240754,0.0346723347902298,0.022256039083003998,0.047489769756793976,1.0
2453,5023744,8,0,0,8,0.0,0.0,1.0,-0.003491080505773425,0.23984700962901115,0.02363427011296153,-5.970140075683593,0.009565803327132017,0.03462523594498634,0.022292306646704674,0.047331180423498154,1.0
2454,5025792,5,0,1,4,0.0,0.2,0.8,0.0017311309464275837,2.2983604848384855,0.030080206319689752,-5.970536065101624,0.016312836663564666,0.03462957590818405,0.022380797192454338,0.04729396477341652,1.0
2455,5027840,7,0,1,6,0.0,0.14285714285714285,0.8571428571428571,0.0036612671799957754,2.55379119515419,0.03574575148522854,-5.970933103561402,0.015903393249027432,0.03454091399908066,0.022401217371225357,0.047075141221284866,1.0
2456,5029888,1,0,1,0,0.0,1.0,0.0,0.010380665480624884,0.6122834354639053,0.034194608218967915,-5.974113845825196,0.0376971660356503,0.03458922356367111,0.022489730268716812,0.04706742987036705,1.0
2457,5031936,8,1,0,7,0.125,0.0,0.875,0.0002725635189563036,0.6792235404253006,0.03470275327563286,-5.966087126731873,0.0202343026350718,0.03465151786804199,0.02251770906150341,0.04715343192219734,1.0
2458,5033984,8,0,0,8,0.0,0.0,1.0,0.005420385138131678,0.4710222095251083,0.03396983481943607,-5.965129637718201,0.018230551533633843,0.03461815044283867,0.022478075698018074,0.047124527394771576,1.0
2459,5036032,6,0,0,6,0.0,0.0,1.0,0.0016004959121346473,0.15983841344714164,0.024554764851927757,-5.9694462537765505,0.013554577936884016,0.034577831625938416,0.02245517633855343,0.04705839604139328,1.0
2460,5038080,4,1,0,3,0.25,0.0,0.75,0.0001805173931643367,0.31644975394010544,0.02283231196925044,-5.971547079086304,0.016302059357985853,0.03454030305147171,0.022502608597278595,0.04698934778571129,1.0
2461,5040128,8,0,1,7,0.0,0.125,0.875,-0.0014681264059618116,1.774917584657669,0.02517362404614687,-5.972645902633667,0.0182471904612612,0.0345623753964901,0.0225028395652771,0.0470852330327034,1.0
2462,5042176,0,0,0,0,0.0,0.0,0.0,0.0027208687039092182,0.12767893821001053,0.02575900349766016,-5.9697280645370485,0.016028694197302684,0.03460525721311569,0.022558746859431267,0.04705823212862015,1.0
2463,5044224,8,0,0,8,0.0,0.0,1.0,-0.0006576076382771134,0.35805603936314584,0.02375089665874839,-5.966050601005554,0.011321946076350287,0.03458042070269585,0.022617362439632416,0.046936988830566406,1.0
2464,5046272,6,0,0,6,0.0,0.0,1.0,-0.0027934221783652903,0.5047282397747039,0.024860221426934004,-5.970806503295899,0.015228374523576348,0.03445323556661606,0.022612595930695534,0.04668153449892998,1.0
2465,5048320,7,0,0,7,0.0,0.0,1.0,-0.0002190354513004422,0.5280227944254875,0.031326386332511905,-5.98041422367096,0.018035089125623925,0.03435112535953522,0.022589663043618202,0.04651547223329544,1.0
2466,5050368,6,1,1,4,0.16666666666666666,0.16666666666666666,0.6666666666666666,0.0018422449007630347,2.5042640805244445,0.030316548235714436,-5.984438586235046,0.025188682973384856,0.034369077533483505,0.02263888716697693,0.04658418521285057,1.0
2467,5052416,7,2,0,5,0.2857142857142857,0.0,0.7142857142857143,0.0025588135700672864,0.5444451242685318,0.027362851612269878,-5.980896830558777,0.021293724986026063,0.034392207860946655,0.02269488014280796,0.0465879924595356,1.0
2468,5054464,1,0,0,1,0.0,0.0,1.0,0.004170308262109757,0.3053035244345665,0.022510422859340906,-5.9798804998397825,0.011909713625209406,0.03439141809940338,0.022673122584819794,0.04665076732635498,1.0
2469,5056512,7,0,0,7,0.0,0.0,1.0,0.005545559176243842,0.14060801155865194,0.0183837222866714,-5.980807971954346,0.020038731244858353,0.03440075367689133,0.02268722467124462,0.04671120271086693,1.0
2470,5058560,5,1,0,4,0.2,0.0,0.8,0.006595699326135218,0.33401906713843343,0.01995325917378068,-5.9799041748046875,0.02881102595711127,0.0343986451625824,0.022687701508402824,0.04671522229909897,1.0
2471,5060608,7,0,0,7,0.0,0.0,1.0,0.0006456732284277677,0.3948506757616997,0.023021578229963778,-5.980614018440247,0.013465969666140155,0.03440122678875923,0.02264891378581524,0.046722929924726486,1.0
2472,5062656,7,0,0,7,0.0,0.0,1.0,0.0023400112288072704,0.2151377961039543,0.025444074999541044,-5.980578970909119,0.012223668320802971,0.03439704328775406,0.02271643839776516,0.04675305262207985,1.0
2473,5064704,5,0,0,5,0.0,0.0,1.0,0.0011320339515805244,0.7303677201271057,0.02731454689055681,-5.980693817138672,0.012167232029605657,0.03438697010278702,0.022729087620973587,0.046821724623441696,1.0
2474,5066752,6,2,0,4,0.3333333333333333,0.0,0.6666666666666666,0.0014912151265889407,0.783538743853569,0.025361620541661977,-5.979987764358521,0.014266999863320962,0.03446159511804581,0.022707480937242508,0.04705165699124336,1.0
2475,5068800,6,0,1,5,0.0,0.16666666666666666,0.8333333333333334,-0.0020121920853853224,2.3850194454193114,0.028194257616996767,-5.976842880249023,0.013367790536722168,0.03447418659925461,0.022646326571702957,0.047120243310928345,1.0
2476,5070848,4,0,0,4,0.0,0.0,1.0,-0.002702381182461977,0.8205361366271973,0.026088940910995007,-5.980004549026489,0.013903000683058053,0.03443683683872223,0.022514188662171364,0.04718441516160965,1.0
2477,5072896,5,0,0,5,0.0,0.0,1.0,0.004471092578023672,0.7654695928096771,0.02390000056475401,-5.986594867706299,0.014146345207700506,0.03436969220638275,0.02245444431900978,0.047144416719675064,1.0
2478,5074944,8,0,0,8,0.0,0.0,1.0,-0.000658069271594286,0.5855538636445999,0.027513125352561472,-5.991248059272766,0.009913275338476524,0.03435426950454712,0.022394536063075066,0.04718298837542534,1.0
2479,5076992,3,0,0,3,0.0,0.0,1.0,0.001063232310116291,0.380888457596302,0.023738746531307697,-5.989267635345459,0.014737626648275182,0.03447895869612694,0.02236553095281124,0.04747306928038597,1.0
2480,5079040,6,0,0,6,0.0,0.0,1.0,0.0010377284605056047,0.45192753672599795,0.022359326388686894,-5.977245950698853,0.014465827052481473,0.03466023504734039,0.022392939776182175,0.04776569455862045,1.0
2481,5081088,8,1,0,7,0.125,0.0,0.875,0.0051026522181928154,0.5860754251480103,0.024596086610108613,-5.96560001373291,0.022843154898146166,0.03475920483469963,0.022473135963082314,0.04794974997639656,1.0
2482,5083136,4,0,0,4,0.0,0.0,1.0,0.0007372222724370658,0.788200119137764,0.022665001265704632,-5.959791421890259,0.010878360463539138,0.03480693697929382,0.022528911009430885,0.048093680292367935,1.0
2483,5085184,4,0,0,4,0.0,0.0,1.0,-0.00041965178679674863,1.0304505228996277,0.020304193161427973,-5.955289316177368,0.009193827421404422,0.0348612479865551,0.022622011601924896,0.04804658517241478,1.0
2484,5087232,7,0,0,7,0.0,0.0,1.0,0.0063154931180179116,0.3392613813281059,0.018297650571912526,-5.948384094238281,0.021833236113889144,0.03489813208580017,0.022764593362808228,0.04793286696076393,1.0
2485,5089280,3,0,0,3,0.0,0.0,1.0,0.0004976954776793718,0.6696970254182816,0.019345288444310427,-5.942200517654419,0.013958819524850697,0.03493854030966759,0.022851374000310898,0.04782634973526001,1.0
2486,5091328,8,0,1,7,0.0,0.125,0.875,-0.0008438732940703631,2.6214990854263305,0.024796618428081275,-5.938040351867675,0.01299088002415374,0.03495125100016594,0.02284730039536953,0.04778845235705376,1.0
2487,5093376,11,2,1,8,0.18181818181818182,0.09090909090909091,0.7272727272727273,-0.0005463882582262159,1.737231332063675,0.02481590788811445,-5.9378014087677,0.01698584365658462,0.034956734627485275,0.02291949838399887,0.04778509959578514,1.0
2488,5095424,3,0,0,3,0.0,0.0,1.0,-0.0021831261925399303,0.14437645822763442,0.023225647490471603,-5.935637354850769,0.018044413102325053,0.03496360406279564,0.02298051491379738,0.04782358929514885,1.0
2489,5097472,5,0,1,4,0.0,0.2,0.8,-0.000330981332808733,2.292195963859558,0.025864972919225692,-5.932571911811829,0.02333800857886672,0.03505697846412659,0.022962674498558044,0.04797160252928734,1.0
2490,5099520,5,1,0,4,0.2,0.0,0.8,-0.0034017738420516253,0.5660189598798752,0.02281026290729642,-5.926314830780029,0.016223467694362625,0.035127073526382446,0.022933343425393105,0.04819365590810776,1.0
2491,5101568,4,0,0,4,0.0,0.0,1.0,0.0017113583162426949,0.7752439022064209,0.02556187314912677,-5.925977301597595,0.005416689289268107,0.03508970886468887,0.02289828471839428,0.048138875514268875,1.0
2492,5103616,9,0,1,8,0.0,0.1111111111111111,0.8888888888888888,-0.001564673101529479,2.7041553258895874,0.033365081809461114,-5.92738983631134,0.010679347638506443,0.03511293604969978,0.02292129024863243,0.048064976930618286,1.0
2493,5105664,7,0,0,7,0.0,0.0,1.0,0.0022711890283972024,0.524084384739399,0.023288154415786265,-5.921072626113892,0.014506894367514178,0.03522835299372673,0.022971048951148987,0.04825481027364731,1.0
2494,5107712,3,0,0,3,0.0,0.0,1.0,0.003666012454777956,0.7268941074609756,0.02597007676959038,-5.91708734035492,0.012046441697748378,0.03518141061067581,0.022879406809806824,0.048231542110443115,1.0
2495,5109760,6,0,0,6,0.0,0.0,1.0,0.00402811667881906,0.6596954375505447,0.02495059110224247,-5.924281787872315,0.01909313438809477,0.03512933477759361,0.02282479777932167,0.04815578833222389,1.0
2496,5111808,5,0,0,5,0.0,0.0,1.0,0.0030073495814576744,0.7398549377918243,0.023372881673276426,-5.926412272453308,0.010337247856659815,0.03512420877814293,0.022756371647119522,0.04815453290939331,1.0
2497,5113856,3,1,0,2,0.3333333333333333,0.0,0.6666666666666666,0.0016469407128170133,0.660521399974823,0.02160020712763071,-5.928177833557129,0.010115036508068442,0.03511728346347809,0.02277025394141674,0.04825369268655777,1.0
2498,5115904,8,0,0,8,0.0,0.0,1.0,0.0029880494927056133,0.31413071751594546,0.02475078506395221,-5.930871438980103,0.013904550875304266,0.03506931662559509,0.022689729928970337,0.04834996908903122,1.0
2499,5117952,8,0,0,8,0.0,0.0,1.0,0.0037958705332130195,0.2619693249464035,0.022140538226813077,-5.936245369911194,0.011388390877982602,0.0350487194955349,0.02265942469239235,0.04827938973903656,1.0
2500,5120000,3,0,0,3,0.0,0.0,1.0,0.0022106502903625367,0.413941952586174,0.023546226788312197,-5.936941170692444,0.014217373536666855,0.035025790333747864,0.02266552299261093,0.04824640229344368,1.0
2501,5122048,8,0,2,6,0.0,0.25,0.75,0.0014441395178437233,4.291947209835053,0.03160711443051696,-5.939891076087951,0.008253485313616693,0.03497451916337013,0.022681551054120064,0.04818131402134895,1.0
2502,5124096,5,0,1,4,0.0,0.2,0.8,0.0011850280221551656,2.6218233466148377,0.034351507760584356,-5.943166518211365,0.011780496145365759,0.03494904190301895,0.022621147334575653,0.04814763367176056,1.0
2503,5126144,3,0,0,3,0.0,0.0,1.0,0.005748169729486108,0.9185095071792603,0.027193334884941578,-5.9450843811035154,0.015821844508172943,0.03493794798851013,0.0226226095110178,0.048144225031137466,1.0
2504,5128192,7,0,0,7,0.0,0.0,1.0,0.011339458031579852,0.7052736282348633,0.02594745149835944,-5.946791815757751,0.020462745800614357,0.03489123284816742,0.02262422814965248,0.04801945388317108,1.0
2505,5130240,6,0,0,6,0.0,0.0,1.0,0.0022433859761804343,0.34113413393497466,0.023097249586135148,-5.949819421768188,0.02052032501087524,0.03483736515045166,0.022708022966980934,0.047865498811006546,1.0
2506,5132288,5,0,0,5,0.0,0.0,1.0,-0.003268621931783855,0.27727552503347397,0.021839359309524298,-5.950589203834534,0.013759152899729088,0.034823231399059296,0.02277044951915741,0.0477408692240715,1.0
2507,5134336,7,0,0,7,0.0,0.0,1.0,-0.0015535123413428665,0.4207260489463806,0.022139452397823334,-5.951304841041565,0.015330051170894875,0.034781306982040405,0.022732343524694443,0.04768063873052597,1.0
2508,5136384,4,0,0,4,0.0,0.0,1.0,-0.0007610911969095468,0.3709108367562294,0.023959077522158624,-5.953851246833802,0.010033251659478992,0.0348079651594162,0.022679388523101807,0.04772322252392769,1.0
2509,5138432,6,0,0,6,0.0,0.0,1.0,0.010525794746354223,0.4683638527989388,0.024764375854283573,-5.951270842552185,0.018829334957990794,0.03484690189361572,0.022674264386296272,0.047735895961523056,1.0
2510,5140480,6,0,0,6,0.0,0.0,1.0,0.00444756792858243,0.5686860352754592,0.025664658937603235,-5.948086261749268,0.01489139164914377,0.03486909717321396,0.022645337507128716,0.0477558858692646,1.0
2511,5142528,5,0,0,5,0.0,0.0,1.0,0.002380027761682868,0.5023250982165337,0.022543531935662033,-5.948414754867554,0.014331858145305887,0.034859903156757355,0.022612983360886574,0.0477149598300457,1.0
2512,5144576,4,0,0,4,0.0,0.0,1.0,0.0012235343223437668,0.3105547070503235,0.02163227219134569,-5.94864444732666,0.006829916674178094,0.0348549447953701,0.022676773369312286,0.047630149871110916,1.0
2513,5146624,7,0,0,7,0.0,0.0,1.0,0.0019278519088402391,0.22127833366394042,0.020344188995659353,-5.9508955717086796,0.012798651959747076,0.03473416715860367,0.02268487773835659,0.04736221209168434,1.0
2514,5148672,4,0,0,4,0.0,0.0,1.0,0.00237001481000334,0.3998341426253319,0.019988154992461205,-5.960067677497864,0.014566530444426462,0.034621044993400574,0.02273525297641754,0.04706395044922829,1.0
2515,5150720,7,0,1,6,0.0,0.14285714285714285,0.8571428571428571,-0.003452226100489497,2.589738404750824,0.02537355674430728,-5.963018536567688,0.015087262255838141,0.03462065011262894,0.02273775450885296,0.047015994787216187,1.0
2516,5152768,7,0,0,7,0.0,0.0,1.0,0.0013381180353462697,0.5937517732381821,0.024192516691982746,-5.961666011810303,0.011070009268587455,0.03465031832456589,0.022674966603517532,0.04706011340022087,1.0
2517,5154816,5,0,0,5,0.0,0.0,1.0,0.000706043979153037,0.5865143001079559,0.023013891745358707,-5.959854626655579,0.010393144143745304,0.03466332331299782,0.02274450473487377,0.046997323632240295,1.0
2518,5156864,6,1,0,5,0.16666666666666666,0.0,0.8333333333333334,-0.0010303962044417858,0.7150209158658981,0.02378487605601549,-5.957590103149414,0.011814878147561103,0.03467753157019615,0.022801486775279045,0.04706036299467087,1.0
2519,5158912,6,1,0,5,0.16666666666666666,0.0,0.8333333333333334,0.006535633420571685,0.5365074336528778,0.022140701953321695,-5.954896759986878,0.014126650535035878,0.03474469482898712,0.0228155218064785,0.04718891531229019,1.0
2520,5160960,3,0,0,3,0.0,0.0,1.0,0.007587730186060071,0.3353070944547653,0.020852444041520358,-5.951614093780518,0.02000200593029149,0.034738361835479736,0.02278258092701435,0.04721660166978836,1.0
2521,5163008,6,0,0,6,0.0,0.0,1.0,0.007038873340934515,0.3711972936987877,0.01969691561535001,-5.954980635643006,0.017022729170275853,0.034685418009757996,0.022761547937989235,0.04710901156067848,1.0
2522,5165056,8,0,0,8,0.0,0.0,1.0,0.002704312722198665,0.4624346747994423,0.022843891102820636,-5.958659672737122,0.014992312184767797,0.034650929272174835,0.02272549457848072,0.047106511890888214,1.0
2523,5167104,4,0,1,3,0.0,0.25,0.75,-0.002455487009137869,1.2472204923629762,0.020626113377511503,-5.960487961769104,0.014745101617882029,0.03466366231441498,0.022764185443520546,0.047227893024683,1.0
2524,5169152,6,0,0,6,0.0,0.0,1.0,0.003007791005074978,0.6021680712699891,0.022700983844697476,-5.96024067401886,0.018578647077083586,0.03465127572417259,0.022797293961048126,0.04727187007665634,1.0
2525,5171200,7,1,0,6,0.14285714285714285,0.0,0.8571428571428571,0.005741857271641493,0.8217932999134063,0.022519566304981708,-5.961944675445556,0.014904956909595058,0.03463565558195114,0.02272879332304001,0.0473051443696022,1.0
2526,5173248,4,0,1,3,0.0,0.25,0.75,-0.004375923122279346,2.667981266975403,0.025990316364914178,-5.964373636245727,0.01548231637571007,0.03464299440383911,0.022679459303617477,0.04733750969171524,1.0
2527,5175296,7,0,0,7,0.0,0.0,1.0,0.001296514132991433,0.47487450391054153,0.023071195743978024,-5.961994481086731,0.014686292002443225,0.034681450575590134,0.02277376689016819,0.047415584325790405,1.0
2528,5177344,6,0,0,6,0.0,0.0,1.0,0.0020534445298835634,0.4304351136088371,0.023178461659699678,-5.957886147499084,0.02360612906049937,0.034723225980997086,0.02281622774899006,0.04747350141406059,1.0
2529,5179392,5,3,0,2,0.6,0.0,0.4,-0.0024108139565214514,0.9056393414735794,0.026067292597144843,-5.951814603805542,0.01612349580973387,0.034843139350414276,0.022855635732412338,0.047638095915317535,1.0
2530,5181440,6,0,0,6,0.0,0.0,1.0,-0.0015325937420129776,0.7100284904241562,0.02804764611646533,-5.943079400062561,0.013459636108018458,0.034920256584882736,0.022824134677648544,0.04776646941900253,1.0
2531,5183488,10,1,1,8,0.1,0.1,0.8,0.003719422174617648,2.5176221668720244,0.031228118110448122,-5.939640784263611,0.01252403316902928,0.03494153544306755,0.02285625785589218,0.04775193706154823,1.0
2532,5185536,3,0,0,3,0.0,0.0,1.0,0.005578250274993479,0.47190276235342027,0.025493231788277625,-5.939345073699951,0.02090547578991391,0.0348966009914875,0.022877780720591545,0.04761691018939018,1.0
2533,5187584,5,1,0,4,0.2,0.0,0.8,0.0007835965603590012,0.42782463133335114,0.021353906486183405,-5.938687419891357,0.012330740736797453,0.034999359399080276,0.022897889837622643,0.04778249189257622,1.0
2534,5189632,4,0,0,4,0.0,0.0,1.0,0.005106706358492375,0.3017909474670887,0.02052575657144189,-5.929184317588806,0.01835220736102201,0.03507361561059952,0.022944534197449684,0.04792209342122078,1.0
2535,5191680,6,1,0,5,0.16666666666666666,0.0,0.8333333333333334,0.0003472498618066311,0.6762094348669052,0.020791341736912727,-5.926732134819031,0.015685765928355976,0.035048119723796844,0.023012999445199966,0.04777596518397331,1.0
2536,5193728,6,0,0,6,0.0,0.0,1.0,-0.00015964286867529154,0.41402533948421477,0.022837338224053382,-5.928066754341126,0.015640320896636695,0.03501752391457558,0.023025495931506157,0.04777655750513077,1.0
2537,5195776,9,1,0,8,0.1111111111111111,0.0,0.8888888888888888,0.0036338209640234707,0.8173230439424515,0.021390511374920606,-5.9316411256790165,0.014054430404212327,0.034983161836862564,0.022985022515058517,0.0477803498506546,1.0
2538,5197824,3,0,0,3,0.0,0.0,1.0,0.0038725802907720206,0.49710811823606493,0.02135977614670992,-5.93639030456543,0.014902190683642402,0.034902699291706085,0.022890331223607063,0.04775889590382576,1.0
2539,5199872,6,1,0,5,0.16666666666666666,0.0,0.8333333333333334,0.0005015328526496888,0.44472296684980395,0.022134421300143002,-5.944802165031433,0.015637533651897684,0.03486354649066925,0.022823883220553398,0.04785539209842682,1.0
2540,5201920,6,2,0,4,0.3333333333333333,0.0,0.6666666666666666,0.004033917747437954,0.6361495822668075,0.021529547311365603,-5.945331645011902,0.025200018641771748,0.034891366958618164,0.022890795022249222,0.04783570021390915,1.0
2541,5203968,8,4,0,4,0.5,0.0,0.5,-0.0003866624552756548,0.972366788983345,0.02360132019966841,-5.9406181335449215,0.017131985956802966,0.034944914281368256,0.02296454831957817,0.04788960888981819,1.0
2542,5206016,7,3,0,4,0.42857142857142855,0.0,0.5714285714285714,0.001564527757000178,0.7516983687877655,0.02141783284023404,-5.935646104812622,0.008637657586950809,0.03497251868247986,0.023032978177070618,0.04783591628074646,1.0
2543,5208064,6,1,0,5,0.16666666666666666,0.0,0.8333333333333334,-0.004674821766093374,0.49638885259628296,0.02124352576211095,-5.9347748279571535,0.009738942555850371,0.03495226427912712,0.02297157421708107,0.04791188985109329,1.0
2544,5210112,3,0,0,3,0.0,0.0,1.0,0.0011682089418172837,0.19231703802943229,0.023189873807132243,-5.939167952537536,0.010187734960345552,0.03491847962141037,0.02297367714345455,0.0479021817445755,1.0
2545,5212160,4,1,0,3,0.25,0.0,0.75,0.0011711389059200882,0.7244838327169418,0.02363489307463169,-5.940575194358826,0.023772641300456598,0.034916047006845474,0.022946229204535484,0.04794076457619667,1.0
2546,5214208,6,1,0,5,0.16666666666666666,0.0,0.8333333333333334,0.0029142665909603236,0.7468342453241348,0.024136143177747725,-5.942610359191894,0.010281315678730607,0.03488731384277344,0.022877726703882217,0.04796211048960686,1.0
2547,5216256,9,1,0,8,0.1111111111111111,0.0,0.8888888888888888,-0.0022112637758255004,0.9709850668907165,0.021990183927118778,-5.948689675331115,0.015507202764274553,0.034813132137060165,0.022683676332235336,0.047947634011507034,1.0
2548,5218304,6,0,0,6,0.0,0.0,1.0,0.002684270602185279,0.35075220465660095,0.019361017644405364,-5.958481025695801,0.01731543127098121,0.03473906219005585,0.022511783987283707,0.04799285903573036,1.0
2549,5220352,4,0,0,4,0.0,0.0,1.0,0.0006830373080447316,0.32333343625068667,0.022865378856658937,-5.96811454296112,0.00832034726627171,0.034630753099918365,0.02242196723818779,0.047887351363897324,1.0
2550,5222400,6,0,0,6,0.0,0.0,1.0,0.0035145812667906283,0.24987076967954636,0.024844291061162947,-5.974491763114929,0.016020934126572683,0.03463161736726761,0.02246375009417534,0.047920744866132736,1.0
2551,5224448,3,2,0,1,0.6666666666666666,0.0,0.3333333333333333,-0.002793366485275328,0.7421865105628968,0.021254156064242125,-5.969756865501404,0.017747890821192415,0.03469645231962204,0.022569457069039345,0.04795697331428528,1.0
2552,5226496,6,0,0,6,0.0,0.0,1.0,0.0012430080911144613,0.2539373762905598,0.021831426396965982,-5.9647290229797365,0.00908944134716876,0.0347045361995697,0.022635530680418015,0.04797607660293579,1.0
2553,5228544,8,0,0,8,0.0,0.0,1.0,0.005899737600702793,0.29371056109666827,0.022534597478806973,-5.964471244812012,0.018016434088349343,0.03473050519824028,0.02265009470283985,0.048092324286699295,1.0
2554,5230592,6,0,0,6,0.0,0.0,1.0,0.010587234701961278,0.3141020953655243,0.02252886276692152,-5.961756610870362,0.02127443621866405,0.03475574776530266,0.022687843069434166,0.04814651980996132,1.0
2555,5232640,3,0,0,3,0.0,0.0,1.0,0.007081970991566777,0.34877373576164244,0.02011321159079671,-5.960405254364014,0.024409958661999555,0.03476355969905853,0.02268987149000168,0.048131026327610016,1.0
2556,5234688,6,0,0,6,0.0,0.0,1.0,-0.0011239013634622096,0.4591082692146301,0.021971761249005795,-5.958098244667053,0.010928516666172072,0.03483451157808304,0.022660989314317703,0.048307619988918304,1.0
2557,5236736,3,0,0,3,0.0,0.0,1.0,-0.00023249404039233924,0.7445350378751755,0.025316397659480572,-5.957072234153747,0.023744514270219952,0.03478500247001648,0.022568752989172935,0.048182785511016846,1.0
2558,5238784,7,0,0,7,0.0,0.0,1.0,0.004978391900658607,0.7304847925901413,0.02526441039517522,-5.96282308101654,0.013417197909438983,0.034712545573711395,0.022549590095877647,0.04798044264316559,1.0
2559,5240832,9,0,0,9,0.0,0.0,1.0,2.0774733275175095e-05,0.8524599283933639,0.02278147768229246,-5.967910480499268,0.004753932298626751,0.034611012786626816,0.022546574473381042,0.04768141359090805,1.0
2560,5242880,4,0,0,4,0.0,0.0,1.0,0.00031071724370121954,0.6959329843521118,0.020420650858432053,-5.973899865150452,0.01342604843666777,0.034540172666311264,0.0225874911993742,0.047447171062231064,1.0
2561,5244928,4,1,0,3,0.25,0.0,0.75,0.0013525510206818581,0.4123828515410423,0.021653124131262302,-5.976363301277161,0.013768603903008625,0.03449480980634689,0.022693689912557602,0.047363001853227615,1.0
2562,5246976,8,0,1,7,0.0,0.125,0.875,-0.0038380041951313615,2.3824211180210115,0.025676690880209206,-5.9793469429016115,0.023776640626601876,0.034382812678813934,0.02278059907257557,0.04703930392861366,1.0
2563,5249024,4,0,0,4,0.0,0.0,1.0,0.0022713023703545333,0.14429750852286816,0.021828805934637784,-5.986168718338012,0.007527349708834663,0.03427853435277939,0.02286691404879093,0.04668603092432022,1.0
2564,5251072,7,0,0,7,0.0,0.0,1.0,0.0007008443819358945,0.2359961673617363,0.020945449639111758,-5.989078688621521,0.010752947727451102,0.03422945365309715,0.02293318510055542,0.04652942717075348,1.0
2565,5253120,5,0,0,5,0.0,0.0,1.0,0.00541362576186657,0.32229403853416444,0.020784621685743333,-5.993097710609436,0.016140558308688924,0.034172333776950836,0.02289809286594391,0.046468883752822876,1.0
2566,5255168,4,0,0,4,0.0,0.0,1.0,-0.0029492467641830445,0.5042861565947533,0.021451158076524736,-5.998551154136658,0.008428476064000278,0.03412088379263878,0.022845035418868065,0.04647206515073776,1.0
2567,5257216,6,0,0,6,0.0,0.0,1.0,0.004807292041368783,0.5122195214033127,0.024642681144177912,-6.002310466766358,0.01826366823515855,0.034075140953063965,0.02286871336400509,0.04635288566350937,1.0
2568,5259264,7,0,0,7,0.0,0.0,1.0,0.0008439155993983149,0.42745766788721085,0.019192094821482895,-6.004856610298157,0.012243784766178578,0.0340396910905838,0.0228904839605093,0.046247709542512894,1.0
2569,5261312,4,0,0,4,0.0,0.0,1.0,0.005321658728644252,0.41218964755535126,0.019937937892973424,-6.005229783058167,0.020655926724430174,0.03405224531888962,0.02285999059677124,0.04621244966983795,1.0
2570,5263360,7,1,0,6,0.14285714285714285,0.0,0.8571428571428571,0.005304733826778829,0.9561457574367523,0.02712849359959364,-6.004743504524231,0.012733598332852125,0.03405473753809929,0.02282330021262169,0.04620957374572754,1.0
2571,5265408,6,0,1,5,0.0,0.16666666666666666,0.8333333333333334,0.005046417657285929,1.5030420124530792,0.021777871064841747,-6.006047534942627,0.021680730034131557,0.03402150049805641,0.022803954780101776,0.04609358683228493,1.0
2572,5267456,5,0,0,5,0.0,0.0,1.0,6.736654322594404e-05,0.6960765212774277,0.02134444350376725,-6.007227659225464,0.013858033536234871,0.03400851786136627,0.02285238355398178,0.04600932076573372,1.0
2573,5269504,4,0,0,4,0.0,0.0,1.0,0.004440734069794417,0.4536374345421791,0.022367716860026123,-6.007635307312012,0.01724299941561185,0.03397604823112488,0.022892039269208908,0.045918889343738556,1.0
2574,5271552,6,0,0,6,0.0,0.0,1.0,-0.0005669552134349942,0.5053663656115532,0.01886183200404048,-6.007780528068542,0.015839897003024815,0.03399800509214401,0.02294369600713253,0.04591328650712967,1.0
2575,5273600,6,2,0,4,0.3333333333333333,0.0,0.6666666666666666,0.0017618189798668028,0.6939597010612488,0.020929520949721336,-6.004561638832092,0.011060568585526198,0.03403351455926895,0.022927038371562958,0.04598647728562355,1.0
2576,5275648,8,1,0,7,0.125,0.0,0.875,-1.247599720954895e-05,1.123162442445755,0.021332839410752057,-6.004443836212158,0.007062137074535712,0.034006185829639435,0.022929944097995758,0.04598340764641762,1.0
2577,5277696,5,0,0,5,0.0,0.0,1.0,0.002499709359835833,0.5845453023910523,0.022503188531845807,-6.006882739067078,0.015952235192526133,0.03398428112268448,0.022990969941020012,0.04594476893544197,1.0
2578,5279744,6,1,0,5,0.16666666666666666,0.0,0.8333333333333334,0.0035099702188745143,0.9473992109298706,0.023729137238115074,-6.003761982917785,0.009554865543032065,0.034050628542900085,0.02308778278529644,0.045984700322151184,1.0
2579,5281792,5,1,0,4,0.2,0.0,0.8,0.013303197734057904,0.7828040003776551,0.02637476399540901,-5.998473644256592,0.02511666273348965,0.03408966213464737,0.023057764396071434,0.04607145115733147,1.0
2580,5283840,3,0,0,3,0.0,0.0,1.0,0.011446023918688297,0.3744628816843033,0.023129271529614925,-5.997855257987976,0.025421465333783998,0.03408079966902733,0.02302876114845276,0.04607720673084259,1.0
2581,5285888,7,1,0,6,0.14285714285714285,0.0,0.8571428571428571,-0.0008332768455147743,0.4846501424908638,0.023763961717486383,-6.001130986213684,0.012860974663635717,0.034037452191114426,0.0229396540671587,0.04606322571635246,1.0
2582,5287936,12,4,0,8,0.3333333333333333,0.0,0.6666666666666666,-0.0013585584005340935,0.7870889127254486,0.02195188235491514,-6.001994013786316,0.020147288078442217,0.03412213921546936,0.02293451316654682,0.04622247815132141,1.0
2583,5289984,4,0,0,4,0.0,0.0,1.0,0.00024083040188997983,0.40711481124162674,0.019283724948763847,-5.994854474067688,0.0171084237517789,0.03418271988630295,0.02295415662229061,0.04638911783695221,1.0
2584,5292032,5,0,0,5,0.0,0.0,1.0,0.0049339623306877915,0.6582078874111176,0.02564980583265424,-5.989728689193726,0.015621811168966816,0.0342823825776577,0.023006262257695198,0.04658648371696472,1.0
2585,5294080,4,0,0,4,0.0,0.0,1.0,0.004387981258332729,0.8110251635313034,0.026253873575478794,-5.983690595626831,0.010892971232533456,0.034312084317207336,0.0229968074709177,0.04671883210539818,1.0
2586,5296128,1,0,1,0,0.0,1.0,0.0,-0.0017776957713067532,2.680146098136902,0.026984001509845257,-5.982951903343201,0.012680696486495436,0.034351810812950134,0.02300482988357544,0.04685497656464577,1.0
2587,5298176,9,0,0,9,0.0,0.0,1.0,0.005965701304376125,0.7113363116979599,0.024965877924114466,-5.981846451759338,0.007072555890772492,0.03430994972586632,0.023041579872369766,0.04681684449315071,1.0
2588,5300224,10,0,0,10,0.0,0.0,1.0,0.007625710242427886,0.27220835387706754,0.02176877949386835,-5.9862306118011475,0.01888202451518737,0.034259553998708725,0.023057054728269577,0.04673168808221817,1.0
2589,5302272,5,1,0,4,0.2,0.0,0.8,0.005103249801322818,0.5286450400948525,0.022522965911775827,-5.988147234916687,0.02091833431040868,0.03425329551100731,0.023053323850035667,0.04669954627752304,1.0
2590,5304320,4,0,0,4,0.0,0.0,1.0,0.0030813643475994467,0.3602804020047188,0.021231210511177778,-5.988262605667114,0.016945965623017402,0.03425595164299011,0.02304389700293541,0.04670543596148491,1.0
2591,5306368,5,1,1,3,0.2,0.2,0.6,-0.006899913633242249,2.36373131275177,0.022075245250016452,-5.986806607246399,0.025193548412062228,0.03428982198238373,0.02311885356903076,0.04674648866057396,1.0
2592,5308416,1,0,0,1,0.0,0.0,1.0,-0.0004331971053034067,0.5062927827239037,0.01945509435608983,-5.981541562080383,0.008963649603538215,0.03435921669006348,0.023147452622652054,0.04679122194647789,1.0
2593,5310464,9,1,0,8,0.1111111111111111,0.0,0.8888888888888888,0.0007605923572555184,0.733147194981575,0.02100451374426484,-5.976161026954651,0.014003015449270606,0.034398600459098816,0.02313174493610859,0.04676734283566475,1.0
2594,5312512,10,0,0,10,0.0,0.0,1.0,0.0025920855114236474,0.27725197970867155,0.024408145900815727,-5.973515510559082,0.01913192674401216,0.03442797064781189,0.023103998973965645,0.046819888055324554,1.0
2595,5314560,5,0,0,5,0.0,0.0,1.0,0.000991912721656263,0.28295587599277494,0.025929811410605907,-5.972255229949951,0.010950327443424612,0.034436922520399094,0.023090001195669174,0.046840354800224304,1.0
2596,5316608,4,1,1,2,0.25,0.25,0.5,0.0003489522263407707,1.5901872724294663,0.025667065754532814,-5.970493507385254,0.02671783518162556,0.034483857452869415,0.023135269060730934,0.04689561575651169,1.0
2597,5318656,5,0,0,5,0.0,0.0,1.0,0.0014126632828265428,0.3478522315621376,0.02544556874781847,-5.967093873023987,0.0053859598934650425,0.034496523439884186,0.023140208795666695,0.04693670943379402,1.0
2598,5320704,5,1,0,4,0.2,0.0,0.8,0.010112890228629112,0.6544031858444214,0.02376895220950246,-5.966443133354187,0.02374743258696981,0.034515585750341415,0.023172527551651,0.04697488620877266,1.0
2599,5322752,6,0,0,6,0.0,0.0,1.0,0.008039628458209335,0.7300222456455231,0.027660740539431572,-5.967220711708069,0.013782534329220653,0.03445105999708176,0.023143649101257324,0.046893902122974396,1.0
2600,5324800,7,0,0,7,0.0,0.0,1.0,0.008826975850388408,0.6200751453638077,0.025248071923851968,-5.973751974105835,0.019395762169733644,0.034394677728414536,0.023088840767741203,0.0468069352209568,1.0
2601,5326848,6,0,0,6,0.0,0.0,1.0,0.0017778703942894936,0.4061261862516403,0.022398250084370373,-5.97882821559906,0.009923270804574714,0.034303806722164154,0.023028405383229256,0.04661833494901657,1.0
2602,5328896,5,0,0,5,0.0,0.0,1.0,0.0009734463412314654,0.3660381093621254,0.019123488757759332,-5.9867243528366085,0.014909353177063166,0.03422996401786804,0.022983461618423462,0.04649633541703224,1.0
2603,5330944,3,0,0,3,0.0,0.0,1.0,0.0009186264593154192,0.3893325090408325,0.023345216643065214,-5.990357804298401,0.00816080931108445,0.03421120345592499,0.022946787998080254,0.046460941433906555,1.0
2604,5332992,6,0,0,6,0.0,0.0,1.0,-0.0004255457082763314,0.4556790828704834,0.02403253987431526,-5.992720746994019,0.010434460773831233,0.03418277949094772,0.02292424626648426,0.04644281417131424,1.0
2605,5335040,9,0,0,9,0.0,0.0,1.0,0.0014099402818828822,0.3453601896762848,0.027065968513488768,-5.995621013641357,0.006239856209140271,0.0341477133333683,0.022861886769533157,0.046454232186079025,1.0
2606,5337088,5,0,0,5,0.0,0.0,1.0,0.000766992405988276,0.11657119803130626,0.024242467992007733,-6.0014622688293455,0.016444343701004983,0.03409334644675255,0.022829707711935043,0.046627696603536606,1.0
2607,5339136,4,0,0,4,0.0,0.0,1.0,0.0016501239966601132,0.22133703008294106,0.02267210781574249,-6.008740520477295,0.016207712714094668,0.033993303775787354,0.02283082902431488,0.04648143798112869,1.0
2608,5341184,6,0,0,6,0.0,0.0,1.0,0.003426022920757532,0.35078160762786864,0.028827483765780926,-6.016246676445007,0.008828616567188873,0.03392118215560913,0.022736582905054092,0.04637850075960159,1.0
2609,5343232,5,2,1,2,0.4,0.2,0.4,-0.00023899674415588378,2.9779689788818358,0.02736510392278433,-6.023690414428711,0.011460864677792415,0.033825647085905075,0.022659936919808388,0.04624243825674057,1.0
2610,5345280,7,1,0,6,0.14285714285714285,0.0,0.8571428571428571,0.0011943751946091653,0.6953912407159806,0.029674158431589603,-6.030277872085572,0.008814283710671588,0.033806513994932175,0.022605594247579575,0.046232275664806366,1.0
2611,5347328,8,0,0,8,0.0,0.0,1.0,0.008825141342822463,0.44329134076833726,0.025841328501701354,-6.030749583244324,0.01877794321044348,0.03381199762225151,0.0225882139056921,0.046250320971012115,1.0
2612,5349376,4,0,0,4,0.0,0.0,1.0,0.0017940906807780265,0.6185060784220695,0.026005793921649457,-6.030818676948547,0.016252170607913285,0.03380785882472992,0.02255159057676792,0.04622115194797516,1.0
2613,5351424,5,2,0,3,0.4,0.0,0.6,-0.0006104463944211602,0.6452541738748551,0.03329143654555082,-6.033928060531617,0.0071705442911479626,0.03374607861042023,0.022431014105677605,0.046154916286468506,1.0
2614,5353472,6,0,2,4,0.0,0.3333333333333333,0.6666666666666666,0.00954480404034257,3.9484660506248472,0.033414526097476485,-6.039354991912842,0.027005485421977938,0.03373663127422333,0.022409576922655106,0.04615548998117447,1.0
2615,5355520,6,0,1,5,0.0,0.16666666666666666,0.8333333333333334,0.0023442575940862296,2.200789660215378,0.02713900273665786,-6.03826334476471,0.015001483587548136,0.03374377638101578,0.02247532643377781,0.046120334416627884,1.0
2616,5357568,7,0,0,7,0.0,0.0,1.0,0.0007543908199295401,0.33996384143829345,0.023542590904980898,-6.038628888130188,0.018583563767606393,0.03367437422275543,0.02250908501446247,0.04592050239443779,1.0
2617,5359616,8,2,0,6,0.25,0.0,0.75,0.0045997071079909805,0.7373382717370986,0.025527153816074132,-6.0440178394317625,0.01812327458173968,0.033622127026319504,0.022467060014605522,0.04582776129245758,1.0
2618,5361664,3,2,0,1,0.6666666666666666,0.0,0.3333333333333333,-0.0020748590584844353,0.8518971234560013,0.029591053444892167,-6.044128394126892,0.006886636547278613,0.03367869183421135,0.022568102926015854,0.045943718403577805,1.0
2619,5363712,8,1,0,7,0.125,0.0,0.875,0.005545918038114906,0.6691821932792663,0.027450730092823505,-6.040132451057434,0.016133475239621477,0.03364710509777069,0.022661713883280754,0.045864228159189224,1.0
2620,5365760,2,1,0,1,0.5,0.0,0.5,0.00579885218758136,0.5366819992661476,0.025777214858680963,-6.042773365974426,0.020144015952246262,0.03362542390823364,0.022652672603726387,0.045827094465494156,1.0
2621,5367808,8,1,0,7,0.125,0.0,0.875,0.00024327472783625126,0.7950004458427429,0.025470912270247937,-6.042132997512818,0.007548907451564446,0.03367447480559349,0.02265431359410286,0.0460231676697731,1.0
2622,5369856,7,2,0,5,0.2857142857142857,0.0,0.7142857142857143,0.0017144212033599615,0.7674942225217819,0.024936767388135196,-6.040698075294495,0.01310149025521241,0.03367068991065025,0.02265719324350357,0.046183910220861435,1.0
2623,5371904,7,0,0,7,0.0,0.0,1.0,-0.0014115025056526064,0.4298192098736763,0.02993714576587081,-6.044265031814575,0.007586505223298445,0.03362360596656799,0.02262270636856556,0.0461011603474617,1.0
2624,5373952,3,1,1,1,0.3333333333333333,0.3333333333333333,0.3333333333333333,-7.192326011136174e-05,1.2391765505075454,0.027779078297317027,-6.046415019035339,0.013305342034436762,0.03363712504506111,0.022609183564782143,0.046087853610515594,1.0
2625,5376000,11,3,0,8,0.2727272727272727,0.0,0.7272727272727273,0.0006496420130133629,0.7564332365989686,0.025250245723873375,-6.044393420219421,0.012755986279807984,0.03365316614508629,0.022581860423088074,0.046112384647130966,1.0
2626,5378048,4,1,0,3,0.25,0.0,0.75,0.004985124804079533,0.86714708507061,0.02309079058468342,-6.043926882743835,0.020986489846836775,0.0336628183722496,0.022537576034665108,0.04614829272031784,1.0
2627,5380096,4,1,0,3,0.25,0.0,0.75,0.00897042416036129,0.8365784645080566,0.024859610944986343,-6.044397687911987,0.02839773493469693,0.03367052227258682,0.02252366952598095,0.04620630294084549,1.0
2628,5382144,9,2,1,6,0.2222222222222222,0.1111111111111111,0.6666666666666666,-0.0017721875105053187,2.276451998949051,0.026572382356971503,-6.042001032829285,0.015585828170878812,0.03373020887374878,0.022676171734929085,0.04631148651242256,1.0
2629,5384192,4,1,0,3,0.25,0.0,0.75,0.00018957166466861963,0.3936749503016472,0.021211225353181363,-6.033167028427124,0.011407210363540799,0.03383707255125046,0.022721268236637115,0.04640990123152733,1.0
2630,5386240,4,0,1,3,0.0,0.25,0.75,0.0005599904805421829,2.16012761592865,0.025834601372480392,-6.027850246429443,0.02239301701192744,0.03383567929267883,0.022652331739664078,0.04643808677792549,1.0
2631,5388288,10,0,1,9,0.0,0.1,0.9,0.001978671946562827,2.205540347099304,0.026107913441956045,-6.031005549430847,0.02479783638846129,0.03383058309555054,0.022624988108873367,0.04663372412323952,1.0
2632,5390336,8,3,1,4,0.375,0.125,0.5,0.008783686300739646,1.3255600601434707,0.02137401672080159,-6.030024147033691,0.027888884674757718,0.03390806168317795,0.02265172079205513,0.04685787111520767,1.0
2633,5392384,3,0,0,3,0.0,0.0,1.0,0.006846098997630179,0.37163873612880705,0.02108813524246216,-6.026679110527039,0.025825469859410078,0.03389883041381836,0.02262517809867859,0.046862732619047165,1.0
2634,5394432,9,2,0,7,0.2222222222222222,0.0,0.7777777777777778,-0.0008261838462203741,0.8982233613729477,0.01923179514706135,-6.030329847335816,0.0090251897694543,0.033849529922008514,0.022522425279021263,0.04685226082801819,1.0
2635,5396480,4,0,0,4,0.0,0.0,1.0,0.003324298420920968,0.3299267038702965,0.02102901479229331,-6.036947131156921,0.01479455167427659,0.033793382346630096,0.022456061094999313,0.046838223934173584,1.0
2636,5398528,5,2,0,3,0.4,0.0,0.6,-0.0012923470698297025,0.7651235461235046,0.02123823668807745,-6.03921377658844,0.012507986556738616,0.03383046016097069,0.022482192143797874,0.04697528854012489,1.0
2637,5400576,6,1,0,5,0.16666666666666666,0.0,0.8333333333333334,9.732798207551241e-05,0.43082223534584047,0.020326715800911187,-6.036767029762268,0.012274733814410865,0.03381602466106415,0.022527601569890976,0.04693545401096344,1.0
2638,5402624,8,0,0,8,0.0,0.0,1.0,-0.002651788713410497,0.38427274227142333,0.020556536503136158,-6.03738923072815,0.009382181824184955,0.033852458000183105,0.022524675354361534,0.0470610111951828,1.0
2639,5404672,3,0,0,3,0.0,0.0,1.0,0.0038326112553477287,0.5424791246652603,0.02044163504615426,-6.033938598632813,0.01575137538020499,0.0338812917470932,0.02251804806292057,0.047098882496356964,1.0
2640,5406720,6,0,0,6,0.0,0.0,1.0,0.0005046467762440443,0.8142393320798874,0.020747060887515545,-6.032314205169678,0.014845593459904194,0.03390660509467125,0.022489670664072037,0.04705449193716049,1.0
2641,5408768,5,1,0,4,0.2,0.0,0.8,0.0007970957551151514,0.2661860756576061,0.022226694505661726,-6.030532383918763,0.013767276849830524,0.03391404449939728,0.02247587963938713,0.04710176959633827,1.0
2642,5410816,8,0,0,8,0.0,0.0,1.0,-0.001560718985274434,0.22824881747364997,0.0217253390699625,-6.0289082527160645,0.007739271165337414,0.03397805616259575,0.02248397283256054,0.04719692841172218,1.0
2643,5412864,4,0,1,3,0.0,0.25,0.75,0.001853803009726107,1.6828259140253068,0.02162257833406329,-6.021788024902344,0.01946103571681306,0.034090422093868256,0.022506043314933777,0.04736635461449623,1.0
2644,5414912,8,1,0,7,0.125,0.0,0.875,0.001285675261169672,0.5898815721273423,0.02048830259591341,-6.014470720291138,0.014584481582278385,0.03414749354124069,0.0224614255130291,0.0475286990404129,1.0
2645,5416960,3,0,0,3,0.0,0.0,1.0,0.004283642629161477,0.3127233609557152,0.021568511705845596,-6.013779544830323,0.02006647526868619,0.034174952656030655,0.022379538044333458,0.04773200675845146,1.0
2646,5419008,5,0,0,5,0.0,0.0,1.0,-0.0013752773753367364,0.38680015206336976,0.023877934273332357,-6.014920163154602,0.007921361370244994,0.03414978086948395,0.02240552194416523,0.047737278044223785,1.0
2647,5421056,5,0,1,4,0.0,0.2,0.8,0.005539330630563199,2.3766589045524595,0.023465481027960776,-6.017374515533447,0.020519621518906205,0.03410724923014641,0.022470623254776,0.047672320157289505,1.0
2648,5423104,9,0,0,9,0.0,0.0,1.0,0.00018311324529349804,0.764219057559967,0.02427524859085679,-6.020220708847046,0.010300088144140318,0.03402823582291603,0.02252691425383091,0.047408509999513626,1.0
2649,5425152,5,0,1,4,0.0,0.2,0.8,0.004062615265138447,1.5347255229949952,0.023120370134711264,-6.023764562606812,0.02064189129159786,0.03398744761943817,0.0225200355052948,0.047199469059705734,1.0
2650,5427200,7,0,0,7,0.0,0.0,1.0,0.0039749860530719165,0.493549670279026,0.025828047003597022,-6.027705836296081,0.018304129829630256,0.03389032930135727,0.02246127650141716,0.04697838053107262,1.0
2651,5429248,4,0,1,3,0.0,0.25,0.75,-0.0009000923950225115,1.3693647742271424,0.023798122256994247,-6.034669661521912,0.011930304719135166,0.03384631872177124,0.02244047075510025,0.04693407937884331,1.0
2652,5431296,4,1,0,3,0.25,0.0,0.75,0.001033580582588911,0.7487408429384231,0.023483525682240724,-6.036550402641296,0.009515558753628283,0.03382144868373871,0.022445302456617355,0.04684723913669586,1.0
2653,5433344,4,0,0,4,0.0,0.0,1.0,0.005790662276558578,0.49614581763744353,0.024912701919674873,-6.037970495223999,0.02522005795035511,0.033810049295425415,0.022426756098866463,0.046843674033880234,1.0
2654,5435392,10,0,0,10,0.0,0.0,1.0,0.008109964057803154,0.32347691655158994,0.02047580759972334,-6.037693643569947,0.02067309183184989,0.03383585065603256,0.022423120215535164,0.04677155986428261,1.0
2655,5437440,4,0,0,4,0.0,0.0,1.0,0.00015982124023139477,0.43448339104652406,0.022605021111667158,-6.0345837593078615,0.010554791905451565,0.033829327672719955,0.02244810201227665,0.04661790281534195,1.0
2656,5439488,7,0,0,7,0.0,0.0,1.0,0.00427112178876996,0.10032997094094753,0.021484808530658484,-6.032887864112854,0.0190813651192002,0.033845603466033936,0.022557489573955536,0.04652160778641701,1.0
2657,5441536,5,2,0,3,0.4,0.0,0.6,0.002019005478359759,0.6830156445503235,0.02463870234787464,-6.024611139297486,0.01555974168004468,0.03397323563694954,0.022672511637210846,0.04659362509846687,1.0
2658,5443584,6,0,0,6,0.0,0.0,1.0,0.0023228690261021256,0.5723728865385056,0.023551198840141296,-6.0169809579849245,0.013277600792935117,0.03395506367087364,0.022658802568912506,0.046543851494789124,1.0
2659,5445632,2,0,0,2,0.0,0.0,1.0,0.004343799850903452,0.46135478317737577,0.021569135691970588,-6.0211496591568,0.01710567729314789,0.03391563147306442,0.02263946458697319,0.04642661288380623,1.0
2660,5447680,13,4,0,9,0.3076923076923077,0.0,0.6923076923076923,0.00042150910012423993,1.3105766296386718,0.022902171313762664,-6.020798659324646,0.009980876615736633,0.03395386040210724,0.022686544805765152,0.04651619493961334,1.0
2661,5449728,4,1,0,3,0.25,0.0,0.75,0.0011976896319538354,0.6994714677333832,0.025066209398210047,-6.017235159873962,0.014179833396337927,0.033995889127254486,0.022714726626873016,0.0466594360768795,1.0
2662,5451776,6,1,0,5,0.16666666666666666,0.0,0.8333333333333334,-0.0003150337375700474,0.39756706058979036,0.021644865442067385,-6.015825891494751,0.022276632249122484,0.034005582332611084,0.02266607992351055,0.046709977090358734,1.0
2663,5453824,7,1,0,6,0.14285714285714285,0.0,0.8571428571428571,0.004470350150950253,0.2677260383963585,0.022155116591602565,-6.017370939254761,0.015154276828980073,0.03396032378077507,0.02265411987900734,0.046601612120866776,1.0
2664,5455872,6,4,0,2,0.6666666666666666,0.0,0.3333333333333333,-0.008284961176104843,0.9950881540775299,0.024701134674251078,-6.019635105133057,0.01810060877469368,0.033962734043598175,0.02267148531973362,0.04657997190952301,1.0
2665,5457920,4,2,0,2,0.5,0.0,0.5,0.005456064641475677,0.8711222440004349,0.024546542763710023,-6.01686270236969,0.017906320351175963,0.03402252495288849,0.022661719471216202,0.04671873152256012,1.0
2666,5459968,8,1,0,7,0.125,0.0,0.875,0.014065205445513129,0.9643917888402939,0.020638011675328017,-6.012753248214722,0.02452128186705522,0.03407686576247215,0.0226595476269722,0.0468314103782177,1.0
2667,5462016,5,1,0,4,0.2,0.0,0.8,0.0005551705602556467,0.7436080068349838,0.021873998269438744,-6.0076734066009525,0.008334593026665971,0.03416004776954651,0.022708341479301453,0.046953149139881134,1.0
2668,5464064,7,1,0,6,0.14285714285714285,0.0,0.8571428571428571,0.002712799934670329,0.5391462638974189,0.021698123309761286,-5.998876357078553,0.009786277229432016,0.03425454720854759,0.022849397733807564,0.04705026373267174,1.0
2669,5466112,6,0,1,5,0.0,0.16666666666666666,0.8333333333333334,0.01348142505157739,2.3896732926368713,0.026277977414429186,-5.995206379890442,0.039563233411172405,0.034206368029117584,0.022844752296805382,0.04707052558660507,1.0
2670,5468160,3,0,0,3,0.0,0.0,1.0,-0.0017208521720021963,0.7002617150545121,0.021557289455085994,-6.001683354377747,0.01182573197875172,0.03414067253470421,0.022791633382439613,0.04699453338980675,1.0
2671,5470208,5,0,0,5,0.0,0.0,1.0,0.005682362150400877,0.6127059042453766,0.022528217546641825,-6.007844257354736,0.019664056377951055,0.03408755734562874,0.022715527564287186,0.04703545942902565,1.0
2672,5472256,8,1,0,7,0.125,0.0,0.875,0.003123140847310424,0.4723383203148842,0.021413153689354657,-6.012355756759644,0.016774444933980705,0.034066520631313324,0.022691428661346436,0.04707818105816841,1.0
2673,5474304,8,2,0,6,0.25,0.0,0.75,0.008786108251661063,0.5830932646989823,0.021208915766328572,-6.013355016708374,0.032957975222961976,0.03409291058778763,0.02271345444023609,0.047166094183921814,1.0
2674,5476352,5,1,0,4,0.2,0.0,0.8,0.0017600083258002997,0.2194793127477169,0.02190099274739623,-6.008513140678406,0.01571936586406082,0.0341469906270504,0.022785939276218414,0.047137707471847534,1.0
2675,5478400,6,0,0,6,0.0,0.0,1.0,0.002708977344445884,0.2378270670771599,0.022905674669891594,-6.003814697265625,0.012821712100412696,0.03418245166540146,0.02275502122938633,0.047158412635326385,1.0
2676,5480448,0,0,0,0,0.0,0.0,0.0,0.005185275222174823,0.37377214431762695,0.023323062621057034,-6.005132031440735,0.022128998691914602,0.03410857543349266,0.022725537419319153,0.04694397374987602,1.0
2677,5482496,6,0,0,6,0.0,0.0,1.0,0.0028652398847043513,0.34338722229003904,0.024380771536380054,-6.0085872411727905,0.012633990729227662,0.03409665450453758,0.02271605283021927,0.046844542026519775,1.0
2678,5484544,9,2,0,7,0.2222222222222222,0.0,0.7777777777777778,-2.2615958005189896e-05,0.739818674325943,0.02422625906765461,-6.007424521446228,0.011011498887091875,0.034122712910175323,0.022683871909976006,0.046881694346666336,1.0
2679,5486592,7,0,0,7,0.0,0.0,1.0,0.0017328497022390365,0.32518925368785856,0.02048861514776945,-6.0052563667297365,0.01728274342021905,0.034164413809776306,0.022662952542304993,0.04693528637290001,1.0
2680,5488640,6,1,0,5,0.16666666666666666,0.0,0.8333333333333334,0.004579633171670139,0.5157410308718682,0.02244847845286131,-6.003859162330627,0.014307243440998717,0.034152671694755554,0.022644907236099243,0.04692462459206581,1.0
2681,5490688,4,1,0,3,0.25,0.0,0.75,0.0047126321354880926,0.5469880729913712,0.020288192294538022,-6.006000757217407,0.01856620001490228,0.034122396260499954,0.022612961009144783,0.0468963086605072,1.0
2682,5492736,0,0,0,0,0.0,0.0,0.0,-0.0017911601811647416,1.0887704014778137,0.019525147415697573,-6.008630037307739,0.00668310045148246,0.0341045968234539,0.022594396024942398,0.04682134464383125,1.0
2683,5494784,8,1,0,7,0.125,0.0,0.875,0.002162955002859235,0.864524656534195,0.02050783559679985,-6.009763717651367,0.011930867924820631,0.034074269235134125,0.02256234548985958,0.046671174466609955,1.0
2684,5496832,10,1,0,9,0.1,0.0,0.9,0.006041995761916041,0.6558676868677139,0.01870084526017308,-6.01150267124176,0.015916145482333378,0.034040965139865875,0.022599682211875916,0.04653063789010048,1.0
2685,5498880,7,1,0,6,0.14285714285714285,0.0,0.8571428571428571,0.0027639774838462473,0.6733665704727173,0.016786744352430105,-6.012468361854554,0.013641373091377317,0.03400445729494095,0.02267322689294815,0.04633352905511856,1.0
2686,5500928,6,0,0,6,0.0,0.0,1.0,0.002863544668070972,0.38782900720834734,0.01992405978962779,-6.013646292686462,0.01829368359176442,0.03397723659873009,0.02264653705060482,0.046286690980196,1.0
2687,5502976,2,0,0,2,0.0,0.0,1.0,0.001735324179753661,0.611236110329628,0.017124592512845992,-6.016529989242554,0.012089196970919147,0.03395526111125946,0.022571949288249016,0.046272195875644684,1.0
2688,5505024,2,1,0,1,0.5,0.0,0.5,0.002252414938993752,0.8868976593017578,0.017628693394362925,-6.0195146083831785,0.012611888331593945,0.03394677862524986,0.022469867020845413,0.04634435847401619,1.0
2689,5507072,8,0,0,8,0.0,0.0,1.0,0.0008748555788770318,1.2287750482559203,0.018735875748097895,-6.021534204483032,0.00894589878153056,0.03392884135246277,0.02249903418123722,0.04633360728621483,1.0
2690,5509120,9,0,0,9,0.0,0.0,1.0,0.0023499091155827047,0.1512664582580328,0.016245513502508403,-6.022414565086365,0.015329128404846414,0.0339106023311615,0.022555788978934288,0.04629148542881012,1.0
2691,5511168,6,0,0,6,0.0,0.0,1.0,-0.0022324045887216924,0.2899253338575363,0.020006494503468274,-6.023446559906006,0.016214562515961005,0.03386462852358818,0.022578343749046326,0.04617248475551605,1.0
2692,5513216,5,0,0,5,0.0,0.0,1.0,0.001622078474611044,0.35034595876932145,0.019807171914726494,-6.028308701515198,0.013301612652139739,0.03378508239984512,0.022522807121276855,0.046023473143577576,1.0
2693,5515264,2,0,0,2,0.0,0.0,1.0,0.0006208657054230571,1.0803027033805848,0.023629689868539572,-6.0350250720977785,0.012034735921770335,0.033734031021595,0.022438619285821915,0.04598819836974144,1.0
2694,5517312,4,0,1,3,0.0,0.25,0.75,0.000312277430202812,2.822776222229004,0.028545777965337037,-6.03730309009552,0.014128570514731108,0.03375443071126938,0.02241992950439453,0.04600656032562256,1.0
2695,5519360,11,2,0,9,0.18181818181818182,0.0,0.8181818181818182,0.004510888969525695,0.9719168245792389,0.02428097976371646,-6.0353117942810055,0.013832519523566589,0.033768557012081146,0.022402264177799225,0.04597243294119835,1.0
2696,5521408,6,0,0,6,0.0,0.0,1.0,0.0022215039469301702,0.32141863107681273,0.021248103212565185,-6.03539547920227,0.007825356780085713,0.03373805060982704,0.022418219596147537,0.04588470980525017,1.0
2697,5523456,5,0,0,5,0.0,0.0,1.0,0.00045575841795653105,0.43880127668380736,0.020840759109705686,-6.034861302375793,0.00878910266328603,0.03381061553955078,0.02242235094308853,0.046074699610471725,1.0
2698,5525504,5,1,0,4,0.2,0.0,0.8,0.0026636321330443026,0.9547607690095902,0.02568463459610939,-6.031960797309876,0.013898441690253093,0.03379247710108757,0.022385237738490105,0.04614926129579544,1.0
2699,5527552,3,1,1,1,0.3333333333333333,0.3333333333333333,0.3333333333333333,0.003426558547653258,3.134421706199646,0.02869069157168269,-6.03876645565033,0.017464602150721476,0.03368527442216873,0.022419197484850883,0.046021368354558945,1.0
2700,5529600,6,0,0,6,0.0,0.0,1.0,0.008457282395102083,0.9290762841701508,0.02545429626479745,-6.041873669624328,0.019530935876537113,0.03370460867881775,0.022462036460638046,0.046044424176216125,1.0
2701,5531648,10,1,1,8,0.1,0.1,0.8,0.00018689145799726247,2.2245418965816497,0.02420424111187458,-6.042025709152222,0.01448034027707763,0.03365771472454071,0.02239658124744892,0.04602797329425812,1.0
2702,5533696,6,0,0,6,0.0,0.0,1.0,0.0007908208062872291,0.2848578095436096,0.019179499335587026,-6.047121810913086,0.018363438930828126,0.03361938148736954,0.022424563765525818,0.04589902237057686,1.0
2703,5535744,3,0,0,3,0.0,0.0,1.0,0.0008787514641880989,0.36014327257871626,0.017356823291629554,-6.047160172462464,0.013369183545000852,0.033600084483623505,0.022527869790792465,0.04570295661687851,1.0
2704,5537792,7,3,0,4,0.42857142857142855,0.0,0.5714285714285714,0.007567052473314106,0.8200999677181244,0.01795568559318781,-6.046252250671387,0.028602890769252553,0.03357548639178276,0.0225635077804327,0.04562004655599594,1.0
2705,5539840,3,2,0,1,0.6666666666666666,0.0,0.3333333333333333,0.0019026147667318583,0.9326933175325394,0.01779055893421173,-6.047893929481506,0.015732673322781922,0.033577606081962585,0.022526973858475685,0.045702651143074036,1.0
2706,5541888,5,0,0,5,0.0,0.0,1.0,0.002524954406544566,0.4533978119492531,0.021546360477805136,-6.047307372093201,0.015049653546884655,0.03361355513334274,0.022531850263476372,0.045834992080926895,1.0
2707,5543936,12,0,1,11,0.0,0.08333333333333333,0.9166666666666666,0.008134088153019548,2.3567821621894836,0.019942506030201913,-6.046623802185058,0.0349784279067535,0.03359927237033844,0.02259519323706627,0.04596143215894699,1.0
2708,5545984,3,0,0,3,0.0,0.0,1.0,0.010946760466322304,0.5310232967138291,0.020318730268627405,-6.0486037015914915,0.037668638268951324,0.03357715159654617,0.02256139926612377,0.04598688334226608,1.0
2709,5548032,5,0,1,4,0.0,0.2,0.8,0.005693171452730894,2.852922511100769,0.026928944699466228,-6.052526450157165,0.03127181804156862,0.03354518115520477,0.022484812885522842,0.04599135369062424,1.0
2710,5550080,6,0,1,5,0.0,0.16666666666666666,0.8333333333333334,0.0011736417887732386,1.708296972513199,0.02296690857037902,-6.053492760658264,0.019761120993644,0.03357846289873123,0.022540075704455376,0.04603399708867073,1.0
2711,5552128,4,1,0,3,0.25,0.0,0.75,0.0007191602606326341,0.649327278137207,0.024615611508488656,-6.0492919206619264,0.012260867492295801,0.033569544553756714,0.02260565757751465,0.045802876353263855,1.0
2712,5554176,8,2,0,6,0.25,0.0,0.75,-0.00022020582109689714,0.6698607861995697,0.025257515907287597,-6.048130226135254,0.012204872857546433,0.033588167279958725,0.022636447101831436,0.04580941051244736,1.0
2713,5556224,7,0,0,7,0.0,0.0,1.0,0.004312061006203294,0.3488193616271019,0.019450119510293008,-6.044328713417054,0.018039110844256356,0.03365449607372284,0.02268308773636818,0.04594554379582405,1.0
2714,5558272,3,0,0,3,0.0,0.0,1.0,-0.0009536996949464083,0.31212339252233506,0.022735259681940078,-6.039748287200927,0.013179875671630726,0.033652931451797485,0.02275230921804905,0.04581541568040848,1.0
2715,5560320,5,0,0,5,0.0,0.0,1.0,0.001488485187292099,0.3468616589903831,0.0196449076756835,-6.041098976135254,0.009472092107171193,0.0335698202252388,0.02277258411049843,0.04558320716023445,1.0
2716,5562368,6,0,0,6,0.0,0.0,1.0,0.004411452915519476,0.5436930164694787,0.019849224388599394,-6.04952609539032,0.01341344565153122,0.03347058594226837,0.022675231099128723,0.045563336461782455,1.0
2717,5564416,5,0,0,5,0.0,0.0,1.0,0.003420349024236202,0.52156280875206,0.01858574477955699,-6.055133509635925,0.010834056825842708,0.03349906951189041,0.02265089936554432,0.0456673726439476,1.0
2718,5566464,8,1,0,7,0.125,0.0,0.875,0.008855345356278122,0.39217981696128845,0.019734723679721355,-6.052300071716308,0.02169918897561729,0.03352591022849083,0.022637849673628807,0.04573458060622215,1.0
2719,5568512,5,0,0,5,0.0,0.0,1.0,-0.0007120052119717002,0.2007626686245203,0.02057722704485059,-6.052389240264892,0.010455446713604034,0.03350785747170448,0.022632552310824394,0.04566770792007446,1.0
2720,5570560,5,2,0,3,0.4,0.0,0.6,-0.00047247172333300116,1.0316493064165115,0.01968591529875994,-6.053653264045716,0.016109314031200483,0.033479105681180954,0.02261298894882202,0.04554380849003792,1.0
2721,5572608,7,0,0,7,0.0,0.0,1.0,0.0013451528968289495,0.7360132694244385,0.022624471690505743,-6.05669252872467,0.020563724794192238,0.0334150493144989,0.02262995019555092,0.045330267399549484,1.0
2722,5574656,4,0,1,3,0.0,0.25,0.75,0.000348893110640347,2.7629045605659486,0.026214979216456415,-6.061793494224548,0.015190984908258542,0.033316679298877716,0.022555343806743622,0.04513091966509819,1.0
2723,5576704,5,1,0,4,0.2,0.0,0.8,0.001137269614264369,0.714507856965065,0.02290066434070468,-6.067687177658081,0.007700085395481437,0.0333145447075367,0.02259381115436554,0.04507363587617874,1.0
2724,5578752,9,0,0,9,0.0,0.0,1.0,-0.0012225921032950281,0.7233984619379044,0.02507734876126051,-6.065634846687317,0.016816634160932153,0.03331374749541283,0.022603044286370277,0.04508606344461441,1.0
2725,5580800,7,2,0,5,0.2857142857142857,0.0,0.7142857142857143,0.002893750963266939,0.5773444384336471,0.023383970744907855,-6.067631673812866,0.013586904719704761,0.03328581899404526,0.0225980281829834,0.04507463797926903,1.0
2726,5582848,5,2,0,3,0.4,0.0,0.6,-0.003356664814054966,0.5567893236875534,0.025304667931050063,-6.0686605215072635,0.009951300307875499,0.03330254554748535,0.02260732837021351,0.04524969309568405,1.0
2727,5584896,5,1,1,3,0.2,0.2,0.6,-0.00021173895802348853,1.7805114567279816,0.024448514543473722,-6.067410039901733,0.01734958280576393,0.03334809094667435,0.022663388401269913,0.04535641893744469,1.0
2728,5586944,9,5,0,4,0.5555555555555556,0.0,0.4444444444444444,-0.003949747188016772,1.0936961263418197,0.023821657709777355,-6.063021039962768,0.019259260897524656,0.033363647758960724,0.022746091708540916,0.04531669616699219,1.0
2729,5588992,8,1,1,6,0.125,0.125,0.75,-0.0010053648613393307,1.7285531103610992,0.02149138581007719,-6.060881042480469,0.017695896473014727,0.03337123990058899,0.022772040218114853,0.0452626533806324,1.0
2730,5591040,6,0,0,6,0.0,0.0,1.0,0.011252718954347074,0.274761313945055,0.025435369275510312,-6.061216521263122,0.028246191213838756,0.03333308547735214,0.022779090330004692,0.04516269639134407,1.0
2731,5593088,3,0,0,3,0.0,0.0,1.0,0.006159897102043033,0.43778265118598936,0.024169314280152322,-6.064427208900452,0.023245754704112186,0.033278688788414,0.02280067652463913,0.04501153528690338,1.0
2732,5595136,3,0,0,3,0.0,0.0,1.0,0.005999719933606684,0.5024930074810982,0.022116118762642144,-6.067518329620361,0.021383742603939028,0.033234819769859314,0.022813471034169197,0.044888611882925034,1.0
2733,5597184,5,0,0,5,0.0,0.0,1.0,0.003488983167335391,0.43384066224098206,0.023439950589090586,-6.069844722747803,0.008572008204646408,0.03320639580488205,0.02283625118434429,0.0447608157992363,1.0
2734,5599232,10,2,0,8,0.2,0.0,0.8,0.002953430311754346,1.0048157304525376,0.020489581488072874,-6.072898173332215,0.008347320172470063,0.03313649445772171,0.022805465385317802,0.04465784505009651,1.0
2735,5601280,8,1,0,7,0.125,0.0,0.875,-0.003567816945724189,0.48268951922655107,0.023202437441796064,-6.077550005912781,0.014320715010398999,0.03312743827700615,0.022820116952061653,0.04470187425613403,1.0
2736,5603328,5,0,0,5,0.0,0.0,1.0,-0.0007018294651061297,0.1683513768017292,0.025680878572165965,-6.076361560821534,0.02368565811193548,0.03315134719014168,0.022866778075695038,0.04477143660187721,1.0
2737,5605376,3,1,0,2,0.3333333333333333,0.0,0.6666666666666666,0.0017123094061389566,0.5992396026849747,0.026948774699121714,-6.072788286209106,0.010814366658451036,0.0332036092877388,0.02296326495707035,0.044696882367134094,1.0
2738,5607424,2,0,0,2,0.0,0.0,1.0,0.0009330800734460354,0.49952788800001147,0.02600793233141303,-6.066884160041809,0.007212140609044582,0.03322317823767662,0.02288411557674408,0.044663213193416595,1.0
2739,5609472,6,0,0,6,0.0,0.0,1.0,0.0018616510555148126,0.5984552651643753,0.022410069592297077,-6.069200253486633,0.004972630302654579,0.03319914638996124,0.02275025099515915,0.04463203251361847,1.0
2740,5611520,11,0,0,11,0.0,0.0,1.0,0.004987047938629985,0.3458821550011635,0.028000308107584714,-6.072428774833679,0.020909533253870904,0.03318464756011963,0.022645970806479454,0.04463190585374832,1.0
2741,5613568,5,0,0,5,0.0,0.0,1.0,0.011967573384754359,0.14309270717203618,0.024564534798264502,-6.07329044342041,0.030939018336357548,0.03322439268231392,0.022559097036719322,0.04477464035153389,1.0
2742,5615616,5,0,0,5,0.0,0.0,1.0,0.0007357091642916202,0.21900087893009185,0.02570644598454237,-6.072644066810608,0.011548403435153887,0.03321979567408562,0.022505488246679306,0.04479264095425606,1.0
2743,5617664,6,1,2,3,0.16666666666666666,0.3333333333333333,0.5,-0.0012718935264274477,4.4345758080482485,0.028640211466699837,-6.077629208564758,0.011865650804247707,0.033116165548563004,0.022442134097218513,0.044658198952674866,1.0
2744,5619712,5,1,0,4,0.2,0.0,0.8,0.0027759622782468794,0.5542070269584656,0.025140201020985842,-6.086376261711121,0.013684866402763873,0.03303578123450279,0.02246207557618618,0.04442249983549118,1.0
2745,5621760,6,0,1,5,0.0,0.16666666666666666,0.8333333333333334,-0.0008343799039721489,2.3590985238552094,0.028068745415657757,-6.087814116477967,0.016837488993769512,0.03306145966053009,0.022476350888609886,0.0445026233792305,1.0
2746,5623808,7,0,0,7,0.0,0.0,1.0,-0.0008936654776334763,0.43298079520463945,0.0242019166238606,-6.086313080787659,0.011663737631170078,0.03306194394826889,0.022400138899683952,0.04452553763985634,1.0
2747,5625856,6,0,0,6,0.0,0.0,1.0,0.005653565376996994,0.34429469108581545,0.021885421499609946,-6.088560461997986,0.030932369304355233,0.03305083140730858,0.022356728091835976,0.04453268274664879,1.0
2748,5627904,4,0,0,4,0.0,0.0,1.0,0.012120398879051208,0.3384402886033058,0.02204378889873624,-6.089486408233642,0.027333839365746827,0.03304222226142883,0.022348446771502495,0.044536132365465164,1.0
2749,5629952,7,0,2,5,0.0,0.2857142857142857,0.7142857142857143,0.004524879180826247,4.366287302970886,0.026234562508761883,-6.0889363288879395,0.021735286648618058,0.03307567536830902,0.022372789680957794,0.044545434415340424,1.0
2750,5632000,5,1,0,4,0.2,0.0,0.8,0.01820278443628922,0.6769320845603943,0.021224017068743706,-6.085590720176697,0.03822764333453961,0.03309261426329613,0.022376704961061478,0.04456188157200813,1.0
2751,5634048,6,0,0,6,0.0,0.0,1.0,6.459052674472332e-05,0.2864335298538208,0.02011148175224662,-6.084901690483093,0.016639915038831533,0.03313944488763809,0.0223096814006567,0.04477534070611,1.0
2752,5636096,6,0,0,6,0.0,0.0,1.0,0.0004786487203091383,0.22128171995282173,0.020727193914353848,-6.081391549110412,0.01402057653758675,0.033209070563316345,0.022332847118377686,0.04501332715153694,1.0
2753,5638144,5,0,0,5,0.0,0.0,1.0,0.005564123438671231,0.6494795396924019,0.02189133083447814,-6.078618478775025,0.012421870091930031,0.033225804567337036,0.02229868434369564,0.04510132968425751,1.0
2754,5640192,5,0,1,4,0.0,0.2,0.8,0.002308089332655072,2.1596853494644166,0.02766665080562234,-6.079721975326538,0.022254170186351986,0.03318611904978752,0.022294985130429268,0.04498538002371788,1.0
2755,5642240,7,0,0,7,0.0,0.0,1.0,0.00645562638528645,0.39461693316698077,0.0230899378657341,-6.083029627799988,0.019600721274036913,0.03313419222831726,0.02223905362188816,0.04469229280948639,1.0
2756,5644288,4,0,0,4,0.0,0.0,1.0,0.0017901203595101834,0.6713272362947464,0.02294862512499094,-6.087548804283142,0.0075992140220478175,0.03305786848068237,0.022163160145282745,0.04456675425171852,1.0
2757,5646336,7,0,0,7,0.0,0.0,1.0,0.0005492541356943547,0.5276207461953163,0.022040746361017226,-6.091719937324524,0.02006785209523514,0.0330766960978508,0.022159256041049957,0.04460405558347702,1.0
2758,5648384,5,0,0,5,0.0,0.0,1.0,0.00257347640581429,0.20710830688476561,0.024239909090101718,-6.088185596466064,0.01321806088089943,0.03310463950037956,0.022284122183918953,0.04468800872564316,1.0
2759,5650432,5,0,0,5,0.0,0.0,1.0,0.0006076039513573051,0.24924504682421683,0.024251595698297025,-6.086998510360718,0.008833201410016044,0.03308465704321861,0.022289259359240532,0.04470372572541237,1.0
2760,5652480,6,0,0,6,0.0,0.0,1.0,-0.0009456393541768193,0.54006986618042,0.025004377122968435,-6.090430164337159,0.011275333963567391,0.03302852436900139,0.022290147840976715,0.04459046572446823,1.0
2761,5654528,5,0,0,5,0.0,0.0,1.0,0.0016280468786135315,0.709705325961113,0.025154080614447592,-6.0948073387146,0.009021410351851954,0.03296733647584915,0.02224508486688137,0.04445887729525566,1.0
2762,5656576,5,0,1,4,0.0,0.2,0.8,-0.0017675491515547037,2.6950935244560243,0.02979080006480217,-6.09673502445221,0.005689950234955177,0.03301464766263962,0.022306760773062706,0.04452255368232727,1.0
2763,5658624,8,0,1,7,0.0,0.125,0.875,0.0016474941046908497,1.8005821228027343,0.0271486297249794,-6.091684317588806,0.023402629850897937,0.033020179718732834,0.022374561056494713,0.04449380561709404,1.0
2764,5660672,5,0,0,5,0.0,0.0,1.0,0.016665876563638448,0.43238033205270765,0.024158490635454655,-6.0906840562820435,0.03092227399465628,0.03303898870944977,0.02237042784690857,0.04447910562157631,1.0
2765,5662720,4,0,0,4,0.0,0.0,1.0,0.00846744067966938,0.5192995309829712,0.028084263671189547,-6.086926388740539,0.017003097740234806,0.0330972895026207,0.022443339228630066,0.04456556588411331,1.0
2766,5664768,5,0,0,5,0.0,0.0,1.0,0.006570746353827417,0.5293321162462234,0.026252233330160378,-6.084026741981506,0.017431104672141373,0.033088915050029755,0.022438818588852882,0.044619735330343246,1.0
2767,5666816,7,1,0,6,0.14285714285714285,0.0,0.8571428571428571,0.006586247566156089,0.47986184656620023,0.02712340597063303,-6.085808253288269,0.023394210968399422,0.03308016061782837,0.022422216832637787,0.04460638761520386,1.0
2768,5668864,6,0,0,6,0.0,0.0,1.0,-0.00030252255965024233,0.6032049208879471,0.02499757343903184,-6.084735035896301,0.010333043051650748,0.033127184957265854,0.02243945375084877,0.04464510455727577,1.0
2769,5670912,10,0,2,8,0.0,0.2,0.8,0.0014091855147853494,4.14912086725235,0.027729864045977593,-6.07989273071289,0.016181496292119846,0.033175356686115265,0.022418586537241936,0.04475534334778786,1.0
2770,5672960,3,0,0,3,0.0,0.0,1.0,0.008448715577833355,0.3682243496179581,0.020772489812225105,-6.078724217414856,0.020664914598455653,0.03318227455019951,0.022387342527508736,0.044817619025707245,1.0
2771,5675008,6,0,1,5,0.0,0.16666666666666666,0.8333333333333334,-8.629844523966313e-06,1.2187287092208863,0.02303934171795845,-6.078583168983459,0.013277300575282425,0.033190641552209854,0.022417625412344933,0.04479126259684563,1.0
2772,5677056,3,0,0,3,0.0,0.0,1.0,0.0013703181990422308,0.8103399991989135,0.02140988316386938,-6.076813554763794,0.00868265237659216,0.033210594207048416,0.0223655104637146,0.044823333621025085,1.0
2773,5679104,5,0,0,5,0.0,0.0,1.0,-0.00016682317946106195,0.459513920545578,0.023495846521109344,-6.080334329605103,0.011386801738990471,0.03312549740076065,0.02219410054385662,0.044783927500247955,1.0
2774,5681152,7,0,0,7,0.0,0.0,1.0,0.009645001823082566,0.664388045668602,0.023356608860194684,-6.091557288169861,0.014116541860857978,0.03303033858537674,0.022089796140789986,0.04466593638062477,1.0
2775,5683200,9,0,0,9,0.0,0.0,1.0,0.011200712807476521,0.5963815420866012,0.026648152340203523,-6.097552108764648,0.021347506815800443,0.03300749510526657,0.022064588963985443,0.04465554282069206,1.0
2776,5685248,3,0,0,3,0.0,0.0,1.0,0.00181912905536592,0.6044102549552918,0.02399263037368655,-6.099341988563538,0.010413804452400654,0.03297233581542969,0.02211512252688408,0.04462138190865517,1.0
2777,5687296,5,0,0,5,0.0,0.0,1.0,0.0016765113454312087,0.4386997014284134,0.02558154696598649,-6.102058410644531,0.012166869884822518,0.032930538058280945,0.022098788991570473,0.04458056017756462,1.0
2778,5689344,3,0,0,3,0.0,0.0,1.0,0.011392057011835276,0.4289952993392944,0.024209660571068527,-6.106537699699402,0.023327226081164554,0.032893285155296326,0.022054050117731094,0.04456726834177971,1.0
2779,5691392,7,0,1,6,0.0,0.14285714285714285,0.8571428571428571,-0.00041086901910603046,2.575338524580002,0.021482881717383863,-6.108063983917236,0.02177511323825456,0.03290633112192154,0.02209162339568138,0.044524792581796646,1.0
2780,5693440,8,0,0,8,0.0,0.0,1.0,0.005625783116556704,0.16373956799507142,0.019979608710855246,-6.106143927574157,0.014379645278677345,0.03288228064775467,0.022100448608398438,0.04442601650953293,1.0
2781,5695488,7,0,1,6,0.0,0.14285714285714285,0.8571428571428571,0.002834574459120631,2.2183211386203765,0.02300337152555585,-6.105621552467346,0.03735009508673102,0.0329400859773159,0.022143607959151268,0.044489189982414246,1.0
2782,5697536,3,0,0,3,0.0,0.0,1.0,0.0029249220620840787,0.5361593708395958,0.025984538439661264,-6.099421691894531,0.01628811900736764,0.03296864032745361,0.022211585193872452,0.04447402432560921,1.0
2783,5699584,7,0,2,5,0.0,0.2857142857142857,0.7142857142857143,-2.2467621602118015e-05,3.449354040622711,0.03342807088047266,-6.100244688987732,0.01324996780604124,0.032904110848903656,0.022243954241275787,0.04434547573328018,1.0
2784,5701632,6,0,1,5,0.0,0.16666666666666666,0.8333333333333334,0.0014996211975812912,2.1676457583904267,0.028350414335727693,-6.102664995193481,0.012235026090638711,0.03290726989507675,0.022281326353549957,0.044290732592344284,1.0
2785,5703680,4,0,0,4,0.0,0.0,1.0,0.002597336797043681,0.4581648260354996,0.02838138770312071,-6.101810646057129,0.014158920431509615,0.03290040045976639,0.022207507863640785,0.04426782205700874,1.0
2786,5705728,7,0,0,7,0.0,0.0,1.0,0.00028589591383934023,0.2672655314207077,0.023145552445203065,-6.104093289375305,0.008299454633379355,0.03288119658827782,0.022176751866936684,0.04420222342014313,1.0
2787,5707776,5,0,0,5,0.0,0.0,1.0,0.00310312241781503,0.23776528760790824,0.022266056016087533,-6.104226350784302,0.01810305278049782,0.0328979417681694,0.022157400846481323,0.044195499271154404,1.0
2788,5709824,6,0,0,6,0.0,0.0,1.0,-0.0012474956340156496,0.2952541172504425,0.022188538778573276,-6.100740242004394,0.007900469261221588,0.03296796977519989,0.022168245166540146,0.04433507099747658,1.0
2789,5711872,4,0,0,4,0.0,0.0,1.0,-0.000529557466506958,0.22037797272205353,0.021066995058208703,-6.093902635574341,0.011812271049711854,0.03305082395672798,0.022283023223280907,0.04440106078982353,1.0
2790,5713920,6,0,0,6,0.0,0.0,1.0,0.0072419198229908945,0.4809154734015465,0.02387157119810581,-6.088438558578491,0.021579987718723714,0.033042218536138535,0.022281041368842125,0.04440084844827652,1.0
2791,5715968,5,0,0,5,0.0,0.0,1.0,4.295045509934425e-05,0.37448752075433733,0.027500249072909357,-6.091142058372498,0.016327055217698217,0.033008866012096405,0.022295339033007622,0.044273342937231064,1.0
2792,5718016,7,0,0,7,0.0,0.0,1.0,0.0017531263409182429,0.4537433996796608,0.023546835407614708,-6.0924503087997435,0.012642398488242178,0.032979320734739304,0.022306574508547783,0.04417954012751579,1.0
2793,5720064,6,0,1,5,0.0,0.16666666666666666,0.8333333333333334,0.00024246135726571083,2.3641051948070526,0.026158097479492427,-6.093553519248962,0.024466791393933818,0.032987430691719055,0.0223099198192358,0.04422830417752266,1.0
2794,5722112,6,0,1,5,0.0,0.16666666666666666,0.8333333333333334,0.0022581543307751417,2.3617998898029327,0.028152151964604855,-6.094156098365784,0.018520300468662754,0.03296219930052757,0.022248897701501846,0.04422402381896973,1.0
2795,5724160,5,0,0,5,0.0,0.0,1.0,0.0015098955482244492,0.5070096239447593,0.02143942229449749,-6.099979877471924,0.015411569504067302,0.032862015068531036,0.022223668172955513,0.044063467532396317,1.0
2796,5726208,5,0,0,5,0.0,0.0,1.0,0.0028443435323424636,0.3991548418998718,0.02198761301115155,-6.105722570419312,0.010176279890583829,0.03283853828907013,0.02223454974591732,0.04391969367861748,1.0
2797,5728256,5,0,1,4,0.0,0.2,0.8,0.000290280522312969,2.4262045443058016,0.023140700440853833,-6.103694605827331,0.023592448577983306,0.03287903591990471,0.022263379767537117,0.04391634464263916,1.0
2798,5730304,7,0,0,7,0.0,0.0,1.0,0.00044287373311817645,0.502686382830143,0.02209539646282792,-6.099041533470154,0.015996639925288037,0.032947078347206116,0.022198058664798737,0.04411572590470314,1.0
2799,5732352,5,0,0,5,0.0,0.0,1.0,0.0014076693682000042,0.5795332252979278,0.02231642175465822,-6.096217036247253,0.016734781046397983,0.032991278916597366,0.022192122414708138,0.04421643540263176,1.0
2800,5734400,6,0,0,6,0.0,0.0,1.0,0.0031043574213981628,0.3638526722788811,0.02223696932196617,-6.093557548522949,0.013302624551579356,0.03300550580024719,0.022182103246450424,0.04420871287584305,1.0
2801,5736448,6,0,0,6,0.0,0.0,1.0,-0.003679628693498671,0.6980227470397949,0.02332690553739667,-6.094796991348266,0.00913121736375615,0.03294408321380615,0.02214258909225464,0.04407674819231033,1.0
2802,5738496,4,0,1,3,0.0,0.25,0.75,6.906064227223397e-05,2.140366071462631,0.0246116952970624,-6.099588012695312,0.01928875470184721,0.032924868166446686,0.02211104705929756,0.04404865950345993,1.0
2803,5740544,6,0,0,6,0.0,0.0,1.0,-5.767478141933679e-05,0.41979026347398757,0.02193410210311413,-6.100298500061035,0.008797374705318361,0.03294731304049492,0.02209671214222908,0.04416700825095177,1.0
2804,5742592,8,0,1,7,0.0,0.125,0.875,-0.00016089496202766895,2.668222451210022,0.030276690423488618,-6.09998209476471,0.015481677721254528,0.03293876349925995,0.022042052820324898,0.044207748025655746,1.0
2805,5744640,5,0,1,4,0.0,0.2,0.8,0.013051088387146591,2.5230182468891145,0.026877313572913408,-6.101740980148316,0.02648743411991745,0.03290802240371704,0.02210158109664917,0.04398958384990692,1.0
2806,5746688,8,0,1,7,0.0,0.125,0.875,0.01045831674709916,2.2522374212741854,0.024701510649174453,-6.0994044780731205,0.027879214391577988,0.032928016036748886,0.02220073714852333,0.043832700699567795,1.0
2807,5748736,4,0,0,4,0.0,0.0,1.0,0.008330378471873701,0.48511568307876585,0.02066789157688618,-6.09689245223999,0.025194832729175685,0.03291855379939079,0.022258872166275978,0.0438416413962841,1.0
2808,5750784,4,0,1,3,0.0,0.25,0.75,-0.00021902797743678093,2.4447168707847595,0.027854032069444656,-6.09634919166565,0.008696175168734045,0.032931044697761536,0.022368356585502625,0.043917231261730194,1.0
2809,5752832,6,0,1,5,0.0,0.16666666666666666,0.8333333333333334,0.0015902835875749588,2.2123245358467103,0.02973306691274047,-6.094214868545532,0.013777063944144175,0.03294764459133148,0.022381769493222237,0.04401256889104843,1.0
2810,5754880,9,0,1,8,0.0,0.1111111111111111,0.8888888888888888,0.0030104930861853062,1.7087326526641846,0.02489952091127634,-6.094379806518555,0.018234002322424205,0.0329720713198185,0.022308457642793655,0.04416915774345398,1.0
2811,5756928,4,0,0,4,0.0,0.0,1.0,0.003848554752767086,0.697248387336731,0.023369112238287925,-6.092713046073913,0.010805883951252326,0.03301527351140976,0.022273652255535126,0.04426858201622963,1.0
2812,5758976,7,0,0,7,0.0,0.0,1.0,0.002089510206133127,0.5375919789075851,0.023058860469609498,-6.09299328327179,0.00859371515107341,0.03293712064623833,0.0223098024725914,0.04396088793873787,1.0
2813,5761024,2,0,0,2,0.0,0.0,1.0,5.521560087800026e-05,0.6788161963224411,0.022660781815648078,-6.095018911361694,0.015803926647640763,0.03295590355992317,0.022402504459023476,0.04390895366668701,1.0
2814,5763072,5,0,0,5,0.0,0.0,1.0,0.007775617437437177,0.6192082464694977,0.02327387621626258,-6.091888284683227,0.013562078768154606,0.03293812274932861,0.02239827997982502,0.04384887218475342,1.0
2815,5765120,7,1,0,6,0.14285714285714285,0.0,0.8571428571428571,0.0009077222202904522,0.7105772018432617,0.02294480800628662,-6.093467593193054,0.013508495368296281,0.03292836248874664,0.022407403215765953,0.04374787583947182,1.0
2816,5767168,9,0,1,8,0.0,0.1111111111111111,0.8888888888888888,0.0004006042145192623,2.2567736387252806,0.027792033832520248,-6.095651841163635,0.013176193321123719,0.032860685139894485,0.022374294698238373,0.04361797869205475,1.0
2817,5769216,4,0,0,4,0.0,0.0,1.0,0.002396151307038963,0.3945074439048767,0.020496311690658332,-6.099515724182129,0.010274220886640251,0.0328698456287384,0.02234223484992981,0.04361068084836006,1.0
2818,5771264,6,0,0,6,0.0,0.0,1.0,0.0033997117658145725,0.6425767928361893,0.02148702144622803,-6.098406219482422,0.015124795027077198,0.03286641836166382,0.022294480353593826,0.04362223297357559,1.0
2819,5773312,2,0,0,2,0.0,0.0,1.0,0.0008503853809088468,0.4660423263907433,0.022249080054461957,-6.102039432525634,0.014436453318921849,0.03281129151582718,0.022257955744862556,0.04349115490913391,1.0
2820,5775360,8,0,2,6,0.0,0.25,0.75,0.0013100380077958108,4.347293245792389,0.035040698014199734,-6.103169727325439,0.012517526396550238,0.03284383565187454,0.02232661098241806,0.04352160915732384,1.0
2821,5777408,7,0,0,7,0.0,0.0,1.0,0.0015783448703587054,0.6230946987867355,0.02340057212859392,-6.099747943878174,0.004027677298290655,0.03281323239207268,0.022399941459298134,0.04333529993891716,1.0
2822,5779456,8,0,0,8,0.0,0.0,1.0,0.006772995786741376,0.45730786472558976,0.024655736144632102,-6.102676892280579,0.02386818462400697,0.03276731073856354,0.022428439930081367,0.04320714622735977,1.0
2823,5781504,4,0,0,4,0.0,0.0,1.0,-0.002429773984476924,0.5699685394763947,0.024009701143950225,-6.103472089767456,0.009526687470497563,0.03277774155139923,0.022450579330325127,0.043273136019706726,1.0
2824,5783552,3,0,0,3,0.0,0.0,1.0,-0.0005431808065623045,0.5659320503473282,0.02328007472679019,-6.1019062995910645,0.011979204043745995,0.03280789777636528,0.02245323918759823,0.04332449659705162,1.0
2825,5785600,4,0,1,3,0.0,0.25,0.75,-0.0014640012290328742,2.159931206703186,0.025460309721529482,-6.0996500730514525,0.027221027010818945,0.03281725198030472,0.02249404788017273,0.043317489326000214,1.0
2826,5787648,9,0,1,8,0.0,0.1111111111111111,0.8888888888888888,-0.001415040739811957,2.376665157079697,0.030100551061332227,-6.101604342460632,0.020320134639041497,0.03274696692824364,0.022475503385066986,0.043217066675424576,1.0
2827,5789696,7,0,0,7,0.0,0.0,1.0,-0.002002289076335728,0.5788982465863228,0.0243915936909616,-6.105130672454834,0.014416946546407416,0.03275729715824127,0.02252160757780075,0.043191149830818176,1.0
2828,5791744,7,0,0,7,0.0,0.0,1.0,0.0034901049686595796,0.22519302889704704,0.026238703355193137,-6.101592421531677,0.013783583388430998,0.032770976424217224,0.022593017667531967,0.04313187673687935,1.0
2829,5793792,3,0,1,2,0.0,0.3333333333333333,0.6666666666666666,-7.967590354382992e-05,1.6694568932056426,0.024351442325860263,-6.094635653495788,0.01608762169489637,0.03293539211153984,0.022733991965651512,0.04329424723982811,1.0
2830,5795840,3,0,0,3,0.0,0.0,1.0,-0.002134551224298775,0.2585910804569721,0.023304775450378658,-6.0810800075531,0.011870735051343218,0.033002108335494995,0.02275152876973152,0.04352502524852753,1.0
2831,5797888,4,0,0,4,0.0,0.0,1.0,0.002527402155101299,0.31795204132795335,0.026188025902956723,-6.081204915046692,0.009039950504666194,0.03300609439611435,0.022680260241031647,0.043691761791706085,1.0
2832,5799936,9,0,1,8,0.0,0.1111111111111111,0.8888888888888888,0.0033914053812623022,1.7209640473127366,0.025974583439528943,-6.082355976104736,0.03774541937164031,0.0330110564827919,0.022652192041277885,0.04372309893369675,1.0
2833,5801984,9,0,0,9,0.0,0.0,1.0,-0.0004513893974944949,0.18555315658450128,0.020361116342246532,-6.082941102981567,0.013805743597913533,0.03298897296190262,0.022595219314098358,0.043761737644672394,1.0
2834,5804032,4,0,0,4,0.0,0.0,1.0,0.003365663159638643,0.13886662758886814,0.021111094485968353,-6.088211107254028,0.019001747900620102,0.03293057531118393,0.022547895088791847,0.04373542219400406,1.0
2835,5806080,4,0,1,3,0.0,0.25,0.75,0.0010092147276736796,2.429182255268097,0.026407862175256015,-6.091073012351989,0.024715482408646496,0.03294059634208679,0.022554870694875717,0.043700095266103745,1.0
2836,5808128,5,1,0,4,0.2,0.0,0.8,0.0024878019466996193,0.3810033455491066,0.02267064740881324,-6.088078093528748,0.008816220110747962,0.032951533794403076,0.022618941962718964,0.04354092478752136,1.0
2837,5810176,2,0,0,2,0.0,0.0,1.0,0.0008209245279431343,0.340531288087368,0.0249967142008245,-6.086886239051819,0.017909518157830463,0.03294350206851959,0.022636599838733673,0.043526653200387955,1.0
2838,5812224,10,0,0,10,0.0,0.0,1.0,-0.00264072404243052,0.3613466754555702,0.021938624046742915,-6.089491701126098,0.010007692477665841,0.03288502246141434,0.022588174790143967,0.043504126369953156,1.0
2839,5814272,11,2,0,9,0.18181818181818182,0.0,0.8181818181818182,-0.0009631027234718204,0.49183575063943863,0.023742924723774195,-6.094405770301819,0.012887725851032882,0.03288133442401886,0.02250230684876442,0.043588463217020035,1.0
2840,5816320,3,0,0,3,0.0,0.0,1.0,0.0016494899988174438,0.2063071295619011,0.025419069360941647,-6.095502305030823,0.012975377711700275,0.03289289027452469,0.022425644099712372,0.04369201138615608,1.0
2841,5818368,3,0,0,3,0.0,0.0,1.0,-0.002508462592959404,0.38297909647226336,0.023730876110494136,-6.097819137573242,0.021027032734127715,0.03285231813788414,0.022343657910823822,0.04369276389479637,1.0
2842,5820416,4,0,0,4,0.0,0.0,1.0,-0.0004163604229688644,0.235243371874094,0.025759646017104388,-6.1056720495224,0.016845526767428964,0.03273049741983414,0.022258326411247253,0.04336141422390938,1.0
2843,5822464,5,1,1,3,0.2,0.2,0.6,0.002882271306589246,2.5161999106407165,0.027385810296982525,-6.11355574131012,0.0157022463332396,0.032673753798007965,0.02218165434896946,0.04324417561292648,1.0
2844,5824512,9,0,0,9,0.0,0.0,1.0,-0.0018926360877230763,0.17744423896074296,0.023728444892913102,-6.118449592590332,0.007621435512555763,0.032639846205711365,0.02216111682355404,0.043397124856710434,1.0
2845,5826560,9,0,0,9,0.0,0.0,1.0,0.0030374044203199447,0.27991110533475877,0.021121259685605763,-6.118432426452637,0.023577334824949503,0.032708119601011276,0.022296052426099777,0.04354088380932808,1.0
2846,5828608,3,0,0,3,0.0,0.0,1.0,-0.00266633708961308,0.4556564435362816,0.023025383707135916,-6.109689855575562,0.0160484341555275,0.03277735412120819,0.022456472739577293,0.04364887624979019,1.0
2847,5830656,4,0,1,3,0.0,0.25,0.75,0.0022817195393145086,2.7208626866340637,0.02696975627914071,-6.104052424430847,0.013169261970324442,0.032799866050481796,0.02250615507364273,0.04364308714866638,1.0
2848,5832704,6,2,0,4,0.3333333333333333,0.0,0.6666666666666666,0.001857655425556004,1.2230479836463928,0.022488226741552354,-6.103944873809814,0.01167893490055576,0.032790523022413254,0.022434072569012642,0.0436922125518322,1.0
2849,5834752,8,3,0,5,0.375,0.0,0.625,0.00091670963447541,0.910610044002533,0.02750162286683917,-6.105634379386902,0.018999968632124366,0.032802894711494446,0.022373808547854424,0.04378119111061096,1.0
2850,5836800,6,1,0,5,0.16666666666666666,0.0,0.8333333333333334,0.014169038599357009,0.47850641757249834,0.02713334998115897,-6.105406951904297,0.02647921848692931,0.032808735966682434,0.02240990288555622,0.04380344972014427,1.0
2851,5838848,7,0,0,7,0.0,0.0,1.0,-0.0014400738058611751,0.3834482118487358,0.024471367616206406,-6.1061105012893675,0.010539461311418563,0.032763268798589706,0.022371143102645874,0.043673306703567505,1.0
2852,5840896,3,0,1,2,0.0,0.3333333333333333,0.6666666666666666,-0.0010906910407356917,1.717489105463028,0.02557536456733942,-6.113712096214295,0.009449107572436333,0.032646626234054565,0.022259000688791275,0.043518852442502975,1.0
2853,5842944,5,0,0,5,0.0,0.0,1.0,-0.0015594672877341509,0.4889966189861298,0.024610232654958965,-6.12112193107605,0.015363543934654444,0.03263556584715843,0.022269010543823242,0.04351770132780075,1.0
2854,5844992,4,0,0,4,0.0,0.0,1.0,0.0001194508047774434,0.23540732339024545,0.02391202012076974,-6.11777765750885,0.021944819652708246,0.03269311413168907,0.022361116483807564,0.043564558029174805,1.0
2855,5847040,9,0,0,9,0.0,0.0,1.0,0.002847769716754556,0.20811881124973297,0.020660838484764098,-6.113446521759033,0.014555523952003569,0.03269828110933304,0.02235615998506546,0.043536338955163956,1.0
2856,5849088,6,0,0,6,0.0,0.0,1.0,-0.0007019693730399013,0.28036498576402663,0.02140697566792369,-6.113874840736389,0.015738141641486438,0.03268606215715408,0.022357087582349777,0.04348359629511833,1.0
2857,5851136,5,0,0,5,0.0,0.0,1.0,-0.0010958887171000243,0.4304411008954048,0.024448108114302158,-6.116589760780334,0.015901038859738037,0.03262050077319145,0.022306064143776894,0.04337303712964058,1.0
2858,5853184,4,0,0,4,0.0,0.0,1.0,0.0019361794926226138,0.4944538205862045,0.025642142910510302,-6.12373423576355,0.015626927214907483,0.0325477235019207,0.022240402176976204,0.04325889050960541,1.0
2859,5855232,7,1,1,5,0.14285714285714285,0.14285714285714285,0.7142857142857143,0.001501099846791476,2.850382614135742,0.028345572110265494,-6.127352380752564,0.012090712634380907,0.03256230801343918,0.02220297046005726,0.04326696693897247,1.0
2860,5857280,6,1,1,4,0.16666666666666666,0.16666666666666666,0.6666666666666666,0.0010171542642638087,1.2114794999361038,0.024515702947974206,-6.12795774936676,0.013459268194856122,0.03250261768698692,0.022250685840845108,0.043325576931238174,1.0
2861,5859328,9,2,0,7,0.2222222222222222,0.0,0.7777777777777778,-0.0006476222712080926,0.6500530809164047,0.027368521597236396,-6.13365752696991,0.012982737022684886,0.03247486799955368,0.022259317338466644,0.04341679811477661,1.0
2862,5861376,3,0,0,3,0.0,0.0,1.0,0.004664008133113384,0.44726542234420774,0.025074608996510504,-6.137988829612732,0.015800937818130478,0.03240106999874115,0.02216538041830063,0.043349891901016235,1.0
2863,5863424,5,1,0,4,0.2,0.0,0.8,0.0007330171065405011,0.6253403723239899,0.023608758952468632,-6.144508647918701,0.01007721284404397,0.03238826245069504,0.022141708061099052,0.0433250330388546,1.0
2864,5865472,5,0,2,3,0.0,0.4,0.6,0.0026889420580118893,3.9163598656654357,0.026226726919412614,-6.142664361000061,0.02058048786711879,0.03239957243204117,0.022210292518138885,0.04323228821158409,1.0
2865,5867520,9,2,0,7,0.2222222222222222,0.0,0.7777777777777778,0.003205742104910314,0.5848755002021789,0.02239061500877142,-6.1410724401474,0.017684498988091945,0.03237157315015793,0.022266579791903496,0.04309457540512085,1.0
2866,5869568,5,0,0,5,0.0,0.0,1.0,0.0009626014856621623,0.20257378369569778,0.02269582273438573,-6.143449664115906,0.011750830709934235,0.03233375400304794,0.02227247878909111,0.04304242134094238,1.0
2867,5871616,6,0,0,6,0.0,0.0,1.0,-0.00294706542044878,0.13969732969999313,0.0227300020866096,-6.14716854095459,0.011010298214387149,0.032292257994413376,0.022233203053474426,0.0430309921503067,1.0
2868,5873664,5,0,2,3,0.0,0.4,0.6,-0.0005393613129854203,4.164687597751618,0.029868365451693534,-6.148678779602051,0.013496231834869832,0.03232620283961296,0.022261913865804672,0.043139223009347916,1.0
2869,5875712,6,2,0,4,0.3333333333333333,0.0,0.6666666666666666,-0.003553062048740685,0.5855511903762818,0.024776410032063722,-6.146040964126587,0.013772790762595832,0.032326243817806244,0.02229015901684761,0.043159838765859604,1.0
2870,5877760,7,2,0,5,0.2857142857142857,0.0,0.7142857142857143,0.0003894630819559097,0.8490393608808517,0.027861698158085348,-6.146142864227295,0.011159093282185496,0.03232818841934204,0.02236553095281124,0.04312697425484657,1.0
2871,5879808,8,2,0,6,0.25,0.0,0.75,-0.003519879886880517,0.8136076837778091,0.02469671154394746,-6.144961905479431,0.014017980871722102,0.03232197463512421,0.022367216646671295,0.04314347729086876,1.0
2872,5881856,4,0,0,4,0.0,0.0,1.0,0.004540638392791152,0.2831451967358589,0.024242597911506892,-6.14608359336853,0.01571627738303505,0.032314129173755646,0.022366169840097427,0.043113257735967636,1.0
2873,5883904,5,0,2,3,0.0,0.4,0.6,0.005951809417456389,3.5159814834594725,0.02814454920589924,-6.146010112762451,0.018650990148307754,0.03232842683792114,0.022373754531145096,0.04318755492568016,1.0
2874,5885952,7,0,1,6,0.0,0.14285714285714285,0.8571428571428571,-0.00032768608070909977,2.375990277528763,0.027561626490205528,-6.145742583274841,0.01864921385422349,0.03233301639556885,0.0222858265042305,0.043270763009786606,1.0
2875,5888000,5,0,0,5,0.0,0.0,1.0,0.0058631230611354114,0.5021114408969879,0.023160114884376526,-6.147236180305481,0.013961330917663873,0.03232910484075546,0.022298205643892288,0.04326096549630165,1.0
2876,5890048,7,0,0,7,0.0,0.0,1.0,0.0058501685271039605,0.5262769043445588,0.025892133358865976,-6.145979547500611,0.02337295563193038,0.032342251390218735,0.022331589832901955,0.04324242100119591,1.0
2877,5892096,4,0,0,4,0.0,0.0,1.0,-0.0021507358411327004,0.2760365419089794,0.023715844564139842,-6.1427140712738035,0.010630289925029502,0.03240799903869629,0.0223835576325655,0.04339440539479256,1.0
2878,5894144,6,0,0,6,0.0,0.0,1.0,0.007728909887373447,0.10930282026529312,0.022376427333801983,-6.138113975524902,0.017280192289035767,0.0324353389441967,0.022387266159057617,0.0434768982231617,1.0
2879,5896192,4,1,0,3,0.25,0.0,0.75,-0.0010226070415228605,0.28485592976212504,0.0228418979793787,-6.140177321434021,0.013498036185046658,0.03237087279558182,0.022358978167176247,0.04348143935203552,1.0
2880,5898240,8,1,0,7,0.125,0.0,0.875,-0.0002624194137752056,0.2759959131479263,0.0218111926689744,-6.148059511184693,0.011997613159473985,0.032286372035741806,0.02229132317006588,0.04339098185300827,1.0
2881,5900288,7,0,0,7,0.0,0.0,1.0,-0.005363334971480072,0.1371730413287878,0.022265052050352098,-6.1541603088378904,0.020605346508091316,0.0322704017162323,0.022252850234508514,0.043407339602708817,1.0
2882,5902336,5,0,0,5,0.0,0.0,1.0,0.0023825075011700394,0.44137358367443086,0.022001863364130257,-6.155861854553223,0.010494121280498803,0.0322299562394619,0.022181876003742218,0.04331263527274132,1.0
2883,5904384,2,0,0,2,0.0,0.0,1.0,-0.0009351189946755767,0.3719102218747139,0.02278870502486825,-6.161087489128112,0.014300285448553041,0.03217775374650955,0.022087210789322853,0.04319584742188454,1.0
2884,5906432,6,0,0,6,0.0,0.0,1.0,0.0011753645492717623,0.3939345791935921,0.02122407630085945,-6.161987566947937,0.006589134701061994,0.03223855048418045,0.02208307571709156,0.04323863983154297,1.0
2885,5908480,8,0,1,7,0.0,0.125,0.875,0.0007535760989412666,2.8702414989471436,0.027476403675973416,-6.156626582145691,0.020539183990331368,0.03225981816649437,0.022112123668193817,0.04330400377511978,1.0
2886,5910528,6,1,0,5,0.16666666666666666,0.0,0.8333333333333334,0.005393089773133397,0.6437555521726608,0.02236720947548747,-6.154926991462707,0.028296139393933117,0.03229027986526489,0.0221622996032238,0.043327417224645615,1.0
2887,5912576,7,0,0,7,0.0,0.0,1.0,-0.0020093100611120462,0.1956501178443432,0.02055553048849106,-6.152589988708496,0.027545398205984385,0.032282717525959015,0.022167420014739037,0.04323885589838028,1.0
2888,5914624,6,0,1,5,0.0,0.16666666666666666,0.8333333333333334,-0.003316368721425533,2.4262081384658813,0.02422679215669632,-6.152084183692932,0.018065147270681335,0.032315026968717575,0.022190047428011894,0.043274592608213425,1.0
2889,5916672,4,2,0,2,0.5,0.0,0.5,0.0022325076861307025,0.4807972937822342,0.020063111558556557,-6.147315096855164,0.025610865000635384,0.032379522919654846,0.02226116694509983,0.04345656558871269,1.0
2890,5918720,5,0,0,5,0.0,0.0,1.0,0.0003301558317616582,0.35178189277648925,0.02310843514278531,-6.143704628944397,0.008500512514729053,0.03239014372229576,0.02224060893058777,0.04350517690181732,1.0
2891,5920768,7,0,0,7,0.0,0.0,1.0,-0.0004219455411657691,0.45654272139072416,0.027540723327547312,-6.143463206291199,0.017750161595176905,0.03238535299897194,0.02232873998582363,0.0433681458234787,1.0
2892,5922816,5,0,1,4,0.0,0.2,0.8,0.003713050321675837,2.352556622028351,0.027823834214359522,-6.140208053588867,0.01685021441662684,0.032405536621809006,0.02244461700320244,0.04330231249332428,1.0
2893,5924864,7,0,1,6,0.0,0.14285714285714285,0.8571428571428571,0.00042848202865570785,2.4673864364624025,0.031915432680398224,-6.138022375106812,0.023383438220480456,0.032389916479587555,0.022492527961730957,0.0432516410946846,1.0
2894,5926912,6,0,1,5,0.0,0.16666666666666666,0.8333333333333334,-0.0017790430225431918,1.409155696630478,0.02284942865371704,-6.138911080360413,0.022704465279821305,0.03237836807966232,0.02251635678112507,0.043216172605752945,1.0
2895,5928960,5,0,0,5,0.0,0.0,1.0,0.0016999388346448541,0.4307296395301819,0.02422058442607522,-6.139618825912476,0.010934431268833578,0.03235471993684769,0.022523486986756325,0.04317710921168327,1.0
2896,5931008,5,1,1,3,0.2,0.2,0.6,-0.0025609084870666264,2.0214117884635927,0.025679821707308294,-6.1401186227798465,0.01914671788690612,0.03239070996642113,0.02261507511138916,0.043271731585264206,1.0
2897,5933056,8,1,0,7,0.125,0.0,0.875,-0.000697985733859241,0.5602352440357208,0.024640179146081208,-6.135990238189697,0.01396125890314579,0.03241732344031334,0.02262347750365734,0.043475326150655746,1.0
2898,5935104,5,0,0,5,0.0,0.0,1.0,0.003911547968164087,0.2030166894197464,0.025482845865190028,-6.135786843299866,0.01717018850031309,0.03247196972370148,0.0225325096398592,0.04370957985520363,1.0
2899,5937152,6,0,1,5,0.0,0.16666666666666666,0.8333333333333334,0.0022971398895606397,1.280974668264389,0.025050073955208065,-6.134910273551941,0.02089043774176389,0.03244616836309433,0.022518031299114227,0.04359520971775055,1.0
2900,5939200,5,0,0,5,0.0,0.0,1.0,0.0056888386607170105,0.15381114110350608,0.021661224029958247,-6.136857295036316,0.02166817142860964,0.032426606863737106,0.022485939785838127,0.043502822518348694,1.0
2901,5941248,8,2,1,5,0.25,0.125,0.625,0.003939445409923792,2.3767093658447265,0.02506191786378622,-6.137881278991699,0.03557496275170706,0.032425642013549805,0.022416172549128532,0.043528907001018524,1.0
2902,5943296,4,0,0,4,0.0,0.0,1.0,0.00396563361864537,0.31287178546190264,0.021562091168016197,-6.142298650741577,0.013952823000727222,0.03234926238656044,0.022289924323558807,0.04347754269838333,1.0
2903,5945344,7,0,0,7,0.0,0.0,1.0,0.004774991981685161,0.279419356584549,0.02777778236195445,-6.151025104522705,0.019139538280433042,0.03226960450410843,0.02219291590154171,0.043319620192050934,1.0
2904,5947392,4,0,0,4,0.0,0.0,1.0,-0.0010555373039096594,0.35398590564727783,0.030708877835422754,-6.157306599617004,0.005923339532455429,0.03221869096159935,0.022111589089035988,0.043266937136650085,1.0
2905,5949440,6,0,1,5,0.0,0.16666666666666666,0.8333333333333334,-0.0011554480763152242,0.9199989378452301,0.02884336085990071,-6.1622416257858275,0.020355683960951866,0.03215668350458145,0.02208802103996277,0.043153077363967896,1.0
2906,5951488,6,0,0,6,0.0,0.0,1.0,-0.0013748448807746172,0.07856026645749807,0.025602733809500934,-6.166258716583252,0.010300413757795468,0.03214339539408684,0.02209634892642498,0.043069615960121155,1.0
2907,5953536,7,0,0,7,0.0,0.0,1.0,-0.0014988296199589968,0.09379181023687125,0.021025543846189976,-6.1649287939071655,0.011262542608892544,0.03214185684919357,0.02214633859694004,0.042976658791303635,1.0
2908,5955584,4,1,0,3,0.25,0.0,0.75,-0.0008888137526810169,0.4363721951842308,0.02382177356630564,-6.1645070791244505,0.009137247590115295,0.032144978642463684,0.022154586389660835,0.043051205575466156,1.0
2909,5957632,6,0,0,6,0.0,0.0,1.0,0.0021042345091700555,0.17858026996254922,0.025410457141697408,-6.165791010856628,0.012100470688892528,0.03212796151638031,0.022106902673840523,0.04309125617146492,1.0
2910,5959680,4,0,0,4,0.0,0.0,1.0,0.0002239254768937826,0.3051705315709114,0.023698142264038324,-6.169322657585144,0.0111882604775019,0.03207934647798538,0.022136228159070015,0.043051812797784805,1.0
2911,5961728,5,0,0,5,0.0,0.0,1.0,0.0005873833666555584,0.405165807902813,0.02291485508903861,-6.172551202774048,0.006704401335446164,0.03203512728214264,0.022129546850919724,0.04281570389866829,1.0
2912,5963776,6,0,0,6,0.0,0.0,1.0,1.9465293735265732e-05,0.27965355589985846,0.02406073696911335,-6.1730173349380495,0.010627679072786122,0.032030198723077774,0.02219230681657791,0.04269193857908249,1.0
2913,5965824,7,0,0,7,0.0,0.0,1.0,0.0035725604509934785,0.35204037427902224,0.022912736143916847,-6.1708436727523805,0.012688399729086086,0.032051634043455124,0.022248759865760803,0.04276688024401665,1.0
2914,5967872,4,0,0,4,0.0,0.0,1.0,-0.0010088706389069558,0.5324024766683578,0.026464791782200337,-6.169988656044007,0.013519666751381009,0.03204241394996643,0.022321589291095734,0.04277513921260834,1.0
2915,5969920,7,0,1,6,0.0,0.14285714285714285,0.8571428571428571,0.001011024136096239,1.4882088735699655,0.0259032242000103,-6.170061445236206,0.01605285742552951,0.03203579783439636,0.02231299877166748,0.04275338724255562,1.0
2916,5971968,7,0,1,6,0.0,0.14285714285714285,0.8571428571428571,0.0007887924555689096,2.715175151824951,0.02857799157500267,-6.17096700668335,0.008435230480972677,0.03203555569052696,0.02225686050951481,0.04281027242541313,1.0
2917,5974016,4,0,0,4,0.0,0.0,1.0,0.0020109477918595076,0.3167659789323807,0.0235090933740139,-6.172451782226562,0.018180716823553666,0.03202371299266815,0.022233502939343452,0.042781978845596313,1.0
2918,5976064,4,0,0,4,0.0,0.0,1.0,0.0070473656989634035,0.22634067088365556,0.02206709375604987,-6.172654724121093,0.020507004513638093,0.03201323375105858,0.022281227633357048,0.04265689104795456,1.0
2919,5978112,7,0,0,7,0.0,0.0,1.0,0.004993709677364677,0.18244168236851693,0.02464705826714635,-6.173059511184692,0.01542724934988655,0.03197954595088959,0.02230462245643139,0.04254842549562454,1.0
2920,5980160,5,0,0,5,0.0,0.0,1.0,0.007816279353573919,0.47966883033514024,0.024177487567067148,-6.174853038787842,0.01550686355913058,0.03194903954863548,0.022342927753925323,0.042434416711330414,1.0
2921,5982208,5,0,0,5,0.0,0.0,1.0,-0.0013140695868059994,0.38824676126241686,0.022375335823744534,-6.173886251449585,0.008622618875233457,0.031997084617614746,0.022370265796780586,0.04240195080637932,1.0
2922,5984256,8,0,1,7,0.0,0.125,0.875,-0.0022309356136247516,2.3943192422389985,0.02456944724544883,-6.166685080528259,0.019598845415748654,0.03208250552415848,0.022439882159233093,0.042497746646404266,1.0
2923,5986304,5,0,0,5,0.0,0.0,1.0,0.0023632982978597284,0.6010680511593819,0.023885366786271334,-6.160645651817322,0.004972779040690512,0.03208666294813156,0.022509438917040825,0.04239579662680626,1.0
2924,5988352,6,0,0,6,0.0,0.0,1.0,0.010299057280644775,0.4411012172698975,0.024215669464319946,-6.160702085494995,0.024281740438891575,0.03206792101264,0.022498682141304016,0.04234756901860237,1.0
2925,5990400,3,0,0,3,0.0,0.0,1.0,0.019081840757280588,0.3023939684033394,0.027035503089427947,-6.1609145402908325,0.03724384970846586,0.03210069239139557,0.022506069391965866,0.04240618646144867,1.0
2926,5992448,7,0,0,7,0.0,0.0,1.0,0.0006024829111993313,0.3222419932484627,0.02532122898846865,-6.158824300765991,0.010347741679288447,0.032098330557346344,0.022434692829847336,0.04238387942314148,1.0
2927,5994496,4,0,0,4,0.0,0.0,1.0,0.0061376217752695085,0.17610676884651183,0.02475362690165639,-6.161270475387573,0.04032147958641872,0.03208891302347183,0.0222956333309412,0.042398128658533096,1.0
2928,5996544,7,0,0,7,0.0,0.0,1.0,0.004061361728236079,0.20342879518866538,0.027810825686901807,-6.1640712261199955,0.01695637435768731,0.03207459673285484,0.022224796935915947,0.04245913773775101,1.0
2929,5998592,5,0,0,5,0.0,0.0,1.0,0.007379765249788761,0.32207800894975663,0.026576924417167903,-6.166397261619568,0.02110104765743017,0.032058827579021454,0.02218339778482914,0.042465101927518845,1.0
2930,6000640,7,0,0,7,0.0,0.0,1.0,0.00012149945832788945,0.12505465894937515,0.024852568004280328,-6.169267463684082,0.027505441126413642,0.032006632536649704,0.022162066772580147,0.04232098162174225,1.0
2931,6002688,3,0,0,3,0.0,0.0,1.0,-0.00038895194884389637,0.10386506132781506,0.02514092344790697,-6.171954274177551,0.01806608379120007,0.031988970935344696,0.02221725881099701,0.042180825024843216,1.0
2932,6004736,8,0,0,8,0.0,0.0,1.0,-0.0009358704090118408,0.1445778373628855,0.025301067531108855,-6.167447757720947,0.04197926336200908,0.03207765519618988,0.022337187081575394,0.042268820106983185,1.0
2933,6006784,3,0,0,3,0.0,0.0,1.0,-0.002523417677730322,0.08752590715885163,0.02276631835848093,-6.158297514915466,0.010368326428579166,0.03215429186820984,0.022422805428504944,0.042381010949611664,1.0
2934,6008832,8,0,1,7,0.0,0.125,0.875,-0.0029348882380872965,2.4376134872436523,0.027360550314188003,-6.155689334869384,0.01437970349797979,0.032116252928972244,0.02239486761391163,0.042339976876974106,1.0
2935,6010880,5,0,0,5,0.0,0.0,1.0,0.0035911178216338157,0.18708052039146422,0.02534295041114092,-6.161046028137207,0.02545284106163308,0.032061200588941574,0.022328751161694527,0.042233049869537354,1.0
2936,6012928,9,0,1,8,0.0,0.1111111111111111,0.8888888888888888,0.0015692489221692085,2.4731262981891633,0.027418892178684474,-6.163089323043823,0.019266350829275324,0.03207627683877945,0.022364139556884766,0.04231834039092064,1.0
2937,6014976,1,0,0,1,0.0,0.0,1.0,-0.0002130471169948578,0.20936582311987878,0.02354049840942025,-6.1635915517807005,0.008771556068677456,0.03204628452658653,0.02233344316482544,0.042385589331388474,1.0
2938,6017024,7,0,0,7,0.0,0.0,1.0,0.0049705550540238615,0.13829952366650106,0.026370939146727324,-6.1652857780456545,0.023908676044084132,0.03209172189235687,0.022321321070194244,0.04248804971575737,1.0
2939,6019072,4,0,0,4,0.0,0.0,1.0,0.006874030502513051,0.3581873714923859,0.023894247226417066,-6.15967698097229,0.02650220231153071,0.03216634318232536,0.02233721874654293,0.04258722811937332,1.0
2940,6021120,8,0,0,8,0.0,0.0,1.0,0.006817972636781633,0.25122094005346296,0.02816296648234129,-6.156924319267273,0.0190402771520894,0.03210989758372307,0.02230868488550186,0.042480647563934326,1.0
2941,6023168,6,0,2,4,0.0,0.3333333333333333,0.6666666666666666,0.0010429037967696786,4.363659143447876,0.03315140502527356,-6.161577606201172,0.020268634078092873,0.03212101757526398,0.022339290007948875,0.04245873540639877,1.0
2942,6025216,10,0,2,8,0.0,0.2,0.8,0.005419355095364153,4.324812352657318,0.027614658419042825,-6.156931805610657,0.01874386893468909,0.03218194469809532,0.022345347329974174,0.04257558286190033,1.0
2943,6027264,2,0,0,2,0.0,0.0,1.0,0.0035467246314510705,0.2685329347848892,0.02346286494284868,-6.152320051193238,0.01656423105741851,0.03225010633468628,0.02231498435139656,0.04268428683280945,1.0
2944,6029312,4,0,0,4,0.0,0.0,1.0,1.8375669606029986e-05,0.30082327127456665,0.025081235356628893,-6.148502206802368,0.017145339341368526,0.03227776288986206,0.02226797491312027,0.042834602296352386,1.0
2945,6031360,4,0,0,4,0.0,0.0,1.0,0.011628301348537207,0.3101592779159546,0.025498511642217635,-6.151383781433106,0.0224724966858048,0.03222759813070297,0.02219061739742756,0.042912717908620834,1.0
2946,6033408,6,0,0,6,0.0,0.0,1.0,-0.0022451832657679914,0.40773545652627946,0.02853893404826522,-6.156237030029297,0.02423804230056703,0.032215673476457596,0.02218448743224144,0.042942214757204056,1.0
2947,6035456,7,0,0,7,0.0,0.0,1.0,0.00031891257967799904,0.4564582213759422,0.02655184380710125,-6.156764698028565,0.013989598315674812,0.03223910927772522,0.022035880014300346,0.04300353676080704,1.0
2948,6037504,9,0,0,9,0.0,0.0,1.0,0.007201341050677002,0.32663467079401015,0.024449998699128627,-6.15850179195404,0.01562284484389238,0.03220801800489426,0.021877096965909004,0.04299229010939598,1.0
2949,6039552,2,0,0,2,0.0,0.0,1.0,0.009183626156300306,0.39722580313682554,0.027079346310347318,-6.163079285621643,0.022539922740543263,0.032196275889873505,0.021853914484381676,0.042998675256967545,1.0
2950,6041600,5,0,1,4,0.0,0.2,0.8,0.0024644838413223624,2.48071631193161,0.029381168726831674,-6.163666844367981,0.014722004317445681,0.03220478072762489,0.021858161315321922,0.043119028210639954,1.0
2951,6043648,4,0,0,4,0.0,0.0,1.0,0.000656379759311676,0.6892465472221374,0.02897375011816621,-6.165594553947448,0.014397209510207176,0.032148294150829315,0.021837173029780388,0.04312143102288246,1.0
2952,6045696,6,0,0,6,0.0,0.0,1.0,0.004964613122865558,0.4261899456381798,0.025346069131046534,-6.17512013912201,0.014922887762077152,0.03202954679727554,0.02171151526272297,0.04300766810774803,1.0
2953,6047744,6,0,0,6,0.0,0.0,1.0,0.0026115263462997973,0.4473112016916275,0.02533484948799014,-6.184641313552857,0.014822080929297954,0.03196563571691513,0.021676428616046906,0.04290243610739708,1.0
2954,6049792,9,0,0,9,0.0,0.0,1.0,0.0027548577869310974,0.4205237999558449,0.026432475075125694,-6.187915706634522,0.019311192585155366,0.031953733414411545,0.021682919934391975,0.04287685453891754,1.0
2955,6051840,3,0,0,3,0.0,0.0,1.0,0.0030707379803061484,0.5436271026730537,0.028038214519619943,-6.187778449058532,0.022560516942758114,0.03195776045322418,0.021721629425883293,0.04292825236916542,1.0
2956,6053888,4,0,0,4,0.0,0.0,1.0,0.0044745336519554256,0.5029218971729279,0.026600254606455563,-6.190268516540527,0.01647472905460745,0.031854115426540375,0.02173161692917347,0.04274076223373413,1.0
2957,6055936,5,0,0,5,0.0,0.0,1.0,0.0024525552056729794,0.26570880115032197,0.03281443072482944,-6.200862693786621,0.014283530187094584,0.03176706284284592,0.02158854901790619,0.04275286942720413,1.0
2958,6057984,6,0,0,6,0.0,0.0,1.0,0.0012945742229931057,0.3087272822856903,0.028549529891461135,-6.209392380714417,0.007977124815806747,0.0317019484937191,0.021503742784261703,0.04258715733885765,1.0
2959,6060032,9,0,0,9,0.0,0.0,1.0,0.005521981557831168,0.1231620617210865,0.025816178880631924,-6.213701820373535,0.02112150116590783,0.03166317194700241,0.02148343250155449,0.04243069142103195,1.0
2960,6062080,5,0,0,5,0.0,0.0,1.0,-0.0007643352262675762,0.27941871583461764,0.024592844862490894,-6.218108129501343,0.01517747447360307,0.031571775674819946,0.021447010338306427,0.042277198284864426,1.0
2961,6064128,6,0,0,6,0.0,0.0,1.0,0.0026038245065137743,0.32936304360628127,0.02545905942097306,-6.226026010513306,0.02096814929973334,0.031521037220954895,0.02141442336142063,0.042225174605846405,1.0
2962,6066176,1,0,0,1,0.0,0.0,1.0,0.015255403658375143,0.44833274036645887,0.02529595550149679,-6.227561116218567,0.027294828579761087,0.031516317278146744,0.021458467468619347,0.042125239968299866,1.0
2963,6068224,6,0,1,5,0.0,0.16666666666666666,0.8333333333333334,0.0013314474374055863,2.4248970568180086,0.025807141046971082,-6.225395059585571,0.009198012994602323,0.03154672682285309,0.021498579531908035,0.042126934975385666,1.0
2964,6070272,7,0,0,7,0.0,0.0,1.0,0.0008396357297897339,0.3152472719550133,0.02212886568158865,-6.220912027359009,0.010037054202985018,0.03158257156610489,0.021564334630966187,0.04209213703870773,1.0
2965,6072320,8,0,0,8,0.0,0.0,1.0,-0.000970328226685524,0.2905682370066643,0.02353646382689476,-6.218282079696655,0.012939614453352987,0.03156042844057083,0.02164226956665516,0.042009707540273666,1.0
2966,6074368,5,0,0,5,0.0,0.0,1.0,0.005344205256551504,0.48337906002998354,0.02344644656404853,-6.217917799949646,0.018003077385947107,0.03159619867801666,0.021619215607643127,0.042030200362205505,1.0
2967,6076416,7,0,1,6,0.0,0.14285714285714285,0.8571428571428571,0.0030154145788401365,2.3767750382423403,0.027383636310696603,-6.213479375839233,0.021519517077831552,0.0316581055521965,0.021606776863336563,0.04210656136274338,1.0
2968,6078464,3,0,1,2,0.0,0.3333333333333333,0.6666666666666666,0.003971297712996602,2.7592762231826784,0.027943585999310017,-6.210585975646973,0.018980532535351813,0.031664855778217316,0.02156001143157482,0.04213715344667435,1.0
2969,6080512,5,0,0,5,0.0,0.0,1.0,0.002310225274413824,0.7718108534812927,0.027170746121555567,-6.21186044216156,0.012945881125051528,0.0316581055521965,0.021517151966691017,0.042170073837041855,1.0
2970,6082560,6,0,0,6,0.0,0.0,1.0,0.003146650205599144,0.6492234945297242,0.030448153614997864,-6.215658640861511,0.011244582862127572,0.031586430966854095,0.021457409486174583,0.042099613696336746,1.0
2971,6084608,10,0,2,8,0.0,0.2,0.8,0.0013554899487644434,3.732508587837219,0.031228672247380018,-6.221102833747864,0.015661796339554713,0.03156350553035736,0.021460048854351044,0.041990671306848526,1.0
2972,6086656,3,0,0,3,0.0,0.0,1.0,0.009356345934793352,0.5070098668336869,0.02755039371550083,-6.219963240623474,0.014494516147533432,0.031579043716192245,0.021489853039383888,0.041887957602739334,1.0
2973,6088704,7,0,1,6,0.0,0.14285714285714285,0.8571428571428571,-0.0027609082986600696,2.332468718290329,0.029393950011581182,-6.216098165512085,0.01961629982688464,0.03163221478462219,0.02153667062520981,0.042014673352241516,1.0
2974,6090752,3,0,0,3,0.0,0.0,1.0,0.004937940696254373,0.49353891164064406,0.02805984951555729,-6.213405656814575,0.017686189169762657,0.03162698447704315,0.021513009443879128,0.041984230279922485,1.0
2975,6092800,6,0,0,6,0.0,0.0,1.0,0.002630086871795356,0.4690367192029953,0.02517480244860053,-6.214362978935242,0.013415804773103446,0.031626082956790924,0.021497545763850212,0.04193408414721489,1.0
2976,6094848,5,0,0,5,0.0,0.0,1.0,0.00659797836560756,0.49016227275133134,0.02735739843919873,-6.215918183326721,0.023660622973693535,0.03158431872725487,0.02145789936184883,0.04191264510154724,1.0
2977,6096896,10,0,0,10,0.0,0.0,1.0,-0.0010522260796278714,0.4675955459475517,0.025244389288127424,-6.221106815338135,0.014859346521552652,0.03152924031019211,0.02141449972987175,0.041883885860443115,1.0
2978,6098944,3,0,0,3,0.0,0.0,1.0,0.016076289862394334,0.4863529473543167,0.02832009345293045,-6.225895810127258,0.04037750780116767,0.03150339052081108,0.02137140929698944,0.04189251363277435,1.0
2979,6100992,5,0,0,5,0.0,0.0,1.0,0.006921577942557633,0.6706244438886643,0.031454365327954294,-6.227819561958313,0.01515096341026947,0.03151245415210724,0.02134181372821331,0.04197518527507782,1.0
2980,6103040,3,0,0,3,0.0,0.0,1.0,0.0009835800854489207,0.7918764352798462,0.031358881015330554,-6.229385590553283,0.009631636762060225,0.03145110234618187,0.021323105320334435,0.041859403252601624,1.0
2981,6105088,6,0,0,6,0.0,0.0,1.0,0.009381574718281627,0.6721740663051605,0.030692796409130096,-6.235527205467224,0.017445544264046476,0.031389717012643814,0.021350642666220665,0.041750192642211914,1.0
2982,6107136,6,0,0,6,0.0,0.0,1.0,-0.0008661054307594895,0.48053244948387147,0.027665362786501647,-6.238250112533569,0.00816726724151522,0.03138113021850586,0.021374331787228584,0.04175620898604393,1.0
2983,6109184,9,0,0,9,0.0,0.0,1.0,0.006241960474289954,0.37075240463018416,0.023978487774729728,-6.238776278495789,0.01639725992572494,0.031362950801849365,0.021298997104167938,0.041804369539022446,1.0
2984,6111232,3,0,0,3,0.0,0.0,1.0,-0.0012295517604798078,0.29872518852353097,0.025248612649738787,-6.2415183782577515,0.01603615687927231,0.031382523477077484,0.021274032071232796,0.04183549806475639,1.0
2985,6113280,6,0,1,5,0.0,0.16666666666666666,0.8333333333333334,0.0012470400426536799,2.2784863293170927,0.032244127802550794,-6.242363286018372,0.009160833392525092,0.03131747245788574,0.02123611979186535,0.041727904230356216,1.0
2986,6115328,7,0,2,5,0.0,0.2857142857142857,0.7142857142857143,0.0016106727765873075,4.251344633102417,0.03660527151077986,-6.245640444755554,0.012629419501172379,0.031349994242191315,0.02124645747244358,0.04180791601538658,1.0
2987,6117376,4,0,0,4,0.0,0.0,1.0,0.013093430502340197,0.5346559807658195,0.02992824520915747,-6.241405034065247,0.031839031347772107,0.03139110282063484,0.021250540390610695,0.04191350191831589,1.0
2988,6119424,8,0,1,7,0.0,0.125,0.875,0.006302726501598954,2.2332689821720124,0.02924251426011324,-6.24000039100647,0.031144709966611117,0.03138791024684906,0.021249186247587204,0.041878920048475266,1.0
2989,6121472,5,0,0,5,0.0,0.0,1.0,0.0084683169843629,0.6028630405664444,0.02867781585082412,-6.239278674125671,0.02631402214174159,0.03140365332365036,0.021276669576764107,0.041806574910879135,1.0
2990,6123520,2,0,0,2,0.0,0.0,1.0,0.001022202940657735,0.42509410828351973,0.02936755996197462,-6.23821988105774,0.014499000733485446,0.03136635571718216,0.021286828443408012,0.041743308305740356,1.0
2991,6125568,6,0,0,6,0.0,0.0,1.0,0.0038680204190313814,0.5117133691906929,0.028482560999691486,-6.245205688476562,0.04056706596747972,0.03128037601709366,0.021171821281313896,0.04167255759239197,1.0
2992,6127616,8,0,0,8,0.0,0.0,1.0,-0.00011460037203505635,0.41474295407533646,0.02331912573426962,-6.255021548271179,0.011130119016161188,0.031162310391664505,0.021096259355545044,0.04144436866044998,1.0
2993,6129664,6,0,1,5,0.0,0.16666666666666666,0.8333333333333334,-0.0033443719381466507,2.1665103137493134,0.024597981106489898,-6.2629292726516725,0.021973149926634506,0.031120460480451584,0.02112109772861004,0.04131489247083664,1.0
2994,6131712,8,0,0,8,0.0,0.0,1.0,0.002449411852285266,0.20650272965431213,0.022091971524059773,-6.262197422981262,0.015487306908471509,0.03114023432135582,0.02117397077381611,0.04131586104631424,1.0
2995,6133760,3,0,0,3,0.0,0.0,1.0,-0.0017712521366775036,0.45028632432222365,0.025276561547070742,-6.261247634887695,0.012774860812351107,0.031121110543608665,0.02115457132458687,0.041292764246463776,1.0
2996,6135808,5,0,0,5,0.0,0.0,1.0,0.0007508188253268599,0.33648596704006195,0.028007433470338582,-6.26319694519043,0.009735901630483568,0.031114283949136734,0.021120965480804443,0.04125889390707016,1.0
2997,6137856,3,0,0,3,0.0,0.0,1.0,0.007634095777757466,0.47188235223293307,0.029357373155653475,-6.263376522064209,0.019214790104888378,0.031114324927330017,0.02111700363457203,0.04128365218639374,1.0
2998,6139904,7,0,0,7,0.0,0.0,1.0,0.010847234132234007,0.4375249966979027,0.031110618822276594,-6.263329100608826,0.020304250140907244,0.031140804290771484,0.021140089258551598,0.04131169244647026,1.0
2999,6141952,7,0,0,7,0.0,0.0,1.0,0.007988321199081837,0.5660592079162597,0.02772336145862937,-6.260354018211364,0.021686219808179884,0.031140677630901337,0.02113283798098564,0.04122607037425041,1.0
3000,6144000,8,0,0,8,0.0,0.0,1.0,0.0026824528351426123,0.5429541945457459,0.026957158278673888,-6.261288738250732,0.01096015723887831,0.031110156327486038,0.021131159737706184,0.04111786559224129,1.0
3001,6146048,3,0,1,2,0.0,0.3333333333333333,0.6666666666666666,-0.0033913846127688885,2.624916338920593,0.03353534247726202,-6.262890911102295,0.021457616810221226,0.031116975471377373,0.02107185125350952,0.041145872324705124,1.0
3002,6148096,5,0,0,5,0.0,0.0,1.0,0.0038316847523674367,0.5897848755121231,0.02958904718980193,-6.2636075735092165,0.019338585226796566,0.031116679310798645,0.021016925573349,0.04120299965143204,1.0
3003,6150144,3,0,0,3,0.0,0.0,1.0,0.0027241485193371775,0.466257655620575,0.023819455690681935,-6.265786957740784,0.012178848474286496,0.03110898844897747,0.02093574032187462,0.0412832647562027,1.0
3004,6152192,8,0,0,8,0.0,0.0,1.0,0.004152504215016961,0.2332851730287075,0.024974026065319777,-6.268515801429748,0.01841163513599895,0.03108682483434677,0.0209084153175354,0.04130887612700462,1.0
3005,6154240,6,0,0,6,0.0,0.0,1.0,0.010462846886366606,0.2726775832474232,0.02415491910651326,-6.270204019546509,0.03551047938526608,0.031090324744582176,0.020877012982964516,0.04132914915680885,1.0
3006,6156288,7,0,0,7,0.0,0.0,1.0,0.007176789897494018,0.34823867976665496,0.02350275982171297,-6.271767854690552,0.017657167854486032,0.031061571091413498,0.020843712612986565,0.04140839725732803,1.0
3007,6158336,4,0,0,4,0.0,0.0,1.0,0.0017003251472488047,0.24927076324820518,0.02401056597009301,-6.277440762519836,0.008336751541355625,0.030997252091765404,0.020758990198373795,0.04141055792570114,1.0
3008,6160384,6,0,0,6,0.0,0.0,1.0,-0.0016050465637817979,0.32794774770736695,0.027913565188646315,-6.282321238517762,0.00838595376117155,0.03099173679947853,0.02084638550877571,0.041411854326725006,1.0
3009,6162432,3,0,0,3,0.0,0.0,1.0,0.00333998603746295,0.3071837194263935,0.025909732747823,-6.279318141937256,0.01965230613714084,0.031005065888166428,0.020918192341923714,0.041368573904037476,1.0
3010,6164480,7,0,0,7,0.0,0.0,1.0,0.004181044874712825,0.3293527469038963,0.027470684424042702,-6.280005311965942,0.019988673931220547,0.03094799444079399,0.020909523591399193,0.041202593594789505,1.0
3011,6166528,7,0,0,7,0.0,0.0,1.0,0.013239537551999091,0.3025995746254921,0.025185505766421555,-6.285968995094299,0.032879410649184135,0.030871165916323662,0.0208720825612545,0.04103474318981171,1.0
3012,6168576,7,0,0,7,0.0,0.0,1.0,0.0004911593161523343,0.24770969972014428,0.023532822821289302,-6.292202687263488,0.014425758155994117,0.030790772289037704,0.020859288051724434,0.04088596999645233,1.0
3013,6170624,2,0,0,2,0.0,0.0,1.0,0.0007890347624197602,0.15183427631855012,0.02304913830012083,-6.29820749759674,0.01468959977501072,0.030757367610931396,0.02080533280968666,0.04090128839015961,1.0
3014,6172672,6,0,0,6,0.0,0.0,1.0,-0.0009776000864803792,0.38023402392864225,0.024947111774235965,-6.301469898223877,0.022646627109497785,0.03074178658425808,0.020739123225212097,0.04085547849535942,1.0
3015,6174720,4,0,0,4,0.0,0.0,1.0,0.00029886392876505853,0.3065307825803757,0.023824810422956942,-6.305932998657227,0.01417098151287064,0.030652638524770737,0.02070058509707451,0.040710121393203735,1.0
3016,6176768,8,0,1,7,0.0,0.125,0.875,0.0027933397563174368,2.4965231895446776,0.029990694485604763,-6.313453030586243,0.024372186325490475,0.030596613883972168,0.020656751468777657,0.04059703275561333,1.0
3017,6178816,6,0,0,6,0.0,0.0,1.0,-4.578749649226665e-05,0.37110455334186554,0.03353408426046371,-6.317816281318665,0.009783185337437317,0.030570676550269127,0.02057926170527935,0.04057367146015167,1.0
3018,6180864,8,0,1,7,0.0,0.125,0.875,0.0012584698852151632,2.33749116063118,0.03417573124170303,-6.318889999389649,0.012446973309852182,0.030582167208194733,0.020582621917128563,0.040532659739255905,1.0
3019,6182912,3,0,1,2,0.0,0.3333333333333333,0.6666666666666666,-0.0021725211176089943,1.335878360271454,0.02910899417474866,-6.317630267143249,0.02036468740552664,0.030572576448321342,0.020643478259444237,0.040464580059051514,1.0
3020,6184960,5,0,0,5,0.0,0.0,1.0,0.004914680658839643,0.20890420228242873,0.025099558755755424,-6.317438292503357,0.01770529510686174,0.030569005757570267,0.020633503794670105,0.04045834764838219,1.0
3021,6187008,6,0,0,6,0.0,0.0,1.0,-0.001014689402654767,0.4529856726527214,0.02529256697744131,-6.316739964485168,0.011509514739736914,0.03060639463365078,0.020604072138667107,0.040525950491428375,1.0
3022,6189056,4,0,0,4,0.0,0.0,1.0,0.008473892766050994,0.19079483300447464,0.02277249386534095,-6.314122200012207,0.024980347097152845,0.030630728229880333,0.020584113895893097,0.04059790074825287,1.0
3023,6191104,8,0,0,8,0.0,0.0,1.0,0.014129602047614754,0.26313999146223066,0.0239811678417027,-6.313137650489807,0.031645536836003886,0.0306381955742836,0.02060178481042385,0.040608786046504974,1.0
3024,6193152,7,0,0,7,0.0,0.0,1.0,0.002521183644421399,0.15806608647108078,0.024558955058455467,-6.312882137298584,0.017117834952659904,0.030622519552707672,0.020604491233825684,0.04045218229293823,1.0
3025,6195200,3,0,1,2,0.0,0.3333333333333333,0.6666666666666666,0.004245290718972683,2.4249446392059326,0.028857939783483742,-6.309959030151367,0.03741828330093995,0.03067637048661709,0.020642779767513275,0.04039304703474045,1.0
3026,6197248,5,0,0,5,0.0,0.0,1.0,0.0049573696916922925,0.24424009621143342,0.026912794169038533,-6.3058926820755,0.012342464248649775,0.03069540113210678,0.020621903240680695,0.040452923625707626,1.0
3027,6199296,6,0,0,6,0.0,0.0,1.0,0.0029227858874946834,0.4156788542866707,0.027202244102954864,-6.310034608840942,0.01694272825261578,0.03058742545545101,0.020522654056549072,0.04031933471560478,1.0
3028,6201344,6,0,1,5,0.0,0.16666666666666666,0.8333333333333334,-0.0009587003849446773,2.480071687698364,0.027198195550590755,-6.320643734931946,0.016070544969988988,0.030511055141687393,0.020534414798021317,0.040263887494802475,1.0
3029,6203392,7,0,1,6,0.0,0.14285714285714285,0.8571428571428571,0.002477169851772487,2.275554138422012,0.026034350134432317,-6.324543213844299,0.02957302937284112,0.030484121292829514,0.020583288744091988,0.040271155536174774,1.0
3030,6205440,7,0,0,7,0.0,0.0,1.0,0.01700109113007784,0.17223626077175141,0.022925644274801017,-6.3259217739105225,0.04319728698465042,0.03046525828540325,0.02059570886194706,0.040239062160253525,1.0
3031,6207488,4,0,0,4,0.0,0.0,1.0,0.0018127529881894588,0.11122387908399105,0.025785148609429598,-6.327425026893616,0.012935550196561962,0.030452203005552292,0.020603399723768234,0.0402221716940403,1.0
3032,6209536,4,0,0,4,0.0,0.0,1.0,-0.002148648863658309,0.16101988404989243,0.025080784037709237,-6.3305137872695925,0.008836272452026606,0.03036821447312832,0.02056318335235119,0.04000004753470421,1.0
3033,6211584,5,0,0,5,0.0,0.0,1.0,0.0014867600984871387,0.05071590580046177,0.026798689179122447,-6.339437937736511,0.019820831459946932,0.03027438186109066,0.020517908036708832,0.03983433544635773,1.0
3034,6213632,5,0,0,5,0.0,0.0,1.0,0.0018340738490223885,0.1364844724535942,0.02475361917167902,-6.345573997497558,0.016456426412332803,0.030257493257522583,0.020495804026722908,0.03981867805123329,1.0
3035,6215680,11,0,0,11,0.0,0.0,1.0,-0.003026280738413334,0.05758384894579649,0.026760547049343587,-6.347380495071411,0.006918529910035431,0.030196357518434525,0.02047552540898323,0.039696190506219864,1.0
3036,6217728,3,0,0,3,0.0,0.0,1.0,0.01113109989091754,0.07503346987068653,0.023948432598263025,-6.352075219154358,0.020417085516965017,0.030184827744960785,0.0204758383333683,0.039618972688913345,1.0
3037,6219776,6,0,1,5,0.0,0.16666666666666666,0.8333333333333334,0.008535483200103045,2.3135564625263214,0.028185305185616016,-6.350461816787719,0.052403702994342896,0.030211998149752617,0.020492495968937874,0.03965560346841812,1.0
3038,6221824,3,0,0,3,0.0,0.0,1.0,0.001447639800608158,0.1983678236603737,0.024112950637936593,-6.346662402153015,0.013405750750098377,0.03026152215898037,0.020534615963697433,0.03978359326720238,1.0
3039,6223872,7,0,1,6,0.0,0.14285714285714285,0.8571428571428571,-0.0017305095214396715,2.383416420221329,0.029868182726204395,-6.340907859802246,0.020468024199362844,0.030338000506162643,0.020590608939528465,0.03989430144429207,1.0
3040,6225920,6,0,1,5,0.0,0.16666666666666666,0.8333333333333334,-0.0019989314023405313,2.0704661309719086,0.02737862542271614,-6.335998129844666,0.014282605925109238,0.03033769689500332,0.020573770627379417,0.03984791040420532,1.0
3041,6227968,9,0,0,9,0.0,0.0,1.0,-0.0014444602187722922,0.10141848362982273,0.022699842043220998,-6.336700797080994,0.013160880334908143,0.030347777530550957,0.02053457498550415,0.03987985476851463,1.0
3042,6230016,5,0,0,5,0.0,0.0,1.0,-0.0014056843705475331,0.3664800614118576,0.026045899279415606,-6.336858224868775,0.012763358058873565,0.030340127646923065,0.02053169719874859,0.039941322058439255,1.0
3043,6232064,4,0,0,4,0.0,0.0,1.0,0.006275998149067164,0.23735540062189103,0.02902170829474926,-6.3388933658599855,0.016160957247484474,0.030299536883831024,0.020570503547787666,0.03982647508382797,1.0
3044,6234112,1,0,0,1,0.0,0.0,1.0,-0.001505929697304964,0.19121208786964417,0.028873423300683498,-6.339415526390075,0.00933026620768942,0.030325207859277725,0.020581312477588654,0.03982888534665108,1.0
3045,6236160,8,0,1,7,0.0,0.125,0.875,-0.0013408441562205553,2.605854207277298,0.03571955412626267,-6.336189198493957,0.019437556638149545,0.0303668063133955,0.02055085264146328,0.03993867710232735,1.0
3046,6238208,7,0,0,7,0.0,0.0,1.0,-0.00027053370140492914,0.24062618464231492,0.028013015910983086,-6.3334797620773315,0.011988714337348938,0.030409440398216248,0.020538611337542534,0.040091272443532944,1.0
3047,6240256,9,0,0,9,0.0,0.0,1.0,4.159980453550815e-05,0.1523349702358246,0.03210144592449069,-6.33120276927948,0.012913697620388121,0.030426284298300743,0.02054411545395851,0.04022091254591942,1.0
3048,6242304,3,0,0,3,0.0,0.0,1.0,0.004218002269044519,0.14774678871035576,0.027513845730572938,-6.331038284301758,0.021651449019555003,0.030436014756560326,0.020573677495121956,0.04025617986917496,1.0
3049,6244352,4,0,0,4,0.0,0.0,1.0,-0.00031121193896979096,0.08237629737704992,0.026856695767492056,-6.33115541934967,0.01021169313462451,0.030377265065908432,0.020603856071829796,0.04004497081041336,1.0
3050,6246400,2,0,0,2,0.0,0.0,1.0,0.003365986095741391,0.09967769160866738,0.028119022399187087,-6.334512186050415,0.013116593944141641,0.030375435948371887,0.020646357908844948,0.04004654660820961,1.0
3051,6248448,8,0,0,8,0.0,0.0,1.0,0.008787912782281637,0.2826376587152481,0.03493196237832308,-6.332969808578492,0.01722985108499415,0.03036724589765072,0.020665787160396576,0.040038879960775375,1.0
3052,6250496,8,0,1,7,0.0,0.125,0.875,0.003260436560958624,2.4533800423145293,0.030844313278794288,-6.332493805885315,0.021292120433645322,0.030412910506129265,0.020707929506897926,0.040112413465976715,1.0
3053,6252544,9,0,0,9,0.0,0.0,1.0,0.004519388335756958,0.14252959340810775,0.024495586566627026,-6.328947973251343,0.018912728456780315,0.03037998080253601,0.020748237147927284,0.040020640939474106,1.0
3054,6254592,4,0,2,2,0.0,0.5,0.5,0.006747137196362019,4.566090333461761,0.03612936213612557,-6.333354854583741,0.030296760436613113,0.030323538929224014,0.020786596462130547,0.0398314967751503,1.0
3055,6256640,5,0,2,3,0.0,0.4,0.6,-0.000721451872959733,4.194146502017975,0.031268990598618984,-6.33447105884552,0.018634009826928376,0.03033139370381832,0.02078079804778099,0.03980467841029167,1.0
3056,6258688,5,0,0,5,0.0,0.0,1.0,0.005647754203528166,0.37048235535621643,0.03127402272075415,-6.333619546890259,0.0248328757355921,0.03032698482275009,0.020749054849147797,0.03975551947951317,1.0
3057,6260736,5,0,1,4,0.0,0.2,0.8,0.0012058171210810541,0.7465240851044654,0.03317182902246714,-6.33548104763031,0.02182464215438813,0.030319388955831528,0.02070942148566246,0.039871107786893845,1.0
3058,6262784,6,0,0,6,0.0,0.0,1.0,0.0028639443451538684,0.20542736425995828,0.027974949683994055,-6.338851737976074,0.015094909502658993,0.03026457689702511,0.02059018984436989,0.03978152573108673,1.0
3059,6264832,8,0,0,8,0.0,0.0,1.0,0.005925344489514828,0.16996410638093948,0.02639132095500827,-6.347039747238159,0.019637900625821204,0.030198533087968826,0.02053172141313553,0.03970732167363167,1.0
3060,6266880,3,0,0,3,0.0,0.0,1.0,-0.0035471148323267697,0.0890578143298626,0.024689492676407097,-6.351642060279846,0.013758271397091449,0.03016418032348156,0.020498380064964294,0.03972065448760986,1.0
3061,6268928,6,0,1,5,0.0,0.16666666666666666,0.8333333333333334,-0.0018876978429034352,2.413705790042877,0.030942489951848985,-6.355319237709045,0.013808478083228692,0.030156565830111504,0.020476309582591057,0.03975944221019745,1.0
3062,6270976,7,0,1,6,0.0,0.14285714285714285,0.8571428571428571,0.005126223410479724,1.6312253147363662,0.027415416855365037,-6.354025816917419,0.05006144117214717,0.030179306864738464,0.020508013665676117,0.03975696861743927,1.0
3063,6273024,5,0,0,5,0.0,0.0,1.0,0.0005520757054910064,0.30588763430714605,0.024999089911580084,-6.351469707489014,0.014340874319896103,0.030197300016880035,0.020517749711871147,0.03973471745848656,1.0
3064,6275072,7,0,0,7,0.0,0.0,1.0,0.002145604440011084,0.16865288987755775,0.026536901667714118,-6.348919773101807,0.014915358682628721,0.030222265049815178,0.020563652738928795,0.039697807282209396,1.0
3065,6277120,5,0,0,5,0.0,0.0,1.0,0.0005298151168972254,0.19509892761707306,0.02537481766194105,-6.346779537200928,0.012736989476252347,0.030223695561289787,0.020569998770952225,0.03972223401069641,1.0
3066,6279168,2,0,0,2,0.0,0.0,1.0,-0.0018333100713789463,0.06050769202411175,0.02577753197401762,-6.345497584342956,0.015885426732711493,0.030270271003246307,0.020563531666994095,0.039833031594753265,1.0
3067,6281216,7,0,0,7,0.0,0.0,1.0,0.0005088103469461202,0.1139022771269083,0.024309067241847514,-6.343092393875122,0.010049101267941295,0.03025837242603302,0.0205458402633667,0.03976622223854065,1.0
3068,6283264,8,0,0,8,0.0,0.0,1.0,-0.000214164680801332,0.12147491797804832,0.026211146172136067,-6.347185015678406,0.02160134959849529,0.030193571001291275,0.020511001348495483,0.03970756754279137,1.0
3069,6285312,4,0,0,4,0.0,0.0,1.0,-0.0009200731525197625,0.14252495616674424,0.02762230606749654,-6.351778173446656,0.01597712333314121,0.03018055483698845,0.02052302099764347,0.03970581665635109,1.0
3070,6287360,8,0,0,8,0.0,0.0,1.0,0.0016582509269937873,0.20950621515512466,0.027371446881443263,-6.353046154975891,0.015189168404322117,0.03013746440410614,0.020524537190794945,0.03963736072182655,1.0
3071,6289408,3,0,0,3,0.0,0.0,1.0,0.0018822088837623595,0.18155889064073563,0.026841786131262778,-6.3589887619018555,0.01673502809135243,0.03005864843726158,0.020474957302212715,0.03946375101804733,1.0
3072,6291456,4,0,0,4,0.0,0.0,1.0,0.006628305092453957,0.11398975066840648,0.027566721476614476,-6.364395594596862,0.024687149102101104,0.030018966645002365,0.020483912900090218,0.039347779005765915,1.0
3073,6293504,6,0,0,6,0.0,0.0,1.0,0.0007064576260745525,0.289125794917345,0.028741931170225145,-6.365848350524902,0.021170687500853092,0.030023178085684776,0.020481618121266365,0.03937255218625069,1.0
3074,6295552,8,0,0,8,0.0,0.0,1.0,0.0022629435872659085,0.23810232654213906,0.029242834076285362,-6.365582799911499,0.018919874163111673,0.030008811503648758,0.020457085222005844,0.03931167721748352,1.0
3075,6297600,5,0,0,5,0.0,0.0,1.0,0.0056522662285715345,0.30953861474990846,0.029800614807754755,-6.370229721069336,0.021161914081312717,0.029928866773843765,0.020373137667775154,0.03919578716158867,1.0
3076,6299648,8,0,1,7,0.0,0.125,0.875,-0.002444493630900979,2.556142008304596,0.03171992683783174,-6.376483964920044,0.011605817568488419,0.0299435555934906,0.020338281989097595,0.03927752748131752,1.0
3077,6301696,3,0,1,2,0.0,0.3333333333333333,0.6666666666666666,0.0016471272334456443,2.0557793855667112,0.030022311396896838,-6.370862460136413,0.0261936531518586,0.030033301562070847,0.020345566794276237,0.03943784534931183,1.0
3078,6303744,5,0,0,5,0.0,0.0,1.0,0.004144743038341403,0.09528114460408688,0.02600262816995382,-6.3645861625671385,0.015534621523693204,0.03009757027029991,0.02036401256918907,0.03953604772686958,1.0
3079,6305792,5,0,0,5,0.0,0.0,1.0,0.0037820558762177827,0.12897702269256114,0.026472117565572263,-6.357227396965027,0.025101265538251028,0.03017646074295044,0.020405391231179237,0.03954721987247467,1.0
3080,6307840,6,0,0,6,0.0,0.0,1.0,0.00020758840255439282,0.22787316367030144,0.02611540462821722,-6.350462293624878,0.01269815355190076,0.03022182546555996,0.02038908191025257,0.03961095213890076,1.0
3081,6309888,5,0,0,5,0.0,0.0,1.0,0.0125454462133348,0.19283161982893943,0.027694934140890838,-6.348909473419189,0.02630117068765685,0.03024483099579811,0.020326070487499237,0.039713628590106964,1.0
3082,6311936,8,0,0,8,0.0,0.0,1.0,0.004214573232457042,0.2708504110574722,0.03437359463423491,-6.345994925498962,0.01281369969365187,0.030349064618349075,0.020296066999435425,0.04001076519489288,1.0
3083,6313984,5,0,1,4,0.0,0.2,0.8,0.003760934923775494,2.4831448078155516,0.036860687844455245,-6.339109921455384,0.024289114930434154,0.030396779999136925,0.020300796255469322,0.04021601378917694,1.0
3084,6316032,6,0,0,6,0.0,0.0,1.0,-0.0013989820377901196,0.16171494796872138,0.028875617310404778,-6.336671853065491,0.015320695866830648,0.030445754528045654,0.020316744223237038,0.04045315459370613,1.0
3085,6318080,3,0,0,3,0.0,0.0,1.0,0.0012578301830217242,0.056541526690125465,0.02467315960675478,-6.334945106506348,0.010054120107088237,0.030441317707300186,0.020291388034820557,0.04051228240132332,1.0
3086,6320128,7,0,1,6,0.0,0.14285714285714285,0.8571428571428571,0.0012115268502384425,2.1987971901893615,0.030475861858576536,-6.3374515771865845,0.02677251130226068,0.03040090762078762,0.020331906154751778,0.04042716324329376,1.0
3087,6322176,6,0,0,6,0.0,0.0,1.0,0.010647199000231922,0.2199109449982643,0.026095551997423173,-6.3400039911270145,0.02962271207361482,0.030368393287062645,0.020368285477161407,0.040389250963926315,1.0
3088,6324224,9,0,1,8,0.0,0.1111111111111111,0.8888888888888888,0.0009535085875540972,2.4026938498020174,0.033856648951768875,-6.340395712852478,0.017940296401502565,0.030399154871702194,0.020370807498693466,0.040467772632837296,1.0
3089,6326272,3,0,0,3,0.0,0.0,1.0,0.0021402926184237005,0.33655770868062973,0.030396178551018237,-6.338748598098755,0.017513584590051322,0.030402865260839462,0.02033833973109722,0.040561698377132416,1.0
3090,6328320,6,0,0,6,0.0,0.0,1.0,0.005442031286656856,0.34472177624702455,0.03489994090050459,-6.3407231092453005,0.01677590499166399,0.03038034960627556,0.020325567573308945,0.04056749492883682,1.0
3091,6330368,3,0,0,3,0.0,0.0,1.0,0.002497285511344671,0.3764318525791168,0.037777668423950674,-6.339771199226379,0.009822617535246537,0.030444610863924026,0.02043185941874981,0.04074233025312424,1.0
3092,6332416,5,0,0,5,0.0,0.0,1.0,0.0029079726664349437,0.263024839758873,0.034682228602468966,-6.3319906949996945,0.01574404208222404,0.030518664047122,0.020486457273364067,0.04096607863903046,1.0
3093,6334464,6,0,0,6,0.0,0.0,1.0,-0.004075109655968845,0.07596936076879501,0.027368763647973537,-6.329232668876648,0.02425176274846308,0.03052758239209652,0.020487042143940926,0.04112938791513443,1.0
3094,6336512,9,0,0,9,0.0,0.0,1.0,0.010620107362046837,0.1637449346482754,0.025676062144339085,-6.328969740867615,0.02674297379562631,0.03055713139474392,0.020507309585809708,0.04123576357960701,1.0
3095,6338560,3,0,0,3,0.0,0.0,1.0,0.00817206569481641,0.12983913533389568,0.029113747458904982,-6.3283817052841185,0.024805881711654366,0.030511459335684776,0.020555874332785606,0.041142724454402924,1.0
3096,6340608,7,0,1,6,0.0,0.14285714285714285,0.8571428571428571,-0.0030686058104038238,2.0864017724990847,0.03418605886399746,-6.329388976097107,0.01676663039252162,0.030552014708518982,0.020658627152442932,0.0411943644285202,1.0
3097,6342656,5,0,0,5,0.0,0.0,1.0,0.004214815492741763,0.17660147845745086,0.029207345563918352,-6.323005199432373,0.01499993831384927,0.030574094504117966,0.02072806842625141,0.041178710758686066,1.0
3098,6344704,4,0,1,3,0.0,0.25,0.75,-0.0016287841484881938,2.2985756158828736,0.03121886234730482,-6.323072838783264,0.015797217952786012,0.03054630011320114,0.020766979083418846,0.041183777153491974,1.0
3099,6346752,7,0,0,7,0.0,0.0,1.0,0.0063117982121184465,0.28779177069664,0.027215658314526082,-6.32474377155304,0.015248178725596518,0.03053564392030239,0.020799262449145317,0.04118306189775467,1.0
3100,6348800,8,0,0,8,0.0,0.0,1.0,0.022834812803193928,0.19751486405730248,0.030459011811763047,-6.325708603858947,0.049775294348364696,0.030522413551807404,0.02078595571219921,0.04117986932396889,1.0
3101,6350848,3,0,1,2,0.0,0.3333333333333333,0.6666666666666666,0.00015540788881480695,2.401449364423752,0.030379902198910715,-6.32742133140564,0.018987097177887335,0.030512986704707146,0.020731251686811447,0.04124925285577774,1.0
3102,6352896,6,0,0,6,0.0,0.0,1.0,0.005390189797617495,0.18352431282401085,0.0324559130705893,-6.331226372718811,0.018884183384943753,0.030477941036224365,0.020630499348044395,0.04125306010246277,1.0
3103,6354944,7,0,1,6,0.0,0.14285714285714285,0.8571428571428571,0.006177129468414933,0.8428260371088981,0.03581848703324795,-6.334299516677857,0.022806477011181416,0.030486270785331726,0.02061864361166954,0.04129870980978012,1.0
3104,6356992,5,0,0,5,0.0,0.0,1.0,0.0022882868768647315,0.5600586041808129,0.03960161358118057,-6.33474977016449,0.016081225732341407,0.030455902218818665,0.02059672586619854,0.04140125960111618,1.0
3105,6359040,5,0,0,5,0.0,0.0,1.0,0.0019218505825847388,0.2926612049341202,0.034448550827801225,-6.342129468917847,0.030368454102426768,0.03036041185259819,0.020565824583172798,0.04128212481737137,1.0
3106,6361088,6,0,0,6,0.0,0.0,1.0,0.0029215217335149648,0.1707536034286022,0.029806377552449703,-6.348999762535096,0.010987397155258805,0.030335543677210808,0.020541245117783546,0.041260674595832825,1.0
3107,6363136,5,0,0,5,0.0,0.0,1.0,0.0017939610872417689,0.1865466296672821,0.026448346488177777,-6.348980140686035,0.015580466698156669,0.030358824878931046,0.02055443450808525,0.04134749248623848,1.0
3108,6365184,7,0,0,7,0.0,0.0,1.0,0.006157802441157401,0.14847375452518463,0.028302326425909997,-6.3492316722869875,0.019728919258341193,0.030323585495352745,0.02056129090487957,0.04129728674888611,1.0
3109,6367232,6,0,0,6,0.0,0.0,1.0,0.0011632638052105904,0.39811363965272906,0.029662225022912027,-6.353809261322022,0.013354646583320574,0.030257007107138634,0.02054603584110737,0.04116617515683174,1.0
3110,6369280,5,0,1,4,0.0,0.2,0.8,-0.0006320076063275337,2.15775306224823,0.028909191861748694,-6.357523703575135,0.032102611835580316,0.030258743092417717,0.02052563987672329,0.04119715467095375,1.0
3111,6371328,7,0,0,7,0.0,0.0,1.0,0.0020773451775312423,0.11616649106144905,0.026147495582699777,-6.359119582176208,0.013241403532447293,0.03021302819252014,0.020494503900408745,0.041200604289770126,1.0
3112,6373376,4,0,1,3,0.0,0.25,0.75,0.003856283612549305,2.410232347249985,0.028032999020069838,-6.361312818527222,0.0231032618554309,0.030268553644418716,0.020506316795945168,0.04133477807044983,1.0
3113,6375424,4,0,0,4,0.0,0.0,1.0,0.01908615753054619,0.174243925511837,0.02806354397907853,-6.35471088886261,0.051655166875571014,0.030330989509820938,0.020541293546557426,0.041451603174209595,1.0
3114,6377472,7,0,0,7,0.0,0.0,1.0,0.0001738105434924364,0.43948823809623716,0.036908584833145144,-6.349639177322388,0.011970412480877712,0.030380098149180412,0.020628470927476883,0.04152625426650047,1.0
3115,6379520,5,0,0,5,0.0,0.0,1.0,0.0029128234134987,0.3626371130347252,0.03454759865999222,-6.34784734249115,0.013024401344591752,0.030329694971442223,0.02061246894299984,0.0414542518556118,1.0
3116,6381568,5,0,0,5,0.0,0.0,1.0,-0.0011752442456781863,0.4277195781469345,0.03302726503461599,-6.355612659454346,0.011289246467640623,0.030247081071138382,0.020535677671432495,0.04131537303328514,1.0
3117,6383616,7,0,0,7,0.0,0.0,1.0,0.002717488864436746,0.26786602661013603,0.03387474846094847,-6.362794828414917,0.01875389275373891,0.030193155631422997,0.020417144522070885,0.04126129299402237,1.0
3118,6385664,6,0,0,6,0.0,0.0,1.0,0.006001092283986509,0.13252287805080415,0.028816309198737143,-6.368825602531433,0.021760431688744575,0.030148357152938843,0.02037876471877098,0.04119885340332985,1.0
3119,6387712,5,0,0,5,0.0,0.0,1.0,-0.0005137696862220764,0.2339905634522438,0.029644444212317468,-6.372386240959168,0.017526028561405838,0.030103487893939018,0.020376436412334442,0.041064128279685974,1.0
3120,6389760,5,0,1,4,0.0,0.2,0.8,0.0004797762958332896,1.2123139172792434,0.033601288869977,-6.375781631469726,0.023668442078633233,0.030076459050178528,0.02030099369585514,0.041004400700330734,1.0
3121,6391808,6,0,1,5,0.0,0.16666666666666666,0.8333333333333334,0.0035821859491989017,2.3941061735153197,0.032876935042440894,-6.37705512046814,0.016855387133546174,0.030104245990514755,0.02026863396167755,0.04105319455265999,1.0
3122,6393856,6,0,0,6,0.0,0.0,1.0,0.0019111895002424718,0.6243800520896912,0.03249710723757744,-6.373708820343017,0.015088913642102852,0.0301378034055233,0.020304445177316666,0.04113466292619705,1.0
3123,6395904,6,0,0,6,0.0,0.0,1.0,0.003807000583037734,0.21632258594036102,0.03330762907862663,-6.37078709602356,0.018389820132870226,0.03017878159880638,0.020350199192762375,0.04117696359753609,1.0
3124,6397952,5,0,1,4,0.0,0.2,0.8,0.0023048773873597383,2.2523154616355896,0.032954501919448376,-6.36847505569458,0.0192390835552942,0.030139271169900894,0.020371735095977783,0.04111180081963539,1.0
3125,6400000,6,0,0,6,0.0,0.0,1.0,0.018602198734879494,0.07185263186693192,0.02919631274417043,-6.372483015060425,0.03510530928615481,0.030111953616142273,0.0203646719455719,0.0410628579556942,1.0
3126,6402048,4,0,0,4,0.0,0.0,1.0,0.003101255453657359,0.15805410370230674,0.029981517232954502,-6.372985363006592,0.017203258600784466,0.030120868235826492,0.020376058295369148,0.04102027416229248,1.0
3127,6404096,7,0,0,7,0.0,0.0,1.0,0.005506658623926341,0.17854926586151124,0.02858818108215928,-6.369386434555054,0.026199596154037864,0.030161065980792046,0.020436322316527367,0.040995605289936066,1.0
3128,6406144,5,0,1,4,0.0,0.2,0.8,0.0019483227282762528,1.9544260859489442,0.029429750889539717,-6.3627883195877075,0.03749772456358187,0.03023122251033783,0.020495187491178513,0.04099734500050545,1.0
3129,6408192,7,0,0,7,0.0,0.0,1.0,0.002075231913477182,0.07976754903793334,0.02759061511605978,-6.358577704429626,0.01412222269573249,0.03020612895488739,0.020475812256336212,0.04096335545182228,1.0
3130,6410240,4,0,0,4,0.0,0.0,1.0,0.00944623458199203,0.11301248073577881,0.030821490474045275,-6.361747193336487,0.021420379664050415,0.030208677053451538,0.020468203350901604,0.0410139225423336,1.0
3131,6412288,6,0,0,6,0.0,0.0,1.0,-0.0009501366410404443,0.25190444812178614,0.028701630141586065,-6.362146663665771,0.010957052116282284,0.030178463086485863,0.020446093752980232,0.040965862572193146,1.0
3132,6414336,5,0,0,5,0.0,0.0,1.0,0.0012296401895582677,0.2775864228606224,0.0280858026817441,-6.368418025970459,0.014520903548691422,0.03008192591369152,0.020395806059241295,0.04079320281744003,1.0
3133,6416384,5,0,0,5,0.0,0.0,1.0,0.002249294868670404,0.17200922966003418,0.027929913159459828,-6.374017238616943,0.011851019167806953,0.030070144683122635,0.020498931407928467,0.04074582830071449,1.0
3134,6418432,6,0,0,6,0.0,0.0,1.0,0.0008317242143675684,0.07700718902051448,0.02754454929381609,-6.371504807472229,0.016379332687938584,0.030096642673015594,0.020485132932662964,0.040801942348480225,1.0
3135,6420480,10,0,2,8,0.0,0.2,0.8,-0.0033136921003460882,4.608623278141022,0.037350982613861564,-6.371827697753906,0.011200860742246733,0.03007766231894493,0.020388716831803322,0.04083512723445892,1.0
3136,6422528,3,0,0,3,0.0,0.0,1.0,0.004674483113922179,0.17779019474983215,0.02823368292301893,-6.375026965141297,0.021987227897625417,0.030057746917009354,0.020444154739379883,0.04079292342066765,1.0
3137,6424576,5,0,0,5,0.0,0.0,1.0,0.0005160660948604345,0.29325481280684473,0.0304989380761981,-6.373921251296997,0.013663218251895159,0.030092090368270874,0.020520975813269615,0.04083149507641792,1.0
3138,6426624,7,0,1,6,0.0,0.14285714285714285,0.8571428571428571,0.007586926268413663,1.8468400835990906,0.031933520641177895,-6.371290111541748,0.016828523360891266,0.03008051961660385,0.020465534180402756,0.040862251073122025,1.0
3139,6428672,4,0,0,4,0.0,0.0,1.0,0.008868809789419174,0.1027795247733593,0.026316284481436015,-6.374364233016967,0.018935867515392602,0.030071353539824486,0.020430803298950195,0.04091546684503555,1.0
3140,6430720,5,0,0,5,0.0,0.0,1.0,0.0025349905015900733,0.09661522842943668,0.02741989530622959,-6.376941800117493,0.01158476882847026,0.030008284375071526,0.020501649007201195,0.04074757546186447,1.0
3141,6432768,8,0,0,8,0.0,0.0,1.0,-0.002602931531146169,0.12563172951340676,0.02876266064122319,-6.3798458814620975,0.011671369255054742,0.02999090403318405,0.020567065104842186,0.04072674363851547,1.0
3142,6434816,3,0,0,3,0.0,0.0,1.0,-0.0008376423735171557,0.29872782677412035,0.027013645879924296,-6.378083300590515,0.00979846382397227,0.030040960758924484,0.02060314454138279,0.04089774563908577,1.0
3143,6436864,7,0,0,7,0.0,0.0,1.0,-0.0015865881228819489,0.11565367877483368,0.026693902257829905,-6.375220227241516,0.013405247905757279,0.03006308525800705,0.020512208342552185,0.04100107029080391,1.0
3144,6438912,7,0,1,6,0.0,0.14285714285714285,0.8571428571428571,-0.003206999786198139,1.884905791282654,0.030530693102627994,-6.374305582046508,0.019681944575859235,0.030127156525850296,0.020473573356866837,0.04111466929316521,1.0
3145,6440960,4,0,0,4,0.0,0.0,1.0,-0.000729094771668315,0.3244179606437683,0.02964526005089283,-6.36880054473877,0.012542517989641056,0.03015737235546112,0.020494038239121437,0.04114732891321182,1.0
3146,6443008,5,0,0,5,0.0,0.0,1.0,0.004400268662720919,0.07972839549183845,0.027816525939852,-6.368808650970459,0.016294296766864134,0.030119745060801506,0.020466353744268417,0.04104100167751312,1.0
3147,6445056,7,0,0,7,0.0,0.0,1.0,0.00681688052136451,0.2150750793516636,0.02844955176115036,-6.372480583190918,0.018309622030938045,0.03009648248553276,0.020456621423363686,0.04098169878125191,1.0
3148,6447104,3,0,1,2,0.0,0.3333333333333333,0.6666666666666666,0.0016661316622048616,2.6439785957336426,0.030458273366093636,-6.3732681512832645,0.013719324406702071,0.030083023011684418,0.020434314385056496,0.040965404361486435,1.0
3149,6449152,9,0,0,9,0.0,0.0,1.0,0.0025200795847922564,0.23767612203955651,0.027860114723443984,-6.375120234489441,0.015449402638478205,0.030071457847952843,0.020390665158629417,0.04092137888073921,1.0
3150,6451200,5,0,0,5,0.0,0.0,1.0,-0.0012542322045192122,0.1928824082016945,0.028197421319782735,-6.374742531776429,0.01751159756677225,0.03010674938559532,0.0204116553068161,0.04095149785280228,1.0
3151,6453248,4,0,0,4,0.0,0.0,1.0,0.003291186015121639,0.19988348707556725,0.03112527271732688,-6.371461987495422,0.022245291125727817,0.03010384738445282,0.020390812307596207,0.04083854332566261,1.0
3152,6455296,6,0,0,6,0.0,0.0,1.0,0.00302333093713969,0.23978533893823623,0.03222026079893112,-6.3711143970489506,0.016198667662683873,0.03011145070195198,0.020363712683320045,0.04078826680779457,1.0
3153,6457344,6,0,0,6,0.0,0.0,1.0,-0.0012276070890948176,0.4795467361807823,0.03288362426683307,-6.372583222389221,0.011378017492825165,0.030061161145567894,0.020307626575231552,0.04074155539274216,1.0
3154,6459392,3,0,0,3,0.0,0.0,1.0,0.0022878750693053006,0.22661094292998313,0.029394917842000722,-6.377267265319825,0.019171834306325762,0.030043944716453552,0.020357275381684303,0.040718112140893936,1.0
3155,6461440,9,0,0,9,0.0,0.0,1.0,0.0054476705845445395,0.27012124881148336,0.031964789517223834,-6.37750210762024,0.01644052693154663,0.03001520037651062,0.020381217822432518,0.040662284940481186,1.0
3156,6463488,4,0,0,4,0.0,0.0,1.0,0.0014830624684691429,0.20134447887539864,0.02912137284874916,-6.38099684715271,0.009672749461606145,0.029982976615428925,0.02037811651825905,0.04064246267080307,1.0
3157,6465536,5,0,0,5,0.0,0.0,1.0,0.0057337495498359205,0.17537614777684213,0.03424157500267029,-6.380665564537049,0.021723905368708073,0.030019698664546013,0.02043677493929863,0.0406489372253418,1.0
3158,6467584,6,0,0,6,0.0,0.0,1.0,0.005092095956206322,0.2202855348587036,0.03405884485691786,-6.375110030174255,0.017911191354505716,0.030059128999710083,0.020462000742554665,0.04063817113637924,1.0
3159,6469632,5,0,0,5,0.0,0.0,1.0,0.0023059383733198048,0.16105058491230012,0.02777628684416413,-6.372653460502624,0.013247879152186216,0.030074521899223328,0.02040332555770874,0.04064116254448891,1.0
3160,6471680,5,0,0,5,0.0,0.0,1.0,-0.00035717533901333807,0.10620590150356293,0.028894440084695817,-6.37276029586792,0.02004007165087387,0.030061382800340652,0.020415782928466797,0.040541037917137146,1.0
3161,6473728,8,0,1,7,0.0,0.125,0.875,-0.0014414968667551876,1.8598366856575013,0.03010453348979354,-6.374097299575806,0.024871191545389592,0.03002884052693844,0.02036771923303604,0.040484484285116196,1.0
3162,6475776,4,0,0,4,0.0,0.0,1.0,0.0012895042425952851,0.126041891425848,0.032440987415611744,-6.378555178642273,0.012501238199183718,0.030001774430274963,0.02024122327566147,0.04056094214320183,1.0
3163,6477824,5,0,0,5,0.0,0.0,1.0,0.003649985883384943,0.4152752995491028,0.03552497047930956,-6.383590030670166,0.015143985650502146,0.029972709715366364,0.020188594236969948,0.04052865877747536,1.0
3164,6479872,7,0,1,6,0.0,0.14285714285714285,0.8571428571428571,-0.0014960114262066782,0.6141359381377697,0.031163181737065317,-6.38444447517395,0.013260730379261076,0.029995402321219444,0.020174602046608925,0.04057560861110687,1.0
3165,6481920,4,0,0,4,0.0,0.0,1.0,0.002896405290812254,0.38866194188594816,0.031741386000067,-6.384759497642517,0.013450842595193534,0.029957717284560204,0.020133361220359802,0.04051089286804199,1.0
3166,6483968,8,0,1,7,0.0,0.125,0.875,-0.00038607746828347447,2.435239666700363,0.039021631330251695,-6.388187527656555,0.029253577149938793,0.029949506744742393,0.020122146233916283,0.040449097752571106,1.0
3167,6486016,7,0,1,6,0.0,0.14285714285714285,0.8571428571428571,0.0021920429076999425,2.273900705575943,0.03900090660899878,-6.390198469161987,0.01301147065241821,0.029889507219195366,0.02009318396449089,0.0404038168489933,1.0
3168,6488064,4,0,0,4,0.0,0.0,1.0,-7.298588752746582e-05,0.4194730818271637,0.03401414230465889,-6.397403693199157,0.011257741117151453,0.029824696481227875,0.0200229249894619,0.04036305844783783,1.0
3169,6490112,4,0,0,4,0.0,0.0,1.0,0.003968103998340666,0.38425405919551847,0.03851174265146255,-6.40538182258606,0.011922091816086323,0.029746871441602707,0.0199363324791193,0.04020131751894951,1.0
3170,6492160,7,0,1,6,0.0,0.14285714285714285,0.8571428571428571,-0.0013930641347542406,2.197171598672867,0.03523811511695385,-6.411901926994323,0.011410068103577942,0.02971210889518261,0.01983204483985901,0.040253013372421265,1.0
3171,6494208,4,0,0,4,0.0,0.0,1.0,-0.0015444341581314803,0.20237968489527702,0.029604046046733855,-6.416386699676513,0.012590044602984563,0.029702506959438324,0.01979074627161026,0.04034030809998512,1.0
3172,6496256,8,0,0,8,0.0,0.0,1.0,-0.004158208845183253,0.28051875308156016,0.03222818803042173,-6.415606665611267,0.021395649563055487,0.029752425849437714,0.019832054153084755,0.040396593511104584,1.0
3173,6498304,7,0,0,7,0.0,0.0,1.0,0.004039742378517985,0.20993327349424362,0.030421045329421758,-6.410266733169555,0.012524712475715205,0.029771804809570312,0.019819775596261024,0.040377430617809296,1.0
3174,6500352,2,0,0,2,0.0,0.0,1.0,0.019058667309582233,0.4094803348183632,0.03165517095476389,-6.4109056234359745,0.03569923117756844,0.02974887751042843,0.019829029217362404,0.04030357301235199,1.0
3175,6502400,6,0,0,6,0.0,0.0,1.0,0.0009090812527574599,0.5297929957509041,0.03231691252440214,-6.4128885746002195,0.015002592699602246,0.029703427106142044,0.019851652905344963,0.040192317217588425,1.0
3176,6504448,6,0,0,6,0.0,0.0,1.0,0.004234603978693486,0.2820080198347569,0.0370989765971899,-6.416487526893616,0.019460638309828936,0.029680948704481125,0.01981319487094879,0.040200311690568924,1.0
3177,6506496,4,0,0,4,0.0,0.0,1.0,-7.081106305122376e-05,0.3232525050640106,0.033173570036888124,-6.416823124885559,0.01245401289779693,0.02970687672495842,0.01983790472149849,0.04011079668998718,1.0
3178,6508544,8,0,0,8,0.0,0.0,1.0,-0.0012022942071780562,0.3333219692111015,0.03335556630045176,-6.412984251976013,0.013577603042358532,0.029696758836507797,0.019868476316332817,0.039958078414201736,1.0
3179,6510592,6,0,0,6,0.0,0.0,1.0,-0.0021373438183218242,0.28487175405025483,0.033848606236279014,-6.414271664619446,0.018185125570744275,0.02966316044330597,0.01988208293914795,0.03991108387708664,1.0
3180,6512640,4,0,0,4,0.0,0.0,1.0,0.0031601436203345656,0.27134223729372026,0.03495522886514664,-6.416420578956604,0.012691913096932694,0.029639463871717453,0.01995319500565529,0.039874736219644547,1.0
3181,6514688,6,0,1,5,0.0,0.16666666666666666,0.8333333333333334,0.007198939379304647,1.8188636958599091,0.03724789600819349,-6.418041133880616,0.017068825365277006,0.02960957959294319,0.01994975656270981,0.03982163965702057,1.0
3182,6516736,5,0,0,5,0.0,0.0,1.0,0.0023321044514887034,0.19223275929689407,0.03443679977208376,-6.421998476982116,0.017400992492912336,0.029549961909651756,0.01992741785943508,0.03971786051988602,1.0
3183,6518784,4,0,0,4,0.0,0.0,1.0,0.006647325586527586,0.24063359573483467,0.034951199777424335,-6.427535963058472,0.016225380619289353,0.02950296364724636,0.01991485059261322,0.039664044976234436,1.0
3184,6520832,9,0,1,8,0.0,0.1111111111111111,0.8888888888888888,-0.0007119105663150549,1.9363712131977082,0.0346696063876152,-6.427074670791626,0.015879067603964358,0.02959209680557251,0.019974637776613235,0.03982412815093994,1.0
3185,6522880,6,0,0,6,0.0,0.0,1.0,0.006022948957979679,0.18763030022382737,0.03351982925087214,-6.418053126335144,0.023919270955957472,0.029624715447425842,0.01999201811850071,0.039873018860816956,1.0
3186,6524928,5,0,1,4,0.0,0.2,0.8,0.0032214794773608446,2.2736291170120237,0.03467834331095219,-6.418279218673706,0.02081429484533146,0.02961745485663414,0.019978972151875496,0.03984927013516426,1.0
3187,6526976,5,0,0,5,0.0,0.0,1.0,-0.000977352075278759,0.13096418902277945,0.03281468991190195,-6.421421813964844,0.011145876528462394,0.029515832662582397,0.02002618834376335,0.03962954506278038,1.0
3188,6529024,5,0,0,5,0.0,0.0,1.0,0.004459884739480913,0.23729042634367942,0.032063336856663224,-6.429005146026611,0.024445864715380593,0.029467813670635223,0.02004328928887844,0.03957062214612961,1.0
3189,6531072,4,0,0,4,0.0,0.0,1.0,-0.0010856156703084707,0.28625849038362505,0.03697485961019993,-6.430874824523926,0.012698263290803879,0.029463376849889755,0.02001951076090336,0.03950542211532593,1.0
3190,6533120,9,0,1,8,0.0,0.1111111111111111,0.8888888888888888,-0.0015721732284873723,1.1307301431894303,0.033291061967611314,-6.430286693572998,0.01586032046470791,0.029465874657034874,0.02003989741206169,0.03945411741733551,1.0
3191,6535168,5,0,0,5,0.0,0.0,1.0,0.0006254459032788873,0.08978891521692275,0.027155464980751276,-6.428888297080993,0.007041789370123297,0.02947957068681717,0.020062580704689026,0.03950224071741104,1.0
3192,6537216,7,0,1,6,0.0,0.14285714285714285,0.8571428571428571,-0.0014541838318109512,2.355267584323883,0.032273287139832976,-6.4290621995925905,0.01687709358520806,0.029473096132278442,0.02005125768482685,0.03959287330508232,1.0
3193,6539264,5,0,1,4,0.0,0.2,0.8,-0.00019130983855575323,2.4294009029865267,0.036280656978487966,-6.428227734565735,0.017764802247984334,0.029538337141275406,0.02001241408288479,0.03977341949939728,1.0
3194,6541312,6,0,1,5,0.0,0.16666666666666666,0.8333333333333334,2.1128938533365728e-05,1.690033069252968,0.02912097843363881,-6.422649335861206,0.01625241297879256,0.02960282191634178,0.02001781202852726,0.03982521966099739,1.0
3195,6543360,6,0,0,6,0.0,0.0,1.0,-0.0014298579189926386,0.09100386500358582,0.0260996762663126,-6.417295169830322,0.01124518834403716,0.02962552011013031,0.020009202882647514,0.03975008800625801,1.0
3196,6545408,7,0,1,6,0.0,0.14285714285714285,0.8571428571428571,-0.00039945137687027457,2.292045420408249,0.031110119353979827,-6.4162365913391115,0.010033586510689928,0.029627829790115356,0.019977256655693054,0.03969491273164749,1.0
3197,6547456,2,0,0,2,0.0,0.0,1.0,0.0032680628821253775,0.10207407139241695,0.028780990187078713,-6.416341829299927,0.021229892672272398,0.02960827201604843,0.019935376942157745,0.03953469917178154,1.0
3198,6549504,8,0,1,7,0.0,0.125,0.875,-0.0003403504379093647,2.3463216841220857,0.03609557133167982,-6.417166113853455,0.010094714380102232,0.0296049565076828,0.019984275102615356,0.03949708119034767,1.0
3199,6551552,6,0,0,6,0.0,0.0,1.0,-0.0008301787078380584,0.40880574136972425,0.03715997021645308,-6.416313672065735,0.012542266183299944,0.029622426256537437,0.019939826801419258,0.03960276395082474,1.0
3200,6553600,5,0,1,4,0.0,0.2,0.8,0.007672960474155843,2.0627209544181824,0.03519644998013973,-6.417873334884644,0.02428806220414117,0.029592430219054222,0.019886203110218048,0.03956668823957443,1.0
3201,6555648,7,0,0,7,0.0,0.0,1.0,0.002238527173176408,0.17875560373067856,0.02882416360080242,-6.4218565940856935,0.013917181751457975,0.029545223340392113,0.019895639270544052,0.03938557207584381,1.0
3202,6557696,4,0,0,4,0.0,0.0,1.0,-3.660423681139946e-06,0.16965147107839584,0.02978511117398739,-6.4250012874603275,0.007556730718351901,0.029497241601347923,0.01987442374229431,0.039309125393629074,1.0
3203,6559744,4,0,1,3,0.0,0.25,0.75,0.004192150942981243,2.4640056133270263,0.0328564777970314,-6.429412174224853,0.022001456312136725,0.029461175203323364,0.019886823371052742,0.03926585242152214,1.0
3204,6561792,9,0,1,8,0.0,0.1111111111111111,0.8888888888888888,0.0015555919613689183,1.4479758441448212,0.032262597046792504,-6.430896592140198,0.017313574481522664,0.02945532277226448,0.01990111917257309,0.03924230486154556,1.0
3205,6563840,6,0,0,6,0.0,0.0,1.0,0.0023147074971348047,0.19320716187357903,0.028507819306105374,-6.4324983835220335,0.015440404461696745,0.029416080564260483,0.01989646814763546,0.0391802117228508,1.0
3206,6565888,3,0,0,3,0.0,0.0,1.0,0.0003171867923811078,0.11668322384357452,0.028759541176259517,-6.433788800239563,0.014626841363497078,0.029438994824886322,0.01994968019425869,0.03915237635374069,1.0
3207,6567936,6,0,0,6,0.0,0.0,1.0,6.871786899864674e-05,0.29925383627414703,0.0324800830334425,-6.426941561698913,0.010064638603944331,0.029528535902500153,0.020026689395308495,0.03931320458650589,1.0
3208,6569984,7,0,2,5,0.0,0.2857142857142857,0.7142857142857143,-0.0008069894276559353,2.502246594429016,0.03546356987208128,-6.4207546472549435,0.009755988349206745,0.029539717361330986,0.020042510703206062,0.03935261070728302,1.0
3209,6572032,3,0,0,3,0.0,0.0,1.0,0.006068470375612378,0.14764383137226106,0.029787870496511458,-6.420889210700989,0.018419383943546565,0.029549887403845787,0.020040910691022873,0.039345480501651764,1.0
3210,6574080,9,0,0,9,0.0,0.0,1.0,0.006199634377844631,0.2198341056704521,0.03340938985347748,-6.4187504053115845,0.01884196634637192,0.029583804309368134,0.02002120018005371,0.03945573419332504,1.0
3211,6576128,6,0,0,6,0.0,0.0,1.0,-0.002446410630363971,0.28948620408773423,0.03220969391986728,-6.417657947540283,0.013624301447998732,0.029596645385026932,0.020005865022540092,0.0395754911005497,1.0
3212,6578176,3,0,1,2,0.0,0.3333333333333333,0.6666666666666666,0.0072817222215235235,0.4311604380607605,0.030131264962255953,-6.417562651634216,0.021951225493103264,0.029599931091070175,0.02001396007835865,0.03957999125123024,1.0
3213,6580224,6,0,0,6,0.0,0.0,1.0,0.006972115952521563,0.2709830805659294,0.032588967308402064,-6.418922185897827,0.01975635690614581,0.02955453470349312,0.020040718838572502,0.039552681148052216,1.0
3214,6582272,7,0,1,6,0.0,0.14285714285714285,0.8571428571428571,0.0035934795159846544,2.324505490064621,0.038786590471863745,-6.420976901054383,0.020262801623903214,0.029562368988990784,0.02012721821665764,0.03957316651940346,1.0
3215,6584320,5,0,0,5,0.0,0.0,1.0,-0.0027222907636314632,0.5855937242507935,0.040788525529205796,-6.417077374458313,0.010111791046801955,0.029607918113470078,0.02018067240715027,0.0396718755364418,1.0
3216,6586368,6,0,0,6,0.0,0.0,1.0,0.0016407434595748782,0.5517446339130402,0.03792543672025204,-6.41429181098938,0.023036138201132417,0.029613783583045006,0.02013980783522129,0.03965834155678749,1.0
3217,6588416,6,0,0,6,0.0,0.0,1.0,0.0060079270275309685,0.1325301356613636,0.02878865720704198,-6.413450360298157,0.024018306517973542,0.029662583023309708,0.020107191056013107,0.03973276913166046,1.0
3218,6590464,2,0,0,2,0.0,0.0,1.0,0.00199712875764817,0.12786158211529255,0.026809580717235805,-6.40901141166687,0.015130836609750986,0.029691621661186218,0.02009182795882225,0.039794228971004486,1.0
3219,6592512,9,0,0,9,0.0,0.0,1.0,0.005750100663863123,0.14566181376576423,0.028388061095029116,-6.411865544319153,0.02199486377649009,0.029623910784721375,0.01999274268746376,0.0397217720746994,1.0
3220,6594560,5,0,0,5,0.0,0.0,1.0,0.0023452008608728647,0.45282027721405027,0.03842597026377916,-6.421153044700622,0.013696480653015897,0.029525496065616608,0.019939318299293518,0.03963296487927437,1.0
3221,6596608,6,0,0,6,0.0,0.0,1.0,0.001084616337902844,0.33110260516405104,0.035135714523494246,-6.4311885118484495,0.015203150652814657,0.0294321458786726,0.01988849602639675,0.03948698937892914,1.0
3222,6598656,6,0,0,6,0.0,0.0,1.0,0.00268392451107502,0.24379853382706643,0.03479886166751385,-6.4375879764556885,0.01322272017132491,0.029412878677248955,0.019809316843748093,0.03946575149893761,1.0
3223,6600704,5,0,0,5,0.0,0.0,1.0,0.0024731334298849104,0.2607289142906666,0.030899310763925315,-6.440467739105225,0.01376191558665596,0.029373368248343468,0.01974293775856495,0.03941703215241432,1.0
3224,6602752,2,0,0,2,0.0,0.0,1.0,-0.002335793781094253,0.2755855418741703,0.028164404444396496,-6.444145202636719,0.010190675919875502,0.029393084347248077,0.019711706787347794,0.039514411240816116,1.0
3225,6604800,8,0,0,8,0.0,0.0,1.0,0.008725908258929849,0.32693248689174653,0.03445196188986301,-6.442244935035705,0.022466864704620094,0.029394930228590965,0.019738301634788513,0.0395219586789608,1.0
3226,6606848,5,0,0,5,0.0,0.0,1.0,0.006524103600531817,0.24334563463926315,0.03377669081091881,-6.442212677001953,0.023837118659866974,0.029418859630823135,0.019712036475539207,0.039691489189863205,1.0
3227,6608896,8,0,0,8,0.0,0.0,1.0,0.001616184343583882,0.16820785477757455,0.02911979574710131,-6.442016553878784,0.012635909137316048,0.029439955949783325,0.019661279395222664,0.03986990079283714,1.0
3228,6610944,4,0,0,4,0.0,0.0,1.0,-0.003107656491920352,0.2608661219477654,0.02660004748031497,-6.443262124061585,0.01246493011713028,0.029430322349071503,0.019599534571170807,0.03995188698172569,1.0
3229,6612992,5,0,0,5,0.0,0.0,1.0,0.001180281222332269,0.159697026014328,0.030914660450071095,-6.447393846511841,0.007995632762322203,0.029368862509727478,0.01960848830640316,0.039806317538022995,1.0
3230,6615040,4,0,0,4,0.0,0.0,1.0,0.005193822074215859,0.17020772993564606,0.02940739383921027,-6.4499980211257935,0.02202612183173187,0.02936701290309429,0.019589083269238472,0.03976397588849068,1.0
3231,6617088,8,0,0,8,0.0,0.0,1.0,0.005993160838261247,0.10892377346754074,0.028123152535408737,-6.449215912818909,0.024417262931820005,0.029388923197984695,0.01958136074244976,0.03982292488217354,1.0
3232,6619136,3,0,0,3,0.0,0.0,1.0,0.00528071578592062,0.06513932887464761,0.026725155394524337,-6.448624753952027,0.022248850169125943,0.029361946508288383,0.019606562331318855,0.03970189020037651,1.0
3233,6621184,9,0,0,9,0.0,0.0,1.0,0.0007057604379951954,0.1771900426596403,0.028752511460334064,-6.449781727790833,0.014830377354519442,0.029337337240576744,0.019670328125357628,0.039547208696603775,1.0
3234,6623232,6,0,1,5,0.0,0.16666666666666666,0.8333333333333334,-0.0009579801233485341,2.18138267993927,0.0330326515249908,-6.447284150123596,0.020927115593804047,0.02939218282699585,0.019712651148438454,0.03960564360022545,1.0
3235,6625280,3,0,0,3,0.0,0.0,1.0,0.015848708106204867,0.35327260941267014,0.032866745442152026,-6.442640495300293,0.0378307462320663,0.029409464448690414,0.019705820828676224,0.03963196277618408,1.0
3236,6627328,6,0,0,6,0.0,0.0,1.0,-0.0014457225101068617,0.49196518659591676,0.03421754520386457,-6.44154965877533,0.011733965540770441,0.029447291046380997,0.01968657411634922,0.03976944461464882,1.0
3237,6629376,6,0,0,6,0.0,0.0,1.0,0.011393599084112794,0.47162909954786303,0.03287349436432123,-6.438769793510437,0.022533103835303336,0.029468482360243797,0.019709855318069458,0.03978029265999794,1.0
3238,6631424,3,0,1,2,0.0,0.3333333333333333,0.6666666666666666,0.015184503956697881,2.393389129638672,0.02911738967522979,-6.438129663467407,0.04110573282814585,0.029448017477989197,0.019703682512044907,0.039702627807855606,1.0
3239,6633472,9,0,0,9,0.0,0.0,1.0,-0.0011000927770510316,0.20715862810611724,0.032236195728182794,-6.437621974945069,0.012910198007011786,0.02947203442454338,0.01974708028137684,0.03959251567721367,1.0
3240,6635520,7,0,1,6,0.0,0.14285714285714285,0.8571428571428571,0.00207019979134202,0.4801065295934677,0.029185760673135518,-6.434470248222351,0.021400538552552462,0.029461294412612915,0.019717833027243614,0.03956181928515434,1.0
3241,6637568,2,0,0,2,0.0,0.0,1.0,0.004860393423587084,0.1471945710480213,0.03125235578045249,-6.438147330284119,0.01659621953731403,0.02943706326186657,0.01966424100100994,0.03955075517296791,1.0
3242,6639616,6,0,0,6,0.0,0.0,1.0,-0.0010410226415842772,0.26907735541462896,0.03159796167165041,-6.441912770271301,0.00899052356253378,0.029375385493040085,0.019630398601293564,0.03946185111999512,1.0
3243,6641664,6,0,0,6,0.0,0.0,1.0,0.0019092744681984187,0.2770254105329514,0.03586299773305655,-6.447440433502197,0.010350646823644638,0.029334407299757004,0.01966889202594757,0.03935287892818451,1.0
3244,6643712,3,0,0,3,0.0,0.0,1.0,0.0014188607456162572,0.3584506124258041,0.031952234264463183,-6.449492287635803,0.014656866178847849,0.02928813174366951,0.01968649961054325,0.03925614431500435,1.0
3245,6645760,12,0,1,11,0.0,0.08333333333333333,0.9166666666666666,0.0017753648571670055,1.6621155709028244,0.028355339262634515,-6.452603816986084,0.01870267285266891,0.029274508357048035,0.01971561834216118,0.03923552483320236,1.0
3246,6647808,5,0,1,4,0.0,0.2,0.8,-0.0049295889679342505,2.3132382929325104,0.0338248198851943,-6.450966143608094,0.016303169389721005,0.029327018186450005,0.019730830565094948,0.03935747966170311,1.0
3247,6649856,3,0,0,3,0.0,0.0,1.0,0.0010601278860121965,0.38705349862575533,0.02868893165141344,-6.445494866371154,0.019934241118608042,0.02936396561563015,0.01976284570991993,0.03938572481274605,1.0
3248,6651904,5,0,0,5,0.0,0.0,1.0,0.0014037700602784753,0.15579901561141013,0.03392042610794306,-6.444774222373963,0.014512246783124284,0.02932652458548546,0.019804801791906357,0.039311375468969345,1.0
3249,6653952,4,0,0,4,0.0,0.0,1.0,0.009859872236847877,0.10651390068233013,0.028281542472541332,-6.448824763298035,0.023665397672448307,0.029287442564964294,0.019785333424806595,0.039301611483097076,1.0
3250,6656000,6,0,0,6,0.0,0.0,1.0,-0.004097581375390291,0.08865016959607601,0.03020125748589635,-6.451670145988464,0.01364257673267275,0.029283221811056137,0.01977478712797165,0.03943369910120964,1.0
3251,6658048,9,0,0,9,0.0,0.0,1.0,0.002182284905575216,0.3355712562799454,0.034355940856039525,-6.453364253044128,0.02265100521617569,0.029264401644468307,0.019795436412096024,0.039425067603588104,1.0
3252,6660096,7,0,1,6,0.0,0.14285714285714285,0.8571428571428571,0.0012651302386075258,0.8577894106507301,0.03389072585850954,-6.4546725988388065,0.01207580955233425,0.029266320168972015,0.019745968282222748,0.0394609160721302,1.0
3253,6662144,2,0,0,2,0.0,0.0,1.0,0.000978134013712406,0.3397898733615875,0.034781982004642484,-6.453036546707153,0.011285293515538797,0.02931731753051281,0.019744491204619408,0.039543233811855316,1.0
3254,6664192,5,0,0,5,0.0,0.0,1.0,0.00133882740046829,0.27134573087096214,0.032464167289435866,-6.447767233848571,0.0069167385285254564,0.02935316227376461,0.01981806382536888,0.03947750851511955,1.0
3255,6666240,3,0,0,3,0.0,0.0,1.0,-0.001426657708361745,0.25028001666069033,0.03227807432413101,-6.444196486473084,0.016836148529546336,0.029343631118535995,0.019882608205080032,0.0393521673977375,1.0
3256,6668288,8,0,0,8,0.0,0.0,1.0,0.006162838311865926,0.3579395800828934,0.0352702084928751,-6.444568085670471,0.01923844313714653,0.029321294277906418,0.019876565784215927,0.03928784653544426,1.0
3257,6670336,10,0,1,9,0.0,0.1,0.9,-0.002363982517272234,2.1995264172554014,0.03748596664518118,-6.4447067975997925,0.01777302655391395,0.02935703657567501,0.01988108642399311,0.03934046998620033,1.0
3258,6672384,6,0,1,5,0.0,0.16666666666666666,0.8333333333333334,-0.0020282851764932275,2.402348130941391,0.03493730649352074,-6.440723705291748,0.0151383274293039,0.02938448265194893,0.01990964263677597,0.03937263414263725,1.0
3259,6674432,2,0,0,2,0.0,0.0,1.0,0.002340331580489874,0.35878240764141084,0.03181750988587737,-6.440168309211731,0.013077942369272932,0.029351383447647095,0.01991870626807213,0.03933968022465706,1.0
3260,6676480,5,0,0,5,0.0,0.0,1.0,0.00040420773439109325,0.15833011120557786,0.03538293018937111,-6.442925572395325,0.014516221225494518,0.029329081997275352,0.01994764804840088,0.03916678950190544,1.0
3261,6678528,4,0,1,3,0.0,0.25,0.75,-0.00051002346444875,0.3145365037024021,0.029042520374059678,-6.442839550971985,0.021474223060067743,0.02931913360953331,0.019919993355870247,0.039087582379579544,1.0
3262,6680576,8,0,0,8,0.0,0.0,1.0,-0.00098137347958982,0.15746307149529457,0.028506671078503132,-6.446463775634766,0.012576358817750589,0.029243385419249535,0.0198244396597147,0.038970984518527985,1.0
3263,6682624,9,0,0,9,0.0,0.0,1.0,0.0020324264420196413,0.15632479041814804,0.03421077765524387,-6.4550634860992435,0.01962172162020579,0.029226552695035934,0.019678447395563126,0.03908688202500343,1.0
3264,6684672,5,0,0,5,0.0,0.0,1.0,0.003199714492075145,0.3855747416615486,0.033517008647322655,-6.458099412918091,0.012459500506520272,0.029208015650510788,0.019614646211266518,0.03911282494664192,1.0
3265,6686720,1,0,0,1,0.0,0.0,1.0,-0.0010338800027966499,0.6685938626527786,0.037020894885063174,-6.460022759437561,0.00962881300947629,0.029221614822745323,0.019591525197029114,0.039143312722444534,1.0
3266,6688768,7,0,1,6,0.0,0.14285714285714285,0.8571428571428571,-0.0002023628680035472,0.8268112242221832,0.04001693930476904,-6.458237552642823,0.03433159400592558,0.029263243079185486,0.019563598558306694,0.03933314234018326,1.0
3267,6690816,3,0,0,3,0.0,0.0,1.0,0.0052386917872354385,0.5249375015497207,0.03784774653613567,-6.458972525596619,0.011048540263436735,0.02921709045767784,0.019531194120645523,0.039378754794597626,1.0
3268,6692864,10,0,0,10,0.0,0.0,1.0,0.0018036767374724149,0.2476903274655342,0.03365179840475321,-6.465855407714844,0.01752452927175909,0.029187839478254318,0.019446728751063347,0.03935881331562996,1.0
3269,6694912,8,0,0,8,0.0,0.0,1.0,0.00024157534353435038,0.2498166024684906,0.029739235155284406,-6.4680119276046755,0.013021892664255574,0.02916327491402626,0.019399071112275124,0.03921372443437576,1.0
3270,6696960,3,0,0,3,0.0,0.0,1.0,0.00014112929347902535,0.15916287675499916,0.029197667259722948,-6.474025297164917,0.0065182370773982255,0.02906881272792816,0.01925378106534481,0.039108600467443466,1.0
3271,6699008,5,0,0,5,0.0,0.0,1.0,-0.0006114439107477665,0.3053623266518116,0.03086883667856455,-6.484147071838379,0.015654197137337178,0.02901296317577362,0.019162841141223907,0.03902646526694298,1.0
3272,6701056,4,0,0,4,0.0,0.0,1.0,0.00692519573494792,0.12580650635063648,0.02969565112143755,-6.489787197113037,0.021884046646300705,0.028958767652511597,0.019136853516101837,0.03896395117044449,1.0
3273,6703104,2,0,0,2,0.0,0.0,1.0,0.0009763743029907346,0.3534792855381966,0.03134046820923686,-6.495961689949036,0.008595030533615499,0.028890803456306458,0.01906883530318737,0.03884284198284149,1.0
3274,6705152,10,0,0,10,0.0,0.0,1.0,0.024384262599051,0.2839069880545139,0.029709008149802686,-6.502651810646057,0.04608273779740557,0.0288469847291708,0.019009608775377274,0.038790568709373474,1.0
3275,6707200,9,0,0,9,0.0,0.0,1.0,-0.0013957786373794078,0.42973547279834745,0.03547910377383232,-6.506015348434448,0.01215556456008926,0.028828509151935577,0.01899370178580284,0.03874747455120087,1.0
3276,6709248,3,0,1,2,0.0,0.3333333333333333,0.6666666666666666,-0.0008849627804011107,1.478925320506096,0.03367411363869906,-6.508030819892883,0.025367876212112606,0.028795264661312103,0.018995031714439392,0.03859718143939972,1.0
3277,6711296,6,0,0,6,0.0,0.0,1.0,-0.0041774214478209615,0.2736044742166996,0.032352726347744463,-6.511206841468811,0.01041208291426301,0.02873561903834343,0.018948430195450783,0.03843379393219948,1.0
3278,6713344,3,0,0,3,0.0,0.0,1.0,0.00020104306749999524,0.46699960231781007,0.0381318174302578,-6.5179085493087765,0.011830163770355284,0.028683550655841827,0.018914630636572838,0.03843982517719269,1.0
3279,6715392,3,0,1,2,0.0,0.3333333333333333,0.6666666666666666,0.00036327135749161246,1.9337070524692535,0.04004998542368412,-6.522381687164307,0.015595877618761734,0.02864830195903778,0.01889820210635662,0.038455791771411896,1.0
3280,6717440,13,0,2,11,0.0,0.15384615384615385,0.8461538461538461,0.0011509289732202887,2.7877669453620912,0.03378817196935415,-6.524193525314331,0.015460063808131964,0.028681620955467224,0.018908346071839333,0.038545913994312286,1.0
3281,6719488,8,0,0,8,0.0,0.0,1.0,0.00015881489962339402,0.1481032080948353,0.02962299035862088,-6.519295597076416,0.011834487575106323,0.02875061333179474,0.018857747316360474,0.038697630167007446,1.0
3282,6721536,1,0,0,1,0.0,0.0,1.0,-9.974450804293156e-05,0.2728936240077019,0.03541035465896129,-6.515228891372681,0.013178360782330856,0.028812332078814507,0.018781233578920364,0.03886571526527405,1.0
3283,6723584,5,0,0,5,0.0,0.0,1.0,0.015554163558408617,0.41226820200681685,0.03592776674777269,-6.51305627822876,0.030979515094077214,0.028830822557210922,0.018731746822595596,0.038975294679403305,1.0
3284,6725632,2,0,0,2,0.0,0.0,1.0,0.0063234461471438404,0.347864830493927,0.035731307417154315,-6.513787817955017,0.014980056398781017,0.028844289481639862,0.018677830696105957,0.039048776030540466,1.0
3285,6727680,5,0,0,5,0.0,0.0,1.0,-0.0010868328856304288,0.33688819855451585,0.033498008735477924,-6.512252569198608,0.013471035298425704,0.02887794002890587,0.018700649961829185,0.03906227648258209,1.0
3286,6729728,11,0,0,11,0.0,0.0,1.0,0.0029260303592309354,0.36095120906829836,0.03083003181964159,-6.508373546600342,0.010858066589571535,0.028888482600450516,0.018778908997774124,0.03906994313001633,1.0
3287,6731776,9,0,0,9,0.0,0.0,1.0,0.0021392528200522066,0.20431936383247376,0.028738607931882144,-6.5077461957931515,0.022563802142394708,0.028868112713098526,0.018794693052768707,0.039048291742801666,1.0
3288,6733824,1,0,1,0,0.0,1.0,0.0,0.00457149047870189,2.478460896015167,0.030176485236734153,-6.51047112941742,0.022467620356474073,0.028848357498645782,0.01878129132091999,0.039065901190042496,1.0
3289,6735872,5,0,0,5,0.0,0.0,1.0,0.0007966526784002781,0.21995197162032126,0.03078387677669525,-6.511439275741577,0.021381487895268947,0.028859099373221397,0.01882834918797016,0.03919433802366257,1.0
3290,6737920,3,0,0,3,0.0,0.0,1.0,3.787530586123467e-05,0.21098851561546325,0.029424011893570422,-6.512974333763123,0.01614336982020177,0.028812017291784286,0.018770359456539154,0.03921084478497505,1.0
3291,6739968,6,0,0,6,0.0,0.0,1.0,0.005547961289994419,0.3132977098226547,0.03219187436625361,-6.518691372871399,0.015401319862576202,0.028809871524572372,0.018724000081419945,0.03921469673514366,1.0
3292,6742016,12,0,2,10,0.0,0.16666666666666666,0.8333333333333334,0.0002848060103133321,3.6101188540458677,0.030220554675906897,-6.51623387336731,0.021552364144008608,0.02883380465209484,0.018763214349746704,0.039190150797367096,1.0
3293,6744064,7,0,0,7,0.0,0.0,1.0,0.0003556532086804509,0.23238861709833145,0.027373706083744766,-6.514910793304443,0.013771394675131887,0.02880718559026718,0.0187726691365242,0.039133839309215546,1.0
3294,6746112,2,0,1,1,0.0,0.5,0.5,-0.0005917656235396862,2.19400869011879,0.035192552767693994,-6.514881944656372,0.011878478742437438,0.028849195688962936,0.01887158304452896,0.039116378873586655,1.0
3295,6748160,4,0,1,3,0.0,0.25,0.75,-0.000705076684243977,1.5676088333129883,0.03153192400932312,-6.506637954711914,0.014358615642413497,0.028913361951708794,0.018865155056118965,0.0391717404127121,1.0
3296,6750208,4,0,0,4,0.0,0.0,1.0,0.002829641185235232,0.15723804384469986,0.028543080016970635,-6.501341795921325,0.013800401176558808,0.028969887644052505,0.0189363993704319,0.03923344612121582,1.0
3297,6752256,7,0,0,7,0.0,0.0,1.0,8.137209806591272e-05,0.1416886903345585,0.0284187083132565,-6.495617985725403,0.009855997149134054,0.02898484282195568,0.019004717469215393,0.039208561182022095,1.0
3298,6754304,10,0,0,10,0.0,0.0,1.0,0.0037826578598469498,0.19285875484347342,0.03066306756809354,-6.493923544883728,0.020284970349166542,0.02899346873164177,0.019036447629332542,0.03920990973711014,1.0
3299,6756352,5,0,0,5,0.0,0.0,1.0,0.0002325658220797777,0.28157282471656797,0.031735053192824124,-6.493227696418762,0.012037880427669734,0.02896563522517681,0.019054392352700233,0.0391475185751915,1.0
3300,6758400,2,0,0,2,0.0,0.0,1.0,0.0061040951404720545,0.5920537292957306,0.03657269515097141,-6.497850775718689,0.02197739720577374,0.028903990983963013,0.019023394212126732,0.038985732942819595,1.0
3301,6760448,6,0,1,5,0.0,0.16666666666666666,0.8333333333333334,0.01027623238041997,2.3088037729263307,0.03740197662264109,-6.501554298400879,0.034873234032420444,0.02888323925435543,0.01901480183005333,0.038903556764125824,1.0
3302,6762496,3,0,0,3,0.0,0.0,1.0,0.0038026638329029085,0.3493563771247864,0.03343655932694674,-6.502400374412536,0.019881745951715858,0.028889253735542297,0.018995996564626694,0.03894107788801193,1.0
3303,6764544,10,0,0,10,0.0,0.0,1.0,-0.0004945517517626286,0.16146376952528954,0.02928610621020198,-6.502441954612732,0.014960134855937213,0.02888040617108345,0.018998583778738976,0.038941819220781326,1.0
3304,6766592,7,0,0,7,0.0,0.0,1.0,-0.00026101395487785337,0.15712951309978962,0.025404307525604963,-6.502786636352539,0.015286162460688502,0.028901979327201843,0.019005564972758293,0.03900305926799774,1.0
3305,6768640,4,0,0,4,0.0,0.0,1.0,0.001300259749405086,0.16646429225802423,0.02869968181475997,-6.502557349205017,0.017491746437735857,0.028859620913863182,0.018986403942108154,0.03889698535203934,1.0
3306,6770688,5,0,0,5,0.0,0.0,1.0,0.005443009082227945,0.20453743785619735,0.030512277223169803,-6.506417775154114,0.0186888761469163,0.02883552759885788,0.01899116113781929,0.038878146559000015,1.0
3307,6772736,6,0,2,4,0.0,0.3333333333333333,0.6666666666666666,0.001039052102714777,3.653825604915619,0.030973656475543974,-6.508192110061645,0.02313958004815504,0.02882876992225647,0.018993066623806953,0.038959864526987076,1.0
3308,6774784,2,0,0,2,0.0,0.0,1.0,-0.0022497495636343958,0.1861350405961275,0.025744422897696496,-6.508165431022644,0.012288848374737427,0.028860395774245262,0.0189680028706789,0.039076101034879684,1.0
3309,6776832,11,0,0,11,0.0,0.0,1.0,0.006472075753845274,0.14796402044594287,0.027575537096709013,-6.506093811988831,0.021618841961026192,0.02889404445886612,0.01896476373076439,0.03921225666999817,1.0
3310,6778880,6,0,0,6,0.0,0.0,1.0,-0.0016244006692431867,0.19777889922261238,0.025068195071071386,-6.502472019195556,0.0072008705115877095,0.028949080035090446,0.019005805253982544,0.039299774914979935,1.0
3311,6780928,3,0,0,3,0.0,0.0,1.0,0.006067760474979878,0.11758280359208584,0.02521223984658718,-6.497694635391236,0.029851300158770754,0.028974642977118492,0.018999425694346428,0.039337560534477234,1.0
3312,6782976,6,0,1,5,0.0,0.16666666666666666,0.8333333333333334,0.0027683534892275928,2.2668232381343842,0.03407918363809585,-6.499123001098633,0.0114046098315157,0.02890172228217125,0.01902444288134575,0.03919670358300209,1.0
3313,6785024,5,0,0,5,0.0,0.0,1.0,0.0013045357540249825,0.30112978890538217,0.033712064102292064,-6.503613710403442,0.014251567813334986,0.028890829533338547,0.01905379444360733,0.03918556496500969,1.0
3314,6787072,3,0,0,3,0.0,0.0,1.0,-0.0018405199982225895,0.26909283474087714,0.033269325830042364,-6.503716039657593,0.011272063420619816,0.028872285038232803,0.01904021017253399,0.039148781448602676,1.0
3315,6789120,11,0,0,11,0.0,0.0,1.0,0.0014867794001474977,0.29061394929885864,0.03010781155899167,-6.507321763038635,0.013504462590208276,0.028836827725172043,0.019015036523342133,0.03915548324584961,1.0
3316,6791168,4,0,0,4,0.0,0.0,1.0,0.0020898696267977355,0.2726441025733948,0.028537664189934732,-6.513165044784546,0.02267067910870537,0.02876206301152706,0.01895197667181492,0.038975268602371216,1.0
3317,6793216,3,0,0,3,0.0,0.0,1.0,-0.0004947690526023507,0.3508295208215714,0.032028588466346264,-6.518373274803162,0.018102633947273718,0.02872723899781704,0.01893642172217369,0.03888516128063202,1.0
3318,6795264,9,0,1,8,0.0,0.1111111111111111,0.8888888888888888,1.4496222138404847e-05,2.4360096573829653,0.03826854303479195,-6.519923901557922,0.013468477071728557,0.0287153422832489,0.01897016353905201,0.03884359449148178,1.0
3319,6797312,3,0,0,3,0.0,0.0,1.0,0.0030255978461354973,0.6593545019626618,0.043929575197398665,-6.521830797195435,0.011010687233647332,0.028667114675045013,0.018974890932440758,0.0388069674372673,1.0
3320,6799360,5,0,1,4,0.0,0.2,0.8,0.0004237282322719693,1.5112418174743651,0.03639093544334173,-6.5237730741500854,0.01716526211821474,0.02871641144156456,0.01902327686548233,0.03897392004728317,1.0
3321,6801408,9,0,0,9,0.0,0.0,1.0,0.0028901386074721815,0.2873762086033821,0.0341084647923708,-6.519009017944336,0.01808616501512006,0.028718983754515648,0.019085660576820374,0.0389411598443985,1.0
3322,6803456,5,0,1,4,0.0,0.2,0.8,-0.0014605615520849823,1.8614293873310088,0.032228125538676974,-6.51831431388855,0.016338319150963797,0.028720363974571228,0.019127128645777702,0.03891238942742348,1.0
3323,6805504,4,0,1,3,0.0,0.25,0.75,0.0022595886839553714,2.2911271154880524,0.030677453242242338,-6.518119215965271,0.021899168926756828,0.02871667593717575,0.019060594961047173,0.039017803966999054,1.0
3324,6807552,8,0,0,8,0.0,0.0,1.0,-0.001192525587975979,0.1462380513548851,0.027170667424798012,-6.520669627189636,0.010692525410559029,0.02870776318013668,0.019063681364059448,0.03898772969841957,1.0
3325,6809600,5,0,1,4,0.0,0.2,0.8,-0.0004070220165885985,1.3708626061677933,0.026892903447151183,-6.519564056396485,0.014846678863978013,0.02871653065085411,0.01911882683634758,0.03887549042701721,1.0
3326,6811648,4,0,0,4,0.0,0.0,1.0,0.009566243749577551,0.10256946980953216,0.02443107794970274,-6.517333698272705,0.02330635645193979,0.028701182454824448,0.019158272072672844,0.03878502547740936,1.0
3327,6813696,9,0,1,8,0.0,0.1111111111111111,0.8888888888888888,0.008486652420833707,2.2834288716316222,0.029613232985138894,-6.5175761699676515,0.044333084911340845,0.02870970033109188,0.019168026745319366,0.03886420652270317,1.0
3328,6815744,4,0,0,4,0.0,0.0,1.0,0.00964098023250699,0.2032308116555214,0.02817679978907108,-6.518353533744812,0.022419870691373946,0.028699100017547607,0.019129185006022453,0.03895040974020958,1.0
3329,6817792,5,0,2,3,0.0,0.4,0.6,-0.0008497859816998243,4.264679908752441,0.03306443318724632,-6.522544407844544,0.010637142445193603,0.028651077300310135,0.019071336835622787,0.0388195663690567,1.0
3330,6819840,9,0,0,9,0.0,0.0,1.0,0.0030244990484789014,0.23158856332302094,0.029092665668576954,-6.525029039382934,0.015153105481294915,0.028664078563451767,0.019031764939427376,0.038859833031892776,1.0
3331,6821888,3,0,0,3,0.0,0.0,1.0,-0.002669626544229686,0.11983391046524047,0.02578264009207487,-6.524049639701843,0.0074603301414754245,0.028681010007858276,0.0190139003098011,0.03888648375868797,1.0
3332,6823936,6,0,1,5,0.0,0.16666666666666666,0.8333333333333334,-0.0025354390498250725,2.304496616125107,0.029269713442772627,-6.52382001876831,0.017867694259621203,0.028646424412727356,0.019057033583521843,0.03882299363613129,1.0
3333,6825984,7,0,0,7,0.0,0.0,1.0,-0.0017533360049128532,0.36939696967601776,0.027901513408869504,-6.525630593299866,0.01100741202244535,0.02865774556994438,0.019094305112957954,0.03884091600775719,1.0
3334,6828032,3,0,0,3,0.0,0.0,1.0,0.004136157629545778,0.09920123927295207,0.027041405625641345,-6.523346781730652,0.011629395082127302,0.02866555005311966,0.01908004656434059,0.03887293487787247,1.0
3335,6830080,6,0,1,5,0.0,0.16666666666666666,0.8333333333333334,0.00024614580906927585,2.4088951587677,0.029704274609684944,-6.524726629257202,0.013655729329911992,0.02865859493613243,0.019082890823483467,0.038924992084503174,1.0
3336,6832128,9,0,0,9,0.0,0.0,1.0,-0.0005567625630646944,0.08939586356282234,0.024460235144943,-6.525265336036682,0.013454140565590933,0.02863835170865059,0.019127443432807922,0.0389232262969017,1.0
3337,6834176,3,0,0,3,0.0,0.0,1.0,-0.0017790852580219507,0.22168915420770646,0.029148462787270547,-6.527821683883667,0.011829383712029084,0.02862255647778511,0.019070636481046677,0.0389653816819191,1.0
3338,6836224,6,0,0,6,0.0,0.0,1.0,0.001698494516313076,0.4905622243881226,0.034448229148983954,-6.530385518074036,0.012261057901196182,0.028617780655622482,0.019023500382900238,0.03902026265859604,1.0
3339,6838272,5,0,0,5,0.0,0.0,1.0,0.002449614508077502,0.37149636894464494,0.033345538377761844,-6.533285188674927,0.016863555228337646,0.028578095138072968,0.018982872366905212,0.03896245360374451,1.0
3340,6840320,3,0,0,3,0.0,0.0,1.0,-0.0012423926964402199,0.2753156378865242,0.032165209762752056,-6.537787866592407,0.01629170391242951,0.028541486710309982,0.018916962668299675,0.0388798750936985,1.0
3341,6842368,8,0,0,8,0.0,0.0,1.0,-0.0036014492565300316,0.3425345689058304,0.02866913955658674,-6.542445731163025,0.017146970762405546,0.02850080095231533,0.018833229318261147,0.038868680596351624,1.0
3342,6844416,7,0,0,7,0.0,0.0,1.0,-0.0016624511685222388,0.337103895843029,0.0264233966358006,-6.547884798049926,0.020309635339071975,0.028477301821112633,0.018766306340694427,0.03892258554697037,1.0
3343,6846464,3,0,0,3,0.0,0.0,1.0,-0.000800950126722455,0.19710809960961342,0.025660607125610115,-6.551789784431458,0.020226775808259843,0.028431503102183342,0.018750138580799103,0.03885272517800331,1.0
3344,6848512,10,0,3,7,0.0,0.3,0.7,0.004230930656194687,5.785641098022461,0.03320408891886473,-6.554804897308349,0.026654987898655235,0.028435394167900085,0.01875954680144787,0.0388350635766983,1.0
3345,6850560,7,0,1,6,0.0,0.14285714285714285,0.8571428571428571,0.0038432721281424164,1.6062961876392365,0.026785599254071712,-6.553377413749695,0.014080832625040784,0.02843141369521618,0.018720174208283424,0.038849472999572754,1.0
3346,6852608,2,0,0,2,0.0,0.0,1.0,4.260726273059845e-05,0.49496860057115555,0.024919230863451956,-6.553938794136047,0.006702438247157261,0.028470342978835106,0.018703727051615715,0.03895697742700577,1.0
3347,6854656,8,1,1,6,0.125,0.125,0.75,0.0045417558401823046,1.69976803958416,0.02715146988630295,-6.552059674263001,0.023739479342475535,0.028460567817091942,0.018736785277724266,0.03899143263697624,1.0
3348,6856704,4,0,0,4,0.0,0.0,1.0,-2.3700366728007794e-05,0.299724131077528,0.030093603674322365,-6.551418733596802,0.0117799817759078,0.028512250632047653,0.018750084564089775,0.0391484759747982,1.0
3349,6858752,2,0,0,2,0.0,0.0,1.0,0.003815124579705298,0.3403620019555092,0.03087426731362939,-6.547021055221558,0.010901808948256075,0.028547247871756554,0.018728438764810562,0.03922661021351814,1.0
3350,6860800,9,0,0,9,0.0,0.0,1.0,0.008891951059922576,0.3493009403347969,0.03352788183838129,-6.546071314811707,0.020780972798820584,0.02852640673518181,0.018714413046836853,0.03908908739686012,1.0
3351,6862848,7,0,0,7,0.0,0.0,1.0,0.0012881981208920478,0.1949176609516144,0.026563453022390604,-6.547234106063843,0.006396067031892017,0.028527427464723587,0.018670570105314255,0.038970574736595154,1.0
3352,6864896,4,0,1,3,0.0,0.25,0.75,0.0003605995327234268,2.247938859462738,0.03233273904770613,-6.549283695220947,0.01155971700209193,0.028449561446905136,0.018630051985383034,0.03878321498632431,1.0
3353,6866944,10,0,0,10,0.0,0.0,1.0,0.002217473508790135,0.2664153687655926,0.03111841743811965,-6.554166674613953,0.013997523550642654,0.028453875333070755,0.018628617748618126,0.03871849551796913,1.0
3354,6868992,1,0,0,1,0.0,0.0,1.0,-0.00023839608766138554,0.3438738241791725,0.02968004522845149,-6.553717708587646,0.010095694370102137,0.02840685471892357,0.018626760691404343,0.038639407604932785,1.0
3355,6871040,5,0,0,5,0.0,0.0,1.0,0.0007200155407190323,0.3057332202792168,0.031925555877387525,-6.559590196609497,0.016683736722916363,0.028360556811094284,0.018620580434799194,0.03857644647359848,1.0
3356,6873088,8,0,0,8,0.0,0.0,1.0,0.0075894979992881416,0.27818113192915916,0.0335301736369729,-6.563212990760803,0.02092018458642997,0.028315328061580658,0.018587734550237656,0.03847096115350723,1.0
3357,6875136,4,0,0,4,0.0,0.0,1.0,0.004468196211382747,0.30127772241830825,0.03646272905170918,-6.568478441238403,0.015972478210460394,0.028245776891708374,0.018574025481939316,0.03835871070623398,1.0
3358,6877184,6,0,0,6,0.0,0.0,1.0,0.006684839096851647,0.22131402641534806,0.028874608129262923,-6.575270128250122,0.01966779336798936,0.028192399069666862,0.01860411837697029,0.03831904008984566,1.0
3359,6879232,8,0,0,8,0.0,0.0,1.0,8.005062118172645e-05,0.34077471643686297,0.031439818907529116,-6.57847261428833,0.009966537659056484,0.028164401650428772,0.018614642322063446,0.03826082497835159,1.0
3360,6881280,1,0,0,1,0.0,0.0,1.0,0.0069378115702420475,0.25538195818662646,0.0296933320350945,-6.5790283441543576,0.021736894804053008,0.028175607323646545,0.018638592213392258,0.038268398493528366,1.0
3361,6883328,6,0,0,6,0.0,0.0,1.0,0.002776489779353142,0.20399203151464462,0.029936949722468853,-6.578949046134949,0.009775322867790237,0.02815493568778038,0.018631553277373314,0.038319166749715805,1.0
3362,6885376,8,0,0,8,0.0,0.0,1.0,0.005738426279276609,0.14888879135251046,0.028767892345786094,-6.581809568405151,0.018644736509304493,0.02815011888742447,0.01861308328807354,0.03833716735243797,1.0
3363,6887424,4,0,0,4,0.0,0.0,1.0,0.0010915645863860846,0.15333801433444022,0.02659396603703499,-6.582998895645142,0.015002280089538545,0.02812189608812332,0.01861228607594967,0.03832622244954109,1.0
3364,6889472,6,0,0,6,0.0,0.0,1.0,-0.0017328104935586453,0.3456342779099941,0.0283731060102582,-6.585740661621093,0.013119573373114691,0.02810683473944664,0.018617229536175728,0.038296472281217575,1.0
3365,6891520,9,0,2,7,0.0,0.2222222222222222,0.7777777777777778,0.0025643746834248305,2.9147368669509888,0.026889144163578748,-6.588750958442688,0.0130799938342534,0.02804105542600155,0.0185686182230711,0.03811994567513466,1.0
3366,6893568,2,0,0,2,0.0,0.0,1.0,0.002076854696497321,0.2325211852788925,0.02757279761135578,-6.592963528633118,0.017712638928787782,0.028037086129188538,0.018627440556883812,0.03808173909783363,1.0
3367,6895616,6,0,0,6,0.0,0.0,1.0,-0.0028003582265228033,0.39019080102443693,0.032966850139200685,-6.59319167137146,0.006358672346686944,0.02797115221619606,0.018589291721582413,0.03796669468283653,1.0
3368,6897664,5,0,0,5,0.0,0.0,1.0,-0.0003160428022965789,0.25530432239174844,0.036413786560297014,-6.599742031097412,0.007509450177894905,0.027965426445007324,0.018601788207888603,0.037982963025569916,1.0
3369,6899712,4,0,0,4,0.0,0.0,1.0,0.0002317724283784628,0.5041022256016732,0.03587258830666542,-6.5963979959487915,0.007255663844989613,0.028025714680552483,0.018601100891828537,0.03810061141848564,1.0
3370,6901760,10,0,1,9,0.0,0.1,0.9,0.006486229854635895,1.8420924544334412,0.03511017505079508,-6.5921344518661495,0.039025819970993324,0.0280471034348011,0.018600663170218468,0.038143038749694824,1.0
3371,6903808,7,0,0,7,0.0,0.0,1.0,-0.001554820965975523,0.35829602628946305,0.02861521756276488,-6.591676568984985,0.012914922315394506,0.02802911214530468,0.018649211153388023,0.03811279311776161,1.0
3372,6905856,5,0,3,2,0.0,0.6,0.4,0.0009188350290060043,6.44916603565216,0.04132089652121067,-6.591584420204162,0.008824457600712775,0.02805374376475811,0.01866370625793934,0.038193073123693466,1.0
3373,6907904,5,1,0,4,0.2,0.0,0.8,-0.00046364367008209226,0.590221831202507,0.03284645862877369,-6.588138723373413,0.010877185163553803,0.028079379349946976,0.0187489353120327,0.03816980496048927,1.0
3374,6909952,5,0,0,5,0.0,0.0,1.0,0.00203430512920022,0.4527255237102509,0.03604545723646879,-6.583886766433716,0.01517783584422432,0.028112290427088737,0.018771642819046974,0.038226887583732605,1.0
3375,6912000,4,0,2,2,0.0,0.5,0.5,0.008256235695444047,3.639029157161713,0.03811447862535715,-6.582055711746216,0.03739520464441739,0.028121624141931534,0.018729519098997116,0.03826911002397537,1.0
3376,6914048,11,0,1,10,0.0,0.09090909090909091,0.9090909090909091,0.0016517019364982843,1.9502888679504395,0.03634000681340695,-6.5815788269042965,0.0184853637998458,0.028133373707532883,0.018824970349669456,0.038309987634420395,1.0
3377,6916096,5,0,0,5,0.0,0.0,1.0,0.008929092809557915,0.16699492558836937,0.031099472474306823,-6.57840781211853,0.028645973082166164,0.02815498784184456,0.018843097612261772,0.03833478316664696,1.0
3378,6918144,4,0,0,4,0.0,0.0,1.0,0.0023241752991452814,0.42368960231542585,0.036387942172586916,-6.576862072944641,0.016442571417428553,0.02817220240831375,0.01883043721318245,0.03837614506483078,1.0
3379,6920192,6,0,2,4,0.0,0.3333333333333333,0.6666666666666666,-0.0001857125898823142,3.716491186618805,0.04783850368112326,-6.572552275657654,0.012859539309283718,0.028259020298719406,0.018912097439169884,0.03848501294851303,1.0
3380,6922240,5,0,0,5,0.0,0.0,1.0,0.0020249413792043924,0.8070696055889129,0.040165507979691026,-6.563627696037292,0.007958831253927202,0.028296759352087975,0.018965817987918854,0.03853292018175125,1.0
3381,6924288,4,0,0,4,0.0,0.0,1.0,0.0015915642492473126,0.5721695959568024,0.038787820376455784,-6.561055469512939,0.011250122741330415,0.02829154208302498,0.018991537392139435,0.03844347223639488,1.0
3382,6926336,9,0,0,9,0.0,0.0,1.0,0.003414179803803563,0.3321781322360039,0.037056502513587476,-6.560138940811157,0.011127408256288617,0.028297126293182373,0.019058091565966606,0.03827974945306778,1.0
3383,6928384,4,0,0,4,0.0,0.0,1.0,-0.0005569540895521641,0.36052982062101363,0.036713088490068914,-6.557000231742859,0.014040936465607955,0.028284460306167603,0.01910298317670822,0.0381469763815403,1.0
3384,6930432,4,0,0,4,0.0,0.0,1.0,0.0011799352359957993,0.8189228177070618,0.04089861754328013,-6.559529972076416,0.010415613040095195,0.028225596994161606,0.019076602533459663,0.038063522428274155,1.0
3385,6932480,7,0,0,7,0.0,0.0,1.0,0.004109927080571651,0.566551786661148,0.03498051315546036,-6.565627121925354,0.015153704688418656,0.028177302330732346,0.019081007689237595,0.03795618563890457,1.0
3386,6934528,4,0,0,4,0.0,0.0,1.0,0.0033680273685604335,0.6079230964183807,0.03906463272869587,-6.568384337425232,0.01271078487043269,0.028149984776973724,0.019066236913204193,0.037834532558918,1.0
3387,6936576,6,0,1,5,0.0,0.16666666666666666,0.8333333333333334,0.0033007864840328693,1.633872252702713,0.04430654365569353,-6.570207715034485,0.012556378805311397,0.028111306950449944,0.019074616953730583,0.037665821611881256,1.0
3388,6938624,10,0,0,10,0.0,0.0,1.0,0.00024099925067275763,0.7171983987092971,0.04603935778141022,-6.572290825843811,0.009539536980446428,0.028099482879042625,0.019054735079407692,0.03749055787920952,1.0
3389,6940672,2,0,0,2,0.0,0.0,1.0,0.0029978372156620027,0.675170186161995,0.04461575653403997,-6.571457481384277,0.011630988446995616,0.028087347745895386,0.019088177010416985,0.037342146039009094,1.0
3390,6942720,7,0,2,5,0.0,0.2857142857142857,0.7142857142857143,0.006266261287964881,3.4218663930892945,0.04885400384664536,-6.572924780845642,0.017453207494691016,0.028056666254997253,0.019012730568647385,0.03728929162025452,1.0
3391,6944768,7,0,2,5,0.0,0.2857142857142857,0.7142857142857143,0.006958930916152894,2.794214129447937,0.051977339386940005,-6.576121926307678,0.03133671921677887,0.028047174215316772,0.018976574763655663,0.03725476562976837,1.0
3392,6946816,7,0,1,6,0.0,0.14285714285714285,0.8571428571428571,0.0015998525312170386,2.3442376494407653,0.044892211072146894,-6.576438212394715,0.01035101809538901,0.02804574742913246,0.018998896703124046,0.037323690950870514,1.0
3393,6948864,4,0,0,4,0.0,0.0,1.0,0.002573283715173602,0.516456913948059,0.030705500114709138,-6.579445505142212,0.016217129386495797,0.027974683791399002,0.01898709498345852,0.037221554666757584,1.0
3394,6950912,6,0,0,6,0.0,0.0,1.0,-0.0017037326702848076,0.3216329634189606,0.03072045650333166,-6.590190005302429,0.01235470756655559,0.02782115899026394,0.018956704065203667,0.03693334385752678,1.0
3395,6952960,1,0,0,1,0.0,0.0,1.0,0.002561631239950657,0.28525022268295286,0.030952886492013932,-6.60038537979126,0.015825206122826785,0.02778615802526474,0.019020741805434227,0.036787573248147964,1.0
3396,6955008,11,0,1,10,0.0,0.09090909090909091,0.9090909090909091,-5.5363867431879044e-05,1.802712482213974,0.034004900604486465,-6.598092365264892,0.011952300940174609,0.02780824899673462,0.019102254882454872,0.03671975061297417,1.0
3397,6957056,5,0,0,5,0.0,0.0,1.0,-0.002279811445623636,0.24149632826447487,0.029226373974233867,-6.595659756660462,0.015589622594416142,0.027784563601017,0.019082358106970787,0.03667111322283745,1.0
3398,6959104,6,0,0,6,0.0,0.0,1.0,0.005701302411034703,0.3324875354766846,0.031406091433018445,-6.599478483200073,0.02396683339611627,0.02777855657041073,0.019019752740859985,0.03674335032701492,1.0
3399,6961152,5,0,1,4,0.0,0.2,0.8,0.0009192083263769746,2.0474588751792906,0.03398481700569391,-6.597495079040527,0.029350652953144162,0.02783968858420849,0.019083941355347633,0.03678496927022934,1.0
3400,6963200,5,0,0,5,0.0,0.0,1.0,0.007784162694588303,0.22968986853957177,0.0326444486156106,-6.5928830862045285,0.021430937043623997,0.027810869738459587,0.019078809767961502,0.036657869815826416,1.0
3401,6965248,3,0,0,3,0.0,0.0,1.0,0.005891203554347158,0.3314144343137741,0.03671248238533735,-6.594565272331238,0.023084716696757823,0.02783513069152832,0.01911630481481552,0.03663819283246994,1.0
3402,6967296,11,0,2,9,0.0,0.18181818181818182,0.8181818181818182,0.007024709158577025,3.962380623817444,0.0361917182803154,-6.589306426048279,0.023225608537904917,0.027845770120620728,0.01919320970773697,0.036553140729665756,1.0
3403,6969344,5,0,0,5,0.0,0.0,1.0,0.0026802561711519956,0.21894151270389556,0.027497500460594893,-6.5859603643417355,0.013644114352064207,0.027883445844054222,0.01927100494503975,0.036488309502601624,1.0
3404,6971392,6,0,1,5,0.0,0.16666666666666666,0.8333333333333334,-0.0004284022375941277,2.302066534757614,0.03701898492872715,-6.580667757987976,0.016149801667779684,0.027914755046367645,0.019282067194581032,0.03655878081917763,1.0
3405,6973440,6,0,0,6,0.0,0.0,1.0,0.0021688899490982295,0.4663168117403984,0.03574658464640379,-6.581914281845092,0.006664181622909382,0.02785978466272354,0.01926065981388092,0.036486927419900894,1.0
3406,6975488,3,0,0,3,0.0,0.0,1.0,0.001040814258158207,0.33236179053783416,0.03423564489930868,-6.586501240730286,0.016497697454178707,0.02784520387649536,0.019231673330068588,0.03641615808010101,1.0
3407,6977536,3,0,0,3,0.0,0.0,1.0,0.0039499950595200065,0.3686793655157089,0.03633759580552578,-6.589249849319458,0.018551482365000992,0.02777082286775112,0.019237611442804337,0.03619564697146416,1.0
3408,6979584,12,0,1,11,0.0,0.08333333333333333,0.9166666666666666,0.006059404741972685,2.0129634201526643,0.03533952087163925,-6.593462085723877,0.02872547464212403,0.02776547148823738,0.019233746454119682,0.036146026104688644,1.0
3409,6981632,4,0,0,4,0.0,0.0,1.0,0.006604224909096956,0.30137046575546267,0.030487193539738656,-6.591556453704834,0.015051094250520692,0.02778824046254158,0.019266460090875626,0.03614393249154091,1.0
3410,6983680,6,0,0,6,0.0,0.0,1.0,0.0017327061854302884,0.46527008414268495,0.030191497504711153,-6.5874217510223385,0.0115657479618676,0.027830686420202255,0.019282715395092964,0.03610794618725777,1.0
3411,6985728,6,0,1,5,0.0,0.16666666666666666,0.8333333333333334,-0.0005568581167608499,1.8690549790859223,0.03221268681809306,-6.585028839111328,0.02762282968033105,0.027820905670523643,0.019238047301769257,0.03607356175780296,1.0
3412,6987776,2,0,0,2,0.0,0.0,1.0,0.008619994437322021,0.190990299731493,0.029693393409252165,-6.588003873825073,0.017703381285537036,0.027796905487775803,0.019196299836039543,0.036043014377355576,1.0
3413,6989824,3,0,0,3,0.0,0.0,1.0,0.0008878603577613831,0.2838003717362881,0.03221026435494423,-6.589699029922485,0.014538050745613873,0.027782980352640152,0.01917331852018833,0.03595486283302307,1.0
3414,6991872,12,0,1,11,0.0,0.08333333333333333,0.9166666666666666,0.0005516354693099856,2.002293920516968,0.03474817834794521,-6.595176744461059,0.008592463459353893,0.027659323066473007,0.019159913063049316,0.035783182829618454,1.0
3415,6993920,4,0,0,4,0.0,0.0,1.0,0.005697617074474692,0.20650225207209588,0.031118816789239646,-6.606880688667298,0.019263818964827806,0.02760070562362671,0.01910330168902874,0.035750601440668106,1.0
3416,6995968,6,0,0,6,0.0,0.0,1.0,0.004464760399423539,0.18552909716963767,0.031150519009679557,-6.61060402393341,0.02179867375525646,0.027589617297053337,0.019076567143201828,0.03572786599397659,1.0
3417,6998016,5,0,0,5,0.0,0.0,1.0,0.0025473305257037284,0.2444360598921776,0.02975799236446619,-6.611730837821961,0.015285241405945272,0.027567274868488312,0.019131192937493324,0.035692568868398666,1.0
3418,7000064,2,0,0,2,0.0,0.0,1.0,0.003750481363385916,0.2553560256958008,0.03154049329459667,-6.612093663215637,0.019267488445620984,0.027570635080337524,0.019147323444485664,0.03568832948803902,1.0
3419,7002112,5,0,1,4,0.0,0.2,0.8,0.0012525380356237293,2.2479603052139283,0.038664348796010016,-6.613515996932984,0.014685823826584964,0.02752268873155117,0.019175970926880836,0.035662032663822174,1.0
3420,7004160,12,0,0,12,0.0,0.0,1.0,0.012725865538232028,0.2952736854553223,0.03236673884093762,-6.618972730636597,0.024303097336087376,0.027467947453260422,0.01919027417898178,0.03558947145938873,1.0
3421,7006208,4,0,0,4,0.0,0.0,1.0,0.0024426440009847282,0.3499485030770302,0.03487296309322119,-6.618443489074707,0.014502363768406213,0.027545001357793808,0.019245818257331848,0.03568052873015404,1.0
3422,7008256,5,0,0,5,0.0,0.0,1.0,0.004974134406074882,0.3090441212058067,0.03090389920398593,-6.609543418884277,0.022702316852519288,0.027578096836805344,0.019344741478562355,0.03567618131637573,1.0
3423,7010304,4,0,0,4,0.0,0.0,1.0,0.0011929798172786831,0.3264603093266487,0.030449789855629204,-6.60605297088623,0.011595652403775603,0.027617139741778374,0.019367815926671028,0.035842664539813995,1.0
3424,7012352,4,0,2,2,0.0,0.5,0.5,0.006499384483322501,4.194269680976868,0.04385258406400681,-6.6044035196304325,0.017350471974350513,0.027610085904598236,0.019370466470718384,0.035807326436042786,1.0
3425,7014400,7,0,1,6,0.0,0.14285714285714285,0.8571428571428571,0.0018878825474530458,1.2080948889255523,0.03931709285825491,-6.603713202476501,0.033946931618265806,0.027634508907794952,0.019415486603975296,0.035808805376291275,1.0
3426,7016448,11,0,0,11,0.0,0.0,1.0,0.0021812409162521363,0.384612575173378,0.034457363002002236,-6.601294589042664,0.01813065753085539,0.027626782655715942,0.019409015774726868,0.0357760451734066,1.0
3427,7018496,5,0,0,5,0.0,0.0,1.0,0.0014382687397301197,0.3450175166130066,0.033638186566531655,-6.602056455612183,0.012575250735972076,0.027629781514406204,0.019398465752601624,0.03571988642215729,1.0
3428,7020544,3,0,0,3,0.0,0.0,1.0,0.0026592711452394723,0.15244369730353355,0.030117207393050193,-6.603009152412414,0.016911760286893694,0.027593104168772697,0.01935439184308052,0.035598982125520706,1.0
3429,7022592,3,0,0,3,0.0,0.0,1.0,0.0018300076480954885,0.15520667508244515,0.02863693470135331,-6.607269263267517,0.007658899371745065,0.0275700893253088,0.019273415207862854,0.0356045663356781,1.0
3430,7024640,4,0,0,4,0.0,0.0,1.0,0.002568680513650179,0.1550728376954794,0.029463867656886578,-6.610293531417847,0.019905402505537496,0.02756418287754059,0.019180502742528915,0.035652440041303635,1.0
3431,7026688,12,0,0,12,0.0,0.0,1.0,0.0032401065807789566,0.14936666004359722,0.025949351862072943,-6.6132841348648075,0.016103953594574706,0.027539385482668877,0.019126107916235924,0.03566522151231766,1.0
3432,7028736,6,0,0,6,0.0,0.0,1.0,-0.003504728223197162,0.16505497470498084,0.027365332283079625,-6.615439438819886,0.019570055714575575,0.02756159007549286,0.019083581864833832,0.035689692944288254,1.0
3433,7030784,5,0,0,5,0.0,0.0,1.0,-0.0013973211869597435,0.41872953027486803,0.026982837356626987,-6.615535545349121,0.006910036591580138,0.02751981094479561,0.018967319279909134,0.035669345408678055,1.0
3434,7032832,3,0,0,3,0.0,0.0,1.0,0.001773565262556076,0.36389814764261247,0.023493293672800064,-6.621684908866882,0.007025247073033825,0.0275132954120636,0.018916098400950432,0.035677719861269,1.0
3435,7034880,4,1,1,2,0.25,0.25,0.5,-0.001158796052914113,2.618217760324478,0.030481535755097867,-6.62225570678711,0.023525447392603382,0.027505403384566307,0.018857788294553757,0.03571566939353943,1.0
3436,7036928,5,0,1,4,0.0,0.2,0.8,-0.0004045743029564619,1.1038979440927505,0.03177705444395542,-6.62407534122467,0.02022987693781033,0.027509238570928574,0.018871065229177475,0.03571345657110214,1.0
3437,7038976,14,0,1,13,0.0,0.07142857142857142,0.9285714285714286,-0.0014421970350667833,2.132248568534851,0.03163663977757096,-6.623895764350891,0.027063789288513364,0.027469228953123093,0.01889968104660511,0.03557959198951721,1.0
3438,7041024,5,0,0,5,0.0,0.0,1.0,0.0027033855207264424,0.26975888907909396,0.02673958307132125,-6.6266263961792,0.014124198770150542,0.027463018894195557,0.01889672875404358,0.035564396530389786,1.0
3439,7043072,5,3,0,2,0.6,0.0,0.4,0.004068324156105518,0.9489551782608032,0.028791006561368702,-6.62625777721405,0.019126844743732364,0.027465052902698517,0.01893090084195137,0.035611893981695175,1.0
3440,7045120,2,0,1,1,0.0,0.5,0.5,-0.0012529858853667975,2.209179717302322,0.033101542852818966,-6.625012016296386,0.022330211463849992,0.02748250961303711,0.019010858610272408,0.0356726199388504,1.0
3441,7047168,5,1,0,4,0.2,0.0,0.8,0.003757021762430668,0.4072379007935524,0.029578319005668163,-6.623198080062866,0.011559728370048105,0.02749348245561123,0.018989020958542824,0.03579862043261528,1.0
3442,7049216,5,0,0,5,0.0,0.0,1.0,0.004960114788264036,0.26353868693113325,0.027280564606189727,-6.622498321533203,0.015609171916730702,0.027520813047885895,0.0189921036362648,0.0358567014336586,1.0
3443,7051264,13,1,0,12,0.07692307692307693,0.0,0.9230769230769231,0.0026898488635197283,0.43215822130441667,0.030299687571823598,-6.622167444229126,0.020256889518350363,0.027483705431222916,0.018938802182674408,0.03575562313199043,1.0
3444,7053312,2,0,0,2,0.0,0.0,1.0,0.007397299166768789,0.18361312225461007,0.025603376887738706,-6.6270825386047365,0.014835343335289509,0.02745417132973671,0.018894515931606293,0.03567510098218918,1.0
3445,7055360,7,1,2,4,0.14285714285714285,0.2857142857142857,0.5714285714285714,0.0025222907308489083,3.9291208267211912,0.03493911884725094,-6.628056955337525,0.011123561579734088,0.027476832270622253,0.018864871934056282,0.03584364801645279,1.0
3446,7057408,3,0,0,3,0.0,0.0,1.0,-0.0025376328267157078,0.5770116299390793,0.035863504745066166,-6.626852631568909,0.005571862042415887,0.027516700327396393,0.018831446766853333,0.03601383790373802,1.0
3447,7059456,6,0,1,5,0.0,0.16666666666666666,0.8333333333333334,0.004936551698483527,2.6153748989105225,0.040480565093457696,-6.625254726409912,0.015548243845114485,0.02751374989748001,0.018821459263563156,0.036066412925720215,1.0
3448,7061504,4,0,0,4,0.0,0.0,1.0,0.007200905727222562,0.37858197540044786,0.034019562788307665,-6.6282953977584835,0.015211593330604956,0.027474096044898033,0.018797941505908966,0.036034803837537766,1.0
3449,7063552,10,0,0,10,0.0,0.0,1.0,0.004793437523767352,0.23208903148770332,0.03109354991465807,-6.6334257364273075,0.014697601110674441,0.02742183767259121,0.01878894492983818,0.03590136766433716,1.0
3450,7065600,2,0,0,2,0.0,0.0,1.0,0.005698956921696663,0.08913471288979054,0.02824258487671614,-6.636557221412659,0.017077707196585835,0.027391627430915833,0.01881672628223896,0.035750165581703186,1.0
3451,7067648,7,0,0,7,0.0,0.0,1.0,0.004430614481680095,0.22344029396772386,0.028758793789893388,-6.636568713188171,0.019815624272450805,0.027399634942412376,0.018857190385460854,0.03573933616280556,1.0
3452,7069696,4,0,1,3,0.0,0.25,0.75,0.004911484429612756,0.9876317873597145,0.02605869937688112,-6.637230348587036,0.01839031163835898,0.027351971715688705,0.018876448273658752,0.03573666885495186,1.0
3453,7071744,9,1,1,7,0.1111111111111111,0.1111111111111111,0.7777777777777778,0.0012584635987877846,2.2482198596000673,0.03001470835879445,-6.639024448394776,0.029382275126408786,0.027391396462917328,0.01895163767039776,0.03582538291811943,1.0
3454,7073792,5,1,0,4,0.2,0.0,0.8,0.00010457581374794245,0.3362275421619415,0.024747305363416672,-6.632789278030396,0.024164795223623515,0.027431581169366837,0.01901378110051155,0.035928402096033096,1.0
3455,7075840,6,0,0,6,0.0,0.0,1.0,0.0018770487979054451,0.17898304387927055,0.02433862928301096,-6.629828763008118,0.01652152423048392,0.02744830958545208,0.019051117822527885,0.03595144301652908,1.0
3456,7077888,4,0,0,4,0.0,0.0,1.0,0.00021420305129140615,0.22299595400691033,0.025872085150331257,-6.629414510726929,0.013005397003144025,0.02743806503713131,0.019002018496394157,0.03599809482693672,1.0
3457,7079936,6,0,1,5,0.0,0.16666666666666666,0.8333333333333334,0.0002794891595840454,2.425320452451706,0.03286603800952435,-6.636543846130371,0.016575500671751797,0.027304548770189285,0.01893143355846405,0.03568859398365021,1.0
3458,7081984,3,0,0,3,0.0,0.0,1.0,0.0026576403761282563,0.08795656636357307,0.024926502164453267,-6.647067570686341,0.013276004017097876,0.027255600318312645,0.018923243507742882,0.035555314272642136,1.0
3459,7084032,9,0,0,9,0.0,0.0,1.0,-0.0012179991230368615,0.12839278131723403,0.02686264058575034,-6.648346209526062,0.010790734004694968,0.027235858142375946,0.01892487145960331,0.035407163202762604,1.0
3460,7086080,5,0,0,5,0.0,0.0,1.0,-0.0011904672719538212,0.2366708792746067,0.027401678450405597,-6.649851536750793,0.014210397959686816,0.027239834889769554,0.018895916640758514,0.035323616117239,1.0
3461,7088128,5,0,0,5,0.0,0.0,1.0,0.006910867523401976,0.22624784335494041,0.024731342494487763,-6.64646053314209,0.01901295122806914,0.027277996763586998,0.018936466425657272,0.035352740436792374,1.0
3462,7090176,7,0,0,7,0.0,0.0,1.0,0.0011683289194479585,0.08070306666195393,0.025710903201252223,-6.642939019203186,0.011847673810552805,0.02728666178882122,0.018971828743815422,0.03529872000217438,1.0
3463,7092224,4,1,0,3,0.25,0.0,0.75,0.00030980471055954697,0.2753762699663639,0.028635738976299764,-6.641520738601685,0.01562504154862836,0.027292495593428612,0.019015010446310043,0.03528803959488869,1.0
3464,7094272,3,0,0,3,0.0,0.0,1.0,0.0029136014403775335,0.23654773607850074,0.03171072555705905,-6.640618300437927,0.015335090702865272,0.02729078195989132,0.019017880782485008,0.03531131520867348,1.0
3465,7096320,10,0,1,9,0.0,0.1,0.9,0.0007628291845321655,2.3235687613487244,0.025252386834472416,-6.64124915599823,0.024116659804712982,0.027299221605062485,0.01900751329958439,0.035343147814273834,1.0
3466,7098368,8,0,0,8,0.0,0.0,1.0,-0.0019030342809855938,0.16789452284574508,0.02499696332961321,-6.639099955558777,0.011993561231065542,0.027327075600624084,0.019030271098017693,0.03538208454847336,1.0
3467,7100416,2,0,1,1,0.0,0.5,0.5,8.32604244351387e-05,2.227463412284851,0.03163799550384283,-6.636306428909302,0.02797907793428749,0.027347497642040253,0.01906142197549343,0.035353321582078934,1.0
3468,7102464,8,0,0,8,0.0,0.0,1.0,0.004907884786371141,0.25797851011157036,0.026616673171520232,-6.635024905204773,0.01862942681182176,0.0273205004632473,0.019040429964661598,0.03526671230792999,1.0
3469,7104512,4,1,0,3,0.25,0.0,0.75,0.00048685905057936906,0.21856111884117127,0.026374371908605098,-6.638468503952026,0.028132471651770175,0.027304766699671745,0.0190135408192873,0.03529679402709007,1.0
3470,7106560,5,0,1,4,0.0,0.2,0.8,0.0007223759777843953,2.3060123443603517,0.036169465817511084,-6.638724684715271,0.014211172534851357,0.027338456362485886,0.01899712160229683,0.035391975194215775,1.0
3471,7108608,9,0,2,7,0.0,0.2222222222222222,0.7777777777777778,-0.009049090393818914,3.0969308733940126,0.03084533754736185,-6.635852241516114,0.03444252281915396,0.027356497943401337,0.019015908241271973,0.035397719591856,1.0
3472,7110656,7,0,0,7,0.0,0.0,1.0,0.0017627640627324581,0.2784731492400169,0.02915259813889861,-6.635126113891602,0.011275141092482954,0.027334850281476974,0.019036289304494858,0.035330336540937424,1.0
3473,7112704,2,0,0,2,0.0,0.0,1.0,-0.0002726509934291244,0.36760233938694,0.03428053539246321,-6.638115262985229,0.007604449131758883,0.027289707213640213,0.01901695504784584,0.03523268550634384,1.0
3474,7114752,6,0,0,6,0.0,0.0,1.0,0.0014452442293986679,0.4230258032679558,0.03793577458709478,-6.643176245689392,0.02131158602423966,0.027239080518484116,0.018946832045912743,0.0351879820227623,1.0
3475,7116800,4,0,0,4,0.0,0.0,1.0,-0.00022158760111778975,0.3603853553533554,0.03492586798965931,-6.6495037317276005,0.014770070178201422,0.027221467345952988,0.01884487085044384,0.03527545928955078,1.0
3476,7118848,6,0,0,6,0.0,0.0,1.0,0.002249091467820108,0.27180239036679266,0.036101795919239524,-6.65224437713623,0.010123002016916871,0.027209153398871422,0.01881783828139305,0.0352969691157341,1.0
3477,7120896,8,0,0,8,0.0,0.0,1.0,0.003948245989158749,0.21234311833977698,0.03222660254687071,-6.653297185897827,0.03001849961001426,0.027205239981412888,0.018852598965168,0.035306841135025024,1.0
3478,7122944,7,0,0,7,0.0,0.0,1.0,0.0004198800539597869,0.3583877071738243,0.03146967999637127,-6.65416157245636,0.014677899691741913,0.027183275669813156,0.018857238814234734,0.03534696623682976,1.0
3479,7124992,1,0,0,1,0.0,0.0,1.0,0.004395874449983239,0.452246330678463,0.031975521333515645,-6.656266355514527,0.014444374007871375,0.027185313403606415,0.01885114423930645,0.03538411855697632,1.0
3480,7127040,7,0,1,6,0.0,0.14285714285714285,0.8571428571428571,-0.002634612796828151,2.391515475511551,0.03989021014422178,-6.654635286331176,0.016258218348957597,0.027227934449911118,0.018834279850125313,0.035483986139297485,1.0
3481,7129088,5,0,0,5,0.0,0.0,1.0,0.0020702586742118003,0.3846013814210892,0.03224496450275183,-6.652313780784607,0.01872272666078061,0.027207400649785995,0.018873553723096848,0.03544322028756142,1.0
3482,7131136,7,1,0,6,0.14285714285714285,0.0,0.8571428571428571,0.001712014526128769,0.45592699497938155,0.030812906567007303,-6.6534157514572145,0.01477286231238395,0.027218593284487724,0.018945394083857536,0.035489730536937714,1.0
3483,7133184,8,0,0,8,0.0,0.0,1.0,-0.00023210706422105432,0.23905618712306023,0.029397445917129516,-6.651882171630859,0.007774068048456683,0.027207255363464355,0.018893994390964508,0.03550736606121063,1.0
3484,7135232,5,0,0,5,0.0,0.0,1.0,-0.00211194627918303,0.26893751248717307,0.03297962751239538,-6.656201672554016,0.007758262089919299,0.027172129601240158,0.018821956589818,0.035455942153930664,1.0
3485,7137280,1,0,0,1,0.0,0.0,1.0,0.001955081429332495,0.42375897616147995,0.03610072117298842,-6.660559773445129,0.007876815740019083,0.02713206224143505,0.01878374256193638,0.035428427159786224,1.0
3486,7139328,6,0,0,6,0.0,0.0,1.0,0.007091473857872188,0.36335932165384294,0.038820221461355685,-6.6648136377334595,0.015479334979318082,0.027123406529426575,0.018754657357931137,0.03548263758420944,1.0
3487,7141376,5,0,0,5,0.0,0.0,1.0,-0.0011311542009934783,0.4639428436756134,0.03885079715400934,-6.6659554719924925,0.012197775940876454,0.027112683281302452,0.01870030164718628,0.03548834100365639,1.0
3488,7143424,12,0,1,11,0.0,0.08333333333333333,0.9166666666666666,0.004127138527110219,2.279278314113617,0.04425868522375822,-6.670489430427551,0.014107667986536399,0.02706167660653591,0.018644897267222404,0.03549136221408844,1.0
3489,7145472,5,0,0,5,0.0,0.0,1.0,-0.00018244395032525064,0.5543449237942696,0.03145981263369322,-6.67383770942688,0.01356477324734442,0.027065103873610497,0.018697528168559074,0.035388413816690445,1.0
3490,7147520,4,0,0,4,0.0,0.0,1.0,0.0017609802540391683,0.54436856508255,0.03530337736010551,-6.671431303024292,0.015069475572090596,0.027044309303164482,0.018702834844589233,0.03520672768354416,1.0
3491,7149568,1,0,0,1,0.0,0.0,1.0,0.003656648169271648,0.6247442752122879,0.040602396801114084,-6.674178123474121,0.017640745034441352,0.027015525847673416,0.018665917217731476,0.03516029939055443,1.0
3492,7151616,6,0,0,6,0.0,0.0,1.0,0.0013216568157076835,0.6677106767892838,0.04424526989459991,-6.676801109313965,0.016214595799101516,0.02700200490653515,0.01864027976989746,0.03516646847128868,1.0
3493,7153664,4,0,0,4,0.0,0.0,1.0,0.005774078145623207,0.5261739939451218,0.04152880534529686,-6.679283142089844,0.013255594694055618,0.026968132704496384,0.018625304102897644,0.03509588539600372,1.0
3494,7155712,13,0,0,13,0.0,0.0,1.0,0.010815934091806412,0.4833373069763184,0.04043820165097713,-6.683255028724671,0.028353152808267622,0.026929814368486404,0.01861739344894886,0.035030536353588104,1.0
3495,7157760,4,0,0,4,0.0,0.0,1.0,0.0008857892826199532,0.43292487114667894,0.02803786089643836,-6.684954118728638,0.016590950393583624,0.026937587186694145,0.018613696098327637,0.03504965454339981,1.0
3496,7159808,6,0,2,4,0.0,0.3333333333333333,0.6666666666666666,0.00022693546488881112,3.6789071917533875,0.033734085783362386,-6.684478735923767,0.013083297479897737,0.02693307213485241,0.018626581877470016,0.03508066013455391,1.0
3497,7161856,3,0,1,2,0.0,0.3333333333333333,0.6666666666666666,0.0017664887011051178,2.356352800130844,0.03205823507159948,-6.686218190193176,0.013509731815429405,0.02690042555332184,0.01860957406461239,0.03502323105931282,1.0
3498,7163904,6,0,0,6,0.0,0.0,1.0,0.0054576262598857285,0.3726902171969414,0.028574056923389435,-6.688401365280152,0.01920880511170253,0.026910796761512756,0.018619900569319725,0.03509818762540817,1.0
3499,7165952,5,1,0,4,0.2,0.0,0.8,0.010802495246753096,0.6979252606630325,0.03083318965509534,-6.687411522865295,0.03418215102283284,0.02691502496600151,0.018621832132339478,0.035124246031045914,1.0
3500,7168000,10,0,2,8,0.0,0.2,0.8,0.005390708101913333,3.5438856720924377,0.03941988106817007,-6.687464594841003,0.023374647996388376,0.026910904794931412,0.01865316368639469,0.03510376811027527,1.0
3501,7170048,5,0,0,5,0.0,0.0,1.0,0.0026654145680367947,0.6365314364433289,0.03476026207208634,-6.687231707572937,0.012006761989323423,0.026910163462162018,0.018640048801898956,0.03513287380337715,1.0
3502,7172096,6,0,0,6,0.0,0.0,1.0,0.006054930901154876,0.43843004405498504,0.03331766482442618,-6.6890349864959715,0.017300042940769346,0.026894494891166687,0.01857924275100231,0.03515997156500816,1.0
3503,7174144,3,0,0,3,0.0,0.0,1.0,0.004870154336094857,0.28084916770458224,0.03153963377699256,-6.691503381729126,0.02861942205345258,0.02689754031598568,0.018542764708399773,0.035237304866313934,1.0
3504,7176192,3,0,0,3,0.0,0.0,1.0,-0.0005680666770786047,0.33570592701435087,0.03489650450646877,-6.689239931106568,0.008715789031703025,0.02694893628358841,0.018604028970003128,0.0352754108607769,1.0
3505,7178240,6,0,0,6,0.0,0.0,1.0,0.004784077778458596,0.4388360932469368,0.03591825570911169,-6.68118371963501,0.013537832465954126,0.02701961249113083,0.018673481419682503,0.03535039722919464,1.0
3506,7180288,9,0,0,9,0.0,0.0,1.0,-0.002420746348798275,0.3738585367798805,0.032822875306010246,-6.675936627388,0.00948463017703034,0.02702307514846325,0.018700025975704193,0.03537256270647049,1.0
3507,7182336,7,0,0,7,0.0,0.0,1.0,0.00034010079689323903,0.38166092038154603,0.0294100496917963,-6.6768944501876835,0.015479239751584828,0.027011729776859283,0.018693748861551285,0.035423554480075836,1.0
3508,7184384,4,0,0,4,0.0,0.0,1.0,0.004153937986120582,0.4841481551527977,0.03856851775199175,-6.6795594692230225,0.01446336146327667,0.026981458067893982,0.018682146444916725,0.03536731004714966,1.0
3509,7186432,5,0,1,4,0.0,0.2,0.8,0.002901348890736699,2.3152478516101835,0.04044301621615887,-6.682334685325623,0.019986538140801712,0.026952533051371574,0.01869865134358406,0.035294413566589355,1.0
3510,7188480,3,0,0,3,0.0,0.0,1.0,0.009765780810266734,0.4450098618865013,0.03300951533019543,-6.684635663032532,0.02914047136437148,0.026918714866042137,0.01872086524963379,0.03520340472459793,1.0
3511,7190528,5,0,0,5,0.0,0.0,1.0,0.00034944654908031225,0.44144007861614226,0.029811135306954385,-6.684378027915955,0.01583227007649839,0.02695944532752037,0.018697256222367287,0.03528478741645813,1.0
3512,7192576,11,0,0,11,0.0,0.0,1.0,0.00041753710247576236,0.2541257731616497,0.028208190854638816,-6.679763126373291,0.011264689068775624,0.027027254924178123,0.018692946061491966,0.03541526198387146,1.0
3513,7194624,5,0,0,5,0.0,0.0,1.0,0.006433741864748299,0.32858877778053286,0.02925917534157634,-6.67386212348938,0.023921337630599736,0.027053464204072952,0.0187519621104002,0.03533826395869255,1.0
3514,7196672,3,0,0,3,0.0,0.0,1.0,0.0020173507276922465,0.5434481129050255,0.03240415072068572,-6.670977234840393,0.011570276145357638,0.02704611048102379,0.018801450729370117,0.03528347611427307,1.0
3515,7198720,5,0,0,5,0.0,0.0,1.0,0.0007474694866687059,0.1750619277358055,0.03125590169802308,-6.673176860809326,0.00858000289881602,0.02700677327811718,0.018739795312285423,0.03520411252975464,1.0
3516,7200768,7,0,2,5,0.0,0.2857142857142857,0.7142857142857143,0.004186572250910103,3.7387120127677917,0.03993514757603407,-6.677382612228394,0.025272957480046897,0.026987774297595024,0.01868746615946293,0.03510468080639839,1.0
3517,7202816,5,0,0,5,0.0,0.0,1.0,0.006154643977060914,0.48037590831518173,0.036594288609921935,-6.679535913467407,0.017621187766781076,0.0269625261425972,0.018656795844435692,0.03509102761745453,1.0
3518,7204864,9,0,0,9,0.0,0.0,1.0,0.003979103115852922,0.40957010090351104,0.04092493038624525,-6.682245349884033,0.014397541497601196,0.026930412277579308,0.018703605979681015,0.034951526671648026,1.0
3519,7206912,4,0,0,4,0.0,0.0,1.0,0.0027019293047487736,0.3506512716412544,0.03678858857601881,-6.683747100830078,0.011332947976188733,0.02689729444682598,0.018722251057624817,0.03481783717870712,1.0
3520,7208960,3,1,0,2,0.3333333333333333,0.0,0.6666666666666666,0.0015345612308010459,0.6781078934669494,0.03665296379476786,-6.688569808006287,0.009669868624769151,0.026823267340660095,0.018621200695633888,0.03469685837626457,1.0
3521,7211008,5,0,0,5,0.0,0.0,1.0,0.0190092402510345,0.4533878222107887,0.03588930349797011,-6.697121644020081,0.0353431316325441,0.02677483670413494,0.018602821975946426,0.03461238369345665,1.0
3522,7213056,8,0,1,7,0.0,0.125,0.875,0.005027297709602863,2.0775516092777253,0.033709927834570406,-6.703230094909668,0.03198487312765792,0.0266852006316185,0.018601292744278908,0.034534282982349396,1.0
3523,7215104,9,0,0,9,0.0,0.0,1.0,0.012626039399765431,0.5169280529022217,0.0339473120868206,-6.713657379150391,0.02455184897989966,0.02659199759364128,0.01857089437544346,0.03443605452775955,1.0
3524,7217152,5,0,0,5,0.0,0.0,1.0,0.0023767035454511642,0.33728224486112596,0.03355898167937994,-6.720423245429993,0.01953318539308384,0.026566337794065475,0.018518170341849327,0.03437117487192154,1.0
3525,7219200,3,0,0,3,0.0,0.0,1.0,0.005263656983152032,0.14813559800386428,0.029465648252516984,-6.723496913909912,0.020570496504660696,0.02653460204601288,0.018468838185071945,0.03426278755068779,1.0
3526,7221248,3,0,0,3,0.0,0.0,1.0,0.0013121048221364617,0.19724042862653732,0.028740359097719194,-6.724821591377259,0.013758086517918855,0.026544194668531418,0.01849851943552494,0.03425564244389534,1.0
3527,7223296,5,0,0,5,0.0,0.0,1.0,-0.0001239110715687275,0.10303916707634926,0.026875892374664544,-6.723579573631286,0.007936840050388128,0.026537038385868073,0.018505200743675232,0.03425757586956024,1.0
3528,7225344,7,0,0,7,0.0,0.0,1.0,0.004669485008344054,0.1434436023235321,0.027000376861542462,-6.724825239181518,0.01622514588525519,0.02653510868549347,0.018502863124012947,0.03427129238843918,1.0
3529,7227392,11,0,1,10,0.0,0.09090909090909091,0.9090909090909091,-0.004890367528423667,2.039726322889328,0.028005582001060247,-6.7241281270980835,0.03771247341064736,0.02655351720750332,0.018465641885995865,0.034346360713243484,1.0
3530,7229440,4,0,0,4,0.0,0.0,1.0,-0.0009307963075116277,0.3004690006375313,0.026796743180602788,-6.7254122495651245,0.01037375400774181,0.026506958529353142,0.018440432846546173,0.03424336761236191,1.0
3531,7231488,3,0,0,3,0.0,0.0,1.0,0.002295776689425111,0.31249052584171294,0.03545010183006525,-6.729279661178589,0.010366088099544868,0.026499172672629356,0.01846548728644848,0.03414098173379898,1.0
3532,7233536,4,0,1,3,0.0,0.25,0.75,0.009242895036004483,1.3010989099740982,0.03332797326147556,-6.727660155296325,0.030156389682088048,0.02651672624051571,0.018418626859784126,0.03415103256702423,1.0
3533,7235584,6,0,0,6,0.0,0.0,1.0,0.010072088288143276,0.506676185131073,0.03526503015309572,-6.7265945196151735,0.02131504485732876,0.026531465351581573,0.01841066963970661,0.03420252352952957,1.0
3534,7237632,6,0,0,6,0.0,0.0,1.0,0.004765217448584736,0.46788188368082045,0.03506561573594809,-6.728042674064636,0.011959561856929212,0.026502490043640137,0.01833372190594673,0.0342145711183548,1.0
3535,7239680,10,0,0,10,0.0,0.0,1.0,0.003711466211825609,0.5737518846988678,0.040115481801331045,-6.7343638181686405,0.010490335361100733,0.026445165276527405,0.018246181309223175,0.03415542468428612,1.0
3536,7241728,3,0,0,3,0.0,0.0,1.0,0.01085342480801046,0.5157161161303521,0.04157428853213787,-6.7401505470275875,0.02334354162449017,0.02642687037587166,0.018180012702941895,0.03417861461639404,1.0
3537,7243776,7,0,1,6,0.0,0.14285714285714285,0.8571428571428571,-0.002178758103400469,2.285987615585327,0.041791402734816074,-6.742816948890686,0.018867809453513473,0.02640537917613983,0.018146781250834465,0.034136705100536346,1.0
3538,7245824,3,0,0,3,0.0,0.0,1.0,0.0027740537654608486,0.39048374593257906,0.03856533579528332,-6.745471787452698,0.015375881106592715,0.026386063545942307,0.018108220770955086,0.03408955782651901,1.0
3539,7247872,6,1,0,5,0.16666666666666666,0.0,0.8333333333333334,0.003669736231677234,0.5090451493859292,0.03502619247883558,-6.7481345415115355,0.016436464805155992,0.026356235146522522,0.018097570165991783,0.03399886190891266,1.0
3540,7249920,5,0,0,5,0.0,0.0,1.0,0.00488273617811501,0.5821442365646362,0.033954291976988314,-6.753016924858093,0.019049668742809445,0.02627909742295742,0.018083438277244568,0.03386460244655609,1.0
3541,7251968,9,0,1,8,0.0,0.1111111111111111,0.8888888888888888,-0.0007205526810139418,2.2457122266292573,0.03949064426124096,-6.756708788871765,0.01293863942846656,0.02631453238427639,0.01815115287899971,0.033908911049366,1.0
3542,7254016,5,0,0,5,0.0,0.0,1.0,0.0024111911887302996,0.2983462005853653,0.034561018086969854,-6.749664831161499,0.014826673548668623,0.02636273205280304,0.01816900633275509,0.03401467949151993,1.0
3543,7256064,5,0,0,5,0.0,0.0,1.0,0.006489175674505532,0.4746850162744522,0.03612305391579866,-6.746732640266418,0.016629518230911345,0.02638697251677513,0.018150009214878082,0.034107476472854614,1.0
3544,7258112,4,0,0,4,0.0,0.0,1.0,0.005384392803534865,0.2728713661432266,0.031069731898605825,-6.744576478004456,0.014949189568869769,0.026426374912261963,0.018137672916054726,0.0342237651348114,1.0
3545,7260160,5,0,0,5,0.0,0.0,1.0,-0.0009114830987527967,0.20241337567567824,0.028148148953914643,-6.740937423706055,0.016087955981492996,0.02646750584244728,0.018130866810679436,0.03428177163004875,1.0
3546,7262208,4,0,0,4,0.0,0.0,1.0,-0.001297927345149219,0.40373350977897643,0.029262461885809898,-6.736315107345581,0.008243575273081661,0.026518788188695908,0.018168486654758453,0.03434936702251434,1.0
3547,7264256,10,0,0,10,0.0,0.0,1.0,-0.00013003796339035035,0.22557253614068032,0.029219043254852296,-6.731613111495972,0.02429031450301409,0.026532119140028954,0.01820490136742592,0.034435998648405075,1.0
3548,7266304,4,0,0,4,0.0,0.0,1.0,0.0013115132227540017,0.17932833805680276,0.02729062605649233,-6.732763576507568,0.012993626104434951,0.026507358998060226,0.018182309344410896,0.034417521208524704,1.0
3549,7268352,6,0,1,5,0.0,0.16666666666666666,0.8333333333333334,-0.00016243006102740766,1.7362173438072204,0.029878073278814553,-6.733888411521912,0.03539338014088571,0.026519058272242546,0.018260421231389046,0.034440234303474426,1.0
3550,7270400,5,1,0,4,0.2,0.0,0.8,0.010478675272315741,0.3201859623193741,0.026063703745603562,-6.73013288974762,0.026439037738600745,0.026537977159023285,0.018324701115489006,0.0344884991645813,1.0
3551,7272448,6,0,0,6,0.0,0.0,1.0,0.005194818717427552,0.5402312114834785,0.026770628243684768,-6.730931377410888,0.018820041872095315,0.026502832770347595,0.018315861001610756,0.03450290113687515,1.0
3552,7274496,2,0,0,2,0.0,0.0,1.0,0.0008209963678382337,0.29142811000347135,0.02916872436180711,-6.735418176651001,0.0073522805527318266,0.02647775411605835,0.018286578357219696,0.03453289717435837,1.0
3553,7276544,11,0,1,10,0.0,0.09090909090909091,0.9090909090909091,-0.0018471753457561136,2.3094283998012544,0.03199893767014146,-6.739207124710083,0.011048980586929246,0.026441268622875214,0.01824371889233589,0.03457853943109512,1.0
3554,7278592,3,0,0,3,0.0,0.0,1.0,0.019063059566542508,0.3660519257187843,0.029461425356566907,-6.743673419952392,0.03813734429422766,0.026422984898090363,0.01822349615395069,0.03452878072857857,1.0
3555,7280640,7,0,1,6,0.0,0.14285714285714285,0.8571428571428571,0.0038239264162257315,2.3176289021968843,0.03713125325739384,-6.744700765609741,0.02002989809261635,0.02642061375081539,0.018181538209319115,0.034552037715911865,1.0
3556,7282688,5,0,0,5,0.0,0.0,1.0,-0.0015397072536870837,0.2546360693871975,0.03153906408697367,-6.745990514755249,0.020546907151583582,0.026409994810819626,0.0181585606187582,0.03456609323620796,1.0
3557,7284736,5,0,0,5,0.0,0.0,1.0,0.004456659010611474,0.2914606124162674,0.029149795696139336,-6.748053431510925,0.0175328234792687,0.02640075609087944,0.0181022547185421,0.03459592163562775,1.0
3558,7286784,3,0,0,3,0.0,0.0,1.0,0.003805386321619153,0.4525813102722168,0.029146507661789656,-6.748730921745301,0.013248765107709915,0.026429597288370132,0.018081655725836754,0.03462143614888191,1.0
3559,7288832,9,0,0,9,0.0,0.0,1.0,0.0035900084534659983,0.39560722559690475,0.027312019374221563,-6.747146272659302,0.02952454802580178,0.026416953653097153,0.018044110387563705,0.03463873639702797,1.0
3560,7290880,4,0,0,4,0.0,0.0,1.0,0.0037895232904702424,0.25923175290226935,0.027092634048312903,-6.748401045799255,0.017547027923865244,0.02644164487719536,0.01804078184068203,0.034645143896341324,1.0
3561,7292928,6,0,0,6,0.0,0.0,1.0,-0.00024132404942065478,0.4919257238507271,0.03019777061417699,-6.744334053993225,0.009217838186305016,0.026455283164978027,0.01808795891702175,0.03458812087774277,1.0
3562,7294976,5,0,0,5,0.0,0.0,1.0,0.0010241113370284439,0.44481471329927447,0.03001083107665181,-6.743194127082825,0.013290485925972461,0.026465095579624176,0.018086837604641914,0.03463595733046532,1.0
3563,7297024,5,0,0,5,0.0,0.0,1.0,0.005133949848823249,0.14928036853671073,0.0279159652069211,-6.742462897300721,0.018661915406119077,0.026467908173799515,0.01804215833544731,0.0345742367208004,1.0
3564,7299072,8,0,1,7,0.0,0.125,0.875,-0.001308100763708353,2.1484744966030123,0.031130891013890504,-6.741633868217468,0.01667696051299572,0.026493877172470093,0.018034664914011955,0.0345446839928627,1.0
3565,7301120,6,0,0,6,0.0,0.0,1.0,0.00813095971243456,0.33194689750671386,0.03146027158945799,-6.740234780311584,0.016806601994903757,0.02647671103477478,0.01799788884818554,0.03453461080789566,1.0
3566,7303168,5,0,0,5,0.0,0.0,1.0,0.0013416766887530684,0.6266755431890487,0.0358585799112916,-6.743548274040222,0.01024347059428692,0.026461638510227203,0.01797872595489025,0.034537896513938904,1.0
3567,7305216,5,0,0,5,0.0,0.0,1.0,0.0007019761484116316,0.4418262645602226,0.031959268264472485,-6.746681880950928,0.010341721522854641,0.026416372507810593,0.017909154295921326,0.034525178372859955,1.0
3568,7307264,5,0,0,5,0.0,0.0,1.0,0.004232865525409579,0.4097283110022545,0.030555539391934873,-6.7531087636947635,0.01116019458277151,0.026384219527244568,0.01785053126513958,0.03451616317033768,1.0
3569,7309312,3,0,0,3,0.0,0.0,1.0,0.0026766142807900907,0.4583672136068344,0.02797601940110326,-6.7562719821929935,0.01713240983663127,0.02635939233005047,0.017847653478384018,0.034480880945920944,1.0
3570,7311360,9,0,0,9,0.0,0.0,1.0,0.0016695884522050619,0.31000870913267137,0.027681903447955847,-6.760922145843506,0.011687198898289352,0.02626875415444374,0.017877057194709778,0.03426484763622284,1.0
3571,7313408,5,0,0,5,0.0,0.0,1.0,-0.002206342783756554,0.36408574879169464,0.032218823581933974,-6.768269324302674,0.01888802261091769,0.026210596784949303,0.0178848747164011,0.03413219749927521,1.0
3572,7315456,8,0,0,8,0.0,0.0,1.0,0.0017057902412489056,0.6715433686971665,0.03643505088984966,-6.771434235572815,0.009057619021041319,0.026237329468131065,0.01779026724398136,0.03426283597946167,1.0
3573,7317504,3,0,1,2,0.0,0.3333333333333333,0.6666666666666666,-0.0002610720694065094,2.0944655001163484,0.04085754882544279,-6.769545555114746,0.01209759315242991,0.026261737570166588,0.017746886238455772,0.03431904315948486,1.0
3574,7319552,6,0,0,6,0.0,0.0,1.0,0.005639547575265169,0.4106153666973114,0.03473455794155598,-6.77212347984314,0.016532278974773364,0.026200180873274803,0.017709463834762573,0.03427346795797348,1.0
3575,7321600,4,0,1,3,0.0,0.25,0.75,-0.0035441504325717686,2.066902035474777,0.032061566784977916,-6.7783711671829225,0.01426279335282743,0.026189327239990234,0.017675986513495445,0.034386247396469116,1.0
3576,7323648,8,0,1,7,0.0,0.125,0.875,0.003549993084743619,1.233706283569336,0.026522570569068194,-6.775217771530151,0.019625665515195578,0.026294810697436333,0.01772080734372139,0.03459225967526436,1.0
3577,7325696,6,0,0,6,0.0,0.0,1.0,-8.126918692141771e-05,0.6654823660850525,0.027341444324702025,-6.765355253219605,0.011823424836620688,0.026335936039686203,0.017736276611685753,0.03472103923559189,1.0
3578,7327744,5,0,0,5,0.0,0.0,1.0,0.0022492683026939632,0.5284164100885391,0.02770372461527586,-6.76427686214447,0.02220991690992378,0.02634246274828911,0.017720984295010567,0.034765131771564484,1.0
3579,7329792,6,0,0,6,0.0,0.0,1.0,0.0057182169519364836,0.34617224186658857,0.026171128358691932,-6.767173552513123,0.017188054393045604,0.026284506544470787,0.01762796752154827,0.034727804362773895,1.0
3580,7331840,4,0,0,4,0.0,0.0,1.0,0.00522717135027051,0.36245103776454923,0.028138558752834796,-6.777272915840149,0.014715199521742762,0.026216968894004822,0.017538849264383316,0.03465001657605171,1.0
3581,7333888,4,0,0,4,0.0,0.0,1.0,0.004398031672462821,0.39100421965122223,0.02721756026148796,-6.78142728805542,0.018476632639067247,0.026225140318274498,0.017499152570962906,0.03463409096002579,1.0
3582,7335936,10,0,0,10,0.0,0.0,1.0,0.00140699315816164,0.23121567741036414,0.027993371617048977,-6.780926251411438,0.018522764916997402,0.026212504133582115,0.017466548830270767,0.03456103429198265,1.0
3583,7337984,4,0,0,4,0.0,0.0,1.0,-0.00041143167763948443,0.31320045739412306,0.028060922306030987,-6.7833791971206665,0.012453294009901583,0.02618938684463501,0.01746225915849209,0.03454918786883354,1.0
3584,7340032,6,0,0,6,0.0,0.0,1.0,0.0025496003683656452,0.19820757061243058,0.029911568108946084,-6.787205505371094,0.02345376377925277,0.026139860972762108,0.017431195825338364,0.03445078805088997,1.0
3585,7342080,4,0,0,4,0.0,0.0,1.0,-1.6833306290209293e-05,0.2076789729297161,0.02624483536928892,-6.794190669059754,0.010883224522694945,0.026043634861707687,0.017375605180859566,0.034264396876096725,1.0
3586,7344128,5,0,0,5,0.0,0.0,1.0,0.0006354052340611816,0.23120069578289987,0.028405827842652796,-6.803081417083741,0.009580378961982206,0.02602483704686165,0.017300479114055634,0.03425128757953644,1.0
3587,7346176,3,0,0,3,0.0,0.0,1.0,0.0011473874095827342,0.14567819237709045,0.028255172818899155,-6.803171586990357,0.015220632037380711,0.02604387328028679,0.017287440598011017,0.034213852137327194,1.0
3588,7348224,11,0,0,11,0.0,0.0,1.0,-6.754908245056867e-05,0.5014576047658921,0.03173613091930747,-6.800757622718811,0.007662548020016402,0.026067692786455154,0.017244908958673477,0.03420448675751686,1.0
3589,7350272,3,0,0,3,0.0,0.0,1.0,0.001969707943499088,0.38894013315439224,0.03540048785507679,-6.799131107330322,0.013848919392330572,0.026095811277627945,0.017227912321686745,0.0342903770506382,1.0
3590,7352320,6,0,0,6,0.0,0.0,1.0,0.007265546778216958,0.5256680816411972,0.03391135577112436,-6.796970462799072,0.019535573513712733,0.026103205978870392,0.0172385536134243,0.034279726445674896,1.0
3591,7354368,5,0,1,4,0.0,0.2,0.8,0.00016333190724253653,2.584473991394043,0.036889337748289106,-6.795902156829834,0.006167504581389949,0.02610093355178833,0.017262037843465805,0.034131597727537155,1.0
3592,7356416,5,0,0,5,0.0,0.0,1.0,-0.0016927603399381041,0.39808735996484756,0.03191600609570742,-6.792468237876892,0.012644654279574752,0.026157837361097336,0.017289452254772186,0.034150075167417526,1.0
3593,7358464,6,0,2,4,0.0,0.3333333333333333,0.6666666666666666,-0.0005194564815610647,2.5799547493457795,0.032348496839404106,-6.7779899597167965,0.027320685028098524,0.026367496699094772,0.017335202544927597,0.034449633210897446,1.0
3594,7360512,9,0,0,9,0.0,0.0,1.0,0.004182774864602834,0.24751272350549697,0.03332785181701183,-6.763448476791382,0.01407864639768377,0.026408320292830467,0.01734001375734806,0.03449797257781029,1.0
3595,7362560,3,0,0,3,0.0,0.0,1.0,0.0007082507014274597,0.15934982970356942,0.025803391076624393,-6.763415575027466,0.010075219394639134,0.026388060301542282,0.017331648617982864,0.03447054699063301,1.0
3596,7364608,4,0,0,4,0.0,0.0,1.0,-0.0032169178128242494,0.3745154604315758,0.03256921395659447,-6.7649658679962155,0.012324269406963139,0.026383601129055023,0.0173567496240139,0.03450477868318558,1.0
3597,7366656,7,0,2,5,0.0,0.2857142857142857,0.7142857142857143,0.0033144940622150897,3.2909624218940734,0.03650497030466795,-6.764325428009033,0.020108560315566137,0.02640259824693203,0.01736482046544552,0.03463694453239441,1.0
3598,7368704,7,0,0,7,0.0,0.0,1.0,0.004719760688021779,0.3436357170343399,0.034596361592411994,-6.765310573577881,0.019441273144911973,0.02638069912791252,0.017306840047240257,0.034725870937108994,1.0
3599,7370752,7,0,0,7,0.0,0.0,1.0,0.012237092247232795,0.36692371815443037,0.02966686002910137,-6.76805100440979,0.028069879807299004,0.026389610022306442,0.017329201102256775,0.03477240353822708,1.0
3600,7372800,5,0,0,5,0.0,0.0,1.0,0.020207512192428112,0.2278250977396965,0.028293039184063673,-6.766198682785034,0.04527899627573788,0.026395507156848907,0.017348896712064743,0.03483066335320473,1.0
3601,7374848,4,0,1,3,0.0,0.25,0.75,0.004086387227289379,2.4992545306682588,0.03678654432296753,-6.764847826957703,0.01447793395491317,0.026440000161528587,0.01737227477133274,0.03493263199925423,1.0
3602,7376896,4,0,0,4,0.0,0.0,1.0,0.008191607799381018,0.3651337385177612,0.0337602075189352,-6.760059118270874,0.018723187444265932,0.026461435481905937,0.017385242506861687,0.034966226667165756,1.0
3603,7378944,6,0,0,6,0.0,0.0,1.0,0.009963243571110069,0.2365654543042183,0.03461127858608961,-6.760194611549378,0.024771384475752712,0.026441361755132675,0.017388060688972473,0.0349515937268734,1.0
3604,7380992,7,0,0,7,0.0,0.0,1.0,0.0001996522070840001,0.26080039218068124,0.03376141395419836,-6.76233696937561,0.015947641106322408,0.026420798152685165,0.017394721508026123,0.03488652780652046,1.0
3605,7383040,8,0,1,7,0.0,0.125,0.875,0.003432422666810453,2.2475624650716783,0.03387505430728197,-6.764288139343262,0.021384929917985573,0.02639063261449337,0.01739051565527916,0.03485773503780365,1.0
3606,7385088,4,0,0,4,0.0,0.0,1.0,0.0009269032860174775,0.37849767357110975,0.03353726677596569,-6.7676748752594,0.014473412290681154,0.026364339515566826,0.017371198162436485,0.0348406545817852,1.0
3607,7387136,6,0,1,5,0.0,0.16666666666666666,0.8333333333333334,0.0038823374081403015,2.258456152677536,0.03570298571139574,-6.770549702644348,0.021638961118878797,0.0263486560434103,0.017383061349391937,0.03488209471106529,1.0
3608,7389184,4,1,0,3,0.25,0.0,0.75,0.0023097472731024027,0.3338520392775536,0.02661612778902054,-6.771870708465576,0.009833008388523013,0.02634609304368496,0.017369374632835388,0.03500501811504364,1.0
3609,7391232,6,0,0,6,0.0,0.0,1.0,0.001234278758056462,0.09891785085201263,0.024414294119924306,-6.7739146709442135,0.015919362643035128,0.026342730969190598,0.01733025163412094,0.03511093556880951,1.0
3610,7393280,6,0,0,6,0.0,0.0,1.0,-0.000840383768081665,0.5026448577642441,0.025224964786320924,-6.777196407318115,0.008509771415265276,0.02630014717578888,0.017291950061917305,0.03505007177591324,1.0
3611,7395328,7,0,0,7,0.0,0.0,1.0,0.002577125374227762,0.3605096697807312,0.02952825389802456,-6.782065749168396,0.010934487701160834,0.02626572549343109,0.017290597781538963,0.03500128537416458,1.0
3612,7397376,4,0,1,3,0.0,0.25,0.75,0.002839803951792419,1.7694805562496185,0.028554358799010516,-6.783680629730225,0.020852602063678206,0.02626430056989193,0.017323583364486694,0.035006895661354065,1.0
3613,7399424,6,0,0,6,0.0,0.0,1.0,0.0019858009181916714,0.3761435583233833,0.028821528237313033,-6.782195520401001,0.006946237140800804,0.026276245713233948,0.017359886318445206,0.035056404769420624,1.0
3614,7401472,6,0,0,6,0.0,0.0,1.0,0.008393997349776328,0.29955332577228544,0.033387942053377626,-6.782530975341797,0.016797819919884206,0.02624725177884102,0.017348656430840492,0.035033419728279114,1.0
3615,7403520,5,0,1,4,0.0,0.2,0.8,-0.0031268850667402147,2.2805000483989715,0.036542585119605064,-6.783134508132934,0.018463210202753544,0.02629243955016136,0.017416847869753838,0.035096824169158936,1.0
3616,7405568,5,0,0,5,0.0,0.0,1.0,0.011838747141882777,0.3783467635512352,0.03149605542421341,-6.775779962539673,0.04220478830393404,0.02634672075510025,0.0174615029245615,0.03521231934428215,1.0
3617,7407616,8,0,0,8,0.0,0.0,1.0,0.0022376761306077244,0.3723054647445679,0.030709066428244114,-6.771694183349609,0.015703116741497068,0.026359647512435913,0.017492320388555527,0.03524542972445488,1.0
3618,7409664,5,0,1,4,0.0,0.2,0.8,0.0048675677506253125,2.496104824542999,0.036913000233471396,-6.771337246894836,0.017955148353939875,0.02635316178202629,0.017470180988311768,0.035192590206861496,1.0
3619,7411712,5,0,0,5,0.0,0.0,1.0,0.006038381112739443,0.45723184794187544,0.031770283728837966,-6.771544671058654,0.017247919790679588,0.026385560631752014,0.01742487959563732,0.03535159304738045,1.0
3620,7413760,5,0,0,5,0.0,0.0,1.0,0.022571417223662137,0.27827301174402236,0.0293581604026258,-6.770974493026733,0.03835087727638893,0.026369720697402954,0.01742708310484886,0.03532179445028305,1.0
3621,7415808,5,0,0,5,0.0,0.0,1.0,0.0002789457328617573,0.2673346310853958,0.02945717331022024,-6.772690749168396,0.01364014476421289,0.026356466114521027,0.017446378245949745,0.03527107089757919,1.0
3622,7417856,5,0,0,5,0.0,0.0,1.0,0.003548946906812489,0.3454419493675232,0.035694207064807415,-6.771090841293335,0.012016717420192436,0.026387836784124374,0.017509009689092636,0.035352714359760284,1.0
3623,7419904,10,0,1,9,0.0,0.1,0.9,0.002731464372482151,2.614563322067261,0.04057783018797636,-6.768649864196777,0.011108584253815935,0.026362141594290733,0.017555736005306244,0.03528454154729843,1.0
3624,7421952,3,0,0,3,0.0,0.0,1.0,0.010269295796751976,0.5339344531297684,0.035916808620095254,-6.771105933189392,0.018063618848100305,0.026340007781982422,0.01759670116007328,0.035211630165576935,1.0
3625,7424000,4,0,0,4,0.0,0.0,1.0,0.0022271411959081887,0.7811883628368378,0.03511821608990431,-6.771978902816772,0.011333732004277407,0.02631903812289238,0.017594436183571815,0.03522435203194618,1.0
3626,7426048,6,0,0,6,0.0,0.0,1.0,0.005326067237183452,0.48807210475206375,0.03735334910452366,-6.775529360771179,0.013838401064276695,0.026296120136976242,0.017557041719555855,0.03523587808012962,1.0
3627,7428096,5,0,0,5,0.0,0.0,1.0,0.004090245836414397,0.3387299492955208,0.032719134166836736,-6.77654869556427,0.01255190041847527,0.02631348930299282,0.017543768510222435,0.035237524658441544,1.0
3628,7430144,4,0,0,4,0.0,0.0,1.0,0.0022849249187856914,0.2972851976752281,0.02831186130642891,-6.777620887756347,0.015927869628649206,0.026247454807162285,0.01755964569747448,0.03508890047669411,1.0
3629,7432192,10,0,0,10,0.0,0.0,1.0,-0.0010000359965488315,0.3824568256735802,0.03459470346570015,-6.7832961797714235,0.021263867942616345,0.02622104249894619,0.017545834183692932,0.03508376330137253,1.0
3630,7434240,4,0,1,3,0.0,0.25,0.75,0.00019347984343767166,1.984032428264618,0.03316060584038496,-6.784896731376648,0.014629438775591553,0.026218749582767487,0.017544763162732124,0.0350644625723362,1.0
3631,7436288,4,0,0,4,0.0,0.0,1.0,-0.00011682487092912197,0.273042131960392,0.0296362541615963,-6.784629392623901,0.010262801166391,0.026218324899673462,0.017547274008393288,0.03508896753191948,1.0
3632,7438336,6,0,0,6,0.0,0.0,1.0,0.00019266153685748577,0.4481062084436417,0.0354503870010376,-6.78776867389679,0.01200857722433284,0.026171278208494186,0.017471788451075554,0.03511195629835129,1.0
3633,7440384,5,0,0,5,0.0,0.0,1.0,0.007894763560034334,0.6067167013883591,0.035303864441812036,-6.794992423057556,0.01797562218271196,0.02612476609647274,0.01744113117456436,0.03508710116147995,1.0
3634,7442432,8,0,1,7,0.0,0.125,0.875,0.01615267088636756,2.2416699528694153,0.0350386556237936,-6.798718547821045,0.04462209519115277,0.026114560663700104,0.017427947372198105,0.03510536625981331,1.0
3635,7444480,7,0,0,7,0.0,0.0,1.0,0.005293279513716697,0.34282376170158385,0.030965273175388573,-6.799102807044983,0.016692679456900804,0.02611827477812767,0.017428169026970863,0.03509959205985069,1.0
3636,7446528,4,0,0,4,0.0,0.0,1.0,0.001696788379922509,0.7772490292787552,0.030556767154484986,-6.799462699890137,0.01283976708073169,0.026100901886820793,0.017422303557395935,0.03512323275208473,1.0
3637,7448576,4,0,1,3,0.0,0.25,0.75,-0.002915150159969926,1.9983713567256927,0.035299931094050406,-6.800967335700989,0.023073895822744817,0.026137497276067734,0.017402702942490578,0.03529863432049751,1.0
3638,7450624,5,0,0,5,0.0,0.0,1.0,0.0020291272085160017,0.4092744797468185,0.031559559796005485,-6.797550296783447,0.01949256603838876,0.02618231438100338,0.017362195998430252,0.03550902381539345,1.0
3639,7452672,6,0,0,6,0.0,0.0,1.0,0.0017721328418701886,0.44613790810108184,0.03425824008882046,-6.796811437606811,0.010850321408361197,0.026198720559477806,0.017315194010734558,0.035624224692583084,1.0
3640,7454720,7,0,0,7,0.0,0.0,1.0,0.002971678553149104,0.5627240985631943,0.034911567158997056,-6.798507523536682,0.013935491477604955,0.026172740384936333,0.017219845205545425,0.03560623154044151,1.0
3641,7456768,7,0,0,7,0.0,0.0,1.0,0.0006652555195614696,0.46505498737096784,0.03591520246118307,-6.807125473022461,0.00510935255442746,0.026075217872858047,0.01709764078259468,0.03548053279519081,1.0
3642,7458816,7,0,1,6,0.0,0.14285714285714285,0.8571428571428571,0.011689343070611358,1.8141603946685791,0.03822848331183195,-6.817605686187744,0.028285295597743242,0.026037927716970444,0.01703539304435253,0.03550005331635475,1.0
3643,7460864,3,0,0,3,0.0,0.0,1.0,0.014856267534196377,0.8281910002231598,0.0404267031699419,-6.820371437072754,0.030430610629264266,0.02603885345160961,0.017002049833536148,0.03554917871952057,1.0
3644,7462912,4,0,0,4,0.0,0.0,1.0,0.010597282741218805,0.4722309932112694,0.03763984926044941,-6.822213053703308,0.02989135991083458,0.026012873277068138,0.016997404396533966,0.0355185866355896,1.0
3645,7464960,4,0,0,4,0.0,0.0,1.0,0.002879758412018418,0.40376791208982465,0.0363857414573431,-6.824278473854065,0.018076964572537692,0.02600625716149807,0.016994260251522064,0.03552411496639252,1.0
3646,7467008,8,0,0,8,0.0,0.0,1.0,0.028287416137754918,0.4515548959374428,0.03308383412659168,-6.823806285858154,0.06693771001300775,0.026028521358966827,0.01700073666870594,0.03559083491563797,1.0
3647,7469056,6,0,0,6,0.0,0.0,1.0,-0.0021486002136953176,0.43869138807058333,0.036497555673122406,-6.822948360443116,0.013057871267665177,0.026010464876890182,0.017008187249302864,0.03553788363933563,1.0
3648,7471104,7,0,0,7,0.0,0.0,1.0,0.002482033520936966,0.5673117876052857,0.04359716549515724,-6.82596333026886,0.010465561423916369,0.025981483981013298,0.016938501968979836,0.03550514951348305,1.0
3649,7473152,4,0,1,3,0.0,0.25,0.75,-0.00047888324479572475,1.4086497396230697,0.03509876020252704,-6.829860353469849,0.019481218664441257,0.025968259200453758,0.016897473484277725,0.035549346357584,1.0
3650,7475200,5,0,0,5,0.0,0.0,1.0,0.001124631566926837,0.27231345549225805,0.03048902386799455,-6.833993053436279,0.01636934374109842,0.025932926684617996,0.016814958304166794,0.03557232394814491,1.0
3651,7477248,4,0,0,4,0.0,0.0,1.0,-0.0015974252950400115,0.16927934363484382,0.030249683372676372,-6.838438868522644,0.011086457606870681,0.025942262262105942,0.016752038151025772,0.03564857318997383,1.0
3652,7479296,7,0,1,6,0.0,0.14285714285714285,0.8571428571428571,0.006325913034379483,1.8981628000736237,0.03267821725457907,-6.835662889480591,0.043081233953125776,0.02600410394370556,0.0167579036206007,0.03572933003306389,1.0
3653,7481344,9,0,1,8,0.0,0.1111111111111111,0.8888888888888888,0.012089994945563376,2.1876061856746674,0.03247098084539175,-6.828677916526795,0.050765351217705756,0.02605382166802883,0.016797088086605072,0.0358334444463253,1.0
3654,7483392,7,0,0,7,0.0,0.0,1.0,0.00668683631811291,0.37916343510150907,0.03739542625844479,-6.825953626632691,0.016866611235309394,0.026072679087519646,0.01677897199988365,0.035947035998106,1.0
3655,7485440,3,0,0,3,0.0,0.0,1.0,0.0017003873363137245,0.5235568210482597,0.04247796274721623,-6.825607895851135,0.010079040983691811,0.026090843603014946,0.016765104606747627,0.036020826548337936,1.0
3656,7487488,3,0,0,3,0.0,0.0,1.0,0.004303568881005049,0.5889266937971115,0.04011175502091646,-6.828496599197388,0.009919249149970711,0.02604304812848568,0.0166483111679554,0.03603287786245346,1.0
3657,7489536,4,0,0,4,0.0,0.0,1.0,0.0021306157112121584,0.6829155594110489,0.039384490065276626,-6.840049862861633,0.00870174948940985,0.025898225605487823,0.016530698165297508,0.03575553745031357,1.0
3658,7491584,10,0,0,10,0.0,0.0,1.0,0.011465547047555447,0.5873765081167222,0.03935177065432072,-6.853586673736572,0.026361483620712535,0.025825409218668938,0.01651882193982601,0.035636890679597855,1.0
3659,7493632,6,0,0,6,0.0,0.0,1.0,0.0018096196698024869,0.4606289744377136,0.03158973418176174,-6.857245945930481,0.01442251967964694,0.025826092809438705,0.01653350330889225,0.03561849147081375,1.0
3660,7495680,6,0,0,6,0.0,0.0,1.0,0.0007489991374313831,0.2693152166903019,0.02913558725267649,-6.856556534767151,0.018729650718159973,0.025819789618253708,0.016497576609253883,0.03554616868495941,1.0
3661,7497728,4,0,0,4,0.0,0.0,1.0,-0.0014760132879018783,0.3533256515860558,0.02877564951777458,-6.85899248123169,0.013002982654143125,0.025782760232686996,0.016421422362327576,0.03547265753149986,1.0
3662,7499776,2,0,0,2,0.0,0.0,1.0,0.001866356236860156,0.37708993405103686,0.03167456490918994,-6.865722346305847,0.009822793374769389,0.025713568553328514,0.016364719718694687,0.035320866852998734,1.0
3663,7501824,5,0,0,5,0.0,0.0,1.0,0.004141010344028473,0.2509747691452503,0.03246911726891995,-6.872559857368469,0.017336449504364283,0.02566126361489296,0.016353627666831017,0.03519955277442932,1.0
3664,7503872,9,0,0,9,0.0,0.0,1.0,0.00590637675486505,0.1574618823826313,0.03231464959681034,-6.875710129737854,0.021067684656009077,0.02564409002661705,0.01638343371450901,0.03514109179377556,1.0
3665,7505920,6,0,0,6,0.0,0.0,1.0,0.00244361306540668,0.11844400428235531,0.030671799648553134,-6.877476000785828,0.025220184097997846,0.02559841237962246,0.016385262832045555,0.03509299084544182,1.0
3666,7507968,6,0,0,6,0.0,0.0,1.0,0.0004256045212969184,0.2545809619128704,0.029835415445268153,-6.880440664291382,0.01649549669236876,0.025614704936742783,0.016418682411313057,0.03514579311013222,1.0
3667,7510016,4,0,0,4,0.0,0.0,1.0,0.0040452722925692795,0.20243244096636773,0.031129482202231884,-6.87731192111969,0.011831086385063827,0.025633668527007103,0.01641887053847313,0.03525109216570854,1.0
3668,7512064,4,0,1,3,0.0,0.25,0.75,0.002869331161491573,1.7139464259147643,0.03525960873812437,-6.876991820335388,0.015549992094747722,0.02566654048860073,0.016400301828980446,0.03537042811512947,1.0
3669,7514112,6,0,0,6,0.0,0.0,1.0,0.00098234077449888,0.3469325378537178,0.03366629015654325,-6.872756052017212,0.017301160434726626,0.02570032700896263,0.016450678929686546,0.035397570580244064,1.0
3670,7516160,7,0,0,7,0.0,0.0,1.0,0.005054481024853885,0.41328856348991394,0.03445319198071957,-6.870865535736084,0.02647916580317542,0.025678079575300217,0.016474371775984764,0.035364460200071335,1.0
3671,7518208,7,0,1,6,0.0,0.14285714285714285,0.8571428571428571,-0.0005658122710883618,2.068711578845978,0.035331576876342294,-6.875109767913818,0.013055713329231366,0.025602012872695923,0.01648242585361004,0.03516829013824463,1.0
3672,7520256,5,0,0,5,0.0,0.0,1.0,0.011024330602958798,0.49088122248649596,0.035716485045850274,-6.880452013015747,0.017790705047082155,0.025568664073944092,0.0164943840354681,0.03501950949430466,1.0
3673,7522304,5,0,0,5,0.0,0.0,1.0,0.007992761628702282,0.6363740593194962,0.0345466885715723,-6.881657886505127,0.026039081742055714,0.025555899366736412,0.016461383551359177,0.0349591001868248,1.0
3674,7524352,3,0,0,3,0.0,0.0,1.0,0.002547425578814,0.733607730269432,0.035258125886321066,-6.882939171791077,0.008457032893784345,0.025533176958560944,0.016472753137350082,0.03484093025326729,1.0
3675,7526400,6,0,0,6,0.0,0.0,1.0,0.007728173932991922,0.503450234234333,0.03846847619861364,-6.886296534538269,0.01537623438052833,0.02547646127641201,0.016461554914712906,0.034754056483507156,1.0
3676,7528448,8,0,0,8,0.0,0.0,1.0,0.0035689241252839566,0.43959923684597013,0.038804462552070616,-6.8935647249221805,0.009088643820723519,0.025415271520614624,0.016461508348584175,0.03477787226438522,1.0
3677,7530496,7,0,0,7,0.0,0.0,1.0,-0.0008559406967833638,0.36115686148405074,0.035465032793581486,-6.898587393760681,0.016299189487472176,0.025393400341272354,0.016481339931488037,0.03475192189216614,1.0
3678,7532544,5,0,1,4,0.0,0.2,0.8,-0.001774613349698484,2.121763509511948,0.04055319465696812,-6.900621724128723,0.01994669728446752,0.025365792214870453,0.016460753977298737,0.03462650626897812,1.0
3679,7534592,4,0,0,4,0.0,0.0,1.0,0.012043706141412258,0.3885714873671532,0.036112170107662676,-6.901782393455505,0.027313110197428613,0.02536662295460701,0.016438227146863937,0.034634605050086975,1.0
3680,7536640,4,0,1,3,0.0,0.25,0.75,0.0202162864850834,2.183970409631729,0.040084675699472425,-6.901573657989502,0.051920244499342516,0.025376498699188232,0.016454054042696953,0.03462349995970726,1.0
3681,7538688,7,0,0,7,0.0,0.0,1.0,0.008122578030452132,0.29816424697637556,0.03446751143783331,-6.89926495552063,0.02165864164708182,0.025394055992364883,0.016444945707917213,0.03462131321430206,1.0
3682,7540736,8,0,0,8,0.0,0.0,1.0,0.0018368124729022384,0.30976961404085157,0.03272055685520172,-6.897927474975586,0.021200828661676496,0.02540791779756546,0.016427265480160713,0.03464077413082123,1.0
3683,7542784,5,0,0,5,0.0,0.0,1.0,0.0016442195628769696,0.45389709174633025,0.035407109186053276,-6.899435520172119,0.012183181592263281,0.025350159034132957,0.016443347558379173,0.0345890074968338,1.0
3684,7544832,5,0,1,4,0.0,0.2,0.8,0.0036604799330234527,1.3046117693185806,0.03386837188154459,-6.9075117111206055,0.02097321758046746,0.025289446115493774,0.016415808349847794,0.0345628559589386,1.0
3685,7546880,4,0,0,4,0.0,0.0,1.0,0.00020893707405775786,0.5853530108928681,0.03276744019240141,-6.912894749641419,0.018064267095178367,0.025266414508223534,0.01637258008122444,0.034523021429777145,1.0
3686,7548928,5,0,0,5,0.0,0.0,1.0,0.00468447309685871,0.3469590276479721,0.03177486155182123,-6.914900445938111,0.01367171730962582,0.025261161848902702,0.016351662576198578,0.0345340333878994,1.0
3687,7550976,6,0,0,6,0.0,0.0,1.0,0.0026667775120586155,0.3797899320721626,0.03489896729588508,-6.915308570861816,0.019087505363859236,0.025265518575906754,0.016353540122509003,0.03454763814806938,1.0
3688,7553024,9,0,1,8,0.0,0.1111111111111111,0.8888888888888888,-0.00046583926305174825,1.8441588222980498,0.035231351107358935,-6.915596461296081,0.017367084301076828,0.025259878486394882,0.016349220648407936,0.0345834456384182,1.0
3689,7555072,6,0,1,5,0.0,0.16666666666666666,0.8333333333333334,0.0028452398255467415,2.067085886001587,0.03318794071674347,-6.916145896911621,0.023733627534238622,0.025268396362662315,0.016343656927347183,0.03464559093117714,1.0
3690,7557120,6,0,0,6,0.0,0.0,1.0,0.002500365022569895,0.4997251138091087,0.030860293377190828,-6.916511487960816,0.01462632830371149,0.025257688015699387,0.016335686668753624,0.03461858257651329,1.0
3691,7559168,2,0,0,2,0.0,0.0,1.0,0.0011487586656585337,0.38308668285608294,0.03640907797962427,-6.918201541900634,0.012685986631549896,0.025236770510673523,0.01629004254937172,0.03454723581671715,1.0
3692,7561216,5,0,1,4,0.0,0.2,0.8,0.0002456805435940623,1.4532080709934234,0.04067276772111654,-6.920426201820374,0.012127867410890758,0.02523835003376007,0.01624053530395031,0.03453480079770088,1.0
3693,7563264,8,0,0,8,0.0,0.0,1.0,0.025979932863265276,0.5378132402896881,0.04340240433812141,-6.920946097373962,0.037322558904998006,0.02522887848317623,0.016234278678894043,0.034522224217653275,1.0
3694,7565312,7,0,0,7,0.0,0.0,1.0,0.01489043957553804,0.5399946659803391,0.042535191588103774,-6.922610259056091,0.026566463941708206,0.025210198014974594,0.016246546059846878,0.03448527678847313,1.0
3695,7567360,6,0,0,6,0.0,0.0,1.0,0.00221572401933372,0.3148964121937752,0.04275103416293859,-6.922772598266602,0.016686936176847668,0.025221873074769974,0.01622777059674263,0.03447188809514046,1.0
3696,7569408,6,0,1,5,0.0,0.16666666666666666,0.8333333333333334,0.0030052078887820243,2.161565124988556,0.04760943353176117,-6.9229775190353395,0.017887309403158726,0.02518760785460472,0.016218479722738266,0.03438645973801613,1.0
3697,7571456,3,0,1,2,0.0,0.3333333333333333,0.6666666666666666,0.0036212137434631585,1.4017651796340942,0.04148745015263557,-6.928916549682617,0.03279716004035436,0.025125950574874878,0.01619216799736023,0.034281175583601,1.0
3698,7573504,5,0,0,5,0.0,0.0,1.0,0.018332825042307377,0.500148332118988,0.04436344075948,-6.932901096343994,0.03329366543330252,0.025129206478595734,0.016168637201189995,0.03429201990365982,1.0
3699,7575552,8,0,1,7,0.0,0.125,0.875,-0.0005560646997764707,2.305975580215454,0.050763018615543845,-6.932940077781677,0.019680088537279518,0.025105468928813934,0.01615293137729168,0.034167852252721786,1.0
3700,7577600,5,0,0,5,0.0,0.0,1.0,0.002312831813469529,0.6499207556247711,0.03955396711826324,-6.9352034568786625,0.013770854892209172,0.025088053196668625,0.016144022345542908,0.034073758870363235,1.0
3701,7579648,8,0,2,6,0.0,0.25,0.75,0.006298109563067556,3.4677443504333496,0.046672336384654046,-6.933920192718506,0.05400887812720612,0.02512149140238762,0.01617470383644104,0.03413249924778938,1.0
3702,7581696,7,0,1,6,0.0,0.14285714285714285,0.8571428571428571,-0.0013810702366754413,1.8377925515174867,0.04199464172124863,-6.930700087547303,0.01926923869177699,0.025141149759292603,0.016150319948792458,0.034190766513347626,1.0
3703,7583744,4,0,1,3,0.0,0.25,0.75,0.004005193943157792,1.9981582641601563,0.04035926908254624,-6.929786252975464,0.02271000953624025,0.0251570176333189,0.016174040734767914,0.03421792387962341,1.0
3704,7585792,6,0,2,4,0.0,0.3333333333333333,0.6666666666666666,-0.0004611910786479712,3.3961596369743345,0.044800772331655025,-6.926384663581848,0.01893428242765367,0.025181010365486145,0.016240481287240982,0.034278903156518936,1.0
3705,7587840,5,0,0,5,0.0,0.0,1.0,0.006161725148558617,0.3948918491601944,0.035789329558610916,-6.924104928970337,0.016145038430113345,0.02518041990697384,0.016280900686979294,0.034272700548172,1.0
3706,7589888,4,0,0,4,0.0,0.0,1.0,0.016942233964800834,0.6217963874340058,0.037862404063344,-6.923356199264527,0.0392585099383723,0.025182168930768967,0.016295300796628,0.03429560363292694,1.0
3707,7591936,8,0,1,7,0.0,0.125,0.875,0.003210688638500869,1.2991860419511796,0.03741708621382713,-6.921478199958801,0.018408053007442506,0.025226792320609093,0.016310615465044975,0.03435974940657616,1.0
3708,7593984,8,0,2,6,0.0,0.25,0.75,-0.0008243164047598839,3.073375606536865,0.037377312406897546,-6.914566707611084,0.025048050051555037,0.02529461681842804,0.016342315822839737,0.03438441827893257,1.0
3709,7596032,6,0,0,6,0.0,0.0,1.0,0.004078136663883925,0.6971558719873429,0.03902554847300053,-6.908572387695313,0.015488687320612371,0.02530907653272152,0.01634913682937622,0.034404002130031586,1.0
3710,7598080,5,0,1,4,0.0,0.2,0.8,0.0013240120373666287,2.093865102529526,0.05003578271716833,-6.908326172828675,0.02167330587981269,0.025314686819911003,0.01635422743856907,0.034440793097019196,1.0
3711,7600128,3,0,0,3,0.0,0.0,1.0,0.0023711239220574496,0.729143100976944,0.048531153611838816,-6.908383536338806,0.006650995864765719,0.025284400209784508,0.01634964346885681,0.034296583384275436,1.0
3712,7602176,4,0,0,4,0.0,0.0,1.0,0.011208803846966476,0.8433326303958892,0.045577903464436534,-6.91141254901886,0.02144098103744909,0.02526497095823288,0.016334228217601776,0.034225109964609146,1.0
3713,7604224,9,0,0,9,0.0,0.0,1.0,0.00020107661839574575,0.5479623168706894,0.037873131595551966,-6.914620280265808,0.015019337192643433,0.02520579658448696,0.016303064301609993,0.03411006182432175,1.0
3714,7606272,6,0,1,5,0.0,0.16666666666666666,0.8333333333333334,0.006681265728548169,1.8289349317550658,0.03462399803102016,-6.9205087423324585,0.02851656001294032,0.02517062984406948,0.0162702314555645,0.03403736278414726,1.0
3715,7608320,7,0,1,6,0.0,0.14285714285714285,0.8571428571428571,0.005094782100059092,1.8626722335815429,0.042233718931674956,-6.921693205833435,0.02798394176643342,0.02519107423722744,0.01631098985671997,0.034096647053956985,1.0
3716,7610368,6,0,1,5,0.0,0.16666666666666666,0.8333333333333334,0.022927808109670877,2.3763154983520507,0.04216320514678955,-6.9186320304870605,0.045478948985692116,0.02520163357257843,0.016323227435350418,0.03405587747693062,1.0
3717,7612416,3,0,0,3,0.0,0.0,1.0,0.003861018968746066,0.6833055734634399,0.04164607543498278,-6.917902588844299,0.010545530787203461,0.025193210691213608,0.016345800831913948,0.03397137671709061,1.0
3718,7614464,5,0,1,4,0.0,0.2,0.8,9.80426324531436e-05,2.1350761115550996,0.054164210334420204,-6.9170986890792845,0.009004406991880386,0.025198375806212425,0.016400372609496117,0.033998649567365646,1.0
3719,7616512,8,0,0,8,0.0,0.0,1.0,0.001133137010037899,0.8896949350833893,0.04501680787652731,-6.916974425315857,0.012338486744556575,0.02518225461244583,0.01636933907866478,0.034014273434877396,1.0
3720,7618560,4,0,0,4,0.0,0.0,1.0,-0.0017409438500180841,0.4935444548726082,0.036541787721216676,-6.920756578445435,0.011743310873862356,0.025151148438453674,0.016304317861795425,0.03397715464234352,1.0
3721,7620608,8,0,0,8,0.0,0.0,1.0,0.00044030286371707914,0.46574627310037614,0.03787635304033756,-6.925293970108032,0.02104050148045644,0.025125985965132713,0.01627972163259983,0.033940259367227554,1.0
3722,7622656,6,0,2,4,0.0,0.3333333333333333,0.6666666666666666,-0.001440321037080139,3.213124322891235,0.04380156975239515,-6.9254563331604,0.02320501287467778,0.02514607273042202,0.016312552616000175,0.03384815901517868,1.0
3723,7624704,5,0,1,4,0.0,0.2,0.8,0.005287800496444106,1.8059408366680145,0.03833929039537907,-6.921485948562622,0.02808808855479583,0.025154724717140198,0.01632450520992279,0.03383928909897804,1.0
3724,7626752,5,0,0,5,0.0,0.0,1.0,0.0026680857874453066,0.4745040774345398,0.03460652008652687,-6.920568108558655,0.020275709667475893,0.02515842579305172,0.016373898833990097,0.03381374850869179,1.0
3725,7628800,7,0,1,6,0.0,0.14285714285714285,0.8571428571428571,0.008121183374896646,1.5992621183395386,0.03738288655877113,-6.917456126213073,0.03011684042867273,0.025193754583597183,0.016421429812908173,0.03384355828166008,1.0
3726,7630848,4,0,0,4,0.0,0.0,1.0,0.009675775282084942,0.48706204891204835,0.04023519903421402,-6.911491179466248,0.029936854355037214,0.02523442730307579,0.01650424860417843,0.033880703151226044,1.0
3727,7632896,6,0,0,6,0.0,0.0,1.0,0.007963308715261519,0.6942104935646057,0.04579258970916271,-6.90685670375824,0.021250319574028252,0.02523215115070343,0.016577640548348427,0.03374532610177994,1.0
3728,7634944,5,0,0,5,0.0,0.0,1.0,0.005433070473372936,0.5768112182617188,0.04513226170092821,-6.906260871887207,0.014484697073930875,0.025196664035320282,0.016630124300718307,0.03356890007853508,1.0
3729,7636992,6,0,0,6,0.0,0.0,1.0,0.010835363157093525,0.6215962558984757,0.03976120296865702,-6.908128547668457,0.021914819540688767,0.025177277624607086,0.01663321815431118,0.03349138796329498,1.0
3730,7639040,9,0,2,7,0.0,0.2222222222222222,0.7777777777777778,0.003567915060557425,3.3152992606163023,0.04555328190326691,-6.909816098213196,0.0216660950682126,0.025162458419799805,0.016586899757385254,0.03349661827087402,1.0
3731,7641088,5,0,1,4,0.0,0.2,0.8,-0.0017793848644942045,1.1194601088762284,0.03353409301489592,-6.911511540412903,0.01991631629643962,0.025184854865074158,0.016564175486564636,0.03358558937907219,1.0
3732,7643136,4,0,0,4,0.0,0.0,1.0,0.004120655776932836,0.506077054142952,0.03377258125692606,-6.910896754264831,0.014009541249834001,0.025169890373945236,0.016528788954019547,0.033587999641895294,1.0
3733,7645184,5,0,0,5,0.0,0.0,1.0,0.0005513537675142288,0.5191947966814041,0.03854744751006365,-6.9132789134979244,0.017726074485108257,0.025165975093841553,0.016532739624381065,0.03358284384012222,1.0
3734,7647232,6,0,0,6,0.0,0.0,1.0,0.01841338244266808,0.645852318406105,0.04110239576548338,-6.912341928482055,0.0283515436691232,0.025191981345415115,0.016503557562828064,0.03362955525517464,1.0
3735,7649280,3,0,0,3,0.0,0.0,1.0,0.006456938851624727,0.5955132603645324,0.04343463256955147,-6.913791632652282,0.014430210564751179,0.025131013244390488,0.016480162739753723,0.03354455530643463,1.0
3736,7651328,11,0,0,11,0.0,0.0,1.0,0.00233196159824729,0.4875994473695755,0.04257560689002275,-6.920376873016357,0.01370018048910424,0.025105169042944908,0.016447629779577255,0.03348211571574211,1.0
3737,7653376,4,0,0,4,0.0,0.0,1.0,0.0018595685018226505,0.40745820552110673,0.03137963395565748,-6.922005677223206,0.010878781345672906,0.02507966384291649,0.016437169164419174,0.033451493829488754,1.0
3738,7655424,7,0,1,6,0.0,0.14285714285714285,0.8571428571428571,0.0009907947853207589,2.2843932509422302,0.04096337426453829,-6.924541878700256,0.014182862022425979,0.025068290531635284,0.016445282846689224,0.033404599875211716,1.0
3739,7657472,4,0,0,4,0.0,0.0,1.0,0.003652358043473214,0.4416282445192337,0.039419728145003316,-6.922948980331421,0.010019423573976383,0.025093194097280502,0.016487793996930122,0.03334895893931389,1.0
3740,7659520,4,0,0,4,0.0,0.0,1.0,0.002305609406903386,0.3743869051337242,0.03887528795748949,-6.919710946083069,0.013100040348945186,0.02509409934282303,0.016475414857268333,0.03345664590597153,1.0
3741,7661568,3,0,0,3,0.0,0.0,1.0,0.0007842703722417355,0.267782848328352,0.03396525681018829,-6.927262139320374,0.017471378814661875,0.02498549222946167,0.01640976592898369,0.03328757360577583,1.0
3742,7663616,10,0,0,10,0.0,0.0,1.0,0.008633056795224548,0.23035105988383292,0.03457233943045139,-6.936599564552307,0.029149919841438533,0.024963952600955963,0.016366468742489815,0.03325740993022919,1.0
3743,7665664,6,0,0,6,0.0,0.0,1.0,0.00033521135337650777,0.38898721188306806,0.0369597340002656,-6.936002969741821,0.013669434539042413,0.02497241459786892,0.016412319615483284,0.03318006545305252,1.0
3744,7667712,7,0,1,6,0.0,0.14285714285714285,0.8571428571428571,0.0034775643842294814,1.4697068840265275,0.04148383233696222,-6.933665251731872,0.022540927655063568,0.024981027469038963,0.016446609050035477,0.033177975565195084,1.0
3745,7669760,4,0,0,4,0.0,0.0,1.0,0.011996656307019293,0.5068375200033188,0.038110068440437316,-6.93389196395874,0.026395986834540964,0.02496594563126564,0.016438119113445282,0.03320746496319771,1.0
3746,7671808,4,0,0,4,0.0,0.0,1.0,0.0002660403493791819,0.4650755912065506,0.038073401898145676,-6.9373469114303585,0.021245237125549467,0.02492630109190941,0.016408022493124008,0.03319001570343971,1.0
3747,7673856,3,0,0,3,0.0,0.0,1.0,0.01755699757486582,0.5257604122161865,0.039034988917410376,-6.941632390022278,0.03349554871674627,0.024921536445617676,0.016365250572562218,0.03321462124586105,1.0
3748,7675904,8,0,0,8,0.0,0.0,1.0,0.0012087003327906133,0.68789544403553,0.040793529525399205,-6.943216586112976,0.008256947639165447,0.024895939975976944,0.01633942499756813,0.03319575637578964,1.0
3749,7677952,7,0,0,7,0.0,0.0,1.0,0.0047456457046791915,0.6050856202840805,0.042266590893268584,-6.947585344314575,0.01248491257429123,0.02486400678753853,0.016315197572112083,0.03322593867778778,1.0
3750,7680000,8,0,1,7,0.0,0.125,0.875,0.0007125180447474122,2.2833140194416046,0.04821843784302473,-6.951634764671326,0.014058254263363778,0.024847321212291718,0.01631813868880272,0.03327813744544983,1.0
3751,7682048,3,0,0,3,0.0,0.0,1.0,0.009247353218961507,0.5213192373514175,0.042954874038696286,-6.952737212181091,0.028386435605352745,0.024836760014295578,0.016367826610803604,0.03328322991728783,1.0
3752,7684096,4,0,0,4,0.0,0.0,1.0,0.005079820659011603,0.7683782935142517,0.048361490666866305,-6.952754878997803,0.01400173488073051,0.024830177426338196,0.016390522941946983,0.03324565291404724,1.0
3753,7686144,5,0,1,4,0.0,0.2,0.8,0.0019136966206133366,2.3225182950496674,0.047370211035013196,-6.953479170799255,0.015475095238070936,0.02481788769364357,0.0163597259670496,0.033212658017873764,1.0
3754,7688192,9,0,1,8,0.0,0.1111111111111111,0.8888888888888888,0.0036912716925144194,2.10337096452713,0.0424930538982153,-6.954507327079773,0.025728778820484875,0.024831583723425865,0.016352230682969093,0.033293500542640686,1.0
3755,7690240,5,0,0,5,0.0,0.0,1.0,0.007542648911476135,0.4342283993959427,0.034980414994060995,-6.952381014823914,0.019665547646582127,0.024859493598341942,0.016380028799176216,0.03337309882044792,1.0
3756,7692288,7,0,0,7,0.0,0.0,1.0,0.01753316489048302,0.652818477153778,0.041360436193645,-6.950003528594971,0.038190204702550544,0.024870997294783592,0.016392726451158524,0.03341178968548775,1.0
3757,7694336,3,0,0,3,0.0,0.0,1.0,0.0057073997799307104,0.7513192176818848,0.043393428437411785,-6.949853873252868,0.009875693905632943,0.024855326861143112,0.016414862126111984,0.03336930274963379,1.0
3758,7696384,3,0,0,3,0.0,0.0,1.0,0.008071224112063647,0.5895727336406708,0.04319156538695097,-6.949646759033203,0.012573321332456543,0.024868831038475037,0.016448279842734337,0.033378977328538895,1.0
3759,7698432,5,0,0,5,0.0,0.0,1.0,0.003690965985879302,0.5104866921901703,0.0413032466545701,-6.947591352462768,0.016484296508133413,0.0248650461435318,0.016497230157256126,0.03333058953285217,1.0
3760,7700480,9,0,0,9,0.0,0.0,1.0,0.002129834285005927,0.3784833297133446,0.03437646050006151,-6.9483129501342775,0.013004854938481003,0.024835430085659027,0.016521185636520386,0.03326385095715523,1.0
3761,7702528,7,0,1,6,0.0,0.14285714285714285,0.8571428571428571,-0.0016754473093897105,1.9517951786518097,0.037493574991822244,-6.951488518714905,0.021607436588965356,0.02483067475259304,0.016423450782895088,0.03341421112418175,1.0
3762,7704576,7,0,1,6,0.0,0.14285714285714285,0.8571428571428571,0.0034421851160004735,2.0662876784801485,0.03944655060768128,-6.958553457260132,0.019741009484278038,0.024732625111937523,0.01634848862886429,0.03327835351228714,1.0
3763,7706624,3,0,0,3,0.0,0.0,1.0,0.006504986248910427,0.4382789462804794,0.04009169805794954,-6.970588564872742,0.01711463599931449,0.02465227246284485,0.016287796199321747,0.033185191452503204,1.0
3764,7708672,3,0,0,3,0.0,0.0,1.0,0.003318312740884721,0.6742466747760772,0.050784862227737905,-6.979883289337158,0.016082779970020056,0.024588778614997864,0.016306672245264053,0.03314051032066345,1.0
3765,7710720,8,0,2,6,0.0,0.25,0.75,-0.0037450646515935658,2.5025256156921385,0.04913143664598465,-6.982589650154114,0.01554764321190305,0.024594036862254143,0.016363587230443954,0.033138591796159744,1.0
3766,7712768,8,0,1,7,0.0,0.125,0.875,-0.0011800236185081302,1.9746037662029265,0.042527107521891594,-6.9795592546463014,0.013833224965492264,0.024606436491012573,0.01642478257417679,0.033143963664770126,1.0
3767,7714816,6,0,0,6,0.0,0.0,1.0,0.009779258701018988,0.3348060503602028,0.04007560759782791,-6.976010036468506,0.03644419698393904,0.024646654725074768,0.016497215256094933,0.033259522169828415,1.0
3768,7716864,5,0,0,5,0.0,0.0,1.0,0.002333022770471871,0.45039786249399183,0.03904142566025257,-6.976665616035461,0.014269088162109256,0.02460484579205513,0.01643083058297634,0.03335605189204216,1.0
3769,7718912,5,0,1,4,0.0,0.2,0.8,0.004621824668720365,2.0647397935390472,0.045553247630596164,-6.984483432769776,0.016229238989762963,0.024540401995182037,0.016396205872297287,0.03326406329870224,1.0
3770,7720960,3,0,0,3,0.0,0.0,1.0,0.007099886750802397,0.49406934827566146,0.041347401589155196,-6.991125893592835,0.019793642737204208,0.02449723146855831,0.01638328656554222,0.03320477157831192,1.0
3771,7723008,8,0,0,8,0.0,0.0,1.0,0.013652577600441872,0.5407108038663864,0.03809075728058815,-6.99460244178772,0.02427778331330046,0.02448268048465252,0.016362830996513367,0.033193714916706085,1.0
3772,7725056,7,0,0,7,0.0,0.0,1.0,0.00099498622585088,0.435864283144474,0.03878663219511509,-6.996853017807007,0.007762790768174455,0.024455275386571884,0.016362035647034645,0.03313608467578888,1.0
3773,7727104,7,0,0,7,0.0,0.0,1.0,0.0018379531800746917,0.5339995265007019,0.03356191981583834,-6.9963071823120115,0.0077469401294365525,0.024499988183379173,0.01638614572584629,0.0331500880420208,1.0
3774,7729152,3,0,0,3,0.0,0.0,1.0,0.0005839023506268859,0.4837313383817673,0.03271147329360247,-6.992175626754761,0.013143389357719571,0.02448735013604164,0.016359422355890274,0.03313523903489113,1.0
3775,7731200,4,0,0,4,0.0,0.0,1.0,0.003375032148323953,0.25079301446676255,0.032843989320099354,-6.99660427570343,0.01828765659010969,0.0244585033506155,0.01632086932659149,0.03310491144657135,1.0
3776,7733248,3,0,0,3,0.0,0.0,1.0,0.0021143909078091385,0.2833597347140312,0.03377894666045904,-6.999227547645569,0.014040186017518863,0.02444789558649063,0.01631355471909046,0.033085841685533524,1.0
3777,7735296,9,0,0,9,0.0,0.0,1.0,0.005466706538572908,0.3115496799349785,0.03941118009388447,-6.9993573188781735,0.01921662609092891,0.024454724043607712,0.01632925309240818,0.03312377259135246,1.0
3778,7737344,8,0,0,8,0.0,0.0,1.0,0.007457361835986376,0.40811006128787997,0.03634829521179199,-6.998181104660034,0.01590454633696936,0.02447139099240303,0.016294438391923904,0.033148545771837234,1.0
3779,7739392,5,0,0,5,0.0,0.0,1.0,0.0013225721661001444,0.4414414957165718,0.0378847798332572,-7.000510215759277,0.012582039134576917,0.02442093752324581,0.016215911135077477,0.03312772884964943,1.0
3780,7741440,6,0,1,5,0.0,0.16666666666666666,0.8333333333333334,-0.0025572146754711867,1.9215547889471054,0.045089536160230634,-7.00753231048584,0.012651914230082184,0.02441023848950863,0.01619388908147812,0.03318221494555473,1.0
3781,7743488,2,0,0,2,0.0,0.0,1.0,0.003261408628895879,0.5152090489864349,0.045716036669909955,-7.0089031457901,0.021673022635513916,0.024412326514720917,0.016115695238113403,0.03331490606069565,1.0
3782,7745536,5,0,1,4,0.0,0.2,0.8,-0.0003316383110359311,1.1366608440876007,0.045699447579681876,-7.012415599822998,0.025018318416550757,0.02440796047449112,0.016055943444371223,0.033389829099178314,1.0
3783,7747584,7,0,0,7,0.0,0.0,1.0,0.0065403450047597286,0.45574579387903214,0.041293395310640336,-7.014709448814392,0.015760279516689478,0.024381009861826897,0.016026441007852554,0.03334658965468407,1.0
3784,7749632,8,0,0,8,0.0,0.0,1.0,0.009467936120927334,0.29387307316064837,0.032958316616714,-7.016509771347046,0.030394628050271422,0.024393394589424133,0.016049344092607498,0.03332436829805374,1.0
3785,7751680,6,0,0,6,0.0,0.0,1.0,0.0023592010140419005,0.6965729653835296,0.04074762631207705,-7.013373947143554,0.009759832505369558,0.024400433525443077,0.01605517789721489,0.033320944756269455,1.0
3786,7753728,4,0,0,4,0.0,0.0,1.0,0.00294473678804934,0.8528006255626679,0.04644003622233868,-7.014763879776001,0.011328952811891214,0.02437848411500454,0.016007911413908005,0.033278319984674454,1.0
3787,7755776,3,0,0,3,0.0,0.0,1.0,0.0050355722196400166,0.5292697012424469,0.04384272824972868,-7.015950727462768,0.016534041234990582,0.02440609037876129,0.015987705439329147,0.03334254398941994,1.0
3788,7757824,7,0,0,7,0.0,0.0,1.0,0.008259386243298649,0.4052081033587456,0.04196177963167429,-7.015460133552551,0.017348918120842428,0.024382878094911575,0.015971116721630096,0.03337825462222099,1.0
3789,7759872,6,0,0,6,0.0,0.0,1.0,0.005639854562468826,0.2612264759838581,0.03851844314485788,-7.0193202018737795,0.022355830983724446,0.024373557418584824,0.0159964207559824,0.033420730382204056,1.0
3790,7761920,7,0,0,7,0.0,0.0,1.0,-0.002194628398865461,0.43322368115186694,0.03936079405248165,-7.017816329002381,0.0065241045493166895,0.02441021427512169,0.015992706641554832,0.033552128821611404,1.0
3791,7763968,7,0,1,6,0.0,0.14285714285714285,0.8571428571428571,0.0006996495183557272,2.2365623354911803,0.041913810186088085,-7.013886570930481,0.02286007530638017,0.024467971175909042,0.016007354483008385,0.033718038350343704,1.0
3792,7766016,3,0,0,3,0.0,0.0,1.0,0.0005850906018167734,0.4911338910460472,0.03611636515706777,-7.008059453964234,0.01709778532385826,0.02450510859489441,0.016077417880296707,0.03376409411430359,1.0
3793,7768064,3,0,0,3,0.0,0.0,1.0,-0.001014711707830429,0.5148914903402328,0.04023611210286617,-7.003994059562683,0.01617910823551938,0.02452274225652218,0.01611967571079731,0.03378341719508171,1.0
3794,7770112,7,0,1,6,0.0,0.14285714285714285,0.8571428571428571,0.0030404997523874044,1.4670384734869004,0.03988889772444963,-7.000808930397033,0.03122618088964373,0.024538639932870865,0.016162622720003128,0.03374886512756348,1.0
3795,7772160,8,0,0,8,0.0,0.0,1.0,0.009240362490527333,0.358146159350872,0.0390443217009306,-6.9991905927658085,0.022589445265475662,0.024533096700906754,0.016157977283000946,0.03373837471008301,1.0
3796,7774208,6,0,1,5,0.0,0.16666666666666666,0.8333333333333334,-0.002279601222835481,0.63859021961689,0.03821957893669605,-7.001472163200378,0.019655183888971806,0.02450556866824627,0.016153845936059952,0.03368581086397171,1.0
3797,7776256,7,0,1,6,0.0,0.14285714285714285,0.8571428571428571,-0.0036532934522256256,2.272973269224167,0.047661905735731126,-7.003499174118042,0.0179115996346809,0.024479970335960388,0.01618526689708233,0.033637166023254395,1.0
3798,7778304,3,0,0,3,0.0,0.0,1.0,0.004256541188806295,0.3641940250992775,0.04568144325166941,-7.005277228355408,0.012829190597403794,0.024476751685142517,0.016151390969753265,0.033650271594524384,1.0
3799,7780352,3,0,0,3,0.0,0.0,1.0,-2.031130716204643e-05,0.36641492396593095,0.04690013099461794,-7.005129480361939,0.013024736230727285,0.02451654151082039,0.01613744907081127,0.03373022750020027,1.0
3800,7782400,7,0,0,7,0.0,0.0,1.0,0.004573982302099466,0.5345772117376327,0.044138279557228086,-6.997746539115906,0.019497930037323384,0.024596279487013817,0.016194306313991547,0.03390291705727577,1.0
3801,7784448,9,0,1,8,0.0,0.1111111111111111,0.8888888888888888,-0.00372996695805341,0.8682810246944428,0.04098787270486355,-6.99089503288269,0.028724827466066926,0.02463175356388092,0.016229728236794472,0.033983148634433746,1.0
3802,7786496,4,0,0,4,0.0,0.0,1.0,0.003197399084456265,0.39209364652633666,0.04020800963044167,-6.986644577980042,0.021993172250222414,0.02468378096818924,0.01625741831958294,0.03408394381403923,1.0
3803,7788544,7,0,0,7,0.0,0.0,1.0,1.2426194734871387e-05,0.44655241519212724,0.03923292178660631,-6.981493043899536,0.026098271558294073,0.02470841072499752,0.0162384994328022,0.0341397263109684,1.0
3804,7790592,2,0,0,2,0.0,0.0,1.0,0.002505433838814497,0.47982119023799896,0.04335367921739817,-6.983015704154968,0.011612094787415117,0.02467847429215908,0.016171157360076904,0.03411703184247017,1.0
3805,7792640,5,0,1,4,0.0,0.2,0.8,0.00904938466846943,2.260194593667984,0.04254430811852217,-6.986010193824768,0.03161521158181131,0.024695873260498047,0.01613680273294449,0.034197524189949036,1.0
3806,7794688,8,0,0,8,0.0,0.0,1.0,0.0009618135169148445,0.15761684849858285,0.03380771353840828,-6.98725392818451,0.008225135813700036,0.024660833179950714,0.016083337366580963,0.034167442470788956,1.0
3807,7796736,7,0,0,7,0.0,0.0,1.0,0.002869453793391585,0.34620125889778136,0.034821960516273974,-6.992071104049683,0.014989048324059695,0.024646729230880737,0.016073033213615417,0.034146931022405624,1.0
3808,7798784,4,0,1,3,0.0,0.25,0.75,0.001476885937154293,2.1521292984485627,0.03723498582839966,-6.991145730018616,0.025120492518180982,0.024669064208865166,0.016076374799013138,0.03416043147444725,1.0
3809,7800832,8,0,1,7,0.0,0.125,0.875,0.0012994309654459357,1.4787354290485382,0.035346665605902675,-6.991555643081665,0.04772063307464123,0.02463318221271038,0.01603046804666519,0.03414403274655342,1.0
3810,7802880,4,0,1,3,0.0,0.25,0.75,-0.0010843926575034857,2.027797508239746,0.03649408016353846,-6.995728754997254,0.02458722876617685,0.024621857330203056,0.016019823029637337,0.034061990678310394,1.0
3811,7804928,5,0,0,5,0.0,0.0,1.0,0.002383468276821077,0.23573364764451982,0.03771443944424391,-6.994362545013428,0.0172107977909036,0.024645935744047165,0.016000380739569664,0.03408350422978401,1.0
3812,7806976,7,0,1,6,0.0,0.14285714285714285,0.8571428571428571,0.004938475810922683,1.704456979036331,0.03705362398177385,-6.990073728561401,0.020419926359318198,0.02471500262618065,0.015978597104549408,0.034213289618492126,1.0
3813,7809024,8,0,0,8,0.0,0.0,1.0,0.003994174837134779,0.33087130039930346,0.03974024523049593,-6.984500622749328,0.028608538472326472,0.024757839739322662,0.01595865562558174,0.03434205427765846,1.0
3814,7811072,4,0,0,4,0.0,0.0,1.0,0.005525133316405117,0.24617458060383796,0.03454363644123078,-6.98397171497345,0.01777799348346889,0.024752043187618256,0.015942348167300224,0.03441581502556801,1.0
3815,7813120,5,0,0,5,0.0,0.0,1.0,0.0014845382189378141,0.13071612119674683,0.0294353224337101,-6.984710788726806,0.014758006110787392,0.024761345237493515,0.015990182757377625,0.03440270572900772,1.0
3816,7815168,3,0,0,3,0.0,0.0,1.0,-0.0011086313519626857,0.3281917467713356,0.034649277664721014,-6.983128929138184,0.010463219357188792,0.024734999984502792,0.016024606302380562,0.034356482326984406,1.0
3817,7817216,5,0,0,5,0.0,0.0,1.0,0.005661684786900878,0.5013960704207421,0.038031494989991185,-6.98643205165863,0.014255544723710045,0.024714291095733643,0.016001127660274506,0.034379370510578156,1.0
3818,7819264,7,0,0,7,0.0,0.0,1.0,-0.00044123348779976366,0.45451668947935103,0.036977624706923964,-6.990706849098205,0.01642541813198477,0.02466927282512188,0.015938326716423035,0.03429087623953819,1.0
3819,7821312,8,0,0,8,0.0,0.0,1.0,0.004363769432529807,0.476885674893856,0.03551515135914087,-6.992613196372986,0.014591571252094582,0.024711526930332184,0.01596180722117424,0.03435120731592178,1.0
3820,7823360,6,0,0,6,0.0,0.0,1.0,0.0018884833203628658,0.2859670229256153,0.03565597217530012,-6.989084148406983,0.018438634136691688,0.024705085903406143,0.015906916931271553,0.03438554331660271,1.0
3821,7825408,4,0,1,3,0.0,0.25,0.75,0.007517632469534874,2.3625203371047974,0.03996410556137562,-6.993073463439941,0.03450573447044007,0.024684211239218712,0.015878718346357346,0.03435955569148064,1.0
3822,7827456,4,0,0,4,0.0,0.0,1.0,-0.00030608184169977903,0.3563185229897499,0.03914410099387169,-6.995009708404541,0.011769874213496224,0.024683527648448944,0.01586463302373886,0.03442351892590523,1.0
3823,7829504,8,0,1,7,0.0,0.125,0.875,0.00243935901671648,2.2238399207592012,0.04153672344982624,-6.997436499595642,0.014677459141239524,0.02465902268886566,0.01583646424114704,0.03447851166129112,1.0
3824,7831552,4,0,0,4,0.0,0.0,1.0,0.003390059224329889,0.33538839817047117,0.03434324320405722,-7.00194525718689,0.016132534004282207,0.02462557703256607,0.015842143446207047,0.03443992882966995,1.0
3825,7833600,7,0,0,7,0.0,0.0,1.0,0.00099901151843369,0.2549731120467186,0.03298139702528715,-7.002415776252747,0.013550796237541362,0.024657776579260826,0.015851210802793503,0.03451838716864586,1.0
3826,7835648,5,0,0,5,0.0,0.0,1.0,0.005300538963638246,0.637038579583168,0.040116187930107114,-6.9961449146270756,0.017483994422946125,0.02473873272538185,0.015895748510956764,0.034714724868535995,1.0
3827,7837696,4,0,0,4,0.0,0.0,1.0,0.009270195825956761,0.5266414314508439,0.04668044447898865,-6.988859844207764,0.015172546880785375,0.024775434285402298,0.0159384123980999,0.03474121913313866,1.0
3828,7839744,4,0,0,4,0.0,0.0,1.0,0.0023984805913642047,0.668941804766655,0.046101796068251134,-6.984988856315613,0.012319663673406468,0.024782191962003708,0.015996696427464485,0.034604329615831375,1.0
3829,7841792,8,0,0,8,0.0,0.0,1.0,0.01223755581304431,0.3316744968295097,0.04080118611454964,-6.981990385055542,0.02624569257022813,0.02477758377790451,0.015988841652870178,0.034526024013757706,1.0
3830,7843840,9,0,2,7,0.0,0.2222222222222222,0.7777777777777778,0.0062912665773183106,3.825950193405151,0.045183729380369186,-6.9839214324951175,0.028667559777386487,0.024741029366850853,0.01596391387283802,0.03443647176027298,1.0
3831,7845888,4,0,0,4,0.0,0.0,1.0,-7.580473320558667e-05,0.23272053748369217,0.037722880393266676,-6.988037514686584,0.017933474201709033,0.02470613643527031,0.015964971855282784,0.03432069718837738,1.0
3832,7847936,7,0,0,7,0.0,0.0,1.0,0.0009651604807004333,0.20149507373571396,0.036745976842939856,-6.99045147895813,0.0138370388711337,0.0246762465685606,0.01595337502658367,0.034237492829561234,1.0
3833,7849984,1,0,0,1,0.0,0.0,1.0,2.206983044743538e-05,0.12577121071517466,0.03566621728241444,-6.993696784973144,0.015741896536201238,0.024647921323776245,0.015941694378852844,0.03419084846973419,1.0
3834,7852032,4,0,0,4,0.0,0.0,1.0,0.00012115268036723137,0.05669239088892937,0.03159667616710067,-6.996679711341858,0.012710978684481233,0.024627432227134705,0.015909753739833832,0.03413835167884827,1.0
3835,7854080,7,0,0,7,0.0,0.0,1.0,-0.00097949153278023,0.08995702490210533,0.028144686296582223,-7.002046799659729,0.01267793724546209,0.024536848068237305,0.015877172350883484,0.033959876745939255,1.0
3836,7856128,10,0,0,10,0.0,0.0,1.0,-0.00044425786472857,0.08020222000777721,0.029129767045378684,-7.013182997703552,0.01800269118975848,0.024436473846435547,0.01581317000091076,0.03374201059341431,1.0
3837,7858176,5,0,1,4,0.0,0.2,0.8,0.0032116414047777654,2.2000164330005645,0.03799422606825829,-7.024296355247498,0.020037945348303766,0.024346020072698593,0.015723463147878647,0.033539868891239166,1.0
3838,7860224,7,0,1,6,0.0,0.14285714285714285,0.8571428571428571,0.006855460279621184,1.7661932706832886,0.04474368523806334,-7.032685470581055,0.026207500317832456,0.024308092892169952,0.015701569616794586,0.033452365547418594,1.0
3839,7862272,3,0,0,3,0.0,0.0,1.0,0.022467515617609023,0.3301464647054672,0.038315423764288425,-7.035198211669922,0.05084643054869957,0.02428552880883217,0.015699226409196854,0.033388204872608185,1.0
3840,7864320,5,0,1,4,0.0,0.2,0.8,0.005410423188004642,2.302064245939255,0.0409795518964529,-7.036110854148864,0.03003674593055621,0.02429431676864624,0.01569163054227829,0.033414606004953384,1.0
3841,7866368,6,0,0,6,0.0,0.0,1.0,-1.1969474144279957e-05,0.4137586623430252,0.03127164598554373,-7.036099004745483,0.015324023988796398,0.024286305531859398,0.015643518418073654,0.03343953192234039,1.0
3842,7868416,8,0,0,8,0.0,0.0,1.0,0.0003604124533012509,0.22982789427042008,0.031019264459609987,-7.038488030433655,0.010344960226211697,0.0242706760764122,0.015663992613554,0.033316414803266525,1.0
3843,7870464,4,0,0,4,0.0,0.0,1.0,0.0037013717577792705,0.2994089312851429,0.032207180932164195,-7.039729213714599,0.020358692551963032,0.024222923442721367,0.015668923035264015,0.033214036375284195,1.0
3844,7872512,6,0,0,6,0.0,0.0,1.0,0.0006502368254587054,0.2333193801343441,0.03377432338893414,-7.044871926307678,0.011848121834918856,0.02418772503733635,0.015678655356168747,0.033167481422424316,1.0
3845,7874560,3,0,0,3,0.0,0.0,1.0,0.004765967233106494,0.21900339648127556,0.0336940836161375,-7.047653102874756,0.01746679950738326,0.024167083203792572,0.015664320439100266,0.03313886746764183,1.0
3846,7876608,7,0,1,6,0.0,0.14285714285714285,0.8571428571428571,0.00026102866977453234,1.1071955561637878,0.029029839392751455,-7.050018525123596,0.02307465997291729,0.0241626538336277,0.015620351769030094,0.03319334238767624,1.0
3847,7878656,6,0,0,6,0.0,0.0,1.0,-0.00018728442955762148,0.3823114901781082,0.029636578168720007,-7.053022170066834,0.016263381636235863,0.024117976427078247,0.015598684549331665,0.033087991178035736,1.0
3848,7880704,8,0,0,8,0.0,0.0,1.0,0.007537394482642412,0.08532211482524872,0.0270367962308228,-7.058182168006897,0.01877959172707051,0.024093344807624817,0.015531545504927635,0.033064793795347214,1.0
3849,7882752,3,0,0,3,0.0,0.0,1.0,0.012360101798549294,0.09836471080780029,0.027757891826331614,-7.061701488494873,0.02789070224389434,0.024072404950857162,0.015503516420722008,0.03303243964910507,1.0
3850,7884800,5,0,0,5,0.0,0.0,1.0,-0.0018642159877344966,0.23022484481334687,0.03113010497763753,-7.064697694778443,0.010291161690838635,0.024043813347816467,0.015485525131225586,0.032952189445495605,1.0
3851,7886848,4,0,0,4,0.0,0.0,1.0,0.0007105983328074217,0.29608157724142076,0.03099207244813442,-7.064206838607788,0.011423860886134207,0.024090146645903587,0.015509956516325474,0.03306117281317711,1.0
3852,7888896,6,0,0,6,0.0,0.0,1.0,-0.0001321884337812662,0.15663651898503303,0.029896759800612925,-7.056934022903443,0.012475389568135143,0.024155890569090843,0.015589375048875809,0.0330921895802021,1.0
3853,7890944,7,0,0,7,0.0,0.0,1.0,-0.00246813939884305,0.12215144075453281,0.029609610326588154,-7.049012303352356,0.010519735282287002,0.02417515031993389,0.01563395746052265,0.03310384601354599,1.0
3854,7892992,8,0,0,8,0.0,0.0,1.0,0.012584591936320066,0.22524047046899795,0.03201161902397871,-7.047364521026611,0.028097205475205556,0.024195458739995956,0.01562977023422718,0.033143363893032074,1.0
3855,7895040,5,0,0,5,0.0,0.0,1.0,0.012008377001620829,0.129945894703269,0.029488565400242805,-7.046679973602295,0.027724543993826956,0.024178892374038696,0.015623711049556732,0.033087108284235,1.0
3856,7897088,4,0,1,3,0.0,0.25,0.75,0.003137322305701673,2.428793674707413,0.03431957103312015,-7.046464252471924,0.02550145243294537,0.02419992908835411,0.015651129186153412,0.033027421683073044,1.0
3857,7899136,3,0,0,3,0.0,0.0,1.0,0.005397280491888523,0.27616810649633405,0.03014379823580384,-7.04583044052124,0.016896238026674837,0.024126671254634857,0.015670133754611015,0.032819777727127075,1.0
3858,7901184,7,0,0,7,0.0,0.0,1.0,-0.00021614767611026763,0.5177714034914971,0.035751108825206754,-7.053919696807862,0.009502221387811005,0.024069389328360558,0.015629112720489502,0.03277553245425224,1.0
3859,7903232,7,0,1,6,0.0,0.14285714285714285,0.8571428571428571,0.009895282867364585,1.3775955080986022,0.032125389017164704,-7.059195208549499,0.032263413252076135,0.02405625954270363,0.015612354502081871,0.032815538346767426,1.0
3860,7905280,8,0,1,7,0.0,0.125,0.875,0.003336814418435097,1.7383130729198455,0.03417524788528681,-7.0614066362380985,0.03557345330482349,0.024031540378928185,0.015615570358932018,0.032783638685941696,1.0
3861,7907328,6,0,1,5,0.0,0.16666666666666666,0.8333333333333334,0.010167920519597829,2.2998872816562654,0.03478818461298942,-7.06292986869812,0.03883140638936311,0.024046441540122032,0.015615890733897686,0.03283703699707985,1.0
3862,7909376,3,0,0,3,0.0,0.0,1.0,-0.0019442615564912557,0.21622657775878906,0.031116404756903648,-7.058978080749512,0.01656358748441562,0.024098675698041916,0.01563972793519497,0.03295854851603508,1.0
3863,7911424,3,0,0,3,0.0,0.0,1.0,0.0015583331231027841,0.10438581742346287,0.03037072429433465,-7.053324723243714,0.019337352435104548,0.02413281612098217,0.015706976875662804,0.03297077491879463,1.0
3864,7913472,7,0,0,7,0.0,0.0,1.0,0.010034460294991731,0.17731966599822044,0.03151341592893005,-7.049158072471618,0.025714516849257053,0.02414880320429802,0.015712887048721313,0.03300861641764641,1.0
3865,7915520,6,0,0,6,0.0,0.0,1.0,0.006239050521980971,0.08889901451766491,0.030558064207434656,-7.048067665100097,0.021558877592906357,0.02415722981095314,0.015728486701846123,0.03301515802741051,1.0
3866,7917568,7,0,0,7,0.0,0.0,1.0,0.00045228512026369573,0.1733717605471611,0.029230089858174324,-7.047472429275513,0.015501016681082547,0.024149104952812195,0.01571880839765072,0.03300268203020096,1.0
3867,7919616,7,0,0,7,0.0,0.0,1.0,0.00015313467010855675,0.33224203139543534,0.03467296790331602,-7.046805191040039,0.012547302804887295,0.02419987879693508,0.01572544313967228,0.03309731185436249,1.0
3868,7921664,4,0,2,2,0.0,0.5,0.5,0.004758872813545168,2.749639242887497,0.037341718934476374,-7.042015647888183,0.01940345161128789,0.024203946813941002,0.015726836398243904,0.03313441202044487,1.0
3869,7923712,5,0,1,4,0.0,0.2,0.8,-0.0011070986278355122,1.0382296279072762,0.03453107662498951,-7.044335150718689,0.026545588887529448,0.02418944239616394,0.015705494210124016,0.033153653144836426,1.0
3870,7925760,6,0,0,6,0.0,0.0,1.0,0.010654646949842573,0.2365831084549427,0.034615267626941205,-7.045029473304749,0.0276163007481955,0.02420644462108612,0.015703165903687477,0.03320642560720444,1.0
3871,7927808,8,0,0,8,0.0,0.0,1.0,0.007105302158743143,0.20645121335983277,0.03347386196255684,-7.042654800415039,0.023956524836830796,0.024227648973464966,0.015731316059827805,0.03323718160390854,1.0
3872,7929856,3,0,0,3,0.0,0.0,1.0,0.0013475617859512567,0.2851517230272293,0.030235016345977785,-7.042522072792053,0.014175042090937496,0.02419094368815422,0.015718134120106697,0.0332350991666317,1.0
3873,7931904,7,0,0,7,0.0,0.0,1.0,0.000858487468212843,0.12187638878822327,0.030875012930482625,-7.049460768699646,0.00847228461643681,0.024124883115291595,0.015698561444878578,0.033119555562734604,1.0
3874,7933952,6,0,1,5,0.0,0.16666666666666666,0.8333333333333334,0.005510201561264694,2.4419814229011534,0.0337393082678318,-7.0566693305969235,0.020825367927318438,0.02407093346118927,0.015701787546277046,0.033053718507289886,1.0
3875,7936000,7,0,1,6,0.0,0.14285714285714285,0.8571428571428571,0.0080516827525571,2.204151150584221,0.03208943568170071,-7.059001684188843,0.04980268270592205,0.024086132645606995,0.015708347782492638,0.033109117299318314,1.0
3876,7938048,4,0,0,4,0.0,0.0,1.0,0.009038133407011628,0.32320600301027297,0.029148199781775474,-7.058523678779602,0.02518900278955698,0.024071533232927322,0.015696225687861443,0.03312551975250244,1.0
3877,7940096,7,0,0,7,0.0,0.0,1.0,-0.0017320257145911455,0.29646231010556223,0.02788876285776496,-7.060378193855286,0.012066914583556354,0.024076780304312706,0.015700768679380417,0.03314216062426567,1.0
3878,7942144,2,0,0,2,0.0,0.0,1.0,0.003914624045137316,0.3249524384737015,0.03204426635056734,-7.0598145723342896,0.011830273171653971,0.024064522236585617,0.01573832333087921,0.03314225748181343,1.0
3879,7944192,6,0,0,6,0.0,0.0,1.0,0.0023094173753634094,0.33447698801755904,0.03889218457043171,-7.062130665779113,0.011508403089828789,0.02403458021581173,0.015729492530226707,0.03315833956003189,1.0
3880,7946240,7,0,1,6,0.0,0.14285714285714285,0.8571428571428571,0.008577603986486793,1.9613907933235168,0.03959727194160223,-7.066101980209351,0.024717481224797666,0.024023186415433884,0.015708910301327705,0.03313979133963585,1.0
3881,7948288,7,0,0,7,0.0,0.0,1.0,0.0010718212928622962,0.3949153408408165,0.035024778358638285,-7.065460133552551,0.012481879646657035,0.024028398096561432,0.015774477273225784,0.03310861438512802,1.0
3882,7950336,6,0,0,6,0.0,0.0,1.0,0.0005122227594256401,0.12315941490232944,0.030282787047326565,-7.064797282218933,0.020302861521486193,0.024013865739107132,0.015784017741680145,0.03312867879867554,1.0
3883,7952384,4,0,0,4,0.0,0.0,1.0,0.0053688300307840105,0.3197376072406769,0.036883029714226724,-7.067147254943848,0.018948353338055314,0.023997880518436432,0.015772506594657898,0.03309796750545502,1.0
3884,7954432,3,0,1,2,0.0,0.3333333333333333,0.6666666666666666,-0.006863944884389639,2.2888838946819305,0.0409520260989666,-7.064510822296143,0.019128439773339778,0.02406594716012478,0.01586069166660309,0.033191096037626266,1.0
3885,7956480,6,0,0,6,0.0,0.0,1.0,0.003960136766545474,0.2926687881350517,0.03342144005000591,-7.055371379852295,0.013101523881778121,0.024102479219436646,0.015894541516900063,0.03326137736439705,1.0
3886,7958528,8,0,0,8,0.0,0.0,1.0,0.005868204496800899,0.27342957630753517,0.03264496680349112,-7.05493311882019,0.01656133010983467,0.02407567948102951,0.015839137136936188,0.03322134539484978,1.0
3887,7960576,6,0,0,6,0.0,0.0,1.0,0.007748125586658716,0.374343541264534,0.03403713870793581,-7.060837292671204,0.015983469696948305,0.024031704291701317,0.015821369364857674,0.03312228247523308,1.0
3888,7962624,5,0,0,5,0.0,0.0,1.0,0.00256369689013809,0.26750705763697624,0.033748381212353705,-7.063219285011291,0.01168419305467978,0.024030372500419617,0.015829624608159065,0.03312306851148605,1.0
3889,7964672,5,0,0,5,0.0,0.0,1.0,0.0016425762441940606,0.31359871476888657,0.03391318786889315,-7.062066507339478,0.012857735098805279,0.02404160611331463,0.015848618000745773,0.03315325826406479,1.0
3890,7966720,4,0,0,4,0.0,0.0,1.0,0.0026028736028820276,0.20897327810525895,0.03207464888691902,-7.0639063835144045,0.014004443929297849,0.02398928627371788,0.015826009213924408,0.033081281930208206,1.0
3891,7968768,6,0,0,6,0.0,0.0,1.0,0.003544304147362709,0.3670753061771393,0.029959412943571805,-7.070140910148621,0.016527511976892128,0.0239651408046484,0.015788396820425987,0.03309501335024834,1.0
3892,7970816,6,0,0,6,0.0,0.0,1.0,0.00436101583763957,0.18838153928518295,0.02999122440814972,-7.072967553138733,0.025533155794255434,0.023944884538650513,0.0157555490732193,0.033070262521505356,1.0
3893,7972864,9,0,3,6,0.0,0.3333333333333333,0.6666666666666666,-0.003452209522947669,6.072584128379821,0.03764687981456518,-7.074532437324524,0.017704835173208266,0.023951604962348938,0.015768174082040787,0.033053766936063766,1.0
3894,7974912,5,0,0,5,0.0,0.0,1.0,-0.0004877262748777866,0.1850224420428276,0.031607411336153746,-7.076636886596679,0.011232033255510032,0.023873120546340942,0.01573573425412178,0.03293241560459137,1.0
3895,7976960,6,0,1,5,0.0,0.16666666666666666,0.8333333333333334,0.0013921485282480718,2.0093128740787507,0.0351812694221735,-7.08304615020752,0.020748902461491525,0.023888079449534416,0.01574449986219406,0.032932963222265244,1.0
3896,7979008,3,0,0,3,0.0,0.0,1.0,0.0028111890889704226,0.2119690842926502,0.0321911845356226,-7.075385355949402,0.015955021290574224,0.023966342210769653,0.015818916261196136,0.032977208495140076,1.0
3897,7981056,6,0,0,6,0.0,0.0,1.0,0.003870126698166132,0.37652958035469053,0.03501999955624342,-7.065093636512756,0.01742917310912162,0.02402050420641899,0.015903815627098083,0.03298580273985863,1.0
3898,7983104,5,0,1,4,0.0,0.2,0.8,0.0017707905266433955,2.2026759445667268,0.034632624685764314,-7.058900666236878,0.036092159111285584,0.02405136451125145,0.015915347263216972,0.033014927059412,1.0
3899,7985152,10,0,0,10,0.0,0.0,1.0,-0.0007837620098143816,0.2860640838742256,0.035246371291577816,-7.058034181594849,0.01832974343560636,0.024022160097956657,0.015892459079623222,0.032977692782878876,1.0
3900,7987200,3,0,0,3,0.0,0.0,1.0,-0.0006652227370068431,0.4887558460235596,0.03826892897486687,-7.063082647323609,0.012721519026672467,0.023990750312805176,0.01585288904607296,0.03294029086828232,1.0
3901,7989248,5,0,0,5,0.0,0.0,1.0,0.0015647385735064745,0.6205720782279969,0.03835161700844765,-7.067293691635132,0.01530471802689135,0.023960990831255913,0.015830054879188538,0.032939616590738297,1.0
3902,7991296,4,0,0,4,0.0,0.0,1.0,0.007894757762551307,0.4807856991887093,0.03917835950851441,-7.071899151802063,0.023902129178168252,0.02391943894326687,0.015804147347807884,0.03286030516028404,1.0
3903,7993344,6,0,0,6,0.0,0.0,1.0,0.004643491841852665,0.31359229534864425,0.036154802143573764,-7.075021862983704,0.013960147550096735,0.023900527507066727,0.01583980955183506,0.0327465794980526,1.0
3904,7995392,5,0,1,4,0.0,0.2,0.8,-0.0009337814524769783,2.2109887063503266,0.03848520815372467,-7.0734008073806764,0.012074404611485078,0.023908164352178574,0.015901343896985054,0.03269617632031441,1.0
3905,7997440,10,0,0,10,0.0,0.0,1.0,0.004452216136269271,0.4677556335926056,0.034268517047166824,-7.070845532417297,0.02098281553480774,0.023926347494125366,0.01590023562312126,0.03276447951793671,1.0
3906,7999488,5,0,0,5,0.0,0.0,1.0,0.0024274376686662436,0.28825254589319227,0.03767709955573082,-7.071941566467285,0.010026293335249648,0.023892566561698914,0.0158619936555624,0.03268231824040413,1.0
3907,8001536,3,0,0,3,0.0,0.0,1.0,0.0026367482729256152,0.38603233397006986,0.03643020708113909,-7.077049565315247,0.016221006005071103,0.02384123019874096,0.015828711912035942,0.032561786472797394,1.0
3908,8003584,4,0,0,4,0.0,0.0,1.0,0.004607368423603475,0.4086906835436821,0.03724595420062542,-7.081568121910095,0.026197552820667623,0.023826897144317627,0.0158370528370142,0.03254004195332527,1.0
3909,8005632,7,0,1,6,0.0,0.14285714285714285,0.8571428571428571,0.00501650832593441,1.6567622870206833,0.03459637314081192,-7.079730772972107,0.02506759816315025,0.02386578731238842,0.01585441641509533,0.032601963728666306,1.0
3910,8007680,8,0,0,8,0.0,0.0,1.0,0.0006767544196918607,0.31627047806978226,0.032853777334094045,-7.072805237770081,0.01114395196782425,0.023951038718223572,0.01589912176132202,0.0327594168484211,1.0
3911,8009728,6,0,0,6,0.0,0.0,1.0,0.0040533763589337465,0.29207560420036316,0.03674562070518732,-7.0639869451522825,0.015391074796207249,0.023988237604498863,0.015937112271785736,0.03279755637049675,1.0
3912,8011776,7,0,0,7,0.0,0.0,1.0,0.01058248858898878,0.7299811184406281,0.04095203895121813,-7.060782933235169,0.017995376692852005,0.023993423208594322,0.015995535999536514,0.03280927240848541,1.0
3913,8013824,1,0,0,1,0.0,0.0,1.0,0.004844569764100015,0.44712872207164767,0.043404297716915605,-7.061493253707885,0.015684994799084962,0.02395940199494362,0.016018258407711983,0.03272949159145355,1.0
3914,8015872,3,0,0,3,0.0,0.0,1.0,0.0070462814997881654,0.4966366872191429,0.044432847015559676,-7.063618326187134,0.014713492838200181,0.023964976891875267,0.01601661741733551,0.03280019015073776,1.0
3915,8017920,8,0,0,8,0.0,0.0,1.0,0.008078818442299962,0.44569366723299025,0.04269244931638241,-7.065110421180725,0.02105661160312593,0.023936547338962555,0.015957681462168694,0.03280412405729294,1.0
3916,8019968,9,0,0,9,0.0,0.0,1.0,0.014596332213841379,0.5022691294550896,0.04375864062458277,-7.070357847213745,0.02882880579563789,0.023937126621603966,0.015906302258372307,0.03287018463015556,1.0
3917,8022016,5,0,0,5,0.0,0.0,1.0,0.005442439066246152,0.3184887543320656,0.03674695920199156,-7.070346784591675,0.029752457700669765,0.023946240544319153,0.015890169888734818,0.033013660460710526,1.0
3918,8024064,6,0,0,6,0.0,0.0,1.0,0.010723791108466685,0.44676646441221235,0.03511363044381142,-7.071342515945434,0.02635798464762047,0.023952562361955643,0.01586720533668995,0.03309166058897972,1.0
3919,8026112,1,0,0,1,0.0,0.0,1.0,0.0062362598720937966,0.4653499945998192,0.03617872186005115,-7.071331882476807,0.025431383145041765,0.02395482361316681,0.015893125906586647,0.03305723890662193,1.0
3920,8028160,4,0,0,4,0.0,0.0,1.0,0.007789435470476747,0.46740895658731463,0.041354488022625445,-7.069646620750428,0.016364928742405027,0.02395186945796013,0.015947867184877396,0.03299078717827797,1.0
3921,8030208,8,0,0,8,0.0,0.0,1.0,0.0036773144733160735,0.5965408831834793,0.04145211819559336,-7.069025874137878,0.013951946725137531,0.02393297851085663,0.01599976234138012,0.03292247653007507,1.0
3922,8032256,10,0,0,10,0.0,0.0,1.0,0.010086091235280037,0.455877023935318,0.04099462069571018,-7.070830368995667,0.020507508306764066,0.023909617215394974,0.016000228002667427,0.032867636531591415,1.0
3923,8034304,4,0,0,4,0.0,0.0,1.0,0.007903198199346661,0.40225878208875654,0.03860521987080574,-7.072960376739502,0.02087194739142433,0.02389499545097351,0.01594962365925312,0.03284256160259247,1.0
3924,8036352,5,0,0,5,0.0,0.0,1.0,0.003128796350210905,0.3652394413948059,0.03838813453912735,-7.0749287605285645,0.013753346825251356,0.023907922208309174,0.01588953472673893,0.032931338995695114,1.0
3925,8038400,1,0,0,1,0.0,0.0,1.0,0.001466282457113266,0.5101077437400818,0.04381329193711281,-7.078538799285889,0.006975421635434032,0.02385464310646057,0.015800997614860535,0.032941050827503204,1.0
3926,8040448,4,0,0,4,0.0,0.0,1.0,-0.0003658887930214405,0.4856420934200287,0.04395858012139797,-7.086433410644531,0.009364263049792498,0.023830516263842583,0.015774130821228027,0.032902881503105164,1.0
3927,8042496,9,0,1,8,0.0,0.1111111111111111,0.8888888888888888,0.0029115708312019706,0.9912555545568467,0.040411976538598536,-7.086371970176697,0.020919153979048134,0.023831915110349655,0.015788841992616653,0.03289889544248581,1.0
3928,8044544,10,0,0,10,0.0,0.0,1.0,0.013695439137518407,0.34236918240785597,0.039943771250545976,-7.084825277328491,0.024473202764056623,0.023879390209913254,0.015811428427696228,0.03294812887907028,1.0
3929,8046592,4,0,0,4,0.0,0.0,1.0,0.0033809969434514643,0.5518451049923897,0.041394338198006156,-7.076134824752808,0.01829321439145133,0.023946303874254227,0.015840021893382072,0.033074308186769485,1.0
3930,8048640,4,0,0,4,0.0,0.0,1.0,0.00302133543882519,0.6534025937318801,0.045655570551753046,-7.072572469711304,0.012151004222687334,0.023953702300786972,0.015801457688212395,0.03309774398803711,1.0
3931,8050688,2,0,0,2,0.0,0.0,1.0,0.0038642783649265764,0.4415344029664993,0.03854054994881153,-7.076676225662231,0.010890804725931957,0.02389655075967312,0.015731502324342728,0.03303172439336777,1.0
3932,8052736,7,0,0,7,0.0,0.0,1.0,0.0007553236093372107,0.27952458560466764,0.04033893328160047,-7.085080957412719,0.012360420625191182,0.02384152077138424,0.015651898458600044,0.03300776332616806,1.0
3933,8054784,5,0,0,5,0.0,0.0,1.0,0.013596092408988625,0.3684910833835602,0.03979494720697403,-7.092012619972229,0.02573169021634385,0.023822009563446045,0.015597978606820107,0.0330442376434803,1.0
3934,8056832,11,0,0,11,0.0,0.0,1.0,0.006337909167632461,0.3675603285431862,0.03736796025186777,-7.095950770378113,0.018954080587718636,0.02378963492810726,0.01555161364376545,0.03303803876042366,1.0
3935,8058880,3,0,0,3,0.0,0.0,1.0,0.008663135184906422,0.45494153946638105,0.037804606929421426,-7.103800797462464,0.01979209830169566,0.023692062124609947,0.015501550398766994,0.03280210494995117,1.0
3936,8060928,4,0,0,4,0.0,0.0,1.0,0.0014904386131092905,0.16180485114455223,0.03411262258887291,-7.112907743453979,0.011066560505423696,0.02363654598593712,0.015465321950614452,0.03266424313187599,1.0
3937,8062976,2,0,0,2,0.0,0.0,1.0,0.0022515595657750962,0.4025163546204567,0.03782878164201975,-7.118070435523987,0.010977049800567329,0.023603951558470726,0.015389103442430496,0.03261641040444374,1.0
3938,8065024,9,0,0,9,0.0,0.0,1.0,0.004177801311016083,0.27460461631417277,0.036010257340967654,-7.120663356781006,0.014321462891530246,0.02360822819173336,0.015389440581202507,0.032545510679483414,1.0
3939,8067072,5,0,0,5,0.0,0.0,1.0,0.0012341003166511655,0.34178158491849897,0.033219367265701294,-7.120904564857483,0.008177226537372916,0.02357531152665615,0.015330202877521515,0.03254532814025879,1.0
3940,8069120,10,0,0,10,0.0,0.0,1.0,0.009907347895205022,0.3827171728014946,0.034997432865202426,-7.128094911575317,0.024385831551626325,0.02353706955909729,0.015287565067410469,0.032501257956027985,1.0
3941,8071168,2,0,0,2,0.0,0.0,1.0,-0.0007705970434471965,0.32062928676605223,0.03634717706590891,-7.128664040565491,0.015898465702775866,0.02358878031373024,0.015279913321137428,0.032589320093393326,1.0
3942,8073216,5,0,1,4,0.0,0.2,0.8,0.0007187689188867807,1.89868603348732,0.041042118705809115,-7.1210835695266725,0.013299994508270175,0.02366599813103676,0.015285931527614594,0.03282812237739563,1.0
3943,8075264,4,0,0,4,0.0,0.0,1.0,0.0074697592295706276,0.448779870569706,0.039023310877382755,-7.116279792785645,0.025754578690975905,0.023687373846769333,0.015312223695218563,0.03289651870727539,1.0
3944,8077312,7,0,0,7,0.0,0.0,1.0,0.002117055468261242,0.5688499301671982,0.0382332069799304,-7.116570067405701,0.010751333634834737,0.023658480495214462,0.015313873067498207,0.03284446522593498,1.0
3945,8079360,5,0,0,5,0.0,0.0,1.0,0.002486210968345404,0.3922687336802483,0.03468047901988029,-7.120982503890991,0.015221341513097286,0.023619886487722397,0.015275133773684502,0.03279019519686699,1.0
3946,8081408,10,0,1,9,0.0,0.1,0.9,0.004536002036184072,2.1302333950996397,0.039539859257638456,-7.1204516887664795,0.026266334322281183,0.02368967793881893,0.015327878296375275,0.03294923156499863,1.0
3947,8083456,5,0,0,5,0.0,0.0,1.0,0.008593176188878716,0.5654272168874741,0.04341509807854891,-7.112557029724121,0.02170373630942777,0.02372467890381813,0.015349667519330978,0.03301728889346123,1.0
3948,8085504,3,0,0,3,0.0,0.0,1.0,0.0011356182862073184,0.6581826657056808,0.04889154192060232,-7.108672308921814,0.010122774355113506,0.023784391582012177,0.015376267023384571,0.03309229388833046,1.0
3949,8087552,2,0,0,2,0.0,0.0,1.0,0.005047743767499923,0.5891411632299424,0.04466534815728664,-7.099737167358398,0.011983169132145121,0.023849766701459885,0.015417895279824734,0.03321383148431778,1.0
3950,8089600,9,0,0,9,0.0,0.0,1.0,0.002866666950285435,0.7705975830554962,0.045144588500261304,-7.092699146270752,0.015134528995258734,0.023907769471406937,0.01544971764087677,0.03332842141389847,1.0
3951,8091648,7,0,0,7,0.0,0.0,1.0,0.0011179129825904966,0.5188507914543152,0.043954036012291905,-7.0880165815353395,0.011149733827915042,0.023942753672599792,0.015417991206049919,0.03347659483551979,1.0
3952,8093696,7,0,0,7,0.0,0.0,1.0,0.011045673908665777,0.4362310141324997,0.03897560965269804,-7.087107706069946,0.025676149071659892,0.02395997941493988,0.015410875901579857,0.033553991466760635,1.0
3953,8095744,6,0,0,6,0.0,0.0,1.0,0.0006952680181711912,0.611787685751915,0.03985567986965179,-7.085737252235413,0.01022924857097678,0.02396693453192711,0.015433570370078087,0.03353729471564293,1.0
3954,8097792,2,0,1,1,0.0,0.5,0.5,0.0023711838526651262,2.358930242061615,0.04469039142131805,-7.086397814750671,0.015342984331073239,0.023929689079523087,0.015405100770294666,0.033471956849098206,1.0
3955,8099840,3,0,0,3,0.0,0.0,1.0,0.006317843985743821,0.5375833988189698,0.04111604932695627,-7.090121054649353,0.03137958991574123,0.02392398938536644,0.015416438691318035,0.03344125300645828,1.0
3956,8101888,8,0,0,8,0.0,0.0,1.0,0.004567837249487639,0.4465182736515999,0.03938322383910418,-7.089223194122314,0.013337913958821446,0.023928865790367126,0.015409921295940876,0.03348285332322121,1.0
3957,8103936,10,0,0,10,0.0,0.0,1.0,0.01136309360153973,0.5069376036524773,0.03907343484461308,-7.088802027702331,0.027616933127865194,0.023967143148183823,0.01536653283983469,0.033632442355155945,1.0
3958,8105984,4,0,0,4,0.0,0.0,1.0,0.024132008408196272,0.3477120459079742,0.039801820553839205,-7.087439608573914,0.038530054478906096,0.02397308126091957,0.015356534160673618,0.03366079181432724,1.0
3959,8108032,5,0,0,5,0.0,0.0,1.0,0.01867209745105356,0.8246413260698319,0.04880338069051504,-7.088940596580505,0.029815375187899916,0.023959627375006676,0.01531127467751503,0.033674463629722595,1.0
3960,8110080,2,0,0,2,0.0,0.0,1.0,0.004262680700048804,0.8318278014659881,0.05355590078979731,-7.093438172340393,0.010379035020014271,0.023898949846625328,0.01525970734655857,0.03359925374388695,1.0
3961,8112128,3,0,0,3,0.0,0.0,1.0,0.011000963766127825,0.6836649358272553,0.05357882492244244,-7.103034734725952,0.0181234331917949,0.02383667603135109,0.015212157741189003,0.033570293337106705,1.0
3962,8114176,8,0,0,8,0.0,0.0,1.0,0.003213041624985635,0.6983375608921051,0.05566115323454142,-7.109301924705505,0.010976357536856085,0.023813603445887566,0.015166477300226688,0.033590953797101974,1.0
3963,8116224,10,0,0,10,0.0,0.0,1.0,0.006760410405695439,0.6447715550661087,0.05247142631560564,-7.112866353988648,0.030511550861410795,0.02380645088851452,0.015132228843867779,0.03365624323487282,1.0
3964,8118272,5,0,1,4,0.0,0.2,0.8,0.005746977659873665,2.009305638074875,0.05378152709454298,-7.117572093009949,0.01405647118226625,0.02375052683055401,0.015066034160554409,0.03358997777104378,1.0
3965,8120320,6,0,1,5,0.0,0.16666666666666666,0.8333333333333334,0.01044380757957697,1.8022120416164398,0.06147471927106381,-7.1242077350616455,0.025078623357694597,0.023707527667284012,0.015048084780573845,0.03343537077307701,1.0
3966,8122368,2,0,0,2,0.0,0.0,1.0,0.041583038354292515,0.7988851934671402,0.07011307626962662,-7.124964451789856,0.06181643478339538,0.023727042600512505,0.01505236141383648,0.033471111208200455,1.0
3967,8124416,6,0,1,5,0.0,0.16666666666666666,0.8333333333333334,0.008887110312934965,1.1612028747797012,0.06861457228660583,-7.12416136264801,0.023744860442820936,0.02370845340192318,0.015074635855853558,0.03348923102021217,1.0
3968,8126464,6,0,1,5,0.0,0.16666666666666666,0.8333333333333334,0.0023864048067480325,1.7354560852050782,0.06599075719714165,-7.12930064201355,0.020094347256235778,0.023659314960241318,0.015010831877589226,0.03342222049832344,1.0
3969,8128512,10,0,0,10,0.0,0.0,1.0,0.007703773211687803,0.5974525034427642,0.059863321110606195,-7.136058783531189,0.014453781233169139,0.023600606247782707,0.014975672587752342,0.03326026722788811,1.0
3970,8130560,3,0,0,3,0.0,0.0,1.0,-0.002520264172926545,0.6619515627622604,0.0597719356417656,-7.13936414718628,0.011124704312533141,0.023598793894052505,0.014998726546764374,0.03324151784181595,1.0
3971,8132608,6,0,0,6,0.0,0.0,1.0,0.009966101637110114,0.7423132419586181,0.06172240879386663,-7.135005950927734,0.01663647950044833,0.023649875074625015,0.015069087035953999,0.03328796848654747,1.0
3972,8134656,3,0,0,3,0.0,0.0,1.0,0.019609099929220976,0.8123496919870377,0.06409000083804131,-7.128630328178406,0.028415730042615904,0.023679321631789207,0.015099771320819855,0.03329840674996376,1.0
3973,8136704,6,0,0,6,0.0,0.0,1.0,0.019706459436565637,0.7472546339035034,0.067305463925004,-7.1283525943756105,0.022984515002463013,0.02363748848438263,0.015074829570949078,0.033187977969646454,1.0
3974,8138752,6,0,0,6,0.0,0.0,1.0,0.005781341530382633,0.6597353696823121,0.05779267102479935,-7.133109068870544,0.014190823666285723,0.02360626682639122,0.015047919936478138,0.03313244506716728,1.0
3975,8140800,10,0,1,9,0.0,0.1,0.9,-0.0016397099010646344,1.3019811391830445,0.061043802089989184,-7.136556196212768,0.014142606337554754,0.023574603721499443,0.015052856877446175,0.033063631504774094,1.0
3976,8142848,3,0,1,2,0.0,0.3333333333333333,0.6666666666666666,0.0034596377052366735,1.2246213495731353,0.06158441174775362,-7.140755820274353,0.03163416822790168,0.023527948185801506,0.015023170039057732,0.03298605605959892,1.0
3977,8144896,8,0,2,6,0.0,0.25,0.75,0.005761543696280569,2.360548257827759,0.06031056083738804,-7.144529581069946,0.052288527262862775,0.02351340278983116,0.01504727452993393,0.032877299934625626,1.0
3978,8146944,3,0,0,3,0.0,0.0,1.0,0.02223624929320067,0.7474781572818756,0.051635222509503365,-7.14387845993042,0.03381634828401729,0.023496096953749657,0.01505767460912466,0.032794635742902756,1.0
3979,8148992,5,0,0,5,0.0,0.0,1.0,0.013238842785358428,0.7832953423261643,0.05384865179657936,-7.1473441362380985,0.025073808000888674,0.02345687709748745,0.015038114041090012,0.032749295234680176,1.0
3980,8151040,5,0,0,5,0.0,0.0,1.0,0.010302009608130902,0.7205580741167068,0.055538102984428406,-7.149349045753479,0.024272769602248445,0.023474952206015587,0.015030085109174252,0.03279751539230347,1.0
3981,8153088,8,0,0,8,0.0,0.0,1.0,0.0032227855175733567,0.6731026083230972,0.05340982135385275,-7.148582816123962,0.010990489221876487,0.023468201979994774,0.015024560503661633,0.032815106213092804,1.0
3982,8155136,4,0,0,4,0.0,0.0,1.0,0.0041982737137004735,0.6293927699327468,0.05769699085503817,-7.144373631477356,0.01691531536052935,0.02358885109424591,0.015049333684146404,0.03306596353650093,1.0
3983,8157184,7,0,0,7,0.0,0.0,1.0,0.0028792878612875937,0.6356084436178208,0.05753543842583895,-7.132160902023315,0.012457110499963165,0.02364218980073929,0.015097985975444317,0.03313916176557541,1.0
3984,8159232,4,0,1,3,0.0,0.25,0.75,3.7164846435189244e-05,1.6844168901443481,0.059712231159210205,-7.128335642814636,0.021545223286375405,0.023651180788874626,0.015102076344192028,0.03313000127673149,1.0
3985,8161280,7,0,0,7,0.0,0.0,1.0,0.0012584238313138485,0.7832187950611115,0.048684540577232836,-7.128963971138001,0.012014217558316886,0.023643460124731064,0.015051537193357944,0.03320892155170441,1.0
3986,8163328,5,0,0,5,0.0,0.0,1.0,0.007544153300113976,0.7107076585292816,0.048204680159688,-7.130991101264954,0.013611801830120385,0.023660479113459587,0.015051758848130703,0.03324100747704506,1.0
3987,8165376,6,0,0,6,0.0,0.0,1.0,0.0010001608170568943,0.5590223550796509,0.04585235547274351,-7.129047846794128,0.010524282790720462,0.02366039529442787,0.015068642795085907,0.033257078379392624,1.0
3988,8167424,6,0,0,6,0.0,0.0,1.0,0.018732893839478494,0.6683136463165283,0.046939752995967865,-7.129539346694946,0.03372587354388088,0.023656090721488,0.015073888003826141,0.033293046057224274,1.0
3989,8169472,4,0,0,4,0.0,0.0,1.0,0.010471532633528114,0.7120018303394318,0.05054493751376867,-7.132111430168152,0.0175847225706093,0.023611005395650864,0.015070575289428234,0.03318033367395401,1.0
3990,8171520,4,0,0,4,0.0,0.0,1.0,0.009412082494236529,0.7559368640184403,0.05212520845234394,-7.136108756065369,0.014354935626033693,0.02358890324831009,0.015049390494823456,0.03316253423690796,1.0
3991,8173568,7,0,0,7,0.0,0.0,1.0,0.0070899871177971365,0.5985846221446991,0.05132708642631769,-7.134358143806457,0.019955347158247604,0.023653961718082428,0.015071243979036808,0.03320331498980522,1.0
3992,8175616,8,0,0,8,0.0,0.0,1.0,0.0052055239910259845,0.7327821910381317,0.04671551994979382,-7.128158855438232,0.010145088558783755,0.023653727024793625,0.015049584209918976,0.033162981271743774,1.0
3993,8177664,5,0,0,5,0.0,0.0,1.0,0.005521070770919323,0.7509193927049637,0.04849732108414173,-7.13232798576355,0.015538125939201564,0.023613963276147842,0.014991477131843567,0.03319660201668739,1.0
3994,8179712,6,0,0,6,0.0,0.0,1.0,0.003342312341555953,0.6849684387445449,0.05791530292481184,-7.137434554100037,0.01116043088841252,0.023615514859557152,0.014953074045479298,0.03327318653464317,1.0
3995,8181760,3,0,0,3,0.0,0.0,1.0,0.007873250474222004,0.7238369226455689,0.05173402950167656,-7.136772513389587,0.020479687990155072,0.02364002726972103,0.014958972111344337,0.03330450505018234,1.0
3996,8183808,4,0,0,4,0.0,0.0,1.0,0.013894332014024258,0.7063845723867417,0.043862545304000376,-7.135352969169617,0.02151974290027283,0.023649677634239197,0.014897185377776623,0.0333767905831337,1.0
3997,8185856,6,0,0,6,0.0,0.0,1.0,0.005225621024146676,0.8697588324546814,0.037547838129103187,-7.137130236625671,0.02046402170090005,0.02364042028784752,0.014872102998197079,0.033412523567676544,1.0
3998,8187904,9,0,0,9,0.0,0.0,1.0,0.00036947134649381044,0.5743162155151367,0.03820775542408228,-7.144114398956299,0.016529077233280988,0.02355143427848816,0.014763996936380863,0.03336741775274277,1.0
3999,8189952,4,0,0,4,0.0,0.0,1.0,0.0034285958390682936,0.38662194162607194,0.038748002611100674,-7.157295346260071,0.014215580478776246,0.02346109226346016,0.014789551496505737,0.03317655250430107,1.0
4000,8192000,6,0,0,6,0.0,0.0,1.0,0.006897793291136623,0.4755811408162117,0.039999575912952424,-7.160923171043396,0.028865871927700938,0.023458193987607956,0.014842282980680466,0.03314691781997681,1.0
