update,step,fps,sample_fps,collect_s,learn_s,done,success,fail,timeout,success_rate,fail_rate,timeout_rate,pi_loss,v_loss,teacher_loss,entropy,kl,std_mean,std_min,std_max,teacher_coef,mdp_update,mdp_loss,mdp_dyn,mdp_contrast,mdp_idm,mdp_var,mdp_cov,mdp_reward,mdp_done,mdp_value,mdp_retrieval1,mdp_eff_rank
1,4096,661.6543546099252,675.7006555374284,6.061855892003223,0.12854175299435155,0,0,0,0,0.0,0.0,0.0,0.3046547594713047,1.0841407775878906,0.3534731149673462,2.183155542612076,1.4201461273230962,0.5031377077102661,0.5011186599731445,0.505329430103302,5.0,0,0.0,0.0,0.0,0.0,0.0,0.0,0.0,0.0,0.0,0.0,0.0
2,8192,670.807204593488,689.3459810335169,5.941863900996395,0.07535803399514407,0,0,0,0,0.0,0.0,0.0,0.02439930069958791,0.5707562014460563,0.10437687076628208,2.196551901102066,0.13235096215939848,0.5026446580886841,0.4949592351913452,0.5084636807441711,5.0,0,0.0,0.0,0.0,0.0,0.0,0.0,0.0,0.0,0.0,0.0,0.0
3,12288,669.7205562866812,676.3439658767333,6.056090106001648,0.07601261899981182,0,0,0,0,0.0,0.0,0.0,-0.002248542499728501,0.5700949184596539,0.049968396220356225,2.1898693263530733,0.02058035974332597,0.5018515586853027,0.4917449355125427,0.5121913552284241,5.0,0,0.0,0.0,0.0,0.0,0.0,0.0,0.0,0.0,0.0,0.0,0.0
4,16384,667.3952491010532,668.98798987838,6.122680918000697,0.0749958649976179,2,0,2,0,0.0,1.0,0.0,-0.0015420912997797132,0.7077037155628204,0.027569837449118496,2.1869432985782624,0.015964738023467363,0.5015859603881836,0.4959842562675476,0.5114315748214722,5.0,0,0.0,0.0,0.0,0.0,0.0,0.0,0.0,0.0,0.0,0.0,0.0
5,20480,660.0743629644561,639.2904803641514,6.407103070996527,0.06729404100042302,2,0,2,0,0.0,1.0,0.0,0.01620758242206648,0.9026245698332787,0.047140704840421675,2.1846181571483614,0.06701913840515772,0.500939130783081,0.49692419171333313,0.5077676773071289,5.0,0,0.0,0.0,0.0,0.0,0.0,0.0,0.0,0.0,0.0,0.0,0.0
6,24576,659.2066547225324,663.1389269917187,6.176684603000467,0.07432760500523727,60,0,1,59,0.0,0.016666666666666666,0.9833333333333333,0.045659866323694585,1.8610297322273255,0.11628362219780683,2.184041213989258,0.10072562921122881,0.5015062093734741,0.4997311234474182,0.5049100518226624,5.0,0,0.0,0.0,0.0,0.0,0.0,0.0,0.0,0.0,0.0,0.0,0.0
7,28672,661.2422140106248,682.685769693477,5.999832107001566,0.07648497100308305,0,0,0,0,0.0,0.0,0.0,0.027842210023663938,0.9632435873150825,0.09585013687610626,2.1898147583007814,0.05920007870154222,0.5031888484954834,0.5013552904129028,0.5050815343856812,5.0,0,0.0,0.0,0.0,0.0,0.0,0.0,0.0,0.0,0.0,0.0,0.0
8,32768,660.9318514341688,667.2885384215468,6.138274171004014,0.07602591100294376,0,0,0,0,0.0,0.0,0.0,-0.0031853428925387563,0.2165879387408495,0.0241570086684078,2.1927296042442324,0.008657416504865978,0.5011701583862305,0.4982346296310425,0.5063717365264893,5.0,0,0.0,0.0,0.0,0.0,0.0,0.0,0.0,0.0,0.0,0.0,0.0
9,36864,661.7152113649456,677.5622520055658,6.045200995002233,0.08264208200125722,0,0,0,0,0.0,0.0,0.0,-0.003554200555663556,0.28963085301220415,0.020813610823825,2.180644100904465,0.007100128814636264,0.5005937218666077,0.49725422263145447,0.5054110884666443,5.0,0,0.0,0.0,0.0,0.0,0.0,0.0,0.0,0.0,0.0,0.0,0.0
10,40960,660.0460221220543,653.5853295848851,6.266970530996332,0.0762388090006425,3,0,1,2,0.0,0.3333333333333333,0.6666666666666666,0.02647456314880401,0.6673224195837975,0.03721098210662603,2.180708944797516,0.14899806751782307,0.5004795789718628,0.4960252046585083,0.5052316784858704,5.0,0,0.0,0.0,0.0,0.0,0.0,0.0,0.0,0.0,0.0,0.0,0.0
11,45056,658.4429417742984,651.181153718665,6.290108331006195,0.07697309600189328,3,0,0,3,0.0,0.0,1.0,0.06354976706206798,3.1890689969062804,0.12745968271046876,2.183890163898468,0.11157025892171077,0.5025233030319214,0.4972947835922241,0.5086566805839539,5.0,0,0.0,0.0,0.0,0.0,0.0,0.0,0.0,0.0,0.0,0.0,0.0
12,49152,656.7998893841038,647.3402013659712,6.327430293000361,0.07623905799846398,58,0,0,58,0.0,0.0,1.0,0.010090513259638102,0.4230253636837006,0.0710245369002223,2.1955350279808044,0.018832566360651982,0.5033851861953735,0.49973753094673157,0.5098366737365723,5.0,0,0.0,0.0,0.0,0.0,0.0,0.0,0.0,0.0,0.0,0.0,0.0
13,53248,658.3077060601535,686.199734806788,5.969107523997081,0.07805695300339721,0,0,0,0,0.0,0.0,0.0,0.013205285475123674,0.4904607251286507,0.07153457626700402,2.1966961085796357,0.05272559756122064,0.5028476715087891,0.4972437024116516,0.5114683508872986,5.0,0,0.0,0.0,0.0,0.0,0.0,0.0,0.0,0.0,0.0,0.0,0.0
14,57344,658.9692066682743,676.4727501414011,6.054937171000347,0.07609269300155574,0,0,0,0,0.0,0.0,0.0,0.002069265057798475,0.9229026660323143,0.057882814668118954,2.1902997374534605,0.008473048541054596,0.5012508630752563,0.4943906366825104,0.5111909508705139,5.0,0,0.0,0.0,0.0,0.0,0.0,0.0,0.0,0.0,0.0,0.0,0.0
15,61440,658.9710626868008,667.5888798568803,6.1355126239941455,0.07608843199705007,0,0,0,0,0.0,0.0,0.0,0.024098603636957705,0.6330960974097252,0.0317175408359617,2.183796173334122,0.12417942905303789,0.501701831817627,0.495486855506897,0.512013852596283,5.0,0,0.0,0.0,0.0,0.0,0.0,0.0,0.0,0.0,0.0,0.0,0.0
16,65536,659.1427359495138,670.3414677920522,6.110318690996792,0.07485106899548555,3,0,0,3,0.0,0.0,1.0,0.04583678322378546,3.3640495598316194,0.11727284118533135,2.1902806520462037,0.10328210783336544,0.5028712749481201,0.496769517660141,0.5148857235908508,5.0,0,0.0,0.0,0.0,0.0,0.0,0.0,0.0,0.0,0.0,0.0,0.0
17,69632,658.5127036008139,656.7880161427674,6.236410986995907,0.07514211699890438,3,0,0,3,0.0,0.0,1.0,-0.00022195850033313036,0.2871451072394848,0.02540478897280991,2.193998897075653,0.02387529498373624,0.5027108192443848,0.49466753005981445,0.5187560319900513,5.0,0,0.0,0.0,0.0,0.0,0.0,0.0,0.0,0.0,0.0,0.0,0.0
18,73728,658.4110608963194,664.8416460495564,6.160865559999365,0.07308934000320733,58,0,0,58,0.0,0.0,1.0,0.00776263604639098,0.6402057737112046,0.07941692005842924,2.189288192987442,0.014803511285572312,0.5014563798904419,0.490000456571579,0.5213876366615295,5.0,0,0.0,0.0,0.0,0.0,0.0,0.0,0.0,0.0,0.0,0.0,0.0
19,77824,658.8740934924023,674.8281123249349,6.069693786004791,0.06486118400061969,0,0,0,0,0.0,0.0,0.0,0.014660542039200664,0.6856779173016548,0.09578983280807733,2.182767057418823,0.05484969800018007,0.5011136531829834,0.48791730403900146,0.5233450531959534,5.0,0,0.0,0.0,0.0,0.0,0.0,0.0,0.0,0.0,0.0,0.0,0.0
20,81920,659.2056637385884,674.2646340475234,6.074766186997294,0.07543672100291587,0,0,0,0,0.0,0.0,0.0,0.005123252043267712,1.3587844878435136,0.06573544023558497,2.181001180410385,0.018874071101890877,0.5002818703651428,0.48966678977012634,0.5193853378295898,5.0,0,0.0,0.0,0.0,0.0,0.0,0.0,0.0,0.0,0.0,0.0,0.0
21,86016,659.8536990968889,682.0330268384978,6.005574274000537,0.07587334400159307,0,0,0,0,0.0,0.0,0.0,0.0139960408792831,1.3482398062944412,0.06695480793714523,2.176328259706497,0.04108867382310564,0.49980419874191284,0.48951104283332825,0.5197159051895142,5.0,0,0.0,0.0,0.0,0.0,0.0,0.0,0.0,0.0,0.0,0.0,0.0
22,90112,659.6474654054742,663.7847901172229,6.170674683999096,0.07597947899921564,3,0,0,3,0.0,0.0,1.0,0.003966800408670678,0.9102013930678368,0.0608816621825099,2.17149213552475,0.012721684919961262,0.49833518266677856,0.4866396188735962,0.5195815563201904,5.0,0,0.0,0.0,0.0,0.0,0.0,0.0,0.0,0.0,0.0,0.0,0.0
23,94208,659.2042090932842,657.9120619414358,6.2257560500002,0.07615284900384722,3,0,0,3,0.0,0.0,1.0,0.005363196216057986,0.7095321089029312,0.05025364886969328,2.1625172913074495,0.02826932516763918,0.4969961643218994,0.4845094084739685,0.5191453099250793,5.0,0,0.0,0.0,0.0,0.0,0.0,0.0,0.0,0.0,0.0,0.0,0.0
24,98304,659.689234424494,679.9468126677775,6.024000589000934,0.07641329400212271,58,0,0,58,0.0,0.0,1.0,0.007074383832514286,0.6726489514112473,0.1026599120348692,2.1548485577106478,0.022806095422129146,0.4960559606552124,0.4822752773761749,0.5160678625106812,5.0,0,0.0,0.0,0.0,0.0,0.0,0.0,0.0,0.0,0.0,0.0,0.0
25,102400,659.749460569261,671.0049696819897,6.104276696998568,0.08662497100158362,0,0,0,0,0.0,0.0,0.0,2.8802594169974326e-05,0.9039903938770294,0.08850535191595554,2.1562723398208616,0.014725865609943867,0.4977456331253052,0.48508498072624207,0.5172475576400757,5.0,0,0.0,0.0,0.0,0.0,0.0,0.0,0.0,0.0,0.0,0.0,0.0
26,106496,660.1129876754761,678.0487915267199,6.040863211004762,0.07494379400304751,0,0,0,0,0.0,0.0,0.0,-0.0041087887482717635,0.5066687971353531,0.05241556847468019,2.1551412642002106,0.007392391565372236,0.49425482749938965,0.48220086097717285,0.5111172795295715,5.0,0,0.0,0.0,0.0,0.0,0.0,0.0,0.0,0.0,0.0,0.0,0.0
27,110592,660.2747503778561,673.4349089100422,6.08225078000396,0.07803987200168194,1,0,0,1,0.0,0.0,1.0,-0.0008276871056295931,0.7251101851463317,0.04208937017247081,2.137621784210205,0.014228403332526795,0.4932258129119873,0.48015210032463074,0.5076547265052795,5.0,0,0.0,0.0,0.0,0.0,0.0,0.0,0.0,0.0,0.0,0.0,0.0
28,114688,659.4524888296335,645.4654715179497,6.345808072997897,0.07046170600369805,4,0,1,3,0.0,0.25,0.75,-0.00024733643513172863,1.5291770428419114,0.07457371801137924,2.1360801219940186,0.011909848928917199,0.49336159229278564,0.4812031686306,0.5069433450698853,5.0,0,0.0,0.0,0.0,0.0,0.0,0.0,0.0,0.0,0.0,0.0,0.0
29,118784,659.6521233245616,673.6198822650377,6.080580617999658,0.07317540399526479,2,0,0,2,0.0,0.0,1.0,-0.0002125401922967285,1.2726388156414032,0.07624238282442093,2.135487753152847,0.01735044226370519,0.49283701181411743,0.48264265060424805,0.5064371824264526,5.0,0,0.0,0.0,0.0,0.0,0.0,0.0,0.0,0.0,0.0,0.0,0.0
30,122880,659.6119641674642,667.0782571002156,6.140209122997476,0.07736904399644118,57,0,0,57,0.0,0.0,1.0,0.010693836642894894,0.7388930499553681,0.11163448747247458,2.1328480303287507,0.025425625148636756,0.492694616317749,0.4812699854373932,0.5045791268348694,5.0,0,0.0,0.0,0.0,0.0,0.0,0.0,0.0,0.0,0.0,0.0,0.0
31,126976,659.9797320040267,680.0741926737345,6.022872275003465,0.0758250240032794,0,0,0,0,0.0,0.0,0.0,-0.005429552821442485,0.5924918070435524,0.07070317622274161,2.132055050134659,0.005600436644454021,0.492431640625,0.48321533203125,0.500328540802002,5.0,0,0.0,0.0,0.0,0.0,0.0,0.0,0.0,0.0,0.0,0.0,0.0
32,131072,660.1084755921386,673.1392383275435,6.084922355999879,0.07950703200185671,0,0,0,0,0.0,0.0,0.0,0.008882998710032553,0.6457527473568916,0.048665815498679876,2.129080355167389,0.026154964249872136,0.49156397581100464,0.48149755597114563,0.49916282296180725,5.0,0,0.0,0.0,0.0,0.0,0.0,0.0,0.0,0.0,0.0,0.0,0.0
33,135168,660.3569937242312,677.1690670001407,6.048711023002397,0.07608178500231588,1,0,0,1,0.0,0.0,1.0,0.0013217472296673805,1.4504749655723572,0.08510926328599452,2.12600554227829,0.009161853507976048,0.4917467534542084,0.48069000244140625,0.500938355922699,5.0,0,0.0,0.0,0.0,0.0,0.0,0.0,0.0,0.0,0.0,0.0,0.0
34,139264,660.3757404877271,669.497672772657,6.118019772999105,0.07522377800341928,4,0,0,4,0.0,0.0,1.0,0.01612974952440709,1.2873021185398101,0.08776740487664939,2.1282184541225435,0.05152607232739683,0.49244624376296997,0.48163285851478577,0.5044128894805908,5.0,0,0.0,0.0,0.0,0.0,0.0,0.0,0.0,0.0,0.0,0.0,0.0
35,143360,660.0466292457838,657.497377853066,6.229682639001112,0.07791927699872758,3,0,1,2,0.0,0.3333333333333333,0.6666666666666666,-0.004511410417035222,1.2135166466236114,0.06570314802229404,2.1379430890083313,0.0142108715386712,0.4950864911079407,0.48280224204063416,0.509544312953949,5.0,0,0.0,0.0,0.0,0.0,0.0,0.0,0.0,0.0,0.0,0.0,0.0
36,147456,659.9169291279693,664.7266206953236,6.161931645998266,0.0845829070021864,56,0,0,56,0.0,0.0,1.0,0.025833638198673726,0.7088742896914482,0.13305630087852477,2.1471539974212646,0.03933147820062004,0.4943201541900635,0.4808605909347534,0.5074589252471924,5.0,0,0.0,0.0,0.0,0.0,0.0,0.0,0.0,0.0,0.0,0.0,0.0
37,151552,660.1621371039823,679.0541380375051,6.0319196519994875,0.086382102999778,0,0,0,0,0.0,0.0,0.0,-0.00532740488415584,0.7200607106089592,0.08468185737729073,2.142110788822174,0.010081075345806313,0.4947379231452942,0.481707900762558,0.5061159729957581,5.0,0,0.0,0.0,0.0,0.0,0.0,0.0,0.0,0.0,0.0,0.0,0.0
38,155648,660.3223807244451,674.1340134746107,6.075943236995954,0.06832838500122307,0,0,0,0,0.0,0.0,0.0,0.005690412817057222,0.9610290378332138,0.07020225860178471,2.145306634902954,0.04310524022148456,0.49445897340774536,0.4829448163509369,0.5043615102767944,5.0,0,0.0,0.0,0.0,0.0,0.0,0.0,0.0,0.0,0.0,0.0,0.0
39,159744,660.1771295606974,663.1716700404818,6.1763796390005155,0.07644920900202123,3,0,0,3,0.0,0.0,1.0,0.003203226765617728,1.5941613852977752,0.09631194062530994,2.142430764436722,0.012821091878868174,0.4943907856941223,0.4857642948627472,0.5031324028968811,5.0,0,0.0,0.0,0.0,0.0,0.0,0.0,0.0,0.0,0.0,0.0,0.0
40,163840,659.7301688406235,650.8908880800226,6.29291341300268,0.07623601199884433,4,0,0,4,0.0,0.0,1.0,0.0020421304390765725,1.0494664862751961,0.0854737440124154,2.1401386201381682,0.007504037406761199,0.49271222949028015,0.4836159646511078,0.5013697743415833,5.0,0,0.0,0.0,0.0,0.0,0.0,0.0,0.0,0.0,0.0,0.0,0.0
41,167936,659.5566896960371,660.9447926168106,6.197189304999483,0.07538127199950395,57,0,0,57,0.0,0.0,1.0,-0.0019065609259996564,0.7226029172539711,0.07104483544826508,2.1301403284072875,0.013379235497268382,0.4922419488430023,0.48586249351501465,0.4998803734779358,5.0,0,0.0,0.0,0.0,0.0,0.0,0.0,0.0,0.0,0.0,0.0,0.0
42,172032,659.8946677475361,683.200612882489,5.995310780999716,0.07814164600131335,0,0,0,0,0.0,0.0,0.0,0.0015831845463253557,0.5412569291889667,0.10764369089156389,2.1295691549777986,0.01577556206175359,0.4917928874492645,0.4858098328113556,0.49834150075912476,5.0,0,0.0,0.0,0.0,0.0,0.0,0.0,0.0,0.0,0.0,0.0,0.0
43,176128,660.1865653547333,681.4033583549311,6.011123880998639,0.07425021500239382,0,0,0,0,0.0,0.0,0.0,-0.005488902807701379,0.740411353111267,0.07314026895910501,2.1232418715953827,0.0036099614007980563,0.4901196360588074,0.4838887155056,0.49705609679222107,5.0,0,0.0,0.0,0.0,0.0,0.0,0.0,0.0,0.0,0.0,0.0,0.0
44,180224,660.2980163782025,673.7356337313591,6.0795359409967205,0.07536234399594832,0,0,0,0,0.0,0.0,0.0,-0.00415731372195296,1.0404176071286202,0.06536875050514937,2.1103863060474395,0.00497940036439104,0.48763713240623474,0.48159652948379517,0.4946642518043518,5.0,0,0.0,0.0,0.0,0.0,0.0,0.0,0.0,0.0,0.0,0.0,0.0
45,184320,660.1729760664444,661.97242700342,6.187568897003075,0.06551091199798975,3,0,0,3,0.0,0.0,1.0,-0.0021048902184702457,1.200521656870842,0.07977423910051584,2.100458782911301,0.00787458858685568,0.48752349615097046,0.4836617112159729,0.4916628301143646,5.0,0,0.0,0.0,0.0,0.0,0.0,0.0,0.0,0.0,0.0,0.0,0.0
46,188416,659.428446277923,635.2472792647469,6.447882790998847,0.07541989899618784,5,0,0,5,0.0,0.0,1.0,0.001063856389373541,1.4090174913406373,0.0847922082990408,2.1034909546375276,0.023032414480985607,0.4883674383163452,0.4839754104614258,0.49597081542015076,5.0,0,0.0,0.0,0.0,0.0,0.0,0.0,0.0,0.0,0.0,0.0,0.0
47,192512,659.2595342481778,659.8965803565661,6.207033226004569,0.07600855200143997,56,0,0,56,0.0,0.0,1.0,-0.0024689694517292084,0.6783561691641807,0.09315394945442676,2.1072016954421997,0.0043386659221141596,0.4882737100124359,0.4805440902709961,0.4988477826118469,5.0,0,0.0,0.0,0.0,0.0,0.0,0.0,0.0,0.0,0.0,0.0,0.0
48,196608,659.496650720712,679.7025097370375,6.026165773000685,0.07627800399495754,0,0,0,0,0.0,0.0,0.0,0.007914174126926809,0.766635449230671,0.11051708627492189,2.1020844757556914,0.020914325820922387,0.4867754578590393,0.48082494735717773,0.4958893656730652,5.0,0,0.0,0.0,0.0,0.0,0.0,0.0,0.0,0.0,0.0,0.0,0.0
49,200704,659.6560737896989,674.9025013411052,6.069024773001729,0.06480413599638268,0,0,0,0,0.0,0.0,0.0,-0.005280206876341254,0.809868861734867,0.07892281319946051,2.091622006893158,0.012011750144301914,0.48503538966178894,0.4804835617542267,0.49337249994277954,5.0,0,0.0,0.0,0.0,0.0,0.0,0.0,0.0,0.0,0.0,0.0,0.0
50,204800,659.8002711461904,675.3330827881954,6.065155260999745,0.07322325299901422,0,0,0,0,0.0,0.0,0.0,-0.0016132745542563498,1.0376370549201965,0.06960921045392751,2.0773568987846374,0.009852304506057407,0.48200511932373047,0.4779725670814514,0.49000677466392517,5.0,0,0.0,0.0,0.0,0.0,0.0,0.0,0.0,0.0,0.0,0.0,0.0
51,208896,659.6064660235205,658.7728760753658,6.217620895993605,0.07772041799762519,3,0,0,3,0.0,0.0,1.0,-0.0035702716326341034,1.6441799223423004,0.09327047280967235,2.060575306415558,0.011883120474522002,0.4801263213157654,0.4759889245033264,0.4882645606994629,5.0,0,0.0,0.0,0.0,0.0,0.0,0.0,0.0,0.0,0.0,0.0,0.0
52,212992,659.0604558618511,640.1708218812556,6.39829223700508,0.0760460429955856,6,0,1,5,0.0,0.16666666666666666,0.8333333333333334,-0.0038989218999631705,1.1205979764461518,0.07582745943218469,2.0536503434181212,0.005265613204392139,0.47960108518600464,0.4735841453075409,0.48667243123054504,5.0,0,0.0,0.0,0.0,0.0,0.0,0.0,0.0,0.0,0.0,0.0,0.0
53,217088,658.9660542571853,664.9416751680099,6.159938762997626,0.09832106300018495,55,0,0,55,0.0,0.0,1.0,0.0039044026925694197,0.7238415881991387,0.09330193717032671,2.0530015349388124,0.01995208017906407,0.47994691133499146,0.472920298576355,0.4852859377861023,5.0,0,0.0,0.0,0.0,0.0,0.0,0.0,0.0,0.0,0.0,0.0,0.0
54,221184,659.0896774156706,674.1965194882712,6.075379924994195,0.07413888199516805,0,0,0,0,0.0,0.0,0.0,-0.00017497658263891934,0.7465255931019783,0.09843734856694937,2.0484129011631014,0.012802122982975561,0.47766169905662537,0.46841105818748474,0.48454371094703674,5.0,0,0.0,0.0,0.0,0.0,0.0,0.0,0.0,0.0,0.0,0.0,0.0
55,225280,659.1437435702363,670.7216940289306,6.106854805002513,0.07639729699440068,0,0,0,0,0.0,0.0,0.0,-0.0017662801779806613,0.49027536511421205,0.054916178341954947,2.030820995569229,0.012332704974687659,0.4746379852294922,0.4650837779045105,0.47942307591438293,5.0,0,0.0,0.0,0.0,0.0,0.0,0.0,0.0,0.0,0.0,0.0,0.0
56,229376,659.4221774602054,684.161080627358,5.986894191999454,0.07649846400454408,0,0,0,0,0.0,0.0,0.0,-0.0033919742447324095,0.93704002648592,0.0607168729417026,2.0110140681266784,0.009986024668614845,0.4711049497127533,0.4633464217185974,0.47653353214263916,5.0,0,0.0,0.0,0.0,0.0,0.0,0.0,0.0,0.0,0.0,0.0,0.0
57,233472,659.3608446338602,664.3780731160009,6.1651643329969374,0.07573772600153461,3,0,0,3,0.0,0.0,1.0,-0.0023541814531199633,1.5119550198316574,0.09368732459843158,1.9958216190338134,0.01252221999457106,0.47084832191467285,0.46124544739723206,0.47919961810112,5.0,0,0.0,0.0,0.0,0.0,0.0,0.0,0.0,0.0,0.0,0.0,0.0
58,237568,658.7631415691427,634.1364727601772,6.4591774419968715,0.07643864499550546,6,0,0,6,0.0,0.0,1.0,-0.0013705735793337226,1.2240973085165023,0.09261646866798401,1.9926409006118775,0.007204881501093041,0.468961238861084,0.46222230792045593,0.47831910848617554,5.0,0,0.0,0.0,0.0,0.0,0.0,0.0,0.0,0.0,0.0,0.0,0.0
59,241664,658.7015355511127,663.3398994959742,6.174813249002909,0.07407516499370104,55,0,0,55,0.0,0.0,1.0,0.01784860296174884,0.9120548114180564,0.10365125797688961,1.983121356368065,0.04210844217741396,0.4687572419643402,0.4619828164577484,0.47780829668045044,5.0,0,0.0,0.0,0.0,0.0,0.0,0.0,0.0,0.0,0.0,0.0,0.0
60,245760,658.8289710557193,674.901913960211,6.069030054997711,0.07388781400368316,0,0,0,0,0.0,0.0,0.0,-0.004210337670519948,0.5647132590413093,0.07010815348476171,1.9838267505168914,0.010115354828303679,0.4688203036785126,0.4625854194164276,0.4789988696575165,5.0,0,0.0,0.0,0.0,0.0,0.0,0.0,0.0,0.0,0.0,0.0,0.0
61,249856,658.9815187325588,677.082911611619,6.049480690999189,0.07633994900243124,0,0,0,0,0.0,0.0,0.0,0.006919847952667623,0.5569161497056484,0.04844640931114554,1.9832328468561173,0.022317180667596404,0.4685478210449219,0.46373555064201355,0.4761943817138672,5.0,0,0.0,0.0,0.0,0.0,0.0,0.0,0.0,0.0,0.0,0.0,0.0
62,253952,659.0322641419069,670.5905229870795,6.108049337999546,0.07464343500032555,1,0,0,1,0.0,0.0,1.0,0.001905502937734127,1.370287474989891,0.06332787657156587,1.98576318025589,0.026802088449767326,0.47015127539634705,0.4638527035713196,0.4789642095565796,5.0,0,0.0,0.0,0.0,0.0,0.0,0.0,0.0,0.0,0.0,0.0,0.0
63,258048,658.8554883235724,656.3992846541404,6.240104301999963,0.07687181700021029,4,0,0,4,0.0,0.0,1.0,0.020093226700555532,1.7468159526586533,0.1004229823127389,1.9982245355844497,0.051006698708806655,0.4721807837486267,0.4649149179458618,0.48197856545448303,5.0,0,0.0,0.0,0.0,0.0,0.0,0.0,0.0,0.0,0.0,0.0,0.0
64,262144,658.7833869204977,662.4960486282373,6.182678384997416,0.07467854399874341,4,0,0,4,0.0,0.0,1.0,0.0040763849159702655,0.9133893236517906,0.0636447218246758,2.001860076189041,0.019385872737620956,0.47029435634613037,0.4653892517089844,0.4777083396911621,5.0,0,0.0,0.0,0.0,0.0,0.0,0.0,0.0,0.0,0.0,0.0,0.0
65,266240,658.8228943985328,669.986027601004,6.113560330006294,0.07637704399530776,55,0,0,55,0.0,0.0,1.0,0.0026867663720622657,0.6577021047472954,0.1030635641887784,1.9912438660860061,0.011604177791741676,0.46994268894195557,0.46263715624809265,0.4777986705303192,5.0,0,0.0,0.0,0.0,0.0,0.0,0.0,0.0,0.0,0.0,0.0,0.0
66,270336,658.9987719084784,679.4297247409025,6.028585225001734,0.07587079999939306,0,0,0,0,0.0,0.0,0.0,0.013283095601946116,0.6767162635922432,0.08141855616122484,1.9922773510217666,0.06098637992254226,0.4704084098339081,0.4617581069469452,0.4774783253669739,5.0,0,0.0,0.0,0.0,0.0,0.0,0.0,0.0,0.0,0.0,0.0,0.0
67,274432,659.1588873351146,678.6975139732864,6.035089146003884,0.07626533500297228,0,0,0,0,0.0,0.0,0.0,-0.0032169964048080145,1.293605688214302,0.07426167968660594,1.9911581248044967,0.014886266099347267,0.4691109359264374,0.46187731623649597,0.4762454032897949,5.0,0,0.0,0.0,0.0,0.0,0.0,0.0,0.0,0.0,0.0,0.0,0.0
68,278528,659.2391354071458,673.1622195053594,6.084714621996682,0.07486578999669291,1,0,0,1,0.0,0.0,1.0,0.016160712984856218,1.656234511733055,0.08027412220835686,1.9833940744400025,0.08686105759989005,0.46854591369628906,0.45966804027557373,0.47543448209762573,5.0,0,0.0,0.0,0.0,0.0,0.0,0.0,0.0,0.0,0.0,0.0,0.0
69,282624,659.1771811609867,663.3696787661761,6.174536056001671,0.07573352199688088,4,0,0,4,0.0,0.0,1.0,0.0047002022853121165,1.1555146366357802,0.062189459428191186,1.9803919613361358,0.011720163183053956,0.4679639935493469,0.4569566249847412,0.47520574927330017,5.0,0,0.0,0.0,0.0,0.0,0.0,0.0,0.0,0.0,0.0,0.0,0.0
70,286720,658.9141258950183,649.3273619123399,6.308066224002687,0.07569938099913998,5,0,1,4,0.0,0.2,0.8,0.03353391048731282,0.6542943805456162,0.04153549605980515,1.9760719299316407,0.09334609015058959,0.46713608503341675,0.454806923866272,0.47520798444747925,5.0,0,0.0,0.0,0.0,0.0,0.0,0.0,0.0,0.0,0.0,0.0,0.0
71,290816,659.097174735189,680.1755792686475,6.021974508999847,0.06853152500116266,54,0,0,54,0.0,0.0,1.0,0.018704189109848814,1.2065893411636353,0.11323630455881357,1.9715589582920074,0.025963965695700607,0.4669322967529297,0.4521709084510803,0.47449368238449097,5.0,0,0.0,0.0,0.0,0.0,0.0,0.0,0.0,0.0,0.0,0.0,0.0
72,294912,659.1802672593951,674.716168042341,6.070700828000554,0.08430388199485606,0,0,0,0,0.0,0.0,0.0,-0.003099681786261499,0.502412223815918,0.0619407657533884,1.9718682587146759,0.010745752385992091,0.4672125279903412,0.451459676027298,0.47546669840812683,5.0,0,0.0,0.0,0.0,0.0,0.0,0.0,0.0,0.0,0.0,0.0,0.0
73,299008,659.3056786357979,677.1541667700142,6.048844119999558,0.07539615299901925,0,0,0,0,0.0,0.0,0.0,-0.004941408499144017,0.3908992141485214,0.03619782784953714,1.9689896881580353,0.006314215672318824,0.4655344486236572,0.4484378695487976,0.4745599031448364,5.0,0,0.0,0.0,0.0,0.0,0.0,0.0,0.0,0.0,0.0,0.0,0.0
74,303104,659.3473255531663,670.8568603449905,6.105624376999913,0.07468320999760181,3,0,0,3,0.0,0.0,1.0,-0.0006053394521586597,1.2395840108394622,0.06417884957045317,1.958129420876503,0.010437548346817493,0.4644101858139038,0.44681400060653687,0.4735831022262573,5.0,0,0.0,0.0,0.0,0.0,0.0,0.0,0.0,0.0,0.0,0.0,0.0
75,307200,658.9673332798267,639.7823192641417,6.4021775479995995,0.07533337999484502,5,0,1,4,0.0,0.2,0.8,-0.00255086908582598,1.5356330960988998,0.08184228967875243,1.952526831626892,0.0074554822596837765,0.46372371912002563,0.4454009234905243,0.47305503487586975,5.0,0,0.0,0.0,0.0,0.0,0.0,0.0,0.0,0.0,0.0,0.0,0.0
76,311296,658.689793239147,647.0260720907528,6.3305022419954184,0.08126652699866099,56,0,0,56,0.0,0.0,1.0,0.010749301803298295,1.1679148495197296,0.0712555006146431,1.9530998408794402,0.041710884743952195,0.46527549624443054,0.4461091458797455,0.4756605625152588,5.0,0,0.0,0.0,0.0,0.0,0.0,0.0,0.0,0.0,0.0,0.0,0.0
77,315392,658.9137923249733,684.6278871995399,5.982812088994251,0.06982273500034353,0,0,0,0,0.0,0.0,0.0,0.00315819043898955,0.685913011431694,0.10846122708171606,1.9591537475585938,0.0069631236678105776,0.4643348157405853,0.44330093264579773,0.47663432359695435,5.0,0,0.0,0.0,0.0,0.0,0.0,0.0,0.0,0.0,0.0,0.0,0.0
78,319488,659.1299927004965,685.2708648729725,5.977198520995444,0.07668028399348259,0,0,0,0,0.0,0.0,0.0,-0.00043095511791761963,0.6603492856025696,0.07806371394544839,1.9500698685646056,0.0196078251246945,0.4633602499961853,0.4429275095462799,0.4761659502983093,5.0,0,0.0,0.0,0.0,0.0,0.0,0.0,0.0,0.0,0.0,0.0,0.0
79,323584,659.1724932406266,670.8643417227853,6.105556287999207,0.07354913999733981,0,0,0,0,0.0,0.0,0.0,0.0022925478173419834,1.165543556213379,0.07107912916690111,1.9454150944948196,0.022482978794141673,0.4626457095146179,0.4431523382663727,0.4758906066417694,5.0,0,0.0,0.0,0.0,0.0,0.0,0.0,0.0,0.0,0.0,0.0,0.0
80,327680,659.0752300471403,659.6667205225332,6.2091960569960065,0.07439674600027502,3,0,0,3,0.0,0.0,1.0,-0.0008900698740035295,1.3970034897327424,0.08442722838371992,1.946098256111145,0.021472936825011855,0.46396511793136597,0.4461391866207123,0.4753972589969635,5.0,0,0.0,0.0,0.0,0.0,0.0,0.0,0.0,0.0,0.0,0.0,0.0
81,331776,658.6250249011547,632.105535496897,6.47993059700093,0.0757442739995895,6,0,0,6,0.0,0.0,1.0,-0.0022459221654571593,0.7760360062122345,0.06854246156290174,1.9534753173589707,0.018572693967144005,0.4642070233821869,0.44784146547317505,0.4730237126350403,5.0,0,0.0,0.0,0.0,0.0,0.0,0.0,0.0,0.0,0.0,0.0,0.0
82,335872,658.3563144195797,645.3204443268243,6.347234209002636,0.07656214999587974,55,0,1,54,0.0,0.01818181818181818,0.9818181818181818,-0.003428212512517348,0.8324637323617935,0.07769252583384514,1.9510987728834153,0.007794665497203823,0.4629044532775879,0.44775858521461487,0.47314339876174927,5.0,0,0.0,0.0,0.0,0.0,0.0,0.0,0.0,0.0,0.0,0.0,0.0
83,339968,658.5743477489784,685.9837786145888,5.970986672997242,0.07636288500361843,0,0,0,0,0.0,0.0,0.0,0.013867476975428871,0.6290684387087822,0.09855142030864954,1.9440540462732314,0.029524610791122542,0.4628218114376068,0.448793888092041,0.4733273983001709,5.0,0,0.0,0.0,0.0,0.0,0.0,0.0,0.0,0.0,0.0,0.0,0.0
84,344064,658.6454310540869,672.9354996120375,6.086764633997518,0.07315982499858364,0,0,0,0,0.0,0.0,0.0,-0.003379863314330578,0.7381654068827629,0.07474197428673506,1.9439888685941695,0.024791589510277844,0.4623122811317444,0.45156100392341614,0.47002482414245605,5.0,0,0.0,0.0,0.0,0.0,0.0,0.0,0.0,0.0,0.0,0.0,0.0
85,348160,658.6702113976374,669.2600596374448,6.120191905996762,0.07565701899875421,0,0,0,0,0.0,0.0,0.0,-0.0034545989008620383,1.1370448440313339,0.07198728956282138,1.9350757420063018,0.00934904676541919,0.4599495530128479,0.4492764472961426,0.4658401906490326,5.0,0,0.0,0.0,0.0,0.0,0.0,0.0,0.0,0.0,0.0,0.0,0.0
86,352256,658.7415552090135,673.4492302442159,6.082121437000751,0.07568300500133773,3,0,0,3,0.0,0.0,1.0,0.014907121751457452,1.3221292972564698,0.09093824774026871,1.9266933739185332,0.05536899528087815,0.46073147654533386,0.4484364688396454,0.46710214018821716,5.0,0,0.0,0.0,0.0,0.0,0.0,0.0,0.0,0.0,0.0,0.0,0.0
87,356352,658.4100933327356,638.9206782858689,6.410811450004985,0.07586884900229052,7,0,0,7,0.0,0.0,1.0,-0.003007457760395482,1.1728127032518387,0.07661820407956839,1.9324384927749634,0.0179361327944207,0.46046310663223267,0.4497728943824768,0.4667873680591583,5.0,0,0.0,0.0,0.0,0.0,0.0,0.0,0.0,0.0,0.0,0.0,0.0
88,360448,658.2706663463783,654.7493259888715,6.255829273002746,0.078022683999734,54,0,0,54,0.0,0.0,1.0,0.0016498445998877286,0.7571551457047463,0.09866036418825389,1.9312015920877457,0.024884099402697757,0.4613933265209198,0.45050108432769775,0.46707603335380554,5.0,0,0.0,0.0,0.0,0.0,0.0,0.0,0.0,0.0,0.0,0.0,0.0
89,364544,658.4028428354366,679.2074376038005,6.030558225997083,0.07767484999931185,0,0,0,0,0.0,0.0,0.0,-0.0006424058461561799,0.7293467938899993,0.08837322760373353,1.939530223608017,0.012460958334850147,0.4624699354171753,0.4508304297924042,0.4696442186832428,5.0,0,0.0,0.0,0.0,0.0,0.0,0.0,0.0,0.0,0.0,0.0,0.0
90,368640,658.4282375409072,669.1844917230418,6.1208830310060875,0.07496412000182318,0,0,0,0,0.0,0.0,0.0,0.0011635637260042132,0.605409736931324,0.06457210481166839,1.941047450900078,0.02174995064124232,0.46142953634262085,0.45129212737083435,0.46702873706817627,5.0,0,0.0,0.0,0.0,0.0,0.0,0.0,0.0,0.0,0.0,0.0,0.0
91,372736,658.5648454594166,680.6203632806163,6.018039161004708,0.0730854800058296,0,0,0,0,0.0,0.0,0.0,-0.0035436762729659675,1.2882431089878081,0.06634545754641294,1.9341400146484375,0.012360705745231826,0.461323618888855,0.4512966275215149,0.4663918614387512,5.0,0,0.0,0.0,0.0,0.0,0.0,0.0,0.0,0.0,0.0,0.0,0.0
92,376832,658.458978421054,657.4025419138876,6.230581324001832,0.07755744199675974,3,0,0,3,0.0,0.0,1.0,0.002153298421762884,1.4336629331111908,0.08680929839611054,1.9388172060251236,0.01001664325449383,0.462181031703949,0.4529557228088379,0.4674409031867981,5.0,0,0.0,0.0,0.0,0.0,0.0,0.0,0.0,0.0,0.0,0.0,0.0
93,380928,658.1237781681756,636.499835490011,6.435194122001121,0.0769032110038097,7,0,0,7,0.0,0.0,1.0,-0.002143585472367704,0.8854709029197693,0.0786994781345129,1.939566397666931,0.01376464121567551,0.46150898933410645,0.4536019563674927,0.4656226933002472,5.0,0,0.0,0.0,0.0,0.0,0.0,0.0,0.0,0.0,0.0,0.0,0.0
94,385024,658.0314692964769,657.7697671157016,6.227102862998436,0.07534070900146617,54,0,0,54,0.0,0.0,1.0,0.006085269374307245,0.653911842405796,0.08889004420489073,1.9342651188373565,0.0228637890148093,0.4607507884502411,0.4533107578754425,0.46494096517562866,5.0,0,0.0,0.0,0.0,0.0,0.0,0.0,0.0,0.0,0.0,0.0,0.0
95,389120,658.2511720840382,688.9590490816058,5.945200959999056,0.07855712399759796,0,0,0,0,0.0,0.0,0.0,-0.0011298829456791281,0.5966156303882599,0.076732312515378,1.927560770511627,0.011626573350804392,0.459013432264328,0.45043060183525085,0.4647742509841919,5.0,0,0.0,0.0,0.0,0.0,0.0,0.0,0.0,0.0,0.0,0.0,0.0
96,393216,658.2739374681603,668.3341335706681,6.128670965998026,0.07000891799543751,0,0,0,0,0.0,0.0,0.0,0.006180021492764354,0.7660101920366287,0.05093885594978929,1.9146981209516525,0.027452757010178176,0.4571877121925354,0.4501716196537018,0.4630250334739685,5.0,0,0.0,0.0,0.0,0.0,0.0,0.0,0.0,0.0,0.0,0.0,0.0
97,397312,658.2391192707026,662.478168608675,6.182845253002597,0.06828760699863778,1,0,0,1,0.0,0.0,1.0,0.0031389660201966763,1.6420869946479797,0.07327445764094591,1.9049030989408493,0.018618255812907592,0.45624181628227234,0.44998899102211,0.46136921644210815,5.0,0,0.0,0.0,0.0,0.0,0.0,0.0,0.0,0.0,0.0,0.0,0.0
98,401408,658.1370596489143,656.5258282079852,6.238901538999926,0.07500121199700516,4,0,0,4,0.0,0.0,1.0,0.022302156628575175,1.2709297001361848,0.07715182267129421,1.906439843773842,0.06558634451648686,0.4580932855606079,0.45230188965797424,0.46099233627319336,5.0,0,0.0,0.0,0.0,0.0,0.0,0.0,0.0,0.0,0.0,0.0,0.0
99,405504,657.9336086698376,646.4994051951364,6.335659347998444,0.0751458679951611,5,0,0,5,0.0,0.0,1.0,0.00491325567709282,0.985312569141388,0.06113528814166784,1.9171441972255707,0.02498978023941163,0.45859190821647644,0.4519544541835785,0.4622580409049988,5.0,0,0.0,0.0,0.0,0.0,0.0,0.0,0.0,0.0,0.0,0.0,0.0
100,409600,657.8900552115874,662.0531591409134,6.18681437199848,0.0768501299971831,54,0,1,53,0.0,0.018518518518518517,0.9814814814814815,0.012298835621913895,0.7063479885458946,0.10363296866416931,1.9180307179689406,0.04284670594352065,0.45859748125076294,0.4517338275909424,0.4633900225162506,5.0,0,0.0,0.0,0.0,0.0,0.0,0.0,0.0,0.0,0.0,0.0,0.0
101,413696,657.9243417985813,670.0906833667825,6.112605505004467,0.07498965699778637,0,0,0,0,0.0,0.0,0.0,0.002927304565673694,1.2662219434976578,0.09866700824350119,1.9170010566711426,0.026080766452651005,0.45865631103515625,0.4499276280403137,0.467388391494751,5.0,0,0.0,0.0,0.0,0.0,0.0,0.0,0.0,0.0,0.0,0.0,0.0
102,417792,658.04876759311,679.5937768224635,6.0271299409942,0.07535921700036852,0,0,0,0,0.0,0.0,0.0,-0.005992149736266583,0.7712015405297279,0.05792417079210281,1.913312405347824,0.012671799324743915,0.4566973149776459,0.44957348704338074,0.4643872380256653,5.0,0,0.0,0.0,0.0,0.0,0.0,0.0,0.0,0.0,0.0,0.0,0.0
103,421888,658.0637198182582,668.3948319655777,6.12811440799851,0.07871583700034535,1,0,0,1,0.0,0.0,1.0,-0.0034091616282239555,0.9741766646504402,0.05906453225761652,1.902564287185669,0.008050228939100634,0.45609384775161743,0.4481891989707947,0.4658909738063812,5.0,0,0.0,0.0,0.0,0.0,0.0,0.0,0.0,0.0,0.0,0.0,0.0
104,425984,657.9279620946155,652.2331846166978,6.279962590997457,0.07476746100292075,5,0,0,5,0.0,0.0,1.0,0.0018539657932706178,1.0295896142721177,0.06313821030780672,1.9012052923440934,0.010891929097124376,0.45638105273246765,0.447247177362442,0.4677627682685852,5.0,0,0.0,0.0,0.0,0.0,0.0,0.0,0.0,0.0,0.0,0.0,0.0
105,430080,657.7007476905791,642.9937370452834,6.370202015998075,0.07769866499438649,6,0,1,5,0.0,0.16666666666666666,0.8333333333333334,0.0016951265395618975,0.9706707462668419,0.07307573687285185,1.9007051855325698,0.02092548221407924,0.4553414285182953,0.4478491246700287,0.4671144485473633,5.0,0,0.0,0.0,0.0,0.0,0.0,0.0,0.0,0.0,0.0,0.0,0.0
106,434176,657.6217492745809,657.7777974283908,6.227026840999315,0.07656682300148532,52,0,0,52,0.0,0.0,1.0,0.013120242184959352,0.8626467555761337,0.09831523466855288,1.8951743870973587,0.023064542544307187,0.4553564786911011,0.4467317759990692,0.4663921594619751,5.0,0,0.0,0.0,0.0,0.0,0.0,0.0,0.0,0.0,0.0,0.0,0.0
107,438272,657.6935770613397,674.0309793991026,6.07687202100351,0.07556149800075218,0,0,0,0,0.0,0.0,0.0,-0.0023644900415092708,0.5267646476626396,0.05459122005850077,1.898413109779358,0.01391504534840351,0.4562075138092041,0.4466973841190338,0.4644550681114197,5.0,0,0.0,0.0,0.0,0.0,0.0,0.0,0.0,0.0,0.0,0.0,0.0
108,442368,657.8195043310958,680.4586371360183,6.019469481994747,0.07591845500428462,0,0,0,0,0.0,0.0,0.0,-0.001972786185797304,0.2815602164715528,0.0279667183291167,1.8986034452915193,0.0070169008497032335,0.45446550846099854,0.4453864097595215,0.461434930562973,5.0,0,0.0,0.0,0.0,0.0,0.0,0.0,0.0,0.0,0.0,0.0,0.0
109,446464,657.9351443094586,679.5773241212866,6.0272758589999285,0.0766362550057238,1,0,0,1,0.0,0.0,1.0,0.0024162973975762727,1.0080057799816131,0.04741345243528485,1.8861057817935944,0.024473569473775568,0.4532502591609955,0.44420748949050903,0.45903798937797546,5.0,0,0.0,0.0,0.0,0.0,0.0,0.0,0.0,0.0,0.0,0.0,0.0
110,450560,657.7012477912757,640.9226915344457,6.390786367999681,0.07494881199818337,6,0,0,6,0.0,0.0,1.0,0.022639710968360306,2.267116904258728,0.09751141201704741,1.885759487748146,0.04886469492048491,0.4551088809967041,0.44498711824417114,0.46019721031188965,5.0,0,0.0,0.0,0.0,0.0,0.0,0.0,0.0,0.0,0.0,0.0,0.0
111,454656,657.4657266471798,640.3116969302645,6.396884548004891,0.0753567869978724,7,0,0,7,0.0,0.0,1.0,0.0038563609588891266,0.6851417437195778,0.05491482662037015,1.898325315117836,0.027851822461525445,0.4557027220726013,0.44582387804985046,0.4612925946712494,5.0,0,0.0,0.0,0.0,0.0,0.0,0.0,0.0,0.0,0.0,0.0,0.0
112,458752,657.5194062344609,672.1130818603068,6.094212582000182,0.07508079899707809,50,0,0,50,0.0,0.0,1.0,0.0010729271336458624,0.5775713138282299,0.10265243351459503,1.8985552757978439,0.014206329634180292,0.4556533992290497,0.4472653567790985,0.46107521653175354,5.0,0,0.0,0.0,0.0,0.0,0.0,0.0,0.0,0.0,0.0,0.0,0.0
113,462848,657.5810776613331,673.1093124012815,6.085192887003359,0.0750663020007778,0,0,0,0,0.0,0.0,0.0,-0.0012972200405783952,0.6996462643146515,0.06932576652616262,1.8952098727226256,0.024311707935703454,0.4543039798736572,0.4453534483909607,0.46136945486068726,5.0,0,0.0,0.0,0.0,0.0,0.0,0.0,0.0,0.0,0.0,0.0,0.0
114,466944,657.7720103506956,689.4646373428983,5.940841310999531,0.0789341570052784,0,0,0,0,0.0,0.0,0.0,-0.00024155803839676082,1.5364890158176423,0.0702978853136301,1.8866633743047714,0.025258471030974762,0.4537672698497772,0.443796306848526,0.4619920253753662,5.0,0,0.0,0.0,0.0,0.0,0.0,0.0,0.0,0.0,0.0,0.0,0.0
115,471040,657.7298402419812,661.5453905509883,6.191563055996085,0.07789912799489684,3,0,0,3,0.0,0.0,1.0,0.011729851679410786,1.2843054860830307,0.07941250074654818,1.8853449434041978,0.03661144961515674,0.4536163806915283,0.44153186678886414,0.4611569046974182,5.0,0,0.0,0.0,0.0,0.0,0.0,0.0,0.0,0.0,0.0,0.0,0.0
116,475136,657.5054063569547,640.6053384135229,6.393952335994982,0.07672254100179998,6,0,0,6,0.0,0.0,1.0,-0.0013588152825832367,0.9865438789129257,0.06519225249066948,1.8887809187173843,0.00719761491054669,0.4552069902420044,0.44149771332740784,0.46557557582855225,5.0,0,0.0,0.0,0.0,0.0,0.0,0.0,0.0,0.0,0.0,0.0,0.0
117,479232,657.2407767697206,635.6131390415794,6.44417138100107,0.07586679900123272,55,0,2,53,0.0,0.03636363636363636,0.9636363636363636,0.018158597685396672,1.027487115561962,0.07119723027572036,1.889342251420021,0.04951543647039216,0.45242398977279663,0.4412563741207123,0.4607921242713928,5.0,0,0.0,0.0,0.0,0.0,0.0,0.0,0.0,0.0,0.0,0.0,0.0
118,483328,657.3589673538677,680.3456998553398,6.020468712995353,0.07632070399995428,0,0,0,0,0.0,0.0,0.0,0.0030100786010734738,0.6594712749123574,0.0992660578340292,1.8718460023403167,0.01786378847755259,0.4513081908226013,0.4406522810459137,0.45820558071136475,5.0,0,0.0,0.0,0.0,0.0,0.0,0.0,0.0,0.0,0.0,0.0,0.0
119,487424,657.5004153916477,683.588955999521,5.991904877999332,0.07604172600258607,0,0,0,0,0.0,0.0,0.0,-0.001018938363995403,0.5813145816326142,0.06625775406137109,1.86973337829113,0.013414338047732599,0.4518188238143921,0.4417213797569275,0.4584544003009796,5.0,0,0.0,0.0,0.0,0.0,0.0,0.0,0.0,0.0,0.0,0.0,0.0
120,491520,657.5969371012619,678.1219706378283,6.0402113150048535,0.07634766000410309,0,0,0,0,0.0,0.0,0.0,0.0009134268504567445,0.8846956461668014,0.0584263214841485,1.8695283949375152,0.014779306019772776,0.4497969150543213,0.4388623535633087,0.45788779854774475,5.0,0,0.0,0.0,0.0,0.0,0.0,0.0,0.0,0.0,0.0,0.0,0.0
121,495616,657.5696962106854,662.6917479399859,6.180852580000646,0.07602636400406482,3,0,0,3,0.0,0.0,1.0,0.009863867529202253,1.4844575881958009,0.08305228650569915,1.8594692915678024,0.023498521560395603,0.4506942927837372,0.43901997804641724,0.4582499563694,5.0,0,0.0,0.0,0.0,0.0,0.0,0.0,0.0,0.0,0.0,0.0,0.0
122,499712,657.2381583894623,626.9608179494139,6.533103636997112,0.07559908399707638,8,0,0,8,0.0,0.0,1.0,-0.0021357871941290797,0.93411625623703,0.05732970535755157,1.8675352156162262,0.008801877796940971,0.4510875642299652,0.4417437016963959,0.45646363496780396,5.0,0,0.0,0.0,0.0,0.0,0.0,0.0,0.0,0.0,0.0,0.0,0.0
123,503808,657.0519387662806,643.0051349342078,6.370089097996242,0.07587637799588265,53,0,0,53,0.0,0.0,1.0,0.0008835308719426394,0.7331429362297058,0.08929915558546782,1.8651744365692138,0.015501857476192527,0.44989389181137085,0.441840797662735,0.4554479420185089,5.0,0,0.0,0.0,0.0,0.0,0.0,0.0,0.0,0.0,0.0,0.0,0.0
124,507904,657.1847619341629,683.4165580146929,5.993416389996128,0.08092441799817607,0,0,0,0,0.0,0.0,0.0,0.0027283006580546497,0.8301255956292153,0.11710750833153724,1.8535540401935577,0.01248284632456489,0.44800204038619995,0.4416445791721344,0.45319584012031555,5.0,0,0.0,0.0,0.0,0.0,0.0,0.0,0.0,0.0,0.0,0.0,0.0
125,512000,657.2495534054344,674.3114146344585,6.074344747998111,0.078139225995983,0,0,0,0,0.0,0.0,0.0,-0.0020859379786998034,1.027799193561077,0.08816837333142757,1.8465859562158584,0.02174601778242504,0.44802623987197876,0.4382959008216858,0.4551219642162323,5.0,0,0.0,0.0,0.0,0.0,0.0,0.0,0.0,0.0,0.0,0.0,0.0
126,516096,657.2969033417255,672.58100069014,6.089972800000396,0.08233685199957108,0,0,0,0,0.0,0.0,0.0,-0.003743795584887266,1.0009580165147782,0.07196522001177072,1.8439635515213013,0.007779233648034278,0.44631871581077576,0.43553727865219116,0.4555109739303589,5.0,0,0.0,0.0,0.0,0.0,0.0,0.0,0.0,0.0,0.0,0.0,0.0
127,520192,657.2965979043056,664.9531043789435,6.159832885998185,0.06906679000530858,4,0,1,3,0.0,0.25,0.75,0.013422511407407,1.081180988252163,0.06914150323718786,1.8342209488153458,0.03423155801719986,0.44592389464378357,0.4349931478500366,0.45661377906799316,5.0,0,0.0,0.0,0.0,0.0,0.0,0.0,0.0,0.0,0.0,0.0,0.0
128,524288,656.9746338113861,625.9038448433407,6.544136186006654,0.07523128200409701,9,0,0,9,0.0,0.0,1.0,-0.003879369073547423,1.5002834379673005,0.07622348759323358,1.833134114742279,0.012152673238597344,0.44602274894714355,0.4354601502418518,0.4577000141143799,5.0,0,0.0,0.0,0.0,0.0,0.0,0.0,0.0,0.0,0.0,0.0,0.0
129,528384,656.7160637771594,632.8031472086675,6.472787024002173,0.07538547400326934,51,0,0,51,0.0,0.0,1.0,0.009842765290522948,0.996576601266861,0.10059103276580572,1.8342037349939346,0.03570792214741232,0.4460390508174896,0.4347918629646301,0.4572315216064453,5.0,0,0.0,0.0,0.0,0.0,0.0,0.0,0.0,0.0,0.0,0.0,0.0
130,532480,656.8103159657891,677.9082222062784,6.042115828997339,0.0757040840035188,0,0,0,0,0.0,0.0,0.0,-0.005183041736017913,0.38090397492051126,0.06796096377074719,1.8351499348878861,0.009026442254253197,0.44656455516815186,0.43309271335601807,0.4581913650035858,5.0,0,0.0,0.0,0.0,0.0,0.0,0.0,0.0,0.0,0.0,0.0,0.0
131,536576,656.947924707091,684.2877500492643,5.98578594999708,0.07614765899779741,0,0,0,0,0.0,0.0,0.0,-0.003079826768953353,0.47230877801775933,0.04681215351447463,1.838069599866867,0.013275145813531708,0.44676631689071655,0.4330493211746216,0.4584346413612366,5.0,0,0.0,0.0,0.0,0.0,0.0,0.0,0.0,0.0,0.0,0.0,0.0
132,540672,656.9665841339539,668.5723807677471,6.126487000998168,0.08175847999518737,0,0,0,0,0.0,0.0,0.0,0.012622812332119792,0.6626335516571998,0.04696057038381696,1.839182484149933,0.05944676112558227,0.4468940198421478,0.4334195554256439,0.4588088393211365,5.0,0,0.0,0.0,0.0,0.0,0.0,0.0,0.0,0.0,0.0,0.0,0.0
133,544768,656.9883125976045,668.3377724935475,6.128637597001216,0.07515402699937113,4,0,0,4,0.0,0.0,1.0,0.02555428253253922,2.1654146403074264,0.11096417754888535,1.8462972223758698,0.05573501793987816,0.44947370886802673,0.4358981251716614,0.4581792652606964,5.0,0,0.0,0.0,0.0,0.0,0.0,0.0,0.0,0.0,0.0,0.0,0.0
134,548864,656.7313938111733,631.8771431050039,6.482272772002034,0.07563182300509652,9,0,0,9,0.0,0.0,1.0,0.005234620627015829,0.7088600262999535,0.06530626881867647,1.8606651961803435,0.01704383938922547,0.45019853115081787,0.4363873600959778,0.459071546792984,5.0,0,0.0,0.0,0.0,0.0,0.0,0.0,0.0,0.0,0.0,0.0,0.0
135,552960,656.6416174764466,651.7867822193265,6.28426367600332,0.06480341000133194,51,0,0,51,0.0,0.0,1.0,-0.0011067425832152367,0.5487383879721165,0.09633132293820382,1.8587187379598618,0.008734596366412006,0.4487437605857849,0.4347178339958191,0.4593218266963959,5.0,0,0.0,0.0,0.0,0.0,0.0,0.0,0.0,0.0,0.0,0.0,0.0
136,557056,656.751885926514,680.8928137862622,6.0156311200044,0.07652759100164985,0,0,0,0,0.0,0.0,0.0,0.00486292652785778,0.5340322151780128,0.08287631701678037,1.8523706644773483,0.019224787758139426,0.44932740926742554,0.43530985713005066,0.45987969636917114,5.0,0,0.0,0.0,0.0,0.0,0.0,0.0,0.0,0.0,0.0,0.0,0.0
137,561152,656.7739795518223,668.9181649699851,6.123320033002528,0.08078101799765136,0,0,0,0,0.0,0.0,0.0,0.008878749655559659,0.7564886748790741,0.05651122611016035,1.8558978646993638,0.03989781301352195,0.44892022013664246,0.43443477153778076,0.4607774317264557,5.0,0,0.0,0.0,0.0,0.0,0.0,0.0,0.0,0.0,0.0,0.0,0.0
138,565248,656.863810053808,678.3212972502968,6.038436381997599,0.07447269200201845,1,0,0,1,0.0,0.0,1.0,0.009222220466472208,1.6136353850364684,0.0862346226349473,1.8497491270303725,0.027650758775416763,0.4479394853115082,0.4311043918132782,0.45891931653022766,5.0,0,0.0,0.0,0.0,0.0,0.0,0.0,0.0,0.0,0.0,0.0,0.0
139,569344,656.8014610188109,656.2570553043241,6.241456707997713,0.07333548199676443,5,0,0,5,0.0,0.0,1.0,0.00024893993977457283,0.9782979398965835,0.07117532361298799,1.8422894448041915,0.025231163887656293,0.4464437663555145,0.43181654810905457,0.4549434781074524,5.0,0,0.0,0.0,0.0,0.0,0.0,0.0,0.0,0.0,0.0,0.0,0.0
140,573440,656.4844253758745,622.6708624705351,6.578114131996699,0.07647347600141075,9,0,0,9,0.0,0.0,1.0,0.004020224662963301,0.8092246919870376,0.07317559458315373,1.8355159878730773,0.02237424647610169,0.4464000165462494,0.43217071890830994,0.4543635845184326,5.0,0,0.0,0.0,0.0,0.0,0.0,0.0,0.0,0.0,0.0,0.0,0.0
141,577536,656.4364409476696,658.7287416302515,6.218037473001459,0.08260260799579555,49,0,0,49,0.0,0.0,1.0,0.002849674492608756,0.6114764302968979,0.11656667422503234,1.838314151763916,0.023361949971877037,0.44705089926719666,0.43370333313941956,0.4540693163871765,5.0,0,0.0,0.0,0.0,0.0,0.0,0.0,0.0,0.0,0.0,0.0,0.0
142,581632,656.5760546490908,685.9792640766989,5.971025969003676,0.07728034599858802,0,0,0,0,0.0,0.0,0.0,0.007012096233665943,0.9902446761727333,0.09345056135207415,1.8395909130573274,0.03267844184738351,0.4465145468711853,0.43386465311050415,0.4531937837600708,5.0,0,0.0,0.0,0.0,0.0,0.0,0.0,0.0,0.0,0.0,0.0,0.0
143,585728,656.6350782634689,673.6790679620715,6.080046411996591,0.07501258199772565,0,0,0,0,0.0,0.0,0.0,-0.005964103725273162,0.8625015065073967,0.06812226548790931,1.8332221388816834,0.006079275310912635,0.445054292678833,0.43453362584114075,0.4516739249229431,5.0,0,0.0,0.0,0.0,0.0,0.0,0.0,0.0,0.0,0.0,0.0,0.0
144,589824,656.629284843363,664.2703754008377,6.166163886999129,0.07663579999643844,2,0,0,2,0.0,0.0,1.0,-0.003236760664731264,1.080397479236126,0.07456046715378761,1.831652468442917,0.008070173967280426,0.44669651985168457,0.4357263147830963,0.4553592801094055,5.0,0,0.0,0.0,0.0,0.0,0.0,0.0,0.0,0.0,0.0,0.0,0.0
145,593920,656.4886526925503,644.7119758948925,6.353224623002461,0.07544703799794661,6,0,1,5,0.0,0.16666666666666666,0.8333333333333334,-0.002905082132201642,0.9014220893383026,0.08041202835738659,1.8366362005472183,0.0075129045042558575,0.44542479515075684,0.4367886185646057,0.4539336860179901,5.0,0,0.0,0.0,0.0,0.0,0.0,0.0,0.0,0.0,0.0,0.0,0.0
146,598016,656.1935601265657,622.302771941859,6.582005070005835,0.06379864799964707,9,0,0,9,0.0,0.0,1.0,-0.0028783733490854503,0.8491530880331993,0.07852070275694131,1.8261286288499832,0.01569412261596881,0.4443279504776001,0.4367879033088684,0.4517868459224701,5.0,0,0.0,0.0,0.0,0.0,0.0,0.0,0.0,0.0,0.0,0.0,0.0
147,602112,656.2462667317577,672.5718678086643,6.09005549599533,0.07515173299907474,47,0,0,47,0.0,0.0,1.0,0.005683846189640462,0.7244442969560623,0.11688157264143229,1.8221268981695176,0.019461570486600976,0.44420498609542847,0.43562042713165283,0.45228368043899536,5.0,0,0.0,0.0,0.0,0.0,0.0,0.0,0.0,0.0,0.0,0.0,0.0
148,606208,656.3390663331683,678.2086199863198,6.039439605003281,0.0679148859999259,0,0,0,0,0.0,0.0,0.0,-0.004999232722911984,0.571661202609539,0.08022836446762086,1.8190416306257249,0.013147567995474674,0.4429481029510498,0.4351940155029297,0.4507310688495636,5.0,0,0.0,0.0,0.0,0.0,0.0,0.0,0.0,0.0,0.0,0.0,0.0
149,610304,656.4298004623976,679.0750680585815,6.031733739997435,0.07715680600085761,0,0,0,0,0.0,0.0,0.0,-0.0009454372979234904,0.6708133727312088,0.05657059708610177,1.8138557761907577,0.025297651614528148,0.44332993030548096,0.4354643225669861,0.45095470547676086,5.0,0,0.0,0.0,0.0,0.0,0.0,0.0,0.0,0.0,0.0,0.0,0.0
150,614400,656.4565733230694,668.9993425907294,6.122577017995354,0.07583056400471833,4,0,0,4,0.0,0.0,1.0,0.014226928155403584,1.2368490874767304,0.07407266739755869,1.8193195283412933,0.061188372419564985,0.444783091545105,0.43589380383491516,0.45425188541412354,5.0,0,0.0,0.0,0.0,0.0,0.0,0.0,0.0,0.0,0.0,0.0,0.0
151,618496,656.2857407732157,639.5185041200368,6.404818584000168,0.07518869300110964,7,0,0,7,0.0,0.0,1.0,0.005972884688526392,1.960237193107605,0.09261019043624401,1.8327666699886322,0.01880624910554616,0.44691094756126404,0.4374030530452728,0.4568161070346832,5.0,0,0.0,0.0,0.0,0.0,0.0,0.0,0.0,0.0,0.0,0.0,0.0
152,622592,656.0290202158159,627.0572342676433,6.532099107003887,0.07719665300101042,53,0,0,53,0.0,0.0,1.0,0.020712857227772476,0.6880077466368675,0.06208308469504118,1.84632970392704,0.106444608521997,0.44933176040649414,0.43787890672683716,0.4596133828163147,5.0,0,0.0,0.0,0.0,0.0,0.0,0.0,0.0,0.0,0.0,0.0,0.0
153,626688,656.1722837857034,686.7668915276532,5.964178021000407,0.0673192550020758,0,0,0,0,0.0,0.0,0.0,0.014395859348587692,0.728855662047863,0.10666078142821789,1.860871785879135,0.03183176002494292,0.4502410590648651,0.4373118579387665,0.4597175419330597,5.0,0,0.0,0.0,0.0,0.0,0.0,0.0,0.0,0.0,0.0,0.0,0.0
154,630784,656.24902173406,677.0077727413986,6.050152103001892,0.07634022300044307,0,0,0,0,0.0,0.0,0.0,0.02722319815075025,0.5144916780292987,0.06586544392630458,1.860760325193405,0.09247418671584455,0.4495515525341034,0.4376204311847687,0.45686617493629456,5.0,0,0.0,0.0,0.0,0.0,0.0,0.0,0.0,0.0,0.0,0.0,0.0
155,634880,656.2531220411423,664.7932998137815,6.161313601005531,0.07044204699923284,0,0,0,0,0.0,0.0,0.0,-0.0021491596940904855,1.9989591658115387,0.08061162289232016,1.8555433720350265,0.012373528366151732,0.44879016280174255,0.4391160011291504,0.4538673758506775,5.0,0,0.0,0.0,0.0,0.0,0.0,0.0,0.0,0.0,0.0,0.0,0.0
156,638976,656.273318638967,667.8094800958016,6.133485854996252,0.07478165700013051,4,0,0,4,0.0,0.0,1.0,0.030690106214024127,1.2770071893930435,0.07689300496131182,1.8551477432250976,0.11605806318693794,0.4501940906047821,0.4388711750507355,0.4585666358470917,5.0,0,0.0,0.0,0.0,0.0,0.0,0.0,0.0,0.0,0.0,0.0,0.0
157,643072,655.994039489026,622.640379745047,6.578436178002448,0.0768601449963171,9,0,0,9,0.0,0.0,1.0,0.00285212981980294,1.0903936967253685,0.0702220069244504,1.864852413535118,0.022997635166393592,0.4508669078350067,0.4388609528541565,0.4606934189796448,5.0,0,0.0,0.0,0.0,0.0,0.0,0.0,0.0,0.0,0.0,0.0,0.0
158,647168,655.8160167840128,636.7326483005661,6.432841178997478,0.07570202799979597,51,0,1,50,0.0,0.0196078431372549,0.9803921568627451,0.010983997117727995,0.7863425850868225,0.08245612308382988,1.8597751587629319,0.03875395224749809,0.4479782283306122,0.43478134274482727,0.4604564905166626,5.0,0,0.0,0.0,0.0,0.0,0.0,0.0,0.0,0.0,0.0,0.0,0.0
159,651264,655.9321987100276,683.596080821977,5.991842426999938,0.07493132500530919,0,0,0,0,0.0,0.0,0.0,0.004006393370218575,0.732972526550293,0.11512355115264654,1.840585047006607,0.015123174410837237,0.4464521110057831,0.4345458447933197,0.4567538797855377,5.0,0,0.0,0.0,0.0,0.0,0.0,0.0,0.0,0.0,0.0,0.0,0.0
160,655360,655.9825827112853,672.9333037330008,6.086784495993925,0.07775320200016722,0,0,0,0,0.0,0.0,0.0,0.0014221545308828354,0.8588343739509583,0.08264881893992423,1.834738951921463,0.030102282160078174,0.4459337592124939,0.4335242509841919,0.45630383491516113,5.0,0,0.0,0.0,0.0,0.0,0.0,0.0,0.0,0.0,0.0,0.0,0.0
161,659456,656.0257168997498,671.7301599756548,6.0976866069977405,0.076643491993309,0,0,0,0,0.0,0.0,0.0,-0.0042520731687545775,0.9617120683193207,0.0640143153257668,1.829420953989029,0.009314841026207433,0.44449687004089355,0.434982031583786,0.4524310231208801,5.0,0,0.0,0.0,0.0,0.0,0.0,0.0,0.0,0.0,0.0,0.0,0.0
162,663552,656.0168779556667,662.9763631546277,6.178199145004328,0.07609928299643798,4,0,0,4,0.0,0.0,1.0,-0.0014927800686564297,1.1462407648563384,0.07685631494969129,1.8190552115440368,0.013309520974871702,0.44312629103660583,0.432466059923172,0.4512730836868286,5.0,0,0.0,0.0,0.0,0.0,0.0,0.0,0.0,0.0,0.0,0.0,0.0
163,667648,655.8281042539476,634.3202011759037,6.457306566000625,0.07599956799822394,9,0,0,9,0.0,0.0,1.0,-0.003091991791734472,0.7908674672245979,0.06729759220033885,1.8097193390130997,0.010660426491813268,0.4415074288845062,0.43014898896217346,0.4483790099620819,5.0,0,0.0,0.0,0.0,0.0,0.0,0.0,0.0,0.0,0.0,0.0,0.0
164,671744,655.6646963865281,637.769349283637,6.4223845260057715,0.07517455999914091,51,0,1,51,0.0,0.0196078431372549,1.0,-0.000559141649864614,0.9075557082891464,0.08490188904106617,1.7961383283138275,0.013680408254731446,0.4392244815826416,0.4252525866031647,0.44754356145858765,5.0,0,0.0,0.0,0.0,0.0,0.0,0.0,0.0,0.0,0.0,0.0,0.0
165,675840,655.8267370786997,692.3437959146037,5.91613592000067,0.07310623200464761,0,0,0,0,0.0,0.0,0.0,-6.898513529449702e-05,0.592820192873478,0.08572442140430211,1.7869002372026443,0.0187200916610891,0.4394482374191284,0.4268134832382202,0.449740469455719,5.0,0,0.0,0.0,0.0,0.0,0.0,0.0,0.0,0.0,0.0,0.0,0.0
166,679936,655.8486323796775,667.9619226767735,6.132086067998898,0.07596026299870573,0,0,0,0,0.0,0.0,0.0,-0.005976003943942487,0.6824150621891022,0.05575610101222992,1.78288114964962,0.0058586276820278725,0.43687230348587036,0.42400237917900085,0.4481704831123352,5.0,0,0.0,0.0,0.0,0.0,0.0,0.0,0.0,0.0,0.0,0.0,0.0
167,684032,655.8586439538249,665.8243496643274,6.151772614000947,0.07473153599858051,0,0,0,0,0.0,0.0,0.0,-0.004191085108323023,1.097711592912674,0.06569756846874952,1.7660603016614913,0.006405560066923499,0.43536096811294556,0.4238637387752533,0.44750654697418213,5.0,0,0.0,0.0,0.0,0.0,0.0,0.0,0.0,0.0,0.0,0.0,0.0
168,688128,655.8249721465277,658.4130915287399,6.221018465002999,0.07445404299505753,4,0,0,4,0.0,0.0,1.0,-0.00521807714831084,1.3098611235618591,0.08575384803116322,1.7563663959503173,0.005468926549656317,0.43372905254364014,0.4226832389831543,0.44524985551834106,5.0,0,0.0,0.0,0.0,0.0,0.0,0.0,0.0,0.0,0.0,0.0,0.0
169,692224,655.5986598167708,627.0956925452446,6.531698509003036,0.07463294100307394,9,0,0,9,0.0,0.0,1.0,-0.004351370688527823,1.1727117002010345,0.08488766346126794,1.747203928232193,0.008209573036583605,0.4331565797328949,0.4233824908733368,0.4432182013988495,5.0,0,0.0,0.0,0.0,0.0,0.0,0.0,0.0,0.0,0.0,0.0,0.0
170,696320,655.5025062818803,647.5442930987869,6.325436026003445,0.07480440200015437,51,0,0,51,0.0,0.0,1.0,-0.0005427772470284253,0.8547969907522202,0.11058851592242717,1.7436814844608306,0.009028282323561143,0.43227583169937134,0.42263922095298767,0.4443201720714569,5.0,0,0.0,0.0,0.0,0.0,0.0,0.0,0.0,0.0,0.0,0.0,0.0
171,700416,655.5996123428168,681.1796299637489,6.013098190000164,0.07430980500066653,0,0,0,0,0.0,0.0,0.0,-0.00526147949276492,0.6129274576902389,0.0869461853057146,1.7372781336307526,0.010474127672205213,0.4313046336174011,0.42210158705711365,0.4442313313484192,5.0,0,0.0,0.0,0.0,0.0,0.0,0.0,0.0,0.0,0.0,0.0,0.0
172,704512,655.6560235866301,674.1839075445408,6.075493576994631,0.07644083600462181,0,0,0,0,0.0,0.0,0.0,0.004897817107848823,0.7527083873748779,0.0714181337505579,1.7284773111343383,0.019898370980808978,0.42978447675704956,0.4204561114311218,0.44308075308799744,5.0,0,0.0,0.0,0.0,0.0,0.0,0.0,0.0,0.0,0.0,0.0,0.0
173,708608,655.6754451534619,667.6567933240244,6.134888524997223,0.0769148189938278,1,0,0,1,0.0,0.0,1.0,0.015169297577813268,1.0200598046183587,0.06274703955277801,1.71922724545002,0.040194033685838806,0.4288720488548279,0.4197559356689453,0.4436050057411194,5.0,0,0.0,0.0,0.0,0.0,0.0,0.0,0.0,0.0,0.0,0.0,0.0
174,712704,655.6394465701595,657.795140560421,6.226862661998894,0.07662583899946185,6,0,0,6,0.0,0.0,1.0,0.010684747667983174,1.8009810537099837,0.1032461004331708,1.7161216616630555,0.027188252730411477,0.4292139410972595,0.4197644591331482,0.4436347186565399,5.0,0,0.0,0.0,0.0,0.0,0.0,0.0,0.0,0.0,0.0,0.0,0.0
175,716800,655.5283384762439,644.7415311700136,6.352933387999656,0.07627781300107017,7,0,0,7,0.0,0.0,1.0,0.015552700532134622,0.79689981341362,0.07462151311337947,1.7219738066196442,0.05493463265593164,0.43015938997268677,0.4213080108165741,0.4429631233215332,5.0,0,0.0,0.0,0.0,0.0,0.0,0.0,0.0,0.0,0.0,0.0,0.0
176,720896,655.4336302104005,647.3836941606295,6.327005201004795,0.07700106799893547,50,0,0,50,0.0,0.0,1.0,0.004415021452587098,0.7637894362211227,0.10045671463012695,1.7216886013746262,0.021542239683913066,0.42863723635673523,0.4190005362033844,0.4413541853427887,5.0,0,0.0,0.0,0.0,0.0,0.0,0.0,0.0,0.0,0.0,0.0,0.0
177,724992,655.4906464442382,674.4975429602401,6.072668526001507,0.07697048400586937,0,0,0,0,0.0,0.0,0.0,0.004147357516922056,0.6813284948468208,0.07841290310025215,1.7096130847930908,0.018372180708684027,0.4276198744773865,0.41535183787345886,0.4430268108844757,5.0,0,0.0,0.0,0.0,0.0,0.0,0.0,0.0,0.0,0.0,0.0,0.0
178,729088,655.5160888094903,668.6576859088109,6.125705404003384,0.07657046800159151,0,0,0,0,0.0,0.0,0.0,0.00756336267804727,0.6355750605463981,0.06400121850892901,1.702720868587494,0.037894982704892756,0.4259866178035736,0.41339680552482605,0.44439399242401123,5.0,0,0.0,0.0,0.0,0.0,0.0,0.0,0.0,0.0,0.0,0.0,0.0
179,733184,655.5841701522804,676.6845238622399,6.0530422309966525,0.0762610490055522,1,0,0,1,0.0,0.0,1.0,0.001620685774832964,1.7014489144086837,0.08811341915279627,1.6932061105966567,0.025023362215142696,0.4258236289024353,0.4113883674144745,0.4441308081150055,5.0,0,0.0,0.0,0.0,0.0,0.0,0.0,0.0,0.0,0.0,0.0,0.0
180,737280,655.4177979864737,634.6452309411327,6.45399949500279,0.07499784699757583,7,0,0,7,0.0,0.0,1.0,0.023426021472550927,1.1721064120531082,0.07497074455022812,1.6954091966152192,0.08333771494362736,0.426218718290329,0.4110353887081146,0.4431999623775482,5.0,0,0.0,0.0,0.0,0.0,0.0,0.0,0.0,0.0,0.0,0.0,0.0
181,741376,655.1027641647519,610.1797572123372,6.712775950996729,0.07767380899895215,9,0,0,9,0.0,0.0,1.0,-0.0013614422641694546,1.1284518152475358,0.06050530606880784,1.693865817785263,0.01379245910939062,0.4252932071685791,0.40695080161094666,0.4445399045944214,5.0,0,0.0,0.0,0.0,0.0,0.0,0.0,0.0,0.0,0.0,0.0,0.0
182,745472,655.1400828816533,670.9281783757858,6.1049753640036215,0.07844486799876904,47,0,0,47,0.0,0.0,1.0,0.0073127660318277775,0.6033389955759049,0.11520307138562202,1.683137384057045,0.021953906903218013,0.42314720153808594,0.40446117520332336,0.4432491064071655,5.0,0,0.0,0.0,0.0,0.0,0.0,0.0,0.0,0.0,0.0,0.0,0.0
183,749568,655.2181820738075,678.7718103278022,6.034428562998073,0.07803759799571708,0,0,0,0,0.0,0.0,0.0,-0.001726505986880511,0.5016018338501453,0.08940343298017979,1.6696295499801637,0.008204412049963139,0.42181509733200073,0.40377092361450195,0.4431249499320984,5.0,0,0.0,0.0,0.0,0.0,0.0,0.0,0.0,0.0,0.0,0.0,0.0
184,753664,655.2226417149435,664.368445148453,6.1652536780020455,0.07502557999396231,0,0,0,0,0.0,0.0,0.0,0.0030031705857254563,0.9214925110340119,0.07949139792472124,1.6620664477348328,0.03352412889507832,0.4211176335811615,0.40316152572631836,0.44294115900993347,5.0,0,0.0,0.0,0.0,0.0,0.0,0.0,0.0,0.0,0.0,0.0,0.0
185,757760,655.2217062619885,663.577827551612,6.172599249002815,0.07698886100115487,2,0,0,2,0.0,0.0,1.0,-0.0035105480696074665,1.4234101116657256,0.09055648688226939,1.6572751164436341,0.010214094222465064,0.4203166365623474,0.40251415967941284,0.4437103271484375,5.0,0,0.0,0.0,0.0,0.0,0.0,0.0,0.0,0.0,0.0,0.0,0.0
186,761856,655.0539669639603,633.3242465782942,6.467461213003844,0.07858444499288453,9,0,0,9,0.0,0.0,1.0,0.0004013670142740011,0.9211506992578506,0.07901920974254609,1.6589050710201263,0.017623728977923747,0.4223635792732239,0.40454885363578796,0.4463193416595459,5.0,0,0.0,0.0,0.0,0.0,0.0,0.0,0.0,0.0,0.0,0.0,0.0
187,765952,654.803715430697,618.6111644478098,6.621283667998796,0.07491897200088715,53,0,0,53,0.0,0.0,1.0,-0.004359313019085676,0.5456296630203724,0.06812531035393476,1.6669007420539856,0.009039515053882497,0.42112642526626587,0.40533727407455444,0.44303426146507263,5.0,0,0.0,0.0,0.0,0.0,0.0,0.0,0.0,0.0,0.0,0.0,0.0
188,770048,654.9379647784905,690.2510700722222,5.934072654999909,0.07664051200117683,0,0,0,0,0.0,0.0,0.0,0.0028816786827519534,0.763888742029667,0.0999333631247282,1.6606546014547348,0.012014371514669619,0.42186278104782104,0.40658125281333923,0.44486281275749207,5.0,0,0.0,0.0,0.0,0.0,0.0,0.0,0.0,0.0,0.0,0.0,0.0
189,774144,654.9932622409615,674.1598571388251,6.075710318000347,0.07507765699847369,0,0,0,0,0.0,0.0,0.0,-0.004060286795720458,0.4337156772613525,0.05541621120646596,1.665607464313507,0.0055496093293186275,0.4214813709259033,0.40538838505744934,0.4450095593929291,5.0,0,0.0,0.0,0.0,0.0,0.0,0.0,0.0,0.0,0.0,0.0,0.0
190,778240,655.0460787869539,673.9958781927465,6.077188499999465,0.07731079099903582,0,0,0,0,0.0,0.0,0.0,0.00018321045208722354,0.520005925744772,0.05071595869958401,1.6545486927032471,0.020179519118391907,0.41896820068359375,0.40421971678733826,0.44210684299468994,5.0,0,0.0,0.0,0.0,0.0,0.0,0.0,0.0,0.0,0.0,0.0,0.0
191,782336,655.0056403502207,655.6204382433084,6.247517253999831,0.07563463599944953,4,0,0,4,0.0,0.0,1.0,-0.0034841652493923904,1.3038156569004058,0.08581950701773167,1.6366339027881622,0.006175383078516461,0.4167226254940033,0.4035198390483856,0.4377530813217163,5.0,0,0.0,0.0,0.0,0.0,0.0,0.0,0.0,0.0,0.0,0.0,0.0
192,786432,654.8833659805817,640.0545928564471,6.399454117999994,0.07478364299458917,7,0,0,7,0.0,0.0,1.0,-0.0028874312702100724,0.9051969200372696,0.0858424112200737,1.6288258463144303,0.007393108640098944,0.417080819606781,0.40631410479545593,0.4378688335418701,5.0,0,0.0,0.0,0.0,0.0,0.0,0.0,0.0,0.0,0.0,0.0,0.0
193,790528,654.721188272272,632.6199026735778,6.474661929998547,0.07531987999391276,53,0,0,53,0.0,0.0,1.0,0.0056036309571936725,0.7089282840490341,0.08699163310229778,1.625876933336258,0.020481616324104834,0.41519850492477417,0.40446794033050537,0.4363167881965637,5.0,0,0.0,0.0,0.0,0.0,0.0,0.0,0.0,0.0,0.0,0.0,0.0
194,794624,654.8354484364394,685.9447347041496,5.971326541002782,0.06991374799690675,0,0,0,0,0.0,0.0,0.0,-0.0008075185120105744,0.42776451259851456,0.1024345863610506,1.6145664244890212,0.006463195310789161,0.41433319449424744,0.4025045931339264,0.43471550941467285,5.0,0,0.0,0.0,0.0,0.0,0.0,0.0,0.0,0.0,0.0,0.0,0.0
195,798720,654.8938916222553,675.1970779768806,6.0663769640013925,0.07628486600151518,0,0,0,0,0.0,0.0,0.0,-0.005860398756340146,0.4303629033267498,0.06808489337563514,1.607179594039917,0.013247248555126134,0.4129282832145691,0.40198132395744324,0.43397122621536255,5.0,0,0.0,0.0,0.0,0.0,0.0,0.0,0.0,0.0,0.0,0.0,0.0
196,802816,654.9352062328057,671.8440316023818,6.096653102998971,0.07732336999470135,0,0,0,0,0.0,0.0,0.0,0.00041699754656292497,0.6901169776916504,0.0638782348483801,1.5938723772764205,0.031160369208373596,0.4105322062969208,0.3987225294113159,0.43178847432136536,5.0,0,0.0,0.0,0.0,0.0,0.0,0.0,0.0,0.0,0.0,0.0,0.0
197,806912,654.9376328371271,663.7509867275389,6.17098894299852,0.07493447700107936,4,0,0,4,0.0,0.0,1.0,0.007602175045758486,1.673925167322159,0.09721013158559799,1.5824846535921098,0.026872765000734943,0.410673588514328,0.39910733699798584,0.4317599833011627,5.0,0,0.0,0.0,0.0,0.0,0.0,0.0,0.0,0.0,0.0,0.0,0.0
198,811008,654.7142495900166,620.7334529804392,6.59864548999758,0.07407342499936931,9,0,0,9,0.0,0.0,1.0,0.01061324073234573,0.8118181228637695,0.07163949143141508,1.587506765127182,0.03422427596815396,0.41121014952659607,0.3989830017089844,0.4336777925491333,5.0,0,0.0,0.0,0.0,0.0,0.0,0.0,0.0,0.0,0.0,0.0,0.0
199,815104,654.6054179205489,641.2408886886028,6.387615126004675,0.07214950900379336,51,0,0,51,0.0,0.0,1.0,0.029890575900208206,1.0023346573114396,0.09249537847936154,1.5910151213407517,0.07235802556824637,0.4123842716217041,0.40053480863571167,0.4354771673679352,5.0,0,0.0,0.0,0.0,0.0,0.0,0.0,0.0,0.0,0.0,0.0,0.0
200,819200,654.6780868679158,679.5941635745305,6.027126510998642,0.08774650700070197,0,0,0,0,0.0,0.0,0.0,-0.004051745438482612,0.5838034689426422,0.08501024078577757,1.5939854562282563,0.014687951326777693,0.41082045435905457,0.3972640931606293,0.4374832808971405,5.0,0,0.0,0.0,0.0,0.0,0.0,0.0,0.0,0.0,0.0,0.0,0.0
201,823296,654.7337499773117,674.924652547049,6.068825586000457,0.07594710400007898,0,0,0,0,0.0,0.0,0.0,0.005190792691428215,0.6172701731324196,0.06540690260007978,1.5829389214515686,0.027819642840040616,0.4107835292816162,0.39478620886802673,0.43898510932922363,5.0,0,0.0,0.0,0.0,0.0,0.0,0.0,0.0,0.0,0.0,0.0,0.0
202,827392,654.8121444039457,679.7422082518914,6.025813831001869,0.0758530220045941,0,0,0,0,0.0,0.0,0.0,0.010457668849267066,0.7673238798975944,0.06204201765358448,1.5836694419384003,0.041059152675734366,0.41059964895248413,0.39241722226142883,0.4405388832092285,5.0,0,0.0,0.0,0.0,0.0,0.0,0.0,0.0,0.0,0.0,0.0,0.0
203,831488,654.7778303787247,655.9773408004781,6.244118119997438,0.07444701500207884,4,0,0,4,0.0,0.0,1.0,0.006069671700242907,1.6598527044057847,0.10773973315954208,1.581649261713028,0.012108109983819304,0.4102820158004761,0.39258143305778503,0.441039115190506,5.0,0,0.0,0.0,0.0,0.0,0.0,0.0,0.0,0.0,0.0,0.0,0.0
204,835584,654.5990775194513,627.7517308800263,6.524872491005226,0.07614333100354997,9,0,0,9,0.0,0.0,1.0,0.011489645414985716,0.9114022776484489,0.07962277885526418,1.5769792735576629,0.05454045166479773,0.40945857763290405,0.39459577202796936,0.4382432997226715,5.0,0,0.0,0.0,0.0,0.0,0.0,0.0,0.0,0.0,0.0,0.0,0.0
205,839680,654.4674894338939,636.4238608391415,6.435962338997342,0.07549059099983424,51,0,0,51,0.0,0.0,1.0,0.014359326660633087,0.7613902628421784,0.09526761379092932,1.5715062350034714,0.021983530363650063,0.4085807800292969,0.3936483561992645,0.4373302161693573,5.0,0,0.0,0.0,0.0,0.0,0.0,0.0,0.0,0.0,0.0,0.0,0.0
206,843776,654.5522392427803,681.1181094540403,6.013641309997183,0.07463156100129709,0,0,0,0,0.0,0.0,0.0,0.00196362123824656,0.5489573732018471,0.09182262420654297,1.5662374645471573,0.018158696994942148,0.40823230147361755,0.3931039571762085,0.43783605098724365,5.0,0,0.0,0.0,0.0,0.0,0.0,0.0,0.0,0.0,0.0,0.0,0.0
207,847872,654.6345733415549,681.4110629813697,6.01105591400119,0.08040497500041965,0,0,0,0,0.0,0.0,0.0,0.0025263211922720076,0.5845727905631065,0.07390842214226723,1.5610091149806977,0.022785810443747324,0.40671974420547485,0.3920454680919647,0.43489909172058105,5.0,0,0.0,0.0,0.0,0.0,0.0,0.0,0.0,0.0,0.0,0.0,0.0
208,851968,654.6769944249738,672.1618782946714,6.093770164996386,0.0756199059978826,0,0,0,0,0.0,0.0,0.0,0.013272585341474042,0.8691089302301407,0.07066773362457753,1.5526381254196167,0.060170666340127354,0.40684813261032104,0.3909798562526703,0.4370575249195099,5.0,0,0.0,0.0,0.0,0.0,0.0,0.0,0.0,0.0,0.0,0.0,0.0
209,856064,654.540554778458,634.9748786572201,6.450648896003258,0.07527157499862369,6,0,0,6,0.0,0.0,1.0,0.0016775636817328633,1.4814223289489745,0.09610193781554699,1.5585730433464051,0.01563813295579166,0.40779396891593933,0.3916155695915222,0.4383622705936432,5.0,0,0.0,0.0,0.0,0.0,0.0,0.0,0.0,0.0,0.0,0.0,0.0
210,860160,654.3847602925227,630.9168358198804,6.4921393240001635,0.07530260900239227,8,0,0,8,0.0,0.0,1.0,0.016628066648263485,0.7788574859499932,0.0670449197292328,1.5609941810369492,0.050361493119999066,0.40738004446029663,0.39168480038642883,0.43626222014427185,5.0,0,0.0,0.0,0.0,0.0,0.0,0.0,0.0,0.0,0.0,0.0,0.0
211,864256,654.3827636344532,662.496813598685,6.182671245995152,0.07746555400080979,50,0,0,50,0.0,0.0,1.0,0.016755284153623505,0.669671031832695,0.09916291125118733,1.5596839159727096,0.03556639939561137,0.40759238600730896,0.394182026386261,0.43273940682411194,5.0,0,0.0,0.0,0.0,0.0,0.0,0.0,0.0,0.0,0.0,0.0,0.0
212,868352,654.434150842154,674.2059404688987,6.07529503099795,0.07647664999967674,0,0,0,0,0.0,0.0,0.0,-0.004914673778694123,0.5419543728232383,0.0754551274701953,1.5617213726043702,0.010461359752662247,0.40752705931663513,0.3931409418582916,0.4312325716018677,5.0,0,0.0,0.0,0.0,0.0,0.0,0.0,0.0,0.0,0.0,0.0,0.0
213,872448,654.4442475896537,665.6662757816678,6.153233457996976,0.08171747700544074,0,0,0,0,0.0,0.0,0.0,0.0061014601029455665,0.5435648813843728,0.06130132768303156,1.5596629351377487,0.040010198684467466,0.4070283770561218,0.3933669924736023,0.4302625060081482,5.0,0,0.0,0.0,0.0,0.0,0.0,0.0,0.0,0.0,0.0,0.0,0.0
214,876544,654.4752296041945,669.5453082834531,6.1175844999961555,0.074826888005191,1,0,0,1,0.0,0.0,1.0,0.015845458116382362,0.9796133637428284,0.06479428047314287,1.5567291527986526,0.05638207070805947,0.40655696392059326,0.39345115423202515,0.4292012155056,5.0,0,0.0,0.0,0.0,0.0,0.0,0.0,0.0,0.0,0.0,0.0,0.0
215,880640,654.3432097238785,634.9303185134138,6.451101610000478,0.07556602499971632,7,0,0,7,0.0,0.0,1.0,0.04328799708746374,1.7403425246477127,0.11016532778739929,1.5563270777463913,0.12396598730410915,0.40759095549583435,0.39595162868499756,0.4286348521709442,5.0,0,0.0,0.0,0.0,0.0,0.0,0.0,0.0,0.0,0.0,0.0,0.0
216,884736,654.180434422702,628.4213890289195,6.517919458994584,0.07475341399549507,7,0,0,7,0.0,0.0,1.0,0.01314837218960747,0.9310562759637833,0.05651406664401293,1.5607410371303558,0.020898001638852293,0.4063917100429535,0.3951965570449829,0.42711207270622253,5.0,0,0.0,0.0,0.0,0.0,0.0,0.0,0.0,0.0,0.0,0.0,0.0
217,888832,654.1207382179515,649.7345598205392,6.304112869001983,0.07828845999756595,49,0,0,49,0.0,0.0,1.0,0.009654207597486674,0.6345853835344315,0.10381869412958622,1.5510465174913406,0.02832073474492063,0.4061451852321625,0.3948189616203308,0.4281761646270752,5.0,0,0.0,0.0,0.0,0.0,0.0,0.0,0.0,0.0,0.0,0.0,0.0
218,892928,654.1897150732703,678.1223642502308,6.040207808997366,0.07467014299618313,0,0,0,0,0.0,0.0,0.0,-0.005050351959653199,0.5331420786678791,0.06922231875360012,1.5504858046770096,0.011715216111770132,0.4056471586227417,0.39332467317581177,0.42955371737480164,5.0,0,0.0,0.0,0.0,0.0,0.0,0.0,0.0,0.0,0.0,0.0,0.0
219,897024,654.2437885126092,674.0203929413871,6.076967467000941,0.0677558070019586,0,0,0,0,0.0,0.0,0.0,0.012026487028924749,0.49236288890242574,0.04919207934290171,1.542594975233078,0.048623695778951516,0.4040778577327728,0.39160507917404175,0.4266386926174164,5.0,0,0.0,0.0,0.0,0.0,0.0,0.0,0.0,0.0,0.0,0.0,0.0
220,901120,654.3028652183135,676.1772700044745,6.057583094996517,0.07539457700477215,2,0,0,2,0.0,0.0,1.0,0.0009044086444191634,1.4153843969106674,0.07410279642790556,1.5293948590755462,0.020070390375622083,0.40244245529174805,0.38994163274765015,0.42263516783714294,5.0,0,0.0,0.0,0.0,0.0,0.0,0.0,0.0,0.0,0.0,0.0,0.0
221,905216,654.2096279702836,642.3514947584385,6.376571134998812,0.07728491399757331,6,0,0,6,0.0,0.0,1.0,0.044989652233198285,1.3265543162822724,0.08994001131504774,1.524823534488678,0.12163475456472952,0.40303704142570496,0.392776757478714,0.42243239283561707,5.0,0,0.0,0.0,0.0,0.0,0.0,0.0,0.0,0.0,0.0,0.0,0.0
222,909312,653.9925204831388,616.5848583950618,6.643043442003545,0.07589129900588887,10,0,0,10,0.0,0.0,1.0,6.229681894183159e-05,1.1316473066806794,0.06483885431662202,1.5248621582984925,0.015946787835855503,0.4013834595680237,0.3915970027446747,0.41994258761405945,5.0,0,0.0,0.0,0.0,0.0,0.0,0.0,0.0,0.0,0.0,0.0,0.0
223,913408,654.0380167114812,672.9256805093802,6.086853449996852,0.07561161699413788,46,0,0,46,0.0,0.0,1.0,0.010780062596313655,0.6014979898929596,0.1218510927632451,1.5168926775455476,0.03131192292785272,0.4018056392669678,0.39234599471092224,0.4204029142856598,5.0,0,0.0,0.0,0.0,0.0,0.0,0.0,0.0,0.0,0.0,0.0,0.0
224,917504,654.1222424519364,682.2098020190346,6.0040181009972,0.07478879200061783,0,0,0,0,0.0,0.0,0.0,-0.00031863648910075427,0.5885105967521668,0.08369519505649806,1.5170296043157578,0.010817841461539501,0.40060269832611084,0.3890162408351898,0.42121705412864685,5.0,0,0.0,0.0,0.0,0.0,0.0,0.0,0.0,0.0,0.0,0.0,0.0
225,921600,654.1906652474248,678.6157904986524,6.035815932002151,0.07572440399962943,0,0,0,0,0.0,0.0,0.0,0.005234421649947763,0.9140087276697159,0.07855524495244026,1.506335484981537,0.025918825498229124,0.3995998501777649,0.38847994804382324,0.4194399416446686,5.0,0,0.0,0.0,0.0,0.0,0.0,0.0,0.0,0.0,0.0,0.0,0.0
226,925696,654.1680385838374,657.0745352832341,6.233691583001928,0.07301480600290233,4,0,0,4,0.0,0.0,1.0,-0.0004572311183437705,1.1645126253366471,0.0748695682734251,1.502067855000496,0.013932812871644273,0.3992089033126831,0.3874273896217346,0.42141997814178467,5.0,0,0.0,0.0,0.0,0.0,0.0,0.0,0.0,0.0,0.0,0.0,0.0
227,929792,654.0139959679879,628.4177019701295,6.517957700998522,0.07493340999644715,7,0,0,7,0.0,0.0,1.0,0.012659473123494535,1.1946356832981109,0.09115307871252298,1.5007488071918487,0.040645304157078496,0.39967209100723267,0.3877803087234497,0.42201927304267883,5.0,0,0.0,0.0,0.0,0.0,0.0,0.0,0.0,0.0,0.0,0.0,0.0
228,933888,653.7988634655084,615.5025108403319,6.654725086998951,0.07507866800006013,53,0,1,52,0.0,0.018867924528301886,0.9811320754716981,0.0013673675013706088,0.8686173126101494,0.07429769411683082,1.5076550185680389,0.0224943144392455,0.4009431302547455,0.389586478471756,0.42081597447395325,5.0,0,0.0,0.0,0.0,0.0,0.0,0.0,0.0,0.0,0.0,0.0,0.0
229,937984,653.8615531641432,677.129727566792,6.04906243699952,0.07499713599827373,0,0,0,0,0.0,0.0,0.0,-0.0013219079584814609,0.40993148609995844,0.10203667003661394,1.5130778402090073,0.01010335255341488,0.40072131156921387,0.3876693844795227,0.41951432824134827,5.0,0,0.0,0.0,0.0,0.0,0.0,0.0,0.0,0.0,0.0,0.0,0.0
230,942080,653.9295946489493,678.5709189098388,6.03621505999763,0.07513638700038427,0,0,0,0,0.0,0.0,0.0,-0.002049901115242392,0.4472634918987751,0.0702362546697259,1.5082367718219758,0.012213784996129106,0.3997299075126648,0.3844761550426483,0.4191097617149353,5.0,0,0.0,0.0,0.0,0.0,0.0,0.0,0.0,0.0,0.0,0.0,0.0
231,946176,653.916606597313,659.1097165170423,6.2144433579960605,0.07474142300634412,0,0,0,0,0.0,0.0,0.0,-0.0022277732030488552,1.0175025850534438,0.0689228430390358,1.5058994174003602,0.020839176797744587,0.4008750319480896,0.38361895084381104,0.42197415232658386,5.0,0,0.0,0.0,0.0,0.0,0.0,0.0,0.0,0.0,0.0,0.0,0.0
232,950272,653.877212786426,652.9031945388781,6.2735180870004115,0.07454183699883288,4,0,0,4,0.0,0.0,1.0,0.0005243820720352233,1.3139524668455125,0.08657499514520169,1.509492227435112,0.017400536889908835,0.39963802695274353,0.38325247168540955,0.4210042357444763,5.0,0,0.0,0.0,0.0,0.0,0.0,0.0,0.0,0.0,0.0,0.0,0.0
233,954368,653.6789024544099,617.9941746147356,6.6278941909986315,0.07600394100154517,9,0,0,9,0.0,0.0,1.0,-0.0018174890778027476,0.8441607937216759,0.07830896619707346,1.4942140996456146,0.016400074501871132,0.3972851634025574,0.38042503595352173,0.42031463980674744,5.0,0,0.0,0.0,0.0,0.0,0.0,0.0,0.0,0.0,0.0,0.0,0.0
234,958464,653.5820881657268,639.7034482747725,6.402966891997494,0.07716729799722089,51,0,0,51,0.0,0.0,1.0,0.0015792603488080203,0.6585215002298355,0.09326577000319958,1.4830250918865204,0.018971670705650468,0.3972277045249939,0.3800893723964691,0.4219898283481598,5.0,0,0.0,0.0,0.0,0.0,0.0,0.0,0.0,0.0,0.0,0.0,0.0
235,962560,653.6421189434186,676.6467015539004,6.0533805759987445,0.07503361799899722,0,0,0,0,0.0,0.0,0.0,0.0014122472726739942,0.5408377625048161,0.09503467455506324,1.480847457051277,0.016219714160979493,0.39609894156455994,0.37740907073020935,0.42269501090049744,5.0,0,0.0,0.0,0.0,0.0,0.0,0.0,0.0,0.0,0.0,0.0,0.0
236,966656,653.7028644255381,677.1344474216405,6.049020272999769,0.07699290999880759,0,0,0,0,0.0,0.0,0.0,0.00014220495359040797,0.5775101892650127,0.06413748236373067,1.4723731875419617,0.017801656181109137,0.3954387307167053,0.37643516063690186,0.4225533902645111,5.0,0,0.0,0.0,0.0,0.0,0.0,0.0,0.0,0.0,0.0,0.0,0.0
237,970752,653.7461048517945,672.7345077913768,6.088583167002071,0.07568737099791178,0,0,0,0,0.0,0.0,0.0,0.0036535679129883645,1.0119738534092904,0.06708802571520209,1.4645448982715608,0.02847020327753853,0.39393943548202515,0.3731350302696228,0.4216965436935425,5.0,0,0.0,0.0,0.0,0.0,0.0,0.0,0.0,0.0,0.0,0.0,0.0
238,974848,653.712885043969,654.1349311818037,6.26170504699985,0.07650749499589438,4,0,0,4,0.0,0.0,1.0,0.006725964962970466,1.4480729192495345,0.09184894543141127,1.4577639907598496,0.02941128877282608,0.394246906042099,0.37149709463119507,0.4237256348133087,5.0,0,0.0,0.0,0.0,0.0,0.0,0.0,0.0,0.0,0.0,0.0,0.0
239,978944,653.6048459355031,635.8200893257534,6.442073896003421,0.06755876299575903,9,0,0,9,0.0,0.0,1.0,0.010032209230121224,0.8108713820576667,0.07596460096538067,1.457773569226265,0.03216597054633894,0.3934524655342102,0.3701777756214142,0.42483213543891907,5.0,0,0.0,0.0,0.0,0.0,0.0,0.0,0.0,0.0,0.0,0.0,0.0
240,983040,653.4990014664621,636.8531069949814,6.431624428005307,0.075857512994844,51,0,0,51,0.0,0.0,1.0,0.001670320052653551,0.6820299863815308,0.095918252132833,1.4475987643003463,0.01120318005923764,0.3916759192943573,0.3706909716129303,0.421117901802063,5.0,0,0.0,0.0,0.0,0.0,0.0,0.0,0.0,0.0,0.0,0.0,0.0
241,987136,653.5694388033062,678.5814615037674,6.036121280005318,0.0657048040011432,0,0,0,0,0.0,0.0,0.0,-0.0040315702790394425,0.5684111893177033,0.08604140467941761,1.435613638162613,0.008902261621551588,0.390525758266449,0.3678639531135559,0.42180848121643066,5.0,0,0.0,0.0,0.0,0.0,0.0,0.0,0.0,0.0,0.0,0.0,0.0
242,991232,653.6298111091077,677.0986338481391,6.049340222001774,0.07463505100167822,0,0,0,0,0.0,0.0,0.0,-0.0007337813382036984,0.743395884335041,0.07070762477815151,1.4210178047418593,0.019850820579449646,0.3876212537288666,0.36409297585487366,0.4181664288043976,5.0,0,0.0,0.0,0.0,0.0,0.0,0.0,0.0,0.0,0.0,0.0,0.0
243,995328,653.6666806652798,671.2958807772519,6.101631362995249,0.0756479470001068,0,0,0,0,0.0,0.0,0.0,0.0016601859824731946,0.9843056678771973,0.07477770186960697,1.4037643373012543,0.030269517799752066,0.3866949677467346,0.36266595125198364,0.41758477687835693,5.0,0,0.0,0.0,0.0,0.0,0.0,0.0,0.0,0.0,0.0,0.0,0.0
244,999424,653.6822736024641,665.3891058291606,6.15579660700314,0.07086630499543389,4,0,0,4,0.0,0.0,1.0,0.003353965876158327,1.2167370647192002,0.10080996956676244,1.4002392172813416,0.015172321308637039,0.3863644599914551,0.3632325828075409,0.4178414046764374,5.0,0,0.0,0.0,0.0,0.0,0.0,0.0,0.0,0.0,0.0,0.0,0.0
245,1003520,653.5657707710233,633.991026807718,6.460659262993431,0.07604944099875866,9,0,0,9,0.0,0.0,1.0,0.007859142345841974,0.9220937326550483,0.09403792079538106,1.396008887887001,0.031146233227627818,0.3856039047241211,0.3624177873134613,0.41948479413986206,5.0,0,0.0,0.0,0.0,0.0,0.0,0.0,0.0,0.0,0.0,0.0,0.0
246,1007616,653.433687059792,630.0841052464656,6.500719452997146,0.07488290000037523,51,0,0,51,0.0,0.0,1.0,0.0003094424959272146,0.5430303871631622,0.10382785890251398,1.3867211431264876,0.015454800695442828,0.38434678316116333,0.36194944381713867,0.4187203645706177,5.0,0,0.0,0.0,0.0,0.0,0.0,0.0,0.0,0.0,0.0,0.0,0.0
247,1011712,653.4782015388821,673.3140671913691,6.083342380006798,0.07651905799866654,0,0,0,0,0.0,0.0,0.0,0.0029655036749318244,0.5780789166688919,0.08927507232874632,1.3790110766887664,0.028142666978237686,0.3834622800350189,0.36146634817123413,0.41788411140441895,5.0,0,0.0,0.0,0.0,0.0,0.0,0.0,0.0,0.0,0.0,0.0,0.0
248,1015808,653.5735778968711,687.1082447564896,5.9612150359971565,0.07694151299801888,0,0,0,0,0.0,0.0,0.0,0.0019174105022102595,0.9356899321079254,0.07422820627689361,1.3691757798194886,0.01713010544262943,0.3817358911037445,0.35821446776390076,0.41733795404434204,5.0,0,0.0,0.0,0.0,0.0,0.0,0.0,0.0,0.0,0.0,0.0,0.0
249,1019904,653.6266459478053,675.6477168012544,6.06233085400163,0.07471145999443252,1,0,0,1,0.0,0.0,1.0,0.0045124618103727695,1.2042490392923355,0.07970898654311895,1.3612544924020766,0.02937325925231562,0.3822033107280731,0.3594872057437897,0.4168330729007721,5.0,0,0.0,0.0,0.0,0.0,0.0,0.0,0.0,0.0,0.0,0.0,0.0
250,1024000,653.5609056139108,645.638584606188,6.344106590993761,0.07679033000022173,6,0,0,6,0.0,0.0,1.0,0.011837703478522598,0.937861105799675,0.07958803102374076,1.3705029666423798,0.05030464859373751,0.38396382331848145,0.3611130118370056,0.421233594417572,5.0,0,0.0,0.0,0.0,0.0,0.0,0.0,0.0,0.0,0.0,0.0,0.0
251,1028096,653.4375380502519,631.4477219773513,6.486681094000232,0.07202138700085925,8,0,0,8,0.0,0.0,1.0,-0.0007439231965690851,1.1457512378692627,0.07768018487840891,1.379134339094162,0.01730444310232997,0.3837834298610687,0.36128467321395874,0.42177754640579224,5.0,0,0.0,0.0,0.0,0.0,0.0,0.0,0.0,0.0,0.0,0.0,0.0
252,1032192,653.3640083857938,643.2640078130119,6.367525542002113,0.07497197399789002,49,0,0,49,0.0,0.0,1.0,0.0010476181283593177,0.7232082635164261,0.09809925816953183,1.3732946634292602,0.017445214348117587,0.3829571008682251,0.3598219156265259,0.4203507602214813,5.0,0,0.0,0.0,0.0,0.0,0.0,0.0,0.0,0.0,0.0,0.0,0.0
253,1036288,653.4346153061061,680.6436488784248,6.017833277001046,0.0766033299951232,0,0,0,0,0.0,0.0,0.0,-0.0073451653006486595,0.4309471122920513,0.06552031198516488,1.3682913184165955,0.009053640768979677,0.38236498832702637,0.3577550947666168,0.4198060631752014,5.0,0,0.0,0.0,0.0,0.0,0.0,0.0,0.0,0.0,0.0,0.0,0.0
254,1040384,653.5128108213266,682.7022644696669,5.999687144998461,0.07496267500391696,0,0,0,0,0.0,0.0,0.0,-0.0016536636394448578,0.6476629778742791,0.06028088396415114,1.360465842485428,0.018612882976594847,0.38090699911117554,0.35744014382362366,0.417104572057724,5.0,0,0.0,0.0,0.0,0.0,0.0,0.0,0.0,0.0,0.0,0.0,0.0
255,1044480,653.5359499436532,667.9439889807456,6.1322507090008,0.07574123900121776,1,0,0,1,0.0,0.0,1.0,0.001823536795563996,1.051871831715107,0.08223307747393846,1.3516565680503845,0.02032281822175719,0.38026827573776245,0.3565816581249237,0.4163983464241028,5.0,0,0.0,0.0,0.0,0.0,0.0,0.0,0.0,0.0,0.0,0.0,0.0
256,1048576,653.416912779336,631.2486960318317,6.488726274998044,0.06773293100559385,7,0,0,7,0.0,0.0,1.0,-0.006256768899038434,0.9846701711416245,0.08889443296939134,1.3453347772359847,0.011273745235666866,0.3792894780635834,0.3552585244178772,0.4159267842769623,5.0,0,0.0,0.0,0.0,0.0,0.0,0.0,0.0,0.0,0.0,0.0,0.0
257,1052672,653.2518564168365,620.8429026730545,6.597482200995728,0.07531902500340948,9,0,0,9,0.0,0.0,1.0,0.004256782936863601,0.9653361827135086,0.0837797362357378,1.3393986344337463,0.031995721173734636,0.3789912462234497,0.35615959763526917,0.4154004156589508,5.0,0,0.0,0.0,0.0,0.0,0.0,0.0,0.0,0.0,0.0,0.0,0.0
258,1056768,653.2431094899488,660.2107330438805,6.204079690003709,0.08463482200022554,47,0,0,47,0.0,0.0,1.0,0.002009923558216542,0.7194144040346145,0.11293231509625912,1.3374853372573852,0.017360827409720513,0.378343403339386,0.3578668534755707,0.41264280676841736,5.0,0,0.0,0.0,0.0,0.0,0.0,0.0,0.0,0.0,0.0,0.0,0.0
259,1060864,653.3340629464343,686.6317326123254,5.96535202999803,0.07519762900483329,0,0,0,0,0.0,0.0,0.0,-0.003355541592463851,0.6410571128129959,0.07899053171277046,1.331422808766365,0.011355146538699045,0.3773650825023651,0.35841089487075806,0.40997567772865295,5.0,0,0.0,0.0,0.0,0.0,0.0,0.0,0.0,0.0,0.0,0.0,0.0
260,1064960,653.3670361688213,670.7204107670952,6.106866488997184,0.07703482399665518,0,0,0,0,0.0,0.0,0.0,0.015966832265257837,0.7268123492598534,0.06644717631861567,1.3300126582384109,0.0626306706762989,0.3782714307308197,0.3594292104244232,0.41099756956100464,5.0,0,0.0,0.0,0.0,0.0,0.0,0.0,0.0,0.0,0.0,0.0,0.0
261,1069056,653.3867806562724,666.9792139514997,6.141120913998748,0.07531355099490611,4,0,0,4,0.0,0.0,1.0,0.0011486926581710578,1.1205009281635285,0.07841197103261947,1.3320564448833465,0.028717353772663046,0.3773197531700134,0.3565109670162201,0.4100381135940552,5.0,0,0.0,0.0,0.0,0.0,0.0,0.0,0.0,0.0,0.0,0.0,0.0
262,1073152,653.2757730791196,633.0884122667862,6.469870433000324,0.07499256200389937,7,0,0,7,0.0,0.0,1.0,0.04551380322081968,1.3111775159835815,0.09575569741427899,1.3289056837558746,0.14483176663488848,0.3783087134361267,0.35889747738838196,0.40955689549446106,5.0,0,0.0,0.0,0.0,0.0,0.0,0.0,0.0,0.0,0.0,0.0,0.0
263,1077248,653.17904258104,636.3998734855243,6.4362049250048585,0.07473765200120397,53,0,0,53,0.0,0.0,1.0,0.014988544699735939,1.1362827584147452,0.07024818165227771,1.3385497599840164,0.05486980847781524,0.37905019521713257,0.35999003052711487,0.40865153074264526,5.0,0,0.0,0.0,0.0,0.0,0.0,0.0,0.0,0.0,0.0,0.0,0.0
264,1081344,653.2613163441804,683.8581028315791,5.989546636999876,0.06966201400064165,0,0,0,0,0.0,0.0,0.0,0.009429916320368648,0.7966291144490242,0.11541173644363881,1.3459233343601227,0.019522479323495646,0.3800860047340393,0.36145251989364624,0.4088606834411621,5.0,0,0.0,0.0,0.0,0.0,0.0,0.0,0.0,0.0,0.0,0.0,0.0
265,1085440,653.3230587226368,678.7990394395931,6.034186500000942,0.07579986000200734,0,0,0,0,0.0,0.0,0.0,0.02838294275570661,0.595607016980648,0.06813159473240375,1.35763176381588,0.10282483827904798,0.38233089447021484,0.3639024794101715,0.4122668206691742,5.0,0,0.0,0.0,0.0,0.0,0.0,0.0,0.0,0.0,0.0,0.0,0.0
266,1089536,653.3830941788211,678.7194334191888,6.0348942410055315,0.07812218999606557,0,0,0,0,0.0,0.0,0.0,0.010740522260311991,1.5690716058015823,0.07447922509163618,1.36965109705925,0.040552403346373465,0.3824875056743622,0.3622298836708069,0.41415345668792725,5.0,0,0.0,0.0,0.0,0.0,0.0,0.0,0.0,0.0,0.0,0.0,0.0
267,1093632,653.4095029191515,669.0820902563745,6.121819817999494,0.07631662399944616,4,0,0,4,0.0,0.0,1.0,0.035834273556247354,1.2735232055187224,0.08372823800891638,1.3726136893033982,0.11994298893187079,0.38418087363243103,0.36471667885780334,0.4165494740009308,5.0,0,0.0,0.0,0.0,0.0,0.0,0.0,0.0,0.0,0.0,0.0,0.0
268,1097728,653.2525371488156,621.6620493890535,6.588788883003872,0.08052076500462135,8,0,0,8,0.0,0.0,1.0,0.010154841793701052,1.1532017812132835,0.07123767994344235,1.380383986234665,0.019989976559008936,0.3833657205104828,0.3651449680328369,0.41402918100357056,5.0,0,0.0,0.0,0.0,0.0,0.0,0.0,0.0,0.0,0.0,0.0,0.0
269,1101824,653.1239335190112,628.011626419972,6.5221722459973535,0.07517821899818955,52,0,1,51,0.0,0.019230769230769232,0.9807692307692307,0.02117044269107282,0.5895093768835068,0.07056505931541324,1.3763534903526307,0.06530662404475152,0.3839966654777527,0.36524277925491333,0.4171040952205658,5.0,0,0.0,0.0,0.0,0.0,0.0,0.0,0.0,0.0,0.0,0.0,0.0
270,1105920,653.1959146893122,681.5598224887777,6.009743921000336,0.07184880999557208,0,0,0,0,0.0,0.0,0.0,-0.0024094363441690804,0.6506027579307556,0.09581329934298992,1.3815980762243272,0.007928452279884368,0.3843039870262146,0.36447471380233765,0.4168086349964142,5.0,0,0.0,0.0,0.0,0.0,0.0,0.0,0.0,0.0,0.0,0.0,0.0
271,1110016,653.239356567343,674.0356765637969,6.076829672994791,0.07783604599535465,0,0,0,0,0.0,0.0,0.0,-0.002914899430470541,0.5274335667490959,0.061673158686608075,1.3842978000640869,0.019023811532679246,0.38485679030418396,0.3642376661300659,0.4176010489463806,5.0,0,0.0,0.0,0.0,0.0,0.0,0.0,0.0,0.0,0.0,0.0,0.0
272,1114112,653.2985985157604,679.1845194442473,6.030761718997383,0.08111964999989141,0,0,0,0,0.0,0.0,0.0,-0.004547989158891141,0.6372247129678726,0.05093479221686721,1.3856033891439439,0.00962026255801902,0.38431817293167114,0.36243221163749695,0.4167724847793579,5.0,0,0.0,0.0,0.0,0.0,0.0,0.0,0.0,0.0,0.0,0.0,0.0
273,1118208,653.3106843622023,665.0368340316,6.159057349002978,0.07583799599524355,4,0,0,4,0.0,0.0,1.0,-0.0054263895843178036,1.0162430450320243,0.07418360002338886,1.3737206488847733,0.008440286892437143,0.38205084204673767,0.3606671094894409,0.4154035449028015,5.0,0,0.0,0.0,0.0,0.0,0.0,0.0,0.0,0.0,0.0,0.0,0.0
274,1122304,653.153643079332,620.2290771038925,6.604011567993439,0.07558453099773033,10,0,1,9,0.0,0.1,0.9,-0.002803576010046527,1.2704924374818802,0.08424202930182219,1.362989029288292,0.0071199913465534335,0.3820011615753174,0.36070725321769714,0.4163844883441925,5.0,0,0.0,0.0,0.0,0.0,0.0,0.0,0.0,0.0,0.0,0.0,0.0
275,1126400,653.0787798017269,640.4541754770897,6.39546146599605,0.07013544900109991,50,0,0,50,0.0,0.0,1.0,0.007473255391232669,0.7728153347969056,0.09914514739066363,1.3650761008262635,0.030495543198776433,0.382394015789032,0.3617584705352783,0.4163385331630707,5.0,0,0.0,0.0,0.0,0.0,0.0,0.0,0.0,0.0,0.0,0.0,0.0
276,1130496,653.1355514549251,677.8918703135402,6.042261574999429,0.07587195700034499,0,0,0,0,0.0,0.0,0.0,0.001084588933736086,0.4296525165438652,0.07623739670962096,1.3663472354412078,0.028153107924299547,0.381903737783432,0.3618914484977722,0.41631656885147095,5.0,0,0.0,0.0,0.0,0.0,0.0,0.0,0.0,0.0,0.0,0.0,0.0
277,1134592,653.2008008505261,679.3699171430901,6.029115944998921,0.06559632800053805,0,0,0,0,0.0,0.0,0.0,-0.0022929310565814377,0.6572089672088623,0.06937210112810135,1.3662811487913131,0.01853332891041646,0.38320454955101013,0.3622901737689972,0.4195428490638733,5.0,0,0.0,0.0,0.0,0.0,0.0,0.0,0.0,0.0,0.0,0.0,0.0
278,1138688,653.2337921537667,671.0802042124417,6.103592349005339,0.07600545800232794,0,0,0,0,0.0,0.0,0.0,0.040528214140795174,0.6559267207980156,0.05397142115980387,1.3759206593036652,0.13347740840399638,0.38393282890319824,0.3625624477863312,0.42107075452804565,5.0,0,0.0,0.0,0.0,0.0,0.0,0.0,0.0,0.0,0.0,0.0,0.0
279,1142784,653.194079445385,650.8476114452114,6.293331845998182,0.08001037299982272,4,0,0,4,0.0,0.0,1.0,0.0097182581666857,2.226072734594345,0.10970555823296309,1.3825561642646789,0.03116573115985375,0.3854336440563202,0.36342430114746094,0.4237164258956909,5.0,0,0.0,0.0,0.0,0.0,0.0,0.0,0.0,0.0,0.0,0.0,0.0
280,1146880,653.0661719877854,626.9631386264607,6.533079454995459,0.0767513710015919,10,0,0,10,0.0,0.0,1.0,0.0625967074651271,0.8371366813778878,0.06778648421168328,1.395295086503029,0.28077928265629454,0.3871522843837738,0.36701565980911255,0.4246842563152313,5.0,0,0.0,0.0,0.0,0.0,0.0,0.0,0.0,0.0,0.0,0.0,0.0
281,1150976,653.0214491312254,648.8803037122494,6.312412284001766,0.07701350099523552,50,0,0,50,0.0,0.0,1.0,0.005755738948937506,1.3945547610521316,0.08984013646841049,1.4097734600305558,0.02318497718006256,0.388649582862854,0.3698856830596924,0.42581096291542053,5.0,0,0.0,0.0,0.0,0.0,0.0,0.0,0.0,0.0,0.0,0.0,0.0
282,1155072,653.0745722027926,676.8244183446192,6.051791113000945,0.07349637700099265,0,0,0,0,0.0,0.0,0.0,0.031516055855900046,1.0726415872573853,0.08317379094660282,1.4189986497163773,0.089811259668204,0.38991135358810425,0.36973097920417786,0.42698541283607483,5.0,0,0.0,0.0,0.0,0.0,0.0,0.0,0.0,0.0,0.0,0.0,0.0
283,1159168,653.1183670880459,674.3161840903865,6.074301783999545,0.07545628499792656,0,0,0,0,0.0,0.0,0.0,0.03988441121764481,0.7126166999340058,0.0396748430095613,1.425766295194626,0.16046310834353789,0.3898739516735077,0.36582934856414795,0.42779889702796936,5.0,0,0.0,0.0,0.0,0.0,0.0,0.0,0.0,0.0,0.0,0.0,0.0
284,1163264,653.1333952353275,666.1257058072189,6.1489895440026885,0.07824314400204457,1,0,0,1,0.0,0.0,1.0,0.06484541886020452,2.605062860250473,0.10848524775356054,1.4281865179538726,0.13803457213798537,0.3920097351074219,0.3670201599597931,0.4287170469760895,5.0,0,0.0,0.0,0.0,0.0,0.0,0.0,0.0,0.0,0.0,0.0,0.0
285,1167360,653.1109760938319,655.0826824326928,6.252645826003572,0.07686632199329324,6,0,0,6,0.0,0.0,1.0,0.010607681586407125,0.3062324974685907,0.03566726231947541,1.4412292748689652,0.04034406861392199,0.3915638327598572,0.3674881160259247,0.4256635308265686,5.0,0,0.0,0.0,0.0,0.0,0.0,0.0,0.0,0.0,0.0,0.0,0.0
286,1171456,652.9759599170716,624.2142778027958,6.561849264995544,0.07757695199688897,8,0,0,8,0.0,0.0,1.0,-0.005867348366882652,0.45800339579582217,0.031883289525285366,1.4326891273260116,0.005440400301449699,0.3897920846939087,0.3671494126319885,0.42215496301651,5.0,0,0.0,0.0,0.0,0.0,0.0,0.0,0.0,0.0,0.0,0.0,0.0
287,1175552,652.9389955883757,651.1826868197164,6.290093521995004,0.08141428499948233,49,0,0,49,0.0,0.0,1.0,0.003239773598033935,0.5626165069639683,0.09992870632559062,1.4176749616861344,0.013062947478465503,0.38786813616752625,0.3653910756111145,0.4186262786388397,5.0,0,0.0,0.0,0.0,0.0,0.0,0.0,0.0,0.0,0.0,0.0,0.0
288,1179648,652.9761246852461,672.3998762223425,6.091613256998244,0.07525864499621093,0,0,0,0,0.0,0.0,0.0,-0.003397126100026071,0.6548830077052117,0.0878518745303154,1.4026533097028733,0.011188275017775594,0.38559240102767944,0.3636983036994934,0.41599422693252563,5.0,0,0.0,0.0,0.0,0.0,0.0,0.0,0.0,0.0,0.0,0.0,0.0
289,1183744,653.0255351431334,676.3878084674604,6.055697558003885,0.07634889199835015,0,0,0,0,0.0,0.0,0.0,0.007458310690708458,0.723218335211277,0.06741744121536612,1.3905673235654832,0.032011035469622584,0.3855306804180145,0.3626624345779419,0.41600868105888367,5.0,0,0.0,0.0,0.0,0.0,0.0,0.0,0.0,0.0,0.0,0.0,0.0
290,1187840,653.0805390541074,677.4616080924685,6.046099071994831,0.06980921100330306,1,0,0,1,0.0,0.0,1.0,0.00626061592483893,1.0747277438640594,0.07900432609021664,1.39197319149971,0.03634393565589562,0.3851795196533203,0.3619180917739868,0.41672876477241516,5.0,0,0.0,0.0,0.0,0.0,0.0,0.0,0.0,0.0,0.0,0.0,0.0
291,1191936,653.0209814603509,643.8893762509063,6.361341172996617,0.07399655400513439,7,0,0,7,0.0,0.0,1.0,0.007850468764081598,1.2536669999361039,0.09814651273190975,1.3926329612731934,0.03585822884051595,0.3865355849266052,0.3633686304092407,0.41864997148513794,5.0,0,0.0,0.0,0.0,0.0,0.0,0.0,0.0,0.0,0.0,0.0,0.0
292,1196032,652.901134028255,627.2727826489248,6.529854496002372,0.07532572600030107,8,0,0,8,0.0,0.0,1.0,0.00468378143850714,0.6491769850254059,0.07378049716353416,1.4021052449941636,0.02654015059597441,0.3868846595287323,0.36383333802223206,0.41982197761535645,5.0,0,0.0,0.0,0.0,0.0,0.0,0.0,0.0,0.0,0.0,0.0,0.0
293,1200128,652.8570476828136,648.0746016548388,6.320260027998302,0.07416174500394845,48,0,0,48,0.0,0.0,1.0,0.0012593032442964613,0.6883495345711708,0.10520282220095396,1.4026225566864015,0.01054582361393841,0.38698598742485046,0.36403152346611023,0.41991397738456726,5.0,0,0.0,0.0,0.0,0.0,0.0,0.0,0.0,0.0,0.0,0.0,0.0
294,1204224,652.8946402887033,672.7458454785257,6.088480557002185,0.07593448599800467,0,0,0,0,0.0,0.0,0.0,0.0009526853624265641,0.6625505492091179,0.08807941414415836,1.4029235303401948,0.023372802354424495,0.3868308961391449,0.3633396327495575,0.4193494915962219,5.0,0,0.0,0.0,0.0,0.0,0.0,0.0,0.0,0.0,0.0,0.0,0.0
295,1208320,652.9281338752143,671.5370647547562,6.099439949000953,0.07598854500247398,0,0,0,0,0.0,0.0,0.0,0.0028689897852018477,0.5891137212514878,0.06796915549784899,1.4018785387277604,0.027362935133714926,0.38694578409194946,0.36390256881713867,0.4186354875564575,5.0,0,0.0,0.0,0.0,0.0,0.0,0.0,0.0,0.0,0.0,0.0,0.0
296,1212416,652.9365773316918,663.9195909747322,6.1694218030024786,0.07666812599927653,2,0,0,2,0.0,0.0,1.0,0.0050376351224258546,1.2012466728687285,0.07803475074470043,1.3986869752407074,0.033376021673029756,0.38586482405662537,0.3626311719417572,0.41833123564720154,5.0,0,0.0,0.0,0.0,0.0,0.0,0.0,0.0,0.0,0.0,0.0,0.0
297,1216512,652.816803197518,626.7515552274674,6.535284940000565,0.07628956199914683,8,0,0,8,0.0,0.0,1.0,0.009100113261956722,1.0923365980386734,0.09395358674228191,1.3941165447235107,0.04019104706894723,0.3859567642211914,0.3621464967727661,0.417024701833725,5.0,0,0.0,0.0,0.0,0.0,0.0,0.0,0.0,0.0,0.0,0.0,0.0
298,1220608,652.6982728512047,626.8321623289446,6.534444539000106,0.07623524999507936,9,0,0,9,0.0,0.0,1.0,0.003048117447178811,0.6835596531629562,0.07406970951706171,1.3956311136484145,0.020365999518253373,0.3857850432395935,0.3623797595500946,0.4174878001213074,5.0,0,0.0,0.0,0.0,0.0,0.0,0.0,0.0,0.0,0.0,0.0,0.0
299,1224704,652.6814467001722,655.9265207971407,6.244601903003058,0.07598396200046409,45,0,0,45,0.0,0.0,1.0,-0.0017199542926391587,0.6729033946990967,0.10739266946911812,1.3928729444742203,0.022110469019389713,0.3854406774044037,0.36278197169303894,0.4162936508655548,5.0,0,0.0,0.0,0.0,0.0,0.0,0.0,0.0,0.0,0.0,0.0,0.0
300,1228800,652.7748802213142,690.8943842983821,5.928547247000097,0.07422736300213728,0,0,0,0,0.0,0.0,0.0,-0.0011279997532255947,0.7947817876935005,0.07155509628355503,1.388924041390419,0.024797745168325492,0.3847055435180664,0.3616071343421936,0.4155022203922272,5.0,0,0.0,0.0,0.0,0.0,0.0,0.0,0.0,0.0,0.0,0.0,0.0
301,1232896,652.8232456772852,676.8893293732444,6.0512107699978515,0.07856949699635152,0,0,0,0,0.0,0.0,0.0,0.00010883273789659142,0.7622738912701607,0.07246696241199971,1.3807987421751022,0.01646743982564658,0.3831481337547302,0.36125606298446655,0.4136953353881836,5.0,0,0.0,0.0,0.0,0.0,0.0,0.0,0.0,0.0,0.0,0.0,0.0
302,1236992,652.8131426074892,658.3176904573348,6.221919992996845,0.07807279499684228,4,0,0,4,0.0,0.0,1.0,0.004252823255956173,1.094764593243599,0.08476751483976841,1.365776190161705,0.038462062269536544,0.3813857436180115,0.35945048928260803,0.4122322201728821,5.0,0,0.0,0.0,0.0,0.0,0.0,0.0,0.0,0.0,0.0,0.0,0.0
303,1241088,652.6909685836372,625.2810102693912,6.550654718004807,0.07662752800388262,8,0,0,8,0.0,0.0,1.0,0.014865521411411464,1.1668380349874496,0.0822451125830412,1.3623311549425126,0.05994146190205356,0.38246679306030273,0.3580399751663208,0.41435572504997253,5.0,0,0.0,0.0,0.0,0.0,0.0,0.0,0.0,0.0,0.0,0.0,0.0
304,1245184,652.613450537849,637.6113147386885,6.423976340003719,0.07500524699571542,52,0,0,52,0.0,0.0,1.0,0.004678815335500986,1.0072128430008889,0.08207490593194962,1.3694803029298783,0.03650872672806145,0.3825928866863251,0.3576453924179077,0.41452667117118835,5.0,0,0.0,0.0,0.0,0.0,0.0,0.0,0.0,0.0,0.0,0.0,0.0
305,1249280,652.7058745730161,691.4159195384227,5.924075341994467,0.07740930400177604,0,0,0,0,0.0,0.0,0.0,0.0166682145325467,0.5888430804014206,0.10418640542775393,1.3698260843753816,0.032455033437145175,0.383142352104187,0.3580549657344818,0.41350317001342773,5.0,0,0.0,0.0,0.0,0.0,0.0,0.0,0.0,0.0,0.0,0.0,0.0
306,1253376,652.7633818652511,679.5045768296608,6.0279211349989055,0.07492373399873031,0,0,0,0,0.0,0.0,0.0,0.0041814315773081034,0.6228164061903954,0.07788401823490858,1.3708699196577072,0.03434969609952532,0.3821260333061218,0.35780495405197144,0.4094173014163971,5.0,0,0.0,0.0,0.0,0.0,0.0,0.0,0.0,0.0,0.0,0.0,0.0
307,1257472,652.8151396927101,678.3728545798549,6.037977451996994,0.0809487070000614,0,0,0,0,0.0,0.0,0.0,0.002661751746200025,1.039859452843666,0.08185712825506926,1.3617499202489853,0.02631984723266214,0.3810734152793884,0.35737138986587524,0.4076818823814392,5.0,0,0.0,0.0,0.0,0.0,0.0,0.0,0.0,0.0,0.0,0.0,0.0
308,1261568,652.8103103822124,659.6946525930899,6.20893315399735,0.0766066599971964,4,0,0,4,0.0,0.0,1.0,0.009872053284198046,1.2645818918943406,0.09135766178369523,1.3581524670124054,0.02857171806244878,0.3813052177429199,0.3575465977191925,0.4085144102573395,5.0,0,0.0,0.0,0.0,0.0,0.0,0.0,0.0,0.0,0.0,0.0,0.0
309,1265664,652.6411700580612,611.492674619217,6.698363153001992,0.07514584199816454,10,0,0,10,0.0,0.0,1.0,0.0033004316268488766,1.1143696695566176,0.08472123369574547,1.356267124414444,0.03073329526014277,0.3798857629299164,0.35590654611587524,0.4074161648750305,5.0,0,0.0,0.0,0.0,0.0,0.0,0.0,0.0,0.0,0.0,0.0,0.0
310,1269760,652.5525300415992,633.8765114325319,6.461826437996933,0.07522323599550873,50,0,0,50,0.0,0.0,1.0,0.009491385414730758,0.5818168729543686,0.09857364390045405,1.344738632440567,0.027664439305954146,0.37911564111709595,0.35510802268981934,0.4070594012737274,5.0,0,0.0,0.0,0.0,0.0,0.0,0.0,0.0,0.0,0.0,0.0,0.0
311,1273856,652.6151999127808,681.683948927468,6.008649618997879,0.0775316910003312,0,0,0,0,0.0,0.0,0.0,0.0062101288465783,0.5839918375015258,0.10872730519622564,1.340635284781456,0.031102322334481868,0.37860333919525146,0.35358521342277527,0.40638914704322815,5.0,0,0.0,0.0,0.0,0.0,0.0,0.0,0.0,0.0,0.0,0.0,0.0
312,1277952,652.6764250064433,681.0002774876058,6.0146818370049004,0.07473433399718488,0,0,0,0,0.0,0.0,0.0,0.0059442117461003365,1.176816040277481,0.08824444580823183,1.335633036494255,0.03671590443700552,0.3780782222747803,0.35182392597198486,0.4060344696044922,5.0,0,0.0,0.0,0.0,0.0,0.0,0.0,0.0,0.0,0.0,0.0,0.0
313,1282048,652.7423821328969,682.7569088091833,5.999206961001619,0.07482693400379503,0,0,0,0,0.0,0.0,0.0,-0.0035108239157125355,1.1102969616651535,0.07529933024197817,1.3318787097930909,0.010061065085756127,0.37751996517181396,0.35325244069099426,0.40462222695350647,5.0,0,0.0,0.0,0.0,0.0,0.0,0.0,0.0,0.0,0.0,0.0,0.0
314,1286144,652.7293058747791,656.8659903504914,6.235670684996876,0.07592510900576599,4,0,0,4,0.0,0.0,1.0,-0.002910295152105391,0.996401047706604,0.07899561952799558,1.3238460659980773,0.013177358360553625,0.3756430745124817,0.3524220287799835,0.4021185636520386,5.0,0,0.0,0.0,0.0,0.0,0.0,0.0,0.0,0.0,0.0,0.0,0.0
315,1290240,652.5766933601955,615.1084233851788,6.658988634000707,0.07531488799577346,10,0,0,10,0.0,0.0,1.0,0.0024617550778202714,0.6893758103251457,0.06760374130681157,1.3096598833799362,0.02700057051843032,0.37471944093704224,0.34940943121910095,0.40249595046043396,5.0,0,0.0,0.0,0.0,0.0,0.0,0.0,0.0,0.0,0.0,0.0,0.0
316,1294336,652.4780797126939,630.3391844937858,6.498088807995373,0.07491416700213449,50,0,1,49,0.0,0.02,0.98,-0.002614041930064559,0.7880178064107894,0.0877162653952837,1.3054337918758392,0.014423324316157959,0.37416958808898926,0.35121631622314453,0.4011479616165161,5.0,0,0.0,0.0,0.0,0.0,0.0,0.0,0.0,0.0,0.0,0.0,0.0
317,1298432,652.5384512722566,681.0326632950218,6.014395815000171,0.07551008500013268,0,0,0,0,0.0,0.0,0.0,0.001112079992890358,0.6407503560185432,0.08337636906653642,1.302960714697838,0.017071666585979983,0.37409716844558716,0.34971508383750916,0.4001811444759369,5.0,0,0.0,0.0,0.0,0.0,0.0,0.0,0.0,0.0,0.0,0.0,0.0
318,1302528,652.5722182434916,672.11872099764,6.094161451001128,0.07646305800153641,0,0,0,0,0.0,0.0,0.0,0.0010797036346048116,0.4916392870247364,0.06065956568345428,1.301551678776741,0.01694257619383279,0.3737355172634125,0.3498157858848572,0.3984050750732422,5.0,0,0.0,0.0,0.0,0.0,0.0,0.0,0.0,0.0,0.0,0.0,0.0
319,1306624,652.6450928155012,685.5305580924876,5.974934234000102,0.07480876900081057,0,0,0,0,0.0,0.0,0.0,0.00490272615570575,0.7392504513263702,0.054525638837367295,1.2961074262857437,0.03756284663031693,0.3726385533809662,0.349411278963089,0.3951280415058136,5.0,0,0.0,0.0,0.0,0.0,0.0,0.0,0.0,0.0,0.0,0.0,0.0
320,1310720,652.6013598498868,646.6609223432803,6.334076883998932,0.07342262099700747,5,0,0,5,0.0,0.0,1.0,0.016144261707086115,1.0523697033524513,0.0645151199772954,1.290159922838211,0.06270700975364889,0.37259313464164734,0.3488585352897644,0.3957176208496094,5.0,0,0.0,0.0,0.0,0.0,0.0,0.0,0.0,0.0,0.0,0.0,0.0
321,1314816,652.5083410133395,631.7056173967509,6.484032890002709,0.07635669500450604,9,0,0,9,0.0,0.0,1.0,0.022339781059417873,2.022926813364029,0.09459215775132179,1.2965276837348938,0.06284322250576224,0.3743179738521576,0.3492772579193115,0.3960539996623993,5.0,0,0.0,0.0,0.0,0.0,0.0,0.0,0.0,0.0,0.0,0.0,0.0
322,1318912,652.4022281885501,627.9366331058508,6.522951177001232,0.08015041799808387,50,0,0,50,0.0,0.0,1.0,0.004248475993517786,0.48499538078904153,0.0846352195367217,1.30598064661026,0.020122558776347433,0.37413567304611206,0.34859856963157654,0.393537700176239,5.0,0,0.0,0.0,0.0,0.0,0.0,0.0,0.0,0.0,0.0,0.0,0.0
323,1323008,652.4812270788537,688.2602616259454,5.951237094996031,0.07834312599879922,0,0,0,0,0.0,0.0,0.0,-0.0051289265742525455,0.4506747677922249,0.07192199174314737,1.2945110201835632,0.008272509904054459,0.3717041015625,0.3463212549686432,0.3897136449813843,5.0,0,0.0,0.0,0.0,0.0,0.0,0.0,0.0,0.0,0.0,0.0,0.0
324,1327104,652.5141087322681,672.0148018551412,6.095103841005766,0.07696645699616056,0,0,0,0,0.0,0.0,0.0,0.00423047662479803,0.6067816317081451,0.05926095861941576,1.2783565402030945,0.0194352875725599,0.3700908124446869,0.3470224142074585,0.38691896200180054,5.0,0,0.0,0.0,0.0,0.0,0.0,0.0,0.0,0.0,0.0,0.0,0.0
325,1331200,652.5241279679294,664.1937580658628,6.166875178001646,0.07568757499393541,1,0,0,1,0.0,0.0,1.0,0.016827331390231848,0.9938524186611175,0.06230305759236217,1.2703644245862962,0.06697296688071219,0.37021899223327637,0.34790197014808655,0.38736492395401,5.0,0,0.0,0.0,0.0,0.0,0.0,0.0,0.0,0.0,0.0,0.0,0.0
326,1335296,652.487645858521,648.9003120161825,6.312217645994679,0.0756665389999398,6,0,0,6,0.0,0.0,1.0,0.007179234409704804,2.003872486948967,0.10302342008799314,1.275027295947075,0.029271571023127763,0.37086695432662964,0.34796634316444397,0.3879581391811371,5.0,0,0.0,0.0,0.0,0.0,0.0,0.0,0.0,0.0,0.0,0.0,0.0
327,1339392,652.3891457205052,629.2175925435813,6.509671771003923,0.074569276002876,9,0,0,9,0.0,0.0,1.0,0.02756442562676966,0.5437635906040669,0.06167919933795929,1.2828330457210542,0.08515809979944607,0.3728758692741394,0.3494734764099121,0.3882472515106201,5.0,0,0.0,0.0,0.0,0.0,0.0,0.0,0.0,0.0,0.0,0.0,0.0
328,1343488,652.3608607996138,651.1495852059531,6.290413283000817,0.07423834899964277,48,0,0,48,0.0,0.0,1.0,0.006732624699361622,0.8556408360600471,0.09910236429423094,1.2982338607311248,0.019181054159707854,0.3734350800514221,0.3482230007648468,0.38893839716911316,5.0,0,0.0,0.0,0.0,0.0,0.0,0.0,0.0,0.0,0.0,0.0,0.0
329,1347584,652.4184290381395,680.7677651725894,6.016736116995162,0.07617372600361705,0,0,0,0,0.0,0.0,0.0,0.014512926351744681,0.8300880402326584,0.07862063255161048,1.3051811158657074,0.058338942917907845,0.37606948614120483,0.34908491373062134,0.3923841118812561,5.0,0,0.0,0.0,0.0,0.0,0.0,0.0,0.0,0.0,0.0,0.0,0.0
330,1351680,652.4543831482508,673.113918081178,6.085151249993942,0.07590775399876293,0,0,0,0,0.0,0.0,0.0,0.03878084544558078,0.8053420066833497,0.04913266040384769,1.3224128186702728,0.09154752676622593,0.37631458044052124,0.347956120967865,0.39417722821235657,5.0,0,0.0,0.0,0.0,0.0,0.0,0.0,0.0,0.0,0.0,0.0,0.0
331,1355776,652.4566498460175,661.8828544717865,6.188406260000193,0.07906375699531054,2,0,0,2,0.0,0.0,1.0,0.0332945064175874,2.2513089179992676,0.10028904564678669,1.3214380323886872,0.07936601890614839,0.3769761919975281,0.34791484475135803,0.3943280577659607,5.0,0,0.0,0.0,0.0,0.0,0.0,0.0,0.0,0.0,0.0,0.0,0.0
332,1359872,652.4104374693297,645.3171730238016,6.347266385004332,0.0749439249993884,7,0,0,7,0.0,0.0,1.0,0.04416648220503703,0.7168750494718552,0.05795227903872728,1.3295664548873902,0.15290794235042995,0.3783819377422333,0.34825021028518677,0.39466604590415955,5.0,0,0.0,0.0,0.0,0.0,0.0,0.0,0.0,0.0,0.0,0.0,0.0
333,1363968,652.258394537646,612.609526993102,6.686151324000093,0.07624574600049527,11,0,0,11,0.0,0.0,1.0,0.022966832714155318,1.1774520337581635,0.06650268658995628,1.340811076760292,0.06633839108617394,0.37969034910202026,0.34797289967536926,0.3961998522281647,5.0,0,0.0,0.0,0.0,0.0,0.0,0.0,0.0,0.0,0.0,0.0,0.0
334,1368064,652.2634863320044,662.8591568467989,6.179291569998895,0.0805350329974317,44,0,0,44,0.0,0.0,1.0,0.003633378562517464,0.6092761233448982,0.1204104620963335,1.3458924531936645,0.01603931426870986,0.3792734742164612,0.3477252423763275,0.3955293297767639,5.0,0,0.0,0.0,0.0,0.0,0.0,0.0,0.0,0.0,0.0,0.0,0.0
335,1372160,652.3099284046132,675.7375314850736,6.061525088000053,0.06550649499695282,0,0,0,0,0.0,0.0,0.0,0.0011515508173033594,0.691243015229702,0.1029343893751502,1.3405669391155244,0.013509806560614379,0.3786419630050659,0.34803780913352966,0.3954187035560608,5.0,0,0.0,0.0,0.0,0.0,0.0,0.0,0.0,0.0,0.0,0.0,0.0
336,1376256,652.3469107652533,672.9673721009782,6.086476358002983,0.07020132000616286,0,0,0,0,0.0,0.0,0.0,0.003562205214984715,0.8644579246640205,0.0894690364599228,1.333870169520378,0.021244769990880742,0.3774750232696533,0.349057137966156,0.39433062076568604,5.0,0,0.0,0.0,0.0,0.0,0.0,0.0,0.0,0.0,0.0,0.0,0.0
337,1380352,652.297187000774,643.8824441311541,6.361409659999481,0.07548205700004473,4,0,0,4,0.0,0.0,1.0,-0.004751745262183249,1.1080521643161774,0.07545052953064442,1.3236783742904663,0.012684994360461133,0.3756678104400635,0.3498263955116272,0.3907286524772644,5.0,0,0.0,0.0,0.0,0.0,0.0,0.0,0.0,0.0,0.0,0.0,0.0
338,1384448,652.2451451912408,642.0421138579417,6.379643813997973,0.06588250200002221,8,0,0,8,0.0,0.0,1.0,0.0012149965856224298,0.8745698317885399,0.07714810203760862,1.313056281208992,0.020323721223394386,0.37517935037612915,0.3497166037559509,0.3895167410373688,5.0,0,0.0,0.0,0.0,0.0,0.0,0.0,0.0,0.0,0.0,0.0,0.0
339,1388544,652.1044478284213,614.810588279262,6.662214473995846,0.07388352300040424,52,0,0,52,0.0,0.0,1.0,-0.004933145549148321,1.0946612894535064,0.08044557198882103,1.3124405562877655,0.009892079069686588,0.37516891956329346,0.3511975109577179,0.38725754618644714,5.0,0,0.0,0.0,0.0,0.0,0.0,0.0,0.0,0.0,0.0,0.0,0.0
340,1392640,652.1627058037656,681.4275352140297,6.010910607998085,0.07631730900175171,0,0,0,0,0.0,0.0,0.0,-0.0016862602555193008,0.7201459318399429,0.10390595402568578,1.311823371052742,0.016414830596477258,0.37505924701690674,0.351545512676239,0.38894522190093994,5.0,0,0.0,0.0,0.0,0.0,0.0,0.0,0.0,0.0,0.0,0.0,0.0
341,1396736,652.223577239638,681.5545868829299,6.0097900870023295,0.0680380729972967,0,0,0,0,0.0,0.0,0.0,-0.00801231466466561,0.6292714804410935,0.07281415741890669,1.3121506422758102,0.01586447441368364,0.37519487738609314,0.351916640996933,0.3888358175754547,5.0,0,0.0,0.0,0.0,0.0,0.0,0.0,0.0,0.0,0.0,0.0,0.0
342,1400832,652.2730587303649,677.1786936077921,6.048625035997247,0.06531365699629532,0,0,0,0,0.0,0.0,0.0,-0.00504118597600609,0.720886355638504,0.06598765831440687,1.3132750689983368,0.014975430032063742,0.37518495321273804,0.3521861433982849,0.38806864619255066,5.0,0,0.0,0.0,0.0,0.0,0.0,0.0,0.0,0.0,0.0,0.0,0.0
343,1404928,652.2742039143154,660.937899747858,6.197253934995388,0.07550816999719245,4,0,0,4,0.0,0.0,1.0,0.01113485764944926,1.177181112766266,0.0756346307694912,1.3086080849170685,0.048908639280853095,0.37405890226364136,0.3496766686439514,0.38859280943870544,5.0,0,0.0,0.0,0.0,0.0,0.0,0.0,0.0,0.0,0.0,0.0,0.0
344,1409024,652.1436781845218,617.499248612666,6.6332064519956475,0.07519120700453641,10,0,0,10,0.0,0.0,1.0,-0.0010556618566624821,1.5342959880828857,0.09501944296061993,1.298373845219612,0.01792396211603773,0.3726482391357422,0.3471606373786926,0.38662663102149963,5.0,0,0.0,0.0,0.0,0.0,0.0,0.0,0.0,0.0,0.0,0.0,0.0
345,1413120,652.088384408838,641.3839227083678,6.38619063400256,0.07511793400044553,50,0,0,50,0.0,0.0,1.0,0.019275073293829336,0.9231699287891388,0.08651295807212592,1.291685476899147,0.08150476315568085,0.3731505274772644,0.34581562876701355,0.3880557417869568,5.0,0,0.0,0.0,0.0,0.0,0.0,0.0,0.0,0.0,0.0,0.0,0.0
346,1417216,652.132780671264,676.465860172709,6.054998842002533,0.0754885110000032,0,0,0,0,0.0,0.0,0.0,0.0034555769991129635,0.712496492266655,0.08646944109350443,1.2981552094221116,0.02529565596705652,0.37381231784820557,0.3453039228916168,0.38840433955192566,5.0,0,0.0,0.0,0.0,0.0,0.0,0.0,0.0,0.0,0.0,0.0,0.0
347,1421312,652.2049040865991,686.2674916069421,5.968518180001411,0.06814874900010182,0,0,0,0,0.0,0.0,0.0,0.010680200380738825,0.6356112331151962,0.0694769961759448,1.2996675461530685,0.04378765699948417,0.3736806809902191,0.3452364206314087,0.3879965841770172,5.0,0,0.0,0.0,0.0,0.0,0.0,0.0,0.0,0.0,0.0,0.0,0.0
348,1425408,652.2489081548584,677.1102520891154,6.049236423998082,0.08044467200670624,0,0,0,0,0.0,0.0,0.0,0.014944587228819728,1.0827007561922073,0.06831057779490948,1.2938804924488068,0.07279335763669223,0.3719751238822937,0.3433341085910797,0.38698750734329224,5.0,0,0.0,0.0,0.0,0.0,0.0,0.0,0.0,0.0,0.0,0.0,0.0
349,1429504,652.2099079824721,646.0104550294676,6.340454659999523,0.06708338399766944,4,0,0,4,0.0,0.0,1.0,0.02993992791743949,1.7447899281978607,0.09760220274329186,1.2840324014425277,0.07611867865780368,0.3720734119415283,0.3420085608959198,0.3898411691188812,5.0,0,0.0,0.0,0.0,0.0,0.0,0.0,0.0,0.0,0.0,0.0,0.0
350,1433600,652.0792218420569,616.7165007445833,6.64162543900602,0.07586026700300863,10,0,0,10,0.0,0.0,1.0,0.021941672812681647,0.758452731370926,0.055043453443795444,1.2907520294189454,0.08875439902985818,0.3737209439277649,0.343599408864975,0.39250311255455017,5.0,0,0.0,0.0,0.0,0.0,0.0,0.0,0.0,0.0,0.0,0.0,0.0
351,1437696,652.0342569063968,644.9131495054637,6.351242803997593,0.07727526700182352,50,0,0,50,0.0,0.0,1.0,0.011667822755407542,0.9545373797416687,0.08488716669380665,1.3051269441843032,0.053952715404739136,0.3754175901412964,0.3442913889884949,0.395115464925766,5.0,0,0.0,0.0,0.0,0.0,0.0,0.0,0.0,0.0,0.0,0.0,0.0
352,1441792,652.0733946718271,674.9043585715996,6.069008072001452,0.0762883060015156,0,0,0,0,0.0,0.0,0.0,0.02867412145715207,0.9524672374129295,0.09274896215647459,1.317525166273117,0.10595351436495548,0.37691187858581543,0.3445058763027191,0.39900845289230347,5.0,0,0.0,0.0,0.0,0.0,0.0,0.0,0.0,0.0,0.0,0.0,0.0
353,1445888,652.1124605128813,675.056498129432,6.067640280998603,0.07806972700200276,0,0,0,0,0.0,0.0,0.0,0.02237709889886901,1.217174980044365,0.07011206019669772,1.3268963515758514,0.07915720842211157,0.37788471579551697,0.3449200689792633,0.40006881952285767,5.0,0,0.0,0.0,0.0,0.0,0.0,0.0,0.0,0.0,0.0,0.0,0.0
354,1449984,652.1592719879065,677.3670921710668,6.04694271000335,0.07114484599878779,0,0,0,0,0.0,0.0,0.0,0.04097536592744291,1.6590327322483063,0.08541091214865446,1.3370225995779037,0.12172645841346821,0.37940773367881775,0.3455592095851898,0.4037521779537201,5.0,0,0.0,0.0,0.0,0.0,0.0,0.0,0.0,0.0,0.0,0.0,0.0
355,1454080,652.1054380370003,641.4772713391106,6.385261306997563,0.07664187900081743,4,0,0,4,0.0,0.0,1.0,0.00342566326726228,1.1885174930095672,0.05765675930306315,1.3376927345991134,0.013461419678787934,0.37762880325317383,0.34330785274505615,0.4027603268623352,5.0,0,0.0,0.0,0.0,0.0,0.0,0.0,0.0,0.0,0.0,0.0,0.0
356,1458176,651.9787872440846,617.3206209611067,6.635125834000064,0.07742185499955667,10,0,0,10,0.0,0.0,1.0,0.029644420358818025,0.7256826281547546,0.0657017801888287,1.3229448407888413,0.08006397243589163,0.3764587640762329,0.34048447012901306,0.4030904471874237,5.0,0,0.0,0.0,0.0,0.0,0.0,0.0,0.0,0.0,0.0,0.0,0.0
357,1462272,651.907174912883,635.004780337771,6.450345142002334,0.07543963899661321,50,0,0,50,0.0,0.0,1.0,0.00427395646693185,0.8163040310144425,0.09540542382746935,1.3142974704504014,0.022800541738979517,0.375283807516098,0.3417794406414032,0.3996298313140869,5.0,0,0.0,0.0,0.0,0.0,0.0,0.0,0.0,0.0,0.0,0.0,0.0
358,1466368,651.955300494805,678.3126755056325,6.038513134000823,0.07538083400140749,0,0,0,0,0.0,0.0,0.0,-0.0035062080016359685,0.5953021571040154,0.08060282748192549,1.309985101222992,0.007200232081231661,0.3753732144832611,0.34226155281066895,0.399085134267807,5.0,0,0.0,0.0,0.0,0.0,0.0,0.0,0.0,0.0,0.0,0.0,0.0
359,1470464,652.0217151677805,684.7931495838992,5.981368246000784,0.06677488399873255,0,0,0,0,0.0,0.0,0.0,-0.0011529440991580487,0.6359985992312431,0.0591622837819159,1.309867513179779,0.016285976931249023,0.37518832087516785,0.3417726159095764,0.40018966794013977,5.0,0,0.0,0.0,0.0,0.0,0.0,0.0,0.0,0.0,0.0,0.0,0.0
360,1474560,652.0225988310178,660.7327813837368,6.199177815004077,0.07629387299675727,1,0,0,1,0.0,0.0,1.0,-0.000289861299097538,1.0765361741185189,0.0767903558909893,1.3076581537723542,0.013646929810056463,0.37460315227508545,0.3412274122238159,0.39805400371551514,5.0,0,0.0,0.0,0.0,0.0,0.0,0.0,0.0,0.0,0.0,0.0,0.0
361,1478656,651.984539084096,646.5015579695352,6.335638250995544,0.07559582400426734,6,0,0,6,0.0,0.0,1.0,0.0019189799553714693,1.3086704522371293,0.0881391555070877,1.30836723446846,0.015975623355916468,0.37589094042778015,0.3423452079296112,0.3993886411190033,5.0,0,0.0,0.0,0.0,0.0,0.0,0.0,0.0,0.0,0.0,0.0,0.0
362,1482752,651.8970632023256,628.4221419294327,6.517911650000315,0.0657498869986739,8,0,0,8,0.0,0.0,1.0,-0.0017189424310345204,0.6715807989239693,0.07909552082419395,1.3150571435689926,0.01323067630728474,0.3754051625728607,0.34245023131370544,0.39807820320129395,5.0,0,0.0,0.0,0.0,0.0,0.0,0.0,0.0,0.0,0.0,0.0,0.0
363,1486848,651.8258482698831,634.8344209582892,6.452076107998437,0.07719477399950847,49,0,0,49,0.0,0.0,1.0,0.002500001317821443,0.8689596846699714,0.11001026388257742,1.308700469136238,0.012115727779018926,0.374945729970932,0.34109732508659363,0.4006597101688385,5.0,0,0.0,0.0,0.0,0.0,0.0,0.0,0.0,0.0,0.0,0.0,0.0
364,1490944,651.8570677083163,671.1268452557116,6.10316817000421,0.0677908719953848,0,0,0,0,0.0,0.0,0.0,-0.006584260251838714,0.4475283794105053,0.06562840808182954,1.305305302143097,0.010725304993684404,0.3743833303451538,0.33839595317840576,0.3990948796272278,5.0,0,0.0,0.0,0.0,0.0,0.0,0.0,0.0,0.0,0.0,0.0,0.0
365,1495040,651.9137292036763,682.0046835951381,6.005823857994983,0.07507185899885371,0,0,0,0,0.0,0.0,0.0,-0.004718400095589459,0.5589484862983227,0.05866760807111859,1.2908283710479735,0.009948181893560105,0.3712801933288574,0.33529138565063477,0.3939999043941498,5.0,0,0.0,0.0,0.0,0.0,0.0,0.0,0.0,0.0,0.0,0.0,0.0
366,1499136,651.9420866341782,671.3204457461085,6.101408091999474,0.07824782299576327,1,0,0,1,0.0,0.0,1.0,0.0034580538980662824,1.0528724476695062,0.06624293560162187,1.2648619025945664,0.019785144421621225,0.3682100474834442,0.33301860094070435,0.3886207938194275,5.0,0,0.0,0.0,0.0,0.0,0.0,0.0,0.0,0.0,0.0,0.0,0.0
367,1503232,651.899780867504,644.2541875701917,6.357739040002343,0.07155509400035953,8,0,0,8,0.0,0.0,1.0,-0.0020133422687649725,1.3563847333192824,0.09349373616278171,1.2461709558963776,0.011616380912892054,0.3668404817581177,0.3312312066555023,0.3885233402252197,5.0,0,0.0,0.0,0.0,0.0,0.0,0.0,0.0,0.0,0.0,0.0,0.0
368,1507328,651.7896179810213,620.0537899691669,6.605878499998653,0.06500560299900826,10,0,0,10,0.0,0.0,1.0,0.007313918136060238,0.800821653008461,0.07950976081192493,1.2429012179374694,0.05125354601041181,0.3679906725883484,0.3311822712421417,0.39113378524780273,5.0,0,0.0,0.0,0.0,0.0,0.0,0.0,0.0,0.0,0.0,0.0,0.0
369,1511424,651.7944973371606,660.9586168635187,6.197059687998262,0.06663265800307272,45,0,0,45,0.0,0.0,1.0,0.017633870779536664,0.6982068747282029,0.09898928068578243,1.2535929650068283,0.03210843401175225,0.3687397837638855,0.3322005867958069,0.3922206163406372,5.0,0,0.0,0.0,0.0,0.0,0.0,0.0,0.0,0.0,0.0,0.0,0.0
370,1515520,651.8502779095212,680.7220406385477,6.017140265001217,0.06508774899702985,0,0,0,0,0.0,0.0,0.0,0.027993017516564578,0.5137291230261326,0.06924580791965126,1.253748705983162,0.09542711093963589,0.3677794635295868,0.3309559226036072,0.3919163644313812,5.0,0,0.0,0.0,0.0,0.0,0.0,0.0,0.0,0.0,0.0,0.0,0.0
371,1519616,651.8840350721757,673.7992103195543,6.078962304003653,0.08090370999707375,0,0,0,0,0.0,0.0,0.0,-0.0018953353341203184,1.327226957678795,0.07562546972185373,1.2436401188373565,0.012390150289138546,0.3668321967124939,0.3301006555557251,0.3889411985874176,5.0,0,0.0,0.0,0.0,0.0,0.0,0.0,0.0,0.0,0.0,0.0,0.0
372,1523712,651.8865743753049,661.1115383729184,6.195626248001645,0.07532055699994089,2,0,0,2,0.0,0.0,1.0,0.02666648421436548,1.1931356877088546,0.08224651366472244,1.2419213563203813,0.08413653752431856,0.3677067458629608,0.3291255235671997,0.3916153311729431,5.0,0,0.0,0.0,0.0,0.0,0.0,0.0,0.0,0.0,0.0,0.0,0.0
373,1527808,651.7875980978577,623.3242144019458,6.571219126999495,0.06471115799649851,10,0,0,10,0.0,0.0,1.0,0.007957992970477789,1.148724576830864,0.07527944575995207,1.2448206812143325,0.027375579330691836,0.36689624190330505,0.3264930248260498,0.39319032430648804,5.0,0,0.0,0.0,0.0,0.0,0.0,0.0,0.0,0.0,0.0,0.0,0.0
374,1531904,651.6996234200212,627.9840231007522,6.522458931001893,0.07602010799746495,52,0,1,51,0.0,0.019230769230769232,0.9807692307692307,0.03675074378261343,0.5995679005980492,0.05265767453238368,1.2431303024291993,0.1595902716871933,0.3690892457962036,0.32527828216552734,0.39863306283950806,5.0,0,0.0,0.0,0.0,0.0,0.0,0.0,0.0,0.0,0.0,0.0,0.0
375,1536000,651.7394882712346,674.9671277616069,6.068443679003394,0.0695465079988935,0,0,0,0,0.0,0.0,0.0,-0.005677493242546916,1.003592848777771,0.09660362973809242,1.2648765593767166,0.01837329103582306,0.3715880811214447,0.32637259364128113,0.40321487188339233,5.0,0,0.0,0.0,0.0,0.0,0.0,0.0,0.0,0.0,0.0,0.0,0.0
376,1540096,651.7872840856678,678.9113954657109,6.0331878759971005,0.07525968800473493,0,0,0,0,0.0,0.0,0.0,-0.0031432829215191304,0.4589185491204262,0.04992641555145383,1.276880007982254,0.01771897076469031,0.3718990981578827,0.32665005326271057,0.4062407612800598,5.0,0,0.0,0.0,0.0,0.0,0.0,0.0,0.0,0.0,0.0,0.0,0.0
377,1544192,651.8332928570217,678.8237088672361,6.0339672090049135,0.07987414200033527,0,0,0,0,0.0,0.0,0.0,-0.009172606829088182,0.5152563787996769,0.036171306297183035,1.2746586859226228,0.008357752142910613,0.3712196350097656,0.3267800211906433,0.4063263535499573,5.0,0,0.0,0.0,0.0,0.0,0.0,0.0,0.0,0.0,0.0,0.0,0.0
378,1548288,651.8422305697542,662.4002578682399,6.183572472000378,0.06462439699680544,4,0,0,4,0.0,0.0,1.0,-0.0031580931274220346,1.1056888163089753,0.06983073130249977,1.273790606856346,0.009112796965928283,0.3719785809516907,0.3273618519306183,0.40869784355163574,5.0,0,0.0,0.0,0.0,0.0,0.0,0.0,0.0,0.0,0.0,0.0,0.0
379,1552384,651.7385911645603,622.2647811095867,6.582406917994376,0.07689469700562768,9,0,0,9,0.0,0.0,1.0,-0.0009909582207910717,0.9528113320469856,0.07963454183191061,1.2771633327007295,0.02788709211308742,0.3716912865638733,0.3270224332809448,0.4086662530899048,5.0,0,0.0,0.0,0.0,0.0,0.0,0.0,0.0,0.0,0.0,0.0,0.0
380,1556480,651.6295312038405,619.0722387854285,6.616352249999181,0.06445861999964109,51,0,0,51,0.0,0.0,1.0,-0.003832667041569948,1.0649172738194466,0.09565963875502348,1.271743580698967,0.009419238992995816,0.3709845244884491,0.325419157743454,0.4097346067428589,5.0,0,0.0,0.0,0.0,0.0,0.0,0.0,0.0,0.0,0.0,0.0,0.0
381,1560576,651.6792095220219,679.8798172001054,6.024594194997917,0.07567966100032208,0,0,0,0,0.0,0.0,0.0,-0.002266687247902155,0.6604662135243415,0.10709741171449423,1.2681018710136414,0.008143720242514974,0.37107574939727783,0.3244251310825348,0.4097082316875458,5.0,0,0.0,0.0,0.0,0.0,0.0,0.0,0.0,0.0,0.0,0.0,0.0
382,1564672,651.709899655802,671.0838268121214,6.1035594010027125,0.06495609000558034,0,0,0,0,0.0,0.0,0.0,-0.0013516297854948788,0.8160831794142723,0.07993506770581008,1.2675101846456527,0.028747732356714552,0.37080809473991394,0.3217567503452301,0.4100654125213623,5.0,0,0.0,0.0,0.0,0.0,0.0,0.0,0.0,0.0,0.0,0.0,0.0
383,1568768,651.7287945692372,666.456757302772,6.145935134001775,0.06627645799744641,0,0,0,0,0.0,0.0,0.0,-0.006349164294078946,0.9251929819583893,0.06307618329301476,1.2638913989067078,0.009594954059866722,0.3704685568809509,0.31997233629226685,0.41018396615982056,5.0,0,0.0,0.0,0.0,0.0,0.0,0.0,0.0,0.0,0.0,0.0,0.0
384,1572864,651.7211546235208,655.9920536963828,6.243978074002371,0.0656600910006091,4,0,0,4,0.0,0.0,1.0,0.013270412967540324,0.9733138859272004,0.07233921997249126,1.2626153528690338,0.05630746514798375,0.3711031675338745,0.3212699890136719,0.41115444898605347,5.0,0,0.0,0.0,0.0,0.0,0.0,0.0,0.0,0.0,0.0,0.0,0.0
385,1576960,651.5967719931714,613.4634789238866,6.676844083995093,0.06677589999890188,10,0,0,10,0.0,0.0,1.0,-0.0039406102325301616,1.4091333627700806,0.08473397810012102,1.2643716782331467,0.006627998185285833,0.3697020709514618,0.3197266459465027,0.4080624282360077,5.0,0,0.0,0.0,0.0,0.0,0.0,0.0,0.0,0.0,0.0,0.0,0.0
386,1581056,651.5287951995496,634.1245821946088,6.459298559006129,0.07639726499473909,50,0,0,50,0.0,0.0,1.0,0.009283004223834723,0.8153523698449134,0.09747107923030854,1.2510889798402787,0.03719448679185007,0.36901211738586426,0.3163769841194153,0.4088115394115448,5.0,0,0.0,0.0,0.0,0.0,0.0,0.0,0.0,0.0,0.0,0.0,0.0
387,1585152,651.5764868621194,679.3767730934758,6.0290551020007115,0.07613127699733013,0,0,0,0,0.0,0.0,0.0,-0.00475155086023733,0.7699383020401,0.10773019008338451,1.249559924006462,0.008974311886413488,0.36919474601745605,0.3169463574886322,0.40838485956192017,5.0,0,0.0,0.0,0.0,0.0,0.0,0.0,0.0,0.0,0.0,0.0,0.0
388,1589248,651.6372743441502,683.8204034362685,5.989876844003447,0.06548907599790255,0,0,0,0,0.0,0.0,0.0,-0.0030985140765551478,0.8470648854970932,0.08846992515027523,1.2489398121833801,0.01557759179850109,0.3686099052429199,0.31582751870155334,0.4087250530719757,5.0,0,0.0,0.0,0.0,0.0,0.0,0.0,0.0,0.0,0.0,0.0,0.0
389,1593344,651.6849424593775,679.5682681354905,6.027356179001799,0.07604290800372837,0,0,0,0,0.0,0.0,0.0,0.013132844620849937,0.8731287673115731,0.06860787849873304,1.2469314366579056,0.053999325958284314,0.3694106936454773,0.31552016735076904,0.40942782163619995,5.0,0,0.0,0.0,0.0,0.0,0.0,0.0,0.0,0.0,0.0,0.0,0.0
390,1597440,651.704574144387,668.0012790769655,6.131724786006089,0.07646665300126188,4,0,0,4,0.0,0.0,1.0,-0.00037706263829022645,1.356022945046425,0.10004387777298689,1.2491768300533295,0.007857959704415407,0.3685258626937866,0.31569617986679077,0.4092066287994385,5.0,0,0.0,0.0,0.0,0.0,0.0,0.0,0.0,0.0,0.0,0.0,0.0
391,1601536,651.5976841639965,620.4397564296564,6.60176907999994,0.08309716999792727,10,0,0,10,0.0,0.0,1.0,0.015418524737469852,0.8683053150773048,0.07680934909731149,1.2458707243204117,0.05481290912284749,0.36957496404647827,0.3158908188343048,0.4122495651245117,5.0,0,0.0,0.0,0.0,0.0,0.0,0.0,0.0,0.0,0.0,0.0,0.0
392,1605632,651.5354523629846,635.6899089862576,6.443393141998968,0.07518234199960716,50,0,0,50,0.0,0.0,1.0,0.000547963019926101,0.964137364923954,0.0837037917226553,1.2504475384950637,0.016575095097505255,0.36868995428085327,0.31398648023605347,0.4119774103164673,5.0,0,0.0,0.0,0.0,0.0,0.0,0.0,0.0,0.0,0.0,0.0,0.0
393,1609728,651.5903404146667,682.1508848783648,6.004536666005151,0.07090069700643653,0,0,0,0,0.0,0.0,0.0,0.005771818174980581,0.7146717354655265,0.08660544045269489,1.2425659388303756,0.03396518469089642,0.36853429675102234,0.3134963810443878,0.4100029170513153,5.0,0,0.0,0.0,0.0,0.0,0.0,0.0,0.0,0.0,0.0,0.0,0.0
394,1613824,651.6264528421185,674.7353368718761,6.070528363001358,0.07487550100631779,0,0,0,0,0.0,0.0,0.0,0.008347707625944167,0.5473224192857742,0.06293487176299095,1.2397902131080627,0.030377528313692892,0.36717551946640015,0.31325411796569824,0.4084987938404083,5.0,0,0.0,0.0,0.0,0.0,0.0,0.0,0.0,0.0,0.0,0.0,0.0
395,1617920,651.6629762070294,675.026033827142,6.06791411699669,0.07529909099685028,0,0,0,0,0.0,0.0,0.0,0.0048256280890200285,1.2405487924814225,0.07311913315206767,1.2236935019493103,0.02763218531254097,0.36492595076560974,0.31297335028648376,0.40572214126586914,5.0,0,0.0,0.0,0.0,0.0,0.0,0.0,0.0,0.0,0.0,0.0,0.0
396,1622016,651.649271721419,654.5276092780637,6.25794839199807,0.07696485400083475,6,0,0,6,0.0,0.0,1.0,0.012148267519660295,1.266585648059845,0.0863580523058772,1.2137246698141098,0.0517150837367808,0.365053653717041,0.3108358681201935,0.408403217792511,5.0,0,0.0,0.0,0.0,0.0,0.0,0.0,0.0,0.0,0.0,0.0,0.0
397,1626112,651.5714327857673,628.8056497893265,6.513936383002147,0.06666051499632886,9,0,0,9,0.0,0.0,1.0,0.006094409269280732,0.9295909181237221,0.0772180650383234,1.21341373026371,0.035077618798823096,0.36453884840011597,0.31058797240257263,0.407138466835022,5.0,0,0.0,0.0,0.0,0.0,0.0,0.0,0.0,0.0,0.0,0.0,0.0
398,1630208,651.5501217005705,650.1810617109987,6.299783615999331,0.06524786299996777,49,0,0,49,0.0,0.0,1.0,0.02754379023099318,0.9681544795632362,0.10457065403461456,1.2106565833091736,0.06762518679752247,0.36489924788475037,0.31028902530670166,0.4077152609825134,5.0,0,0.0,0.0,0.0,0.0,0.0,0.0,0.0,0.0,0.0,0.0,0.0
399,1634304,651.6087706516319,683.6570640202527,5.991307945994777,0.06643615500070155,0,0,0,0,0.0,0.0,0.0,-0.002155218867119402,0.6414820164442062,0.07740628868341445,1.2135700672864913,0.012016421661974164,0.364732950925827,0.3109555244445801,0.4058689773082733,5.0,0,0.0,0.0,0.0,0.0,0.0,0.0,0.0,0.0,0.0,0.0,0.0
400,1638400,651.655500584219,679.7303004215962,6.025919394000084,0.07681664700066904,0,0,0,0,0.0,0.0,0.0,0.013337087060790509,0.7457072407007217,0.06420944631099701,1.2101825386285783,0.05544546632663696,0.3638803958892822,0.3124332129955292,0.40070223808288574,5.0,0,0.0,0.0,0.0,0.0,0.0,0.0,0.0,0.0,0.0,0.0,0.0
401,1642496,651.6866471839177,672.985136257692,6.086315699001716,0.07377001100394409,1,0,0,1,0.0,0.0,1.0,0.006120269431266934,1.2839290827512742,0.07728798557072877,1.2065837115049363,0.029827608756022528,0.36399728059768677,0.31110087037086487,0.4008994698524475,5.0,0,0.0,0.0,0.0,0.0,0.0,0.0,0.0,0.0,0.0,0.0,0.0
402,1646592,651.6340331832176,638.0999793432464,6.419056782004191,0.0664411790057784,7,0,0,7,0.0,0.0,1.0,0.01987922319676727,1.0210328936576842,0.08221395146101713,1.2063444167375565,0.04228786232997663,0.3634071350097656,0.3111026883125305,0.40198612213134766,5.0,0,0.0,0.0,0.0,0.0,0.0,0.0,0.0,0.0,0.0,0.0,0.0
403,1650688,651.5655676996106,632.9109202410815,6.471684828000434,0.0766204080064199,9,0,0,9,0.0,0.0,1.0,-0.000843398633878678,1.0689915344119072,0.07280290089547634,1.1980125337839127,0.013449303184461314,0.36225590109825134,0.311460018157959,0.4018576741218567,5.0,0,0.0,0.0,0.0,0.0,0.0,0.0,0.0,0.0,0.0,0.0,0.0
404,1654784,651.5390207251144,649.0644845008301,6.310621052005445,0.07578863600065233,47,0,0,47,0.0,0.0,1.0,0.03714709870982915,0.6537386283278466,0.09517787732183933,1.1925769388675689,0.12450088341211085,0.3620724678039551,0.3107231855392456,0.4022572934627533,5.0,0,0.0,0.0,0.0,0.0,0.0,0.0,0.0,0.0,0.0,0.0,0.0
405,1658880,651.5723227461671,674.0485390833136,6.076713711998309,0.07689887400192674,0,0,0,0,0.0,0.0,0.0,-0.008102691383101046,0.7085014268755913,0.07164236456155777,1.1873263537883758,0.008046224513964261,0.36085498332977295,0.30904698371887207,0.4006614685058594,5.0,0,0.0,0.0,0.0,0.0,0.0,0.0,0.0,0.0,0.0,0.0,0.0
406,1662976,651.6351355173445,687.0387183932046,5.961818293995748,0.07547815099678701,0,0,0,0,0.0,0.0,0.0,0.013435164286056534,0.509185616672039,0.055597469490021464,1.1823688387870788,0.057015737975598314,0.361355721950531,0.31189489364624023,0.39988261461257935,5.0,0,0.0,0.0,0.0,0.0,0.0,0.0,0.0,0.0,0.0,0.0,0.0
407,1667072,651.6371198862395,660.6506737808714,6.199948266999854,0.07478553900000406,2,0,0,2,0.0,0.0,1.0,0.007828788936603815,1.553578907251358,0.0867875125259161,1.187395104765892,0.02177174307726091,0.3612486720085144,0.31087085604667664,0.4000972509384155,5.0,0,0.0,0.0,0.0,0.0,0.0,0.0,0.0,0.0,0.0,0.0,0.0
408,1671168,651.5791601487556,636.6693120456692,6.43348112199601,0.07630115700158058,7,0,0,7,0.0,0.0,1.0,0.03922893350245431,0.935160568356514,0.08860005643218756,1.1812422096729278,0.09717293243666063,0.3603011965751648,0.307721883058548,0.4030856192111969,5.0,0,0.0,0.0,0.0,0.0,0.0,0.0,0.0,0.0,0.0,0.0,0.0
409,1675264,651.4541143386384,610.2943404581301,6.711515621995204,0.06480819200078258,11,0,0,11,0.0,0.0,1.0,-0.0031247021979652345,0.9053898707032204,0.07695316765457391,1.1736406475305556,0.013200826045795111,0.36004167795181274,0.3064556419849396,0.4042777121067047,5.0,0,0.0,0.0,0.0,0.0,0.0,0.0,0.0,0.0,0.0,0.0,0.0
410,1679360,651.4846251552697,673.1600038918718,6.084734648997255,0.07896490700659342,44,0,0,44,0.0,0.0,1.0,-0.002422242285683751,0.6682799831032753,0.09045444000512362,1.1681414395570755,0.014996800781227648,0.35871684551239014,0.30500781536102295,0.40255460143089294,5.0,0,0.0,0.0,0.0,0.0,0.0,0.0,0.0,0.0,0.0,0.0,0.0
411,1683456,651.4977609764574,665.4865079060057,6.1548956309998175,0.07661120300326729,0,0,0,0,0.0,0.0,0.0,0.003204946790356189,0.6626631677150726,0.06851439159363508,1.1597866147756577,0.021935862913232997,0.3585062623023987,0.3055607080459595,0.4000599980354309,5.0,0,0.0,0.0,0.0,0.0,0.0,0.0,0.0,0.0,0.0,0.0,0.0
412,1687552,651.5518917383786,683.4567265810385,5.993064141002833,0.07584570300241467,0,0,0,0,0.0,0.0,0.0,0.0009663674514740706,1.0580572381615638,0.06819983385503292,1.160484939813614,0.028860585472284584,0.3585326075553894,0.30579614639282227,0.3999417722225189,5.0,0,0.0,0.0,0.0,0.0,0.0,0.0,0.0,0.0,0.0,0.0,0.0
413,1691648,651.5503782513434,659.221656015589,6.213388110998494,0.07556444499641657,4,0,0,4,0.0,0.0,1.0,0.013623509684111922,1.3452545255422592,0.09740966111421585,1.1604575127363206,0.040693297663528936,0.35827702283859253,0.30690842866897583,0.40060320496559143,5.0,0,0.0,0.0,0.0,0.0,0.0,0.0,0.0,0.0,0.0,0.0,0.0
414,1695744,651.500966693308,638.3802739390545,6.416238357000111,0.06449019299907377,8,0,0,8,0.0,0.0,1.0,-0.0012735843192785978,0.8886325776576995,0.07698206007480621,1.1615185499191285,0.018048597208689898,0.3592681884765625,0.3080897927284241,0.4014219045639038,5.0,0,0.0,0.0,0.0,0.0,0.0,0.0,0.0,0.0,0.0,0.0,0.0
415,1699840,651.3871569777833,614.624835480551,6.664227938003023,0.07526558599784039,52,0,0,52,0.0,0.0,1.0,0.014537032798398287,0.4831233613193035,0.06638830965384841,1.1720010608434677,0.06775643659711932,0.3605484664440155,0.3069261908531189,0.4039561450481415,5.0,0,0.0,0.0,0.0,0.0,0.0,0.0,0.0,0.0,0.0,0.0,0.0
416,1703936,651.4586897375265,690.620806630588,5.9308957399989595,0.06667478100280277,0,0,0,0,0.0,0.0,0.0,0.003660281433258206,0.8035134673118591,0.11405685879290103,1.1773938924074172,0.019890719324757812,0.3605683445930481,0.3069934546947479,0.4048892557621002,5.0,0,0.0,0.0,0.0,0.0,0.0,0.0,0.0,0.0,0.0,0.0,0.0
417,1708032,651.4700612861187,663.495379915813,6.173366271999839,0.06486853800015524,0,0,0,0,0.0,0.0,0.0,0.00022448862437158824,0.7678935334086419,0.07330207135528326,1.175331535935402,0.04225809820345603,0.36037594079971313,0.307296484708786,0.40543538331985474,5.0,0,0.0,0.0,0.0,0.0,0.0,0.0,0.0,0.0,0.0,0.0,0.0
418,1712128,651.4989868205934,671.3427920101964,6.101205001003109,0.066400217001501,0,0,0,0,0.0,0.0,0.0,-0.005715428327675909,0.9455704659223556,0.058049051836133,1.1749946832656861,0.010982759971375345,0.36016425490379333,0.3069133758544922,0.4041437804698944,5.0,0,0.0,0.0,0.0,0.0,0.0,0.0,0.0,0.0,0.0,0.0,0.0
419,1716224,651.5051445837258,662.5911878689787,6.181790634997014,0.07683737600018503,4,0,0,4,0.0,0.0,1.0,-0.00092839275021106,1.138370344042778,0.07579434737563133,1.170067235827446,0.013654552611114923,0.35905855894088745,0.3049492835998535,0.40284809470176697,5.0,0,0.0,0.0,0.0,0.0,0.0,0.0,0.0,0.0,0.0,0.0,0.0
420,1720320,651.3915279821877,613.4272098012283,6.677238855001633,0.06724426100117853,10,0,0,10,0.0,0.0,1.0,-0.001879350293893367,0.9134902894496918,0.08476937916129827,1.1628703266382217,0.017011871623981278,0.35884997248649597,0.30422088503837585,0.40124329924583435,5.0,0,0.0,0.0,0.0,0.0,0.0,0.0,0.0,0.0,0.0,0.0,0.0
421,1724416,651.2960906031086,620.122483643559,6.605146738002077,0.06721966899931431,50,0,0,50,0.0,0.0,1.0,-0.004415183537639677,0.8243638128042221,0.09869986958801746,1.164151993393898,0.009411720828938996,0.35946810245513916,0.3042308986186981,0.404203325510025,5.0,0,0.0,0.0,0.0,0.0,0.0,0.0,0.0,0.0,0.0,0.0,0.0
422,1728512,651.3608023655171,688.7395698551472,5.947095504998288,0.07501878099719761,0,0,0,0,0.0,0.0,0.0,-0.007087009726092219,0.527864508330822,0.10342353507876396,1.1648145228624345,0.017645814120623982,0.3587345480918884,0.30404022336006165,0.4032382667064667,5.0,0,0.0,0.0,0.0,0.0,0.0,0.0,0.0,0.0,0.0,0.0,0.0
423,1732608,651.3928714307618,673.8606863278344,6.078407722998236,0.07574490099796094,0,0,0,0,0.0,0.0,0.0,-0.004741049750009552,0.6359770283102989,0.07503001261502504,1.159759771823883,0.01848237234080443,0.35878270864486694,0.3037719130516052,0.402332067489624,5.0,0,0.0,0.0,0.0,0.0,0.0,0.0,0.0,0.0,0.0,0.0,0.0
424,1736704,651.4339592289963,678.213275161814,6.039398151006026,0.07657861400366528,0,0,0,0,0.0,0.0,0.0,0.009574828401673586,0.8469985961914063,0.06929380903020502,1.1662190824747085,0.053100040161371,0.3604693114757538,0.30336233973503113,0.40529340505599976,5.0,0,0.0,0.0,0.0,0.0,0.0,0.0,0.0,0.0,0.0,0.0,0.0
425,1740800,651.4494647159779,667.2881460894412,6.1382777800026815,0.08249324899952626,4,0,0,4,0.0,0.0,1.0,-0.00466923980275169,1.3160849660634995,0.08531865309923888,1.1751443892717361,0.008274280338082463,0.3606250286102295,0.3019021451473236,0.4057205617427826,5.0,0,0.0,0.0,0.0,0.0,0.0,0.0,0.0,0.0,0.0,0.0,0.0
426,1744896,651.3169511361796,605.9626830682009,6.7594921510026325,0.06971045899990713,10,0,0,10,0.0,0.0,1.0,0.006282670760992914,1.1066697627305984,0.08953558746725321,1.1703613728284836,0.0363934996064927,0.3596857190132141,0.299251914024353,0.4070768356323242,5.0,0,0.0,0.0,0.0,0.0,0.0,0.0,0.0,0.0,0.0,0.0,0.0
427,1748992,651.2305146005649,622.9072269463139,6.575618041999405,0.0659310170012759,50,0,0,50,0.0,0.0,1.0,-0.00284903101855889,0.6381475865840912,0.09259952958673238,1.160494089126587,0.011216081828024471,0.3586809039115906,0.2981681525707245,0.40560612082481384,5.0,0,0.0,0.0,0.0,0.0,0.0,0.0,0.0,0.0,0.0,0.0,0.0
428,1753088,651.2591730518049,672.2995965699525,6.092521876998944,0.07532634700328344,0,0,0,0,0.0,0.0,0.0,-0.0006202570861205458,0.4051850900053978,0.09213288854807615,1.1528908729553222,0.012696728284936398,0.3580757975578308,0.29613757133483887,0.4072316884994507,5.0,0,0.0,0.0,0.0,0.0,0.0,0.0,0.0,0.0,0.0,0.0,0.0
429,1757184,651.3105775729294,681.6887012858549,6.008607730000222,0.06425378100539092,0,0,0,0,0.0,0.0,0.0,-0.007618218753486871,0.7125621318817139,0.0724287036806345,1.1402604043483735,0.016511824878398328,0.3557422161102295,0.2926759421825409,0.4053231179714203,5.0,0,0.0,0.0,0.0,0.0,0.0,0.0,0.0,0.0,0.0,0.0,0.0
430,1761280,651.3541812638534,678.4195568281955,6.037561798999377,0.0668753080026363,0,0,0,0,0.0,0.0,0.0,-0.0016622850787825882,0.7954368814826012,0.07856353521347045,1.1248250633478165,0.01920716348104179,0.3551277816295624,0.29287150502204895,0.40413549542427063,5.0,0,0.0,0.0,0.0,0.0,0.0,0.0,0.0,0.0,0.0,0.0,0.0
431,1765376,651.3411188587374,653.9579321903251,6.2633998279998195,0.07571891199768288,4,0,0,4,0.0,0.0,1.0,-0.007233331981115043,0.9437708407640457,0.08134304825216532,1.1223187297582626,0.0066325819097983185,0.3546319901943207,0.29184597730636597,0.40313875675201416,5.0,0,0.0,0.0,0.0,0.0,0.0,0.0,0.0,0.0,0.0,0.0,0.0
432,1769472,651.2478441283364,620.717317696339,6.59881701899576,0.07546057999570621,10,0,0,10,0.0,0.0,1.0,0.0018922765739262104,1.05801722407341,0.08217117730528116,1.1135261118412019,0.041170760629756845,0.3532984256744385,0.2885374128818512,0.4017663300037384,5.0,0,0.0,0.0,0.0,0.0,0.0,0.0,0.0,0.0,0.0,0.0,0.0
433,1773568,651.1794769365841,629.493274893164,6.506820903996413,0.06485282700305106,50,0,0,50,0.0,0.0,1.0,-0.0002229709178209305,0.6874878481030464,0.09780779667198658,1.101013869047165,0.010620440275670263,0.3516565263271332,0.2876117527484894,0.3983880579471588,5.0,0,0.0,0.0,0.0,0.0,0.0,0.0,0.0,0.0,0.0,0.0,0.0
434,1777664,651.2076330255446,672.1167479338616,6.094179341002018,0.07485476400324842,0,0,0,0,0.0,0.0,0.0,0.008714326610788702,0.7022746831178666,0.08251066375523805,1.0936004877090455,0.043701130684348756,0.3520900011062622,0.2882142961025238,0.3990766406059265,5.0,0,0.0,0.0,0.0,0.0,0.0,0.0,0.0,0.0,0.0,0.0,0.0
435,1781760,651.2647020506113,684.6860568996599,5.982303800003137,0.06437099399772706,0,0,0,0,0.0,0.0,0.0,0.00812974942382425,1.0663246467709542,0.062754085380584,1.098899844288826,0.04375586182723055,0.35236233472824097,0.2883830964565277,0.3965379595756531,5.0,0,0.0,0.0,0.0,0.0,0.0,0.0,0.0,0.0,0.0,0.0,0.0
436,1785856,651.3006264671629,676.1770524471724,6.057585044000007,0.07682247999764513,1,0,0,1,0.0,0.0,1.0,0.011713246372528375,1.6540017306804657,0.09051097314804793,1.1036303758621215,0.041570011775183956,0.3536621928215027,0.2875158190727234,0.39811182022094727,5.0,0,0.0,0.0,0.0,0.0,0.0,0.0,0.0,0.0,0.0,0.0,0.0
437,1789952,651.2790159286942,649.0835655770845,6.310435539002356,0.06639136300509563,6,0,0,6,0.0,0.0,1.0,0.012214410514570773,0.858742444217205,0.07044188380241394,1.1117511510848999,0.03349909745156765,0.35411131381988525,0.2882351279258728,0.39833009243011475,5.0,0,0.0,0.0,0.0,0.0,0.0,0.0,0.0,0.0,0.0,0.0,0.0
438,1794048,651.1940311129899,623.5206494030713,6.569148918999417,0.07602073899761308,9,0,0,9,0.0,0.0,1.0,0.01730750552378595,0.8559402644634246,0.06850387686863542,1.1134925544261933,0.06812144333598553,0.35439759492874146,0.28752705454826355,0.3999556601047516,5.0,0,0.0,0.0,0.0,0.0,0.0,0.0,0.0,0.0,0.0,0.0,0.0
439,1798144,651.140237447396,635.0633171452874,6.449750583000423,0.06478955499915173,48,0,1,47,0.0,0.020833333333333332,0.9791666666666666,0.015133376372978092,0.7470778524875641,0.10057314671576023,1.117601454257965,0.052874952198908434,0.3551395535469055,0.2879364788532257,0.4013706147670746,5.0,0,0.0,0.0,0.0,0.0,0.0,0.0,0.0,0.0,0.0,0.0,0.0
440,1802240,651.1967710870105,684.7667419517743,5.981598913997004,0.06578006299969275,0,0,0,0,0.0,0.0,0.0,0.01679272234905511,1.04343521296978,0.08735109120607376,1.119747269153595,0.060648531682090834,0.3543940484523773,0.2892102897167206,0.39810797572135925,5.0,0,0.0,0.0,0.0,0.0,0.0,0.0,0.0,0.0,0.0,0.0,0.0
441,1806336,651.2199254438499,670.7025016188736,6.107029555001645,0.08107326699973783,0,0,0,0,0.0,0.0,0.0,0.005212221341207623,1.1362288996577263,0.07552184499800205,1.1129170089960099,0.026896465059689945,0.35369277000427246,0.2884969711303711,0.3973601162433624,5.0,0,0.0,0.0,0.0,0.0,0.0,0.0,0.0,0.0,0.0,0.0,0.0
442,1810432,651.2317502513903,665.052084304016,6.15891611600091,0.07704459500382654,1,0,0,1,0.0,0.0,1.0,-0.0009716027416288853,0.9649496108293534,0.06446583410724997,1.1133934020996095,0.023768396108062008,0.354617714881897,0.28916460275650024,0.39910444617271423,5.0,0,0.0,0.0,0.0,0.0,0.0,0.0,0.0,0.0,0.0,0.0,0.0
443,1814528,651.1505987475257,623.5560736854449,6.568775724997977,0.06467992399848299,8,0,0,8,0.0,0.0,1.0,-8.894858183339238e-05,0.779982690513134,0.0583331411704421,1.1149945497512816,0.014676303789019584,0.35350295901298523,0.28888869285583496,0.39687222242355347,5.0,0,0.0,0.0,0.0,0.0,0.0,0.0,0.0,0.0,0.0,0.0,0.0
444,1818624,651.0423216767931,613.5051552453913,6.676390516004176,0.07544853500439785,10,0,0,10,0.0,0.0,1.0,0.019104618346318603,0.6717570900917054,0.05797654772177339,1.1072151273489,0.08578552843973739,0.3532401919364929,0.2879485487937927,0.3972708582878113,5.0,0,0.0,0.0,0.0,0.0,0.0,0.0,0.0,0.0,0.0,0.0,0.0
445,1822720,651.0283131440415,652.9526074056524,6.273043332002999,0.0755955909990007,45,0,0,45,0.0,0.0,1.0,0.012271462241187692,1.1626720577478409,0.11603090558201075,1.1090280562639236,0.02557289091491839,0.3543154001235962,0.2872760593891144,0.39994171261787415,5.0,0,0.0,0.0,0.0,0.0,0.0,0.0,0.0,0.0,0.0,0.0,0.0
446,1826816,651.0577447732625,672.562643734031,6.090139020001516,0.07149313400441315,0,0,0,0,0.0,0.0,0.0,-0.0018803297774866224,0.4409995250403881,0.06045732796192169,1.115144556760788,0.017373755362496014,0.35442036390304565,0.28581202030181885,0.4008508324623108,5.0,0,0.0,0.0,0.0,0.0,0.0,0.0,0.0,0.0,0.0,0.0,0.0
447,1830912,651.0998170814665,677.933479400585,6.041890722997778,0.06435557599616004,0,0,0,0,0.0,0.0,0.0,-0.007258523325435817,0.4355092287063599,0.047326468583196404,1.1154348880052567,0.008435806815396064,0.35472673177719116,0.28821060061454773,0.4021022617816925,5.0,0,0.0,0.0,0.0,0.0,0.0,0.0,0.0,0.0,0.0,0.0,0.0
448,1835008,651.1235219024611,669.6162184292191,6.1169366680042,0.06735463400400477,4,0,0,4,0.0,0.0,1.0,0.0041409270721487704,0.6938740327954293,0.053764423821121454,1.1097477555274964,0.03990823302519857,0.35207897424697876,0.28708288073539734,0.39755475521087646,5.0,0,0.0,0.0,0.0,0.0,0.0,0.0,0.0,0.0,0.0,0.0,0.0
449,1839104,651.0616431124112,631.0391933649959,6.490880508004921,0.0649458699990646,8,0,0,8,0.0,0.0,1.0,0.00416265741805546,1.1335550934076308,0.07938760835677386,1.0925236344337463,0.033296274104213805,0.3517502248287201,0.2856653928756714,0.39706939458847046,5.0,0,0.0,0.0,0.0,0.0,0.0,0.0,0.0,0.0,0.0,0.0,0.0
450,1843200,650.9526753212949,612.6028841679348,6.6862238260000595,0.07546382699365495,52,0,0,52,0.0,0.0,1.0,0.0028184463386423885,1.1577531307935716,0.08703237399458885,1.0955508798360825,0.026157336072355975,0.3527389168739319,0.2853744924068451,0.40058425068855286,5.0,0,0.0,0.0,0.0,0.0,0.0,0.0,0.0,0.0,0.0,0.0,0.0
451,1847296,651.0035099074752,684.0092154445155,5.988223414999084,0.0769769019971136,0,0,0,0,0.0,0.0,0.0,0.010698527470231057,0.5705750785768032,0.09561717379838228,1.1068564772605896,0.039505012213339796,0.35474032163619995,0.2872157394886017,0.404999703168869,5.0,0,0.0,0.0,0.0,0.0,0.0,0.0,0.0,0.0,0.0,0.0,0.0
452,1851392,651.0328826898543,672.9321495245453,6.086794936003571,0.073517005002941,0,0,0,0,0.0,0.0,0.0,-0.00787404211005196,0.4144629813730717,0.0516265619546175,1.1119835406541825,0.012601486760831903,0.3529481887817383,0.28530487418174744,0.4040839374065399,5.0,0,0.0,0.0,0.0,0.0,0.0,0.0,0.0,0.0,0.0,0.0,0.0
453,1855488,651.0829547806285,683.5035257136564,5.992653799003165,0.07621700500021689,0,0,0,0,0.0,0.0,0.0,0.015768542396835984,0.5558630101382732,0.05224098805338144,1.098882868885994,0.06774328566825716,0.3533322811126709,0.2844995856285095,0.40699106454849243,5.0,0,0.0,0.0,0.0,0.0,0.0,0.0,0.0,0.0,0.0,0.0,0.0
454,1859584,651.0606237517347,648.4892400045983,6.316218908999872,0.06949353300296934,4,0,0,4,0.0,0.0,1.0,0.0025946463691070678,1.4530902713537217,0.08174730632454157,1.1056458204984665,0.024062915302783948,0.3540217876434326,0.28507697582244873,0.4074263870716095,5.0,0,0.0,0.0,0.0,0.0,0.0,0.0,0.0,0.0,0.0,0.0,0.0
455,1863680,650.970974616321,619.0414559304221,6.61668125900178,0.06517969800188439,10,0,0,10,0.0,0.0,1.0,0.03493897645967081,1.2910894006490707,0.08979440126568079,1.1109664380550384,0.08736134258797393,0.3549528121948242,0.2844058871269226,0.40933069586753845,5.0,0,0.0,0.0,0.0,0.0,0.0,0.0,0.0,0.0,0.0,0.0,0.0
456,1867776,650.9113494673844,632.6509688745214,6.474343993002549,0.0769209919963032,50,0,0,50,0.0,0.0,1.0,0.006506217434071005,0.6026678487658501,0.07224813774228096,1.1159625232219696,0.03505808198679006,0.3548447787761688,0.28518205881118774,0.40730732679367065,5.0,0,0.0,0.0,0.0,0.0,0.0,0.0,0.0,0.0,0.0,0.0,0.0
457,1871872,650.944113785205,673.642901923756,6.080372832999274,0.06428720899566542,0,0,0,0,0.0,0.0,0.0,-0.0040157918818295,0.5461265474557877,0.09007235318422317,1.1113186031579971,0.009592743506073021,0.35397762060165405,0.28478336334228516,0.40761232376098633,5.0,0,0.0,0.0,0.0,0.0,0.0,0.0,0.0,0.0,0.0,0.0,0.0
458,1875968,650.9752967890176,673.1480491012943,6.084842711003148,0.06645243900129572,0,0,0,0,0.0,0.0,0.0,0.02050113978330046,0.6021149441599846,0.06451567318290471,1.1116005837917329,0.06434157456678805,0.35563644766807556,0.28389427065849304,0.41264277696609497,5.0,0,0.0,0.0,0.0,0.0,0.0,0.0,0.0,0.0,0.0,0.0,0.0
459,1880064,650.9855781524694,664.0831745112457,6.167902089997369,0.07534470500104362,0,0,0,0,0.0,0.0,0.0,0.01345362967113033,1.1307455837726592,0.061374828964471814,1.1194807559251785,0.046347227288788415,0.35515448451042175,0.285260945558548,0.41187426447868347,5.0,0,0.0,0.0,0.0,0.0,0.0,0.0,0.0,0.0,0.0,0.0,0.0
460,1884160,650.9661608426532,649.0649075347443,6.310616939001193,0.06416108999837888,4,0,0,4,0.0,0.0,1.0,0.03902699592290446,1.5267589747905732,0.09526956547051668,1.1202901422977447,0.1142387195948686,0.356536865234375,0.28541263937950134,0.41400015354156494,5.0,0,0.0,0.0,0.0,0.0,0.0,0.0,0.0,0.0,0.0,0.0,0.0
461,1888256,650.8893876023977,624.5572851757674,6.558245492000424,0.07289714699436445,10,0,0,10,0.0,0.0,1.0,0.009267004020512105,1.0850971207022666,0.0695438327267766,1.1284125477075577,0.026201934057462496,0.35668933391571045,0.2850486934185028,0.4144025444984436,5.0,0,0.0,0.0,0.0,0.0,0.0,0.0,0.0,0.0,0.0,0.0,0.0
462,1892352,650.8280014882964,631.2834026143023,6.488369539001724,0.07569239599979483,50,0,0,50,0.0,0.0,1.0,0.01633783911820501,0.7156196936964989,0.08731295894831419,1.1319064557552339,0.062156430540926524,0.3579978942871094,0.2855178117752075,0.41728904843330383,5.0,0,0.0,0.0,0.0,0.0,0.0,0.0,0.0,0.0,0.0,0.0,0.0
463,1896448,650.886115879771,688.1003164144378,5.952620427997317,0.07759407399862539,0,0,0,0,0.0,0.0,0.0,0.009732324990909546,0.8352159038186073,0.10475547555834056,1.1391681104898452,0.03517940155143151,0.3580448031425476,0.2847500741481781,0.41919204592704773,5.0,0,0.0,0.0,0.0,0.0,0.0,0.0,0.0,0.0,0.0,0.0,0.0
464,1900544,650.911940639084,671.712988664128,6.097842484996363,0.07577410700469045,0,0,0,0,0.0,0.0,0.0,0.03239407715736888,1.143784326314926,0.0744086354970932,1.137516486644745,0.13324051809686352,0.3583328127861023,0.2854423522949219,0.4207192361354828,5.0,0,0.0,0.0,0.0,0.0,0.0,0.0,0.0,0.0,0.0,0.0,0.0
465,1904640,650.9499763003254,677.6699162190154,6.044240568997338,0.07416102699789917,0,0,0,0,0.0,0.0,0.0,0.008492336794734,1.6788735836744308,0.08502065930515527,1.1435802787542344,0.039463617656292624,0.35946425795555115,0.286054402589798,0.4250173568725586,5.0,0,0.0,0.0,0.0,0.0,0.0,0.0,0.0,0.0,0.0,0.0,0.0
466,1908736,650.9304844913037,649.3370326924248,6.307972275993961,0.06882000100449659,4,0,0,4,0.0,0.0,1.0,0.010784487682394683,0.9495266184210778,0.0569758708588779,1.1440979778766631,0.052566263717744734,0.35779863595962524,0.28585803508758545,0.4247272312641144,5.0,0,0.0,0.0,0.0,0.0,0.0,0.0,0.0,0.0,0.0,0.0,0.0
467,1912832,650.8638814450538,627.6698221680132,6.525723963997734,0.06448128400370479,10,0,0,10,0.0,0.0,1.0,0.022666981304064394,0.8184704273939133,0.0710587696172297,1.1343843549489976,0.07027655563215376,0.3587421774864197,0.2872135043144226,0.42785319685935974,5.0,0,0.0,0.0,0.0,0.0,0.0,0.0,0.0,0.0,0.0,0.0,0.0
468,1916928,650.7826084962004,622.1894566023186,6.583203807997052,0.07469078800204443,50,0,2,48,0.0,0.04,0.96,0.019094345258781686,0.7277827531099319,0.09337779805064202,1.146969723701477,0.0679391558500356,0.3598702847957611,0.2883168160915375,0.4302666485309601,5.0,0,0.0,0.0,0.0,0.0,0.0,0.0,0.0,0.0,0.0,0.0,0.0
469,1921024,650.7937086606967,664.5678830888687,6.163403474994993,0.07706561200029682,0,0,0,0,0.0,0.0,0.0,-0.004593716491945088,0.7165650293231011,0.09239245727658271,1.1491962283849717,0.009801026962668402,0.35900530219078064,0.2886640429496765,0.4286854863166809,5.0,0,0.0,0.0,0.0,0.0,0.0,0.0,0.0,0.0,0.0,0.0,0.0
470,1925120,650.8250087703906,673.8506095110375,6.078498620001483,0.0692528739964473,0,0,0,0,0.0,0.0,0.0,-0.0011813006130978465,0.826595450937748,0.06954965852200985,1.146328219771385,0.022794410963979318,0.3599395453929901,0.288165420293808,0.42979657649993896,5.0,0,0.0,0.0,0.0,0.0,0.0,0.0,0.0,0.0,0.0,0.0,0.0
471,1929216,650.8401948050903,665.8871668373843,6.151192279998213,0.06948645900411066,1,0,0,1,0.0,0.0,1.0,-0.005508162965998054,0.8113611117005348,0.057462466321885584,1.1486968874931336,0.005916704217816005,0.35849529504776,0.2892606854438782,0.424900084733963,5.0,0,0.0,0.0,0.0,0.0,0.0,0.0,0.0,0.0,0.0,0.0,0.0
472,1933312,650.8347181436221,655.3506053135092,6.250089595996542,0.0655475169987767,6,0,0,6,0.0,0.0,1.0,0.002347665885463357,0.7028820931911468,0.0642312029376626,1.1402613341808319,0.025988955534558045,0.3582284450531006,0.28881439566612244,0.4242669641971588,5.0,0,0.0,0.0,0.0,0.0,0.0,0.0,0.0,0.0,0.0,0.0,0.0
473,1937408,650.7761251395428,630.9841896036801,6.491446327003359,0.06693926399748307,9,0,0,9,0.0,0.0,1.0,-0.005794609512668103,1.2496304214000702,0.0747078511863947,1.136092123389244,0.028180499395239166,0.35679301619529724,0.2879059612751007,0.4215661585330963,5.0,0,0.0,0.0,0.0,0.0,0.0,0.0,0.0,0.0,0.0,0.0,0.0
474,1941504,650.7041599875606,624.969697800695,6.553917756995361,0.06702900899836095,48,0,0,48,0.0,0.0,1.0,-0.0009504641988314688,0.6768203780055047,0.09746131468564272,1.1221254885196685,0.01730897488159826,0.3552599847316742,0.2862546741962433,0.4205758571624756,5.0,0,0.0,0.0,0.0,0.0,0.0,0.0,0.0,0.0,0.0,0.0,0.0
475,1945600,650.7349576124424,673.083391493332,6.085427231999347,0.06408794299932197,0,0,0,0,0.0,0.0,0.0,0.005940869892947375,0.6246203988790512,0.08012511152774096,1.110031893849373,0.028527011903497622,0.35404855012893677,0.28482186794281006,0.41821810603141785,5.0,0,0.0,0.0,0.0,0.0,0.0,0.0,0.0,0.0,0.0,0.0,0.0
476,1949696,650.7632804409465,673.2061564259146,6.084317502005433,0.07641525600047316,0,0,0,0,0.0,0.0,0.0,-0.0004516808839980513,1.0100464209914208,0.06480889692902565,1.1033758997917176,0.02467322989978129,0.3540264964103699,0.2840939164161682,0.4175257086753845,5.0,0,0.0,0.0,0.0,0.0,0.0,0.0,0.0,0.0,0.0,0.0,0.0
477,1953792,650.794031779248,673.2652587063006,6.083783392998157,0.06498525599454297,1,0,0,1,0.0,0.0,1.0,-0.004578006855444983,1.17179516851902,0.08246510066092014,1.1043384581804276,0.009648011701938231,0.353911817073822,0.2835850715637207,0.4178667664527893,5.0,0,0.0,0.0,0.0,0.0,0.0,0.0,0.0,0.0,0.0,0.0,0.0
478,1957888,650.7619942049399,643.8034836470131,6.3621898670025985,0.07681024500197964,7,0,0,7,0.0,0.0,1.0,-0.004916988406330347,1.1005117893218994,0.0730004783719778,1.0985849738121032,0.014428863178909523,0.3524669408798218,0.2831581234931946,0.41569486260414124,5.0,0,0.0,0.0,0.0,0.0,0.0,0.0,0.0,0.0,0.0,0.0,0.0
479,1961984,650.6652125689908,614.6053303599894,6.664439434003725,0.0747905929965782,11,0,0,11,0.0,0.0,1.0,0.004900111514143646,0.8505127742886543,0.07615742217749358,1.0885176241397858,0.015212448754755314,0.3522893786430359,0.28163987398147583,0.41690710186958313,5.0,0,0.0,0.0,0.0,0.0,0.0,0.0,0.0,0.0,0.0,0.0,0.0
480,1966080,650.617194583986,635.1926108242134,6.448437734004983,0.06621759600238875,45,0,0,45,0.0,0.0,1.0,0.0010396999889053405,0.9088224172592163,0.10929304286837578,1.0874584466218948,0.017138708109996514,0.3520568311214447,0.28017452359199524,0.417557954788208,5.0,0,0.0,0.0,0.0,0.0,0.0,0.0,0.0,0.0,0.0,0.0,0.0
481,1970176,650.6409473004711,670.6146025557191,6.10783001800155,0.07387269900209503,0,0,0,0,0.0,0.0,0.0,0.001156459958292544,0.7498610109090805,0.0752909554168582,1.0837577491998673,0.03376728970542899,0.3518894612789154,0.279507577419281,0.4174099862575531,5.0,0,0.0,0.0,0.0,0.0,0.0,0.0,0.0,0.0,0.0,0.0,0.0
482,1974272,650.6835734443077,680.4899015059641,6.019192924002709,0.07418789000075776,0,0,0,0,0.0,0.0,0.0,-0.0031063397298567,0.8015524163842201,0.05795502224937081,1.0810961335897447,0.010216398233023938,0.3513387143611908,0.2787863612174988,0.41915640234947205,5.0,0,0.0,0.0,0.0,0.0,0.0,0.0,0.0,0.0,0.0,0.0,0.0
483,1978368,650.695549712997,663.8682669966856,6.16989876399748,0.06566645699786022,2,0,0,2,0.0,0.0,1.0,0.025441815494559705,0.8411391764879227,0.04923864006996155,1.081913948059082,0.1189414137174026,0.35315486788749695,0.2798900306224823,0.42258962988853455,5.0,0,0.0,0.0,0.0,0.0,0.0,0.0,0.0,0.0,0.0,0.0,0.0
484,1982464,650.6391872244719,631.1264420036911,6.489983191000647,0.06564452600287041,8,0,0,8,0.0,0.0,1.0,0.011578181060031056,2.4533156991004943,0.10178753007203341,1.0987880200147628,0.0316687060163531,0.35476920008659363,0.2806127667427063,0.42422938346862793,5.0,0,0.0,0.0,0.0,0.0,0.0,0.0,0.0,0.0,0.0,0.0,0.0
485,1986560,650.552828823255,618.6101481431448,6.6212945459992625,0.07620236700313399,13,0,0,13,0.0,0.0,1.0,0.030797439569141716,0.6915040284395217,0.061445535905659196,1.109891191124916,0.10805273082805797,0.3563110828399658,0.2802256941795349,0.42852264642715454,5.0,0,0.0,0.0,0.0,0.0,0.0,0.0,0.0,0.0,0.0,0.0,0.0
486,1990656,650.5859894464955,674.5025123148755,6.072623785999895,0.06480494599964004,41,0,0,41,0.0,0.0,1.0,0.017089158337330445,0.8749807640910149,0.10558532848954201,1.116270324587822,0.04720851627062075,0.3562442660331726,0.28064465522766113,0.4287174344062805,5.0,0,0.0,0.0,0.0,0.0,0.0,0.0,0.0,0.0,0.0,0.0,0.0
487,1994752,650.6324669252641,681.6211611399973,6.009203107998474,0.06443757200031541,0,0,0,0,0.0,0.0,0.0,0.00648760061012581,0.7533871829509735,0.061385265085846186,1.1145376116037369,0.030669080365623814,0.35597455501556396,0.28056880831718445,0.42887037992477417,5.0,0,0.0,0.0,0.0,0.0,0.0,0.0,0.0,0.0,0.0,0.0,0.0
488,1998848,650.6623103916345,674.1149017615801,6.076115494994156,0.07529547099693445,0,0,0,0,0.0,0.0,0.0,0.012160898628644645,1.0223376661539079,0.05868088705465198,1.110327386856079,0.0343480875948444,0.35510313510894775,0.2805596888065338,0.42715317010879517,5.0,0,0.0,0.0,0.0,0.0,0.0,0.0,0.0,0.0,0.0,0.0,0.0
489,2002944,650.6560425200386,654.802373023448,6.2553224739967845,0.06631490199652035,4,0,0,4,0.0,0.0,1.0,0.0188681858824566,1.6034386962652207,0.09221452064812183,1.1079472571611404,0.048915696193580514,0.3554624021053314,0.28163063526153564,0.4259774386882782,5.0,0,0.0,0.0,0.0,0.0,0.0,0.0,0.0,0.0,0.0,0.0,0.0
490,2007040,650.5748376818149,620.4256832130359,6.601918829001079,0.07509138699970208,9,0,0,9,0.0,0.0,1.0,0.0008441325975582003,0.9401266485452652,0.07246328685432672,1.1042710453271867,0.020610303209105042,0.3531177043914795,0.2798391878604889,0.422124445438385,5.0,0,0.0,0.0,0.0,0.0,0.0,0.0,0.0,0.0,0.0,0.0,0.0
491,2011136,650.4822418308818,615.010648624095,6.660047284000029,0.07285850100015523,51,0,0,51,0.0,0.0,1.0,0.007672897609882057,0.7821767523884773,0.078748475946486,1.0845766454935073,0.043144819737790385,0.3518698811531067,0.27843576669692993,0.42311081290245056,5.0,0,0.0,0.0,0.0,0.0,0.0,0.0,0.0,0.0,0.0,0.0,0.0
492,2015232,650.5327238936197,684.2483962431704,5.986130215998855,0.06702612400113139,0,0,0,0,0.0,0.0,0.0,0.0054436139878816904,0.7600209027528763,0.09689885824918747,1.077113887667656,0.042702345537691144,0.35129183530807495,0.2775014042854309,0.42250072956085205,5.0,0,0.0,0.0,0.0,0.0,0.0,0.0,0.0,0.0,0.0,0.0,0.0
493,2019328,650.5520072053489,667.580825054064,6.135586652999336,0.06564771400007885,0,0,0,0,0.0,0.0,0.0,0.004172872198978439,0.9370985642075539,0.07930535320192575,1.0748812049627303,0.03398636487836484,0.3515852391719818,0.27760013937950134,0.42352691292762756,5.0,0,0.0,0.0,0.0,0.0,0.0,0.0,0.0,0.0,0.0,0.0,0.0
494,2023424,650.5720414262719,668.0868786632197,6.130939150003542,0.06633719900128199,0,0,0,0,0.0,0.0,0.0,0.004802246950566769,1.0560194864869117,0.07841851115226746,1.073302498459816,0.027083014203526545,0.3507330119609833,0.2747817933559418,0.42394205927848816,5.0,0,0.0,0.0,0.0,0.0,0.0,0.0,0.0,0.0,0.0,0.0,0.0
495,2027520,650.5777218140257,661.7037594470587,6.19008119800128,0.07542960900173057,4,0,0,4,0.0,0.0,1.0,0.014121464628260583,1.2801746785640717,0.08605762738734483,1.0639796912670136,0.039273184636113,0.3503290116786957,0.27435576915740967,0.42315253615379333,5.0,0,0.0,0.0,0.0,0.0,0.0,0.0,0.0,0.0,0.0,0.0,0.0
496,2031616,650.4785546940063,612.2133087781832,6.690478533004352,0.07773078000172973,10,0,0,10,0.0,0.0,1.0,0.0071320207905955614,0.8099852681159974,0.0742133492603898,1.0629095703363418,0.03960261249594623,0.35060185194015503,0.27288439869880676,0.4257245659828186,5.0,0,0.0,0.0,0.0,0.0,0.0,0.0,0.0,0.0,0.0,0.0,0.0
497,2035712,650.3782318155554,610.7795993749546,6.706183382993913,0.07014913400053047,50,0,0,50,0.0,0.0,1.0,0.00014224967453628777,0.7421346038579941,0.09109445381909609,1.0653475880622865,0.01777312066478771,0.350841224193573,0.27378448843955994,0.4257954955101013,5.0,0,0.0,0.0,0.0,0.0,0.0,0.0,0.0,0.0,0.0,0.0,0.0
498,2039808,650.4175278539809,678.3768556475503,6.037941839997075,0.06704568300483515,0,0,0,0,0.0,0.0,0.0,0.0343631255091168,0.7422930747270584,0.09804156813770533,1.0654534995555878,0.08121638852462638,0.35076969861984253,0.27406221628189087,0.4275028109550476,5.0,0,0.0,0.0,0.0,0.0,0.0,0.0,0.0,0.0,0.0,0.0,0.0
499,2043904,650.4479874773738,673.4089986799943,6.082484801998362,0.06498352000198793,0,0,0,0,0.0,0.0,0.0,0.013912806124426424,1.5215429723262788,0.0851407939568162,1.0647626638412475,0.045612668440298876,0.35097333788871765,0.2750037908554077,0.4281245768070221,5.0,0,0.0,0.0,0.0,0.0,0.0,0.0,0.0,0.0,0.0,0.0,0.0
500,2048000,650.4819153810776,676.6903810547752,6.052989838004578,0.07702088099904358,0,0,0,0,0.0,0.0,0.0,0.022514840972144158,0.9921905472874641,0.06861050147563219,1.0684631884098053,0.09550832686145441,0.3513062000274658,0.27460670471191406,0.43051862716674805,5.0,0,0.0,0.0,0.0,0.0,0.0,0.0,0.0,0.0,0.0,0.0,0.0
501,2052096,650.4848389795922,659.3017440244653,6.212633345996437,0.06493664700246882,4,0,0,4,0.0,0.0,1.0,0.012613516265992076,1.2521371573209763,0.07561337389051914,1.0723297715187072,0.02951519510243088,0.35279470682144165,0.2761431038379669,0.43319106101989746,5.0,0,0.0,0.0,0.0,0.0,0.0,0.0,0.0,0.0,0.0,0.0,0.0
502,2056192,650.3807163739073,608.1532344889583,6.735144644000684,0.06447300499712583,10,0,0,10,0.0,0.0,1.0,0.02288220761111006,0.5820930443704129,0.05862096566706896,1.088241171836853,0.08484853399349959,0.3547729253768921,0.27720415592193604,0.43661078810691833,5.0,0,0.0,0.0,0.0,0.0,0.0,0.0,0.0,0.0,0.0,0.0,0.0
503,2060288,650.2503300058946,596.7585969938393,6.863746949995402,0.06644474400673062,50,0,1,49,0.0,0.02,0.98,0.0019827298354357483,0.9111648797988892,0.09324739295989275,1.0958196192979812,0.024379066047549712,0.3539625406265259,0.2767500579357147,0.4345064163208008,5.0,0,0.0,0.0,0.0,0.0,0.0,0.0,0.0,0.0,0.0,0.0,0.0
504,2064384,650.2984415131353,684.3367908331654,5.98535699799686,0.0754547940014163,0,0,0,0,0.0,0.0,0.0,0.000853481562808156,0.6977738857269287,0.09183275736868382,1.0844369262456894,0.02343048606562661,0.3523842692375183,0.2750735580921173,0.43172764778137207,5.0,0,0.0,0.0,0.0,0.0,0.0,0.0,0.0,0.0,0.0,0.0,0.0
505,2068480,650.3135960157042,665.2965798601127,6.15665272300248,0.06494801200460643,0,0,0,0,0.0,0.0,0.0,0.002612119307741523,1.1062843963503837,0.07067108154296875,1.077356320619583,0.032267193412553755,0.352591872215271,0.276184618473053,0.4306022524833679,5.0,0,0.0,0.0,0.0,0.0,0.0,0.0,0.0,0.0,0.0,0.0,0.0
506,2072576,650.3443805712586,674.9692188116994,6.068424879005761,0.07585404199926415,0,0,0,0,0.0,0.0,0.0,0.0003545486833900213,0.9741501569747925,0.052784495428204535,1.0825055360794067,0.017449474681779976,0.3532559871673584,0.2759152352809906,0.4321278929710388,5.0,0,0.0,0.0,0.0,0.0,0.0,0.0,0.0,0.0,0.0,0.0,0.0
507,2076672,650.3389162772789,655.8270043369293,6.245549470993865,0.07643736099998932,5,0,0,5,0.0,0.0,1.0,5.91128075029701e-05,1.0089532524347304,0.06005818182602525,1.0864468574523927,0.021520223114202965,0.35341525077819824,0.2754734754562378,0.4323101043701172,5.0,0,0.0,0.0,0.0,0.0,0.0,0.0,0.0,0.0,0.0,0.0,0.0
508,2080768,650.2644831549957,621.8749139218255,6.5865335750058875,0.07454413300001761,9,0,0,9,0.0,0.0,1.0,0.01489105640212074,0.9097821310162544,0.07380620818585157,1.0899026066064834,0.050997605665179434,0.3546813428401947,0.2760348916053772,0.4318821430206299,5.0,0,0.0,0.0,0.0,0.0,0.0,0.0,0.0,0.0,0.0,0.0,0.0
509,2084864,650.1694927194666,612.4606772261919,6.687776297003438,0.07610978899901966,50,0,0,50,0.0,0.0,1.0,0.007580060791224241,0.7098084717988968,0.1004356112331152,1.1028795957565307,0.03857235041941749,0.35577934980392456,0.2767360806465149,0.43271884322166443,5.0,0,0.0,0.0,0.0,0.0,0.0,0.0,0.0,0.0,0.0,0.0,0.0
510,2088960,650.2325489055169,691.9508812889457,5.919495314999949,0.06582499399519293,0,0,0,0,0.0,0.0,0.0,0.01119933781446889,0.774999275803566,0.09457315113395452,1.107320562005043,0.045646920525177846,0.35561808943748474,0.2789410948753357,0.43136054277420044,5.0,0,0.0,0.0,0.0,0.0,0.0,0.0,0.0,0.0,0.0,0.0,0.0
511,2093056,650.2691945800872,678.2507941429869,6.03906406799797,0.07592188000126043,0,0,0,0,0.0,0.0,0.0,0.009977490769233554,1.1140376061201096,0.08026735242456198,1.1112507551908493,0.062129947501671265,0.35677778720855713,0.2789771556854248,0.43341633677482605,5.0,0,0.0,0.0,0.0,0.0,0.0,0.0,0.0,0.0,0.0,0.0,0.0
512,2097152,650.2934060390429,671.2177890767858,6.102341246994911,0.07320514200546313,1,0,0,1,0.0,0.0,1.0,0.005505843367427587,1.4884401112794876,0.07622222285717725,1.118100818991661,0.026240550370130223,0.3569377660751343,0.2786349058151245,0.4335479438304901,5.0,0,0.0,0.0,0.0,0.0,0.0,0.0,0.0,0.0,0.0,0.0,0.0
513,2101248,650.2829133579183,652.9445921580684,6.273120336998545,0.07459222400211729,6,0,0,6,0.0,0.0,1.0,0.038787305587902665,0.6153260797262192,0.05864293985068798,1.1217109650373458,0.12433909231694998,0.3587057590484619,0.278639554977417,0.4388202726840973,5.0,0,0.0,0.0,0.0,0.0,0.0,0.0,0.0,0.0,0.0,0.0,0.0
514,2105344,650.1836777319438,609.0919444817856,6.724764688005962,0.0650634510020609,11,0,0,11,0.0,0.0,1.0,-0.0001660063280723989,1.7647274017333985,0.08150384295731783,1.1288693696260452,0.024266555211215745,0.35803288221359253,0.2769995629787445,0.43757978081703186,5.0,0,0.0,0.0,0.0,0.0,0.0,0.0,0.0,0.0,0.0,0.0,0.0
515,2109440,650.1461767552188,638.0938637767466,6.419118302997958,0.06471794599929126,46,0,0,46,0.0,0.0,1.0,0.006752172915730626,0.9317876487970352,0.11213439162820578,1.116785106062889,0.02014370909964782,0.3564857244491577,0.2751482427120209,0.4365929663181305,5.0,0,0.0,0.0,0.0,0.0,0.0,0.0,0.0,0.0,0.0,0.0,0.0
516,2113536,650.1956625644347,684.3809024681498,5.9849712130017,0.06452809299662476,0,0,0,0,0.0,0.0,0.0,0.03202516986057162,0.4827897176146507,0.06350261587649583,1.1111883223056793,0.10478039004083257,0.35718411207199097,0.27629631757736206,0.437455952167511,5.0,0,0.0,0.0,0.0,0.0,0.0,0.0,0.0,0.0,0.0,0.0,0.0
517,2117632,650.2247055593339,673.04866384653,6.085741224997037,0.06520997599727707,0,0,0,0,0.0,0.0,0.0,-0.002981202839873731,1.541838350892067,0.062277397885918614,1.1159197032451629,0.015253522099374094,0.35699376463890076,0.2760533392429352,0.43756747245788574,5.0,0,0.0,0.0,0.0,0.0,0.0,0.0,0.0,0.0,0.0,0.0,0.0
518,2121728,650.2175913014429,655.190651247273,6.2516154530021595,0.08047892499598674,2,0,0,2,0.0,0.0,1.0,0.015140645625069737,1.0893188908696174,0.06902566570788622,1.1142613142728806,0.06295512652868637,0.3572544455528259,0.27573350071907043,0.4390811324119568,5.0,0,0.0,0.0,0.0,0.0,0.0,0.0,0.0,0.0,0.0,0.0,0.0
519,2125824,650.1979641168546,647.2635694254838,6.3281794209979125,0.06698928400146542,7,0,0,7,0.0,0.0,1.0,0.0088793070637621,0.9974686369299889,0.06765214838087559,1.1177797347307206,0.02848964209915721,0.3583192825317383,0.2764396071434021,0.44162729382514954,5.0,0,0.0,0.0,0.0,0.0,0.0,0.0,0.0,0.0,0.0,0.0,0.0
520,2129920,649.4919037163857,581.2102571068474,7.047363582998514,2.8102215850012726,13,0,0,13,0.0,0.0,1.0,0.0,0.0,0.0,0.0,0.0,0.3583192825317383,0.2764396071434021,0.44162729382514954,4.7,1,1.0582175254821777,0.004985449835658073,4.689219951629639,0.07452607899904251,0.22194087505340576,0.31357112526893616,0.23572775721549988,0.7326563596725464,0.6093499660491943,0.0546875,26.76144027709961
521,2134016,649.4848581345358,654.3815175560215,6.259345489001134,0.07919389600283466,42,0,0,42,0.0,0.0,1.0,0.0009243236621841788,0.6185755476355552,0.10825150553137064,1.1259271860122682,0.020802382232068338,0.358746737241745,0.2767973840236664,0.44341030716896057,4.7,0,0.0,0.0,0.0,0.0,0.0,0.0,0.0,0.0,0.0,0.0,0.0
522,2138112,649.5239649334558,678.4921699746434,6.036915650998708,0.06848892099515069,0,0,0,0,0.0,0.0,0.0,-0.005465905833989382,0.6826717242598533,0.07041641082614661,1.1268134325742722,0.013940677141363267,0.35904252529144287,0.2762741148471832,0.4449719190597534,4.7,0,0.0,0.0,0.0,0.0,0.0,0.0,0.0,0.0,0.0,0.0,0.0
523,2142208,649.565843549158,681.3940959611737,6.0112055920035345,0.07887025200034259,0,0,0,0,0.0,0.0,0.0,0.0011369124986231327,0.8291157901287078,0.06297442112118005,1.1266799122095108,0.028353010110004108,0.35895809531211853,0.2756803035736084,0.4432733654975891,4.7,0,0.0,0.0,0.0,0.0,0.0,0.0,0.0,0.0,0.0,0.0,0.0
524,2146304,649.5613404370318,654.9511018715882,6.253901990996383,0.07122370799334021,4,0,0,4,0.0,0.0,1.0,-0.001617222581990063,1.4494319289922715,0.08863562885671854,1.1250234216451644,0.01688007242482854,0.3579905033111572,0.2756565511226654,0.440141886472702,4.7,0,0.0,0.0,0.0,0.0,0.0,0.0,0.0,0.0,0.0,0.0,0.0
525,2150400,649.5085885207469,629.8974022267086,6.502646280998306,0.06843078699603211,8,0,0,8,0.0,0.0,1.0,0.0001335388165898621,0.9031640216708183,0.0728590989485383,1.1168737888336182,0.023655440011498285,0.3572642505168915,0.2747340500354767,0.4385773539543152,4.7,0,0.0,0.0,0.0,0.0,0.0,0.0,0.0,0.0,0.0,0.0,0.0
526,2154496,649.3787879461801,594.7684635259188,6.88671348799835,0.07897957599925576,52,0,0,52,0.0,0.0,1.0,-0.009020363574381917,0.6390375107526779,0.08255610801279545,1.1123296827077866,0.013113349979539635,0.35663944482803345,0.2726496160030365,0.43591949343681335,4.7,0,0.0,0.0,0.0,0.0,0.0,0.0,0.0,0.0,0.0,0.0,0.0
527,2158592,649.4285590303077,684.8324618822857,5.981024890003027,0.06839026299712714,0,0,0,0,0.0,0.0,0.0,0.001434822636656463,0.5609901726245881,0.11190760284662246,1.104491075873375,0.0228196165371628,0.35531777143478394,0.27156805992126465,0.43217232823371887,4.7,0,0.0,0.0,0.0,0.0,0.0,0.0,0.0,0.0,0.0,0.0,0.0
528,2162688,649.465702488456,678.911774014514,6.033184512001753,0.07946595700195758,0,0,0,0,0.0,0.0,0.0,-0.0006254503619857133,0.6165634900331497,0.0826033316552639,1.091257670521736,0.023183176587917843,0.35321566462516785,0.2706719636917114,0.4284251928329468,4.7,0,0.0,0.0,0.0,0.0,0.0,0.0,0.0,0.0,0.0,0.0,0.0
529,2166784,649.4910773851682,672.1968683764637,6.09345296399988,0.07973476200277219,0,0,0,0,0.0,0.0,0.0,-0.006886559596750885,0.7422601461410523,0.07771692536771298,1.075491911172867,0.014656208246742608,0.35150957107543945,0.2708147466182709,0.42491045594215393,4.7,0,0.0,0.0,0.0,0.0,0.0,0.0,0.0,0.0,0.0,0.0,0.0
530,2170880,649.4891178065723,655.8774170772233,6.245069418997446,0.06791758900362765,4,0,0,4,0.0,0.0,1.0,-0.0045194781851023436,1.0665677174925805,0.07369961701333523,1.0659962058067323,0.009098511670163133,0.3508698344230652,0.26955094933509827,0.4241654574871063,4.7,0,0.0,0.0,0.0,0.0,0.0,0.0,0.0,0.0,0.0,0.0,0.0
531,2174976,649.4091547291453,617.3515434996004,6.634793486999115,0.0805255310042412,10,0,0,10,0.0,0.0,1.0,-0.00620903120143339,0.9454227179288864,0.08159127868711949,1.0601059436798095,0.008620999070990365,0.3499574363231659,0.2692146599292755,0.42238765954971313,4.7,0,0.0,0.0,0.0,0.0,0.0,0.0,0.0,0.0,0.0,0.0,0.0
532,2179072,649.3468228190568,624.9656749502624,6.55395994400169,0.07160713099437999,50,0,0,50,0.0,0.0,1.0,0.0001576970098540187,0.8424306437373161,0.08482421338558196,1.0552084773778916,0.018176861480606023,0.3498912453651428,0.2681047320365906,0.42322713136672974,4.7,0,0.0,0.0,0.0,0.0,0.0,0.0,0.0,0.0,0.0,0.0,0.0
533,2183168,649.3908486949182,681.5830789576133,6.009538861006149,0.06727728099940578,0,0,0,0,0.0,0.0,0.0,0.011448735184967519,0.49692081212997435,0.08033973556011915,1.0528936356306076,0.05099113109099562,0.34989607334136963,0.2672901451587677,0.4242910146713257,4.7,0,0.0,0.0,0.0,0.0,0.0,0.0,0.0,0.0,0.0,0.0,0.0
534,2187264,649.4188135417097,673.7721165103419,6.0792067520014825,0.08012470899848267,0,0,0,0,0.0,0.0,0.0,-0.008076234784675762,0.7533259823918342,0.05749056162312627,1.046888130903244,0.005591457326954696,0.3480764329433441,0.26514628529548645,0.42288973927497864,4.7,0,0.0,0.0,0.0,0.0,0.0,0.0,0.0,0.0,0.0,0.0,0.0
535,2191360,649.4434289761292,671.7471672450898,6.097532225998293,0.07869170499907341,0,0,0,0,0.0,0.0,0.0,0.042091892787721005,0.6477672398090363,0.05256956610828638,1.0314190357923507,0.128080025131203,0.3472769260406494,0.26314789056777954,0.4218515157699585,4.7,0,0.0,0.0,0.0,0.0,0.0,0.0,0.0,0.0,0.0,0.0,0.0
536,2195456,649.4497297825786,661.4771876750262,6.192201448997366,0.07881084599648602,4,0,0,4,0.0,0.0,1.0,-0.001884877064730972,1.8007150828838348,0.09308780506253242,1.0245066583156586,0.014242343867226736,0.3464128375053406,0.2612164318561554,0.41996023058891296,4.7,0,0.0,0.0,0.0,0.0,0.0,0.0,0.0,0.0,0.0,0.0,0.0
537,2199552,649.3662121887025,614.2647015651663,6.6681350720027694,0.07024309999542311,10,0,0,10,0.0,0.0,1.0,0.03787149930140003,1.0771901711821557,0.0827665051445365,1.019308653473854,0.14380063291682746,0.3470757007598877,0.26003801822662354,0.42300233244895935,4.7,0,0.0,0.0,0.0,0.0,0.0,0.0,0.0,0.0,0.0,0.0,0.0
538,2203648,649.2831967161485,615.0369917829357,6.659762021998176,0.07827602299948921,50,0,0,50,0.0,0.0,1.0,-0.0017634486430324614,0.9050854846835137,0.0793790254741907,1.0262485325336457,0.01564102975971764,0.3476426601409912,0.2610161006450653,0.42280566692352295,4.7,0,0.0,0.0,0.0,0.0,0.0,0.0,0.0,0.0,0.0,0.0,0.0
539,2207744,649.3064298096093,670.9260467902787,6.104994759996771,0.07869624000159092,0,0,0,0,0.0,0.0,0.0,0.0005348883918486535,0.676470872759819,0.09248542059212923,1.0295742511749268,0.02776526501038461,0.34795355796813965,0.26020050048828125,0.42358946800231934,4.7,0,0.0,0.0,0.0,0.0,0.0,0.0,0.0,0.0,0.0,0.0,0.0
540,2211840,648.7541387049205,628.6364471724917,6.515689662002842,2.6889494249990094,0,0,0,0,0.0,0.0,0.0,0.0,0.0,0.0,0.0,0.0,0.34795355796813965,0.26020050048828125,0.42358946800231934,4.4,1,0.9375356435775757,0.004695313982665539,4.554017066955566,0.0737333670258522,0.20383964478969574,0.2740769386291504,0.19142703711986542,0.7076760530471802,0.4822811782360077,0.09375,27.071216583251953
541,2215936,648.7888471331138,676.3906874049562,6.0556717829967965,0.07234119799977634,0,0,0,0,0.0,0.0,0.0,0.04819302000105381,0.8757112473249435,0.04828852023929357,1.0367062598466874,0.1906761154808919,0.3505428731441498,0.26005783677101135,0.4279060363769531,4.4,0,0.0,0.0,0.0,0.0,0.0,0.0,0.0,0.0,0.0,0.0,0.0
542,2220032,648.7868305101479,656.2235826745673,6.241775072005112,0.07870350099983625,4,0,0,4,0.0,0.0,1.0,0.03630437208339572,2.2494573533535003,0.11709377281367779,1.0591867715120316,0.10220442437566817,0.3533485531806946,0.25981220602989197,0.4336910843849182,4.4,0,0.0,0.0,0.0,0.0,0.0,0.0,0.0,0.0,0.0,0.0,0.0
543,2224128,648.7181836613499,620.2788891496253,6.603481226993608,0.06925581699761096,10,0,0,10,0.0,0.0,1.0,0.024435628519859164,0.5765931017696857,0.05661009550094605,1.0731675654649735,0.07794362757049385,0.3539849519729614,0.2599617540836334,0.4333333671092987,4.4,0,0.0,0.0,0.0,0.0,0.0,0.0,0.0,0.0,0.0,0.0,0.0
544,2228224,648.6466442738223,618.7336284622885,6.619973138003843,0.06962292599928332,50,0,0,50,0.0,0.0,1.0,-0.0008132355171255768,0.8151470556855201,0.09518586788326502,1.072062113881111,0.015920976934285135,0.3528122901916504,0.2591841220855713,0.4321821630001068,4.4,0,0.0,0.0,0.0,0.0,0.0,0.0,0.0,0.0,0.0,0.0,0.0
545,2232320,648.6912189070365,683.3131255265582,5.994323607999831,0.08048822600540007,0,0,0,0,0.0,0.0,0.0,0.033599678962491455,0.5648603707551956,0.07297211214900017,1.0660187214612962,0.11095377350138733,0.3536683917045593,0.25840458273887634,0.43495461344718933,4.4,0,0.0,0.0,0.0,0.0,0.0,0.0,0.0,0.0,0.0,0.0,0.0
546,2236416,648.7047716559675,664.9120226033983,6.160213472998294,0.07868625700211851,0,0,0,0,0.0,0.0,0.0,0.00540876790182665,1.2842086672782898,0.06543149128556251,1.0693708211183548,0.027295535258599558,0.35316187143325806,0.2572329044342041,0.43458399176597595,4.4,0,0.0,0.0,0.0,0.0,0.0,0.0,0.0,0.0,0.0,0.0,0.0
547,2240512,648.720737484303,665.1368898187832,6.158130848998553,0.06801580100000137,1,0,0,1,0.0,0.0,1.0,0.024292249116115272,1.4467974364757539,0.08140827771276235,1.0670641988515854,0.09799244872920099,0.35436636209487915,0.2562524378299713,0.43933340907096863,4.4,0,0.0,0.0,0.0,0.0,0.0,0.0,0.0,0.0,0.0,0.0,0.0
548,2244608,648.7076276747486,650.0128837756268,6.301413560002402,0.07942896600434324,6,0,0,6,0.0,0.0,1.0,0.0005434326827526093,1.220667126774788,0.0642541715875268,1.0738971948623657,0.027429829581524245,0.3548726737499237,0.2557539939880371,0.44093379378318787,4.4,0,0.0,0.0,0.0,0.0,0.0,0.0,0.0,0.0,0.0,0.0,0.0
549,2248704,648.622787712203,612.6770541873317,6.685414398998546,0.07902781899611,9,0,0,9,0.0,0.0,1.0,0.029143641260452567,0.5216635160148144,0.049886864610016346,1.0747775197029115,0.08209532422406482,0.35525304079055786,0.2548387050628662,0.4431581199169159,4.4,0,0.0,0.0,0.0,0.0,0.0,0.0,0.0,0.0,0.0,0.0,0.0
550,2252800,648.5435785996963,615.4318740062611,6.655488889999106,0.08026178299769526,48,0,1,47,0.0,0.020833333333333332,0.9791666666666666,0.0038874151126947255,0.7058668032288551,0.0909150332212448,1.0744184374809265,0.03241107944195391,0.35464853048324585,0.25466567277908325,0.4437822699546814,4.4,0,0.0,0.0,0.0,0.0,0.0,0.0,0.0,0.0,0.0,0.0,0.0
551,2256896,648.5857938228884,682.672926208485,5.999944985000184,0.08439052399626235,0,0,0,0,0.0,0.0,0.0,0.0014340972062200307,1.0959090143442154,0.09492014832794667,1.0634138852357864,0.01962455721513834,0.35307836532592773,0.2537432909011841,0.4427887499332428,4.4,0,0.0,0.0,0.0,0.0,0.0,0.0,0.0,0.0,0.0,0.0,0.0
552,2260992,648.6365927448373,685.9980026209053,5.970862866000971,0.06845900200278265,0,0,0,0,0.0,0.0,0.0,-0.0032704124576412143,0.6003233700990677,0.06277743019163609,1.0506835848093032,0.016347096420940944,0.35189932584762573,0.25238651037216187,0.4420320391654968,4.4,0,0.0,0.0,0.0,0.0,0.0,0.0,0.0,0.0,0.0,0.0,0.0
553,2265088,648.6508156641593,665.4565755836416,6.155172478996974,0.07984717599902069,1,0,0,1,0.0,0.0,1.0,-0.002126504678744823,0.708060011267662,0.05810406478121877,1.0451006054878236,0.009260262369934935,0.3519513010978699,0.25189390778541565,0.44225072860717773,4.4,0,0.0,0.0,0.0,0.0,0.0,0.0,0.0,0.0,0.0,0.0,0.0
554,2269184,648.5971917797078,626.9328239665542,6.533395354999811,0.06761405900033424,8,0,0,8,0.0,0.0,1.0,-0.0036685297614894806,0.8027351379394532,0.06563781145960093,1.0453175127506256,0.016201275840285235,0.3520362973213196,0.2519853413105011,0.4420488178730011,4.4,0,0.0,0.0,0.0,0.0,0.0,0.0,0.0,0.0,0.0,0.0,0.0
555,2273280,648.4877507767334,600.170993580748,6.824721693999891,0.07890122299431823,13,0,0,13,0.0,0.0,1.0,-0.002557194838300347,1.1287760108709335,0.07571420408785343,1.0442179709672927,0.022866525663994254,0.35126686096191406,0.2522590458393097,0.43998780846595764,4.4,0,0.0,0.0,0.0,0.0,0.0,0.0,0.0,0.0,0.0,0.0,0.0
556,2277376,648.477585988446,650.2126533261679,6.299477530999866,0.06871935299568577,42,0,0,42,0.0,0.0,1.0,0.022786480095237493,0.9228253081440926,0.09525691829621792,1.0428113043308258,0.06815903297247132,0.3524264097213745,0.25176241993904114,0.4444667398929596,4.4,0,0.0,0.0,0.0,0.0,0.0,0.0,0.0,0.0,0.0,0.0,0.0
557,2281472,648.5101090178761,676.3200225391636,6.056304505997105,0.0798134009964997,0,0,0,0,0.0,0.0,0.0,-0.008040335099212825,0.5149753980338574,0.057315815798938276,1.042748862504959,0.00829635025220341,0.35102543234825134,0.24957384169101715,0.44348523020744324,4.4,0,0.0,0.0,0.0,0.0,0.0,0.0,0.0,0.0,0.0,0.0,0.0
558,2285568,648.555598282249,682.9377292040108,5.997618560002593,0.0680002129956847,0,0,0,0,0.0,0.0,0.0,0.005292638391256333,0.46783085241913797,0.050504866242408755,1.030904859304428,0.02351423587097088,0.3506566882133484,0.24841615557670593,0.4442165195941925,4.4,0,0.0,0.0,0.0,0.0,0.0,0.0,0.0,0.0,0.0,0.0,0.0
559,2289664,648.5632027334439,660.3570524075379,6.202705014002277,0.068516195002303,2,0,0,2,0.0,0.0,1.0,0.004224176792195067,1.004716221988201,0.0712935209274292,1.0298473864793778,0.04498664600323536,0.35087740421295166,0.24973329901695251,0.44310462474823,4.4,0,0.0,0.0,0.0,0.0,0.0,0.0,0.0,0.0,0.0,0.0,0.0
560,2293760,647.9395860464646,589.0608645434787,6.953441056000884,2.7624055899941595,10,0,0,10,0.0,0.0,1.0,0.0,0.0,0.0,0.0,0.0,0.35087740421295166,0.24973329901695251,0.44310462474823,4.1000000000000005,1,1.048375129699707,0.005121778696775436,4.629894256591797,0.08087414503097534,0.17276127636432648,0.27326542139053345,0.271234929561615,0.6876961588859558,1.0757837295532227,0.06640625,27.91282844543457
561,2297856,647.8360340621468,601.7746780120754,6.806534322000516,0.07903938600065885,52,0,0,52,0.0,0.0,1.0,0.032877343823201954,0.962164331972599,0.06876820772886276,1.0359090745449067,0.08912198871184955,0.3521086871623993,0.24816255271434784,0.4471645951271057,4.1000000000000005,0,0.0,0.0,0.0,0.0,0.0,0.0,0.0,0.0,0.0,0.0,0.0
562,2301952,647.8781113080579,682.8153782798228,5.998693248999189,0.09012754300056258,0,0,0,0,0.0,0.0,0.0,0.0027238061535172164,0.7865525349974632,0.10146820042282342,1.0390866100788116,0.018967907685873798,0.35191330313682556,0.2472536563873291,0.44806990027427673,4.1000000000000005,0,0.0,0.0,0.0,0.0,0.0,0.0,0.0,0.0,0.0,0.0,0.0
563,2306048,647.9185876116005,679.278918164574,6.029923629997938,0.066441628994653,0,0,0,0,0.0,0.0,0.0,-0.004499477194622159,0.5788360863924027,0.05899468325078487,1.0318140000104905,0.014928579955449096,0.3506828546524048,0.24651551246643066,0.4451186954975128,4.1000000000000005,0,0.0,0.0,0.0,0.0,0.0,0.0,0.0,0.0,0.0,0.0,0.0
564,2310144,647.9513768568717,676.2355368736007,6.057061152001552,0.08070806499745231,0,0,0,0,0.0,0.0,0.0,-0.0041697981825564055,0.6183358728885651,0.06319582154974342,1.0249733418226241,0.01628774136042921,0.35034894943237305,0.24709908664226532,0.44566822052001953,4.1000000000000005,0,0.0,0.0,0.0,0.0,0.0,0.0,0.0,0.0,0.0,0.0,0.0
565,2314240,647.9682455937162,666.3630749468235,6.146799176000059,0.07861684300587513,4,0,0,4,0.0,0.0,1.0,-0.0033680471824482083,1.0177754297852517,0.08807413130998612,1.0185656160116197,0.014120343018294079,0.34866654872894287,0.24670632183551788,0.44389504194259644,4.1000000000000005,0,0.0,0.0,0.0,0.0,0.0,0.0,0.0,0.0,0.0,0.0,0.0
566,2318336,647.8962003371844,617.4276200225383,6.633975978998933,0.08141027999954531,9,0,0,9,0.0,0.0,1.0,-0.005463318515103311,1.1010562598705291,0.09406953752040863,1.005405342578888,0.012846770902979188,0.34768640995025635,0.24484355747699738,0.44315478205680847,4.1000000000000005,0,0.0,0.0,0.0,0.0,0.0,0.0,0.0,0.0,0.0,0.0,0.0
567,2322432,647.7804697891868,595.3879462356304,6.879548076001811,0.07991809999657562,51,0,0,51,0.0,0.0,1.0,0.00010308566270396113,0.8080103009939194,0.08320417515933513,0.9961684659123421,0.02691236645114259,0.34665346145629883,0.24469003081321716,0.44046783447265625,4.1000000000000005,0,0.0,0.0,0.0,0.0,0.0,0.0,0.0,0.0,0.0,0.0,0.0
568,2326528,647.8249307299379,682.9997506184625,5.997073932005151,0.07629697999800555,0,0,0,0,0.0,0.0,0.0,-0.006294014363083989,0.6028594002127647,0.09949309043586255,0.988055220246315,0.008835522682784359,0.34516626596450806,0.24417822062969208,0.4372868239879608,4.1000000000000005,0,0.0,0.0,0.0,0.0,0.0,0.0,0.0,0.0,0.0,0.0,0.0
569,2330624,647.8660145068453,681.289577632885,6.012127786001656,0.07846717000211356,0,0,0,0,0.0,0.0,0.0,-0.007334213063586503,0.5539649985730648,0.06373490942642093,0.973253084719181,0.005840307485777884,0.342934787273407,0.24424949288368225,0.43332722783088684,4.1000000000000005,0,0.0,0.0,0.0,0.0,0.0,0.0,0.0,0.0,0.0,0.0,0.0
570,2334720,647.8877400785082,669.2938081567214,6.119883300998481,0.07850436999433441,0,0,0,0,0.0,0.0,0.0,-0.004592760175000876,0.753424496948719,0.0564529187977314,0.9582759618759156,0.022999884917226154,0.34122857451438904,0.2444039285182953,0.4306114912033081,4.1000000000000005,0,0.0,0.0,0.0,0.0,0.0,0.0,0.0,0.0,0.0,0.0,0.0
571,2338816,647.9016640905254,664.7736963004488,6.161495291999017,0.07945234499493381,4,0,0,4,0.0,0.0,1.0,-0.005258195917122066,1.2465950399637222,0.07743808161467314,0.9492596730589866,0.008156289297767216,0.3406965136528015,0.2451760470867157,0.4286747872829437,4.1000000000000005,0,0.0,0.0,0.0,0.0,0.0,0.0,0.0,0.0,0.0,0.0,0.0
572,2342912,647.8196949170754,611.5107310099116,6.698165367000911,0.07814484700065805,10,0,0,10,0.0,0.0,1.0,0.0013393633766099811,1.0872889101505279,0.09642923083156348,0.9450664266943931,0.02563004525072756,0.33944758772850037,0.2448018193244934,0.4269521236419678,4.1000000000000005,0,0.0,0.0,0.0,0.0,0.0,0.0,0.0,0.0,0.0,0.0,0.0
573,2347008,647.7402442467944,612.8387761201525,6.683650185994338,0.08033942799374927,50,0,0,50,0.0,0.0,1.0,0.008661946188658476,0.7516084030270577,0.10116980653256177,0.9379469200968742,0.032031049633951626,0.3394390940666199,0.24570974707603455,0.4278426468372345,4.1000000000000005,0,0.0,0.0,0.0,0.0,0.0,0.0,0.0,0.0,0.0,0.0,0.0
574,2351104,647.7789271535804,679.8573640327287,6.024793165001029,0.07906640000146581,0,0,0,0,0.0,0.0,0.0,-0.00036074104718863964,0.4761608220636845,0.08222241420298815,0.9357970550656318,0.021049794252030553,0.3382722735404968,0.24546052515506744,0.4250543415546417,4.1000000000000005,0,0.0,0.0,0.0,0.0,0.0,0.0,0.0,0.0,0.0,0.0,0.0
575,2355200,647.8110930085227,675.9475665884554,6.059641608997481,0.0795215470061521,0,0,0,0,0.0,0.0,0.0,-0.004966031457297504,0.7220646530389786,0.06871274169534444,0.9287948831915855,0.015513836769969203,0.33812567591667175,0.24456387758255005,0.4247777760028839,4.1000000000000005,0,0.0,0.0,0.0,0.0,0.0,0.0,0.0,0.0,0.0,0.0,0.0
576,2359296,647.8414746155305,675.7015175181062,6.061848158999055,0.0871132820029743,0,0,0,0,0.0,0.0,0.0,0.015564467979129405,0.6380597680807114,0.06006135288625956,0.9284260407090187,0.08016243409656454,0.3379689157009125,0.24474777281284332,0.42375290393829346,4.1000000000000005,0,0.0,0.0,0.0,0.0,0.0,0.0,0.0,0.0,0.0,0.0,0.0
577,2363392,647.8400421982897,655.8341944607598,6.245480999001302,0.08225342300283955,4,0,0,4,0.0,0.0,1.0,-0.0020461047592107207,2.0482620686292647,0.10317210350185632,0.9299017786979675,0.01170334259950323,0.33861884474754333,0.2454015612602234,0.4247033894062042,4.1000000000000005,0,0.0,0.0,0.0,0.0,0.0,0.0,0.0,0.0,0.0,0.0,0.0
578,2367488,647.7854759796161,625.6080154630796,6.547230691998266,0.07962836699880427,10,0,0,10,0.0,0.0,1.0,0.031191462255083024,0.9037880316376686,0.0706193396821618,0.9347915798425674,0.11016549579217098,0.3390289545059204,0.24568712711334229,0.42624911665916443,4.1000000000000005,0,0.0,0.0,0.0,0.0,0.0,0.0,0.0,0.0,0.0,0.0,0.0
579,2371584,647.7201254378913,619.7318398298739,6.609310248000838,0.07923002399911638,50,0,0,50,0.0,0.0,1.0,-0.004365889087785036,0.6723520323634148,0.08685172908008099,0.931756055355072,0.008159146487014369,0.3372764587402344,0.24473847448825836,0.4237767159938812,4.1000000000000005,0,0.0,0.0,0.0,0.0,0.0,0.0,0.0,0.0,0.0,0.0,0.0
580,2375680,647.2252723847255,636.7210366886615,6.4329584919978515,2.6918655299959937,0,0,0,0,0.0,0.0,0.0,0.0,0.0,0.0,0.0,0.0,0.3372764587402344,0.24473847448825836,0.4237767159938812,3.8000000000000007,1,0.9877142310142517,0.004128794185817242,4.518017768859863,0.07034236192703247,0.2582601308822632,0.3560757040977478,0.12381687015295029,0.6713111400604248,0.4082816541194916,0.07421875,25.576641082763672
581,2379776,647.257379242361,675.2721675616295,6.065702388994396,0.07736544900399167,0,0,0,0,0.0,0.0,0.0,0.05090323723852634,0.4400765910744667,0.04209714792668819,0.9213461995124816,0.20655076582188486,0.338550865650177,0.24429278075695038,0.4283502995967865,3.8000000000000007,0,0.0,0.0,0.0,0.0,0.0,0.0,0.0,0.0,0.0,0.0,0.0
582,2383872,647.2900071994324,675.8611452694925,6.060416445994633,0.07919114499964053,0,0,0,0,0.0,0.0,0.0,-0.0031691156793385742,2.365970182418823,0.09300878513604402,0.9311012536287308,0.012970477699127514,0.3385198712348938,0.24349245429039001,0.4294143319129944,3.8000000000000007,0,0.0,0.0,0.0,0.0,0.0,0.0,0.0,0.0,0.0,0.0,0.0
583,2387968,647.2701303785258,643.8623916551011,6.36160777999612,0.07631465300073614,6,0,0,6,0.0,0.0,1.0,0.03076403527520597,0.8303417548537254,0.07062114682048559,0.9313762977719307,0.12658355715102515,0.3404138684272766,0.24374067783355713,0.4336925745010376,3.8000000000000007,0,0.0,0.0,0.0,0.0,0.0,0.0,0.0,0.0,0.0,0.0,0.0
584,2392064,647.2193941712316,626.1973376388007,6.541069011000218,0.07312715000443859,9,0,0,9,0.0,0.0,1.0,-0.0009568289620801807,0.8049202099442482,0.049116890784353016,0.941540190577507,0.01317942620444228,0.33968016505241394,0.2437782883644104,0.43370160460472107,3.8000000000000007,0,0.0,0.0,0.0,0.0,0.0,0.0,0.0,0.0,0.0,0.0,0.0
585,2396160,647.155255767889,619.3424097184569,6.6134660500028986,0.07870239600015339,49,0,0,49,0.0,0.0,1.0,-0.0004948923713527619,0.601897518336773,0.1084333261474967,0.9344064652919769,0.027996897401317257,0.33994293212890625,0.2441551238298416,0.43496379256248474,3.8000000000000007,0,0.0,0.0,0.0,0.0,0.0,0.0,0.0,0.0,0.0,0.0,0.0
586,2400256,647.1937120003106,679.3688280783939,6.02912560999539,0.07640268799877958,0,0,0,0,0.0,0.0,0.0,-0.006584203243255616,0.7591341271996498,0.0798748467117548,0.9346496894955635,0.008603700134699466,0.3388946056365967,0.2430335134267807,0.43266960978507996,3.8000000000000007,0,0.0,0.0,0.0,0.0,0.0,0.0,0.0,0.0,0.0,0.0,0.0
587,2404352,647.2241623787023,674.6569975634307,6.071233255999687,0.07957795000402257,0,0,0,0,0.0,0.0,0.0,-0.0025492001441307366,0.8175590127706528,0.0723726887255907,0.9300036683678627,0.018541906798782294,0.33938783407211304,0.24437469244003296,0.43073803186416626,3.8000000000000007,0,0.0,0.0,0.0,0.0,0.0,0.0,0.0,0.0,0.0,0.0,0.0
588,2408448,647.2569413854125,676.1349271813978,6.057962450002378,0.07887699600541964,1,0,0,1,0.0,0.0,1.0,-0.002339253795798868,1.334453848004341,0.07656333092600107,0.9292438387870788,0.023017170788079966,0.33725616335868835,0.24325992166996002,0.4269716143608093,3.8000000000000007,0,0.0,0.0,0.0,0.0,0.0,0.0,0.0,0.0,0.0,0.0,0.0
589,2412544,647.2261071413352,637.6114945891155,6.423974527999235,0.07899642999836942,7,0,0,7,0.0,0.0,1.0,-0.005167756555601954,1.0328413367271423,0.07810852900147439,0.9137522354722023,0.018259677931928307,0.33656367659568787,0.24331772327423096,0.42586955428123474,3.8000000000000007,0,0.0,0.0,0.0,0.0,0.0,0.0,0.0,0.0,0.0,0.0,0.0
590,2416640,647.1467039449003,610.9487890251002,6.704326243998366,0.07929276800132357,12,0,0,12,0.0,0.0,1.0,-0.0012172680348157884,0.8052577197551727,0.0747422881424427,0.9150621712207794,0.01874559042043984,0.33732157945632935,0.24322736263275146,0.4277213215827942,3.8000000000000007,0,0.0,0.0,0.0,0.0,0.0,0.0,0.0,0.0,0.0,0.0,0.0
591,2420736,647.137497714305,650.0639200899233,6.300918838001962,0.07876174099510536,44,0,0,44,0.0,0.0,1.0,0.007794880145229399,0.6022294148802757,0.09733103103935718,0.9183499053120613,0.03317590270016808,0.33750292658805847,0.24162475764751434,0.42745381593704224,3.8000000000000007,0,0.0,0.0,0.0,0.0,0.0,0.0,0.0,0.0,0.0,0.0,0.0
592,2424832,647.17552627548,679.5974632792052,6.02709724700253,0.0789513390045613,0,0,0,0,0.0,0.0,0.0,-0.008035162487067283,0.6365855991840362,0.06103074215352535,0.9147713378071785,0.01688727490909514,0.33670109510421753,0.2415173053741455,0.4265364408493042,3.8000000000000007,0,0.0,0.0,0.0,0.0,0.0,0.0,0.0,0.0,0.0,0.0,0.0
593,2428928,647.2277769073576,689.2310534728507,5.942854691995308,0.08027816099638585,0,0,0,0,0.0,0.0,0.0,0.0029614610597491265,0.6790603563189507,0.05526101291179657,0.9076643377542496,0.0333924808743177,0.33553546667099,0.24137207865715027,0.4241250455379486,3.8000000000000007,0,0.0,0.0,0.0,0.0,0.0,0.0,0.0,0.0,0.0,0.0,0.0
594,2433024,647.237991337563,662.1205861644758,6.186184338002931,0.08004557900130749,2,0,0,2,0.0,0.0,1.0,-0.0008490531472489238,1.3566163301467895,0.08786320332437754,0.8946888685226441,0.02107753093514475,0.3336978852748871,0.24057234823703766,0.4199073612689972,3.8000000000000007,0,0.0,0.0,0.0,0.0,0.0,0.0,0.0,0.0,0.0,0.0,0.0
595,2437120,647.2131106261187,641.5635683059498,6.384402422998392,0.08587045699823648,7,0,0,7,0.0,0.0,1.0,0.03839701726101339,1.0295377135276795,0.07854280211031436,0.8900859117507934,0.15133472570814774,0.3352149426937103,0.24069666862487793,0.42357292771339417,3.8000000000000007,0,0.0,0.0,0.0,0.0,0.0,0.0,0.0,0.0,0.0,0.0,0.0
596,2441216,647.0979197512273,592.7826336279693,6.909784071998729,0.08686486199439969,16,0,0,16,0.0,0.0,1.0,0.0016106358845718205,1.3058654010295867,0.0723603542894125,0.9021438628435134,0.018184925234527326,0.33586904406547546,0.2411077618598938,0.42561084032058716,3.8000000000000007,0,0.0,0.0,0.0,0.0,0.0,0.0,0.0,0.0,0.0,0.0,0.0
597,2445312,647.1168275095508,667.4843859922275,6.136473130995,0.07988255400414346,39,0,0,39,0.0,0.0,1.0,-0.002053334075026214,0.8134812995791435,0.12422844003885984,0.9039395779371262,0.021443804832961176,0.33584320545196533,0.24110212922096252,0.4268573820590973,3.8000000000000007,0,0.0,0.0,0.0,0.0,0.0,0.0,0.0,0.0,0.0,0.0,0.0
598,2449408,647.1497397045355,676.6708759530629,6.053164316006587,0.08117793600104051,0,0,0,0,0.0,0.0,0.0,-0.006483093893621117,0.7284443512558937,0.07785115614533425,0.9041119888424873,0.01687803260210785,0.33605504035949707,0.24138134717941284,0.42673832178115845,3.8000000000000007,0,0.0,0.0,0.0,0.0,0.0,0.0,0.0,0.0,0.0,0.0,0.0
599,2453504,647.1706155456908,670.2440109490387,6.111207162000937,0.09199365899985423,0,0,0,0,0.0,0.0,0.0,0.006354363512946293,0.991960583627224,0.07589582670480013,0.9034664556384087,0.03071103306792793,0.3356090486049652,0.24187076091766357,0.42525339126586914,3.8000000000000007,0,0.0,0.0,0.0,0.0,0.0,0.0,0.0,0.0,0.0,0.0,0.0
600,2457600,646.6709880199094,625.0119963087589,6.5534742119998555,2.706161249996512,4,0,0,4,0.0,0.0,1.0,0.0,0.0,0.0,0.0,0.0,0.3356090486049652,0.24187076091766357,0.42525339126586914,3.500000000000001,1,0.9222120046615601,0.0048960112035274506,4.6194257736206055,0.06276431679725647,0.2238340824842453,0.29510462284088135,0.1305427849292755,0.6591939926147461,0.7323135733604431,0.078125,26.89912986755371
601,2461696,646.6232691314171,627.2150637454844,6.53045540000312,0.07954883699858328,8,0,0,8,0.0,0.0,1.0,5.707043455913663e-05,0.7539912074804306,0.08706500828266144,0.9034768447279931,0.028370290641032626,0.3359713554382324,0.24086378514766693,0.42628002166748047,3.500000000000001,0,0.0,0.0,0.0,0.0,0.0,0.0,0.0,0.0,0.0,0.0,0.0
602,2465792,646.5042105061058,588.2444852687532,6.963091202000214,0.07004534199950285,52,0,0,52,0.0,0.0,1.0,0.004362984374165535,0.700464540719986,0.08267201222479344,0.9030308857560158,0.05737141856370727,0.3359379768371582,0.2408834844827652,0.4281941056251526,3.500000000000001,0,0.0,0.0,0.0,0.0,0.0,0.0,0.0,0.0,0.0,0.0,0.0
603,2469888,646.5444578636071,680.9350201968285,6.015258253006323,0.0788846880022902,0,0,0,0,0.0,0.0,0.0,0.004335799184627831,1.1585514068603515,0.10361211132258177,0.9021846488118171,0.036803055572818266,0.3359709680080414,0.24044205248355865,0.4290730655193329,3.500000000000001,0,0.0,0.0,0.0,0.0,0.0,0.0,0.0,0.0,0.0,0.0,0.0
604,2473984,646.5956451684386,688.4324372598273,5.949748701998033,0.07937618799769552,0,0,0,0,0.0,0.0,0.0,0.039531713409814984,0.5869025826454163,0.0355826165061444,0.9038184762001038,0.20855179797654272,0.33704766631126404,0.23945705592632294,0.4322581887245178,3.500000000000001,0,0.0,0.0,0.0,0.0,0.0,0.0,0.0,0.0,0.0,0.0,0.0
605,2478080,646.616987757486,668.5884195028766,6.126340032998996,0.0787401889974717,0,0,0,0,0.0,0.0,0.0,0.01267274635611102,2.1718044102191927,0.10213512871414424,0.9126904711127282,0.04161413163965335,0.3385854661464691,0.23830614984035492,0.4370094835758209,3.500000000000001,0,0.0,0.0,0.0,0.0,0.0,0.0,0.0,0.0,0.0,0.0,0.0
606,2482176,646.617642664781,655.1298237521663,6.252195903005486,0.07546764900325797,4,0,0,4,0.0,0.0,1.0,0.01865781134692952,1.0111954748630523,0.06878264239057899,0.9241429820656777,0.074240719415684,0.3409525752067566,0.2381904125213623,0.4407860338687897,3.500000000000001,0,0.0,0.0,0.0,0.0,0.0,0.0,0.0,0.0,0.0,0.0,0.0
607,2486272,646.5576232514363,619.6894877435999,6.609761954998248,0.07868576700275298,10,0,0,10,0.0,0.0,1.0,0.0019641313003376125,0.9879592418670654,0.06082254536449909,0.9421752884984016,0.0224605910727405,0.34244367480278015,0.2385120540857315,0.4439021944999695,3.500000000000001,0,0.0,0.0,0.0,0.0,0.0,0.0,0.0,0.0,0.0,0.0,0.0
608,2490368,646.4857043293723,613.4567671256514,6.676917134995165,0.08349503600038588,50,0,0,50,0.0,0.0,1.0,0.005818301951512695,0.47472918331623076,0.0727516297250986,0.9488961443305015,0.049540190819243435,0.3426938056945801,0.23944328725337982,0.4442417621612549,3.500000000000001,0,0.0,0.0,0.0,0.0,0.0,0.0,0.0,0.0,0.0,0.0,0.0
609,2494464,646.5235493272471,678.5247762598127,6.036625549000746,0.07000399000389734,0,0,0,0,0.0,0.0,0.0,-0.002978830237407237,0.7099217146635055,0.09258859399706125,0.9462819024920464,0.02179903311043745,0.34190863370895386,0.23846526443958282,0.4457433223724365,3.500000000000001,0,0.0,0.0,0.0,0.0,0.0,0.0,0.0,0.0,0.0,0.0,0.0
610,2498560,646.5638120624652,681.3192114417453,6.011866290005855,0.07956992800609441,0,0,0,0,0.0,0.0,0.0,-0.00878204616601579,0.5889086976647377,0.0693484142422676,0.9363082468509674,0.013401168683049035,0.3409392833709717,0.2373088300228119,0.4457015097141266,3.500000000000001,0,0.0,0.0,0.0,0.0,0.0,0.0,0.0,0.0,0.0,0.0,0.0
611,2502656,646.5939133497211,674.4590283920007,6.073015302004933,0.07845820499642286,0,0,0,0,0.0,0.0,0.0,-0.006871337391203269,0.5433233253657818,0.06097912676632404,0.9189563915133476,0.012062535410223063,0.33791762590408325,0.23469825088977814,0.44229814410209656,3.500000000000001,0,0.0,0.0,0.0,0.0,0.0,0.0,0.0,0.0,0.0,0.0,0.0
612,2506752,646.5987179430583,657.9913794315328,6.2250055670010624,0.07803993699781131,4,0,0,4,0.0,0.0,1.0,-0.0014620103873312473,0.8156678438186645,0.06977953966706991,0.8950721129775048,0.03661627025649068,0.33635395765304565,0.2329157292842865,0.4400724172592163,3.500000000000001,0,0.0,0.0,0.0,0.0,0.0,0.0,0.0,0.0,0.0,0.0,0.0
613,2510848,646.5398975050783,620.022797551075,6.606208700999559,0.078929829003755,10,0,0,10,0.0,0.0,1.0,-0.0034349877387285233,1.386236834526062,0.10431168749928474,0.884960226714611,0.012804951865837211,0.33606183528900146,0.2311360090970993,0.4400995671749115,3.500000000000001,0,0.0,0.0,0.0,0.0,0.0,0.0,0.0,0.0,0.0,0.0,0.0
614,2514944,646.4769348040062,617.5382884231159,6.632787110997015,0.07835611799964681,50,0,0,50,0.0,0.0,1.0,0.02585277964826673,1.0138596072793007,0.11685780268162489,0.8814505577087403,0.08101433914198423,0.3355061709880829,0.23178046941757202,0.44110214710235596,3.500000000000001,0,0.0,0.0,0.0,0.0,0.0,0.0,0.0,0.0,0.0,0.0,0.0
615,2519040,646.5217675242521,684.4954672032051,5.983969501998217,0.07877335100056371,0,0,0,0,0.0,0.0,0.0,0.00028564033564180134,0.6068209931254387,0.07303165346384048,0.8756078347563744,0.01806099067325704,0.33464810252189636,0.23202799260616302,0.4401838183403015,3.500000000000001,0,0.0,0.0,0.0,0.0,0.0,0.0,0.0,0.0,0.0,0.0,0.0
616,2523136,646.5478981860373,673.1881094207972,6.084480612000334,0.09008355200057849,0,0,0,0,0.0,0.0,0.0,0.0006075663841329515,0.6621442928910255,0.06518977247178555,0.8714718043804168,0.030528383125783876,0.334689736366272,0.23283614218235016,0.4402850866317749,3.500000000000001,0,0.0,0.0,0.0,0.0,0.0,0.0,0.0,0.0,0.0,0.0,0.0
617,2527232,646.5773660302037,674.3048371495609,6.074403999999049,0.0796511049993569,0,0,0,0,0.0,0.0,0.0,0.011090058402623981,0.7415751174092293,0.053777923621237275,0.8748490184545517,0.06150203821816831,0.3349981904029846,0.23221030831336975,0.4380812346935272,3.500000000000001,0,0.0,0.0,0.0,0.0,0.0,0.0,0.0,0.0,0.0,0.0,0.0
618,2531328,646.5787655956209,655.9397638519793,6.2444758280034875,0.07862856700376142,4,0,0,4,0.0,0.0,1.0,0.0038702609715983273,1.8914486557245254,0.10943712424486876,0.8762889802455902,0.025606426784361248,0.3348113000392914,0.23184026777744293,0.43842852115631104,3.500000000000001,0,0.0,0.0,0.0,0.0,0.0,0.0,0.0,0.0,0.0,0.0,0.0
619,2535424,646.5205611637687,620.0963520214827,6.605425087000185,0.07953716500196606,10,0,0,10,0.0,0.0,1.0,0.03754710500361398,0.6174087837338448,0.06794934086501599,0.8719588682055474,0.1758025671886571,0.3344455659389496,0.23103229701519012,0.43878889083862305,3.500000000000001,0,0.0,0.0,0.0,0.0,0.0,0.0,0.0,0.0,0.0,0.0,0.0
620,2539520,645.9216307603002,576.574313051695,7.104027888999553,2.870484339000541,50,0,0,50,0.0,0.0,1.0,0.0,0.0,0.0,0.0,0.0,0.3344455659389496,0.23103229701519012,0.43878889083862305,3.200000000000001,1,0.9779995083808899,0.0051037622615695,4.6424126625061035,0.07794009149074554,0.20302702486515045,0.31234073638916016,0.1534959375858307,0.6386478543281555,0.9836232662200928,0.06640625,27.37156105041504
621,2543616,645.9658047323665,683.7614158732008,5.99039358599839,0.07837900400045328,0,0,0,0,0.0,0.0,0.0,0.04525406153406948,0.8933996707201004,0.07776423282921315,0.8706029698252677,0.15391900530667044,0.3352019786834717,0.2306053787469864,0.44146397709846497,3.200000000000001,0,0.0,0.0,0.0,0.0,0.0,0.0,0.0,0.0,0.0,0.0,0.0
622,2547712,645.9947137746879,673.3973927451316,6.082589632998861,0.07838127099967096,0,0,0,0,0.0,0.0,0.0,0.011248945188708604,0.8453514158725739,0.04471230898052454,0.8756152465939522,0.06274776095378912,0.3350258469581604,0.2316240519285202,0.43972668051719666,3.200000000000001,0,0.0,0.0,0.0,0.0,0.0,0.0,0.0,0.0,0.0,0.0,0.0
623,2551808,646.0143239852652,667.2816369637621,6.138337657001102,0.07933870499982731,1,0,0,1,0.0,0.0,1.0,0.018871247046627106,1.644988152384758,0.10740578826516867,0.8801536649465561,0.09178023003987619,0.3368745446205139,0.23180006444454193,0.4430118501186371,3.200000000000001,0,0.0,0.0,0.0,0.0,0.0,0.0,0.0,0.0,0.0,0.0,0.0
624,2555904,645.9929898344606,641.1439027042185,6.3885813820015755,0.07948920800117776,6,0,0,6,0.0,0.0,1.0,-0.0031300295144319535,1.1216737359762192,0.07123347874730826,0.8923087030649185,0.015481740386894672,0.33764955401420593,0.23017270863056183,0.4437011480331421,3.200000000000001,0,0.0,0.0,0.0,0.0,0.0,0.0,0.0,0.0,0.0,0.0,0.0
625,2560000,645.9369682633849,620.4764164774733,6.601379022999026,0.08002394100185484,10,0,0,10,0.0,0.0,1.0,0.015657260071020574,0.7350803270936013,0.06812771130353212,0.8953460916876793,0.07329711210913956,0.33835992217063904,0.22967933118343353,0.44460758566856384,3.200000000000001,0,0.0,0.0,0.0,0.0,0.0,0.0,0.0,0.0,0.0,0.0,0.0
626,2564096,645.922511064639,645.5527995691896,6.344949635000376,0.08067299200047273,47,0,0,47,0.0,0.0,1.0,-0.0016447355970740317,0.6229158878326416,0.10523862205445766,0.9015492305159569,0.019349103976855984,0.33871591091156006,0.23097577691078186,0.4442230761051178,3.200000000000001,0,0.0,0.0,0.0,0.0,0.0,0.0,0.0,0.0,0.0,0.0,0.0
627,2568192,645.9517139824427,673.8371961731972,6.0786196180051775,0.07982303700555349,0,0,0,0,0.0,0.0,0.0,0.0021082280902191995,0.5626736506819725,0.08251167181879282,0.9051331132650375,0.04089324386513908,0.3389275074005127,0.23168855905532837,0.44478243589401245,3.200000000000001,0,0.0,0.0,0.0,0.0,0.0,0.0,0.0,0.0,0.0,0.0,0.0
628,2572288,645.980852163913,673.1573005241271,6.084759085002588,0.07331454499944812,0,0,0,0,0.0,0.0,0.0,-0.006293723196722567,0.9569678843021393,0.07074928004294634,0.9019207686185837,0.01795180779736256,0.3375110626220703,0.23065415024757385,0.4423437714576721,3.200000000000001,0,0.0,0.0,0.0,0.0,0.0,0.0,0.0,0.0,0.0,0.0,0.0
629,2576384,646.0012867136332,667.9715424427371,6.131997757001955,0.07960538000043016,1,0,0,1,0.0,0.0,1.0,-0.001974709425121546,1.1504402935504914,0.08310983497649431,0.8909566342830658,0.017682708117354194,0.3369075059890747,0.22995582222938538,0.4399239122867584,3.200000000000001,0,0.0,0.0,0.0,0.0,0.0,0.0,0.0,0.0,0.0,0.0,0.0
630,2580480,645.9670745197209,633.1188493561135,6.469559394994576,0.07951524399686605,8,0,0,8,0.0,0.0,1.0,-0.00608500896487385,0.9646850451827049,0.0742155820131302,0.8899501353502274,0.011038896907120944,0.3370622992515564,0.23016080260276794,0.4390648305416107,3.200000000000001,0,0.0,0.0,0.0,0.0,0.0,0.0,0.0,0.0,0.0,0.0,0.0
631,2584576,645.892525300751,609.4171355883566,6.721176286002446,0.07855898400157457,13,0,0,13,0.0,0.0,1.0,0.0003243068349547684,0.9017986819148064,0.07061650985851883,0.8950964778661727,0.02791352189378813,0.3379964530467987,0.2315075695514679,0.4407598078250885,3.200000000000001,0,0.0,0.0,0.0,0.0,0.0,0.0,0.0,0.0,0.0,0.0,0.0
632,2588672,645.9021025258834,659.6349556770439,6.209495062001224,0.06928898499609204,42,0,0,42,0.0,0.0,1.0,0.00014524225844070315,0.6075299590826034,0.11145937815308571,0.9012617498636246,0.015861182224034563,0.338370144367218,0.2304210662841797,0.4434284269809723,3.200000000000001,0,0.0,0.0,0.0,0.0,0.0,0.0,0.0,0.0,0.0,0.0,0.0
633,2592768,645.9376858496743,678.4224414000183,6.0375361280021025,0.07954401599999983,0,0,0,0,0.0,0.0,0.0,-0.007326094072777778,0.5102811560034752,0.06291699418798088,0.8973300591111183,0.009272370243706973,0.3376501202583313,0.23011694848537445,0.444000244140625,3.200000000000001,0,0.0,0.0,0.0,0.0,0.0,0.0,0.0,0.0,0.0,0.0,0.0
634,2596864,645.9707645066931,676.8141067498997,6.051883315005398,0.0799839599931147,0,0,0,0,0.0,0.0,0.0,-0.006456356612034142,0.5962305143475533,0.05095394663512707,0.8891574949026108,0.012299077591887909,0.3365022540092468,0.2306000292301178,0.44263947010040283,3.200000000000001,0,0.0,0.0,0.0,0.0,0.0,0.0,0.0,0.0,0.0,0.0,0.0
635,2600960,645.9934338157065,669.5083340951592,6.117922348996217,0.07813652100594481,4,0,0,4,0.0,0.0,1.0,0.003254787647165358,0.6636397376656532,0.05219978783279657,0.8849509164690972,0.04845773558772635,0.3366651237010956,0.2312902957201004,0.44274255633354187,3.200000000000001,0,0.0,0.0,0.0,0.0,0.0,0.0,0.0,0.0,0.0,0.0,0.0
636,2605056,645.9560280427447,630.9342150016681,6.491960497005493,0.07919302599475486,8,0,0,8,0.0,0.0,1.0,-0.004848384135402739,1.3632062196731567,0.09695774987339974,0.8831862643361091,0.010031548005645163,0.33596107363700867,0.22950762510299683,0.4440758526325226,3.200000000000001,0,0.0,0.0,0.0,0.0,0.0,0.0,0.0,0.0,0.0,0.0,0.0
637,2609152,645.8601485796603,597.2915738926496,6.857622271993023,0.07974704100342933,52,0,0,52,0.0,0.0,1.0,0.009312585089355707,0.8760053083300591,0.08331954292953014,0.8765133708715439,0.07814600272467942,0.33638474345207214,0.22884228825569153,0.4474876821041107,3.200000000000001,0,0.0,0.0,0.0,0.0,0.0,0.0,0.0,0.0,0.0,0.0,0.0
638,2613248,645.9026595122829,683.1098580963079,5.996107289996871,0.07629318500403315,0,0,0,0,0.0,0.0,0.0,-0.003350153414066881,0.6310886725783348,0.10465999506413937,0.8752200365066528,0.019528256679041078,0.3354792594909668,0.22743014991283417,0.44523534178733826,3.200000000000001,0,0.0,0.0,0.0,0.0,0.0,0.0,0.0,0.0,0.0,0.0,0.0
639,2617344,645.931207191764,673.7034842080575,6.079826059998595,0.07956954200199107,0,0,0,0,0.0,0.0,0.0,-0.006503637786954642,0.5007405638694763,0.0700843321159482,0.8681100487709046,0.014293395639833761,0.33503827452659607,0.22807712852954865,0.44371676445007324,3.200000000000001,0,0.0,0.0,0.0,0.0,0.0,0.0,0.0,0.0,0.0,0.0,0.0
640,2621440,645.4761007904592,630.3825770780128,6.4976415099954465,2.7016736959994887,0,0,0,0,0.0,0.0,0.0,0.0,0.0,0.0,0.0,0.0,0.33503827452659607,0.22807712852954865,0.44371676445007324,2.9000000000000012,1,0.8146395683288574,0.005099939182400703,4.66354513168335,0.07131944596767426,0.22037896513938904,0.25284290313720703,0.09754407405853271,0.6210698485374451,0.43240246176719666,0.0703125,27.551164627075195
641,2625536,645.4718896575363,651.2550422492601,6.2893946830008645,0.07939900299970759,4,0,0,4,0.0,0.0,1.0,0.0004229041398502886,0.8880988314747811,0.08606433272361755,0.8670165300369262,0.05821194465679582,0.3348616063594818,0.22745037078857422,0.44218721985816956,2.9000000000000012,0,0.0,0.0,0.0,0.0,0.0,0.0,0.0,0.0,0.0,0.0,0.0
642,2629632,645.42120755057,622.0134343286257,6.585066774998268,0.07744146799814189,10,0,0,10,0.0,0.0,1.0,-0.004073669854551554,1.0818932622671127,0.09562999866902828,0.8726115524768829,0.015122537106799427,0.3364350497722626,0.22888056933879852,0.44367799162864685,2.9000000000000012,0,0.0,0.0,0.0,0.0,0.0,0.0,0.0,0.0,0.0,0.0,0.0
643,2633728,645.3608312119719,616.3754682131026,6.6453001639965805,0.07965054200030863,50,0,0,50,0.0,0.0,1.0,0.019126284995581954,1.0666857600212096,0.12075265608727932,0.8816424250602722,0.03600611839065095,0.3363890051841736,0.22847378253936768,0.444164514541626,2.9000000000000012,0,0.0,0.0,0.0,0.0,0.0,0.0,0.0,0.0,0.0,0.0,0.0
644,2637824,645.4011078761948,681.1872902218956,6.01303057000041,0.07564930199441733,0,0,0,0,0.0,0.0,0.0,-0.005407794413622468,0.39960904270410535,0.07095018904656172,0.8774741813540459,0.011567272007960127,0.336020290851593,0.22701476514339447,0.4445919096469879,2.9000000000000012,0,0.0,0.0,0.0,0.0,0.0,0.0,0.0,0.0,0.0,0.0,0.0
645,2641920,645.4338667604704,676.3573066471669,6.055970653003897,0.07945950000430457,0,0,0,0,0.0,0.0,0.0,-0.008967104711337015,0.37724497020244596,0.04567059529945254,0.8697184339165688,0.008956675271474524,0.33471760153770447,0.22601723670959473,0.44335922598838806,2.9000000000000012,0,0.0,0.0,0.0,0.0,0.0,0.0,0.0,0.0,0.0,0.0,0.0
646,2646016,645.479991812422,686.5424951805336,5.9661274120007874,0.08384722800110467,0,0,0,0,0.0,0.0,0.0,-0.005073858343530446,0.45441790521144865,0.05433790702372789,0.8561342656612396,0.016684110201458678,0.33344072103500366,0.22609253227710724,0.4411426782608032,2.9000000000000012,0,0.0,0.0,0.0,0.0,0.0,0.0,0.0,0.0,0.0,0.0,0.0
647,2650112,645.4783398425824,653.0125093613516,6.272467894996225,0.08058424999762792,4,0,0,4,0.0,0.0,1.0,-0.00583089686697349,1.276199173927307,0.09032045099884271,0.8468613803386689,0.014015350845875218,0.33179888129234314,0.22566285729408264,0.4374156594276428,2.9000000000000012,0,0.0,0.0,0.0,0.0,0.0,0.0,0.0,0.0,0.0,0.0,0.0
648,2654208,645.4184819935338,616.5524143818027,6.643393009995634,0.08029155300027924,10,0,0,10,0.0,0.0,1.0,-0.0011761736706830562,1.0804881200194358,0.10692101940512658,0.836043594777584,0.008054798011289676,0.33135586977005005,0.2245839238166809,0.4376801550388336,2.9000000000000012,0,0.0,0.0,0.0,0.0,0.0,0.0,0.0,0.0,0.0,0.0,0.0
649,2658304,645.3557147206508,614.6714196907401,6.663722874996893,0.07965230300033,50,0,0,50,0.0,0.0,1.0,-0.0013126158097293227,0.8506629854440689,0.10316024776548147,0.8318215385079384,0.014917343302658991,0.33066508173942566,0.2244417518377304,0.4355260729789734,2.9000000000000012,0,0.0,0.0,0.0,0.0,0.0,0.0,0.0,0.0,0.0,0.0,0.0
650,2662400,645.3917044655428,678.7736839658565,6.034411905995512,0.07922540800063871,0,0,0,0,0.0,0.0,0.0,-0.003389496402814984,0.5903485313057899,0.08127621822059154,0.829263624548912,0.03138321780279511,0.3306812047958374,0.22479447722434998,0.4353647530078888,2.9000000000000012,0,0.0,0.0,0.0,0.0,0.0,0.0,0.0,0.0,0.0,0.0,0.0
651,2666496,645.4217037273056,674.8234889400566,6.069735370998387,0.07945633799681673,0,0,0,0,0.0,0.0,0.0,-0.008558028121478855,0.7933208093047142,0.0698613815009594,0.8282335385680198,0.005222116914956132,0.33003294467926025,0.22490474581718445,0.4341316521167755,2.9000000000000012,0,0.0,0.0,0.0,0.0,0.0,0.0,0.0,0.0,0.0,0.0,0.0
652,2670592,645.4368124810303,664.3045165775605,6.16584698400402,0.0800213199981954,0,0,0,0,0.0,0.0,0.0,0.0015422746422700585,0.6390329301357269,0.0603848397731781,0.8253552258014679,0.060065501115605005,0.33089086413383484,0.22364941239356995,0.43674206733703613,2.9000000000000012,0,0.0,0.0,0.0,0.0,0.0,0.0,0.0,0.0,0.0,0.0,0.0
653,2674688,645.4605768715651,669.1884763185006,6.120846585006802,0.06942869100021198,4,0,0,4,0.0,0.0,1.0,-0.007615934300702065,1.307833841443062,0.09088405203074217,0.8254604056477547,0.014720601380395238,0.3294084072113037,0.22388345003128052,0.4335077106952667,2.9000000000000012,0,0.0,0.0,0.0,0.0,0.0,0.0,0.0,0.0,0.0,0.0,0.0
654,2678784,645.3904300242784,609.7745571692468,6.717236644006334,0.07645012899592984,10,0,0,10,0.0,0.0,1.0,0.009223150147590786,1.4218015164136886,0.10278140157461166,0.8179882273077965,0.059194844966259555,0.33023208379745483,0.2233797162771225,0.4364931285381317,2.9000000000000012,0,0.0,0.0,0.0,0.0,0.0,0.0,0.0,0.0,0.0,0.0,0.0
655,2682880,645.3421293456415,622.9120988452605,6.575566612998955,0.07880924000346567,50,0,0,50,0.0,0.0,1.0,-0.0017687464132905006,0.70334652364254,0.0964664552360773,0.8258517563343049,0.021812408507685177,0.33071374893188477,0.2233678698539734,0.4386047422885895,2.9000000000000012,0,0.0,0.0,0.0,0.0,0.0,0.0,0.0,0.0,0.0,0.0,0.0
656,2686976,645.381417366654,681.4083736479455,6.011079638003139,0.07927218300028471,0,0,0,0,0.0,0.0,0.0,-0.008370811922941358,0.6331219375133514,0.07769070547074079,0.8227695301175117,0.012403485699178419,0.3301711082458496,0.22227032482624054,0.4373242259025574,2.9000000000000012,0,0.0,0.0,0.0,0.0,0.0,0.0,0.0,0.0,0.0,0.0,0.0
657,2691072,645.4116503551292,674.862413632298,6.069385280999995,0.07858103400212713,0,0,0,0,0.0,0.0,0.0,-0.005272114858962595,0.6659016937017441,0.05870765624567866,0.8154058381915092,0.025028309720801188,0.32916152477264404,0.22117944061756134,0.4365050792694092,2.9000000000000012,0,0.0,0.0,0.0,0.0,0.0,0.0,0.0,0.0,0.0,0.0,0.0
658,2695168,645.4307011082756,666.9709071173453,6.141197399003431,0.07890977100032615,1,0,0,1,0.0,0.0,1.0,0.005539330805186182,0.7610990807414055,0.06836916012689472,0.8050052866339683,0.0384773037796549,0.3280056416988373,0.22003202140331268,0.4329102635383606,2.9000000000000012,0,0.0,0.0,0.0,0.0,0.0,0.0,0.0,0.0,0.0,0.0,0.0
659,2699264,645.4311647405335,653.990351773114,6.2630893390014535,0.07704779699997744,6,0,0,6,0.0,0.0,1.0,-0.005705161287914961,1.7093989223241806,0.10951102580875158,0.7970489874482155,0.012081401405885117,0.3276028037071228,0.21756382286548615,0.43304121494293213,2.9000000000000012,0,0.0,0.0,0.0,0.0,0.0,0.0,0.0,0.0,0.0,0.0,0.0
660,2703360,644.8961750045071,584.3211735233307,7.0098435339969,2.807545201998437,9,0,0,9,0.0,0.0,1.0,0.0,0.0,0.0,0.0,0.0,0.3276028037071228,0.21756382286548615,0.43304121494293213,2.6000000000000014,1,1.0647143125534058,0.0049672434106469154,4.493834972381592,0.07136425375938416,0.1774270236492157,0.4223939776420593,0.16835027933120728,0.5882090926170349,1.0256978273391724,0.0859375,27.097883224487305
661,2707456,644.8407351459938,617.9076902103156,6.628821852995316,0.08052888199745212,48,0,0,48,0.0,0.0,1.0,0.0007532345945946873,1.132753574848175,0.11487130243331194,0.7896148860454559,0.03059828920158907,0.32732081413269043,0.21644891798496246,0.4344981610774994,2.6000000000000014,0,0.0,0.0,0.0,0.0,0.0,0.0,0.0,0.0,0.0,0.0,0.0
662,2711552,644.8781594944761,679.624266677322,6.026859547004278,0.07809780500247143,0,0,0,0,0.0,0.0,0.0,-0.004125118011143058,0.3534774661064148,0.05255325641483068,0.7863589331507683,0.030856211086211262,0.3268604278564453,0.21654394268989563,0.4328443109989166,2.6000000000000014,0,0.0,0.0,0.0,0.0,0.0,0.0,0.0,0.0,0.0,0.0,0.0
663,2715648,644.9042113206681,672.5572689210857,6.0901876899952185,0.08824395799456397,0,0,0,0,0.0,0.0,0.0,-0.007791703031398356,0.5842396095395088,0.04927893215790391,0.7786359384655952,0.011835881251317914,0.32547780871391296,0.21598570048809052,0.4312620162963867,2.6000000000000014,0,0.0,0.0,0.0,0.0,0.0,0.0,0.0,0.0,0.0,0.0,0.0
664,2719744,644.9442439681267,680.9255012335472,6.015342343001976,0.07089333800104214,1,0,0,1,0.0,0.0,1.0,0.02073379922658205,0.5383891820907593,0.04253151072189212,0.7768241390585899,0.17473978467824053,0.32753464579582214,0.2164161056280136,0.43535420298576355,2.6000000000000014,0,0.0,0.0,0.0,0.0,0.0,0.0,0.0,0.0,0.0,0.0,0.0
665,2723840,644.9264288945847,641.4411764047165,6.38562061599805,0.07862055900477571,7,0,0,7,0.0,0.0,1.0,-0.001342149788979441,2.366411405801773,0.11922466810792684,0.7934598356485367,0.022111873185349396,0.3282107710838318,0.21680082380771637,0.4377036988735199,2.6000000000000014,0,0.0,0.0,0.0,0.0,0.0,0.0,0.0,0.0,0.0,0.0,0.0
666,2727936,644.8582155567333,610.0520326986818,6.714181382005336,0.08105209499626653,12,0,0,12,0.0,0.0,1.0,0.01418816689401865,0.5264468610286712,0.0691639505326748,0.7954864919185638,0.0827623831879464,0.3289281725883484,0.21701829135417938,0.4391433596611023,2.6000000000000014,0,0.0,0.0,0.0,0.0,0.0,0.0,0.0,0.0,0.0,0.0,0.0
667,2732032,644.8420280019168,642.416565344551,6.375925250002183,0.07922961100121029,44,0,0,44,0.0,0.0,1.0,0.00018599212635308504,0.7095947355031967,0.12419538199901581,0.8014199569821358,0.011524429006385617,0.32924479246139526,0.2167358696460724,0.4395889937877655,2.6000000000000014,0,0.0,0.0,0.0,0.0,0.0,0.0,0.0,0.0,0.0,0.0,0.0
668,2736128,644.891972741936,689.4512848883454,5.94095636599377,0.07884196299710311,0,0,0,0,0.0,0.0,0.0,-0.0028003437793813644,0.5974617257714272,0.07026697751134633,0.800734356045723,0.011180122064251919,0.3293644189834595,0.2157510221004486,0.4414746165275574,2.6000000000000014,0,0.0,0.0,0.0,0.0,0.0,0.0,0.0,0.0,0.0,0.0,0.0
669,2740224,644.9283704484782,679.4586363487925,6.0283287029960775,0.07983372099988628,0,0,0,0,0.0,0.0,0.0,-0.003933952422812581,0.5892880499362946,0.060708291735500096,0.8015139415860176,0.0209022949791688,0.3296416401863098,0.21678219735622406,0.4409959316253662,2.6000000000000014,0,0.0,0.0,0.0,0.0,0.0,0.0,0.0,0.0,0.0,0.0,0.0
670,2744320,644.9455618757211,665.4486251272592,6.155246018002799,0.07914190599694848,2,0,0,2,0.0,0.0,1.0,-0.0019552024255972355,1.1223597019910811,0.07492331732064486,0.8005293577909469,0.024405105147889117,0.32860422134399414,0.21593287587165833,0.4395471513271332,2.6000000000000014,0,0.0,0.0,0.0,0.0,0.0,0.0,0.0,0.0,0.0,0.0,0.0
671,2748416,644.9089048917948,629.343787750244,6.508366459995159,0.08106294400204206,8,0,0,8,0.0,0.0,1.0,-0.0040492727071978155,1.390886864066124,0.11419615335762501,0.7944114178419113,0.01721936254762113,0.32882925868034363,0.21599087119102478,0.4393010437488556,2.6000000000000014,0,0.0,0.0,0.0,0.0,0.0,0.0,0.0,0.0,0.0,0.0,0.0
672,2752512,644.8288112318371,602.4842156649844,6.798518356998102,0.07975636199989822,15,0,0,15,0.0,0.0,1.0,-0.005860483075957745,0.842278990149498,0.08746185433119535,0.794682788848877,0.015178113614820177,0.32796356081962585,0.2163984775543213,0.437367707490921,2.6000000000000014,0,0.0,0.0,0.0,0.0,0.0,0.0,0.0,0.0,0.0,0.0,0.0
673,2756608,644.8501089579873,668.7796139207009,6.124588601000141,0.08285527700354578,39,0,0,39,0.0,0.0,1.0,0.007186555489897728,0.7735324829816819,0.10571325141936541,0.7941866248846055,0.04466693314680015,0.3290576636791229,0.21719279885292053,0.43846139311790466,2.6000000000000014,0,0.0,0.0,0.0,0.0,0.0,0.0,0.0,0.0,0.0,0.0,0.0
674,2760704,644.8996155137314,689.5289350505583,5.940287335004541,0.07955950900213793,0,0,0,0,0.0,0.0,0.0,-0.007866888109128922,0.7023696795105934,0.06132056275382638,0.7998108416795731,0.01347764929087134,0.32881826162338257,0.21603894233703613,0.4400443434715271,2.6000000000000014,0,0.0,0.0,0.0,0.0,0.0,0.0,0.0,0.0,0.0,0.0,0.0
675,2764800,644.9246246140636,671.0929703447423,6.103476240998134,0.07849805599835236,0,0,0,0,0.0,0.0,0.0,0.0007186626084148884,0.6148465037345886,0.050415442883968355,0.7933385699987412,0.04190487516025314,0.328709214925766,0.21440844237804413,0.4413217008113861,2.6000000000000014,0,0.0,0.0,0.0,0.0,0.0,0.0,0.0,0.0,0.0,0.0,0.0
676,2768896,644.9288696510276,656.2565598616471,6.241461420002452,0.07810599100048421,4,0,0,4,0.0,0.0,1.0,-0.00310950658749789,1.1458155423402787,0.0735421160236001,0.7883232980966568,0.01870554485503817,0.3273070752620697,0.2146630883216858,0.4370228350162506,2.6000000000000014,0,0.0,0.0,0.0,0.0,0.0,0.0,0.0,0.0,0.0,0.0,0.0
677,2772992,644.9007566573438,634.481003473677,6.455670032002672,0.07951020100153983,9,0,0,9,0.0,0.0,1.0,-0.0003039573552086949,1.5837073802947998,0.10314146056771278,0.7862055659294128,0.025323922016832513,0.32861459255218506,0.21565066277980804,0.4380505383014679,2.6000000000000014,0,0.0,0.0,0.0,0.0,0.0,0.0,0.0,0.0,0.0,0.0,0.0
678,2777088,644.8256504909981,604.9836483356783,6.770430922006199,0.07939692600484705,51,0,0,51,0.0,0.0,1.0,-0.00504833715967834,0.7034763664007186,0.08860413674265147,0.7953671842813492,0.01781442492865608,0.3284183442592621,0.21498073637485504,0.43933162093162537,2.6000000000000014,0,0.0,0.0,0.0,0.0,0.0,0.0,0.0,0.0,0.0,0.0,0.0
679,2781184,644.8624674626941,680.1010308679981,6.022634599998128,0.07999818000098458,0,0,0,0,0.0,0.0,0.0,-0.005768865847494453,0.6992661222815514,0.10705717373639345,0.7893041297793388,0.012516572780441493,0.3282824456691742,0.21465085446834564,0.44018620252609253,2.6000000000000014,0,0.0,0.0,0.0,0.0,0.0,0.0,0.0,0.0,0.0,0.0,0.0
680,2785280,644.4585039649539,643.5553426072601,6.364642989996355,2.69105260699871,0,0,0,0,0.0,0.0,0.0,0.0,0.0,0.0,0.0,0.0,0.3282824456691742,0.21465085446834564,0.44018620252609253,2.3000000000000016,1,0.7914431095123291,0.004465380683541298,4.641901969909668,0.06419436633586884,0.26438724994659424,0.24431079626083374,0.056906890124082565,0.5817269086837769,0.4083305895328522,0.06640625,27.20146369934082
681,2789376,644.4862268014772,672.9020966409446,6.087066781998146,0.07950749900192022,0,0,0,0,0.0,0.0,0.0,-0.008895484753884375,0.6459025427699089,0.0629166815429926,0.7822426170110702,0.009423381193482783,0.3263506293296814,0.2142566442489624,0.4367033839225769,2.3000000000000016,0,0.0,0.0,0.0,0.0,0.0,0.0,0.0,0.0,0.0,0.0,0.0
682,2793472,644.4872994150363,653.7177501409641,6.265701060001447,0.0795852359951823,4,0,0,4,0.0,0.0,1.0,-0.008590182743500919,0.8686609208583832,0.07700135912746191,0.7690315008163452,0.009641576626745519,0.32491904497146606,0.21569791436195374,0.4319336414337158,2.3000000000000016,0,0.0,0.0,0.0,0.0,0.0,0.0,0.0,0.0,0.0,0.0,0.0
683,2797568,644.4247470076078,611.7795980344748,6.6952216339996085,0.07866629600175656,10,0,0,10,0.0,0.0,1.0,-0.010391822387464344,1.1813690066337585,0.08660402335226536,0.7592813462018967,0.009696767538844141,0.32308340072631836,0.2151975929737091,0.42767608165740967,2.3000000000000016,0,0.0,0.0,0.0,0.0,0.0,0.0,0.0,0.0,0.0,0.0,0.0
684,2801664,644.3561660937416,608.8527828150183,6.7274062229989795,0.08830129399575526,50,0,0,50,0.0,0.0,1.0,-0.0009447394870221615,0.8418150827288627,0.1185373194515705,0.7537245154380798,0.015908255028625716,0.3240966796875,0.2152048945426941,0.42824116349220276,2.3000000000000016,0,0.0,0.0,0.0,0.0,0.0,0.0,0.0,0.0,0.0,0.0,0.0
685,2805760,644.3897852198869,677.5269942028668,6.045515580997744,0.08080786500067916,0,0,0,0,0.0,0.0,0.0,-0.006550799519754946,0.400464354455471,0.06406195554882288,0.7638046041131019,0.016892226839263457,0.3248324394226074,0.21456654369831085,0.43023714423179626,2.3000000000000016,0,0.0,0.0,0.0,0.0,0.0,0.0,0.0,0.0,0.0,0.0,0.0
686,2809856,644.4298621669748,681.5131549921041,6.010155446005228,0.07150355400517583,0,0,0,0,0.0,0.0,0.0,-0.008469484013039619,0.4498437955975533,0.053000321704894306,0.7611912474036217,0.01105999793362571,0.3239384889602661,0.21400530636310577,0.42917826771736145,2.3000000000000016,0,0.0,0.0,0.0,0.0,0.0,0.0,0.0,0.0,0.0,0.0,0.0
687,2813952,644.4598679332594,675.4636934079323,6.063982476000092,0.08571250399836572,0,0,0,0,0.0,0.0,0.0,-0.006091547489631921,0.6359842717647552,0.061029762495309114,0.7501275539398193,0.03806814806666807,0.32239168882369995,0.21349366009235382,0.42662832140922546,2.3000000000000016,0,0.0,0.0,0.0,0.0,0.0,0.0,0.0,0.0,0.0,0.0,0.0
688,2818048,644.465161856797,656.6914623238054,6.237327930997708,0.07917471999826375,4,0,0,4,0.0,0.0,1.0,-0.004358346678782254,1.2127079665660858,0.09499439224600792,0.7423990130424499,0.015254164986981778,0.32211795449256897,0.21465979516506195,0.425692081451416,2.3000000000000016,0,0.0,0.0,0.0,0.0,0.0,0.0,0.0,0.0,0.0,0.0,0.0
689,2822144,644.4272788146687,627.1465843065081,6.531168474000879,0.07869098799710628,10,0,0,10,0.0,0.0,1.0,-0.007179810083471239,1.288761353492737,0.10649849846959114,0.7404352933168411,0.013629191473592072,0.32123297452926636,0.21463118493556976,0.42469507455825806,2.3000000000000016,0,0.0,0.0,0.0,0.0,0.0,0.0,0.0,0.0,0.0,0.0,0.0
690,2826240,644.3593646384574,608.4607771165627,6.731740408002224,0.083504489994084,50,0,0,50,0.0,0.0,1.0,0.0013092695560771972,0.8176146268844604,0.11652168668806553,0.7377546831965447,0.02949169331477606,0.32193899154663086,0.21561701595783234,0.42621007561683655,2.3000000000000016,0,0.0,0.0,0.0,0.0,0.0,0.0,0.0,0.0,0.0,0.0,0.0
691,2830336,644.4075203267665,688.827111575888,5.946339699999953,0.0788145800033817,0,0,0,0,0.0,0.0,0.0,-0.004907688987441361,0.49820599257946013,0.07165397014468908,0.7456817537546158,0.026930159463518066,0.32240593433380127,0.21543747186660767,0.42570748925209045,2.3000000000000016,0,0.0,0.0,0.0,0.0,0.0,0.0,0.0,0.0,0.0,0.0,0.0
692,2834432,644.4356066075732,673.3787992397806,6.082757586998923,0.07828460900054779,0,0,0,0,0.0,0.0,0.0,-0.007500149996485561,0.5940727904438973,0.06378330420702696,0.741194075345993,0.008005011559725972,0.32056352496147156,0.21471258997917175,0.42335227131843567,2.3000000000000016,0,0.0,0.0,0.0,0.0,0.0,0.0,0.0,0.0,0.0,0.0,0.0
693,2838528,644.4626955756817,672.6770303487899,6.089103411002725,0.07870559799630428,0,0,0,0,0.0,0.0,0.0,-0.004799812671262771,0.7210398450493812,0.06586722070351243,0.7333460867404937,0.03146524762851186,0.3220384120941162,0.2150820791721344,0.42532864212989807,2.3000000000000016,0,0.0,0.0,0.0,0.0,0.0,0.0,0.0,0.0,0.0,0.0,0.0
694,2842624,644.4607829497015,651.6007695151233,6.286057646997506,0.07956159899913473,5,0,0,5,0.0,0.0,1.0,-0.003436080156825483,0.9467728704214096,0.08320545870810747,0.7483695447444916,0.03938219100309652,0.3227730393409729,0.2159567028284073,0.4258797764778137,2.3000000000000016,0,0.0,0.0,0.0,0.0,0.0,0.0,0.0,0.0,0.0,0.0,0.0
695,2846720,644.4221911588903,626.2105625950019,6.540930870003649,0.07625882599677425,9,0,0,9,0.0,0.0,1.0,-0.008110531605780125,1.4669895619153976,0.09792974572628736,0.7472484171390533,0.010339556650433224,0.32178592681884766,0.2148420661687851,0.42503267526626587,2.3000000000000016,0,0.0,0.0,0.0,0.0,0.0,0.0,0.0,0.0,0.0,0.0,0.0
696,2850816,644.3575345385156,609.643325833691,6.718682591003017,0.07815090900112409,50,0,0,50,0.0,0.0,1.0,-9.391177445650101e-06,1.1210065215826035,0.12148444633930922,0.7351045355200767,0.016277559199079406,0.3205566704273224,0.21418681740760803,0.424075186252594,2.3000000000000016,0,0.0,0.0,0.0,0.0,0.0,0.0,0.0,0.0,0.0,0.0,0.0
697,2854912,644.3962538834103,681.6352760372939,6.009078672999749,0.07844881500204792,0,0,0,0,0.0,0.0,0.0,-0.010471338150091469,0.3891692370176315,0.06271302793174982,0.7206592813134194,0.02149182245193515,0.31852099299430847,0.2135310173034668,0.42179158329963684,2.3000000000000016,0,0.0,0.0,0.0,0.0,0.0,0.0,0.0,0.0,0.0,0.0,0.0
698,2859008,644.4231451272684,672.6478057395012,6.0893679650034755,0.0787993740013917,0,0,0,0,0.0,0.0,0.0,-0.011191597598372027,0.45103670060634615,0.04935041787102819,0.7034250691533088,0.010901667095458834,0.31650981307029724,0.21354511380195618,0.4185432195663452,2.3000000000000016,0,0.0,0.0,0.0,0.0,0.0,0.0,0.0,0.0,0.0,0.0,0.0
699,2863104,644.4441652380359,668.2294219916746,6.129631329000404,0.07827541799633764,1,0,0,1,0.0,0.0,1.0,-0.004534285957925021,0.8022461578249931,0.0633267748169601,0.6910051316022873,0.03811187965038698,0.3159094452857971,0.21383190155029297,0.4181637465953827,2.3000000000000016,0,0.0,0.0,0.0,0.0,0.0,0.0,0.0,0.0,0.0,0.0,0.0
700,2867200,643.9987514949592,613.4124304622264,6.6773997339987545,2.752642688996275,6,0,0,6,0.0,0.0,1.0,0.0,0.0,0.0,0.0,0.0,0.3159094452857971,0.21383190155029297,0.4181637465953827,2.0000000000000018,1,1.1908468008041382,0.005453344900161028,4.442862510681152,0.07546783983707428,0.15214437246322632,0.5931476950645447,0.15714259445667267,0.5554960370063782,0.9639178514480591,0.08203125,26.79628562927246
701,2871296,643.9511667934304,619.0767620345241,6.616303907998372,0.06852976200025296,12,0,0,12,0.0,0.0,1.0,-0.009279310412239283,0.7455231651663781,0.08144340720027685,0.6913785770535469,0.023190290718048345,0.3166824281215668,0.214154452085495,0.42039307951927185,2.0000000000000018,0,0.0,0.0,0.0,0.0,0.0,0.0,0.0,0.0,0.0,0.0,0.0
702,2875392,643.9366776987237,642.0873397609217,6.379194459004793,0.0788596670026891,45,0,0,45,0.0,0.0,1.0,-0.003795465885195881,0.8120929002761841,0.12834178917109967,0.6942371085286141,0.013491202662407886,0.31647318601608276,0.2127312570810318,0.4222172796726227,2.0000000000000018,0,0.0,0.0,0.0,0.0,0.0,0.0,0.0,0.0,0.0,0.0,0.0
703,2879488,643.9677474565999,675.9068142472448,6.060006961997715,0.08194038800138514,0,0,0,0,0.0,0.0,0.0,-0.011322555941296742,0.4684011168777943,0.06669232323765754,0.6869389519095421,0.024394201260292903,0.3158907890319824,0.211944580078125,0.4214160144329071,2.0000000000000018,0,0.0,0.0,0.0,0.0,0.0,0.0,0.0,0.0,0.0,0.0,0.0
704,2883584,644.0040231295168,679.6257288036165,6.026846581000427,0.07842984799935948,0,0,0,0,0.0,0.0,0.0,-0.009700968628749251,0.628259864449501,0.0682431573048234,0.679401583969593,0.0080391461335239,0.3150019645690918,0.210739865899086,0.4201301336288452,2.0000000000000018,0,0.0,0.0,0.0,0.0,0.0,0.0,0.0,0.0,0.0,0.0,0.0
705,2887680,644.0132574031242,659.2811874146673,6.212827057999675,0.07910079800058156,2,0,0,2,0.0,0.0,1.0,-0.007277104747481644,0.8091002434492112,0.07952372971922159,0.6672522768378257,0.031238176840270172,0.31322798132896423,0.20921698212623596,0.41765087842941284,2.0000000000000018,0,0.0,0.0,0.0,0.0,0.0,0.0,0.0,0.0,0.0,0.0,0.0
706,2891776,643.9909753323453,638.3867593531564,6.416173174002324,0.09611275200586533,7,0,0,7,0.0,0.0,1.0,-0.008123502938542516,0.9129864424467087,0.08662851396948099,0.6507102161645889,0.014303395603928949,0.31188881397247314,0.20846261084079742,0.41515666246414185,2.0000000000000018,0,0.0,0.0,0.0,0.0,0.0,0.0,0.0,0.0,0.0,0.0,0.0
707,2895872,643.9209861690719,605.1950541849313,6.7680658850003965,0.07759892500325805,14,0,0,14,0.0,0.0,1.0,-0.007140131678897888,1.087020179629326,0.10100390836596489,0.6442094951868057,0.011880767357797594,0.3117469251155853,0.20873400568962097,0.41448143124580383,2.0000000000000018,0,0.0,0.0,0.0,0.0,0.0,0.0,0.0,0.0,0.0,0.0,0.0
708,2899968,643.9419909064479,668.1363893579639,6.130484831002832,0.08045195099839475,41,0,0,41,0.0,0.0,1.0,-0.0049329352914355695,0.9666925117373466,0.12795035354793072,0.6497878938913345,0.017621221875742776,0.313310831785202,0.20889459550380707,0.41774702072143555,2.0000000000000018,0,0.0,0.0,0.0,0.0,0.0,0.0,0.0,0.0,0.0,0.0,0.0
709,2904064,643.9790909047015,679.2277868708396,6.030377554001461,0.06751025199628202,0,0,0,0,0.0,0.0,0.0,-0.00709924129769206,0.5086597263813019,0.05695506976917386,0.6561191350221633,0.01340267534906161,0.31251466274261475,0.2079840451478958,0.41641736030578613,2.0000000000000018,0,0.0,0.0,0.0,0.0,0.0,0.0,0.0,0.0,0.0,0.0,0.0
710,2908160,644.0131145040787,678.2035192888015,6.039485026994953,0.07922028800385306,0,0,0,0,0.0,0.0,0.0,-0.009313652431592346,0.5958773523569107,0.0652257383801043,0.6463234454393387,0.009199384997191373,0.31173083186149597,0.2086285650730133,0.4140435755252838,2.0000000000000018,0,0.0,0.0,0.0,0.0,0.0,0.0,0.0,0.0,0.0,0.0,0.0
711,2912256,644.0367388414543,671.1906096860006,6.102588357003697,0.08826897599647054,4,0,0,4,0.0,0.0,1.0,-0.006746018817648291,0.9865269795060158,0.0873106736689806,0.6417402565479279,0.021631197389069712,0.3111179769039154,0.2067510187625885,0.4127506613731384,2.0000000000000018,0,0.0,0.0,0.0,0.0,0.0,0.0,0.0,0.0,0.0,0.0,0.0
712,2916352,643.9893716071867,619.5788049549087,6.610942736006109,0.07868796899856534,8,0,0,8,0.0,0.0,1.0,-0.006077181221917272,0.8290807485580445,0.10040165185928344,0.6363870710134506,0.02070864034612896,0.3110749423503876,0.2072056233882904,0.41158851981163025,2.0000000000000018,0,0.0,0.0,0.0,0.0,0.0,0.0,0.0,0.0,0.0,0.0,0.0
713,2920448,643.9137023840759,601.4928557506885,6.809723441998358,0.08023105999745894,52,0,0,52,0.0,0.0,1.0,-0.010073447553440928,1.0144413813948632,0.11154562309384346,0.6309595108032227,0.007859341531730023,0.3087465167045593,0.2072872817516327,0.4064188003540039,2.0000000000000018,0,0.0,0.0,0.0,0.0,0.0,0.0,0.0,0.0,0.0,0.0,0.0
714,2924544,643.9419334918201,673.6774442783983,6.080061066000781,0.07890714099630713,0,0,0,0,0.0,0.0,0.0,-0.002412701450521126,0.8324798166751861,0.1102906895801425,0.6200129464268684,0.03186879113054601,0.30930882692337036,0.207187220454216,0.40659430623054504,2.0000000000000018,0,0.0,0.0,0.0,0.0,0.0,0.0,0.0,0.0,0.0,0.0,0.0
715,2928640,643.9737252911676,678.1696101621029,6.039787007000996,0.09349276599823497,0,0,0,0,0.0,0.0,0.0,-0.006780520832398907,0.39293564334511755,0.05377825675532222,0.6261229604482651,0.019163407661835663,0.3092452585697174,0.2075006365776062,0.40547171235084534,2.0000000000000018,0,0.0,0.0,0.0,0.0,0.0,0.0,0.0,0.0,0.0,0.0,0.0
716,2932736,644.0137370723176,683.2773017980088,5.994637885996781,0.07830917699902784,0,0,0,0,0.0,0.0,0.0,-0.009887450258247554,0.5309667505323887,0.05261888597160578,0.6240344852209091,0.010563591377285774,0.3089134991168976,0.2075221985578537,0.4047216773033142,2.0000000000000018,0,0.0,0.0,0.0,0.0,0.0,0.0,0.0,0.0,0.0,0.0,0.0
717,2936832,644.0192873252287,656.7290101491928,6.236971318001451,0.08054731800075388,4,0,0,4,0.0,0.0,1.0,-0.006618988991249353,0.68947624117136,0.07735201176255942,0.6209942996501923,0.028413407660264057,0.3082829713821411,0.20770882070064545,0.40347522497177124,2.0000000000000018,0,0.0,0.0,0.0,0.0,0.0,0.0,0.0,0.0,0.0,0.0,0.0
718,2940928,643.9833194063781,627.0754206191517,6.531909664001432,0.07981696399656357,10,0,0,10,0.0,0.0,1.0,-0.009191785054281355,1.0526741281151772,0.08983566146343946,0.612801605463028,0.00803219777153572,0.30698463320732117,0.20714916288852692,0.40030035376548767,2.0000000000000018,0,0.0,0.0,0.0,0.0,0.0,0.0,0.0,0.0,0.0,0.0,0.0
719,2945024,643.9389190321574,621.3427683684731,6.592174575001991,0.07951699000113877,50,0,0,50,0.0,0.0,1.0,-0.004069973283912986,1.0529498532414436,0.11662373878061771,0.606540846824646,0.017623460377944867,0.3070261478424072,0.20724783837795258,0.40058276057243347,2.0000000000000018,0,0.0,0.0,0.0,0.0,0.0,0.0,0.0,0.0,0.0,0.0,0.0
720,2949120,643.547596029488,636.0603048850267,6.439640971999324,2.701705444000254,0,0,0,0,0.0,0.0,0.0,0.0,0.0,0.0,0.0,0.0,0.3070261478424072,0.20724783837795258,0.40058276057243347,1.7000000000000017,1,0.9414123892784119,0.003691041609272361,4.4868998527526855,0.060500986874103546,0.2971000671386719,0.3576054573059082,0.0744183212518692,0.5400950312614441,0.40077531337738037,0.0859375,24.28187370300293
721,2953216,643.5832156302054,679.4425588502927,6.028471350000473,0.07914077599707525,0,0,0,0,0.0,0.0,0.0,-0.01082026179647073,0.4046855360269547,0.05757451467216015,0.6050994992256165,0.022671495129179674,0.30645519495010376,0.2075841724872589,0.40058034658432007,1.7000000000000017,0,0.0,0.0,0.0,0.0,0.0,0.0,0.0,0.0,0.0,0.0,0.0
722,2957312,643.6180678819343,678.6210491853642,6.0357691600002,0.07659694999892963,0,0,0,0,0.0,0.0,0.0,-0.009961027256213128,0.6098941043019295,0.055690427869558336,0.6018209308385849,0.006810659114853479,0.30611857771873474,0.20787236094474792,0.3993430733680725,1.7000000000000017,0,0.0,0.0,0.0,0.0,0.0,0.0,0.0,0.0,0.0,0.0,0.0
723,2961408,643.6353708686772,665.0727111258442,6.1587251009987085,0.07804050899721915,4,0,0,4,0.0,0.0,1.0,-0.008509749826043845,0.5874777138233185,0.08751653302460909,0.596522967517376,0.01300368739393889,0.3050689399242401,0.20724278688430786,0.39863890409469604,1.7000000000000017,0,0.0,0.0,0.0,0.0,0.0,0.0,0.0,0.0,0.0,0.0,0.0
724,2965504,643.5983781250673,625.7252108979578,6.546004426003492,0.07945634200586937,10,0,0,10,0.0,0.0,1.0,-0.009252687101252377,0.7282530352473259,0.10019802004098892,0.5847679987549782,0.01959637647669297,0.30391210317611694,0.20722468197345734,0.39700308442115784,1.7000000000000017,0,0.0,0.0,0.0,0.0,0.0,0.0,0.0,0.0,0.0,0.0,0.0
725,2969600,643.546888427279,615.770528192287,6.651828583002498,0.07819556899630697,50,0,0,50,0.0,0.0,1.0,-0.003177851438522339,0.9509959518909454,0.13399761579930783,0.5780425578355789,0.010744406371668448,0.3034949004650116,0.20673508942127228,0.39607521891593933,1.7000000000000017,0,0.0,0.0,0.0,0.0,0.0,0.0,0.0,0.0,0.0,0.0,0.0
726,2973696,643.5789985750403,676.7410880882311,6.052536297996994,0.07823332499538083,0,0,0,0,0.0,0.0,0.0,-0.008969020238146186,0.5033310621976852,0.06920240931212902,0.5707121387124061,0.02101450914487941,0.30248647928237915,0.20620538294315338,0.3957744240760803,1.7000000000000017,0,0.0,0.0,0.0,0.0,0.0,0.0,0.0,0.0,0.0,0.0,0.0
727,2977792,643.6218581827537,685.6422953781848,5.9739605149952695,0.07889702000102261,0,0,0,0,0.0,0.0,0.0,-0.010915365535765886,0.31793244928121567,0.042858739383518696,0.5617591217160225,0.007009850317263045,0.3016554117202759,0.20596769452095032,0.3946954011917114,1.7000000000000017,0,0.0,0.0,0.0,0.0,0.0,0.0,0.0,0.0,0.0,0.0,0.0
728,2981888,643.6580351874331,680.4436781502916,6.019601815001806,0.0804480689985212,0,0,0,0,0.0,0.0,0.0,-0.009442673937883228,0.5576239697635174,0.06430222913622856,0.5541917756199837,0.016541490498639178,0.30088895559310913,0.20652170479297638,0.392591655254364,1.7000000000000017,0,0.0,0.0,0.0,0.0,0.0,0.0,0.0,0.0,0.0,0.0,0.0
729,2985984,643.6657887298632,658.2833280905489,6.222244777003652,0.08240102499985369,4,0,0,4,0.0,0.0,1.0,-0.0065006671124137935,0.8035541221499443,0.08798848632723093,0.5509209468960762,0.04380213349868427,0.30042368173599243,0.20655205845832825,0.3915773630142212,1.7000000000000017,0,0.0,0.0,0.0,0.0,0.0,0.0,0.0,0.0,0.0,0.0,0.0
730,2990080,643.6157948864881,616.3936434444818,6.6451042179978685,0.07604406400059815,10,0,0,10,0.0,0.0,1.0,-0.004705783433746546,1.0392005667090416,0.1052131375297904,0.544117096066475,0.01487645687375334,0.29925537109375,0.20612415671348572,0.38984429836273193,1.7000000000000017,0,0.0,0.0,0.0,0.0,0.0,0.0,0.0,0.0,0.0,0.0,0.0
731,2994176,643.5484551785854,605.2450548273079,6.767506759999378,0.0801733289990807,50,0,0,50,0.0,0.0,1.0,-0.0027280289796181023,0.9385950073599816,0.13727927543222904,0.5343834087252617,0.016268811415648086,0.29858964681625366,0.2062968760728836,0.38966789841651917,1.7000000000000017,0,0.0,0.0,0.0,0.0,0.0,0.0,0.0,0.0,0.0,0.0,0.0
732,2998272,643.6004506353041,693.4803692396588,5.906439723003132,0.07870710700080963,0,0,0,0,0.0,0.0,0.0,-0.013113379688002169,0.42293755188584325,0.06289617521688343,0.5311528250575066,0.02871897098448244,0.2990439832210541,0.20626583695411682,0.3920704424381256,1.7000000000000017,0,0.0,0.0,0.0,0.0,0.0,0.0,0.0,0.0,0.0,0.0,0.0
733,3002368,643.6292557032272,674.3358762949807,6.074124400001892,0.07773170599830337,0,0,0,0,0.0,0.0,0.0,-0.01132437859196216,0.3748936548829079,0.05264261960983276,0.5285484492778778,0.008701078920421424,0.29736387729644775,0.2049596607685089,0.389700710773468,1.7000000000000017,0,0.0,0.0,0.0,0.0,0.0,0.0,0.0,0.0,0.0,0.0,0.0
734,3006464,643.653052890857,670.6187730683861,6.107792034003069,0.07929144599620486,1,0,0,1,0.0,0.0,1.0,-0.008646948239766061,0.8513870537281036,0.07672216016799212,0.5121969506144524,0.023331572095048613,0.2968098521232605,0.20452509820461273,0.38972949981689453,1.7000000000000017,0,0.0,0.0,0.0,0.0,0.0,0.0,0.0,0.0,0.0,0.0,0.0
735,3010560,643.6490445998861,648.964078968391,6.311597410000104,0.07812485400063451,6,0,0,6,0.0,0.0,1.0,-0.009121613774914295,0.6168068289756775,0.08987780455499887,0.5096564546227456,0.040259338609030235,0.2966439425945282,0.20397590100765228,0.3894284665584564,1.7000000000000017,0,0.0,0.0,0.0,0.0,0.0,0.0,0.0,0.0,0.0,0.0,0.0
736,3014656,643.6139413975003,626.632039797971,6.536531393001496,0.0793729529978009,9,0,0,9,0.0,0.0,1.0,-0.005621736799366772,0.920940212905407,0.10768745746463537,0.5025375947356224,0.014492781512672082,0.2951365113258362,0.20314912497997284,0.3861118257045746,1.7000000000000017,0,0.0,0.0,0.0,0.0,0.0,0.0,0.0,0.0,0.0,0.0,0.0
737,3018752,643.5854399133038,631.2720900801017,6.48848581200582,0.08020674200088251,48,0,0,48,0.0,0.0,1.0,-0.005368451599497348,0.8453589782118798,0.13321609646081925,0.49212064892053603,0.017524227183457697,0.294856995344162,0.2035592645406723,0.3855708837509155,1.7000000000000017,0,0.0,0.0,0.0,0.0,0.0,0.0,0.0,0.0,0.0,0.0,0.0
738,3022848,643.618621133847,677.9968254465692,6.041326221995405,0.07762152199575212,0,0,0,0,0.0,0.0,0.0,-0.007912148511968553,0.39450363740324973,0.0724680369719863,0.4897936537861824,0.021964726424630498,0.29373031854629517,0.20441900193691254,0.3837970793247223,1.7000000000000017,0,0.0,0.0,0.0,0.0,0.0,0.0,0.0,0.0,0.0,0.0,0.0
739,3026944,643.6484191506872,675.3784621594071,6.064747737000289,0.078459431999363,0,0,0,0,0.0,0.0,0.0,-0.008455167606007308,0.6558392912149429,0.06746933963149786,0.4792472869157791,0.010852590720605803,0.29276591539382935,0.20383630692958832,0.38160422444343567,1.7000000000000017,0,0.0,0.0,0.0,0.0,0.0,0.0,0.0,0.0,0.0,0.0,0.0
740,3031040,643.2530933181188,627.778992607876,6.524589143999037,2.730207030996098,1,0,0,1,0.0,0.0,1.0,0.0,0.0,0.0,0.0,0.0,0.29276591539382935,0.20383630692958832,0.38160422444343567,1.4000000000000017,1,1.1531332731246948,0.005005153827369213,4.409773349761963,0.06437154859304428,0.18786385655403137,0.6095757484436035,0.10426212102174759,0.5206267833709717,0.7792947292327881,0.06640625,25.84421730041504
741,3035136,643.2259864023761,632.1071487527756,6.4799140590039315,0.08342263600206934,8,0,0,8,0.0,0.0,1.0,-0.006477447843644768,0.6128894224762916,0.09646531529724597,0.4738176271319389,0.029535541553923395,0.29227304458618164,0.20433197915554047,0.3785038888454437,1.4000000000000017,0,0.0,0.0,0.0,0.0,0.0,0.0,0.0,0.0,0.0,0.0,0.0
742,3039232,643.1591587962122,604.5149952798067,6.775679730002594,0.07945000800100388,13,0,0,13,0.0,0.0,1.0,-0.009825249947607518,0.6333607971668244,0.1045965353026986,0.46853757053613665,0.019831705390970455,0.2911553382873535,0.20356640219688416,0.37690386176109314,1.4000000000000017,0,0.0,0.0,0.0,0.0,0.0,0.0,0.0,0.0,0.0,0.0,0.0
743,3043328,643.1697660980365,659.7442044958659,6.208466814998246,0.07843674500327324,42,0,0,42,0.0,0.0,1.0,-0.007056202238891274,0.8345796883106231,0.150077173858881,0.4616912841796875,0.013075917391688563,0.29149329662323,0.20315666496753693,0.3781149983406067,1.4000000000000017,0,0.0,0.0,0.0,0.0,0.0,0.0,0.0,0.0,0.0,0.0,0.0
744,3047424,643.1995695305097,675.2734322302838,6.065691028998117,0.08007302899932256,0,0,0,0,0.0,0.0,0.0,-0.013040876132436097,0.37235107421875,0.0843893488869071,0.46431303173303606,0.015910673604230395,0.29172593355178833,0.20261839032173157,0.37863627076148987,1.4000000000000017,0,0.0,0.0,0.0,0.0,0.0,0.0,0.0,0.0,0.0,0.0,0.0
745,3051520,643.2284193011571,674.4589341040216,6.073016151000047,0.07928360100049758,0,0,0,0,0.0,0.0,0.0,-0.011410823767073452,0.5086121700704098,0.06863655615597963,0.4608167290687561,0.012355161979212426,0.2905014455318451,0.20302477478981018,0.3759620189666748,1.4000000000000017,0,0.0,0.0,0.0,0.0,0.0,0.0,0.0,0.0,0.0,0.0,0.0
746,3055616,643.2454003522129,664.9818580675467,6.159566536000057,0.07938580500194803,2,0,0,2,0.0,0.0,1.0,-0.00964563706656918,0.6769748970866203,0.09009701665490866,0.4517568930983543,0.011590328391321236,0.2898343503475189,0.20274971425533295,0.3738184869289398,1.4000000000000017,0,0.0,0.0,0.0,0.0,0.0,0.0,0.0,0.0,0.0,0.0,0.0
747,3059712,643.200130589787,618.6843380928821,6.62050054899737,0.07895811799971852,10,0,0,10,0.0,0.0,1.0,-0.011797165335156023,0.8779657557606697,0.10380933117121457,0.4452789559960365,0.013210882880957796,0.28884029388427734,0.20221467316150665,0.3716718554496765,1.4000000000000017,0,0.0,0.0,0.0,0.0,0.0,0.0,0.0,0.0,0.0,0.0,0.0
748,3063808,643.1467606559712,613.0485605947242,6.6813630489996285,0.0790552599937655,52,0,0,52,0.0,0.0,1.0,-0.00969436855521053,0.745628273487091,0.09430041890591383,0.4326034292578697,0.011604360496858136,0.2874118983745575,0.20203764736652374,0.3698366582393646,1.4000000000000017,0,0.0,0.0,0.0,0.0,0.0,0.0,0.0,0.0,0.0,0.0,0.0
749,3067904,643.1838072312235,680.7166248991838,6.017188136996992,0.07383430000481894,0,0,0,0,0.0,0.0,0.0,-0.005368636758066714,0.915903939306736,0.13054342586547135,0.42601330280303956,0.018664413370424883,0.28746411204338074,0.20214760303497314,0.3695482909679413,1.4000000000000017,0,0.0,0.0,0.0,0.0,0.0,0.0,0.0,0.0,0.0,0.0,0.0
750,3072000,643.2132705599874,675.2026658052918,6.066326760002994,0.0800343070004601,0,0,0,0,0.0,0.0,0.0,-0.008591206965502352,0.41297583356499673,0.06993654444813728,0.42243501394987104,0.012515570371760987,0.2863043248653412,0.2018982619047165,0.3679378628730774,1.4000000000000017,0,0.0,0.0,0.0,0.0,0.0,0.0,0.0,0.0,0.0,0.0,0.0
751,3076096,643.2374827975195,672.3319091065771,6.092229067995504,0.09083745799580356,0,0,0,0,0.0,0.0,0.0,-0.008593521383590996,0.5677886143326759,0.08122742045670747,0.40714678168296814,0.01552952000492951,0.2849903106689453,0.20030997693538666,0.36892181634902954,1.4000000000000017,0,0.0,0.0,0.0,0.0,0.0,0.0,0.0,0.0,0.0,0.0,0.0
752,3080192,643.260772423984,670.107988024636,6.112447655003052,0.07846722199610667,4,0,0,4,0.0,0.0,1.0,-0.009293438564054669,0.7340002521872521,0.09457512870430947,0.3950843080878258,0.01640904879022855,0.2842857539653778,0.19936609268188477,0.3681831955909729,1.4000000000000017,0,0.0,0.0,0.0,0.0,0.0,0.0,0.0,0.0,0.0,0.0,0.0
753,3084288,643.2268374118275,626.4430358500846,6.538503528005094,0.07899208499293309,9,0,0,9,0.0,0.0,1.0,-0.012320491916034371,0.8495137497782708,0.09241911638528108,0.38312770873308183,0.014347100528539158,0.2824564576148987,0.19928281009197235,0.3639516532421112,1.4000000000000017,0,0.0,0.0,0.0,0.0,0.0,0.0,0.0,0.0,0.0,0.0,0.0
754,3088384,643.1598289601029,602.7990654953026,6.794967402005568,0.07012004800344585,51,0,0,51,0.0,0.0,1.0,-0.0086497031734325,0.8840338051319122,0.10257207863032818,0.3712793171405792,0.008813955573714338,0.2819785475730896,0.19861699640750885,0.3622531592845917,1.4000000000000017,0,0.0,0.0,0.0,0.0,0.0,0.0,0.0,0.0,0.0,0.0,0.0
755,3092480,643.1999978370717,683.9978524565023,5.988322895005695,0.07691299600264756,0,0,0,0,0.0,0.0,0.0,-0.009033912105951458,0.7756073758006096,0.10671739540994167,0.3665924370288849,0.01497712661512196,0.281402051448822,0.19770501554012299,0.3627097010612488,1.4000000000000017,0,0.0,0.0,0.0,0.0,0.0,0.0,0.0,0.0,0.0,0.0,0.0
756,3096576,643.2286617393231,674.730723760679,6.070569866998994,0.07979347199579934,0,0,0,0,0.0,0.0,0.0,-0.011170558165758848,0.4454856485128403,0.0676510339602828,0.3586045891046524,0.01433855513605522,0.2805718779563904,0.19795683026313782,0.36222043633461,1.4000000000000017,0,0.0,0.0,0.0,0.0,0.0,0.0,0.0,0.0,0.0,0.0,0.0
757,3100672,643.2631737776982,679.4621523840297,6.028297508004471,0.07776474999991478,0,0,0,0,0.0,0.0,0.0,-0.008477266994304955,0.6040742784738541,0.07033477704972028,0.3550744354724884,0.011361324827885256,0.280775785446167,0.19883404672145844,0.3621364235877991,1.4000000000000017,0,0.0,0.0,0.0,0.0,0.0,0.0,0.0,0.0,0.0,0.0,0.0
758,3104768,643.2817677167234,666.4910342378748,6.145619055001589,0.07875095000053989,4,0,0,4,0.0,0.0,1.0,-0.00826917695812881,0.7655634731054306,0.08000367991626263,0.35861829817295077,0.01330724289146019,0.2808510959148407,0.19883111119270325,0.36194416880607605,1.4000000000000017,0,0.0,0.0,0.0,0.0,0.0,0.0,0.0,0.0,0.0,0.0,0.0
759,3108864,643.2356346649852,617.4952495869932,6.633249409998825,0.07789755699923262,10,0,0,10,0.0,0.0,1.0,-0.009385406086221338,0.8502265632152557,0.09374262355268001,0.35814014077186584,0.011510970124800225,0.2804027795791626,0.19917882978916168,0.3591912090778351,1.4000000000000017,0,0.0,0.0,0.0,0.0,0.0,0.0,0.0,0.0,0.0,0.0,0.0
760,3112960,642.766537598421,580.1316057439087,7.060466900002211,2.8363133019956877,50,0,0,50,0.0,0.0,1.0,0.0,0.0,0.0,0.0,0.0,0.2804027795791626,0.19917882978916168,0.3591912090778351,1.1000000000000016,1,1.2687543630599976,0.003984251990914345,4.292697429656982,0.07172742486000061,0.22366482019424438,0.7267476320266724,0.07211095094680786,0.5072469711303711,0.6906988620758057,0.1171875,24.631168365478516
761,3117056,642.8006560647652,679.4707660662486,6.02822108699911,0.08283554599620402,0,0,0,0,0.0,0.0,0.0,-0.007800931739620864,0.6590925976634026,0.09606998581439256,0.3536928713321686,0.017191480270412285,0.27992722392082214,0.1989506334066391,0.3587973713874817,1.1000000000000016,0,0.0,0.0,0.0,0.0,0.0,0.0,0.0,0.0,0.0,0.0,0.0
762,3121152,642.8294125627035,674.5146682157178,6.072514346997195,0.07904880100250011,0,0,0,0,0.0,0.0,0.0,-0.012582669954281301,0.3837071530520916,0.05310143530368805,0.3461519807577133,0.009961956494953484,0.2785189151763916,0.19861316680908203,0.3550547659397125,1.1000000000000016,0,0.0,0.0,0.0,0.0,0.0,0.0,0.0,0.0,0.0,0.0,0.0
763,3125248,642.8593120103674,675.6397541157588,6.062402301002294,0.08034857099846704,0,0,0,0,0.0,0.0,0.0,-0.011176748375874013,0.8794357091188431,0.07674715407192707,0.33486790359020235,0.008988233921991195,0.27789875864982605,0.19786271452903748,0.3536040186882019,1.1000000000000016,0,0.0,0.0,0.0,0.0,0.0,0.0,0.0,0.0,0.0,0.0,0.0
764,3129344,642.8656551855449,656.3860623775633,6.240230003000761,0.08010492799803615,4,0,0,4,0.0,0.0,1.0,-0.01107565825805068,0.8996692836284638,0.09905329216271638,0.33330375254154204,0.01158505335333757,0.27830225229263306,0.19762565195560455,0.3537270128726959,1.1000000000000016,0,0.0,0.0,0.0,0.0,0.0,0.0,0.0,0.0,0.0,0.0,0.0
765,3133440,642.809520715293,610.0179696489847,6.714556298000389,0.07909217599808471,10,0,0,10,0.0,0.0,1.0,-0.01050682676723227,0.8261291697621346,0.10036868285387754,0.3302568167448044,0.01037730842072051,0.2768199145793915,0.1970958262681961,0.3505263924598694,1.1000000000000016,0,0.0,0.0,0.0,0.0,0.0,0.0,0.0,0.0,0.0,0.0,0.0
766,3137536,642.7705692187516,622.0299322654871,6.58489212099812,0.07963098099571653,50,0,0,50,0.0,0.0,1.0,-0.007921864301897586,0.7557155013084411,0.11131931915879249,0.3191365659236908,0.008321084796625655,0.2765185832977295,0.19689276814460754,0.3493434190750122,1.1000000000000016,0,0.0,0.0,0.0,0.0,0.0,0.0,0.0,0.0,0.0,0.0,0.0
767,3141632,642.8096035113377,683.2670081770605,5.9947281970016775,0.07798720299615525,0,0,0,0,0.0,0.0,0.0,-0.008363155130064115,0.849705645442009,0.09800795093178749,0.3177408665418625,0.016508902834902982,0.2761501669883728,0.19662214815616608,0.34815290570259094,1.1000000000000016,0,0.0,0.0,0.0,0.0,0.0,0.0,0.0,0.0,0.0,0.0,0.0
768,3145728,642.8384022850036,674.8742184552995,6.0692791160035995,0.08003374400141183,0,0,0,0,0.0,0.0,0.0,-0.009993061609566211,0.662184028327465,0.0863754553720355,0.3143625259399414,0.011227054300252347,0.2758607566356659,0.1970272809267044,0.34726816415786743,1.1000000000000016,0,0.0,0.0,0.0,0.0,0.0,0.0,0.0,0.0,0.0,0.0,0.0
769,3149824,642.869857853527,675.9843896133553,6.059311520999472,0.06950418500491651,0,0,0,0,0.0,0.0,0.0,-0.01252452406915836,0.8148267611861228,0.08822762370109558,0.30834594964981077,0.013445286205387675,0.27474114298820496,0.19599780440330505,0.34467747807502747,1.1000000000000016,0,0.0,0.0,0.0,0.0,0.0,0.0,0.0,0.0,0.0,0.0,0.0
770,3153920,642.8670874330131,648.0729995852673,6.320275652004057,0.06925810499524232,6,0,0,6,0.0,0.0,1.0,-0.011872642149683088,0.8095456004142761,0.08895586356520653,0.28948005139827726,0.013850073073990643,0.27259743213653564,0.19344642758369446,0.34163811802864075,1.1000000000000016,0,0.0,0.0,0.0,0.0,0.0,0.0,0.0,0.0,0.0,0.0,0.0
771,3158016,642.8288644523082,622.3254277096054,6.581765451999672,0.0786290129981353,9,0,0,9,0.0,0.0,1.0,-0.00807429249980487,0.7580134496092796,0.08859306406229735,0.271138122677803,0.011975049920147285,0.27168795466423035,0.19248738884925842,0.3401018977165222,1.1000000000000016,0,0.0,0.0,0.0,0.0,0.0,0.0,0.0,0.0,0.0,0.0,0.0
772,3162112,642.7909523980668,622.4846406861534,6.580082033004146,0.07889125899964711,49,0,0,49,0.0,0.0,1.0,-0.007042570062913001,1.124686360359192,0.11728783659636974,0.26506349444389343,0.008950360288145021,0.2713549733161926,0.19299069046974182,0.33967554569244385,1.1000000000000016,0,0.0,0.0,0.0,0.0,0.0,0.0,0.0,0.0,0.0,0.0,0.0
773,3166208,642.8179294261749,673.5614436504968,6.081108172998938,0.08082495599956019,0,0,0,0,0.0,0.0,0.0,-0.010612788167782128,0.598380321264267,0.08270529936999083,0.26501853168010714,0.009758593443257269,0.27152714133262634,0.19250331819057465,0.3400740623474121,1.1000000000000016,0,0.0,0.0,0.0,0.0,0.0,0.0,0.0,0.0,0.0,0.0,0.0
774,3170304,642.8493975204369,677.5036974593407,6.045723463001195,0.08160313199914526,0,0,0,0,0.0,0.0,0.0,-0.011826630198629572,0.821180845797062,0.07816904447972775,0.25622805655002595,0.00916957804292906,0.2700716257095337,0.19038337469100952,0.33844316005706787,1.1000000000000016,0,0.0,0.0,0.0,0.0,0.0,0.0,0.0,0.0,0.0,0.0,0.0
775,3174400,642.876791746134,672.8323882339473,6.0876974290004,0.07049104899488157,1,0,0,1,0.0,0.0,1.0,-0.008218046021647751,0.9554280340671539,0.10253566224128008,0.24348557591438294,0.012167551016318612,0.2695079445838928,0.19060105085372925,0.33713945746421814,1.1000000000000016,0,0.0,0.0,0.0,0.0,0.0,0.0,0.0,0.0,0.0,0.0,0.0
776,3178496,642.8818184770691,655.2663074021272,6.250893650001672,0.07868322700232966,7,0,0,7,0.0,0.0,1.0,-0.009660475829150528,0.66460679769516,0.10816841330379248,0.23647405505180358,0.007695864014385734,0.26846760511398315,0.18959854543209076,0.33647191524505615,1.1000000000000016,0,0.0,0.0,0.0,0.0,0.0,0.0,0.0,0.0,0.0,0.0,0.0
777,3182592,642.8277881592139,610.9780246871884,6.704005437997694,0.07991464000224369,12,0,0,12,0.0,0.0,1.0,-0.008753764303401112,0.8490443602204323,0.09127602726221085,0.22322971522808074,0.00772110419056844,0.2673893868923187,0.1889222413301468,0.33307957649230957,1.1000000000000016,0,0.0,0.0,0.0,0.0,0.0,0.0,0.0,0.0,0.0,0.0,0.0
778,3186688,642.8266961699271,650.2151402439839,6.2994534370009205,0.07754536799620837,44,0,0,44,0.0,0.0,1.0,-0.008056868019048124,0.9097610577940941,0.12868687976151705,0.22104301750659944,0.01257844893989386,0.26806890964508057,0.1891913264989853,0.3340953588485718,1.1000000000000016,0,0.0,0.0,0.0,0.0,0.0,0.0,0.0,0.0,0.0,0.0,0.0
779,3190784,642.8579251405223,677.1293728303696,6.049065605999203,0.07857669199438533,0,0,0,0,0.0,0.0,0.0,-0.010698554629925638,0.5409115672111511,0.07681189458817243,0.22635663747787477,0.011267011909512802,0.2679656744003296,0.1889261156320572,0.33368799090385437,1.1000000000000016,0,0.0,0.0,0.0,0.0,0.0,0.0,0.0,0.0,0.0,0.0,0.0
780,3194880,642.4895939736962,628.2809330561141,6.51937657900271,2.698131088996888,0,0,0,0,0.0,0.0,0.0,0.0,0.0,0.0,0.0,0.0,0.2679656744003296,0.1889261156320572,0.33368799090385437,0.8000000000000016,1,0.8036757111549377,0.005570863373577595,4.683408737182617,0.05189473181962967,0.21429607272148132,0.2483915090560913,0.10709494352340698,0.4839247465133667,0.7964264154434204,0.0859375,27.773130416870117
781,3198976,642.5066319203805,664.5701844015573,6.163382131999242,0.07627605900052004,2,0,0,2,0.0,0.0,1.0,-0.010311983758583665,0.6629974722862244,0.09744318444281816,0.22345818877220153,0.013473883330880199,0.26772749423980713,0.18857015669345856,0.3325832188129425,0.8000000000000016,0,0.0,0.0,0.0,0.0,0.0,0.0,0.0,0.0,0.0,0.0,0.0
782,3203072,642.4906212621287,638.3414839971596,6.416628250997746,0.07911057300225366,7,0,0,7,0.0,0.0,1.0,-0.011309560231165961,0.666504143178463,0.09911142773926258,0.21334318816661835,0.013615288987057283,0.2658272087574005,0.1877538412809372,0.3293685019016266,0.8000000000000016,0,0.0,0.0,0.0,0.0,0.0,0.0,0.0,0.0,0.0,0.0,0.0
783,3207168,642.415189341436,596.2511130796822,6.869588852998277,0.08826875299564563,16,0,0,16,0.0,0.0,1.0,-0.01269006634829566,0.8374279737472534,0.10170427486300468,0.19508558809757232,0.007619964517652988,0.2647194266319275,0.18699617683887482,0.3287491798400879,0.8000000000000016,0,0.0,0.0,0.0,0.0,0.0,0.0,0.0,0.0,0.0,0.0,0.0
784,3211264,642.4439110835257,674.7046229224732,6.0708047060034005,0.07815154899435584,39,0,0,39,0.0,0.0,1.0,-0.010638383566401899,0.907842755317688,0.10769296940416098,0.1851547986268997,0.017252732733322774,0.2640056312084198,0.18679597973823547,0.32854989171028137,0.8000000000000016,0,0.0,0.0,0.0,0.0,0.0,0.0,0.0,0.0,0.0,0.0,0.0
785,3215360,642.4690572335182,671.5990432925976,6.09887706200243,0.07783744599873899,0,0,0,0,0.0,0.0,0.0,-0.01163428978761658,0.5882800340652465,0.0722333151847124,0.17964389324188232,0.009504716699302663,0.26366299390792847,0.18710927665233612,0.32745471596717834,0.8000000000000016,0,0.0,0.0,0.0,0.0,0.0,0.0,0.0,0.0,0.0,0.0,0.0
786,3219456,642.498651948442,675.6413434727721,6.062388040001679,0.07868305099691497,0,0,0,0,0.0,0.0,0.0,-0.007657363940961659,0.5980306521058083,0.06890824548900128,0.18088239729404448,0.0083829027673346,0.26410648226737976,0.18686506152153015,0.3266787827014923,0.8000000000000016,0,0.0,0.0,0.0,0.0,0.0,0.0,0.0,0.0,0.0,0.0,0.0
787,3223552,642.4973536790826,649.9287134747177,6.30222963700362,0.07993209499545628,4,0,0,4,0.0,0.0,1.0,-0.008952779194805771,0.814953801035881,0.08773870375007391,0.17253070175647736,0.008842004818143323,0.2619438171386719,0.18539674580097198,0.32369738817214966,0.8000000000000016,0,0.0,0.0,0.0,0.0,0.0,0.0,0.0,0.0,0.0,0.0,0.0
788,3227648,642.4662138511262,626.5918172352116,6.536950989997422,0.07861371300532483,8,0,0,8,0.0,0.0,1.0,-0.010115142853464931,0.8061352580785751,0.09786533154547214,0.15576425194740295,0.013275049647199921,0.26148325204849243,0.1853644698858261,0.322142094373703,0.8000000000000016,0,0.0,0.0,0.0,0.0,0.0,0.0,0.0,0.0,0.0,0.0,0.0
789,3231744,642.4054942297427,605.1837610183256,6.768192182003986,0.07975582400104031,52,0,0,52,0.0,0.0,1.0,-0.010060811368748545,0.7203458607196808,0.1094841243699193,0.15334028303623198,0.013451378142053726,0.26107579469680786,0.1855941265821457,0.3213474452495575,0.8000000000000016,0,0.0,0.0,0.0,0.0,0.0,0.0,0.0,0.0,0.0,0.0,0.0
790,3235840,642.4495464952739,688.6911118855186,5.947513956998591,0.08026568200148176,0,0,0,0,0.0,0.0,0.0,-0.006980682071298361,0.8105804607272148,0.1124967435374856,0.14755785167217256,0.00675242341530975,0.2604380249977112,0.18492332100868225,0.3196832239627838,0.8000000000000016,0,0.0,0.0,0.0,0.0,0.0,0.0,0.0,0.0,0.0,0.0,0.0
791,3239936,642.481864141678,678.1536224639764,6.03992939699674,0.07890840400068555,0,0,0,0,0.0,0.0,0.0,-0.011411963030695915,0.6289376094937325,0.06716143926605582,0.1405465692281723,0.008761583143495955,0.25951266288757324,0.18488161265850067,0.31621310114860535,0.8000000000000016,0,0.0,0.0,0.0,0.0,0.0,0.0,0.0,0.0,0.0,0.0,0.0
792,3244032,642.520835060823,684.2907317240365,5.985759868002788,0.07991400999890175,0,0,0,0,0.0,0.0,0.0,-0.009443434153217823,0.8925717830657959,0.08049967661499977,0.1270060271024704,0.00615533522941405,0.257815420627594,0.1844397932291031,0.31262490153312683,0.8000000000000016,0,0.0,0.0,0.0,0.0,0.0,0.0,0.0,0.0,0.0,0.0,0.0
793,3248128,642.5274459685513,656.3376747200559,6.240690055994492,0.0789305959988269,4,0,0,4,0.0,0.0,1.0,-0.01040909214061685,0.8776670396327972,0.09957758989185095,0.1099924236536026,0.009744812760618515,0.2566671371459961,0.18300597369670868,0.3102889657020569,0.8000000000000016,0,0.0,0.0,0.0,0.0,0.0,0.0,0.0,0.0,0.0,0.0,0.0
794,3252224,642.4758656573832,611.5451909768897,6.697787932003848,0.07995530200423673,10,0,0,10,0.0,0.0,1.0,-0.006747491913847626,0.8450173020362854,0.10814129002392292,0.09783582389354706,0.008172773435944691,0.255856454372406,0.18138615787029266,0.3085736632347107,0.8000000000000016,0,0.0,0.0,0.0,0.0,0.0,0.0,0.0,0.0,0.0,0.0,0.0
795,3256320,642.3975592371238,592.798244355259,6.90960210999765,0.08007519000238972,50,0,0,50,0.0,0.0,1.0,-0.00959965460933745,0.79124386459589,0.12984459344297647,0.08655846118927002,0.012594071021885611,0.2549263834953308,0.18006713688373566,0.30759334564208984,0.8000000000000016,0,0.0,0.0,0.0,0.0,0.0,0.0,0.0,0.0,0.0,0.0,0.0
796,3260416,642.431956905158,680.1843663564717,6.0218967130058445,0.07909502999973483,0,0,0,0,0.0,0.0,0.0,-0.0075684446259401735,0.7036550253629684,0.11038509346544742,0.07590069472789765,0.012170762658934109,0.25429606437683105,0.17994682490825653,0.30673736333847046,0.8000000000000016,0,0.0,0.0,0.0,0.0,0.0,0.0,0.0,0.0,0.0,0.0,0.0
797,3264512,642.4617936329084,675.814139715166,6.060837971999717,0.07582973199896514,0,0,0,0,0.0,0.0,0.0,-0.009734633384505286,0.5528310224413872,0.07864745371043683,0.0718964844942093,0.011551246217277367,0.25393471121788025,0.17991386353969574,0.30656909942626953,0.8000000000000016,0,0.0,0.0,0.0,0.0,0.0,0.0,0.0,0.0,0.0,0.0,0.0
798,3268608,642.5008387623552,683.8175589715252,5.989901759996428,0.07330758999887621,0,0,0,0,0.0,0.0,0.0,-0.013551297504454851,0.764488011598587,0.09438108876347542,0.06108416318893432,0.010656022616603877,0.2523936927318573,0.17915789783000946,0.303684800863266,0.8000000000000016,0,0.0,0.0,0.0,0.0,0.0,0.0,0.0,0.0,0.0,0.0,0.0
799,3272704,642.5122129551476,659.3633771773439,6.212052627997764,0.06967741599510191,4,0,0,4,0.0,0.0,1.0,-0.007019273017067462,0.6904081627726555,0.09259000476449727,0.045310452580451965,0.019618741993326694,0.2512778639793396,0.17769387364387512,0.3026285469532013,0.8000000000000016,0,0.0,0.0,0.0,0.0,0.0,0.0,0.0,0.0,0.0,0.0,0.0
800,3276800,642.0711283420906,577.3987476904301,7.093884453999635,2.7814130379993003,10,0,0,10,0.0,0.0,1.0,0.0,0.0,0.0,0.0,0.0,0.2512778639793396,0.17769387364387512,0.3026285469532013,0.5000000000000016,1,0.7899724245071411,0.005496925674378872,4.67695951461792,0.04161423072218895,0.2426566481590271,0.2594553828239441,0.09750290215015411,0.4728955626487732,0.4866725504398346,0.05859375,27.143468856811523
801,3280896,642.0428700369163,628.2305340315181,6.519899587998225,0.07975384699966526,50,0,0,50,0.0,0.0,1.0,-0.011406647751573473,0.725224344432354,0.12677767854183913,0.03457167148590088,0.009121946501545608,0.2508625388145447,0.1777360439300537,0.30352792143821716,0.5000000000000016,0,0.0,0.0,0.0,0.0,0.0,0.0,0.0,0.0,0.0,0.0,0.0
802,3284992,642.076810523476,679.5574875205698,6.0274517979996745,0.07866454900067765,0,0,0,0,0.0,0.0,0.0,-0.008408631989732384,0.730334435403347,0.11400353759527207,0.028987854719161987,0.009768606594298035,0.2503303289413452,0.17698164284229279,0.30363133549690247,0.5000000000000016,0,0.0,0.0,0.0,0.0,0.0,0.0,0.0,0.0,0.0,0.0,0.0
803,3289088,642.1050032610882,674.5918341185535,6.071819717995822,0.07938365400332259,0,0,0,0,0.0,0.0,0.0,-0.010867760877590626,0.6009868264198304,0.08177677895873785,0.021151793003082276,0.008256012368656229,0.24951955676078796,0.17694397270679474,0.30244237184524536,0.5000000000000016,0,0.0,0.0,0.0,0.0,0.0,0.0,0.0,0.0,0.0,0.0,0.0
804,3293184,642.1375833634336,678.5370528433907,6.036516330001177,0.07922003699786728,0,0,0,0,0.0,0.0,0.0,-0.005929165869019926,1.077220767736435,0.09371389839798212,0.015642455220222472,0.010032718064030633,0.24936696887016296,0.17736653983592987,0.3018537163734436,0.5000000000000016,0,0.0,0.0,0.0,0.0,0.0,0.0,0.0,0.0,0.0,0.0,0.0
805,3297280,642.1620712157662,671.6393046910342,6.098511464995681,0.07906925499992212,4,0,0,4,0.0,0.0,1.0,-0.007103303354233504,0.7524786695837975,0.10135055631399155,0.012662070989608764,0.006440337335516233,0.24872279167175293,0.1767100840806961,0.30014756321907043,0.5000000000000016,0,0.0,0.0,0.0,0.0,0.0,0.0,0.0,0.0,0.0,0.0,0.0
806,3301376,642.1059003265724,607.1091409662034,6.746727604004263,0.07800910100195324,10,0,0,10,0.0,0.0,1.0,-0.012730891304090618,0.7345806807279587,0.1065176947042346,0.006421592831611633,0.016722169441345615,0.24843698740005493,0.17655272781848907,0.29884713888168335,0.5000000000000016,0,0.0,0.0,0.0,0.0,0.0,0.0,0.0,0.0,0.0,0.0,0.0
807,3305472,642.0545446237606,610.5769767597709,6.708408859005431,0.07937778300401988,50,0,0,50,0.0,0.0,1.0,-0.008855109545402228,0.6824056416749954,0.1271636040881276,0.0038410961627960206,0.006793182982073631,0.24803130328655243,0.1767750382423401,0.29646721482276917,0.5000000000000016,0,0.0,0.0,0.0,0.0,0.0,0.0,0.0,0.0,0.0,0.0,0.0
808,3309568,642.0750994779193,668.1431530916467,6.130422770998848,0.08109540300210938,0,0,0,0,0.0,0.0,0.0,-0.009475937293609604,0.6823656722903252,0.09364444967359305,-0.001940205693244934,0.010980621202907059,0.2471221685409546,0.17689171433448792,0.2939269244670868,0.5000000000000016,0,0.0,0.0,0.0,0.0,0.0,0.0,0.0,0.0,0.0,0.0,0.0
809,3313664,642.099341229787,671.3434620108563,6.101198912001564,0.07973887599655427,0,0,0,0,0.0,0.0,0.0,-0.006822467781603336,0.7282386407256126,0.08869417123496533,-0.007114219665527344,0.01341991265071556,0.2471620738506317,0.17725513875484467,0.29407232999801636,0.5000000000000016,0,0.0,0.0,0.0,0.0,0.0,0.0,0.0,0.0,0.0,0.0,0.0
810,3317760,642.1204776370237,668.401226486558,6.128055781002331,0.07794930999807548,1,0,0,1,0.0,0.0,1.0,-0.00956458707805723,0.8054032817482948,0.10834067631512881,-0.009078511595726013,0.010076872375793754,0.2465655654668808,0.17650672793388367,0.29311633110046387,0.5000000000000016,0,0.0,0.0,0.0,0.0,0.0,0.0,0.0,0.0,0.0,0.0,0.0
811,3321856,642.1071006726637,639.7659816005951,6.402341040004103,0.0807658689955133,6,0,0,6,0.0,0.0,1.0,-0.0070461186754982915,0.8228110507130623,0.10776155088096857,-0.015506380796432495,0.01155685234698467,0.2463657259941101,0.17602908611297607,0.2918912172317505,0.5000000000000016,0,0.0,0.0,0.0,0.0,0.0,0.0,0.0,0.0,0.0,0.0,0.0
812,3325952,642.0743318506651,624.315833639085,6.560781866006437,0.07822020900493953,10,0,0,10,0.0,0.0,1.0,-0.008551767212338746,0.6961604595184326,0.09831795785576106,-0.016894659399986266,0.012095375423086807,0.24625644087791443,0.17620915174484253,0.29272791743278503,0.5000000000000016,0,0.0,0.0,0.0,0.0,0.0,0.0,0.0,0.0,0.0,0.0,0.0
813,3330048,642.037436696873,620.9137689123748,6.596729215998494,0.07756967999739572,47,0,0,47,0.0,0.0,1.0,-0.006570068746805191,0.9488199636340141,0.14014689475297928,-0.015412485599517823,0.010705446152132935,0.24665817618370056,0.17661722004413605,0.2931891083717346,0.5000000000000016,0,0.0,0.0,0.0,0.0,0.0,0.0,0.0,0.0,0.0,0.0,0.0
814,3334144,642.0694746224033,678.2293664100013,6.039254864001123,0.07780666500184452,0,0,0,0,0.0,0.0,0.0,-0.01226071841083467,0.6507504031062126,0.09517397955060006,-0.017109251022338866,0.014550594962202013,0.24567103385925293,0.17564748227596283,0.2914661765098572,0.5000000000000016,0,0.0,0.0,0.0,0.0,0.0,0.0,0.0,0.0,0.0,0.0,0.0
815,3338240,642.0970551665806,674.0033468986069,6.0771211579995,0.07556839500466594,0,0,0,0,0.0,0.0,0.0,-0.008645098400302231,0.6468176782131195,0.08235705215483904,-0.026740363240242003,0.011545226110320073,0.24565812945365906,0.17551197111606598,0.2922385632991791,0.5000000000000016,0,0.0,0.0,0.0,0.0,0.0,0.0,0.0,0.0,0.0,0.0,0.0
816,3342336,642.123680236259,673.5672930922573,6.081055362999905,0.07841396000003442,1,0,0,1,0.0,0.0,1.0,-0.012148746673483401,0.8626258060336113,0.0919321721419692,-0.02431439757347107,0.015375046202098019,0.24597367644309998,0.17529059946537018,0.294513463973999,0.5000000000000016,0,0.0,0.0,0.0,0.0,0.0,0.0,0.0,0.0,0.0,0.0,0.0
817,3346432,642.1046195310731,634.899657112192,6.4514131550022285,0.07821148200309835,8,0,0,8,0.0,0.0,1.0,-0.009962951100897044,0.6705746352672577,0.09756491519510746,-0.02183656394481659,0.012870803139230702,0.24618741869926453,0.17533479630947113,0.29415321350097656,0.5000000000000016,0,0.0,0.0,0.0,0.0,0.0,0.0,0.0,0.0,0.0,0.0,0.0
818,3350528,642.0574439090044,613.0192031487585,6.681683019000047,0.0774386350021814,13,0,0,13,0.0,0.0,1.0,-0.009951280866516754,0.8340553864836693,0.10676099173724651,-0.028223112225532532,0.011158965855429415,0.24470166862010956,0.1746574342250824,0.2913312613964081,0.5000000000000016,0,0.0,0.0,0.0,0.0,0.0,0.0,0.0,0.0,0.0,0.0,0.0
819,3354624,642.0607079376709,652.7528752508284,6.274962784998934,0.074798235000344,42,0,0,42,0.0,0.0,1.0,-0.005885788099840283,0.8995283231139183,0.1275789963081479,-0.04477280676364899,0.009252911768271588,0.24355730414390564,0.17407691478729248,0.28919315338134766,0.5000000000000016,0,0.0,0.0,0.0,0.0,0.0,0.0,0.0,0.0,0.0,0.0,0.0
820,3358720,641.726244936869,639.9893236778607,6.40010676500242,2.702611351996893,0,0,0,0,0.0,0.0,0.0,0.0,0.0,0.0,0.0,0.0,0.24355730414390564,0.17407691478729248,0.28919315338134766,0.20000000000000157,1,0.6368040442466736,0.005210645496845245,4.6417741775512695,0.04579290747642517,0.22731399536132812,0.1666376292705536,0.0662282258272171,0.4518515467643738,0.3525038957595825,0.07421875,28.135242462158203
821,3362816,641.7581532112011,678.2087604693066,6.039438354004233,0.07939852599520236,0,0,0,0,0.0,0.0,0.0,-0.012599635613150894,0.7073419481515885,0.10598447602242231,-0.050952136516571045,0.009577642566000577,0.2437547892332077,0.17419695854187012,0.28872787952423096,0.20000000000000157,0,0.0,0.0,0.0,0.0,0.0,0.0,0.0,0.0,0.0,0.0,0.0
822,3366912,641.7655347000538,656.468376585337,6.23944754400145,0.07917933799762977,4,0,0,4,0.0,0.0,1.0,-0.011409304640255868,0.8494127824902534,0.11153943296521902,-0.04793392419815064,0.011497064527065958,0.2438209354877472,0.17380785942077637,0.2884892523288727,0.20000000000000157,0,0.0,0.0,0.0,0.0,0.0,0.0,0.0,0.0,0.0,0.0,0.0
823,3371008,641.7397404352258,628.1673280559844,6.520555618000799,0.06939100100134965,8,0,0,8,0.0,0.0,1.0,-0.011146700382232666,0.9055585741996766,0.09960877038538456,-0.05024828910827637,0.015130111340840812,0.24338679015636444,0.17393077909946442,0.28587841987609863,0.20000000000000157,0,0.0,0.0,0.0,0.0,0.0,0.0,0.0,0.0,0.0,0.0,0.0
824,3375104,641.6886473051247,609.6988097762493,6.718071176001104,0.07993136799632339,52,0,0,52,0.0,0.0,1.0,-0.01016704246867448,0.799700291454792,0.10836423132568598,-0.05676940977573395,0.011229243029083591,0.24258491396903992,0.1730838418006897,0.2837299406528473,0.20000000000000157,0,0.0,0.0,0.0,0.0,0.0,0.0,0.0,0.0,0.0,0.0,0.0
825,3379200,641.7190087916895,677.0016084890568,6.050207191001391,0.08055088599940063,0,0,0,0,0.0,0.0,0.0,-0.010809877270366997,0.8027560636401176,0.12968900259584187,-0.06664121448993683,0.013718203286407516,0.242049902677536,0.17251038551330566,0.2832201421260834,0.20000000000000157,0,0.0,0.0,0.0,0.0,0.0,0.0,0.0,0.0,0.0,0.0,0.0
826,3383296,641.7475192500852,675.1866996020964,6.066470211000706,0.07859802700113505,0,0,0,0,0.0,0.0,0.0,-0.013257964781951159,0.6062242388725281,0.08921902272850275,-0.07192284762859344,0.01036071791750146,0.24174436926841736,0.17139627039432526,0.2815352976322174,0.20000000000000157,0,0.0,0.0,0.0,0.0,0.0,0.0,0.0,0.0,0.0,0.0,0.0
827,3387392,641.7784137102541,676.3938068476106,6.055643855004746,0.06942244899983052,0,0,0,0,0.0,0.0,0.0,-0.013025790825486184,0.9340507492423058,0.08828010503202677,-0.07831000089645386,0.011001769766153302,0.24118822813034058,0.17113493382930756,0.2804923355579376,0.20000000000000157,0,0.0,0.0,0.0,0.0,0.0,0.0,0.0,0.0,0.0,0.0,0.0
828,3391488,641.7956983687984,665.2424384757663,6.157153788000869,0.07930417199531803,4,0,0,4,0.0,0.0,1.0,-0.012076933193020523,0.8345445469021797,0.1016001446172595,-0.09427494406700135,0.010968857909028884,0.2390514612197876,0.16958963871002197,0.27790340781211853,0.20000000000000157,0,0.0,0.0,0.0,0.0,0.0,0.0,0.0,0.0,0.0,0.0,0.0
829,3395584,641.7557576435051,617.9214300791332,6.628674457002489,0.07970849699631799,10,0,0,10,0.0,0.0,1.0,-0.00893141555134207,0.670533461868763,0.10294037498533726,-0.11271279454231262,0.01406918591237627,0.23872677981853485,0.16939403116703033,0.27712756395339966,0.20000000000000157,0,0.0,0.0,0.0,0.0,0.0,0.0,0.0,0.0,0.0,0.0,0.0
830,3399680,641.6887421865188,597.5840851054152,6.854265537003812,0.0782571179952356,50,0,0,50,0.0,0.0,1.0,-0.01204717333894223,0.6944478586316108,0.11022919267416001,-0.10981680154800415,0.008342718759377022,0.2391400784254074,0.16992487013339996,0.27747783064842224,0.20000000000000157,0,0.0,0.0,0.0,0.0,0.0,0.0,0.0,0.0,0.0,0.0,0.0
831,3403776,641.7325042884349,689.4482194256772,5.940982781001367,0.07719570899644168,0,0,0,0,0.0,0.0,0.0,-0.008548512554261834,0.6064040020108223,0.10116874314844608,-0.10681842267513275,0.0068661681521916765,0.23895451426506042,0.16994552314281464,0.2775057256221771,0.20000000000000157,0,0.0,0.0,0.0,0.0,0.0,0.0,0.0,0.0,0.0,0.0,0.0
832,3407872,641.762259345921,676.4567660445961,6.055080244004785,0.07848165000177687,0,0,0,0,0.0,0.0,0.0,-0.00832213235553354,0.7201844096183777,0.094307279586792,-0.1089529812335968,0.01184206592006376,0.2389533519744873,0.17007188498973846,0.27750077843666077,0.20000000000000157,0,0.0,0.0,0.0,0.0,0.0,0.0,0.0,0.0,0.0,0.0,0.0
833,3411968,641.8023609851923,686.2689086386844,5.968505855998956,0.07873425299476366,0,0,0,0,0.0,0.0,0.0,-0.010016855568392203,0.8885218515992165,0.09746438432484865,-0.11129380166530609,0.011211776344862302,0.2383577823638916,0.16976690292358398,0.2771095037460327,0.20000000000000157,0,0.0,0.0,0.0,0.0,0.0,0.0,0.0,0.0,0.0,0.0,0.0
834,3416064,641.808355929252,655.4070789913517,6.249551052002062,0.07940083800349385,4,0,0,4,0.0,0.0,1.0,-0.009813461930025368,0.780217994749546,0.10674261823296546,-0.11921199858188629,0.012490172010438982,0.23789338767528534,0.16951462626457214,0.2771124839782715,0.20000000000000157,0,0.0,0.0,0.0,0.0,0.0,0.0,0.0,0.0,0.0,0.0,0.0
835,3420160,641.7772745173916,624.5048976707312,6.558795639997697,0.07833483200374758,10,0,0,10,0.0,0.0,1.0,-0.01010418072110042,0.6711259678006172,0.10245743729174137,-0.1207776427268982,0.009236480231629684,0.2379511296749115,0.16988012194633484,0.27538326382637024,0.20000000000000157,0,0.0,0.0,0.0,0.0,0.0,0.0,0.0,0.0,0.0,0.0,0.0
836,3424256,641.7362425077893,617.0637637173776,6.637887753000541,0.08242402799805859,50,0,0,50,0.0,0.0,1.0,-0.00800873275147751,0.6819097474217415,0.12666507605463267,-0.11717026233673096,0.012905566951667424,0.23868629336357117,0.16955620050430298,0.2758370339870453,0.20000000000000157,0,0.0,0.0,0.0,0.0,0.0,0.0,0.0,0.0,0.0,0.0,0.0
837,3428352,641.7723824543676,682.7932259190513,5.998887868998281,0.07989781499782111,0,0,0,0,0.0,0.0,0.0,-0.009718925110064447,0.6968546479940414,0.09256760254502297,-0.10906025469303131,0.007101278976188041,0.23901276290416718,0.16998708248138428,0.2748633027076721,0.20000000000000157,0,0.0,0.0,0.0,0.0,0.0,0.0,0.0,0.0,0.0,0.0,0.0
838,3432448,641.8001378752824,675.1682461003492,6.066636017996643,0.08144485099910526,0,0,0,0,0.0,0.0,0.0,-0.011052420281339436,0.5859609141945838,0.08641266915947199,-0.11532290279865265,0.009604726909310557,0.2376950979232788,0.16934317350387573,0.271878182888031,0.20000000000000157,0,0.0,0.0,0.0,0.0,0.0,0.0,0.0,0.0,0.0,0.0,0.0
839,3436544,641.8279231551587,675.0901639614684,6.0673376959966845,0.07967465600086143,0,0,0,0,0.0,0.0,0.0,-0.010669902455992997,0.9440964743494987,0.10911509674042463,-0.12631884217262268,0.007237475899455603,0.23731467127799988,0.16978716850280762,0.27110862731933594,0.20000000000000157,0,0.0,0.0,0.0,0.0,0.0,0.0,0.0,0.0,0.0,0.0,0.0
840,3440640,641.4731920450024,622.6084107624683,6.578773959998216,2.7642560680033057,4,0,0,4,0.0,0.0,1.0,0.0,0.0,0.0,0.0,0.0,0.23731467127799988,0.16978716850280762,0.27110862731933594,0.01,1,0.7064679861068726,0.004828736186027527,4.430960655212402,0.046865928918123245,0.21861615777015686,0.2378932237625122,0.07035630941390991,0.4243567883968353,0.4303627014160156,0.12109375,27.61811637878418
841,3444736,641.4416065892038,623.6421025866377,6.56786958900193,0.07832183300342876,10,0,0,10,0.0,0.0,1.0,-0.011863534047733992,0.8357031613588333,0.11593944896012545,-0.12709854245185853,0.008415052264172117,0.23724707961082458,0.16985799372196198,0.27152013778686523,0.01,0,0.0,0.0,0.0,0.0,0.0,0.0,0.0,0.0,0.0,0.0,0.0
842,3448832,641.3946471679794,612.7990925511864,6.6840830049986835,0.09156056999927387,50,0,0,50,0.0,0.0,1.0,-0.008837831765413284,0.8951864048838616,0.13757579140365123,-0.12889641225337983,0.011914849292952567,0.23721322417259216,0.16877160966396332,0.27183911204338074,0.01,0,0.0,0.0,0.0,0.0,0.0,0.0,0.0,0.0,0.0,0.0,0.0
843,3452928,641.4240730099478,676.325505123233,6.056255411000166,0.07914032499684254,0,0,0,0,0.0,0.0,0.0,-0.00873945141211152,0.67629414498806,0.09770190808922052,-0.13296134769916534,0.010126119981578086,0.2368323802947998,0.16824820637702942,0.27196264266967773,0.01,0,0.0,0.0,0.0,0.0,0.0,0.0,0.0,0.0,0.0,0.0,0.0
844,3457024,641.4567793333014,679.5442218995579,6.027569461999519,0.07987132500420557,0,0,0,0,0.0,0.0,0.0,-0.01193252329248935,0.8070795267820359,0.09097841270267963,-0.13619013130664825,0.011881553211424034,0.23685035109519958,0.1681312620639801,0.27134886384010315,0.01,0,0.0,0.0,0.0,0.0,0.0,0.0,0.0,0.0,0.0,0.0,0.0
845,3461120,641.483453916749,674.4633588078628,6.072976309995283,0.08471537299919873,1,0,0,1,0.0,0.0,1.0,-0.01043375269509852,1.009030431509018,0.12013489715754985,-0.14150536954402923,0.008546964052948169,0.23575440049171448,0.1677544265985489,0.2700533866882324,0.01,0,0.0,0.0,0.0,0.0,0.0,0.0,0.0,0.0,0.0,0.0,0.0
846,3465216,641.4898636608148,655.4235943357043,6.24939357599942,0.07795390899991617,6,0,0,6,0.0,0.0,1.0,-0.012358985713217408,0.7629907250404357,0.11416855100542307,-0.15375424325466155,0.008159581913787406,0.23484787344932556,0.16763071715831757,0.2687344253063202,0.01,0,0.0,0.0,0.0,0.0,0.0,0.0,0.0,0.0,0.0,0.0,0.0
847,3469312,641.4547868729303,620.7041724931497,6.5989567680007895,0.07837692000612151,9,0,0,9,0.0,0.0,1.0,-0.010949226620141417,0.7898907288908958,0.1095304811373353,-0.16225639283657073,0.0133466837942251,0.23420381546020508,0.1680314689874649,0.2683599591255188,0.01,0,0.0,0.0,0.0,0.0,0.0,0.0,0.0,0.0,0.0,0.0,0.0
848,3473408,641.4223028981758,622.7754274714798,6.577009656000882,0.07885050900222268,48,0,0,48,0.0,0.0,1.0,-0.00992253712611273,1.0140665501356125,0.14013636372983457,-0.16625804007053374,0.009913949579640757,0.23418277502059937,0.16773834824562073,0.2685968577861786,0.01,0,0.0,0.0,0.0,0.0,0.0,0.0,0.0,0.0,0.0,0.0,0.0
849,3477504,641.4576825277293,682.1155260751102,6.0048479230026715,0.07830313399608713,0,0,0,0,0.0,0.0,0.0,-0.01099511340726167,0.8199290752410888,0.11841258853673935,-0.1725318670272827,0.008510300348279997,0.2330774962902069,0.16703391075134277,0.2669652998447418,0.01,0,0.0,0.0,0.0,0.0,0.0,0.0,0.0,0.0,0.0,0.0,0.0
850,3481600,641.4921728435434,681.524813641367,6.0100526320020435,0.08014684599766042,0,0,0,0,0.0,0.0,0.0,-0.008255409996490926,0.9345358803868293,0.10911290384829045,-0.1867780178785324,0.011361825598578434,0.23207974433898926,0.16637811064720154,0.26602092385292053,0.01,0,0.0,0.0,0.0,0.0,0.0,0.0,0.0,0.0,0.0,0.0,0.0
851,3485696,641.5148531796096,670.4574500031658,6.1092616690002615,0.07877401499717962,1,0,0,1,0.0,0.0,1.0,-0.010439352528192104,0.7934603542089462,0.11338389459997415,-0.20213654339313508,0.008270410350814928,0.23048774898052216,0.1657705008983612,0.264066219329834,0.01,0,0.0,0.0,0.0,0.0,0.0,0.0,0.0,0.0,0.0,0.0,0.0
852,3489792,641.508864341331,644.6155758415737,6.354174726002384,0.07836975999816786,7,0,0,7,0.0,0.0,1.0,-0.016319886140991002,0.6037744164466858,0.10617664214223624,-0.22274645864963533,0.00866320514905965,0.22883650660514832,0.16478949785232544,0.2618127465248108,0.01,0,0.0,0.0,0.0,0.0,0.0,0.0,0.0,0.0,0.0,0.0,0.0
853,3493888,641.469542991528,617.1899742281358,6.636530356998264,0.07911951399728423,12,0,0,12,0.0,0.0,1.0,-0.012548906588926911,0.7582725673913956,0.10054620690643787,-0.23835925459861756,0.009294245523051359,0.22801737487316132,0.16514426469802856,0.2605041563510895,0.01,0,0.0,0.0,0.0,0.0,0.0,0.0,0.0,0.0,0.0,0.0,0.0
854,3497984,641.4450640239633,629.0950746908719,6.5109395460021915,0.07934876500075916,44,0,0,44,0.0,0.0,1.0,-0.008721719798631965,0.8302287891507149,0.15365104787051678,-0.24532487690448762,0.0054402779001975436,0.2275700569152832,0.16492438316345215,0.2597956359386444,0.01,0,0.0,0.0,0.0,0.0,0.0,0.0,0.0,0.0,0.0,0.0,0.0
855,3502080,641.4848686195398,686.6645959481583,5.965066532000492,0.0786726290025399,0,0,0,0,0.0,0.0,0.0,-0.008995113568380475,0.6171788781881332,0.11144638061523438,-0.24933210611343384,0.01430081560247345,0.22761857509613037,0.1641843318939209,0.261191725730896,0.01,0,0.0,0.0,0.0,0.0,0.0,0.0,0.0,0.0,0.0,0.0,0.0
856,3506176,641.5148657690638,677.3942185546254,6.046700559003511,0.079918846997316,0,0,0,0,0.0,0.0,0.0,-0.011073854961432516,0.8514777094125747,0.10172643847763538,-0.25120101273059847,0.008019309666997288,0.22748243808746338,0.16305215656757355,0.26186904311180115,0.01,0,0.0,0.0,0.0,0.0,0.0,0.0,0.0,0.0,0.0,0.0,0.0
857,3510272,641.5311089131816,663.8626464514772,6.1699510010003,0.07304007200582419,2,0,0,2,0.0,0.0,1.0,-0.01400444369064644,0.7599740505218506,0.11514997370541095,-0.25827387273311614,0.014250317658297717,0.22673706710338593,0.16199083626270294,0.26211613416671753,0.01,0,0.0,0.0,0.0,0.0,0.0,0.0,0.0,0.0,0.0,0.0,0.0
858,3514368,641.5069673503577,629.5030862014512,6.5067194899966125,0.08074327400390757,8,0,0,8,0.0,0.0,1.0,-0.009321582887787372,0.6875213012099266,0.1130747314542532,-0.2688261479139328,0.008696994656929746,0.22620385885238647,0.1613575518131256,0.26186633110046387,0.01,0,0.0,0.0,0.0,0.0,0.0,0.0,0.0,0.0,0.0,0.0,0.0
859,3518464,641.442287410309,597.3866455733217,6.856530909004505,0.07832944200345082,15,0,0,15,0.0,0.0,1.0,-0.009343059430830181,0.7555680319666862,0.13036031946539878,-0.27543718814849855,0.012493470043409616,0.2255769968032837,0.1610044240951538,0.26150602102279663,0.01,0,0.0,0.0,0.0,0.0,0.0,0.0,0.0,0.0,0.0,0.0,0.0
860,3522560,641.113346331208,630.2325960440371,6.499187800996879,2.7005519439990167,39,0,0,39,0.0,0.0,1.0,0.0,0.0,0.0,0.0,0.0,0.2255769968032837,0.1610044240951538,0.26150602102279663,0.01,1,0.7992140054702759,0.0046620131470263,4.608856678009033,0.0581352598965168,0.25334861874580383,0.3184806704521179,0.04506612569093704,0.4009630084037781,0.3932868242263794,0.07421875,25.99536895751953
861,3526656,641.1369946033099,670.8905504406365,6.1053177709982265,0.0775186430037138,0,0,0,0,0.0,0.0,0.0,-0.01107102467212826,0.6902104064822197,0.11155183967202902,-0.2823665738105774,0.010203703076695093,0.22548477351665497,0.15988880395889282,0.2629370391368866,0.01,0,0.0,0.0,0.0,0.0,0.0,0.0,0.0,0.0,0.0,0.0,0.0
862,3530752,641.1582661168446,668.9098390459048,6.123396249997313,0.07950705000257585,0,0,0,0,0.0,0.0,0.0,-0.010145561955869197,0.7351117983460427,0.10118040088564158,-0.2866230934858322,0.012922623712802306,0.22514575719833374,0.15943028032779694,0.2630787491798401,0.01,0,0.0,0.0,0.0,0.0,0.0,0.0,0.0,0.0,0.0,0.0,0.0
863,3534848,641.163701836207,654.3920676472901,6.259244576001947,0.0791454009959125,4,0,0,4,0.0,0.0,1.0,-0.010850851819850505,0.6486915126442909,0.10779844094067811,-0.2946478307247162,0.012110449638566934,0.22429990768432617,0.15847302973270416,0.26314160227775574,0.01,0,0.0,0.0,0.0,0.0,0.0,0.0,0.0,0.0,0.0,0.0,0.0
864,3538944,641.1304166125152,621.3268393732787,6.5923435789954965,0.07915260500158183,9,0,0,9,0.0,0.0,1.0,-0.008895654685329647,0.6867162063717842,0.11178446523845195,-0.30281769931316377,0.010566341593221295,0.22414302825927734,0.15872667729854584,0.2627080976963043,0.01,0,0.0,0.0,0.0,0.0,0.0,0.0,0.0,0.0,0.0,0.0,0.0
865,3543040,641.0755531447887,604.3363076165681,6.7776831349983695,0.08027790800406365,51,0,0,51,0.0,0.0,1.0,-0.010954260942526162,0.6365613043308258,0.11286608334630728,-0.30714026689529417,0.008721532688650769,0.2234567403793335,0.15798135101795197,0.26260194182395935,0.01,0,0.0,0.0,0.0,0.0,0.0,0.0,0.0,0.0,0.0,0.0,0.0
866,3547136,641.1140332225087,685.647744901287,5.97391303400218,0.08038804300304037,0,0,0,0,0.0,0.0,0.0,-0.00890489723533392,0.5847989797592164,0.12093484681099653,-0.31600146293640136,0.010795816290192306,0.2230483740568161,0.15773822367191315,0.263136088848114,0.01,0,0.0,0.0,0.0,0.0,0.0,0.0,0.0,0.0,0.0,0.0,0.0
867,3551232,641.1428963192047,676.1359098059734,6.057953645999078,0.07842013299523387,0,0,0,0,0.0,0.0,0.0,-0.012209697009529919,0.5660780966281891,0.08452904392033815,-0.3220483481884003,0.01331356227165088,0.22256581485271454,0.15686653554439545,0.2635616958141327,0.01,0,0.0,0.0,0.0,0.0,0.0,0.0,0.0,0.0,0.0,0.0,0.0
868,3555328,641.1760407366182,680.3513602319969,6.020418623993464,0.07849469299981138,0,0,0,0,0.0,0.0,0.0,-0.00967744862427935,0.9376065224409104,0.10443634856492282,-0.326134192943573,0.009028268349356949,0.22259369492530823,0.15680544078350067,0.2644374370574951,0.01,0,0.0,0.0,0.0,0.0,0.0,0.0,0.0,0.0,0.0,0.0,0.0
869,3559424,641.1843569377019,657.1379301985154,6.23309021100431,0.07973467699775938,4,0,0,4,0.0,0.0,1.0,-0.009148794028442353,0.7454683035612106,0.1214107446372509,-0.3319984972476959,0.013299197443120647,0.22160348296165466,0.1555059403181076,0.26377439498901367,0.01,0,0.0,0.0,0.0,0.0,0.0,0.0,0.0,0.0,0.0,0.0,0.0
870,3563520,641.1567654644987,625.7307520435584,6.54594645799807,0.07843938999576494,10,0,0,10,0.0,0.0,1.0,-0.012810887943487614,0.7306942656636238,0.12036388590931893,-0.346478134393692,0.00900353428296512,0.22126196324825287,0.1538982391357422,0.2652384042739868,0.01,0,0.0,0.0,0.0,0.0,0.0,0.0,0.0,0.0,0.0,0.0,0.0
871,3567616,641.117636189148,617.088691621773,6.637619608998648,0.0873176289969706,50,0,0,50,0.0,0.0,1.0,-0.01074568195035681,0.7806626319885254,0.13597736619412898,-0.35017864406108856,0.011363561174948699,0.22118251025676727,0.15393823385238647,0.2658632695674896,0.01,0,0.0,0.0,0.0,0.0,0.0,0.0,0.0,0.0,0.0,0.0,0.0
872,3571712,641.1518594319607,681.6413383573394,6.009025229999679,0.07934167900384637,0,0,0,0,0.0,0.0,0.0,-0.008319961011875422,0.746334345638752,0.1270800730213523,-0.3538150578737259,0.01427634433057392,0.22087572515010834,0.15326394140720367,0.26610031723976135,0.01,0,0.0,0.0,0.0,0.0,0.0,0.0,0.0,0.0,0.0,0.0,0.0
873,3575808,641.1908775093209,686.5051919110532,5.96645159900072,0.0791291539935628,0,0,0,0,0.0,0.0,0.0,-0.011374233209062367,0.47762200608849525,0.09465802032500506,-0.3568710207939148,0.014065960646257735,0.2207338809967041,0.15364038944244385,0.26628878712654114,0.01,0,0.0,0.0,0.0,0.0,0.0,0.0,0.0,0.0,0.0,0.0,0.0
874,3579904,641.2187538301412,675.5020627934599,6.063638034000178,0.07862840400048299,0,0,0,0,0.0,0.0,0.0,-0.006289236363954842,0.6696840152144432,0.11934809200465679,-0.3587461858987808,0.01166142675356241,0.22053198516368866,0.1530359834432602,0.266727089881897,0.01,0,0.0,0.0,0.0,0.0,0.0,0.0,0.0,0.0,0.0,0.0,0.0
875,3584000,641.2260472088813,656.390871525761,6.240184283000417,0.08099251900421223,4,0,0,4,0.0,0.0,1.0,-0.011829821835272014,0.795201413333416,0.11330899875611067,-0.36300057768821714,0.010642358640325256,0.22036075592041016,0.15226292610168457,0.2671545743942261,0.01,0,0.0,0.0,0.0,0.0,0.0,0.0,0.0,0.0,0.0,0.0,0.0
876,3588096,641.1860569856142,615.536102371069,6.654361919994699,0.07909841500077164,10,0,0,10,0.0,0.0,1.0,-0.012218304106499999,0.6498477593064308,0.11869407668709755,-0.36982135772705077,0.017056832808884793,0.2196948230266571,0.15192759037017822,0.26700904965400696,0.01,0,0.0,0.0,0.0,0.0,0.0,0.0,0.0,0.0,0.0,0.0,0.0
877,3592192,641.1631231647514,629.4222975710067,6.507554650997918,0.0776034729933599,50,0,0,50,0.0,0.0,1.0,-0.009358005621470511,0.6838261470198631,0.1384670052677393,-0.38015801906585694,0.01087443205033196,0.21875086426734924,0.1514430195093155,0.26583629846572876,0.01,0,0.0,0.0,0.0,0.0,0.0,0.0,0.0,0.0,0.0,0.0,0.0
878,3596288,641.1885235832038,673.0642217357719,6.085600553000404,0.07704983399889898,0,0,0,0,0.0,0.0,0.0,-0.009514339844463393,0.6478117778897285,0.11833858862519264,-0.39101978540420534,0.012073750577110331,0.2182365357875824,0.15069891512393951,0.2653590142726898,0.01,0,0.0,0.0,0.0,0.0,0.0,0.0,0.0,0.0,0.0,0.0,0.0
879,3600384,641.224403507117,683.5402659867011,5.992331694003951,0.07824492600047961,0,0,0,0,0.0,0.0,0.0,-0.012172829266637564,0.7956353306770325,0.11057657804340124,-0.39800775051116943,0.009558414062485098,0.21775196492671967,0.1503371298313141,0.2651173770427704,0.01,0,0.0,0.0,0.0,0.0,0.0,0.0,0.0,0.0,0.0,0.0,0.0
880,3604480,640.9135418299263,639.2571897378714,6.40743673399993,2.7038207839941606,0,0,0,0,0.0,0.0,0.0,0.0,0.0,0.0,0.0,0.0,0.21775196492671967,0.1503371298313141,0.2651173770427704,0.01,1,0.7088838815689087,0.0048470087349414825,4.512270927429199,0.04703764617443085,0.2582281231880188,0.1516946256160736,0.11116229742765427,0.4002388119697571,0.558664083480835,0.1015625,27.85759925842285
881,3608576,640.9139108687231,649.5061304196644,6.306330007006181,0.07784191399696283,5,0,0,5,0.0,0.0,1.0,-0.011600751010701061,0.6691545978188514,0.10949272438883781,-0.40719214677810667,0.011128747393377126,0.21708381175994873,0.14955392479896545,0.26544708013534546,0.01,0,0.0,0.0,0.0,0.0,0.0,0.0,0.0,0.0,0.0,0.0,0.0
882,3612672,640.8816514357609,621.4290027454181,6.591259793000063,0.08044819100177847,9,0,0,9,0.0,0.0,1.0,-0.00708342402940616,0.7404734253883362,0.13233935870230198,-0.41402428150177,0.010509345987520647,0.21702644228935242,0.14944414794445038,0.2663639783859253,0.01,0,0.0,0.0,0.0,0.0,0.0,0.0,0.0,0.0,0.0,0.0,0.0
883,3616768,640.8364463511608,611.7949304143142,6.695053843002825,0.09101639100117609,50,0,0,50,0.0,0.0,1.0,-0.011828398797661066,0.914649923145771,0.16039776653051377,-0.4198034852743149,0.011602383131685202,0.21590237319469452,0.1495554894208908,0.26433995366096497,0.01,0,0.0,0.0,0.0,0.0,0.0,0.0,0.0,0.0,0.0,0.0,0.0
884,3620864,640.8735526572649,684.5816916446825,5.983215808999375,0.07843307300208835,0,0,0,0,0.0,0.0,0.0,-0.012465976586099714,0.6640343174338341,0.10927393529564142,-0.4284830093383789,0.01415266239491757,0.21581673622131348,0.1496918648481369,0.2645469307899475,0.01,0,0.0,0.0,0.0,0.0,0.0,0.0,0.0,0.0,0.0,0.0,0.0
885,3624960,640.8984615032023,672.9601642735452,6.086541548000241,0.08112581900059013,0,0,0,0,0.0,0.0,0.0,-0.010498177923727781,0.8766070082783699,0.11164347119629384,-0.4338542640209198,0.015785559632058722,0.2148197889328003,0.14885739982128143,0.2635363042354584,0.01,0,0.0,0.0,0.0,0.0,0.0,0.0,0.0,0.0,0.0,0.0,0.0
886,3629056,640.9191966099407,668.7097649237505,6.125228334996791,0.0795626330000232,1,0,0,1,0.0,0.0,1.0,-0.010869791614823043,0.9230152100324631,0.13847020342946054,-0.4401605576276779,0.010554730263538658,0.21535784006118774,0.1490553766489029,0.2648245096206665,0.01,0,0.0,0.0,0.0,0.0,0.0,0.0,0.0,0.0,0.0,0.0,0.0
887,3633152,640.9164664138533,646.348023185323,6.3371432310013915,0.07467821600585012,6,0,0,6,0.0,0.0,1.0,-0.010513362556230277,0.6342341259121895,0.11918951142579318,-0.43497506976127626,0.009650067694019526,0.21520274877548218,0.1495126485824585,0.2651447057723999,0.01,0,0.0,0.0,0.0,0.0,0.0,0.0,0.0,0.0,0.0,0.0,0.0
888,3637248,640.8764208081393,614.7243531265538,6.6631490670042695,0.07907077400159324,12,0,0,12,0.0,0.0,1.0,-0.011111565562896431,0.4740739732980728,0.1066503070294857,-0.4358895719051361,0.013758285946096294,0.2152797430753708,0.14977571368217468,0.2652445435523987,0.01,0,0.0,0.0,0.0,0.0,0.0,0.0,0.0,0.0,0.0,0.0,0.0
889,3641344,640.8628463700928,638.083342304992,6.4192241490018205,0.08926084900303977,45,0,0,45,0.0,0.0,1.0,-0.008002372598275543,0.85922419577837,0.1484787728637457,-0.43254161477088926,0.012077104311902075,0.2154560387134552,0.15020841360092163,0.26570409536361694,0.01,0,0.0,0.0,0.0,0.0,0.0,0.0,0.0,0.0,0.0,0.0,0.0
890,3645440,640.9046529990587,688.5356474419208,5.948856846000126,0.06825712600402767,0,0,0,0,0.0,0.0,0.0,-0.009360230388119816,0.8655342534184456,0.1120531739667058,-0.4357558906078339,0.012146328590461053,0.21486055850982666,0.14953362941741943,0.2651338279247284,0.01,0,0.0,0.0,0.0,0.0,0.0,0.0,0.0,0.0,0.0,0.0,0.0
891,3649536,640.9281394229732,671.4525817690818,6.100207388000854,0.07909162800206104,0,0,0,0,0.0,0.0,0.0,-0.008724385616369545,0.8972501158714294,0.11082371193915605,-0.4455598324537277,0.012346814220654779,0.21432864665985107,0.14899156987667084,0.26590561866760254,0.01,0,0.0,0.0,0.0,0.0,0.0,0.0,0.0,0.0,0.0,0.0,0.0
892,3653632,640.9448450002598,664.9785476232597,6.159597199999553,0.07892735300265485,2,0,1,1,0.0,0.5,0.5,-0.010066515312064438,0.9730190247297287,0.11875338442623615,-0.45316536724567413,0.013269132059940602,0.2138456106185913,0.14880448579788208,0.2660779654979706,0.01,0,0.0,0.0,0.0,0.0,0.0,0.0,0.0,0.0,0.0,0.0,0.0
893,3657728,640.9370019995769,642.2454044337687,6.377624459004437,0.07923599999776343,7,0,0,7,0.0,0.0,1.0,-0.012154094479046761,0.686706916987896,0.11365038119256496,-0.4617749661207199,0.013468089778325521,0.21312682330608368,0.14891991019248962,0.2654101550579071,0.01,0,0.0,0.0,0.0,0.0,0.0,0.0,0.0,0.0,0.0,0.0,0.0
894,3661824,640.8907045146776,609.5771088781289,6.719412425998598,0.07929828500346048,14,0,0,14,0.0,0.0,1.0,-0.008842679590452462,0.6821729630231858,0.11883471794426441,-0.46487765908241274,0.006392426571983379,0.21332375705242157,0.14822041988372803,0.26707902550697327,0.01,0,0.0,0.0,0.0,0.0,0.0,0.0,0.0,0.0,0.0,0.0,0.0
895,3665920,640.90125826775,658.2308283662358,6.222741056000814,0.07032481799978996,41,0,0,41,0.0,0.0,1.0,-0.007956704369280487,0.9851269036531448,0.1591384571045637,-0.46821084916591643,0.012234639744565356,0.21309904754161835,0.14769136905670166,0.2677105963230133,0.01,0,0.0,0.0,0.0,0.0,0.0,0.0,0.0,0.0,0.0,0.0,0.0
896,3670016,640.9295649673273,676.3583668686272,6.05596116000379,0.07887454999581678,0,0,0,0,0.0,0.0,0.0,-0.00953011509263888,0.7780793130397796,0.11315750870853662,-0.4774122893810272,0.013432741006545257,0.2118162363767624,0.14716672897338867,0.26622503995895386,0.01,0,0.0,0.0,0.0,0.0,0.0,0.0,0.0,0.0,0.0,0.0,0.0
897,3674112,640.9557338506656,675.246171534007,6.065935910002736,0.08774348500446649,0,0,0,0,0.0,0.0,0.0,-0.010507393383886666,0.9569511711597443,0.12078914325684309,-0.4926278918981552,0.012721247399167624,0.2111901044845581,0.1470237523317337,0.26528459787368774,0.01,0,0.0,0.0,0.0,0.0,0.0,0.0,0.0,0.0,0.0,0.0,0.0
898,3678208,640.9642890953202,657.2391480969724,6.232130286000029,0.07857260699529434,4,0,0,4,0.0,0.0,1.0,-0.008467434189515188,0.7509836316108703,0.1233606543391943,-0.49993795454502105,0.01021384227933595,0.2105039358139038,0.14641135931015015,0.2642703950405121,0.01,0,0.0,0.0,0.0,0.0,0.0,0.0,0.0,0.0,0.0,0.0,0.0
899,3682304,640.9391963421832,627.1660894272893,6.530965352001658,0.08120879600028275,8,0,0,8,0.0,0.0,1.0,-0.009935843606945128,0.7370612487196923,0.10894348118454218,-0.5075076818466187,0.01159084834071109,0.21044783294200897,0.1460873782634735,0.2646048665046692,0.01,0,0.0,0.0,0.0,0.0,0.0,0.0,0.0,0.0,0.0,0.0,0.0
900,3686400,640.51978131414,562.479547178861,7.282042557002569,2.8714486910030246,52,0,1,51,0.0,0.019230769230769232,0.9807692307692307,0.0,0.0,0.0,0.0,0.0,0.21044783294200897,0.1460873782634735,0.2646048665046692,0.01,1,0.6617142558097839,0.004378733225166798,4.52230167388916,0.03802976757287979,0.312610387802124,0.14383426308631897,0.05325842648744583,0.3920685648918152,0.3118894100189209,0.10546875,27.494129180908203
901,3690496,640.5520599817368,680.3547547625091,6.0203885859955335,0.07892256700142752,0,0,0,0,0.0,0.0,0.0,-0.00925146205117926,0.8965807616710663,0.13914959579706193,-0.5061562597751618,0.012571586314879823,0.21066272258758545,0.14577534794807434,0.2653408646583557,0.01,0,0.0,0.0,0.0,0.0,0.0,0.0,0.0,0.0,0.0,0.0,0.0
902,3694592,640.5907749012777,686.8746478180066,5.963242366000486,0.07831498599989573,0,0,0,0,0.0,0.0,0.0,-0.008003520767670125,0.8564261972904206,0.1157065125182271,-0.5070895403623581,0.010155125247547404,0.21045605838298798,0.1455797702074051,0.2654085159301758,0.01,0,0.0,0.0,0.0,0.0,0.0,0.0,0.0,0.0,0.0,0.0,0.0
903,3698688,640.6205436745245,677.848320500321,6.0426497730004485,0.07916532899980666,0,0,0,0,0.0,0.0,0.0,-0.011891600931994617,0.920836116373539,0.14150567203760148,-0.5152442514896393,0.01161903395113768,0.2094452828168869,0.14487898349761963,0.26348888874053955,0.01,0,0.0,0.0,0.0,0.0,0.0,0.0,0.0,0.0,0.0,0.0,0.0
904,3702784,640.6248553768412,653.0416256401893,6.272188233000634,0.07936944399989443,4,0,0,4,0.0,0.0,1.0,-0.010631091159302742,0.6767552733421326,0.12055059093981982,-0.5255953460931778,0.01226012450933922,0.20923683047294617,0.14480938017368317,0.2632743716239929,0.01,0,0.0,0.0,0.0,0.0,0.0,0.0,0.0,0.0,0.0,0.0,0.0
905,3706880,640.5884493899676,616.8672224823262,6.640002662999905,0.07944758999656187,10,0,0,10,0.0,0.0,1.0,-0.013657700328622013,0.5589599758386612,0.10855739582329989,-0.5301647275686264,0.012666305390303024,0.20860075950622559,0.14406277239322662,0.2630155682563782,0.01,0,0.0,0.0,0.0,0.0,0.0,0.0,0.0,0.0,0.0,0.0,0.0
906,3710976,640.5471011705602,612.7945625661476,6.6841324160050135,0.08087456900102552,50,0,0,50,0.0,0.0,1.0,-0.01106685163686052,0.7027138143777847,0.13650183901190757,-0.5381825804710388,0.014741345976653974,0.20841369032859802,0.1436096429824829,0.26223132014274597,0.01,0,0.0,0.0,0.0,0.0,0.0,0.0,0.0,0.0,0.0,0.0,0.0
907,3715072,640.57832424884,679.3705251734215,6.029110548995959,0.07959664300142322,0,0,0,0,0.0,0.0,0.0,-0.00966726429760456,0.8196541205048561,0.13443934693932533,-0.5418646246194839,0.00974265341355931,0.20806841552257538,0.14279568195343018,0.2625858783721924,0.01,0,0.0,0.0,0.0,0.0,0.0,0.0,0.0,0.0,0.0,0.0,0.0
908,3719168,640.6146982132359,684.8901994549511,5.980520678000175,0.08050022599491058,0,0,0,0,0.0,0.0,0.0,-0.010916039173025638,0.7969618588685989,0.11849444564431906,-0.5487749636173248,0.008292121349950322,0.20762038230895996,0.14272058010101318,0.2618825435638428,0.01,0,0.0,0.0,0.0,0.0,0.0,0.0,0.0,0.0,0.0,0.0,0.0
909,3723264,640.6466711714669,680.3419093341009,6.020502256003965,0.08014101000298979,0,0,0,0,0.0,0.0,0.0,-0.006108461588155478,0.8670793950557709,0.12890668213367462,-0.556610319018364,0.01345545504736947,0.20711301267147064,0.14229537546634674,0.26199376583099365,0.01,0,0.0,0.0,0.0,0.0,0.0,0.0,0.0,0.0,0.0,0.0,0.0
910,3727360,640.6610842676279,664.1713233329526,6.167083485997864,0.09239105899905553,4,0,0,4,0.0,0.0,1.0,-0.011349379876628518,0.6907661974430084,0.1186589414253831,-0.5610839694738388,0.007374517082644161,0.2070516049861908,0.14211994409561157,0.26241859793663025,0.01,0,0.0,0.0,0.0,0.0,0.0,0.0,0.0,0.0,0.0,0.0,0.0
911,3731456,640.6283238139232,619.9784596048439,6.606681146004121,0.08086380200256826,12,0,2,10,0.0,0.16666666666666666,0.8333333333333334,-0.01128006522776559,0.6915977776050568,0.12262373939156532,-0.5622397571802139,0.008360327433911153,0.2070334404706955,0.1417950987815857,0.2628552317619324,0.01,0,0.0,0.0,0.0,0.0,0.0,0.0,0.0,0.0,0.0,0.0,0.0
912,3735552,640.5814196517832,607.8350569528984,6.738670225000533,0.07840806099557085,48,0,0,48,0.0,0.0,1.0,-0.00739002552581951,0.8802427694201469,0.1523759052157402,-0.5673935294151307,0.0075897308852290735,0.20647475123405457,0.14110419154167175,0.26318708062171936,0.01,0,0.0,0.0,0.0,0.0,0.0,0.0,0.0,0.0,0.0,0.0,0.0
913,3739648,640.6110118765217,677.9541743203845,6.041706290998263,0.07980356199550442,0,0,0,0,0.0,0.0,0.0,-0.009865899267606438,0.7569547399878502,0.12741506081074477,-0.5770497500896454,0.012432031478965655,0.20608124136924744,0.14036992192268372,0.26297008991241455,0.01,0,0.0,0.0,0.0,0.0,0.0,0.0,0.0,0.0,0.0,0.0,0.0
914,3743744,640.6377986344156,675.1246963306188,6.067027354001766,0.07866436699987389,0,0,0,0,0.0,0.0,0.0,-0.011720479343784973,1.1693974405527114,0.13609453439712524,-0.5858245521783829,0.011544381306157448,0.20518836379051208,0.13993655145168304,0.2616904377937317,0.01,0,0.0,0.0,0.0,0.0,0.0,0.0,0.0,0.0,0.0,0.0,0.0
915,3747840,640.6640939197267,674.4561968607757,6.073040798000875,0.07730730999901425,0,0,0,0,0.0,0.0,0.0,-0.007077611843124032,0.895725141465664,0.1364188738167286,-0.5956852972507477,0.010848917548719328,0.2048533856868744,0.13937020301818848,0.2619301378726959,0.01,0,0.0,0.0,0.0,0.0,0.0,0.0,0.0,0.0,0.0,0.0,0.0
916,3751936,640.6680408879471,652.7447572415768,6.275040825006727,0.07927081199886743,4,0,0,4,0.0,0.0,1.0,-0.011264698416925966,0.7810174599289894,0.1205420607700944,-0.6008287280797958,0.014439936830603984,0.20462703704833984,0.13926397264003754,0.2612501382827759,0.01,0,0.0,0.0,0.0,0.0,0.0,0.0,0.0,0.0,0.0,0.0,0.0
917,3756032,640.6193480802732,606.2685458377011,6.756081984000048,0.07995575800305232,13,0,0,13,0.0,0.0,1.0,-0.012957340595312417,0.8414041504263878,0.12074677012860775,-0.6124909371137619,0.010804956743959338,0.2028575837612152,0.139046773314476,0.25922372937202454,0.01,0,0.0,0.0,0.0,0.0,0.0,0.0,0.0,0.0,0.0,0.0,0.0
918,3760128,640.5764452249068,610.9232797543241,6.704606184997829,0.07928025200089905,47,0,0,47,0.0,0.0,1.0,-0.010270923911593854,1.0097263678908348,0.16170579716563224,-0.629390424489975,0.015332993525953497,0.20253896713256836,0.13871395587921143,0.2596217691898346,0.01,0,0.0,0.0,0.0,0.0,0.0,0.0,0.0,0.0,0.0,0.0,0.0
919,3764224,640.6037936823077,675.775435290167,6.0611851009962265,0.07922926799801644,0,0,0,0,0.0,0.0,0.0,-0.00952684530057013,0.8707030475139618,0.14389066770672798,-0.6350901007652283,0.01140304464061046,0.20199891924858093,0.13811863958835602,0.2586250305175781,0.01,0,0.0,0.0,0.0,0.0,0.0,0.0,0.0,0.0,0.0,0.0,0.0
920,3768320,640.3016165234852,633.0998539896202,6.469753506004054,2.696793096001784,0,0,0,0,0.0,0.0,0.0,0.0,0.0,0.0,0.0,0.0,0.20199891924858093,0.13811863958835602,0.2586250305175781,0.01,1,0.7043919563293457,0.004994858056306839,4.617218494415283,0.05218303203582764,0.24431930482387543,0.17805558443069458,0.07350631058216095,0.3675103783607483,0.7783079743385315,0.09765625,27.853778839111328
921,3772416,640.3238578231642,670.6278162019744,6.1077096730005,0.08141340199654223,1,0,0,1,0.0,0.0,1.0,-0.010239908914081752,0.7700952023267746,0.10959709119051694,-0.6454872399568558,0.01751794415031327,0.20124775171279907,0.13723360002040863,0.2577839195728302,0.01,0,0.0,0.0,0.0,0.0,0.0,0.0,0.0,0.0,0.0,0.0,0.0
922,3776512,640.3347893842642,659.1806200498239,6.213774912997906,0.0792303760026698,7,0,0,7,0.0,0.0,1.0,-0.0060227690788451586,0.7672543436288833,0.1275258619338274,-0.6550577729940414,0.01283650184632279,0.20079731941223145,0.13696229457855225,0.25738099217414856,0.01,0,0.0,0.0,0.0,0.0,0.0,0.0,0.0,0.0,0.0,0.0,0.0
923,3780608,640.2962378903917,614.1205647335687,6.669700113001454,0.078716133000853,11,0,0,11,0.0,0.0,1.0,-0.01189716657390818,0.5599920853972435,0.13291925936937332,-0.6603004485368729,0.012925098001142032,0.20050601661205292,0.13727912306785583,0.25774964690208435,0.01,0,0.0,0.0,0.0,0.0,0.0,0.0,0.0,0.0,0.0,0.0,0.0
924,3784704,640.2711246890653,625.5221657374868,6.548129266004253,0.07783391999691958,45,0,0,45,0.0,0.0,1.0,-0.008557821880094707,0.9773419842123985,0.18212498724460602,-0.6677056312561035,0.011198113580758218,0.1996983289718628,0.13671541213989258,0.2569074332714081,0.01,0,0.0,0.0,0.0,0.0,0.0,0.0,0.0,0.0,0.0,0.0,0.0
925,3788800,640.3131247091646,691.0961384654639,5.926816505001625,0.07928489400364924,0,0,0,0,0.0,0.0,0.0,-0.00966372032999061,0.6729763701558114,0.14865135289728643,-0.6767906486988068,0.016319942149857526,0.19966767728328705,0.1357138603925705,0.2575227618217468,0.01,0,0.0,0.0,0.0,0.0,0.0,0.0,0.0,0.0,0.0,0.0,0.0
926,3792896,640.3392635822439,674.3722592323763,6.0737966960005,0.07819399199797772,0,0,0,0,0.0,0.0,0.0,-0.010485241864807903,0.9957509592175484,0.14838670156896114,-0.6786356270313263,0.015378893857996446,0.19945017993450165,0.13585464656352997,0.2564506232738495,0.01,0,0.0,0.0,0.0,0.0,0.0,0.0,0.0,0.0,0.0,0.0,0.0
927,3796992,640.3468297136013,656.0270368495992,6.24364510900341,0.07960089500556933,2,0,1,1,0.0,0.5,0.5,-0.0104642330436036,0.763086561858654,0.13067254833877087,-0.684130921959877,0.011948165742796845,0.19860237836837769,0.1360389143228531,0.2543466091156006,0.01,0,0.0,0.0,0.0,0.0,0.0,0.0,0.0,0.0,0.0,0.0,0.0
928,3801088,640.3303377302215,633.5697391573051,6.46495523199701,0.08112642099877121,10,0,0,10,0.0,0.0,1.0,-0.012233792373444885,0.809406866133213,0.12963314075022936,-0.6936487257480621,0.011190362596244086,0.19811716675758362,0.13570453226566315,0.25400546193122864,0.01,0,0.0,0.0,0.0,0.0,0.0,0.0,0.0,0.0,0.0,0.0,0.0
929,3805184,640.2947230678478,616.4456950427029,6.644543116999557,0.07985641100094654,13,0,0,13,0.0,0.0,1.0,-0.011055421235505491,0.5229975797235966,0.13032958563417196,-0.6995438456535339,0.013771159158204682,0.19788043200969696,0.13527806103229523,0.25371456146240234,0.01,0,0.0,0.0,0.0,0.0,0.0,0.0,0.0,0.0,0.0,0.0,0.0
930,3809280,640.2974586155206,651.2017859010541,6.289909039995109,0.0785557890048949,39,0,0,39,0.0,0.0,1.0,-0.006606059963814914,1.1646162837743759,0.18237499110400676,-0.7035728186368942,0.009821574622765183,0.19771403074264526,0.13472610712051392,0.2538876533508301,0.01,0,0.0,0.0,0.0,0.0,0.0,0.0,0.0,0.0,0.0,0.0,0.0
931,3813376,640.3217157017766,672.248057589423,6.0929889700055355,0.07493328999407822,0,0,0,0,0.0,0.0,0.0,-0.01111104998853989,0.937862615287304,0.1596010707318783,-0.7091388046741486,0.015303427824983373,0.19713321328163147,0.13450857996940613,0.25214746594429016,0.01,0,0.0,0.0,0.0,0.0,0.0,0.0,0.0,0.0,0.0,0.0,0.0
932,3817472,640.3429299898166,669.5539848386172,6.117505223999615,0.0788190349994693,1,0,1,0,0.0,1.0,0.0,-0.01046221486176364,1.0794782742857933,0.14538660310208798,-0.7217515259981155,0.011553713663306552,0.1958928108215332,0.1340627819299698,0.2504788041114807,0.01,0,0.0,0.0,0.0,0.0,0.0,0.0,0.0,0.0,0.0,0.0,0.0
933,3821568,640.3638543165932,670.5339864952801,6.10856434199377,0.08967937600391451,2,0,0,2,0.0,0.0,1.0,-0.010340674984036013,0.6887910336256027,0.12467398047447205,-0.7353317230939865,0.01400451062072534,0.1953398436307907,0.13377901911735535,0.2497003674507141,0.01,0,0.0,0.0,0.0,0.0,0.0,0.0,0.0,0.0,0.0,0.0,0.0
934,3825664,640.3211400203339,610.5584278553597,6.708612661997904,0.08276173799822573,12,0,0,12,0.0,0.0,1.0,-0.008432403276674449,0.6356621414422989,0.12940132338553667,-0.7403710305690765,0.011476184286584612,0.19527439773082733,0.1331862360239029,0.2500453591346741,0.01,0,0.0,0.0,0.0,0.0,0.0,0.0,0.0,0.0,0.0,0.0,0.0
935,3829760,640.2695002258513,602.6150239451398,6.79704261799634,0.07902478899632115,49,0,0,49,0.0,0.0,1.0,-0.010913519165478646,0.7631758049130439,0.13974060900509358,-0.7505067110061645,0.009234464389737695,0.19386026263237,0.13273553550243378,0.24803422391414642,0.01,0,0.0,0.0,0.0,0.0,0.0,0.0,0.0,0.0,0.0,0.0,0.0
936,3833856,640.3036248257138,683.2859352007812,5.994562143001531,0.08024251699680462,0,0,0,0,0.0,0.0,0.0,-0.007250498759094626,0.9502875044941902,0.18670002073049546,-0.7679346382617951,0.011022283171769232,0.1932140439748764,0.13237889111042023,0.24710635840892792,0.01,0,0.0,0.0,0.0,0.0,0.0,0.0,0.0,0.0,0.0,0.0,0.0
937,3837952,640.3267044522414,671.5324877857284,6.099481520999689,0.07849511499807704,0,0,0,0,0.0,0.0,0.0,-0.00985839831409976,0.9838291078805923,0.1422786857932806,-0.7721517294645309,0.011190922989044338,0.19301816821098328,0.13290122151374817,0.24701382219791412,0.01,0,0.0,0.0,0.0,0.0,0.0,0.0,0.0,0.0,0.0,0.0,0.0
938,3842048,640.3594418924572,681.8618738474414,6.007081723000738,0.07982450000417884,1,0,0,1,0.0,0.0,1.0,-0.009311562590301036,1.012392282485962,0.13159664832055568,-0.7750670701265335,0.011857949050317984,0.1928868293762207,0.13282789289951324,0.24709445238113403,0.01,0,0.0,0.0,0.0,0.0,0.0,0.0,0.0,0.0,0.0,0.0,0.0
939,3846144,640.3606364546999,649.8488424138063,6.303004226007033,0.07892171400453662,4,0,0,4,0.0,0.0,1.0,-0.011383739579468966,0.8639373064041138,0.10420436877757311,-0.7780788779258728,0.015545863728038966,0.19245001673698425,0.13286466896533966,0.2463918924331665,0.01,0,0.0,0.0,0.0,0.0,0.0,0.0,0.0,0.0,0.0,0.0,0.0
940,3850240,640.0042469219048,589.1332627600826,6.9525865519972285,2.7888928309985204,10,0,0,10,0.0,0.0,1.0,0.0,0.0,0.0,0.0,0.0,0.19245001673698425,0.13286466896533966,0.2463918924331665,0.01,1,0.6382799744606018,0.004640287719666958,4.520143032073975,0.044707782566547394,0.27121102809906006,0.13889768719673157,0.06255115568637848,0.3479396104812622,0.46684104204177856,0.08984375,28.193220138549805
941,3854336,639.9603321968444,608.5397466909569,6.730866837002395,0.07913449899933767,49,0,0,49,0.0,0.0,1.0,-0.013658853864762932,0.8190468654036522,0.1642658907920122,-0.7846641063690185,0.011016253534762654,0.19210407137870789,0.13243788480758667,0.24635019898414612,0.01,0,0.0,0.0,0.0,0.0,0.0,0.0,0.0,0.0,0.0,0.0,0.0
942,3858432,639.9900054036415,678.197255759451,6.039540805002616,0.07820851900032721,0,0,0,0,0.0,0.0,0.0,-0.010330586088821292,1.0794948995113374,0.17362289540469647,-0.7899179190397263,0.010967144250753336,0.1918519139289856,0.1323324292898178,0.24517835676670074,0.01,0,0.0,0.0,0.0,0.0,0.0,0.0,0.0,0.0,0.0,0.0,0.0
943,3862528,640.0147621531135,673.2823100438558,6.083629316999577,0.07977830700110644,0,0,0,0,0.0,0.0,0.0,-0.005241678387392312,0.9793651774525642,0.14854091852903367,-0.7889140605926513,0.015357333156862297,0.19214293360710144,0.1323455423116684,0.24567285180091858,0.01,0,0.0,0.0,0.0,0.0,0.0,0.0,0.0,0.0,0.0,0.0,0.0
944,3866624,640.0413023251201,675.1801295159444,6.066529242998513,0.07880992200080073,1,0,0,1,0.0,0.0,1.0,-0.011245315545238554,0.9142825797200202,0.1254513908177614,-0.7913693577051163,0.009374515517265536,0.19132786989212036,0.13183054327964783,0.24444635212421417,0.01,0,0.0,0.0,0.0,0.0,0.0,0.0,0.0,0.0,0.0,0.0,0.0
945,3870720,640.0466779040624,653.1258930125946,6.2713789850022295,0.07406818899471546,4,0,0,4,0.0,0.0,1.0,-0.0072990767657756805,0.7192706778645516,0.14052932150661945,-0.8008448988199234,0.013972898127394728,0.19136886298656464,0.13161268830299377,0.2452562302350998,0.01,0,0.0,0.0,0.0,0.0,0.0,0.0,0.0,0.0,0.0,0.0,0.0
946,3874816,640.0156646007324,618.4874221021256,6.6226084049994824,0.06747293600346893,11,0,0,11,0.0,0.0,1.0,-0.012387533427681775,0.6353243097662926,0.14440677985548972,-0.8022851943969727,0.015050086766132153,0.19113247096538544,0.13109326362609863,0.24519871175289154,0.01,0,0.0,0.0,0.0,0.0,0.0,0.0,0.0,0.0,0.0,0.0,0.0
947,3878912,639.9707081061798,607.741237009729,6.739710505993571,0.08305073900555726,48,0,1,47,0.0,0.020833333333333332,0.9791666666666666,-0.010311047197319567,0.8221875637769699,0.16855534799396993,-0.8064136773347854,0.011961141652136575,0.19086217880249023,0.1316937953233719,0.24501270055770874,0.01,0,0.0,0.0,0.0,0.0,0.0,0.0,0.0,0.0,0.0,0.0,0.0
948,3883008,640.0020038422444,680.2982997499234,6.020888191997074,0.07938911899691448,0,0,0,0,0.0,0.0,0.0,-0.009335083118639887,0.8658253222703933,0.1581273838877678,-0.8102418035268784,0.00919125709333457,0.1904902458190918,0.13089041411876678,0.2453766018152237,0.01,0,0.0,0.0,0.0,0.0,0.0,0.0,0.0,0.0,0.0,0.0,0.0
949,3887104,640.0371864448484,683.3655731118262,5.993863550000242,0.06912928800011287,0,0,0,0,0.0,0.0,0.0,-0.003539727593306452,1.012322136759758,0.1443856529891491,-0.8122991651296616,0.017451501556206495,0.19097784161567688,0.13116197288036346,0.24622276425361633,0.01,0,0.0,0.0,0.0,0.0,0.0,0.0,0.0,0.0,0.0,0.0,0.0
950,3891200,640.0530731757725,663.1275297842155,6.176790762001474,0.0689720930022304,2,0,1,1,0.0,0.5,0.5,-0.006790074147284031,0.9403837203979493,0.1382939837872982,-0.8088960587978363,0.014694289542967453,0.1908320188522339,0.13102002441883087,0.24627958238124847,0.01,0,0.0,0.0,0.0,0.0,0.0,0.0,0.0,0.0,0.0,0.0,0.0
951,3895296,640.0565075737509,651.9050092167219,6.283123985995189,0.07913679700141074,5,0,1,4,0.0,0.2,0.8,-0.010231496661435812,0.7874238297343255,0.1261817615479231,-0.8130299329757691,0.016413948617991992,0.19046704471111298,0.13070045411586761,0.24632105231285095,0.01,0,0.0,0.0,0.0,0.0,0.0,0.0,0.0,0.0,0.0,0.0,0.0
952,3899392,640.0153640084245,609.8751837559028,6.716128331005166,0.07172803499997826,11,0,0,11,0.0,0.0,1.0,-0.011088707693852484,0.6739226788282394,0.1256187528371811,-0.8199326455593109,0.01491229805687908,0.1900944709777832,0.13101589679718018,0.24653463065624237,0.01,0,0.0,0.0,0.0,0.0,0.0,0.0,0.0,0.0,0.0,0.0,0.0
953,3903488,639.9832796759778,617.397971224915,6.634294556999521,0.06772028499835869,46,0,1,45,0.0,0.021739130434782608,0.9782608695652174,-0.004983097256626934,1.1330915257334708,0.18047618605196475,-0.8255767583847046,0.013350997239467689,0.18976472318172455,0.13023892045021057,0.24708841741085052,0.01,0,0.0,0.0,0.0,0.0,0.0,0.0,0.0,0.0,0.0,0.0,0.0
954,3907584,640.0122394562869,678.0453931416395,6.0408934880033485,0.08021064900094643,0,0,0,0,0.0,0.0,0.0,-0.00571141648106277,0.9251602113246917,0.15210326313972472,-0.8318620681762695,0.01291861429635901,0.1895996332168579,0.13006092607975006,0.24717977643013,0.01,0,0.0,0.0,0.0,0.0,0.0,0.0,0.0,0.0,0.0,0.0,0.0
955,3911680,640.0450154026548,682.0488848606716,6.005434641003376,0.07819637499778764,0,0,0,0,0.0,0.0,0.0,-0.013383199099916965,0.961128544807434,0.13084492795169353,-0.8420446157455445,0.01329600475874031,0.18827883899211884,0.12900981307029724,0.24521654844284058,0.01,0,0.0,0.0,0.0,0.0,0.0,0.0,0.0,0.0,0.0,0.0,0.0
956,3915776,640.0539270496317,656.0884639442739,6.243060540000442,0.06819181000173558,3,0,0,3,0.0,0.0,1.0,-0.010465452820062638,0.6703778699040412,0.12110774181783199,-0.860183933377266,0.011093965340114665,0.18753263354301453,0.1290110945701599,0.24454960227012634,0.01,0,0.0,0.0,0.0,0.0,0.0,0.0,0.0,0.0,0.0,0.0,0.0
957,3919872,640.0492551493766,644.0455030957492,6.3597990830021445,0.08071870700223371,6,0,0,6,0.0,0.0,1.0,-0.009550667216535658,0.6765239715576172,0.11556051131337881,-0.8714602410793304,0.014088328977231867,0.18657353520393372,0.1287437230348587,0.24279241263866425,0.01,0,0.0,0.0,0.0,0.0,0.0,0.0,0.0,0.0,0.0,0.0,0.0
958,3923968,640.0043072060224,606.1808318361202,6.757059584997478,0.06997331000457052,12,0,1,11,0.0,0.08333333333333333,0.9166666666666666,-0.00865906208055094,0.7959133952856063,0.12098989617079496,-0.888429144024849,0.015097678899473976,0.18546496331691742,0.12812276184558868,0.24168702960014343,0.01,0,0.0,0.0,0.0,0.0,0.0,0.0,0.0,0.0,0.0,0.0,0.0
959,3928064,639.9871774895441,631.8950836082261,6.482088730001124,0.07916484399902401,43,0,0,43,0.0,0.0,1.0,-0.006718384870328009,0.9101349011063575,0.17412784583866597,-0.9015771001577377,0.012822980782948435,0.18483345210552216,0.12787795066833496,0.24035944044589996,0.01,0,0.0,0.0,0.0,0.0,0.0,0.0,0.0,0.0,0.0,0.0,0.0
960,3932160,639.698690037275,633.7053459829326,6.46357179399638,2.703904017995228,0,0,0,0,0.0,0.0,0.0,0.0,0.0,0.0,0.0,0.0,0.18483345210552216,0.12787795066833496,0.24035944044589996,0.01,1,0.6959055662155151,0.004816330969333649,4.603086471557617,0.052547674626111984,0.26120442152023315,0.17141491174697876,0.08454068005084991,0.33465877175331116,0.5444982647895813,0.09765625,27.728723526000977
961,3936256,639.7262335264201,676.5422426444622,6.054315225002938,0.08071679599379422,0,0,0,0,0.0,0.0,0.0,-0.013245150854345411,0.8247432842850685,0.14025506675243377,-0.9075514525175095,0.01798302145325579,0.1846744418144226,0.12787343561649323,0.2396285980939865,0.01,0,0.0,0.0,0.0,0.0,0.0,0.0,0.0,0.0,0.0,0.0,0.0
962,3940352,639.7422430089991,664.3557968302757,6.165371055001742,0.07953960399754578,3,0,0,3,0.0,0.0,1.0,-0.015018778410740197,0.7314633905887604,0.12212218269705773,-0.9074824184179306,0.01364821605529869,0.18481068313121796,0.1280699521303177,0.24017664790153503,0.01,0,0.0,0.0,0.0,0.0,0.0,0.0,0.0,0.0,0.0,0.0,0.0
963,3944448,639.7086750070224,616.6722379499628,6.642102154000895,0.0806146169998101,9,0,0,9,0.0,0.0,1.0,-0.013722388911992312,0.6933638244867325,0.13001669086515905,-0.9046129435300827,0.011919019036577083,0.18500947952270508,0.1285141408443451,0.24112257361412048,0.01,0,0.0,0.0,0.0,0.0,0.0,0.0,0.0,0.0,0.0,0.0,0.0
964,3948544,639.6686339537697,610.7003433651291,6.707053703998099,0.078899526000896,14,0,0,14,0.0,0.0,1.0,-0.011213480099104344,0.5630176350474357,0.1247724298387766,-0.9053608179092407,0.014802492466697004,0.1846504509449005,0.12812493741512299,0.24105079472064972,0.01,0,0.0,0.0,0.0,0.0,0.0,0.0,0.0,0.0,0.0,0.0,0.0
965,3952640,639.6720815042574,651.8606078331599,6.283551960004843,0.08286221599701094,38,0,0,38,0.0,0.0,1.0,-0.008710012084338813,0.9245645299553871,0.18173619955778123,-0.9135070264339447,0.012391970900353044,0.1840386688709259,0.1275416761636734,0.23934592306613922,0.01,0,0.0,0.0,0.0,0.0,0.0,0.0,0.0,0.0,0.0,0.0,0.0
966,3956736,639.709254553683,685.8580304964332,5.97208141900046,0.06795853500079829,0,0,0,0,0.0,0.0,0.0,-0.011823828308843076,0.6892430722713471,0.1350280188024044,-0.9182758420705796,0.019163217722962145,0.18415793776512146,0.12775953114032745,0.23987486958503723,0.01,0,0.0,0.0,0.0,0.0,0.0,0.0,0.0,0.0,0.0,0.0,0.0
967,3960832,639.7351870925283,674.8551270168689,6.069450813993171,0.0794605720002437,0,0,0,0,0.0,0.0,0.0,-0.009829067275859416,0.7700544685125351,0.12751991655677558,-0.9177573919296265,0.017317991044546944,0.18399155139923096,0.127396821975708,0.23997560143470764,0.01,0,0.0,0.0,0.0,0.0,0.0,0.0,0.0,0.0,0.0,0.0,0.0
968,3964928,639.7343132458535,646.0714657862276,6.339855908998288,0.06806875499751186,5,0,0,5,0.0,0.0,1.0,-0.011236952524632216,0.6715018793940544,0.12646442726254464,-0.9199392437934876,0.013335665396880358,0.1840464174747467,0.1278264969587326,0.23929961025714874,0.01,0,0.0,0.0,0.0,0.0,0.0,0.0,0.0,0.0,0.0,0.0,0.0
969,3969024,639.7342877000968,647.8458931722939,6.3224912639998365,0.07743111000309,8,0,0,8,0.0,0.0,1.0,-0.010420488484669477,0.597434438765049,0.13261720426380635,-0.9190989941358566,0.012129414013179485,0.18366222083568573,0.12788617610931396,0.23790153861045837,0.01,0,0.0,0.0,0.0,0.0,0.0,0.0,0.0,0.0,0.0,0.0,0.0
970,3973120,639.6763168073282,594.6686729865053,6.887869138001406,0.0742509439951391,17,0,0,17,0.0,0.0,1.0,-0.011287869920488447,0.7002949193120003,0.13672682233154773,-0.9264669269323349,0.01008516427827999,0.1830730140209198,0.12761878967285156,0.23761603236198425,0.01,0,0.0,0.0,0.0,0.0,0.0,0.0,0.0,0.0,0.0,0.0,0.0
971,3977216,639.7097765209845,683.1662359620808,5.995612464997976,0.07911256400257116,34,0,0,34,0.0,0.0,1.0,-0.0055202718474902214,1.0163161918520927,0.18529102467000486,-0.9338906943798065,0.012113706968375482,0.1829797476530075,0.12729623913764954,0.23769351840019226,0.01,0,0.0,0.0,0.0,0.0,0.0,0.0,0.0,0.0,0.0,0.0,0.0
972,3981312,639.7371547195125,676.6463265328679,6.053383930993732,0.0798909899967839,0,0,0,0,0.0,0.0,0.0,-0.006276363367214799,0.8209471732378006,0.13646027334034444,-0.9381042838096618,0.015518011538370046,0.18232452869415283,0.1272130161523819,0.2366008162498474,0.01,0,0.0,0.0,0.0,0.0,0.0,0.0,0.0,0.0,0.0,0.0,0.0
973,3985408,639.7588146465445,670.5852871285387,6.1080970289986,0.08029997300036484,1,0,0,1,0.0,0.0,1.0,-0.009452874888665974,0.6920161023736,0.11969375032931566,-0.947325411438942,0.010847427185217385,0.18198904395103455,0.12720000743865967,0.23618605732917786,0.01,0,0.0,0.0,0.0,0.0,0.0,0.0,0.0,0.0,0.0,0.0,0.0
974,3989504,639.7644718027326,653.9226894376833,6.263737389999733,0.08021752000058768,6,0,0,6,0.0,0.0,1.0,-0.012946615810506046,0.7013196960091591,0.1190833106637001,-0.9543864876031876,0.01773479675175622,0.18125812709331512,0.12671726942062378,0.23494598269462585,0.01,0,0.0,0.0,0.0,0.0,0.0,0.0,0.0,0.0,0.0,0.0,0.0
975,3993600,639.7426550813095,626.9280630366499,6.533444970002165,0.0782329670037143,9,0,0,9,0.0,0.0,1.0,-0.009541824192274362,0.6257868126034737,0.11234196070581674,-0.9665131390094757,0.014601391246833373,0.1806994378566742,0.12607653439044952,0.23443485796451569,0.01,0,0.0,0.0,0.0,0.0,0.0,0.0,0.0,0.0,0.0,0.0,0.0
976,3997696,639.6904198806398,598.6897274235985,6.841607284004567,0.0677709409937961,48,0,0,48,0.0,0.0,1.0,-0.008003013860434293,0.6682410120964051,0.145914988219738,-0.9738328039646149,0.010803188163845335,0.18022307753562927,0.1262572705745697,0.23388215899467468,0.01,0,0.0,0.0,0.0,0.0,0.0,0.0,0.0,0.0,0.0,0.0,0.0
977,4001792,639.7274922020313,687.402805893825,5.958660577001865,0.07895144900248852,0,0,0,0,0.0,0.0,0.0,-0.007513941847719252,0.7194729208946228,0.1602106809616089,-0.9794564068317413,0.011442520366108511,0.17997042834758759,0.12603314220905304,0.23410150408744812,0.01,0,0.0,0.0,0.0,0.0,0.0,0.0,0.0,0.0,0.0,0.0,0.0
978,4005888,639.7574805332305,678.5977148068008,6.035976707004011,0.06994553399999859,0,0,0,0,0.0,0.0,0.0,-0.008627623389475047,0.9523435220122337,0.1369227658957243,-0.9837275505065918,0.013018909051606898,0.17975622415542603,0.12618570029735565,0.23295043408870697,0.01,0,0.0,0.0,0.0,0.0,0.0,0.0,0.0,0.0,0.0,0.0,0.0
979,4009984,639.7686958550858,658.5207025534395,6.220001868001418,0.06948406299488852,1,0,0,1,0.0,0.0,1.0,-0.011342902353499084,0.7561690986156464,0.13149802051484585,-0.9854254603385926,0.011317863396834582,0.17945043742656708,0.12648102641105652,0.2320033311843872,0.01,0,0.0,0.0,0.0,0.0,0.0,0.0,0.0,0.0,0.0,0.0,0.0
980,4014080,639.429001514339,587.7867725114099,6.968513398998766,2.763930305998656,6,0,0,6,0.0,0.0,1.0,0.0,0.0,0.0,0.0,0.0,0.17945043742656708,0.12648102641105652,0.2320033311843872,0.01,1,0.7309089303016663,0.005022935103625059,4.707327842712402,0.037130653858184814,0.29729318618774414,0.1860860288143158,0.0868457555770874,0.32616692781448364,0.532969057559967,0.078125,27.012235641479492
981,4018176,639.3931928988547,613.5481376787392,6.6759227980001015,0.0782612449984299,10,0,0,10,0.0,0.0,1.0,-0.012113456928636879,0.6123424261808396,0.12244141101837158,-0.991428890824318,0.01751555118826218,0.17899608612060547,0.12580238282680511,0.23165078461170197,0.01,0,0.0,0.0,0.0,0.0,0.0,0.0,0.0,0.0,0.0,0.0,0.0
982,4022272,639.3469998016808,603.2403026941251,6.78999725599715,0.06733439599338453,47,0,0,47,0.0,0.0,1.0,-0.011582131742034107,0.8147127911448478,0.15156624279916286,-0.996948653459549,0.014909794865525327,0.17889182269573212,0.12617965042591095,0.23142601549625397,0.01,0,0.0,0.0,0.0,0.0,0.0,0.0,0.0,0.0,0.0,0.0,0.0
983,4026368,639.3802300514649,681.9541794663621,6.006268637000176,0.06921219699870562,0,0,0,0,0.0,0.0,0.0,-0.013423750386573374,0.8445496246218681,0.16028755940496922,-0.9998943865299225,0.012254028319148347,0.17854206264019012,0.12552355229854584,0.23114682734012604,0.01,0,0.0,0.0,0.0,0.0,0.0,0.0,0.0,0.0,0.0,0.0,0.0
984,4030464,639.4083247512712,676.838269179563,6.051667268999154,0.0730520559955039,0,0,0,0,0.0,0.0,0.0,-0.012595831730868668,0.7892471730709076,0.14240519814193248,-1.0108142405748368,0.013703688693931326,0.17762385308742523,0.12526217103004456,0.23013824224472046,0.01,0,0.0,0.0,0.0,0.0,0.0,0.0,0.0,0.0,0.0,0.0,0.0
985,4034560,639.4293243100118,668.9004676170999,6.123482039998635,0.07189188100164756,1,0,0,1,0.0,0.0,1.0,-0.007776621263474226,0.7183945402503014,0.12716710846871138,-1.0248867452144623,0.010340798477409407,0.17688578367233276,0.12466906756162643,0.22987708449363708,0.01,0,0.0,0.0,0.0,0.0,0.0,0.0,0.0,0.0,0.0,0.0,0.0
986,4038656,639.4249347335548,642.2499625828532,6.377579195999715,0.06854827399365604,7,0,1,6,0.0,0.14285714285714285,0.8571428571428571,-0.012600325234234332,0.7110097840428352,0.12902873158454894,-1.036420178413391,0.01090374831110239,0.17648878693580627,0.12441945821046829,0.2297661006450653,0.01,0,0.0,0.0,0.0,0.0,0.0,0.0,0.0,0.0,0.0,0.0,0.0
987,4042752,639.3870100023364,610.467902586589,6.70960747099889,0.06784789000084857,12,0,0,12,0.0,0.0,1.0,-0.01106828658375889,0.602730356156826,0.14495583660900593,-1.0415678411722182,0.01168826078355778,0.17626208066940308,0.12418223172426224,0.2301137000322342,0.01,0,0.0,0.0,0.0,0.0,0.0,0.0,0.0,0.0,0.0,0.0,0.0
988,4046848,639.362425279969,623.7398569463911,6.566840253006376,0.07962091400258942,44,0,0,44,0.0,0.0,1.0,-0.011912755365483464,0.8402485266327858,0.16172274835407735,-1.0468889713287353,0.008104779165296349,0.17590121924877167,0.12417615205049515,0.22961223125457764,0.01,0,0.0,0.0,0.0,0.0,0.0,0.0,0.0,0.0,0.0,0.0,0.0
989,4050944,639.3945213932682,680.9375307851244,6.015236074999848,0.06991524300246965,0,0,0,0,0.0,0.0,0.0,-0.011153397394809871,0.9152637913823127,0.14705330692231655,-1.0559566169977188,0.012571482767816633,0.1750800907611847,0.12354906648397446,0.22816023230552673,0.01,0,0.0,0.0,0.0,0.0,0.0,0.0,0.0,0.0,0.0,0.0,0.0
990,4055040,639.4272279211527,682.6431997827956,6.000206258999242,0.07777486999839311,0,0,0,0,0.0,0.0,0.0,-0.013341782969655469,0.8381985932588577,0.1302827639505267,-1.066722148656845,0.011942258034832776,0.17486584186553955,0.12349705398082733,0.22834230959415436,0.01,0,0.0,0.0,0.0,0.0,0.0,0.0,0.0,0.0,0.0,0.0,0.0
991,4059136,639.437007921889,656.6636486003465,6.237592120000045,0.06773290100682061,3,0,0,3,0.0,0.0,1.0,-0.007598896860145032,0.6769464939832688,0.12505933735519648,-1.0663554668426514,0.013042889404459856,0.1749267280101776,0.12385579198598862,0.22793693840503693,0.01,0,0.0,0.0,0.0,0.0,0.0,0.0,0.0,0.0,0.0,0.0,0.0
992,4063232,639.4407661500209,651.6409046703301,6.285670482997375,0.07965808099834248,5,0,0,5,0.0,0.0,1.0,-0.010038334573619068,0.6501087114214897,0.12151452638208866,-1.069984582066536,0.013950790715171024,0.17413446307182312,0.12388892471790314,0.22639897465705872,0.01,0,0.0,0.0,0.0,0.0,0.0,0.0,0.0,0.0,0.0,0.0,0.0
993,4067328,639.3953826111002,604.3338930211802,6.777710214999388,0.07549160300550284,13,0,0,13,0.0,0.0,1.0,-0.012671685172244906,0.5887637510895729,0.1284594263881445,-1.0796037286520004,0.011282431360450573,0.1736449897289276,0.12412728369235992,0.22499126195907593,0.01,0,0.0,0.0,0.0,0.0,0.0,0.0,0.0,0.0,0.0,0.0,0.0
994,4071424,639.3769975681471,628.8135910276036,6.513854119002644,0.07233493799867574,43,0,0,43,0.0,0.0,1.0,-0.00764446328394115,0.7902320355176926,0.17200962714850904,-1.0843594193458557,0.01327254433708731,0.17340907454490662,0.12413740158081055,0.22395749390125275,0.01,0,0.0,0.0,0.0,0.0,0.0,0.0,0.0,0.0,0.0,0.0,0.0
995,4075520,639.4088571303064,681.9254934409091,6.0065212979970966,0.07861228399997344,0,0,0,0,0.0,0.0,0.0,-0.01223613932961598,0.7172468155622482,0.15697657614946364,-1.0843033343553543,0.011859501712024212,0.17333748936653137,0.12503498792648315,0.22353804111480713,0.01,0,0.0,0.0,0.0,0.0,0.0,0.0,0.0,0.0,0.0,0.0,0.0
996,4079616,639.443790975482,685.3081587522881,5.976873247003823,0.07742814200173598,0,0,0,0,0.0,0.0,0.0,-0.006365531182382256,0.7023563086986542,0.146240109577775,-1.0848029106855392,0.015381548939330969,0.1731521338224411,0.12514345347881317,0.2232283055782318,0.01,0,0.0,0.0,0.0,0.0,0.0,0.0,0.0,0.0,0.0,0.0,0.0
997,4083712,639.4463476671269,649.2378703314753,6.308935733999533,0.06776613300462486,3,0,0,3,0.0,0.0,1.0,-0.013106848346069455,0.7277462407946587,0.1163418872281909,-1.091028779745102,0.012419891366153023,0.17279228568077087,0.12436115741729736,0.22361259162425995,0.01,0,0.0,0.0,0.0,0.0,0.0,0.0,0.0,0.0,0.0,0.0,0.0
998,4087808,639.4283885175062,628.7899519923985,6.514099004001764,0.06782063900027424,9,0,0,9,0.0,0.0,1.0,-0.013177261175587773,0.7276535630226135,0.1245626151561737,-1.1004646092653274,0.015542188409017398,0.1720399558544159,0.12399537116289139,0.22304460406303406,0.01,0,0.0,0.0,0.0,0.0,0.0,0.0,0.0,0.0,0.0,0.0,0.0
999,4091904,639.3967370293636,615.7494438773283,6.652056352999352,0.06737182999495417,12,0,0,12,0.0,0.0,1.0,-0.013569659739732742,0.6760097175836564,0.1415450882166624,-1.1117778807878493,0.012893698590050916,0.17176100611686707,0.12388671189546585,0.2226073294878006,0.01,0,0.0,0.0,0.0,0.0,0.0,0.0,0.0,0.0,0.0,0.0,0.0
1000,4096000,639.0743120003297,596.7722745729033,6.863589637992845,2.771309379997547,40,0,0,40,0.0,0.0,1.0,0.0,0.0,0.0,0.0,0.0,0.17176100611686707,0.12388671189546585,0.2226073294878006,0.01,1,1.1074763536453247,0.004054652526974678,4.408358573913574,0.06513112038373947,0.24239593744277954,0.5880066156387329,0.06545107066631317,0.30316734313964844,0.8180347681045532,0.07421875,24.755708694458008
1001,4100096,639.1056302291065,683.741892957076,5.990564630003064,0.0993215490016155,0,0,0,0,0.0,0.0,0.0,-0.012702511786483229,0.8171109288930893,0.14968106299638748,-1.1168285310268402,0.010843858239240944,0.1712721437215805,0.12329985201358795,0.22177457809448242,0.01,0,0.0,0.0,0.0,0.0,0.0,0.0,0.0,0.0,0.0,0.0,0.0
1002,4104192,639.133940259499,677.7330098208962,6.04367787999945,0.07790543600276578,0,0,0,0,0.0,0.0,0.0,-0.00844969250028953,0.9799160152673722,0.14484077766537667,-1.1209966868162156,0.00956116806337377,0.17154327034950256,0.12300805002450943,0.2225540727376938,0.01,0,0.0,0.0,0.0,0.0,0.0,0.0,0.0,0.0,0.0,0.0,0.0
1003,4108288,639.1426263399753,656.5591349822848,6.2385850439968635,0.07926127799873939,4,0,0,4,0.0,0.0,1.0,-0.013009353505913169,0.6598446205258369,0.12356383111327887,-1.1198922634124755,0.00842371637263568,0.17134308815002441,0.12261910736560822,0.2223285734653473,0.01,0,0.0,0.0,0.0,0.0,0.0,0.0,0.0,0.0,0.0,0.0,0.0
1004,4112384,639.1179844134841,622.4935051481693,6.5799883310028235,0.07348030700086383,10,0,0,10,0.0,0.0,1.0,-0.010973164904862642,0.6264230415225029,0.12682908102869989,-1.1298911035060883,0.011510690399154555,0.17053918540477753,0.12184709310531616,0.22179217636585236,0.01,0,0.0,0.0,0.0,0.0,0.0,0.0,0.0,0.0,0.0,0.0,0.0
1005,4116480,639.0632838860848,595.6316218056618,6.876733622004394,0.07968244999938179,15,0,0,15,0.0,0.0,1.0,-0.009615687152836472,0.5760768845677375,0.13954224735498427,-1.1421809494495392,0.012107701880449896,0.17012040317058563,0.12165159732103348,0.2215263843536377,0.01,0,0.0,0.0,0.0,0.0,0.0,0.0,0.0,0.0,0.0,0.0,0.0
1006,4120576,639.0730585254215,657.694251712379,6.22781784900144,0.07944686500559328,35,0,0,35,0.0,0.0,1.0,-0.008784894517157226,0.836281095445156,0.1759638123214245,-1.1428839772939683,0.014255671107093804,0.17043815553188324,0.1224011555314064,0.22195537388324738,0.01,0,0.0,0.0,0.0,0.0,0.0,0.0,0.0,0.0,0.0,0.0,0.0
1007,4124672,639.1007230245278,677.398303983901,6.0466640909944545,0.07944639400375308,0,0,0,0,0.0,0.0,0.0,-0.008401233557378873,0.7074625745415688,0.14118945300579072,-1.1438280105590821,0.014293520073988476,0.1695249378681183,0.12222230434417725,0.22043120861053467,0.01,0,0.0,0.0,0.0,0.0,0.0,0.0,0.0,0.0,0.0,0.0,0.0
1008,4128768,639.1309272239602,679.0641406324164,6.031830801999604,0.06872062299953541,1,0,0,1,0.0,0.0,1.0,-0.008738840953446925,0.7033171236515046,0.14094234071671963,-1.160534718632698,0.014348308625631034,0.16877755522727966,0.12224879860877991,0.21916091442108154,0.01,0,0.0,0.0,0.0,0.0,0.0,0.0,0.0,0.0,0.0,0.0,0.0
1009,4132864,639.1297687486224,646.2203476355797,6.338395277998643,0.07916403099807212,6,0,0,6,0.0,0.0,1.0,-0.011243200802709907,0.6139239698648453,0.12546674981713296,-1.1710529774427414,0.014021966260042974,0.16810816526412964,0.12173521518707275,0.2179895043373108,0.01,0,0.0,0.0,0.0,0.0,0.0,0.0,0.0,0.0,0.0,0.0,0.0
1010,4136960,639.106818662624,623.6408162540941,6.567883136005548,0.06999835799797438,11,0,1,10,0.0,0.09090909090909091,0.9090909090909091,-0.01151524253655225,0.7155555590987206,0.1324354074895382,-1.1775370508432388,0.012915025633992628,0.16788999736309052,0.1222795844078064,0.21726250648498535,0.01,0,0.0,0.0,0.0,0.0,0.0,0.0,0.0,0.0,0.0,0.0,0.0
1011,4141056,639.0481719298369,590.7939269775119,6.93304350800463,0.06758378999802517,46,0,1,45,0.0,0.021739130434782608,0.9782608695652174,-0.014477667945902795,0.688148532807827,0.1445610575377941,-1.181540921330452,0.015517924619780387,0.16734282672405243,0.12254858762025833,0.21626105904579163,0.01,0,0.0,0.0,0.0,0.0,0.0,0.0,0.0,0.0,0.0,0.0,0.0
1012,4145152,639.0786677648293,679.407696734929,6.0287806860069395,0.06832243299868423,0,0,0,0,0.0,0.0,0.0,-0.009055343060754239,0.7565086543560028,0.17719972282648086,-1.1920070469379425,0.010474756511393934,0.16678272187709808,0.12171722203493118,0.2158525288105011,0.01,0,0.0,0.0,0.0,0.0,0.0,0.0,0.0,0.0,0.0,0.0,0.0
1013,4149248,639.1099605833039,680.6316284637988,6.017939556004421,0.07044003099872498,0,0,0,0,0.0,0.0,0.0,-0.009180088387802243,0.8626909479498863,0.14637617729604244,-1.1999747186899186,0.012406934668251778,0.16664430499076843,0.12106288224458694,0.2162259966135025,0.01,0,0.0,0.0,0.0,0.0,0.0,0.0,0.0,0.0,0.0,0.0,0.0
1014,4153344,639.137875766026,677.351413135299,6.047082682001928,0.07510747500055004,1,0,0,1,0.0,0.0,1.0,-0.01159762692404911,0.7667160138487816,0.13579329811036586,-1.2067302256822585,0.010074242857808714,0.16601026058197021,0.12101688235998154,0.21498017013072968,0.01,0,0.0,0.0,0.0,0.0,0.0,0.0,0.0,0.0,0.0,0.0,0.0
1015,4157440,639.121362798638,630.7916770782163,6.4934274639963405,0.08010801999625983,8,0,0,8,0.0,0.0,1.0,-0.01191748856799677,0.5895903885364533,0.1397788070142269,-1.2196400314569473,0.013280823682725896,0.1651420295238495,0.12073992192745209,0.21403855085372925,0.01,0,0.0,0.0,0.0,0.0,0.0,0.0,0.0,0.0,0.0,0.0,0.0
1016,4161536,639.1063396168712,631.3037308379946,6.48816061099933,0.07050082700152416,10,0,0,10,0.0,0.0,1.0,-0.012205612019170076,0.5573891073465347,0.1400694042444229,-1.2331597089767456,0.016934856078296433,0.16454395651817322,0.12020250409841537,0.21358217298984528,0.01,0,0.0,0.0,0.0,0.0,0.0,0.0,0.0,0.0,0.0,0.0,0.0
1017,4165632,639.0671254930239,608.8850277880797,6.727049957000418,0.07877553800062742,45,0,0,45,0.0,0.0,1.0,-0.008729374327231199,0.6763204514980317,0.16392794735729693,-1.2408391118049622,0.013168148329714312,0.16439247131347656,0.11996394395828247,0.21278464794158936,0.01,0,0.0,0.0,0.0,0.0,0.0,0.0,0.0,0.0,0.0,0.0,0.0
1018,4169728,639.099663566591,682.0456880531317,6.005462788998557,0.06819484200241277,0,0,0,0,0.0,0.0,0.0,-0.004939863027539104,0.7289680451154709,0.17949615679681302,-1.2438881188631057,0.01730049545294605,0.16396626830101013,0.11980791389942169,0.21190567314624786,0.01,0,0.0,0.0,0.0,0.0,0.0,0.0,0.0,0.0,0.0,0.0,0.0
1019,4173824,639.1219785130615,671.6958978679935,6.097997640004905,0.08004264700139174,0,0,0,0,0.0,0.0,0.0,-0.011358554929029197,0.6873899966478347,0.14271160401403904,-1.245274794101715,0.017028018890414387,0.16439437866210938,0.12015862762928009,0.21291926503181458,0.01,0,0.0,0.0,0.0,0.0,0.0,0.0,0.0,0.0,0.0,0.0,0.0
1020,4177920,638.8426861263692,624.0397818293069,6.563684109998576,2.6992907269959687,1,0,0,1,0.0,0.0,1.0,0.0,0.0,0.0,0.0,0.0,0.16439437866210938,0.12015862762928009,0.21291926503181458,0.01,1,0.6080803871154785,0.004781831055879593,4.513956546783447,0.04233675077557564,0.2556989789009094,0.12248343229293823,0.08075422793626785,0.29940614104270935,0.42143934965133667,0.1171875,28.633996963500977
1021,4182016,638.8246051677949,627.9214797061704,6.523108592999051,0.0707120900042355,8,0,0,8,0.0,0.0,1.0,-0.00960348235676065,0.695877406001091,0.13193945735692977,-1.2436143696308135,0.013393392221769319,0.16405390202999115,0.1196160688996315,0.21305517852306366,0.01,0,0.0,0.0,0.0,0.0,0.0,0.0,0.0,0.0,0.0,0.0,0.0
1022,4186112,638.7961657009348,618.5453577220956,6.62198810299742,0.07845023800473427,11,0,0,11,0.0,0.0,1.0,-0.008810278365854175,0.5620467111468315,0.14266909062862396,-1.251409676671028,0.012551352669834159,0.16396555304527283,0.11882807314395905,0.21354460716247559,0.01,0,0.0,0.0,0.0,0.0,0.0,0.0,0.0,0.0,0.0,0.0,0.0
1023,4190208,638.7571273660576,608.5772842927087,6.730451670999173,0.07915758300077869,44,0,0,44,0.0,0.0,1.0,-0.010522187687456608,0.6535232260823249,0.16935863941907883,-1.258263000845909,0.015921164663450327,0.16319283843040466,0.11878684908151627,0.21238921582698822,0.01,0,0.0,0.0,0.0,0.0,0.0,0.0,0.0,0.0,0.0,0.0,0.0
1024,4194304,638.7838283099684,676.5454690866077,6.0542863520022365,0.08020214299904183,0,0,0,0,0.0,0.0,0.0,-0.0055441890493966636,0.5766953215003013,0.15736694671213627,-1.268033865094185,0.017076050104515163,0.16301843523979187,0.11881837993860245,0.21228495240211487,0.01,0,0.0,0.0,0.0,0.0,0.0,0.0,0.0,0.0,0.0,0.0,0.0
1025,4198400,638.8119537710469,677.3288166263608,6.047284419997595,0.07204489500145428,0,0,0,0,0.0,0.0,0.0,-0.010476898192428053,0.7972579911351204,0.1533432461321354,-1.2667566269636155,0.015361303334066179,0.16329659521579742,0.11907809227705002,0.21271342039108276,0.01,0,0.0,0.0,0.0,0.0,0.0,0.0,0.0,0.0,0.0,0.0,0.0
1026,4202496,638.8240230092536,659.9773879731132,6.206273236995912,0.07810941400384763,2,0,0,2,0.0,0.0,1.0,-0.010826048720628024,0.6446251899003983,0.1458523254841566,-1.2645056039094924,0.011768578094779514,0.16316598653793335,0.11874188482761383,0.21295000612735748,0.01,0,0.0,0.0,0.0,0.0,0.0,0.0,0.0,0.0,0.0,0.0,0.0
1027,4206592,638.8206925109243,644.1537150206972,6.3587306949993945,0.08426704400335439,7,0,0,7,0.0,0.0,1.0,-0.014669252012390643,0.6648967117071152,0.13433950506150721,-1.2690462440252304,0.012635324383154511,0.1630537509918213,0.11856889724731445,0.21321237087249756,0.01,0,0.0,0.0,0.0,0.0,0.0,0.0,0.0,0.0,0.0,0.0,0.0
1028,4210688,638.774445601825,600.9427442763898,6.815957159000391,0.07013104400539305,13,0,1,12,0.0,0.07692307692307693,0.9230769230769231,-0.012005065567791462,0.7202823683619499,0.1429051086306572,-1.270523828268051,0.014520116141648031,0.16296488046646118,0.11861052364110947,0.213323175907135,0.01,0,0.0,0.0,0.0,0.0,0.0,0.0,0.0,0.0,0.0,0.0,0.0
1029,4214784,638.7377927165007,610.5766189738335,6.708412790001603,0.07963759999984177,42,0,0,42,0.0,0.0,1.0,-0.012699377373792231,0.7810093984007835,0.17278496138751506,-1.279307010769844,0.014697743716533295,0.16198861598968506,0.11791753768920898,0.21173563599586487,0.01,0,0.0,0.0,0.0,0.0,0.0,0.0,0.0,0.0,0.0,0.0,0.0
1030,4218880,638.7630300974208,673.7330340088979,6.079559400001017,0.06917054000223288,0,0,0,0,0.0,0.0,0.0,-0.009705648256931454,0.6475563257932663,0.16424940824508666,-1.2950606256723405,0.02002198160334956,0.16146442294120789,0.11743844300508499,0.21094295382499695,0.01,0,0.0,0.0,0.0,0.0,0.0,0.0,0.0,0.0,0.0,0.0,0.0
1031,4222976,638.7837850261532,669.7224067158317,6.115966792996915,0.07858068899804493,0,0,0,0,0.0,0.0,0.0,-0.009857134416233749,0.8036140441894531,0.15513849668204785,-1.3077318131923676,0.02034980607131729,0.1605651080608368,0.11684209108352661,0.21002750098705292,0.01,0,0.0,0.0,0.0,0.0,0.0,0.0,0.0,0.0,0.0,0.0,0.0
1032,4227072,638.7943889829882,657.2992468998901,6.231560464002541,0.06746214300073916,3,0,0,3,0.0,0.0,1.0,-0.014488776715006679,0.726141519844532,0.1361618921160698,-1.3205353319644928,0.011416635864588898,0.1600392758846283,0.11719174683094025,0.20988868176937103,0.01,0,0.0,0.0,0.0,0.0,0.0,0.0,0.0,0.0,0.0,0.0,0.0
1033,4231168,638.7720540682046,624.1731112988803,6.562282042999868,0.07836882199626416,9,0,0,9,0.0,0.0,1.0,-0.009022590517997742,0.7627121970057488,0.13448993004858495,-1.3240968942642213,0.01672617348813219,0.16025087237358093,0.11733738332986832,0.20996184647083282,0.01,0,0.0,0.0,0.0,0.0,0.0,0.0,0.0,0.0,0.0,0.0,0.0
1034,4235264,638.723375339853,598.2715359255669,6.8463895640015835,0.06837070299661718,13,0,0,13,0.0,0.0,1.0,-0.013725410809274762,0.6587470829486847,0.148687157407403,-1.32138552069664,0.012320043296494988,0.16018208861351013,0.1174526959657669,0.2104243040084839,0.01,0,0.0,0.0,0.0,0.0,0.0,0.0,0.0,0.0,0.0,0.0,0.0
1035,4239360,638.7077794104548,629.8516991227035,6.503118124004686,0.06879181399563095,39,0,0,39,0.0,0.0,1.0,-0.006916243559680879,0.6422456055879593,0.18658418469130994,-1.326972708106041,0.018025014863815157,0.15986594557762146,0.11654426157474518,0.21085059642791748,0.01,0,0.0,0.0,0.0,0.0,0.0,0.0,0.0,0.0,0.0,0.0,0.0
1036,4243456,638.7369615725505,679.6858915019092,6.026313112000935,0.0799067690022639,0,0,0,0,0.0,0.0,0.0,-0.012028614431619645,0.6348265439271927,0.15658214911818505,-1.3329554319381713,0.015346175686863717,0.15974949300289154,0.1163758859038353,0.21072779595851898,0.01,0,0.0,0.0,0.0,0.0,0.0,0.0,0.0,0.0,0.0,0.0,0.0
1037,4247552,638.7705858514998,683.6022734494491,5.991788147999614,0.06774875200062525,0,0,0,0,0.0,0.0,0.0,-0.009435685933567584,0.6101203247904777,0.14509547054767608,-1.3364293307065964,0.013186538012814709,0.159486785531044,0.11578617244958878,0.2102150022983551,0.01,0,0.0,0.0,0.0,0.0,0.0,0.0,0.0,0.0,0.0,0.0,0.0
1038,4251648,638.7804701692816,656.6721557875387,6.237511311999697,0.06786970000393922,3,0,0,3,0.0,0.0,1.0,-0.010857171256793663,0.6502785995602608,0.13191165253520012,-1.3446126252412796,0.013445928459987044,0.15884163975715637,0.11557159572839737,0.20877093076705933,0.01,0,0.0,0.0,0.0,0.0,0.0,0.0,0.0,0.0,0.0,0.0,0.0
1039,4255744,638.7621133259461,627.0740118912917,6.531924337999953,0.06871615099953488,11,0,0,11,0.0,0.0,1.0,-0.010417907789815217,0.6934294551610947,0.12945621702820062,-1.3561901301145554,0.012491801237047184,0.15829382836818695,0.11494938284158707,0.20857834815979004,0.01,0,0.0,0.0,0.0,0.0,0.0,0.0,0.0,0.0,0.0,0.0,0.0
1040,4259840,638.4243487946843,574.6271840256372,7.128099947003648,2.8092649029931636,14,0,0,14,0.0,0.0,1.0,0.0,0.0,0.0,0.0,0.0,0.15829382836818695,0.11494938284158707,0.20857834815979004,0.01,1,0.6280651092529297,0.004837169777601957,4.5592193603515625,0.04080420732498169,0.24761731922626495,0.16301822662353516,0.05832276493310928,0.28388625383377075,0.5668818950653076,0.0859375,28.320270538330078
1041,4263936,638.4357607293117,659.2649779369044,6.212979814001301,0.08010002299852204,36,0,0,36,0.0,0.0,1.0,-0.008673487138003111,0.6551781848073006,0.18521597608923912,-1.3680728554725647,0.014898486173478886,0.1576768457889557,0.11452024430036545,0.20818062126636505,0.01,0,0.0,0.0,0.0,0.0,0.0,0.0,0.0,0.0,0.0,0.0,0.0
1042,4268032,638.4605232120508,673.0551261583543,6.085682792996522,0.06755929900100455,0,0,0,0,0.0,0.0,0.0,-0.012528114905580878,0.7991436719894409,0.15526942163705826,-1.3759117692708969,0.015608678043645342,0.15769147872924805,0.11434046179056168,0.2086135745048523,0.01,0,0.0,0.0,0.0,0.0,0.0,0.0,0.0,0.0,0.0,0.0,0.0
1043,4272128,638.4893382108993,678.0095468938023,6.0412128690004465,0.06892574899393367,0,0,0,0,0.0,0.0,0.0,-0.014805920736398548,0.6848696544766426,0.16177547462284564,-1.3773144721984862,0.01783854883251479,0.15727299451828003,0.11421515792608261,0.20734763145446777,0.01,0,0.0,0.0,0.0,0.0,0.0,0.0,0.0,0.0,0.0,0.0,0.0
1044,4276224,638.4843906537459,641.6388227511586,6.383653629993205,0.07995574900269276,5,0,0,5,0.0,0.0,1.0,-0.011820490565150976,0.6855401247739792,0.14675145037472248,-1.3883267998695374,0.012455194957146887,0.15659040212631226,0.11338409781455994,0.20682094991207123,0.01,0,0.0,0.0,0.0,0.0,0.0,0.0,0.0,0.0,0.0,0.0,0.0
1045,4280320,638.4483243031981,609.2736169346722,6.722759505995782,0.06768748600006802,12,0,0,12,0.0,0.0,1.0,-0.01257895523449406,0.6604891926050186,0.1318962424993515,-1.4019137978553773,0.01594701432622969,0.1560600996017456,0.11349792033433914,0.20597830414772034,0.01,0,0.0,0.0,0.0,0.0,0.0,0.0,0.0,0.0,0.0,0.0,0.0
1046,4284416,638.3960231585046,594.2734496490323,6.892449936000048,0.06966614499833668,15,0,0,15,0.0,0.0,1.0,-0.007752383500337601,0.6597477957606316,0.14231683388352395,-1.4075815320014953,0.011343546817079187,0.1558094471693039,0.1136074811220169,0.20577017962932587,0.01,0,0.0,0.0,0.0,0.0,0.0,0.0,0.0,0.0,0.0,0.0,0.0
1047,4288512,638.4261785691833,680.8084735789237,6.016376350999053,0.07912573799694655,32,0,0,32,0.0,0.0,1.0,-0.009794913523364812,0.8054747954010963,0.18223542757332326,-1.4127623289823532,0.019836240145377815,0.15541192889213562,0.11351612955331802,0.2049129456281662,0.01,0,0.0,0.0,0.0,0.0,0.0,0.0,0.0,0.0,0.0,0.0,0.0
1048,4292608,638.446953112699,668.7653612189067,6.124719127998105,0.06881921099557076,0,0,0,0,0.0,0.0,0.0,-0.010351734329015016,0.6764797374606133,0.15333450436592103,-1.4240953534841538,0.0142902007966768,0.15432189404964447,0.11377225071191788,0.2025725096464157,0.01,0,0.0,0.0,0.0,0.0,0.0,0.0,0.0,0.0,0.0,0.0,0.0
1049,4296704,638.4662590852301,668.103552976777,6.130786135996459,0.07778896499803523,1,0,0,1,0.0,0.0,1.0,-0.010180928721092641,0.6639959350228309,0.16589576713740825,-1.4406276136636733,0.014057404951017816,0.15374760329723358,0.11281433701515198,0.20261044800281525,0.01,0,0.0,0.0,0.0,0.0,0.0,0.0,0.0,0.0,0.0,0.0,0.0
1050,4300800,638.4638470439983,644.2558212788397,6.357722918000945,0.07965088100172579,7,0,0,7,0.0,0.0,1.0,-0.012486310314852745,0.6038283735513688,0.13721439577639102,-1.4493171960115432,0.01460962490818929,0.15351556241512299,0.11282216757535934,0.20232988893985748,0.01,0,0.0,0.0,0.0,0.0,0.0,0.0,0.0,0.0,0.0,0.0,0.0
1051,4304896,638.4313698051251,612.6795384785463,6.685387290999643,0.06801767599972663,11,0,0,11,0.0,0.0,1.0,-0.010445831413380801,0.6405948489904404,0.14154846891760825,-1.453081339597702,0.014416331028041896,0.15340842306613922,0.11277803778648376,0.20262083411216736,0.01,0,0.0,0.0,0.0,0.0,0.0,0.0,0.0,0.0,0.0,0.0,0.0
1052,4308992,638.3800539758647,595.8795707738908,6.873872172996926,0.08138815499842167,45,0,0,45,0.0,0.0,1.0,-0.011441157676745205,0.6211709961295128,0.15466747470200062,-1.4612933933734893,0.01611203856882639,0.15267902612686157,0.11187486350536346,0.20183824002742767,0.01,0,0.0,0.0,0.0,0.0,0.0,0.0,0.0,0.0,0.0,0.0,0.0
1053,4313088,638.4109210877793,681.8598865260657,6.007099230999302,0.07893634900392499,0,0,0,0,0.0,0.0,0.0,-0.0070032581104896964,0.6964242681860924,0.18243156522512435,-1.4714659243822097,0.013577557647658977,0.1524135321378708,0.11185821145772934,0.20085379481315613,0.01,0,0.0,0.0,0.0,0.0,0.0,0.0,0.0,0.0,0.0,0.0,0.0
1054,4317184,638.4502690992042,690.9511284336775,5.92806036699767,0.06799785399925895,0,0,0,0,0.0,0.0,0.0,-0.009060399315785617,0.7274362549185753,0.14454722963273525,-1.4732133328914643,0.01568325942644151,0.15237562358379364,0.11174362152814865,0.20044071972370148,0.01,0,0.0,0.0,0.0,0.0,0.0,0.0,0.0,0.0,0.0,0.0,0.0
1055,4321280,638.4644001450553,662.609627197449,6.181618606002303,0.08110993200534722,2,0,1,1,0.0,0.5,0.5,-0.009908232558518647,0.6622047483921051,0.1522288929671049,-1.473059430718422,0.015611263085156679,0.15230631828308105,0.11195383965969086,0.19982588291168213,0.01,0,0.0,0.0,0.0,0.0,0.0,0.0,0.0,0.0,0.0,0.0,0.0
1056,4325376,638.457210220772,638.9761754628735,6.4102546499998425,0.07829402100469451,7,0,0,7,0.0,0.0,1.0,-0.007096690707840025,0.5773177936673164,0.1290488289669156,-1.4765478014945983,0.016821042053925338,0.15193778276443481,0.11131567507982254,0.19976387917995453,0.01,0,0.0,0.0,0.0,0.0,0.0,0.0,0.0,0.0,0.0,0.0,0.0
1057,4329472,638.4247823835724,613.4283768076398,6.677226152001822,0.07928362199891126,11,0,0,11,0.0,0.0,1.0,-0.011772751901298761,0.5940957352519035,0.13985447250306607,-1.485058781504631,0.012309475339134224,0.15168961882591248,0.11117319017648697,0.19996410608291626,0.01,0,0.0,0.0,0.0,0.0,0.0,0.0,0.0,0.0,0.0,0.0,0.0
1058,4333568,638.3897188197114,610.8887258399426,6.7049854200013215,0.08059055299963802,44,0,0,44,0.0,0.0,1.0,-0.01104466759134084,0.6736786097288132,0.16403056792914866,-1.4938412845134734,0.014425825115176849,0.15108035504817963,0.11071877926588058,0.1997532993555069,0.01,0,0.0,0.0,0.0,0.0,0.0,0.0,0.0,0.0,0.0,0.0,0.0
1059,4337664,638.4220514549762,682.5692747245014,6.000856106002175,0.06814039000164485,0,0,0,0,0.0,0.0,0.0,-0.008716637257020921,0.6252481684088707,0.14960884042084216,-1.5038329511880875,0.014685933418513741,0.1509859561920166,0.11055217683315277,0.20010972023010254,0.01,0,0.0,0.0,0.0,0.0,0.0,0.0,0.0,0.0,0.0,0.0,0.0
1060,4341760,638.1692346122618,641.3676225542221,6.38635293700645,2.720638605002023,1,0,0,1,0.0,0.0,1.0,0.0,0.0,0.0,0.0,0.0,0.1509859561920166,0.11055217683315277,0.20010972023010254,0.01,1,0.6743795871734619,0.004467845428735018,4.4470343589782715,0.04020949453115463,0.23636376857757568,0.18559738993644714,0.09975025057792664,0.27798691391944885,0.5239347815513611,0.109375,28.11820411682129
1061,4345856,638.1887295814282,668.9877580208316,6.122683039997355,0.08449008699972183,3,0,1,2,0.0,0.3333333333333333,0.6666666666666666,-0.012684055638965219,0.7307543903589249,0.1446448639035225,-1.5102521777153015,0.009644570016826037,0.15023092925548553,0.11018969863653183,0.19910219311714172,0.01,0,0.0,0.0,0.0,0.0,0.0,0.0,0.0,0.0,0.0,0.0,0.0
1062,4349952,638.1957888329257,654.4072837215159,6.259099037997657,0.07993867000186583,6,0,0,6,0.0,0.0,1.0,-0.012697345018386841,0.5348009198904038,0.13413531929254532,-1.5211380571126938,0.020717266427527647,0.15021507441997528,0.10959894955158234,0.1992180347442627,0.01,0,0.0,0.0,0.0,0.0,0.0,0.0,0.0,0.0,0.0,0.0,0.0
1063,4354048,638.1631750840851,612.7222415987927,6.684921359003056,0.07831270700262394,12,0,0,12,0.0,0.0,1.0,-0.01386950448504649,0.5103445753455162,0.13351016789674758,-1.523057672381401,0.01427717424085131,0.14993225038051605,0.10945125669240952,0.19879131019115448,0.01,0,0.0,0.0,0.0,0.0,0.0,0.0,0.0,0.0,0.0,0.0,0.0
1064,4358144,638.1318034176194,613.913677935976,6.671947778995673,0.07891201500024181,42,0,0,42,0.0,0.0,1.0,-0.011533874669112265,0.662954843044281,0.17012272998690606,-1.5248956084251404,0.011575401687878184,0.15021184086799622,0.10888201743364334,0.1999739408493042,0.01,0,0.0,0.0,0.0,0.0,0.0,0.0,0.0,0.0,0.0,0.0,0.0
1065,4362240,638.1622220632306,681.4501966327215,6.010710716996982,0.07897926800069399,0,0,0,0,0.0,0.0,0.0,-0.011754009814467281,0.7672024860978126,0.16276442483067513,-1.5287099301815033,0.011402678342710715,0.14968916773796082,0.10824205726385117,0.19926714897155762,0.01,0,0.0,0.0,0.0,0.0,0.0,0.0,0.0,0.0,0.0,0.0,0.0
1066,4366336,638.1885591390775,676.6691310598402,6.053179925002041,0.07930361299804645,1,0,0,1,0.0,0.0,1.0,-0.00993378380080685,0.6790987610816955,0.14596613310277462,-1.538291981816292,0.013973359645751771,0.1493760347366333,0.10790172964334488,0.19912773370742798,0.01,0,0.0,0.0,0.0,0.0,0.0,0.0,0.0,0.0,0.0,0.0,0.0
1067,4370432,638.2019971978526,661.4158113093512,6.192776057003357,0.07806654299929505,4,0,0,4,0.0,0.0,1.0,-0.012288050435017794,0.4340678505599499,0.12610943242907524,-1.5413743257522583,0.017554520392150153,0.14957702159881592,0.10796763747930527,0.2002437561750412,0.01,0,0.0,0.0,0.0,0.0,0.0,0.0,0.0,0.0,0.0,0.0,0.0
1068,4374528,638.2089547171832,654.276417441918,6.260350962998928,0.07979837300081272,5,0,0,5,0.0,0.0,1.0,-0.007083096052519977,0.5685782536864281,0.1243290139362216,-1.5468410819768905,0.011000088143919128,0.1487751603126526,0.10713851451873779,0.19949713349342346,0.01,0,0.0,0.0,0.0,0.0,0.0,0.0,0.0,0.0,0.0,0.0,0.0
1069,4378624,638.1809717845055,617.049216522346,6.638044243998593,0.07749502799561014,13,0,0,13,0.0,0.0,1.0,-0.012967113277409226,0.6693077966570854,0.14028129279613494,-1.5609570264816284,0.015737125661689787,0.14836865663528442,0.10710364580154419,0.19806480407714844,0.01,0,0.0,0.0,0.0,0.0,0.0,0.0,0.0,0.0,0.0,0.0,0.0
1070,4382720,638.158343928781,622.9705517538583,6.5749496319986065,0.08373634899908211,41,0,0,41,0.0,0.0,1.0,-0.011737580446060747,0.7080750450491905,0.19191558435559272,-1.564189437031746,0.01546179476135876,0.14827321469783783,0.10665447264909744,0.19788743555545807,0.01,0,0.0,0.0,0.0,0.0,0.0,0.0,0.0,0.0,0.0,0.0,0.0
1071,4386816,638.1955805886138,689.9485431997531,5.936674611999479,0.07751385199662764,0,0,0,0,0.0,0.0,0.0,-0.008368076838087291,0.6719355136156082,0.1510381679981947,-1.5643515586853027,0.01860824770265026,0.14837349951267242,0.10674551874399185,0.19762331247329712,0.01,0,0.0,0.0,0.0,0.0,0.0,0.0,0.0,0.0,0.0,0.0,0.0
1072,4390912,638.2088614921253,661.0060985530491,6.196614537999267,0.07522238700039452,1,0,0,1,0.0,0.0,1.0,-0.009761976008303464,0.6635120034217834,0.14495557099580764,-1.5623769134283065,0.01713808814965887,0.14840637147426605,0.10671809315681458,0.19796545803546906,0.01,0,0.0,0.0,0.0,0.0,0.0,0.0,0.0,0.0,0.0,0.0,0.0
1073,4395008,638.2088732341892,646.7550368222529,6.333155161999457,0.07945623600244289,4,0,0,4,0.0,0.0,1.0,-0.007235034124460071,0.5744851768016815,0.13605063892900943,-1.563541942834854,0.011503097636159509,0.1481388509273529,0.10653198510408401,0.19691188633441925,0.01,0,0.0,0.0,0.0,0.0,0.0,0.0,0.0,0.0,0.0,0.0,0.0
1074,4399104,638.188418230921,624.5159823890342,6.558679226000095,0.07626069500111043,8,0,0,8,0.0,0.0,1.0,-0.012104509014170617,0.5410936810076237,0.12997540570795535,-1.573037150502205,0.016531941783614456,0.14756035804748535,0.1059831976890564,0.19587543606758118,0.01,0,0.0,0.0,0.0,0.0,0.0,0.0,0.0,0.0,0.0,0.0,0.0
1075,4403200,638.1544132716167,610.9481067535672,6.704333731002407,0.07821721900108969,15,0,1,14,0.0,0.06666666666666667,0.9333333333333333,-0.012504122749669477,0.5819097429513931,0.14677323289215566,-1.5804929196834565,0.012472074446850456,0.14738929271697998,0.10557185113430023,0.19582195580005646,0.01,0,0.0,0.0,0.0,0.0,0.0,0.0,0.0,0.0,0.0,0.0,0.0
1076,4407296,638.1529944653406,644.9156070158144,6.351218602001609,0.07962874100485351,36,0,0,36,0.0,0.0,1.0,-0.006488118879497051,0.6637308180332184,0.1780799265950918,-1.5822347164154054,0.014043666905490682,0.14751319587230682,0.10571279376745224,0.19639943540096283,0.01,0,0.0,0.0,0.0,0.0,0.0,0.0,0.0,0.0,0.0,0.0,0.0
1077,4411392,638.1848099824309,683.7421575259331,5.990562311999383,0.07963625800039154,0,0,0,0,0.0,0.0,0.0,-0.008759432169608772,0.5647979080677032,0.14065986797213553,-1.5821897149086,0.01623176776629407,0.147325336933136,0.10552280396223068,0.1961163431406021,0.01,0,0.0,0.0,0.0,0.0,0.0,0.0,0.0,0.0,0.0,0.0,0.0
1078,4415488,638.2049880065997,668.6030466468237,6.1262060060034855,0.07000228999822866,1,0,0,1,0.0,0.0,1.0,-0.00978429194074124,0.5984529353678226,0.14480543918907643,-1.591389787197113,0.015094978544220794,0.14668872952461243,0.10498951375484467,0.19521918892860413,0.01,0,0.0,0.0,0.0,0.0,0.0,0.0,0.0,0.0,0.0,0.0,0.0
1079,4419584,638.20200587195,643.072792312373,6.36941890399612,0.07786125299753621,7,0,1,6,0.0,0.14285714285714285,0.8571428571428571,-0.011584294377826154,0.707322110235691,0.14214081950485707,-1.6007468283176423,0.01652182464749785,0.14652931690216064,0.10427716374397278,0.19542934000492096,0.01,0,0.0,0.0,0.0,0.0,0.0,0.0,0.0,0.0,0.0,0.0,0.0
1080,4423680,637.9122867379299,604.3174094653355,6.777895086001081,2.7847899600019446,7,0,0,7,0.0,0.0,1.0,0.0,0.0,0.0,0.0,0.0,0.14652931690216064,0.10427716374397278,0.19542934000492096,0.01,1,0.6165776252746582,0.004701693542301655,4.565046310424805,0.0364932045340538,0.2733721137046814,0.13933661580085754,0.06843085587024689,0.2777823805809021,0.3868672251701355,0.0859375,28.207263946533203
1081,4427776,637.86187548266,594.6985942846943,6.887522586002888,0.07916590300010284,17,0,1,16,0.0,0.058823529411764705,0.9411764705882353,-0.01268819929100573,0.5672837346792221,0.13379132375121117,-1.6043664425611497,0.009593609934381676,0.14647379517555237,0.104093998670578,0.19584141671657562,0.01,0,0.0,0.0,0.0,0.0,0.0,0.0,0.0,0.0,0.0,0.0,0.0
1082,4431872,637.8807194847196,667.8271758414088,6.13332333300059,0.079402741001104,32,0,0,32,0.0,0.0,1.0,-0.013041396846529097,0.8493958652019501,0.1739596791565418,-1.6124626100063324,0.013787993969162925,0.14561423659324646,0.10424323379993439,0.19445295631885529,0.01,0,0.0,0.0,0.0,0.0,0.0,0.0,0.0,0.0,0.0,0.0,0.0
1083,4435968,637.9132165073186,684.5179408747811,5.983773039995867,0.0800961080021807,0,0,0,0,0.0,0.0,0.0,-0.007432529039215296,0.713208420574665,0.14362179189920427,-1.6240896105766296,0.015114994317991659,0.14536970853805542,0.10445122420787811,0.19379283487796783,0.01,0,0.0,0.0,0.0,0.0,0.0,0.0,0.0,0.0,0.0,0.0,0.0
1084,4440064,637.9214478497416,655.2953253917202,6.250616846002231,0.07747915900108637,2,0,0,2,0.0,0.0,1.0,-0.006126822752412409,0.6546804651618003,0.1556982070207596,-1.6274823725223542,0.018300419254228473,0.14501887559890747,0.10452423989772797,0.19316162168979645,0.01,0,0.0,0.0,0.0,0.0,0.0,0.0,0.0,0.0,0.0,0.0,0.0
1085,4444160,637.915313922161,639.4332809738818,6.40567221299716,0.07916636500158347,8,0,0,8,0.0,0.0,1.0,-0.010228986479341983,0.6039798721671105,0.14210156053304673,-1.6342853724956512,0.01817382909648586,0.14468829333782196,0.10451290011405945,0.19256119430065155,0.01,0,0.0,0.0,0.0,0.0,0.0,0.0,0.0,0.0,0.0,0.0,0.0
1086,4448256,637.9016752570308,630.313811071648,6.498350390000269,0.06818224100425141,9,0,0,9,0.0,0.0,1.0,-0.012772736686747522,0.6016306892037392,0.14361227713525296,-1.6428220123052597,0.01387185116764158,0.14383232593536377,0.10484427958726883,0.1901303082704544,0.01,0,0.0,0.0,0.0,0.0,0.0,0.0,0.0,0.0,0.0,0.0,0.0
1087,4452352,637.8398150811392,584.1081692670668,7.012399783998262,0.08169563099363586,45,0,0,45,0.0,0.0,1.0,-0.011063049104996026,0.5927995309233666,0.1512754287570715,-1.650288951396942,0.012323905072116758,0.1438315212726593,0.10517044365406036,0.18998309969902039,0.01,0,0.0,0.0,0.0,0.0,0.0,0.0,0.0,0.0,0.0,0.0,0.0
1088,4456448,637.8670448279518,677.9116638716456,6.042085153996595,0.07819327800098108,0,0,0,0,0.0,0.0,0.0,-0.008036134589929134,0.7326821699738503,0.1730066705495119,-1.6471737414598464,0.010372136325167957,0.14405351877212524,0.10499083995819092,0.19088634848594666,0.01,0,0.0,0.0,0.0,0.0,0.0,0.0,0.0,0.0,0.0,0.0,0.0
1089,4460544,637.9020599174577,687.9000430342812,5.954353458000696,0.07992420300433878,0,0,0,0,0.0,0.0,0.0,-0.009840592672117055,0.6397417068481446,0.14847504422068597,-1.649492585659027,0.013264947292918805,0.1436787247657776,0.10444566607475281,0.19023583829402924,0.01,0,0.0,0.0,0.0,0.0,0.0,0.0,0.0,0.0,0.0,0.0,0.0
1090,4464640,637.9180458125307,664.4273258600682,6.164707320996968,0.07781695700396085,2,0,0,2,0.0,0.0,1.0,-0.007695598108693957,0.6361372292041778,0.15707569904625415,-1.6566843181848525,0.019363116758177056,0.14343968033790588,0.10432463884353638,0.18956004083156586,0.01,0,0.0,0.0,0.0,0.0,0.0,0.0,0.0,0.0,0.0,0.0,0.0
1091,4468736,637.9066132768742,633.6106034522619,6.464538279004046,0.07883587200194597,9,0,0,9,0.0,0.0,1.0,-0.013933177758008241,0.6029009699821473,0.13913261331617832,-1.664779582619667,0.012042658505379222,0.14285558462142944,0.1037861630320549,0.18926283717155457,0.01,0,0.0,0.0,0.0,0.0,0.0,0.0,0.0,0.0,0.0,0.0,0.0
1092,4472832,637.8734209921489,611.0031264691874,6.7037300179945305,0.07928502200229559,11,0,0,11,0.0,0.0,1.0,-0.01251339471200481,0.48490430042147636,0.13306709602475167,-1.6738940060138703,0.012821677266038023,0.14251059293746948,0.10420487076044083,0.18795457482337952,0.01,0,0.0,0.0,0.0,0.0,0.0,0.0,0.0,0.0,0.0,0.0,0.0
1093,4476928,637.8375773455856,608.2710945748885,6.733839626002009,0.0786549019976519,42,0,0,42,0.0,0.0,1.0,-0.012558280699886381,0.6576789140701294,0.15451044775545597,-1.6779651165008544,0.010148695662792306,0.14205799996852875,0.10417796671390533,0.18692494928836823,0.01,0,0.0,0.0,0.0,0.0,0.0,0.0,0.0,0.0,0.0,0.0,0.0
1094,4481024,637.8736095089453,689.2781428870796,5.942448693996994,0.07940134200180182,0,0,0,0,0.0,0.0,0.0,-0.00978641935507767,0.9241004019975663,0.17562526389956473,-1.6879468768835069,0.018664576555602254,0.1418382227420807,0.1037168800830841,0.18706615269184113,0.01,0,0.0,0.0,0.0,0.0,0.0,0.0,0.0,0.0,0.0,0.0,0.0
1095,4485120,637.8965030413336,672.8397691713812,6.087630647998594,0.07832127500296338,1,0,1,0,0.0,1.0,0.0,-0.012336741329636424,0.7365827605128288,0.15625557154417039,-1.6921939432621003,0.012721349440107587,0.14180073142051697,0.10325726866722107,0.18809086084365845,0.01,0,0.0,0.0,0.0,0.0,0.0,0.0,0.0,0.0,0.0,0.0,0.0
1096,4489216,637.907999355352,659.0846168779434,6.214680019998923,0.07622466299653752,3,0,1,2,0.0,0.3333333333333333,0.6666666666666666,-0.008908215328119695,0.8244571954011917,0.1411483518779278,-1.7010926336050034,0.01692523032979807,0.14110350608825684,0.10306119918823242,0.1868807077407837,0.01,0,0.0,0.0,0.0,0.0,0.0,0.0,0.0,0.0,0.0,0.0,0.0
1097,4493312,637.902097078468,639.6703484840508,6.40329821400519,0.0797484729991993,8,0,0,8,0.0,0.0,1.0,-0.011486119963228703,0.5663401544094085,0.14397619254887103,-1.7175011575222014,0.014751598119619302,0.14007502794265747,0.10229000449180603,0.18568797409534454,0.01,0,0.0,0.0,0.0,0.0,0.0,0.0,0.0,0.0,0.0,0.0,0.0
1098,4497408,637.8612143198125,603.1135026920828,6.791424800998357,0.07840588300314266,13,0,1,12,0.0,0.07692307692307693,0.9230769230769231,-0.012242389877792447,0.712136647105217,0.15163469091057777,-1.7359041959047317,0.015007280292047653,0.13962315022945404,0.10191843658685684,0.18561840057373047,0.01,0,0.0,0.0,0.0,0.0,0.0,0.0,0.0,0.0,0.0,0.0,0.0
1099,4501504,637.8315183682545,614.4504345215204,6.6661194620028255,0.08048275399778504,39,0,0,39,0.0,0.0,1.0,-0.009942769003100694,0.6223381951451301,0.17864852137863635,-1.740678784251213,0.01604263538174564,0.13965299725532532,0.10182620584964752,0.18565520644187927,0.01,0,0.0,0.0,0.0,0.0,0.0,0.0,0.0,0.0,0.0,0.0,0.0
1100,4505600,637.5715515066142,620.2602825087642,6.603679318999639,2.6951964469990344,0,0,0,0,0.0,0.0,0.0,0.0,0.0,0.0,0.0,0.0,0.13965299725532532,0.10182620584964752,0.18565520644187927,0.01,1,0.7466309070587158,0.003976690582931042,4.4842658042907715,0.0442320853471756,0.3025878071784973,0.2340477705001831,0.04415799304842949,0.2639295160770416,0.6484271883964539,0.13671875,26.461057662963867
1101,4509696,637.5881331834953,665.4569340873946,6.155169163001119,0.08060024500446161,2,0,0,2,0.0,0.0,1.0,-0.012824830785393714,0.7073024705052375,0.15370474606752396,-1.74082253575325,0.022986606368795036,0.13955122232437134,0.10216468572616577,0.1850821077823639,0.01,0,0.0,0.0,0.0,0.0,0.0,0.0,0.0,0.0,0.0,0.0,0.0
1102,4513792,637.5870366654283,644.5783880187765,6.354541319000418,0.07847837099689059,4,0,0,4,0.0,0.0,1.0,-0.003216333081945777,0.6348188072443008,0.14919076897203923,-1.7438486993312836,0.01858491305465577,0.13919809460639954,0.10189945250749588,0.18493807315826416,0.01,0,0.0,0.0,0.0,0.0,0.0,0.0,0.0,0.0,0.0,0.0,0.0
1103,4517888,637.5872498366604,646.0038804247175,6.34051918899786,0.07800078699801816,6,0,0,6,0.0,0.0,1.0,-0.01290193711174652,0.43416287675499915,0.15344684571027756,-1.756022074818611,0.022304240499215665,0.13864323496818542,0.1013706773519516,0.18463826179504395,0.01,0,0.0,0.0,0.0,0.0,0.0,0.0,0.0,0.0,0.0,0.0,0.0
1104,4521984,637.5475814624158,603.8720910065578,6.782893365998461,0.07909463500254788,15,0,1,14,0.0,0.06666666666666667,0.9333333333333333,-0.012276527937501669,0.5765996217727661,0.15354603826999663,-1.7629742085933686,0.017222551208396907,0.13864535093307495,0.10092626512050629,0.18455785512924194,0.01,0,0.0,0.0,0.0,0.0,0.0,0.0,0.0,0.0,0.0,0.0,0.0
1105,4526080,637.5285488919735,624.7987432260561,6.555711009998049,0.07763155200518668,37,0,0,37,0.0,0.0,1.0,-0.007426026987377554,0.5701501771807671,0.17980502918362617,-1.7684974521398544,0.020847909153962972,0.13811588287353516,0.10027357190847397,0.1839592307806015,0.01,0,0.0,0.0,0.0,0.0,0.0,0.0,0.0,0.0,0.0,0.0,0.0
1106,4530176,637.5598267403843,683.1866661128338,5.995433171003242,0.0776530420043855,0,0,0,0,0.0,0.0,0.0,-0.010115787759423256,0.6070366710424423,0.1483337849378586,-1.776716133952141,0.014576981862774119,0.13809344172477722,0.100124292075634,0.1842419058084488,0.01,0,0.0,0.0,0.0,0.0,0.0,0.0,0.0,0.0,0.0,0.0,0.0
1107,4534272,637.5752266168762,663.7987402000774,6.1705450039953575,0.07904034499370027,2,0,0,2,0.0,0.0,1.0,-0.006626571575179696,0.8168922603130341,0.15314856842160224,-1.7820333033800124,0.016747946439136286,0.13752146065235138,0.09993578493595123,0.183994859457016,0.01,0,0.0,0.0,0.0,0.0,0.0,0.0,0.0,0.0,0.0,0.0,0.0
1108,4538368,637.577086721758,647.985792293527,6.321126248003566,0.07930654599476838,4,0,0,4,0.0,0.0,1.0,-0.0070816543535329405,0.5219580717384815,0.1348467782139778,-1.7964310854673387,0.019448380100948272,0.13698625564575195,0.10009030252695084,0.1832285076379776,0.01,0,0.0,0.0,0.0,0.0,0.0,0.0,0.0,0.0,0.0,0.0,0.0
1109,4542464,637.5714812399203,639.521539961399,6.404788179999741,0.07902981699589873,8,0,0,8,0.0,0.0,1.0,-0.012104931124486028,0.5313718229532242,0.14198919609189034,-1.8066495269536973,0.015064214644371531,0.13628122210502625,0.09987591207027435,0.18166619539260864,0.01,0,0.0,0.0,0.0,0.0,0.0,0.0,0.0,0.0,0.0,0.0,0.0
1110,4546560,637.5306312799073,602.5691644371303,6.797559917999024,0.08049645800201688,15,0,0,15,0.0,0.0,1.0,-0.006338858790695667,0.5351908095180988,0.1435893852263689,-1.821057304739952,0.01961598887864966,0.13561473786830902,0.0992889255285263,0.18078196048736572,0.01,0,0.0,0.0,0.0,0.0,0.0,0.0,0.0,0.0,0.0,0.0,0.0
1111,4550656,637.5225997291271,637.9469889037276,6.420596180003486,0.09120815599453636,35,0,0,35,0.0,0.0,1.0,-0.0058399401372298595,0.7235414862632752,0.1775274619460106,-1.8272752046585083,0.01687443021510262,0.13584481179714203,0.09934286773204803,0.18100987374782562,0.01,0,0.0,0.0,0.0,0.0,0.0,0.0,0.0,0.0,0.0,0.0,0.0
1112,4554752,637.5401904680433,666.5908340390421,6.1446989530013525,0.07990440000139643,1,0,0,1,0.0,0.0,1.0,-0.008261650893837213,0.6522710636258126,0.1606300625950098,-1.8271833896636962,0.014219711779151111,0.1355535089969635,0.09861258417367935,0.18120118975639343,0.01,0,0.0,0.0,0.0,0.0,0.0,0.0,0.0,0.0,0.0,0.0,0.0
1113,4558848,637.5643410932973,674.7553232299517,6.070348553002987,0.08019487399724312,1,0,0,1,0.0,0.0,1.0,-0.008907540014479309,0.7817012757062912,0.1579697471112013,-1.836285835504532,0.019201102764054668,0.13529735803604126,0.09785692393779755,0.1808926910161972,0.01,0,0.0,0.0,0.0,0.0,0.0,0.0,0.0,0.0,0.0,0.0,0.0
1114,4562944,637.5534032664198,633.6857051299743,6.463772130002326,0.080388717004098,6,0,0,6,0.0,0.0,1.0,-0.009647434926591814,0.5632163926959037,0.1434659581631422,-1.8375908523797988,0.013845409953501076,0.13550779223442078,0.0981680229306221,0.18108408153057098,0.01,0,0.0,0.0,0.0,0.0,0.0,0.0,0.0,0.0,0.0,0.0,0.0
1115,4567040,637.5463843376929,637.4626995476831,6.425473996998335,0.07495630000630626,8,0,0,8,0.0,0.0,1.0,-0.008678104099817573,0.46174777671694756,0.14125996977090835,-1.8337090849876403,0.01783210026915185,0.13555018603801727,0.09837181866168976,0.18109442293643951,0.01,0,0.0,0.0,0.0,0.0,0.0,0.0,0.0,0.0,0.0,0.0,0.0
1116,4571136,637.4884802728615,585.815726844204,6.991959778999444,0.07906581400311552,17,0,0,17,0.0,0.0,1.0,-0.012973750452511012,0.6181870132684708,0.1481671504676342,-1.8374349892139434,0.016829574106668587,0.13502000272274017,0.09817230701446533,0.1799328625202179,0.01,0,0.0,0.0,0.0,0.0,0.0,0.0,0.0,0.0,0.0,0.0,0.0
1117,4575232,637.4982843879746,657.1246373494133,6.233216298998741,0.07866955999634229,31,0,0,31,0.0,0.0,1.0,-0.00925950965611264,0.8303593650460244,0.1881855122745037,-1.8457748621702195,0.015201184793841093,0.1349131166934967,0.09806696325540543,0.18003779649734497,0.01,0,0.0,0.0,0.0,0.0,0.0,0.0,0.0,0.0,0.0,0.0,0.0
1118,4579328,637.5093086674274,658.7417000545204,6.21791515500081,0.07986592900124379,1,0,0,1,0.0,0.0,1.0,-0.010254750330932438,0.6658010154962539,0.14401158541440964,-1.851316237449646,0.014277678872167599,0.13438120484352112,0.09732821583747864,0.1787433624267578,0.01,0,0.0,0.0,0.0,0.0,0.0,0.0,0.0,0.0,0.0,0.0,0.0
1119,4583424,637.5258267467175,665.3854814334591,6.155830138006422,0.07991150899761124,3,0,0,3,0.0,0.0,1.0,-0.012340361182577909,0.5761670470237732,0.1545814223587513,-1.8604314416646957,0.011986249554320238,0.13412880897521973,0.09718027710914612,0.1785738468170166,0.01,0,0.0,0.0,0.0,0.0,0.0,0.0,0.0,0.0,0.0,0.0,0.0
1120,4587520,637.2652609750422,616.2150790779486,6.647029809995729,2.7163986319937976,5,0,0,5,0.0,0.0,1.0,0.0,0.0,0.0,0.0,0.0,0.13412880897521973,0.09718027710914612,0.1785738468170166,0.01,1,0.5308421850204468,0.004885220900177956,4.636614799499512,0.03055693954229355,0.28634727001190186,0.11313843727111816,0.02561701089143753,0.2521141469478607,0.19874471426010132,0.0703125,28.68504524230957
1121,4591616,637.2417755453541,619.537353883186,6.61138505100098,0.07862677999946754,11,0,0,11,0.0,0.0,1.0,-0.011612759565468877,0.5497546762228012,0.13684573732316493,-1.8689814448356628,0.015218319672567305,0.13368992507457733,0.09677819162607193,0.1781938672065735,0.01,0,0.0,0.0,0.0,0.0,0.0,0.0,0.0,0.0,0.0,0.0,0.0
1122,4595712,637.1930131524923,594.9216502593844,6.884940224001184,0.09158054900035495,44,0,0,44,0.0,0.0,1.0,-0.010050944425165654,0.6240948975086212,0.15221103690564633,-1.8769102305173875,0.012625286991533358,0.13357774913311005,0.09649636596441269,0.17894910275936127,0.01,0,0.0,0.0,0.0,0.0,0.0,0.0,0.0,0.0,0.0,0.0,0.0
1123,4599808,637.2155359363023,672.5777983660909,6.090001796001161,0.07989269900281215,0,0,0,0,0.0,0.0,0.0,-0.005771551397629082,0.7563632681965828,0.18848454356193542,-1.8756762623786927,0.02093279291584622,0.1339109241962433,0.09700430184602737,0.17941854894161224,0.01,0,0.0,0.0,0.0,0.0,0.0,0.0,0.0,0.0,0.0,0.0,0.0
1124,4603904,637.2359378295058,669.7714377332996,6.115519070001028,0.07786809699609876,1,0,0,1,0.0,0.0,1.0,-0.014090371516067535,0.710870485007763,0.14584580063819885,-1.8681262969970702,0.017474367792601697,0.1340685337781906,0.09761674702167511,0.17943871021270752,0.01,0,0.0,0.0,0.0,0.0,0.0,0.0,0.0,0.0,0.0,0.0,0.0
1125,4608000,637.2438787367012,654.8538994647317,6.25483028099552,0.07985270700010005,3,0,0,3,0.0,0.0,1.0,-0.01151619718875736,0.6766777917742729,0.14102743119001387,-1.867589756846428,0.013125065292115323,0.13383901119232178,0.09759501367807388,0.178812175989151,0.01,0,0.0,0.0,0.0,0.0,0.0,0.0,0.0,0.0,0.0,0.0,0.0
1126,4612096,637.2420134442432,643.3688618156143,6.366487785002391,0.07903429499856429,8,0,0,8,0.0,0.0,1.0,-0.00852627147687599,0.5747254267334938,0.1389610193669796,-1.875760868191719,0.019115972486906684,0.13335327804088593,0.09710074961185455,0.17832964658737183,0.01,0,0.0,0.0,0.0,0.0,0.0,0.0,0.0,0.0,0.0,0.0,0.0
1127,4616192,637.2135017391456,614.0130814679866,6.670867647000705,0.07750303599459585,10,0,0,10,0.0,0.0,1.0,-0.010732729791197926,0.4623803995549679,0.1443267434835434,-1.8794998526573181,0.01590122942434391,0.13370376825332642,0.09729478508234024,0.178838312625885,0.01,0,0.0,0.0,0.0,0.0,0.0,0.0,0.0,0.0,0.0,0.0,0.0
1128,4620288,637.1793425682719,607.4243779568027,6.743226232996676,0.07015208699885989,42,0,0,42,0.0,0.0,1.0,-0.005749634013045579,0.5182826392352581,0.16717278361320495,-1.873775029182434,0.019143537408672272,0.13366535305976868,0.09710491448640823,0.17872683703899384,0.01,0,0.0,0.0,0.0,0.0,0.0,0.0,0.0,0.0,0.0,0.0,0.0
1129,4624384,637.205669535912,676.311601788837,6.056379912995908,0.06908258399926126,0,0,0,0,0.0,0.0,0.0,-0.010406072752084583,0.6358829319477082,0.16896626316010951,-1.8785671800374986,0.013985672575654463,0.1332566738128662,0.09712281078100204,0.17782527208328247,0.01,0,0.0,0.0,0.0,0.0,0.0,0.0,0.0,0.0,0.0,0.0,0.0
1130,4628480,637.2207310430568,663.4430252976845,6.173853434003831,0.07920246600406244,1,0,0,1,0.0,0.0,1.0,-0.007051670318469405,0.6746114134788513,0.15797633342444897,-1.8841258823871612,0.01696194721153006,0.13315805792808533,0.09734926372766495,0.17783081531524658,0.01,0,0.0,0.0,0.0,0.0,0.0,0.0,0.0,0.0,0.0,0.0,0.0
1131,4632576,637.2370695741263,664.4786246433623,6.164231396003743,0.07397395100269932,3,0,0,3,0.0,0.0,1.0,-0.010431175399571658,0.614812609553337,0.1542993038892746,-1.8883281975984574,0.009900620808184612,0.13281002640724182,0.0967441126704216,0.17785602807998657,0.01,0,0.0,0.0,0.0,0.0,0.0,0.0,0.0,0.0,0.0,0.0,0.0
1132,4636672,637.2188278883795,625.0826014949517,6.55273397500423,0.07982220899430104,8,0,0,8,0.0,0.0,1.0,-0.013063861709088086,0.5131888538599014,0.1391707319766283,-1.895420065522194,0.017326917000173126,0.13281910121440887,0.09654545783996582,0.1785433143377304,0.01,0,0.0,0.0,0.0,0.0,0.0,0.0,0.0,0.0,0.0,0.0,0.0
1133,4640768,637.1730277120595,596.3707385798557,6.868210888002068,0.07962358199438313,13,0,0,13,0.0,0.0,1.0,-0.014763998793205247,0.507826852798462,0.14129135571420193,-1.8951534926891327,0.018176690010295714,0.13302519917488098,0.09630240499973297,0.17891095578670502,0.01,0,0.0,0.0,0.0,0.0,0.0,0.0,0.0,0.0,0.0,0.0,0.0
1134,4644864,637.1414976297181,610.6163066825798,6.707976769001107,0.07798902100330452,39,0,0,39,0.0,0.0,1.0,-0.006892129220068455,0.7160467967391014,0.1705060489475727,-1.889344906806946,0.017838900978676974,0.13329057395458221,0.09657008200883865,0.17916171252727509,0.01,0,0.0,0.0,0.0,0.0,0.0,0.0,0.0,0.0,0.0,0.0,0.0
1135,4648960,637.1701437871453,680.4933748616749,6.019162201002473,0.07846870700450381,0,0,0,0,0.0,0.0,0.0,-0.006279365776572376,0.6719169527292251,0.1678129903972149,-1.8883210301399231,0.021692771794914734,0.13304714858531952,0.09654533118009567,0.17853936553001404,0.01,0,0.0,0.0,0.0,0.0,0.0,0.0,0.0,0.0,0.0,0.0,0.0
1136,4653056,637.179841160032,656.5828120552836,6.238360073999502,0.07599590699828696,2,0,0,2,0.0,0.0,1.0,-0.012908493273425848,0.6571620494127274,0.15330740734934806,-1.9016003876924514,0.018346063222270458,0.13199983537197113,0.09603952616453171,0.17710715532302856,0.01,0,0.0,0.0,0.0,0.0,0.0,0.0,0.0,0.0,0.0,0.0,0.0
1137,4657152,637.1818914586871,647.8561317207378,6.322391345005599,0.07940955199592281,4,0,1,3,0.0,0.25,0.75,-0.010383587167598306,0.6541594564914703,0.1502410251647234,-1.9188005059957505,0.014852683054050431,0.13170641660690308,0.09557287395000458,0.1769496351480484,0.01,0,0.0,0.0,0.0,0.0,0.0,0.0,0.0,0.0,0.0,0.0,0.0
1138,4661248,637.1686417808864,630.319794033597,6.498288708004111,0.07891992600343656,6,0,0,6,0.0,0.0,1.0,-0.014828901155851781,0.5953187614679336,0.15129650384187698,-1.927917093038559,0.016400130161491687,0.1309012621641159,0.09527431428432465,0.17510481178760529,0.01,0,0.0,0.0,0.0,0.0,0.0,0.0,0.0,0.0,0.0,0.0,0.0
1139,4665344,637.1219436094175,595.0697348866837,6.8832268889964325,0.07879790299921297,14,0,0,14,0.0,0.0,1.0,-0.00928232236765325,0.5042196534574032,0.15516311302781105,-1.9430911421775818,0.021328721298777963,0.13047920167446136,0.09512010961771011,0.17441780865192413,0.01,0,0.0,0.0,0.0,0.0,0.0,0.0,0.0,0.0,0.0,0.0,0.0
1140,4669440,636.8225355718768,582.7634012073689,7.028581396007212,2.8431796290024067,38,0,0,38,0.0,0.0,1.0,0.0,0.0,0.0,0.0,0.0,0.13047920167446136,0.09512010961771011,0.17441780865192413,0.01,1,0.5851514339447021,0.0047765993513166904,4.527529239654541,0.038501039147377014,0.24428007006645203,0.13907977938652039,0.05957186967134476,0.253415584564209,0.4825897812843323,0.12109375,28.65085220336914
1141,4673536,636.8475454761998,676.5109801681303,6.054595002999122,0.08598083299875725,0,0,0,0,0.0,0.0,0.0,-0.011717512365430593,0.6301704928278923,0.17216134555637835,-1.9499749898910523,0.016537839965894818,0.13019488751888275,0.09470705687999725,0.17429718375205994,0.01,0,0.0,0.0,0.0,0.0,0.0,0.0,0.0,0.0,0.0,0.0,0.0
1142,4677632,636.8611577355222,661.3871403737463,6.1930445120015065,0.07822947600652697,2,0,0,2,0.0,0.0,1.0,-0.011041982483584433,0.6782728359103203,0.17033845596015454,-1.9607029259204865,0.018217655137414114,0.12959110736846924,0.09456745535135269,0.17318622767925262,0.01,0,0.0,0.0,0.0,0.0,0.0,0.0,0.0,0.0,0.0,0.0,0.0
1143,4681728,636.8690992974201,654.4747600573997,6.258453725000436,0.07800353000493487,5,0,0,5,0.0,0.0,1.0,-0.010052488220389932,0.5259860306978226,0.15248174630105496,-1.9687465220689773,0.016460640556761063,0.12946532666683197,0.09444578737020493,0.17304454743862152,0.01,0,0.0,0.0,0.0,0.0,0.0,0.0,0.0,0.0,0.0,0.0,0.0
1144,4685824,636.8565265176159,631.5411205672174,6.485721779004962,0.08741628500138177,7,0,1,6,0.0,0.14285714285714285,0.8571428571428571,-0.006746571243274957,0.6478952601552009,0.1524984359741211,-1.9684605211019517,0.020972693363728468,0.12968546152114868,0.09405530989170074,0.17417646944522858,0.01,0,0.0,0.0,0.0,0.0,0.0,0.0,0.0,0.0,0.0,0.0,0.0
1145,4689920,636.7823413108782,568.3565106089562,7.206744223993155,0.07971724399976665,17,0,2,15,0.0,0.11764705882352941,0.8823529411764706,-0.01016476151999086,0.677259461581707,0.14192144125699996,-1.9691002547740937,0.01553684136015363,0.12959328293800354,0.09404320269823074,0.17414723336696625,0.01,0,0.0,0.0,0.0,0.0,0.0,0.0,0.0,0.0,0.0,0.0,0.0
1146,4694016,636.7741516818093,634.6149425789706,6.454307526000775,0.06984955700318096,33,0,0,33,0.0,0.0,1.0,-0.012939963524695485,0.7046006739139556,0.17951826341450214,-1.9708706319332123,0.01923189465305768,0.12951478362083435,0.09405911713838577,0.1740698218345642,0.01,0,0.0,0.0,0.0,0.0,0.0,0.0,0.0,0.0,0.0,0.0,0.0
1147,4698112,636.7944475682127,669.285034668419,6.119963525001367,0.07441012199706165,1,0,0,1,0.0,0.0,1.0,-0.00897674024454318,0.5744514733552932,0.16016548983752726,-1.9738870561122894,0.016041819550446236,0.12940841913223267,0.09398482739925385,0.17451578378677368,0.01,0,0.0,0.0,0.0,0.0,0.0,0.0,0.0,0.0,0.0,0.0,0.0
1148,4702208,636.8147127694302,669.8695358807486,6.114623490997474,0.07967848499538377,1,0,0,1,0.0,0.0,1.0,-0.012008919252548367,0.7124794870615005,0.16200140193104745,-1.9756412774324417,0.016481752262916417,0.12953636050224304,0.09405142813920975,0.1749408096075058,0.01,0,0.0,0.0,0.0,0.0,0.0,0.0,0.0,0.0,0.0,0.0,0.0
1149,4706304,636.8070850900413,636.2678146509687,6.437540774000809,0.07946275900030741,7,0,2,5,0.0,0.2857142857142857,0.7142857142857143,-0.011374820745550096,0.6606141075491905,0.16296350322663783,-1.9801592439413072,0.01958865362103097,0.1289077252149582,0.09371261298656464,0.1744280755519867,0.01,0,0.0,0.0,0.0,0.0,0.0,0.0,0.0,0.0,0.0,0.0,0.0
1150,4710400,636.7857882677781,621.096720428168,6.594786069996189,0.0817548320046626,9,0,1,8,0.0,0.1111111111111111,0.8888888888888888,-0.009266637871041894,0.5202116303145885,0.16258987076580525,-1.9991185426712037,0.021469024784164504,0.12804871797561646,0.09355080872774124,0.1730085015296936,0.01,0,0.0,0.0,0.0,0.0,0.0,0.0,0.0,0.0,0.0,0.0,0.0
1151,4714496,636.7366419049981,592.0315654258287,6.918550021997362,0.07983901799889281,17,0,1,16,0.0,0.058823529411764705,0.9411764705882353,-0.009421606361865998,0.5615179918706417,0.16489569693803788,-2.013016849756241,0.022471006176783704,0.12764117121696472,0.09311801940202713,0.1721859872341156,0.01,0,0.0,0.0,0.0,0.0,0.0,0.0,0.0,0.0,0.0,0.0,0.0
1152,4718592,636.7537999471203,664.9013126661715,6.160312699001224,0.06970328299939865,29,0,0,29,0.0,0.0,1.0,-0.01261926257284358,0.7049309819936752,0.18238389305770397,-2.0151226580142976,0.01713284029683564,0.12768146395683289,0.09328854829072952,0.17153194546699524,0.01,0,0.0,0.0,0.0,0.0,0.0,0.0,0.0,0.0,0.0,0.0,0.0
1153,4722688,636.7773757058454,673.5068405058645,6.081601186000626,0.07297052700596396,1,0,0,1,0.0,0.0,1.0,-0.011053612234536558,0.6046893574297428,0.15365253202617168,-2.0179505586624145,0.015433300759468693,0.12727850675582886,0.09254734218120575,0.1713828444480896,0.01,0,0.0,0.0,0.0,0.0,0.0,0.0,0.0,0.0,0.0,0.0,0.0
1154,4726784,636.7928166458148,663.7930839340065,6.170597584001371,0.07879294799931813,2,0,0,2,0.0,0.0,1.0,-0.0075184134766459465,0.6644174292683601,0.15635722540318966,-2.0286985039711,0.022676735496497714,0.12711933255195618,0.09201015532016754,0.17194999754428864,0.01,0,0.0,0.0,0.0,0.0,0.0,0.0,0.0,0.0,0.0,0.0,0.0
1155,4730880,636.7716831237389,621.0840055453638,6.5949210789985955,0.08016062200476881,9,0,0,9,0.0,0.0,1.0,-0.010875220596790313,0.5465436622500419,0.15481281727552415,-2.0320526242256163,0.013284211655263788,0.12706977128982544,0.09218687564134598,0.17191019654273987,0.01,0,0.0,0.0,0.0,0.0,0.0,0.0,0.0,0.0,0.0,0.0,0.0
1156,4734976,636.7402766784306,609.8428309233268,6.716484628996113,0.07912548599415459,13,0,3,10,0.0,0.23076923076923078,0.7692307692307693,-0.011782638722797856,0.7959106907248497,0.1602568630129099,-2.032804769277573,0.01657322627288522,0.12691597640514374,0.0925631895661354,0.1710546612739563,0.01,0,0.0,0.0,0.0,0.0,0.0,0.0,0.0,0.0,0.0,0.0,0.0
1157,4739072,636.711501308574,615.3458084752161,6.65641976200277,0.10956908800289966,12,0,0,12,0.0,0.0,1.0,-0.010183039074763655,0.42708207219839095,0.15511593148112296,-2.036035066843033,0.01172647284111008,0.12664607167243958,0.09211952984333038,0.1703835278749466,0.01,0,0.0,0.0,0.0,0.0,0.0,0.0,0.0,0.0,0.0,0.0,0.0
1158,4743168,636.7378397882209,677.7158855926629,6.043830589005665,0.07762606899632374,27,0,0,27,0.0,0.0,1.0,-0.0064303899416700006,0.7747817367315293,0.19463824331760407,-2.041128766536713,0.020900199489551595,0.12655508518218994,0.091835618019104,0.17024989426136017,0.01,0,0.0,0.0,0.0,0.0,0.0,0.0,0.0,0.0,0.0,0.0,0.0
1159,4747264,636.7590744099575,671.2546418868184,6.102006220004114,0.07900482599507086,1,0,0,1,0.0,0.0,1.0,-0.0075005079037509855,0.7071586951613427,0.17020334862172604,-2.0456666707992555,0.013774968701181934,0.1263485550880432,0.09147744625806808,0.17089077830314636,0.01,0,0.0,0.0,0.0,0.0,0.0,0.0,0.0,0.0,0.0,0.0,0.0
1160,4751360,636.5019922789876,609.611378565231,6.719034690002445,2.724285851996683,4,0,0,4,0.0,0.0,1.0,0.0,0.0,0.0,0.0,0.0,0.1263485550880432,0.09147744625806808,0.17089077830314636,0.01,1,0.5612696409225464,0.004650031216442585,4.529047012329102,0.0316409096121788,0.28467610478401184,0.1264885663986206,0.03361808508634567,0.24078874289989471,0.32038217782974243,0.12109375,28.289047241210938
1161,4755456,636.4756578632548,615.4805890221605,6.654962111002533,0.08620944200083613,11,0,2,9,0.0,0.18181818181818182,0.8181818181818182,-0.010725894215283915,0.7185312539339066,0.1594691827893257,-2.05268052816391,0.010547450801823288,0.12618234753608704,0.09137211740016937,0.17111597955226898,0.01,0,0.0,0.0,0.0,0.0,0.0,0.0,0.0,0.0,0.0,0.0,0.0
1162,4759552,636.4394392547363,604.2852338548465,6.778255979996175,0.07764011599647347,12,0,1,11,0.0,0.08333333333333333,0.9166666666666666,-0.011051532102283091,0.5423506386578083,0.1496449287980795,-2.0597773492336273,0.017605686551542023,0.12574438750743866,0.09149576723575592,0.17049790918827057,0.01,0,0.0,0.0,0.0,0.0,0.0,0.0,0.0,0.0,0.0,0.0,0.0
1163,4763648,636.4045754310606,605.5200605136727,6.76443319900136,0.07806398399407044,36,0,2,34,0.0,0.05555555555555555,0.9444444444444444,-0.0068202281487174336,0.7518432721495628,0.17012707479298114,-2.0715356349945067,0.019148208419210277,0.1250433623790741,0.09122345596551895,0.16927258670330048,0.01,0,0.0,0.0,0.0,0.0,0.0,0.0,0.0,0.0,0.0,0.0,0.0
1164,4767744,636.4311273467156,678.0323890800353,6.04100934699818,0.07959967899660114,0,0,0,0,0.0,0.0,0.0,-0.006278374907560646,0.8708400771021843,0.19150584749877453,-2.0851160287857056,0.015859036867914254,0.1246880292892456,0.09080670773983002,0.16896484792232513,0.01,0,0.0,0.0,0.0,0.0,0.0,0.0,0.0,0.0,0.0,0.0,0.0
1165,4771840,636.4516778018342,670.8855495539315,6.105363280999882,0.08539080699847545,1,0,0,1,0.0,0.0,1.0,-0.009437279216945172,0.8210292816162109,0.17862325310707092,-2.0942850410938263,0.01684934568038443,0.12414664030075073,0.09069229662418365,0.1677067130804062,0.01,0,0.0,0.0,0.0,0.0,0.0,0.0,0.0,0.0,0.0,0.0,0.0
1166,4775936,636.4498797220498,642.5898982416628,6.3742054009999265,0.07928017599624582,7,0,1,6,0.0,0.14285714285714285,0.8571428571428571,-0.004422144696582109,0.6891999647021294,0.16805080138146877,-2.1077471494674684,0.014248499377572443,0.12355391681194305,0.09051602333784103,0.16698674857616425,0.01,0,0.0,0.0,0.0,0.0,0.0,0.0,0.0,0.0,0.0,0.0,0.0
1167,4780032,636.4256679733014,617.0203283024838,6.638355030001549,0.08002568800293375,12,0,2,10,0.0,0.16666666666666666,0.8333333333333334,-0.012331029248889536,0.6001713149249553,0.17057038210332393,-2.1178523123264315,0.02474833190499339,0.12330995500087738,0.09054815024137497,0.166889488697052,0.01,0,0.0,0.0,0.0,0.0,0.0,0.0,0.0,0.0,0.0,0.0,0.0
1168,4784128,636.3829834864878,597.3263696779184,6.857222797996656,0.08000558800267754,18,0,4,14,0.0,0.2222222222222222,0.7777777777777778,-0.008276722219306976,0.8373451218008995,0.1901616185903549,-2.1193545281887056,0.017612363454827574,0.123374342918396,0.09073113650083542,0.16672684252262115,0.01,0,0.0,0.0,0.0,0.0,0.0,0.0,0.0,0.0,0.0,0.0,0.0
1169,4788224,636.3744046571408,633.9835025044948,6.46073594000336,0.07412479000049643,27,0,1,26,0.0,0.037037037037037035,0.9629629629629629,-0.011814791359938681,0.6008057445287704,0.19326517321169376,-2.1188408553600313,0.017534390193759464,0.1233065277338028,0.09098564833402634,0.16692325472831726,0.01,0,0.0,0.0,0.0,0.0,0.0,0.0,0.0,0.0,0.0,0.0,0.0
1170,4792320,636.4016341126521,679.2005771866812,6.030619138997281,0.08065319399611326,0,0,0,0,0.0,0.0,0.0,-0.010900445084553212,0.8416236996650696,0.18472985848784446,-2.1248280227184297,0.023391438617545647,0.12290303409099579,0.09029509127140045,0.16655053198337555,0.01,0,0.0,0.0,0.0,0.0,0.0,0.0,0.0,0.0,0.0,0.0,0.0
1171,4796416,636.4047888616903,648.5493581179469,6.315633418998914,0.07996081599412719,4,0,2,2,0.0,0.5,0.5,-0.007205131580121815,0.7494045928120613,0.16636371649801732,-2.137588584423065,0.021749417198589072,0.12242379784584045,0.0893985852599144,0.16607430577278137,0.01,0,0.0,0.0,0.0,0.0,0.0,0.0,0.0,0.0,0.0,0.0,0.0
1172,4800512,636.408841573303,649.5246430674238,6.306150264994358,0.07887486500112573,6,0,0,6,0.0,0.0,1.0,-0.008046415285207331,0.5572609961032867,0.1663538210093975,-2.1497151076793672,0.0116436458658427,0.12198249995708466,0.08876611292362213,0.16524650156497955,0.01,0,0.0,0.0,0.0,0.0,0.0,0.0,0.0,0.0,0.0,0.0,0.0
1173,4804608,636.3627459518017,592.866781556551,6.90880333899986,0.0712197440007003,16,0,4,12,0.0,0.25,0.75,-0.010542586038354784,0.9233653247356415,0.17175459191203118,-2.1536326706409454,0.013839247479336337,0.12211926281452179,0.0892021581530571,0.165409117937088,0.01,0,0.0,0.0,0.0,0.0,0.0,0.0,0.0,0.0,0.0,0.0,0.0
1174,4808704,636.314493808237,591.6318947818526,6.923223774996586,0.0828952029987704,17,0,2,15,0.0,0.11764705882352941,0.8823529411764706,-0.010904751415364445,0.8644129291176796,0.17319352366030216,-2.1484528124332427,0.02083639942284208,0.12238134443759918,0.08911138772964478,0.16610148549079895,0.01,0,0.0,0.0,0.0,0.0,0.0,0.0,0.0,0.0,0.0,0.0,0.0
1175,4812800,636.3160381182884,646.2568507132497,6.3380372610045015,0.07727640299708582,21,0,0,21,0.0,0.0,1.0,-0.012156859552487732,0.7682204335927963,0.17388230822980405,-2.153293305635452,0.017916244677326176,0.12161862850189209,0.08903460204601288,0.1647215485572815,0.01,0,0.0,0.0,0.0,0.0,0.0,0.0,0.0,0.0,0.0,0.0,0.0
1176,4816896,636.3460153372249,683.8034177073232,5.990025633000187,0.08700762999797007,0,0,0,0,0.0,0.0,0.0,-0.00835783178335987,0.6973456546664238,0.17066736780107022,-2.1669847428798676,0.019795848337525967,0.12130250781774521,0.08898487687110901,0.1639142781496048,0.01,0,0.0,0.0,0.0,0.0,0.0,0.0,0.0,0.0,0.0,0.0,0.0
1177,4820992,636.3425394091067,640.4327440071864,6.395675484003732,0.07886737200169591,5,0,2,3,0.0,0.4,0.6,-0.010217585286591202,0.815120966732502,0.17541677914559842,-2.176804077625275,0.016152135247830303,0.12054289877414703,0.08857854455709457,0.16260626912117004,0.01,0,0.0,0.0,0.0,0.0,0.0,0.0,0.0,0.0,0.0,0.0,0.0
1178,4825088,636.3154808169688,613.320842810581,6.678396875002363,0.0778445140022086,11,0,2,9,0.0,0.18181818181818182,0.8181818181818182,-0.009809557732660323,0.639158621430397,0.17121913395822047,-2.1882724165916443,0.016336898870940787,0.12034036964178085,0.08895295858383179,0.16126054525375366,0.01,0,0.0,0.0,0.0,0.0,0.0,0.0,0.0,0.0,0.0,0.0,0.0
1179,4829184,636.2776040454804,601.6693643497828,6.807725708997168,0.07778231999691343,15,0,3,12,0.0,0.2,0.8,-0.014121487707598135,0.7053473219275475,0.17889359071850777,-2.184306633472443,0.015814385439443867,0.12064045667648315,0.08901885151863098,0.16182346642017365,0.01,0,0.0,0.0,0.0,0.0,0.0,0.0,0.0,0.0,0.0,0.0,0.0
1180,4833280,635.9659169472326,563.1109704449274,7.273877113002527,2.883091257994238,15,0,2,13,0.0,0.13333333333333333,0.8666666666666667,0.0,0.0,0.0,0.0,0.0,0.12064045667648315,0.08901885151863098,0.16182346642017365,0.01,1,0.6775361895561218,0.004735769238322973,4.585413932800293,0.042654938995838165,0.25783175230026245,0.12066185474395752,0.11594909429550171,0.25199180841445923,0.8530445694923401,0.0859375,28.431737899780273
1181,4837376,635.976316117325,657.0312167185475,6.23410257499927,0.07930608600145206,18,0,1,17,0.0,0.05555555555555555,0.9444444444444444,-0.011085298308171333,0.9775136217474938,0.2049990829080343,-2.180861586332321,0.01810522204905283,0.12058230489492416,0.08922576904296875,0.16158995032310486,0.01,0,0.0,0.0,0.0,0.0,0.0,0.0,0.0,0.0,0.0,0.0,0.0
1182,4841472,635.9822563968866,651.6976700356746,6.285122977002175,0.0813309980003396,5,0,4,1,0.0,0.8,0.2,-0.011592641309835016,0.9442516878247261,0.17426666729152201,-2.185331439971924,0.013025288285280111,0.12010282278060913,0.08931197971105576,0.16099588572978973,0.01,0,0.0,0.0,0.0,0.0,0.0,0.0,0.0,0.0,0.0,0.0,0.0
1183,4845568,635.993192525003,657.6752471089161,6.227997811998648,0.07797548600501614,5,0,2,3,0.0,0.4,0.6,-0.011215373675804585,0.9580793783068657,0.16956340707838535,-2.190710026025772,0.017104110891523305,0.12048833817243576,0.08928162604570389,0.1620606780052185,0.01,0,0.0,0.0,0.0,0.0,0.0,0.0,0.0,0.0,0.0,0.0,0.0
1184,4849664,635.9567159920355,602.8825652648608,6.794026292998751,0.08058475199504755,15,0,4,11,0.0,0.26666666666666666,0.7333333333333333,-0.011092702392488718,0.78884357213974,0.1833705186843872,-2.1816416680812836,0.012538932106690482,0.12078877538442612,0.08893219381570816,0.16272945702075958,0.01,0,0.0,0.0,0.0,0.0,0.0,0.0,0.0,0.0,0.0,0.0,0.0
1185,4853760,635.9163413113536,598.5335447691004,6.843392547998519,0.0784352319969912,13,0,1,12,0.0,0.07692307692307693,0.9230769230769231,-0.013355366222094744,0.8273156821727753,0.19856836088001728,-2.178399473428726,0.015404966691858136,0.12094753980636597,0.08892199397087097,0.16350652277469635,0.01,0,0.0,0.0,0.0,0.0,0.0,0.0,0.0,0.0,0.0,0.0,0.0
1186,4857856,635.8860813538458,610.2440955229275,6.712068219996581,0.08943591199931689,12,0,1,11,0.0,0.08333333333333333,0.9166666666666666,-0.011745135800447315,0.7689078852534295,0.1919380396604538,-2.1789297997951507,0.016130428692849818,0.12082450091838837,0.08882920444011688,0.1630929559469223,0.01,0,0.0,0.0,0.0,0.0,0.0,0.0,0.0,0.0,0.0,0.0,0.0
1187,4861952,635.8949293718346,655.1898105155706,6.251623475000088,0.080297578999307,16,0,0,16,0.0,0.0,1.0,-0.009023529523983598,0.8119140177965164,0.20303227081894876,-2.182706671953201,0.01908699864288792,0.12055971473455429,0.08876577019691467,0.16248571872711182,0.01,0,0.0,0.0,0.0,0.0,0.0,0.0,0.0,0.0,0.0,0.0,0.0
1188,4866048,635.9059364013796,657.4890458922158,6.229761583999789,0.07564105100027518,3,0,1,2,0.0,0.3333333333333333,0.6666666666666666,-0.010884484811685979,0.5971970409154892,0.17397169172763824,-2.187010669708252,0.021529414725955577,0.12043313682079315,0.08867090195417404,0.1621486097574234,0.01,0,0.0,0.0,0.0,0.0,0.0,0.0,0.0,0.0,0.0,0.0,0.0
1189,4870144,635.9000551519117,636.9933257127564,6.430208661004144,0.07805004900001222,7,0,1,6,0.0,0.14285714285714285,0.8571428571428571,-0.005484453251119703,0.7152412116527558,0.18020388074219226,-2.188428407907486,0.019752147208782843,0.12051908671855927,0.08848699927330017,0.16326630115509033,0.01,0,0.0,0.0,0.0,0.0,0.0,0.0,0.0,0.0,0.0,0.0,0.0
1190,4874240,635.8457580515264,584.1791499014978,7.011547743000847,0.08027222300006542,17,0,1,16,0.0,0.058823529411764705,0.9411764705882353,-0.011494697199668735,0.5380791567265988,0.18171317875385284,-2.1930690944194793,0.013867053897411098,0.12023085355758667,0.08805932849645615,0.16289947926998138,0.01,0,0.0,0.0,0.0,0.0,0.0,0.0,0.0,0.0,0.0,0.0,0.0
1191,4878336,635.8177425694128,612.0635415045272,6.692115641999408,0.08331193799676839,12,0,1,11,0.0,0.08333333333333333,0.9166666666666666,-0.006279109162278473,0.6552684798836708,0.180146549269557,-2.1944083273410797,0.02256108250876423,0.1204017847776413,0.08893969655036926,0.16273663938045502,0.01,0,0.0,0.0,0.0,0.0,0.0,0.0,0.0,0.0,0.0,0.0,0.0
1192,4882432,635.7881080719567,609.7348555426137,6.717674023006111,0.07910523299506167,13,0,1,12,0.0,0.07692307692307693,0.9230769230769231,-0.00973332520807162,0.8072098702192306,0.1739191200584173,-2.188427573442459,0.01859690357086947,0.12056991457939148,0.08930093795061111,0.1637171506881714,0.01,0,0.0,0.0,0.0,0.0,0.0,0.0,0.0,0.0,0.0,0.0,0.0
1193,4886528,635.8037597432754,663.6071835129927,6.17232619200513,0.0777613470054348,13,0,0,13,0.0,0.0,1.0,-0.010184094682335854,0.6602578192949295,0.18454783223569393,-2.189534682035446,0.014911245538678486,0.12047731876373291,0.08902087062597275,0.16361255943775177,0.01,0,0.0,0.0,0.0,0.0,0.0,0.0,0.0,0.0,0.0,0.0,0.0
1194,4890624,635.8101013026624,651.9233585820098,6.282947138002783,0.07964766599616269,5,0,1,4,0.0,0.2,0.8,-0.008667431725189089,0.7322684660553932,0.16923596188426018,-2.197434502840042,0.01587194030144019,0.11995496600866318,0.08837293833494186,0.1632792204618454,0.01,0,0.0,0.0,0.0,0.0,0.0,0.0,0.0,0.0,0.0,0.0,0.0
1195,4894720,635.7990346432638,630.7753415283202,6.4935956280023674,0.07950918300048215,9,0,0,9,0.0,0.0,1.0,-0.011593531095422804,0.6854804635047913,0.16887302324175835,-2.209040105342865,0.0153046994790202,0.11974102258682251,0.0878744125366211,0.1635730266571045,0.01,0,0.0,0.0,0.0,0.0,0.0,0.0,0.0,0.0,0.0,0.0,0.0
1196,4898816,635.7589442076054,598.3614660402587,6.845360592997167,0.07932252900354797,15,0,0,15,0.0,0.0,1.0,-0.006446030526421964,0.6993214845657348,0.1834505621343851,-2.2200982928276063,0.014369048182561527,0.11924554407596588,0.0875755175948143,0.163301020860672,0.01,0,0.0,0.0,0.0,0.0,0.0,0.0,0.0,0.0,0.0,0.0,0.0
1197,4902912,635.7200967947779,599.5722387871649,6.831537111000216,0.07885692700074287,15,0,1,14,0.0,0.06666666666666667,0.9333333333333333,-0.011734608560800552,0.7596298485994339,0.18140317760407926,-2.2300321578979494,0.017989347041293513,0.11890306323766708,0.08760558813810349,0.16196580231189728,0.01,0,0.0,0.0,0.0,0.0,0.0,0.0,0.0,0.0,0.0,0.0,0.0
1198,4907008,635.7090273592164,630.5989225826935,6.495412302996556,0.07877117300085956,20,0,0,20,0.0,0.0,1.0,-0.007503654691390693,0.7604911401867867,0.18076565563678743,-2.2375819981098175,0.014246858173282816,0.11831675469875336,0.08803214877843857,0.16089418530464172,0.01,0,0.0,0.0,0.0,0.0,0.0,0.0,0.0,0.0,0.0,0.0,0.0
1199,4911104,635.7329730399616,674.2495982015447,6.074901655003487,0.07421226099540945,0,0,0,0,0.0,0.0,0.0,-0.01310183733003214,0.6982157602906227,0.17662990055978298,-2.250466614961624,0.016688350537151564,0.11783184856176376,0.0879104733467102,0.16035333275794983,0.01,0,0.0,0.0,0.0,0.0,0.0,0.0,0.0,0.0,0.0,0.0,0.0
1200,4915200,635.4732509727817,600.0708851018993,6.825860247001401,2.7733841500012204,6,0,0,6,0.0,0.0,1.0,0.0,0.0,0.0,0.0,0.0,0.11783184856176376,0.0879104733467102,0.16035333275794983,0.01,1,0.5948049426078796,0.004503574222326279,4.460138320922852,0.04853534698486328,0.25356003642082214,0.11935138702392578,0.06338091194629669,0.24303855001926422,0.5686601400375366,0.125,28.697078704833984
1201,4919296,635.4634940238836,632.1359588288781,6.479618732002564,0.07927557700168109,9,0,0,9,0.0,0.0,1.0,-0.01213118297746405,0.5262370482087135,0.18233495093882085,-2.2575898110866546,0.016539426759118216,0.11784420907497406,0.08789211511611938,0.1609843373298645,0.01,0,0.0,0.0,0.0,0.0,0.0,0.0,0.0,0.0,0.0,0.0,0.0
1202,4923392,635.4192440415164,592.9543190046451,6.907783397000458,0.07418001100450056,17,0,0,17,0.0,0.0,1.0,-0.009497870830819011,0.6340683206915856,0.19033401757478713,-2.2561537623405457,0.02134706412034575,0.11806150525808334,0.08804219961166382,0.16143448650836945,0.01,0,0.0,0.0,0.0,0.0,0.0,0.0,0.0,0.0,0.0,0.0,0.0
1203,4927488,635.3846578974088,603.8331311835386,6.783331004000502,0.08153737999964505,14,0,0,14,0.0,0.0,1.0,-0.007419092929922044,0.7416745692491531,0.20689083747565745,-2.2546695828437806,0.018704694628831932,0.11783425509929657,0.08834557235240936,0.16071395576000214,0.01,0,0.0,0.0,0.0,0.0,0.0,0.0,0.0,0.0,0.0,0.0,0.0
1204,4931584,635.3802865022108,638.2565024363058,6.417482602002565,0.07890210599725833,18,0,0,18,0.0,0.0,1.0,-0.01022388954879716,0.6564726009964943,0.18745603002607822,-2.255210649967194,0.01643666832969757,0.11804057657718658,0.08857641369104385,0.1611526906490326,0.01,0,0.0,0.0,0.0,0.0,0.0,0.0,0.0,0.0,0.0,0.0,0.0
1205,4935680,635.4042249846793,675.0461505533797,6.0677332900013425,0.08304306599893607,0,0,0,0,0.0,0.0,0.0,-0.008197535178624094,0.642518712580204,0.17431421875953673,-2.252294713258743,0.01603973815799691,0.11797034740447998,0.08834894746541977,0.16106192767620087,0.01,0,0.0,0.0,0.0,0.0,0.0,0.0,0.0,0.0,0.0,0.0,0.0
1206,4939776,635.4108064812065,651.5004591597323,6.287025500001619,0.07549256300262641,7,0,1,6,0.0,0.14285714285714285,0.8571428571428571,-0.008429354359395801,0.7187796294689178,0.18495317809283734,-2.25900074839592,0.021560004717321134,0.11756622046232224,0.08792877197265625,0.16048946976661682,0.01,0,0.0,0.0,0.0,0.0,0.0,0.0,0.0,0.0,0.0,0.0,0.0
1207,4943872,635.3912390460241,619.9208933210654,6.607294646993978,0.07511405100376578,11,0,0,11,0.0,0.0,1.0,-0.01230327042285353,0.5571275874972343,0.19026524238288403,-2.270773160457611,0.01691329339519143,0.11713816225528717,0.08783162385225296,0.16047191619873047,0.01,0,0.0,0.0,0.0,0.0,0.0,0.0,0.0,0.0,0.0,0.0,0.0
1208,4947968,635.3452683904824,591.3035669854262,6.927067970995267,0.07953022599394899,15,0,0,15,0.0,0.0,1.0,-0.007670935522764921,0.7157266154885292,0.19381975717842578,-2.2824172139167787,0.014759839823818765,0.11670947074890137,0.0873195230960846,0.1595655381679535,0.01,0,0.0,0.0,0.0,0.0,0.0,0.0,0.0,0.0,0.0,0.0,0.0
1209,4952064,635.3179885365939,611.2481797517918,6.7010424499967485,0.07691785800125217,14,0,0,14,0.0,0.0,1.0,-0.012775336427148431,0.6919950991868973,0.17568133398890495,-2.2878644824028016,0.013932973516057245,0.11680634319782257,0.08684635907411575,0.15999680757522583,0.01,0,0.0,0.0,0.0,0.0,0.0,0.0,0.0,0.0,0.0,0.0,0.0
1210,4956160,635.3254689252653,652.8255716325002,6.274264027000754,0.07794415300304536,17,0,0,17,0.0,0.0,1.0,-0.009823365055490285,0.7336410164833069,0.1830806467682123,-2.286687207221985,0.02038782625895692,0.11668990552425385,0.0871000811457634,0.15917572379112244,0.01,0,0.0,0.0,0.0,0.0,0.0,0.0,0.0,0.0,0.0,0.0,0.0
1211,4960256,635.3477112699215,672.7128834921608,6.088778883997293,0.08178243399743224,0,0,0,0,0.0,0.0,0.0,-0.008003638498485089,0.7393928483128548,0.16839401237666607,-2.29152889251709,0.019350486164330504,0.11625939607620239,0.08674179017543793,0.15859158337116241,0.01,0,0.0,0.0,0.0,0.0,0.0,0.0,0.0,0.0,0.0,0.0,0.0
1212,4964352,635.3357651128969,629.168059926536,6.510184259001107,0.08055928399699042,8,0,0,8,0.0,0.0,1.0,-0.011710621928796173,0.7703997805714607,0.17270885035395622,-2.3064271807670593,0.023785191698698326,0.11574330180883408,0.08609644323587418,0.1582721322774887,0.01,0,0.0,0.0,0.0,0.0,0.0,0.0,0.0,0.0,0.0,0.0,0.0
1213,4968448,635.3174718631872,621.7073448954718,6.588308846003201,0.08082917100546183,12,0,0,12,0.0,0.0,1.0,-0.01090196103323251,0.7188072070479393,0.1835103366523981,-2.314159172773361,0.013836404326139019,0.11563870310783386,0.08646605908870697,0.15774540603160858,0.01,0,0.0,0.0,0.0,0.0,0.0,0.0,0.0,0.0,0.0,0.0,0.0
1214,4972544,635.2831894582737,603.3527105479029,6.788732243003324,0.07746401599433739,13,0,0,13,0.0,0.0,1.0,-0.0062070171348750595,0.689257450401783,0.18987289182841777,-2.3166352033615114,0.018847608983924145,0.1153518483042717,0.08633216470479965,0.15721866488456726,0.01,0,0.0,0.0,0.0,0.0,0.0,0.0,0.0,0.0,0.0,0.0,0.0
1215,4976640,635.2527574137806,607.7347728320906,6.739782192998973,0.07959803200355964,14,0,0,14,0.0,0.0,1.0,-0.01222736214986071,0.6582048416137696,0.17375003695487976,-2.330320417881012,0.011888557612837757,0.11464561522006989,0.08504553884267807,0.1565929353237152,0.01,0,0.0,0.0,0.0,0.0,0.0,0.0,0.0,0.0,0.0,0.0,0.0
1216,4980736,635.2551522192476,646.5418024938166,6.335243884001102,0.07941886699700262,17,0,0,17,0.0,0.0,1.0,-0.00823670458048582,0.7592928066849709,0.1902422595769167,-2.3456183195114138,0.021909130332642236,0.11444579064846039,0.08496248722076416,0.15617267787456512,0.01,0,0.0,0.0,0.0,0.0,0.0,0.0,0.0,0.0,0.0,0.0,0.0
1217,4984832,635.2737915323119,667.6614644270174,6.134845603999565,0.07940765500097768,2,0,0,2,0.0,0.0,1.0,-0.01761631042463705,0.6594354525208473,0.1824565462768078,-2.3496566355228423,0.018140922868042253,0.11412515491247177,0.08528784662485123,0.1559009850025177,0.01,0,0.0,0.0,0.0,0.0,0.0,0.0,0.0,0.0,0.0,0.0,0.0
1218,4988928,635.275561736154,645.6684881008105,6.343812769999204,0.07879857599618845,7,0,0,7,0.0,0.0,1.0,-0.015389920177403838,0.6218779757618904,0.1663313288241625,-2.360032546520233,0.018703791756706778,0.11373041570186615,0.08505114167928696,0.15563954412937164,0.01,0,0.0,0.0,0.0,0.0,0.0,0.0,0.0,0.0,0.0,0.0,0.0
1219,4993024,635.2473587251761,609.9486135906072,6.715319797003758,0.07808200499857776,14,0,0,14,0.0,0.0,1.0,-0.009589050826616586,0.663403007388115,0.15952197313308716,-2.3703753650188446,0.015248094506387134,0.11343258619308472,0.08418332785367966,0.15578921139240265,0.01,0,0.0,0.0,0.0,0.0,0.0,0.0,0.0,0.0,0.0,0.0,0.0
1220,4997120,634.9776512039247,584.6517567665794,7.005879914999241,2.7800292940009967,13,0,0,13,0.0,0.0,1.0,0.0,0.0,0.0,0.0,0.0,0.11343258619308472,0.08418332785367966,0.15578921139240265,0.01,1,0.5646055340766907,0.004873465746641159,4.601504802703857,0.035793088376522064,0.27522265911102295,0.09903609752655029,0.06747648119926453,0.21761566400527954,0.38680601119995117,0.1171875,28.89470672607422
1221,5001216,634.9424716002585,602.0087819629565,6.803887456000666,0.08006855400162749,12,0,0,12,0.0,0.0,1.0,-0.010023350012488663,0.7892638027668,0.17563177980482578,-2.3825338542461396,0.019188699655933304,0.11301358044147491,0.08393237739801407,0.1551899015903473,0.01,0,0.0,0.0,0.0,0.0,0.0,0.0,0.0,0.0,0.0,0.0,0.0
1222,5005312,634.9552457017533,659.5634495734694,6.210168260004139,0.07872216300165746,16,0,0,16,0.0,0.0,1.0,-0.007781226572114974,0.8572832986712455,0.20421640686690806,-2.3902889847755433,0.02167319774744101,0.11286047101020813,0.08363153040409088,0.1552661508321762,0.01,0,0.0,0.0,0.0,0.0,0.0,0.0,0.0,0.0,0.0,0.0,0.0
1223,5009408,634.9656682850956,656.5949241537072,6.238244995998684,0.07992709599784575,5,0,0,5,0.0,0.0,1.0,-0.011536996171344072,0.7198158890008927,0.17610350735485553,-2.3910188913345336,0.01674189020268386,0.11296159029006958,0.0839502289891243,0.1547652781009674,0.01,0,0.0,0.0,0.0,0.0,0.0,0.0,0.0,0.0,0.0,0.0,0.0
1224,5013504,634.9668542838092,644.7349400480431,6.352998334004951,0.07998644799954491,5,0,0,5,0.0,0.0,1.0,-0.01220782584277913,0.7479652658104896,0.1671135626733303,-2.3877104341983797,0.015610692008340265,0.11281484365463257,0.08389316499233246,0.15430758893489838,0.01,0,0.0,0.0,0.0,0.0,0.0,0.0,0.0,0.0,0.0,0.0,0.0
1225,5017600,634.931567525718,601.6083315178794,6.808416348998435,0.07812755399936577,15,0,0,15,0.0,0.0,1.0,-0.01222411433700472,0.5408920399844647,0.16134576499462128,-2.392382299900055,0.017783440998755395,0.11269944906234741,0.08368001133203506,0.15433892607688904,0.01,0,0.0,0.0,0.0,0.0,0.0,0.0,0.0,0.0,0.0,0.0,0.0
1226,5021696,634.9040539929804,610.3622818104473,6.710768542005098,0.0801063230028376,13,0,0,13,0.0,0.0,1.0,-0.006435465603135526,0.6428484037518502,0.1960087724030018,-2.399694377183914,0.015939827132388017,0.11214472353458405,0.08355467766523361,0.15325263142585754,0.01,0,0.0,0.0,0.0,0.0,0.0,0.0,0.0,0.0,0.0,0.0,0.0
1227,5025792,634.8683957340322,601.2405104228953,6.812581535996287,0.08019949199660914,12,0,0,12,0.0,0.0,1.0,-0.00559029207797721,0.7736955717206001,0.19393349662423134,-2.411668461561203,0.018101067371026146,0.11191628873348236,0.08342469483613968,0.15303263068199158,0.01,0,0.0,0.0,0.0,0.0,0.0,0.0,0.0,0.0,0.0,0.0,0.0
1228,5029888,634.8860470982048,666.1701563004699,6.148579250002513,0.08002623799984576,14,0,0,14,0.0,0.0,1.0,-0.009893699106760323,0.7975231811404229,0.2044912002980709,-2.412373203039169,0.02043708711862564,0.11203762143850327,0.08348491787910461,0.15323679149150848,0.01,0,0.0,0.0,0.0,0.0,0.0,0.0,0.0,0.0,0.0,0.0,0.0
1229,5033984,634.88008065967,635.5701543778297,6.4446072110004025,0.07808916800422594,6,0,0,6,0.0,0.0,1.0,-0.011252545914612711,0.5412676103413105,0.16970313154160976,-2.411449372768402,0.026077715503924993,0.11201131343841553,0.08338738977909088,0.15343953669071198,0.01,0,0.0,0.0,0.0,0.0,0.0,0.0,0.0,0.0,0.0,0.0,0.0
1230,5038080,634.8856751807594,651.0010146979905,6.291848872002447,0.08666571000503609,6,0,0,6,0.0,0.0,1.0,-0.010803465778008104,0.6140566721558571,0.1597925253212452,-2.419337970018387,0.016377849740092643,0.1115131825208664,0.0832972526550293,0.15299217402935028,0.01,0,0.0,0.0,0.0,0.0,0.0,0.0,0.0,0.0,0.0,0.0,0.0
1231,5042176,634.8351117045212,585.0221588816113,7.001444197994715,0.0796856589950039,16,0,0,16,0.0,0.0,1.0,-0.011050551477819682,0.5574729844927788,0.175333821028471,-2.4263567984104157,0.020717382289876695,0.11146724224090576,0.08342208713293076,0.15263544023036957,0.01,0,0.0,0.0,0.0,0.0,0.0,0.0,0.0,0.0,0.0,0.0,0.0
1232,5046272,634.796976336287,598.1586230915624,6.847681938997994,0.07867946699843742,15,0,0,15,0.0,0.0,1.0,-0.004733397229574621,0.6079162716865539,0.1696872428059578,-2.4236820459365847,0.021288619084225503,0.11158488690853119,0.08372271806001663,0.1524837762117386,0.01,0,0.0,0.0,0.0,0.0,0.0,0.0,0.0,0.0,0.0,0.0,0.0
1233,5050368,634.7946506204864,640.2395621383115,6.397605275000387,0.08073576699825935,8,0,0,8,0.0,0.0,1.0,-0.010018651210702955,0.6367518573999404,0.17060285061597824,-2.4217268407344816,0.01991295660554897,0.11143089830875397,0.08415108174085617,0.15181370079517365,0.01,0,0.0,0.0,0.0,0.0,0.0,0.0,0.0,0.0,0.0,0.0,0.0
1234,5054464,634.8144196897815,669.0276294543031,6.122318152003572,0.0792173730005743,13,0,0,13,0.0,0.0,1.0,-0.011558278172742575,0.7137812793254852,0.18411981873214245,-2.427848833799362,0.014269400990451686,0.11094164848327637,0.08386006206274033,0.1508312225341797,0.01,0,0.0,0.0,0.0,0.0,0.0,0.0,0.0,0.0,0.0,0.0,0.0
1235,5058560,634.8177834311664,647.3338129727854,6.327492737000284,0.07944259900250472,7,0,0,7,0.0,0.0,1.0,-0.0027807715465314685,0.6333758249878884,0.16630198061466217,-2.433763462305069,0.026203719613840805,0.1111089438199997,0.08416374772787094,0.15087318420410156,0.01,0,0.0,0.0,0.0,0.0,0.0,0.0,0.0,0.0,0.0,0.0,0.0
1236,5062656,634.8132212413283,637.4186405522055,6.425918132001243,0.08054886399622774,7,0,0,7,0.0,0.0,1.0,-0.011275741504505277,0.5039303705096245,0.16494358964264394,-2.4260424375534058,0.019331491636694408,0.11145037412643433,0.0836106538772583,0.15243671834468842,0.01,0,0.0,0.0,0.0,0.0,0.0,0.0,0.0,0.0,0.0,0.0,0.0
1237,5066752,634.7739223421404,595.9636616482182,6.872902265000448,0.06884082600299735,16,0,0,16,0.0,0.0,1.0,-0.009987216640729457,0.5582822032272816,0.18374059051275254,-2.424890011548996,0.019149226325680502,0.11157457530498505,0.0837026983499527,0.15293100476264954,0.01,0,0.0,0.0,0.0,0.0,0.0,0.0,0.0,0.0,0.0,0.0,0.0
1238,5070848,634.7503596369055,614.3321890299833,6.667402544000652,0.07854355800373014,14,0,0,14,0.0,0.0,1.0,-0.012653746851719916,0.6097409963607788,0.17391437701880932,-2.4255199670791625,0.017493603148614055,0.11137375235557556,0.08371461927890778,0.15255267918109894,0.01,0,0.0,0.0,0.0,0.0,0.0,0.0,0.0,0.0,0.0,0.0,0.0
1239,5074944,634.7397329939431,629.8441347382017,6.503196226003638,0.08001091099868063,20,0,0,20,0.0,0.0,1.0,-0.00797155702020973,0.6241864949464798,0.17203481495380402,-2.428321546316147,0.01969063578726491,0.11128443479537964,0.08395422995090485,0.1522376388311386,0.01,0,0.0,0.0,0.0,0.0,0.0,0.0,0.0,0.0,0.0,0.0,0.0
1240,5079040,634.5266973873161,637.29843378589,6.427130183998088,2.7088036150016706,0,0,0,0,0.0,0.0,0.0,0.0,0.0,0.0,0.0,0.0,0.11128443479537964,0.08395422995090485,0.1522376388311386,0.01,1,0.5770407319068909,0.005139263346791267,4.615072250366211,0.03413567692041397,0.23355740308761597,0.14966589212417603,0.05790603905916214,0.20119507610797882,0.5639742612838745,0.0703125,28.578786849975586
1241,5083136,634.5241802746264,638.7809665725707,6.412213597999653,0.07150245599768823,7,0,0,7,0.0,0.0,1.0,-0.0069922350347042085,0.5486994840204715,0.15671828165650367,-2.427581864595413,0.021733136667171492,0.11149097979068756,0.08394306153059006,0.1527917981147766,0.01,0,0.0,0.0,0.0,0.0,0.0,0.0,0.0,0.0,0.0,0.0,0.0
1242,5087232,634.503007811544,615.939601674229,6.6500026769936085,0.06932230800157413,10,0,0,10,0.0,0.0,1.0,-0.013618484709877521,0.4805869750678539,0.15154063515365124,-2.426156002283096,0.018344729328237008,0.1114203929901123,0.0836092159152031,0.15256522595882416,0.01,0,0.0,0.0,0.0,0.0,0.0,0.0,0.0,0.0,0.0,0.0,0.0
1243,5091328,634.4630555188924,595.1832369896485,6.8819142499996815,0.0749750649993075,15,0,0,15,0.0,0.0,1.0,-0.010037310421466827,0.4982573963701725,0.16262473575770856,-2.423430585861206,0.013966437309863976,0.11154347658157349,0.08346758782863617,0.15187256038188934,0.01,0,0.0,0.0,0.0,0.0,0.0,0.0,0.0,0.0,0.0,0.0,0.0
1244,5095424,634.4214213865237,593.6963209508395,6.899150046003342,0.08039186600217363,15,0,0,15,0.0,0.0,1.0,-0.012395414314232767,0.6500745475292206,0.1778257217258215,-2.4199402749538423,0.01350648950174218,0.11165516078472137,0.08319417387247086,0.15254032611846924,0.01,0,0.0,0.0,0.0,0.0,0.0,0.0,0.0,0.0,0.0,0.0,0.0
1245,5099520,634.4307823192438,654.7890660504087,6.2554495980002685,0.07878754400007892,17,0,0,17,0.0,0.0,1.0,-0.008881573798134923,0.6307743340730667,0.17720859907567502,-2.4226831138134,0.019426091166678816,0.11146090924739838,0.08336225897073746,0.1525450497865677,0.01,0,0.0,0.0,0.0,0.0,0.0,0.0,0.0,0.0,0.0,0.0,0.0
1246,5103616,634.4551493799903,675.1878419683533,6.066459946996474,0.07700788399961311,0,0,0,0,0.0,0.0,0.0,-0.009582902630791068,0.6521793097257614,0.17289715334773065,-2.430910360813141,0.016079760191496463,0.11116984486579895,0.08326590061187744,0.15269963443279266,0.01,0,0.0,0.0,0.0,0.0,0.0,0.0,0.0,0.0,0.0,0.0,0.0
1247,5107712,634.4595445073618,648.0990310092625,6.320021792998887,0.07651480400090804,10,0,2,8,0.0,0.2,0.8,-0.012010718719102443,0.8018080592155457,0.17466005310416222,-2.4400061309337615,0.02217268378153676,0.1108434647321701,0.08314503729343414,0.15254269540309906,0.01,0,0.0,0.0,0.0,0.0,0.0,0.0,0.0,0.0,0.0,0.0,0.0
1248,5111808,634.4314704251135,609.9201898480286,6.7156327470002,0.09313227099482901,11,0,0,11,0.0,0.0,1.0,-0.010373424971476197,0.529576038569212,0.172225421667099,-2.450754112005234,0.020924144281889313,0.11037015914916992,0.08300349861383438,0.15123413503170013,0.01,0,0.0,0.0,0.0,0.0,0.0,0.0,0.0,0.0,0.0,0.0,0.0
1249,5115904,634.4112407158264,617.8142520771412,6.629824395000469,0.0796058929990977,12,0,0,12,0.0,0.0,1.0,-0.010567099612671882,0.6516894266009331,0.187704561278224,-2.4620351076126097,0.01899976295826491,0.10978274047374725,0.08267611265182495,0.14996029436588287,0.01,0,0.0,0.0,0.0,0.0,0.0,0.0,0.0,0.0,0.0,0.0,0.0
1250,5120000,634.3782405367491,602.8469398458054,6.794427788001485,0.07830254100554157,14,0,0,14,0.0,0.0,1.0,-0.009696866187732666,0.5995717614889144,0.19393049441277982,-2.472658026218414,0.014447128465690184,0.10953259468078613,0.08250606060028076,0.14939557015895844,0.01,0,0.0,0.0,0.0,0.0,0.0,0.0,0.0,0.0,0.0,0.0,0.0
1251,5124096,634.3817290191895,647.653541801802,6.324369027002831,0.08130163599707885,17,0,0,17,0.0,0.0,1.0,-0.010326922102831305,0.6811895057559013,0.199982338398695,-2.4767750918865206,0.020310750014323274,0.10946445167064667,0.08243108540773392,0.14962568879127502,0.01,0,0.0,0.0,0.0,0.0,0.0,0.0,0.0,0.0,0.0,0.0,0.0
1252,5128192,634.4018622235861,669.6777147923747,6.1163749510014895,0.08030349399632541,1,0,0,1,0.0,0.0,1.0,-0.010903409321326763,0.6813520297408104,0.1760442078113556,-2.4775858342647554,0.018493833528191318,0.10954742133617401,0.0828118771314621,0.14985990524291992,0.01,0,0.0,0.0,0.0,0.0,0.0,0.0,0.0,0.0,0.0,0.0,0.0
1253,5132288,634.395469231815,634.5428094910013,6.455041233995871,0.07971120599540882,10,0,0,10,0.0,0.0,1.0,-0.009355216438416391,0.5555480480194092,0.17004054449498654,-2.4818617343902587,0.01825413080805447,0.1089731976389885,0.08272407203912735,0.14838331937789917,0.01,0,0.0,0.0,0.0,0.0,0.0,0.0,0.0,0.0,0.0,0.0,0.0
1254,5136384,634.3831861529393,627.1732968209802,6.530890299000021,0.07885370699659688,11,0,0,11,0.0,0.0,1.0,-0.011889954027719796,0.522415255010128,0.16262428984045982,-2.495421588420868,0.01897277236566879,0.10849376767873764,0.08263114839792252,0.14773422479629517,0.01,0,0.0,0.0,0.0,0.0,0.0,0.0,0.0,0.0,0.0,0.0,0.0
1255,5140480,634.3548471714104,608.0516533133522,6.736269818000437,0.0790649089976796,13,0,0,13,0.0,0.0,1.0,-0.011252559395506978,0.47466878592967987,0.1713484965264797,-2.49938942193985,0.01941129611514043,0.10864996910095215,0.08285351097583771,0.14788128435611725,0.01,0,0.0,0.0,0.0,0.0,0.0,0.0,0.0,0.0,0.0,0.0,0.0
1256,5144576,634.3273043360332,611.1575946574337,6.702035671005433,0.10418415799358627,13,0,0,13,0.0,0.0,1.0,-0.01105214754352346,0.6112367883324623,0.17799235582351686,-2.500785881280899,0.014410152409982401,0.10810115933418274,0.08282747864723206,0.14638039469718933,0.01,0,0.0,0.0,0.0,0.0,0.0,0.0,0.0,0.0,0.0,0.0,0.0
1257,5148672,634.339530055869,658.8633510093873,6.216767094003444,0.08043561699741986,16,0,0,16,0.0,0.0,1.0,-0.014710265496978537,0.6862218528985977,0.18019071444869042,-2.511672097444534,0.01658448754460551,0.10791139304637909,0.08290758728981018,0.14583027362823486,0.01,0,0.0,0.0,0.0,0.0,0.0,0.0,0.0,0.0,0.0,0.0,0.0
1258,5152768,634.3402167450804,643.2371799555094,6.367791115997534,0.07756347900431138,5,0,0,5,0.0,0.0,1.0,-0.016439344559330493,0.5727120317518711,0.15524298697710037,-2.5148023307323455,0.018549706248450093,0.10775159299373627,0.08264418691396713,0.1457246094942093,0.01,0,0.0,0.0,0.0,0.0,0.0,0.0,0.0,0.0,0.0,0.0,0.0
1259,5156864,634.3512437741173,657.1730021487633,6.232757564001076,0.07974985699547688,6,0,0,6,0.0,0.0,1.0,-0.012539401231333614,0.6536252349615097,0.16631805375218392,-2.5185903370380402,0.02001365277537843,0.10760994255542755,0.08283671736717224,0.14509907364845276,0.01,0,0.0,0.0,0.0,0.0,0.0,0.0,0.0,0.0,0.0,0.0,0.0
1260,5160960,634.0884859325373,585.7944049616667,6.992214273996069,2.8332895130006364,13,0,0,13,0.0,0.0,1.0,0.0,0.0,0.0,0.0,0.0,0.10760994255542755,0.08283671736717224,0.14509907364845276,0.01,1,0.5618557929992676,0.0048150550574064255,4.572998523712158,0.0397319570183754,0.2580699324607849,0.10907340049743652,0.0627073124051094,0.20595666766166687,0.462668240070343,0.078125,28.82647705078125
1261,5165056,634.072666872968,622.8628858344975,6.576086155000667,0.08380597599898465,13,0,0,13,0.0,0.0,1.0,-0.008807754167355597,0.6731105625629425,0.1720048315823078,-2.525493621826172,0.0203011124234763,0.1070944294333458,0.08250048011541367,0.1443331092596054,0.01,0,0.0,0.0,0.0,0.0,0.0,0.0,0.0,0.0,0.0,0.0,0.0
1262,5169152,634.0555689779903,620.9083278115901,6.596787023998331,0.07945184600248467,12,0,0,12,0.0,0.0,1.0,-0.004239877406507731,0.6539064913988113,0.17176649570465088,-2.540632742643356,0.026383042994712013,0.10668300092220306,0.08200614899396896,0.14412426948547363,0.01,0,0.0,0.0,0.0,0.0,0.0,0.0,0.0,0.0,0.0,0.0,0.0
1263,5173248,634.0684078445962,659.4092161321831,6.211620795998897,0.07975258000078611,15,0,0,15,0.0,0.0,1.0,-0.010239310876931996,0.6900040909647942,0.17691214196383953,-2.5511168360710146,0.022047022200422362,0.10636855661869049,0.08161695301532745,0.14356905221939087,0.01,0,0.0,0.0,0.0,0.0,0.0,0.0,0.0,0.0,0.0,0.0,0.0
1264,5177344,634.0712661901528,645.8860411373196,6.341675990996009,0.07796114099619444,5,0,0,5,0.0,0.0,1.0,-0.007898307079449296,0.6400340542197227,0.1611320421099663,-2.555531233549118,0.019819585110235495,0.10637754201889038,0.08141230791807175,0.14365796744823456,0.01,0,0.0,0.0,0.0,0.0,0.0,0.0,0.0,0.0,0.0,0.0,0.0
1265,5181440,634.0751143979703,647.3872891171851,6.326970066998911,0.07923681800457416,8,0,1,7,0.0,0.125,0.875,-0.013078036543447524,0.6801509946584702,0.17975592091679574,-2.556204891204834,0.016826487913203892,0.10625304281711578,0.08185571432113647,0.14308509230613708,0.01,0,0.0,0.0,0.0,0.0,0.0,0.0,0.0,0.0,0.0,0.0,0.0
1266,5185536,634.043003921418,603.0761352667068,6.791845607003779,0.07924327900400385,14,0,0,14,0.0,0.0,1.0,-0.011560077161993832,0.6273298099637031,0.16887833811342717,-2.556253212690353,0.016525303074740805,0.1062246784567833,0.08204209059476852,0.14283113181591034,0.01,0,0.0,0.0,0.0,0.0,0.0,0.0,0.0,0.0,0.0,0.0,0.0
1267,5189632,634.0243887890077,618.928796764336,6.617885645995557,0.07913888200710062,13,0,0,13,0.0,0.0,1.0,-0.011809164180886001,0.6585248589515686,0.20030248090624808,-2.558969646692276,0.018013648439955433,0.10602465271949768,0.08193047344684601,0.14259183406829834,0.01,0,0.0,0.0,0.0,0.0,0.0,0.0,0.0,0.0,0.0,0.0,0.0
1268,5193728,634.0052024306865,618.1827338983184,6.625872537995747,0.07917630299925804,11,0,0,11,0.0,0.0,1.0,-0.007747624232433736,0.6387853398919106,0.1935785621404648,-2.562824881076813,0.021772291269735435,0.10599808394908905,0.08198012411594391,0.14263145625591278,0.01,0,0.0,0.0,0.0,0.0,0.0,0.0,0.0,0.0,0.0,0.0,0.0
1269,5197824,634.0239417432257,667.5784087268825,6.1356088610045845,0.0793642309945426,13,0,0,13,0.0,0.0,1.0,-0.009229261730797588,0.738687840104103,0.1795133873820305,-2.565757018327713,0.020662487999652514,0.105763278901577,0.0820048525929451,0.1423734873533249,0.01,0,0.0,0.0,0.0,0.0,0.0,0.0,0.0,0.0,0.0,0.0,0.0
1270,5201920,634.0235712005286,641.665797596671,6.383385269000428,0.07837152299907757,7,0,1,6,0.0,0.14285714285714285,0.8571428571428571,-0.008034816093277187,0.729088594019413,0.1725332997739315,-2.56909983754158,0.017495101410895587,0.10584482550621033,0.08232983946800232,0.14269787073135376,0.01,0,0.0,0.0,0.0,0.0,0.0,0.0,0.0,0.0,0.0,0.0,0.0
1271,5206016,634.0220294112687,640.0783782972684,6.399216313002398,0.07769174300483428,11,0,0,11,0.0,0.0,1.0,-0.010491381114115938,0.5138982675969601,0.16845838874578475,-2.568047881126404,0.020174047927139328,0.10581906139850616,0.0823156088590622,0.1425056904554367,0.01,0,0.0,0.0,0.0,0.0,0.0,0.0,0.0,0.0,0.0,0.0,0.0
1272,5210112,633.9990800838071,614.3851324322007,6.666827994005871,0.08744148100231541,11,0,0,11,0.0,0.0,1.0,-0.014750475203618408,0.5122897490859032,0.17164525240659714,-2.5694404006004334,0.02433956052409485,0.10565610975027084,0.08256617933511734,0.14187800884246826,0.01,0,0.0,0.0,0.0,0.0,0.0,0.0,0.0,0.0,0.0,0.0,0.0
1273,5214208,633.9669996601506,602.8092687679825,6.79485238900088,0.07874204099789495,15,0,0,15,0.0,0.0,1.0,-0.007471320871263743,0.7072313994169235,0.18604353182017802,-2.57267587184906,0.022787998942658306,0.10546990483999252,0.08276478201150894,0.1416143923997879,0.01,0,0.0,0.0,0.0,0.0,0.0,0.0,0.0,0.0,0.0,0.0,0.0
1274,5218304,633.9651635324086,640.1715881911193,6.398284578004677,0.08321325800352497,20,0,0,20,0.0,0.0,1.0,-0.00906220426550135,0.5925962194800377,0.1735421519726515,-2.575617438554764,0.019841491687111558,0.105518639087677,0.08240494132041931,0.14229805767536163,0.01,0,0.0,0.0,0.0,0.0,0.0,0.0,0.0,0.0,0.0,0.0,0.0
1275,5222400,633.9877459009701,673.0028871982596,6.086155167999095,0.07819404699694132,0,0,0,0,0.0,0.0,0.0,-0.00838970097247511,0.6832832098007202,0.1869559518992901,-2.579153323173523,0.018348357584909537,0.10528191924095154,0.08210422098636627,0.1421460658311844,0.01,0,0.0,0.0,0.0,0.0,0.0,0.0,0.0,0.0,0.0,0.0,0.0
1276,5226496,633.9893530425135,644.3165220268612,6.357123959998717,0.07972656099445885,9,0,0,9,0.0,0.0,1.0,-0.011146076722070575,0.6857534989714622,0.16618162393569946,-2.584144502878189,0.01934929160779575,0.1054207906126976,0.08180472254753113,0.1429145485162735,0.01,0,0.0,0.0,0.0,0.0,0.0,0.0,0.0,0.0,0.0,0.0,0.0
1277,5230592,633.9873675104128,639.612889589183,6.403873447001388,0.07953186299710069,10,0,0,10,0.0,0.0,1.0,-0.009548050124431029,0.559993389248848,0.17654255889356135,-2.58339546918869,0.01938199128344422,0.10543869435787201,0.08157827705144882,0.1431049108505249,0.01,0,0.0,0.0,0.0,0.0,0.0,0.0,0.0,0.0,0.0,0.0,0.0
1278,5234688,633.9557557535046,603.2919843130899,6.7894155840040185,0.07975214500038419,13,0,0,13,0.0,0.0,1.0,-0.010478165035601705,0.49983270913362504,0.16828966774046422,-2.5837545573711393,0.01907231057266472,0.1053706631064415,0.08159888535737991,0.14269067347049713,0.01,0,0.0,0.0,0.0,0.0,0.0,0.0,0.0,0.0,0.0,0.0,0.0
1279,5238784,633.9149745956889,592.7305284127453,6.910391491001064,0.07907993200205965,15,0,0,15,0.0,0.0,1.0,-0.00969898970797658,0.6139702260494232,0.17405437678098679,-2.586432880163193,0.016917772713350133,0.10517110675573349,0.0813436433672905,0.14243480563163757,0.01,0,0.0,0.0,0.0,0.0,0.0,0.0,0.0,0.0,0.0,0.0,0.0
1280,5242880,633.686604050665,614.5325389671314,6.66522883700236,2.773554110994155,17,0,0,17,0.0,0.0,1.0,0.0,0.0,0.0,0.0,0.0,0.10517110675573349,0.0813436433672905,0.14243480563163757,0.01,1,0.5460840463638306,0.004877450875937939,4.484721660614014,0.05340014025568962,0.1969916969537735,0.1449100375175476,0.06772935390472412,0.20982640981674194,0.3621007204055786,0.13671875,28.929834365844727
1281,5246976,633.7122576039252,678.4701391107105,6.037111678000656,0.08815980499639409,0,0,0,0,0.0,0.0,0.0,-0.008848899556323887,0.7282604873180389,0.18316561095416545,-2.5902189016342163,0.01641003902332159,0.10515427589416504,0.08139552175998688,0.14205268025398254,0.01,0,0.0,0.0,0.0,0.0,0.0,0.0,0.0,0.0,0.0,0.0,0.0
1282,5251072,633.710500110899,639.6689886888606,6.403311826004938,0.07995354999729898,10,0,0,10,0.0,0.0,1.0,-0.014840105699840933,0.8203806310892106,0.20580355189740657,-2.5937458515167235,0.021314735090709292,0.10480976104736328,0.08063255995512009,0.14194416999816895,0.01,0,0.0,0.0,0.0,0.0,0.0,0.0,0.0,0.0,0.0,0.0,0.0
1283,5255168,633.6964385781838,623.899992038072,6.565154756004631,0.07918095999775687,11,0,0,11,0.0,0.0,1.0,-0.007621507218573242,0.5949577242136002,0.19779585748910905,-2.6029364585876467,0.01620763623795938,0.10476802289485931,0.08040587604045868,0.1421208679676056,0.01,0,0.0,0.0,0.0,0.0,0.0,0.0,0.0,0.0,0.0,0.0,0.0
1284,5259264,633.6727549399579,612.3630511311693,6.688842497002042,0.08176283099601278,13,0,1,12,0.0,0.07692307692307693,0.9230769230769231,-0.010640754015184939,0.6791683331131935,0.2026332575827837,-2.602947449684143,0.018474636164319234,0.10481797158718109,0.08026320487260818,0.14217735826969147,0.01,0,0.0,0.0,0.0,0.0,0.0,0.0,0.0,0.0,0.0,0.0,0.0
1285,5263360,633.6413858906658,602.9464842672598,6.793306050996762,0.0779074660022161,13,0,0,13,0.0,0.0,1.0,-0.003298461821395904,0.5947623088955879,0.18283888772130014,-2.6055469512939453,0.021985329754534176,0.10452412068843842,0.08014095574617386,0.14184169471263885,0.01,0,0.0,0.0,0.0,0.0,0.0,0.0,0.0,0.0,0.0,0.0,0.0
1286,5267456,633.6474629061021,649.8740837630191,6.302759414997126,0.07879116700496525,17,0,0,17,0.0,0.0,1.0,-0.004972924699541181,0.6416754826903344,0.19411153346300125,-2.6134675323963164,0.017793592414818704,0.10439401865005493,0.07994534820318222,0.1421540230512619,0.01,0,0.0,0.0,0.0,0.0,0.0,0.0,0.0,0.0,0.0,0.0,0.0
1287,5271552,633.6657563677428,666.8387423207058,6.142414559995814,0.07858652700087987,0,0,0,0,0.0,0.0,0.0,-0.007876162114553154,0.664805518090725,0.18329784870147706,-2.6149035573005674,0.020185154407226947,0.104506716132164,0.08001945912837982,0.14235608279705048,0.01,0,0.0,0.0,0.0,0.0,0.0,0.0,0.0,0.0,0.0,0.0,0.0
1288,5275648,633.6337779691538,602.1975646404651,6.801754508000158,0.0790471809959854,13,0,3,10,0.0,0.23076923076923078,0.7692307692307693,-0.008422211324796081,0.9744793131947518,0.1770839009433985,-2.6148910939693453,0.019083554709504826,0.10428076982498169,0.07974909991025925,0.14167259633541107,0.01,0,0.0,0.0,0.0,0.0,0.0,0.0,0.0,0.0,0.0,0.0,0.0
1289,5279744,633.6147045940747,617.9322952772557,6.6285579040049925,0.08327477700368036,12,0,0,12,0.0,0.0,1.0,-0.007501160469837486,0.6220012739300728,0.16653098315000534,-2.619708865880966,0.019052423545508644,0.10419853776693344,0.0798625722527504,0.14169980585575104,0.01,0,0.0,0.0,0.0,0.0,0.0,0.0,0.0,0.0,0.0,0.0,0.0
1290,5283840,633.6061074661625,631.4015602346021,6.487155334994895,0.08737138799915556,11,0,0,11,0.0,0.0,1.0,-0.013904641382396221,0.536593833565712,0.17480295933783055,-2.624699229001999,0.01577257421449758,0.10397421568632126,0.07949143648147583,0.14178913831710815,0.01,0,0.0,0.0,0.0,0.0,0.0,0.0,0.0,0.0,0.0,0.0,0.0
1291,5287936,633.5752856565992,603.4687646847037,6.7874266899962095,0.07981328000460053,12,0,0,12,0.0,0.0,1.0,-0.01177662902045995,0.6102610647678375,0.1942896109074354,-2.6288007259368897,0.015446512200287543,0.10405739396810532,0.07920234650373459,0.14177300035953522,0.01,0,0.0,0.0,0.0,0.0,0.0,0.0,0.0,0.0,0.0,0.0,0.0
1292,5292032,633.5827755370485,653.4864888453021,6.267918418998306,0.09468506799748866,16,0,0,16,0.0,0.0,1.0,-0.011072102445177734,0.7427683189511299,0.21411020010709764,-2.6269599735736846,0.018219631958345417,0.10402373969554901,0.07960376143455505,0.14183096587657928,0.01,0,0.0,0.0,0.0,0.0,0.0,0.0,0.0,0.0,0.0,0.0,0.0
1293,5296128,633.596110768986,660.0433330345801,6.2056531669950346,0.08000334099779138,3,0,1,2,0.0,0.3333333333333333,0.6666666666666666,-0.016549563128501178,0.8038589999079704,0.18162696547806262,-2.6345500588417052,0.02184330705931643,0.1034889668226242,0.07903207838535309,0.14097972214221954,0.01,0,0.0,0.0,0.0,0.0,0.0,0.0,0.0,0.0,0.0,0.0,0.0
1294,5300224,633.5803840218973,621.5541666181612,6.589932495000539,0.07953281599475304,11,0,0,11,0.0,0.0,1.0,-0.008832619828172027,0.6517228245735168,0.17436926662921906,-2.6462112069129944,0.022589180670911445,0.103371761739254,0.07875505089759827,0.14095258712768555,0.01,0,0.0,0.0,0.0,0.0,0.0,0.0,0.0,0.0,0.0,0.0,0.0
1295,5304320,633.5626774976306,618.2142818137393,6.625534414997674,0.07025782499840716,12,0,0,12,0.0,0.0,1.0,-0.011351162067148835,0.5069638200104236,0.17438297159969807,-2.6464749753475187,0.0168428538061562,0.10339552164077759,0.07920964807271957,0.14090166985988617,0.01,0,0.0,0.0,0.0,0.0,0.0,0.0,0.0,0.0,0.0,0.0,0.0
1296,5308416,633.5464930872376,620.949383519885,6.59635086000344,0.07944532900000922,12,0,1,11,0.0,0.08333333333333333,0.9166666666666666,-0.010346204158850014,0.6170483253896236,0.1727846186608076,-2.6478962123394014,0.021908193948911504,0.10310694575309753,0.07927129417657852,0.14017996191978455,0.01,0,0.0,0.0,0.0,0.0,0.0,0.0,0.0,0.0,0.0,0.0,0.0
1297,5312512,633.5235560287429,612.6155929963601,6.686085118999472,0.07957334599632304,12,0,1,11,0.0,0.08333333333333333,0.9166666666666666,-0.009000887896399945,0.6496382892131806,0.17209918648004532,-2.6510511577129363,0.017952379988855682,0.10314667224884033,0.07963122427463531,0.139951691031456,0.01,0,0.0,0.0,0.0,0.0,0.0,0.0,0.0,0.0,0.0,0.0,0.0
1298,5316608,633.52972103296,649.9640099172854,6.301887392997742,0.07859060099872295,14,0,0,14,0.0,0.0,1.0,-0.008487767865881323,0.6207842484116555,0.18891524262726306,-2.6506383955478667,0.01933242616651114,0.10297885537147522,0.07974459230899811,0.1391122043132782,0.01,0,0.0,0.0,0.0,0.0,0.0,0.0,0.0,0.0,0.0,0.0,0.0
1299,5320704,633.5263111994141,636.8984902469907,6.431166132002545,0.07642767800280126,6,0,0,6,0.0,0.0,1.0,-0.01319116709055379,0.47442317456007005,0.17116116732358932,-2.6537019848823546,0.016919203411089257,0.10284793376922607,0.0798550546169281,0.13889868557453156,0.01,0,0.0,0.0,0.0,0.0,0.0,0.0,0.0,0.0,0.0,0.0,0.0
1300,5324800,633.2738802067614,580.4048190810648,7.057143334001012,2.7549659550059005,9,0,0,9,0.0,0.0,1.0,0.0,0.0,0.0,0.0,0.0,0.10284793376922607,0.0798550546169281,0.13889868557453156,0.01,1,0.5664101839065552,0.004707509186118841,4.530170440673828,0.04044630378484726,0.24431630969047546,0.13271400332450867,0.06341075897216797,0.17667298018932343,0.45480644702911377,0.07421875,28.73078727722168
1301,5328896,633.2484537801689,609.7872556759502,6.717096760999993,0.08365740400040522,12,0,0,12,0.0,0.0,1.0,-0.012851324467919766,0.5520103961229325,0.17410334199666977,-2.6568879902362825,0.019670279847923668,0.10270442813634872,0.07978561520576477,0.13865871727466583,0.01,0,0.0,0.0,0.0,0.0,0.0,0.0,0.0,0.0,0.0,0.0,0.0
1302,5332992,633.221870705897,607.8518447315338,6.738484115005122,0.07966059799946379,15,0,2,13,0.0,0.13333333333333333,0.8666666666666667,-0.011166827380657196,0.678898710012436,0.1918577268719673,-2.661023861169815,0.02205501050921157,0.10252797603607178,0.07968419045209885,0.13802123069763184,0.01,0,0.0,0.0,0.0,0.0,0.0,0.0,0.0,0.0,0.0,0.0,0.0
1303,5337088,633.1991357854802,612.3748027966989,6.6887141360057285,0.07943615799740655,12,0,0,12,0.0,0.0,1.0,-0.01098725312622264,0.7403922587633133,0.18893926292657853,-2.6647623419761657,0.019957423853338697,0.10228558629751205,0.07962275296449661,0.1376536786556244,0.01,0,0.0,0.0,0.0,0.0,0.0,0.0,0.0,0.0,0.0,0.0,0.0
1304,5341184,633.2223395456447,673.6424984275113,6.080376475001685,0.07553707499755546,10,0,0,10,0.0,0.0,1.0,-0.009041266492567956,0.711866594851017,0.2075298584997654,-2.6741598665714266,0.019993931884528138,0.10206763446331024,0.07897351682186127,0.13769792020320892,0.01,0,0.0,0.0,0.0,0.0,0.0,0.0,0.0,0.0,0.0,0.0,0.0
1305,5345280,633.2197963274331,639.4939828998662,6.405064175000007,0.09419663299922831,8,0,0,8,0.0,0.0,1.0,-0.009049799886997788,0.7096253991127014,0.18857791498303414,-2.680544751882553,0.016425772159709594,0.10181554406881332,0.07882607728242874,0.13692261278629303,0.01,0,0.0,0.0,0.0,0.0,0.0,0.0,0.0,0.0,0.0,0.0,0.0
1306,5349376,633.2063714551193,623.6987150048973,6.567273430999194,0.07735282299836399,9,0,0,9,0.0,0.0,1.0,-0.00814318296033889,0.5924584753811359,0.18363457024097443,-2.6810095012187958,0.024205060879467055,0.10195790231227875,0.07923023402690887,0.13673876225948334,0.01,0,0.0,0.0,0.0,0.0,0.0,0.0,0.0,0.0,0.0,0.0,0.0
1307,5353472,633.1940250299996,625.6806997584155,6.546470111003146,0.08391624400246656,12,0,0,12,0.0,0.0,1.0,-0.008607136993668973,0.6055391803383827,0.18063130415976048,-2.6767184734344482,0.018031265801982953,0.10192259401082993,0.07923569530248642,0.13666005432605743,0.01,0,0.0,0.0,0.0,0.0,0.0,0.0,0.0,0.0,0.0,0.0,0.0
1308,5357568,633.1407470864876,577.2577478700217,7.0956171919970075,0.08152980700106127,18,0,1,17,0.0,0.05555555555555555,0.9444444444444444,-0.011618893622653559,0.6932474583387375,0.20448226630687713,-2.6776712357997896,0.01681938206893392,0.10195662826299667,0.07897387444972992,0.1365356296300888,0.01,0,0.0,0.0,0.0,0.0,0.0,0.0,0.0,0.0,0.0,0.0,0.0
1309,5361664,633.1346970179067,633.3043972750497,6.467663919000188,0.07967578199895797,18,0,0,18,0.0,0.0,1.0,-0.008635177358519286,0.7682022422552108,0.1974185224622488,-2.67660670876503,0.022727032724651507,0.1019902229309082,0.07897335290908813,0.13671080768108368,0.01,0,0.0,0.0,0.0,0.0,0.0,0.0,0.0,0.0,0.0,0.0,0.0
1310,5365760,633.1632186939908,681.9981379917725,6.005881500001124,0.0780712690029759,0,0,0,0,0.0,0.0,0.0,-0.013546835444867612,0.5893769532442092,0.18883791714906692,-2.684053248167038,0.02004200862138532,0.10138079524040222,0.07859590649604797,0.135624498128891,0.01,0,0.0,0.0,0.0,0.0,0.0,0.0,0.0,0.0,0.0,0.0,0.0
1311,5369856,633.1585256861595,635.092664976869,6.449452537999605,0.07906302300398238,9,0,0,9,0.0,0.0,1.0,-0.012591438501840458,0.46112745702266694,0.17292272932827474,-2.694666337966919,0.022389799109078012,0.10136689245700836,0.0786849707365036,0.1356360912322998,0.01,0,0.0,0.0,0.0,0.0,0.0,0.0,0.0,0.0,0.0,0.0,0.0
1312,5373952,633.1596619784555,642.9894597365189,6.370244391997403,0.08044870400044601,9,0,0,9,0.0,0.0,1.0,-0.01197736831381917,0.5453060276806354,0.1775157291442156,-2.6960245728492738,0.01950119390967302,0.10120165348052979,0.07853977382183075,0.1355903297662735,0.01,0,0.0,0.0,0.0,0.0,0.0,0.0,0.0,0.0,0.0,0.0,0.0
1313,5378048,633.1381335085313,613.6039899828125,6.675315132997639,0.07917247900331859,14,0,0,14,0.0,0.0,1.0,-0.01364736701361835,0.45888560712337495,0.18406891860067845,-2.7000506222248077,0.020627060244441962,0.1012531965970993,0.07791729271411896,0.1358756422996521,0.01,0,0.0,0.0,0.0,0.0,0.0,0.0,0.0,0.0,0.0,0.0,0.0
1314,5382144,633.1062745865993,601.0471168172232,6.814773559999594,0.07924600999831455,16,0,0,16,0.0,0.0,1.0,-0.010024001845158637,0.6673730567097664,0.20460299998521805,-2.699430215358734,0.0215055489417864,0.10133199393749237,0.07767777889966965,0.13636310398578644,0.01,0,0.0,0.0,0.0,0.0,0.0,0.0,0.0,0.0,0.0,0.0,0.0
1315,5386240,633.1053700412876,640.1475343021968,6.3985249969991855,0.07982845500373514,16,0,0,16,0.0,0.0,1.0,-0.008919563191011549,0.6828446105122566,0.1982835866510868,-2.700594562292099,0.015217323927208782,0.10124598443508148,0.07804593443870544,0.1363973468542099,0.01,0,0.0,0.0,0.0,0.0,0.0,0.0,0.0,0.0,0.0,0.0,0.0
1316,5390336,633.1246286612485,668.3968786738986,6.1280956430055085,0.07899194700439693,1,0,0,1,0.0,0.0,1.0,-0.008251104527153075,0.7617022946476937,0.18930896036326886,-2.7033526420593263,0.01963373147591483,0.10118941962718964,0.0777420848608017,0.13662497699260712,0.01,0,0.0,0.0,0.0,0.0,0.0,0.0,0.0,0.0,0.0,0.0,0.0
1317,5394432,633.1226581396901,639.5679263965634,6.404323654998734,0.08834408900293056,9,0,0,9,0.0,0.0,1.0,-0.011688518396113068,0.6695753827691078,0.18459920734167098,-2.706824964284897,0.02113634388661012,0.10102307796478271,0.07752843201160431,0.1361452043056488,0.01,0,0.0,0.0,0.0,0.0,0.0,0.0,0.0,0.0,0.0,0.0,0.0
1318,5398528,633.1127353539131,628.0049137232587,6.522241960999963,0.07722001500223996,10,0,0,10,0.0,0.0,1.0,-0.010452774271834641,0.5411316394805908,0.1898835763335228,-2.70187509059906,0.021894876353326254,0.10157249867916107,0.07743924856185913,0.13721619546413422,0.01,0,0.0,0.0,0.0,0.0,0.0,0.0,0.0,0.0,0.0,0.0,0.0
1319,5402624,633.0793020397425,599.183993876113,6.835963646997698,0.08093672500399407,14,0,0,14,0.0,0.0,1.0,-0.00943958112038672,0.6703153610229492,0.20741776041686535,-2.691273260116577,0.022727901054895482,0.10173384845256805,0.07781831920146942,0.1374763399362564,0.01,0,0.0,0.0,0.0,0.0,0.0,0.0,0.0,0.0,0.0,0.0,0.0
1320,5406720,632.8124153030685,568.1016165883497,7.209977722995973,2.8558725789989694,16,0,0,16,0.0,0.0,1.0,0.0,0.0,0.0,0.0,0.0,0.10173384845256805,0.07781831920146942,0.1374763399362564,0.01,1,0.5448707342147827,0.00516913877800107,4.579648494720459,0.051470741629600525,0.18873286247253418,0.16303187608718872,0.054460398852825165,0.20584940910339355,0.40835854411125183,0.0859375,28.768699645996094
1321,5410816,632.8165748746102,646.6493449692285,6.334190287001547,0.07899718699627556,14,0,0,14,0.0,0.0,1.0,-0.007492779695894569,0.7158906027674675,0.20349986664950848,-2.6903160870075227,0.02187588074884843,0.10172222554683685,0.07782954722642899,0.13759174942970276,0.01,0,0.0,0.0,0.0,0.0,0.0,0.0,0.0,0.0,0.0,0.0,0.0
1322,5414912,632.8434629268355,679.5532925768639,6.027489006002725,0.07844373700208962,1,0,0,1,0.0,0.0,1.0,-0.012612920149695128,0.5904377400875092,0.18910859934985638,-2.6922726929187775,0.016818977790535428,0.10151664912700653,0.07798652350902557,0.13744238018989563,0.01,0,0.0,0.0,0.0,0.0,0.0,0.0,0.0,0.0,0.0,0.0,0.0
1323,5419008,632.8294844834383,622.48897535028,6.580036213003041,0.0783101990018622,11,0,0,11,0.0,0.0,1.0,-0.005628293298650533,0.578333604335785,0.18774290829896928,-2.702544152736664,0.023300425938214176,0.10118066519498825,0.07751333713531494,0.1372036635875702,0.01,0,0.0,0.0,0.0,0.0,0.0,0.0,0.0,0.0,0.0,0.0,0.0
1324,5423104,632.8162324856816,623.8270658556045,6.565922230998694,0.08308213599957526,11,0,0,11,0.0,0.0,1.0,-0.009946404944639654,0.5727031469345093,0.1760902639478445,-2.7106589496135713,0.022650833388615864,0.10098980367183685,0.07722192257642746,0.13663111627101898,0.01,0,0.0,0.0,0.0,0.0,0.0,0.0,0.0,0.0,0.0,0.0,0.0
1325,5427200,632.7982406711703,617.432693989699,6.633921462002036,0.07913355200435035,13,0,1,12,0.0,0.07692307692307693,0.9230769230769231,-0.005073393729981035,0.5956261366605758,0.18807617612183095,-2.716822397708893,0.027596140737296083,0.1007472425699234,0.07712233066558838,0.13660350441932678,0.01,0,0.0,0.0,0.0,0.0,0.0,0.0,0.0,0.0,0.0,0.0,0.0
1326,5431296,632.7717305081364,606.868162122111,6.749406635004561,0.07992125199962175,14,0,0,14,0.0,0.0,1.0,-0.008442937117069959,0.5669687449932098,0.19241822697222233,-2.7248082578182222,0.02603601152950432,0.10049039125442505,0.07715484499931335,0.13629822432994843,0.01,0,0.0,0.0,0.0,0.0,0.0,0.0,0.0,0.0,0.0,0.0,0.0
1327,5435392,632.7778855299871,649.4031065568555,6.307330468000146,0.07906738499877974,14,0,0,14,0.0,0.0,1.0,-0.011751030408777296,0.7593743294477463,0.21752382442355156,-2.7319798350334166,0.021454344075755215,0.10016985982656479,0.07725059241056442,0.1357526183128357,0.01,0,0.0,0.0,0.0,0.0,0.0,0.0,0.0,0.0,0.0,0.0,0.0
1328,5439488,632.7925894019506,661.6173761170751,6.190889399003936,0.07888462299888488,2,0,0,2,0.0,0.0,1.0,-0.010338910733116791,0.5545897126197815,0.19722661823034288,-2.741260254383087,0.02073385600815527,0.0998443216085434,0.07711024582386017,0.13519161939620972,0.01,0,0.0,0.0,0.0,0.0,0.0,0.0,0.0,0.0,0.0,0.0,0.0
1329,5443584,632.7819305214275,626.7978760167329,6.53480197799945,0.07966477300215047,11,0,0,11,0.0,0.0,1.0,-0.01481309620430693,0.6306823179125786,0.1900806359946728,-2.7517844080924987,0.02513025155349169,0.09950084984302521,0.07649250328540802,0.13508805632591248,0.01,0,0.0,0.0,0.0,0.0,0.0,0.0,0.0,0.0,0.0,0.0,0.0
1330,5447680,632.7688844703027,623.6330414028461,6.567965017995448,0.07923847299389308,11,0,0,11,0.0,0.0,1.0,-0.011244763084687293,0.462664270401001,0.1791102383285761,-2.757995975017548,0.023445072022150272,0.0996447503566742,0.07630659639835358,0.13540911674499512,0.01,0,0.0,0.0,0.0,0.0,0.0,0.0,0.0,0.0,0.0,0.0,0.0
1331,5451776,632.7418336358912,606.3080807549092,6.755641447001835,0.08263720399554586,15,0,2,13,0.0,0.13333333333333333,0.8666666666666667,-0.008428535668645053,0.7030324831604957,0.21012954525649546,-2.7495749056339265,0.022078886601957493,0.10005652904510498,0.07643911987543106,0.13626281917095184,0.01,0,0.0,0.0,0.0,0.0,0.0,0.0,0.0,0.0,0.0,0.0,0.0
1332,5455872,632.717170577971,608.9117780695426,6.726754429000721,0.07925584799522767,13,0,0,13,0.0,0.0,1.0,-0.010541385610122234,0.7533118426799774,0.19915504828095437,-2.7436568796634675,0.017801478944602423,0.1001138910651207,0.0759475827217102,0.13676117360591888,0.01,0,0.0,0.0,0.0,0.0,0.0,0.0,0.0,0.0,0.0,0.0,0.0
1333,5459968,632.7267906791244,654.4206910297155,6.258970806004072,0.08019586600130424,12,0,0,12,0.0,0.0,1.0,-0.007007681508548557,0.68615493029356,0.19999175891280174,-2.746232134103775,0.021319189749192446,0.10006389021873474,0.07571233808994293,0.1368386149406433,0.01,0,0.0,0.0,0.0,0.0,0.0,0.0,0.0,0.0,0.0,0.0,0.0
1334,5464064,632.7354866024866,652.2715129629485,6.279593571998703,0.07215794699732214,5,0,0,5,0.0,0.0,1.0,-0.009597246465273202,0.5906523048877717,0.17849437482655048,-2.7508993208408357,0.02608759556314908,0.09985320270061493,0.07576358318328857,0.13677933812141418,0.01,0,0.0,0.0,0.0,0.0,0.0,0.0,0.0,0.0,0.0,0.0,0.0
1335,5468160,632.7274951899241,630.1308194285434,6.50023752800189,0.07885824600089109,8,0,0,8,0.0,0.0,1.0,-0.00680000534048304,0.6913223087787628,0.20616157948970795,-2.7533634662628175,0.018901986948912965,0.09996581077575684,0.07595644146203995,0.13716012239456177,0.01,0,0.0,0.0,0.0,0.0,0.0,0.0,0.0,0.0,0.0,0.0,0.0
1336,5472256,632.7050353522048,611.4253159617181,6.69910108899785,0.0783842890014057,14,0,0,14,0.0,0.0,1.0,-0.011101823428180068,0.46806648522615435,0.16763992980122566,-2.748799777030945,0.016799025889486074,0.10023447126150131,0.07581524550914764,0.13847340643405914,0.01,0,0.0,0.0,0.0,0.0,0.0,0.0,0.0,0.0,0.0,0.0,0.0
1337,5476352,632.6850147395631,614.4494258510317,6.666130404999421,0.07833567500347272,14,0,0,14,0.0,0.0,1.0,-0.007892993849236519,0.561497313529253,0.18592308610677719,-2.751821035146713,0.019204742641886697,0.10008999705314636,0.07529152929782867,0.13889268040657043,0.01,0,0.0,0.0,0.0,0.0,0.0,0.0,0.0,0.0,0.0,0.0,0.0
1338,5480448,632.6694063362119,620.0758803201884,6.605643164002686,0.07900268800585764,13,0,0,13,0.0,0.0,1.0,-0.003310375998262316,0.7388049334287643,0.20911904312670232,-2.760015618801117,0.024460523194284177,0.09991729259490967,0.07492799311876297,0.13921789824962616,0.01,0,0.0,0.0,0.0,0.0,0.0,0.0,0.0,0.0,0.0,0.0,0.0
1339,5484544,632.6848212054477,662.7205427141241,6.180584025998542,0.07928599500155542,10,0,0,10,0.0,0.0,1.0,-0.012255313736386598,0.6037212505936622,0.20531369969248772,-2.762319254875183,0.025153056607814507,0.10008309781551361,0.07508401572704315,0.13968220353126526,0.01,0,0.0,0.0,0.0,0.0,0.0,0.0,0.0,0.0,0.0,0.0,0.0
1340,5488640,632.456396773612,599.4037082447998,6.833457890999853,2.770753643999342,8,0,1,7,0.0,0.125,0.875,0.0,0.0,0.0,0.0,0.0,0.10008309781551361,0.07508401572704315,0.13968220353126526,0.01,1,0.5468894243240356,0.004984206985682249,4.564873695373535,0.04499821737408638,0.2026388943195343,0.14544814825057983,0.062277909368276596,0.18250088393688202,0.5004186630249023,0.11328125,28.858047485351562
1341,5492736,632.4528752918673,635.903855520541,6.441225295995537,0.07858708500134526,8,0,0,8,0.0,0.0,1.0,-0.01323967098724097,0.594281505048275,0.1793876349925995,-2.762966442108154,0.01686733841197565,0.09976649284362793,0.07484548538923264,0.13882753252983093,0.01,0,0.0,0.0,0.0,0.0,0.0,0.0,0.0,0.0,0.0,0.0,0.0
1342,5496832,632.4274879836187,607.3812180469953,6.743705399996543,0.07828440500452416,14,0,0,14,0.0,0.0,1.0,-0.006430210929829627,0.46341068521142004,0.16973403319716454,-2.7659525692462923,0.022220027615549042,0.09990359842777252,0.07502216100692749,0.13885356485843658,0.01,0,0.0,0.0,0.0,0.0,0.0,0.0,0.0,0.0,0.0,0.0,0.0
1343,5500928,632.4027117369365,608.6766093078928,6.72935338300158,0.08499955300067086,14,0,0,14,0.0,0.0,1.0,-0.011909352347720415,0.595456925034523,0.17963377609848977,-2.7673660218715668,0.016763270486262628,0.09944711625576019,0.07458344846963882,0.13809747993946075,0.01,0,0.0,0.0,0.0,0.0,0.0,0.0,0.0,0.0,0.0,0.0,0.0
1344,5505024,632.3907793297952,624.7786918629392,6.555921406004927,0.08181743099703453,11,0,0,11,0.0,0.0,1.0,-0.00240730662480928,0.7518120929598808,0.21654674038290977,-2.780580681562424,0.03411589617899154,0.09916341304779053,0.07466607540845871,0.1370783895254135,0.01,0,0.0,0.0,0.0,0.0,0.0,0.0,0.0,0.0,0.0,0.0,0.0
1345,5509120,632.4042650687022,659.8288235179006,6.207670616997348,0.08027145000232849,10,0,1,9,0.0,0.1,0.9,-0.011293026490602643,0.7769381746649742,0.21684420555830003,-2.780449765920639,0.01729959578951821,0.09921514987945557,0.07478920370340347,0.1368986964225769,0.01,0,0.0,0.0,0.0,0.0,0.0,0.0,0.0,0.0,0.0,0.0,0.0
1346,5513216,632.4067974735793,644.6604062056423,6.35373284999514,0.08505106200027512,8,0,0,8,0.0,0.0,1.0,-0.01002570231212303,0.5688910037279129,0.18607885427773,-2.7756902158260344,0.01734739657258615,0.09936793893575668,0.0751199722290039,0.1371535360813141,0.01,0,0.0,0.0,0.0,0.0,0.0,0.0,0.0,0.0,0.0,0.0,0.0
1347,5517312,632.3917908898196,620.4888593801534,6.601246642996557,0.07933104100084165,10,0,1,9,0.0,0.1,0.9,-0.011067094851750881,0.6987262770533562,0.19941045716404915,-2.776599383354187,0.019955808290978892,0.09922103583812714,0.0746784657239914,0.13703636825084686,0.01,0,0.0,0.0,0.0,0.0,0.0,0.0,0.0,0.0,0.0,0.0,0.0
1348,5521408,632.3739322347451,616.7210216709251,6.641576752001129,0.07865351200598525,14,0,0,14,0.0,0.0,1.0,-0.005018754058983177,0.4744743838906288,0.18727547973394393,-2.7803419888019563,0.02360131388704758,0.09908495843410492,0.07471219450235367,0.13663984835147858,0.01,0,0.0,0.0,0.0,0.0,0.0,0.0,0.0,0.0,0.0,0.0,0.0
1349,5525504,632.3471226765099,605.4115955858822,6.765645107996534,0.07871417199930875,15,0,0,15,0.0,0.0,1.0,-0.00021683513186872007,0.5689203754067421,0.18459097295999527,-2.78079491853714,0.023860019029234535,0.09919887781143188,0.07450827211141586,0.1365288496017456,0.01,0,0.0,0.0,0.0,0.0,0.0,0.0,0.0,0.0,0.0,0.0,0.0
1350,5529600,632.3328764573257,621.3723167057537,6.591861094995693,0.07909832199948141,18,0,1,17,0.0,0.05555555555555555,0.9444444444444444,-0.007777117867954075,0.7632968962192536,0.2020684152841568,-2.7771363615989686,0.01701787450001575,0.09917871654033661,0.07464437931776047,0.13599930703639984,0.01,0,0.0,0.0,0.0,0.0,0.0,0.0,0.0,0.0,0.0,0.0,0.0
1351,5533696,632.3578800098599,677.6141415114392,6.044738073003828,0.08215355699940119,1,0,1,0,0.0,1.0,0.0,-0.01245605603326112,0.7786905854940415,0.20274369642138482,-2.7753138124942778,0.01914696960884612,0.09909926354885101,0.07479720562696457,0.13527366518974304,0.01,0,0.0,0.0,0.0,0.0,0.0,0.0,0.0,0.0,0.0,0.0,0.0
1352,5537792,632.3610263607903,644.9138512573747,6.351235893002013,0.07942060700588627,7,0,0,7,0.0,0.0,1.0,-0.002864617400337011,0.58095281124115,0.16932818852365017,-2.7790217876434324,0.02626166603586171,0.09889131784439087,0.07491320371627808,0.13508284091949463,0.01,0,0.0,0.0,0.0,0.0,0.0,0.0,0.0,0.0,0.0,0.0,0.0
1353,5541888,632.3475200375735,622.1647702878668,6.58346501699998,0.07784153200191213,11,0,0,11,0.0,0.0,1.0,-0.01083609089255333,0.45818124935030935,0.1720910094678402,-2.782565635442734,0.01771720947290305,0.0989828109741211,0.0745292380452156,0.13564012944698334,0.01,0,0.0,0.0,0.0,0.0,0.0,0.0,0.0,0.0,0.0,0.0,0.0
1354,5545984,632.3336738974366,622.1653717132073,6.583458652996342,0.08274042899574852,14,0,0,14,0.0,0.0,1.0,-0.00861607698025182,0.592266497015953,0.18268425129354,-2.7846180200576782,0.01983696430688724,0.09877528995275497,0.07422323524951935,0.13530512154102325,0.01,0,0.0,0.0,0.0,0.0,0.0,0.0,0.0,0.0,0.0,0.0,0.0
1355,5550080,632.2825311943778,576.4209972712633,7.105917410000984,0.07843519400194054,17,0,2,15,0.0,0.11764705882352941,0.8823529411764706,-0.007862013706471771,0.840281543135643,0.1993244495242834,-2.788704347610474,0.021584312853519805,0.09866344928741455,0.07441540062427521,0.13463345170021057,0.01,0,0.0,0.0,0.0,0.0,0.0,0.0,0.0,0.0,0.0,0.0,0.0
1356,5554176,632.2845835955713,643.2564864653572,6.367599994999182,0.07894463599950541,15,0,1,14,0.0,0.06666666666666667,0.9333333333333333,-0.016347546060569585,0.7023616179823875,0.202054675668478,-2.78880980014801,0.016300904544186777,0.09855293482542038,0.07431352883577347,0.1341857612133026,0.01,0,0.0,0.0,0.0,0.0,0.0,0.0,0.0,0.0,0.0,0.0,0.0
1357,5558272,632.3089518598722,676.3415581771384,6.0561116649987525,0.07937535399832996,2,0,1,1,0.0,0.5,0.5,-0.011810424155555665,0.7324400320649147,0.18553114905953408,-2.793388283252716,0.022235233156243338,0.09833773225545883,0.07424226403236389,0.13344329595565796,0.01,0,0.0,0.0,0.0,0.0,0.0,0.0,0.0,0.0,0.0,0.0,0.0
1358,5562368,632.2927782845212,618.3053900926631,6.624558132003585,0.0749398280022433,9,0,0,9,0.0,0.0,1.0,-0.0063050971482880415,0.5864932104945183,0.18736143447458745,-2.7957111954689027,0.022052251276909372,0.09833692759275436,0.07434573024511337,0.13328683376312256,0.01,0,0.0,0.0,0.0,0.0,0.0,0.0,0.0,0.0,0.0,0.0,0.0
1359,5566464,632.2843979456418,628.9260773720329,6.512689085997408,0.07892773600178771,8,0,0,8,0.0,0.0,1.0,-0.0014116937411017716,0.4253300577402115,0.16134767420589924,-2.792413830757141,0.02275803009106312,0.09853900969028473,0.07435154169797897,0.13378603756427765,0.01,0,0.0,0.0,0.0,0.0,0.0,0.0,0.0,0.0,0.0,0.0,0.0
1360,5570560,632.0293871876002,576.3855536094688,7.106354373994691,2.9230367860000115,15,0,0,15,0.0,0.0,1.0,0.0,0.0,0.0,0.0,0.0,0.09853900969028473,0.07435154169797897,0.13378603756427765,0.01,1,0.49604251980781555,0.004778008908033371,4.519197463989258,0.04609400033950806,0.22723227739334106,0.1013401448726654,0.04375966638326645,0.19276148080825806,0.3428612947463989,0.1171875,29.04763412475586
1361,5574656,631.9951746297639,595.8499871472569,6.874213456998405,0.08068588899914175,16,0,0,16,0.0,0.0,1.0,-0.009956095716916025,0.6345700651407242,0.19635444022715093,-2.786948895454407,0.017721338069532067,0.0987800806760788,0.07398895919322968,0.1342613250017166,0.01,0,0.0,0.0,0.0,0.0,0.0,0.0,0.0,0.0,0.0,0.0,0.0
1362,5578752,631.9975389194278,643.2795614275014,6.367371583997738,0.07760392899945145,14,0,0,14,0.0,0.0,1.0,-0.008368105185218156,0.7237222746014595,0.19756289944052696,-2.7849681615829467,0.019452291721245275,0.09871602058410645,0.07400234788656235,0.13417945802211761,0.01,0,0.0,0.0,0.0,0.0,0.0,0.0,0.0,0.0,0.0,0.0,0.0
1363,5582848,632.0176848413007,668.3883226088752,6.128174088997184,0.06799897699966095,2,0,0,2,0.0,0.0,1.0,-0.010746774717699737,0.547253429889679,0.17222381941974163,-2.7933776497840883,0.025691871574963443,0.09820334613323212,0.07351730018854141,0.1329442262649536,0.01,0,0.0,0.0,0.0,0.0,0.0,0.0,0.0,0.0,0.0,0.0,0.0
1364,5586944,632.0052788355991,623.1826874194307,6.5727114740002435,0.0785338249988854,10,0,0,10,0.0,0.0,1.0,-0.007193619012832641,0.5579066477715969,0.17442179955542086,-2.8051971673965452,0.021724757601623422,0.09794974327087402,0.07276499271392822,0.13267584145069122,0.01,0,0.0,0.0,0.0,0.0,0.0,0.0,0.0,0.0,0.0,0.0,0.0
1365,5591040,631.9982775674217,629.5165374609998,6.506580456996744,0.069150717004959,10,0,0,10,0.0,0.0,1.0,-0.011694370361510664,0.5726718522608281,0.18464589379727842,-2.8144712924957274,0.0218872817204101,0.09767943620681763,0.07240977883338928,0.13273371756076813,0.01,0,0.0,0.0,0.0,0.0,0.0,0.0,0.0,0.0,0.0,0.0,0.0
1366,5595136,631.9765569596136,610.9306625629893,6.704525162997015,0.07753184100147337,13,0,0,13,0.0,0.0,1.0,-0.01462866694200784,0.6915259808301926,0.18305193334817887,-2.8238821268081664,0.017649117871769704,0.09742697328329086,0.0719628781080246,0.1323709934949875,0.01,0,0.0,0.0,0.0,0.0,0.0,0.0,0.0,0.0,0.0,0.0,0.0
1367,5599232,631.9384227958327,589.947365309545,6.942992274998687,0.06976662400120404,16,0,0,16,0.0,0.0,1.0,-0.0077189798350445924,0.5105516888201237,0.18465776331722736,-2.8282018661499024,0.018264325510244817,0.0973748192191124,0.0720365047454834,0.1321108192205429,0.01,0,0.0,0.0,0.0,0.0,0.0,0.0,0.0,0.0,0.0,0.0,0.0
1368,5603328,631.9517852822506,659.3534398326105,6.212146252000821,0.07883049800148001,13,0,0,13,0.0,0.0,1.0,-0.005935027659870684,0.816672146320343,0.21761275157332421,-2.8299147844314576,0.020384084942634217,0.09722807258367538,0.07224389910697937,0.13196368515491486,0.01,0,0.0,0.0,0.0,0.0,0.0,0.0,0.0,0.0,0.0,0.0,0.0
1369,5607424,631.9551338866266,644.6286226693438,6.354046121996362,0.07699711200257298,4,0,0,4,0.0,0.0,1.0,-0.013692514214199036,0.5904899463057518,0.18857445232570172,-2.8351283192634584,0.021172675883281044,0.09705966711044312,0.07224944233894348,0.13201507925987244,0.01,0,0.0,0.0,0.0,0.0,0.0,0.0,0.0,0.0,0.0,0.0,0.0
1370,5611520,631.9455874274686,626.9564017817866,6.5331496549988515,0.07905072099674726,10,0,2,8,0.0,0.2,0.8,-0.008638331247493625,0.810898807644844,0.18688478022813798,-2.8438647747039796,0.020122655283194034,0.09655334800481796,0.07240871340036392,0.13068293035030365,0.01,0,0.0,0.0,0.0,0.0,0.0,0.0,0.0,0.0,0.0,0.0,0.0
1371,5615616,631.9319008568402,623.4040166573981,6.57037794200005,0.10057867100113072,12,0,3,9,0.0,0.25,0.75,-0.01251350196544081,0.8128854751586914,0.20589915700256825,-2.85510139465332,0.02175017745757941,0.09611982107162476,0.07230425626039505,0.1293267011642456,0.01,0,0.0,0.0,0.0,0.0,0.0,0.0,0.0,0.0,0.0,0.0,0.0
1372,5619712,631.9115925152338,612.6666451815533,6.6855279820010765,0.07883440300065558,14,0,1,13,0.0,0.07142857142857142,0.9285714285714286,-0.010167943860869855,0.6302829861640931,0.19334361739456654,-2.868837368488312,0.020273854007245972,0.09558340162038803,0.07194313406944275,0.12857402861118317,0.01,0,0.0,0.0,0.0,0.0,0.0,0.0,0.0,0.0,0.0,0.0,0.0
1373,5623808,631.8819782855338,600.9237424999144,6.816172686005302,0.07898024200403597,14,0,2,12,0.0,0.14285714285714285,0.8571428571428571,-0.01128694685176015,0.8583969965577125,0.1971645127981901,-2.879019892215729,0.017469929743674582,0.09545466303825378,0.07175096869468689,0.12766507267951965,0.01,0,0.0,0.0,0.0,0.0,0.0,0.0,0.0,0.0,0.0,0.0,0.0
1374,5627904,631.8894944586895,650.64211418351,6.2953195169975515,0.07775442699494306,12,0,0,12,0.0,0.0,1.0,-0.012637803488178178,0.7321875035762787,0.1945300094783306,-2.874725270271301,0.023480072687380015,0.09570320695638657,0.071871817111969,0.12810742855072021,0.01,0,0.0,0.0,0.0,0.0,0.0,0.0,0.0,0.0,0.0,0.0,0.0
1375,5632000,631.8985096043785,652.99432068254,6.272642609998002,0.07926719899842283,3,0,0,3,0.0,0.0,1.0,-0.010905952157918364,0.5611275292932987,0.18272076733410358,-2.873243772983551,0.023725640433258376,0.09558063745498657,0.07164765149354935,0.12821443378925323,0.01,0,0.0,0.0,0.0,0.0,0.0,0.0,0.0,0.0,0.0,0.0,0.0
1376,5636096,631.8907828509174,629.4083080432189,6.507699290996243,0.08021273199847201,9,0,0,9,0.0,0.0,1.0,-0.010782074881717563,0.5783012017607689,0.1682429350912571,-2.8761719346046446,0.0252527155156713,0.09570439904928207,0.07181357592344284,0.12873883545398712,0.01,0,0.0,0.0,0.0,0.0,0.0,0.0,0.0,0.0,0.0,0.0,0.0
1377,5640192,631.8707777977457,612.65721778638,6.68563085700589,0.07545473399659386,15,0,1,14,0.0,0.06666666666666667,0.9333333333333333,-0.0084939188323915,0.6619602173566819,0.17935682758688926,-2.874025511741638,0.024794523842865603,0.09557265043258667,0.07204297930002213,0.12824492156505585,0.01,0,0.0,0.0,0.0,0.0,0.0,0.0,0.0,0.0,0.0,0.0,0.0
1378,5644288,631.8520128287485,614.4232618497581,6.666414268998778,0.0780974570006947,12,0,0,12,0.0,0.0,1.0,-0.009685827506473288,0.577675573527813,0.18139900155365468,-2.880514442920685,0.024356733792228625,0.09523587673902512,0.07173816114664078,0.12758897244930267,0.01,0,0.0,0.0,0.0,0.0,0.0,0.0,0.0,0.0,0.0,0.0,0.0
1379,5648384,631.8207536329853,598.6932585348189,6.841566931994748,0.08002829500037478,17,0,1,16,0.0,0.058823529411764705,0.9411764705882353,-0.011320030834758655,0.7290142834186554,0.18266862519085408,-2.8870899200439455,0.015771159844007343,0.09514725208282471,0.07178553193807602,0.1274026334285736,0.01,0,0.0,0.0,0.0,0.0,0.0,0.0,0.0,0.0,0.0,0.0,0.0
1380,5652480,631.6260123546359,629.9396432215901,6.502210242004367,2.7359122240013676,9,0,1,8,0.0,0.1111111111111111,0.8888888888888888,0.0,0.0,0.0,0.0,0.0,0.09514725208282471,0.07178553193807602,0.1274026334285736,0.01,1,0.6048364043235779,0.004777422174811363,4.531414985656738,0.05363544076681137,0.18736636638641357,0.19343101978302002,0.06897592544555664,0.17665615677833557,0.6131900548934937,0.1171875,28.563575744628906
1381,5656576,631.6222104002869,634.2642865131528,6.4578758210045635,0.07758450799883576,5,0,0,5,0.0,0.0,1.0,-0.0034267352311871946,0.6918343350291252,0.20009803473949433,-2.8896331548690797,0.023906976653961465,0.09507384151220322,0.07160501182079315,0.1274441033601761,0.01,0,0.0,0.0,0.0,0.0,0.0,0.0,0.0,0.0,0.0,0.0,0.0
1382,5660672,631.6037036505633,614.4470911638448,6.666155733997584,0.07834183600061806,12,0,0,12,0.0,0.0,1.0,-0.00832280246540904,0.667255625128746,0.19652993604540825,-2.8880178928375244,0.02562616491049994,0.0952012836933136,0.07227223366498947,0.12670762836933136,0.01,0,0.0,0.0,0.0,0.0,0.0,0.0,0.0,0.0,0.0,0.0,0.0
1383,5664768,631.5790169078983,606.3780529207281,6.754861888999585,0.07704760500200791,13,0,2,11,0.0,0.15384615384615385,0.8461538461538461,-0.013132486597169191,0.6863631948828697,0.17616875506937504,-2.8832223773002625,0.019385231184423903,0.09508877247571945,0.07206010073423386,0.12653589248657227,0.01,0,0.0,0.0,0.0,0.0,0.0,0.0,0.0,0.0,0.0,0.0,0.0
1384,5668864,631.5646734005801,619.8319907500063,6.608242331996735,0.07804690999910235,12,0,0,12,0.0,0.0,1.0,-0.00849940893240273,0.5862295538187027,0.18996795155107976,-2.8906333446502686,0.02061265198281035,0.09485964477062225,0.07181058079004288,0.1266946792602539,0.01,0,0.0,0.0,0.0,0.0,0.0,0.0,0.0,0.0,0.0,0.0,0.0
1385,5672960,631.541588461628,608.5098417875515,6.731197621993488,0.0793330189990229,21,0,0,21,0.0,0.0,1.0,-0.00809742194833234,0.6014837607741356,0.21289963610470294,-2.9023234248161316,0.022149450742290355,0.09449131786823273,0.0715504139661789,0.12678490579128265,0.01,0,0.0,0.0,0.0,0.0,0.0,0.0,0.0,0.0,0.0,0.0,0.0
1386,5677056,631.5611833705956,668.7465227750549,6.124891660001595,0.07883402799780015,2,0,0,2,0.0,0.0,1.0,-0.009632741147652269,0.6522803410887719,0.19294448010623455,-2.907812571525574,0.02039861676748842,0.0947001576423645,0.07188060134649277,0.1272042840719223,0.01,0,0.0,0.0,0.0,0.0,0.0,0.0,0.0,0.0,0.0,0.0,0.0
1387,5681152,631.5591937388658,636.8459981041528,6.43169622199639,0.07917113499570405,7,0,1,6,0.0,0.14285714285714285,0.8571428571428571,-0.013152057642582805,0.8208338364958763,0.1772640250623226,-2.9012255549430845,0.021374714758712797,0.09478409588336945,0.07183544337749481,0.1274733990430832,0.01,0,0.0,0.0,0.0,0.0,0.0,0.0,0.0,0.0,0.0,0.0,0.0
1388,5685248,631.5539562325282,632.1077503368306,6.479907891996845,0.07717912400403293,11,0,0,11,0.0,0.0,1.0,-0.011284876556601375,0.6444379657506942,0.19483174197375774,-2.9019007802009584,0.02146868406853173,0.09469570964574814,0.07183921337127686,0.12738491594791412,0.01,0,0.0,0.0,0.0,0.0,0.0,0.0,0.0,0.0,0.0,0.0,0.0
1389,5689344,631.5360545676753,615.0911898104223,6.659175205000793,0.07852199699846096,13,0,0,13,0.0,0.0,1.0,-0.007306222303304822,0.5718782313168049,0.1838293679058552,-2.9044811964035033,0.02537550710840151,0.09467148035764694,0.07186172157526016,0.12711581587791443,0.01,0,0.0,0.0,0.0,0.0,0.0,0.0,0.0,0.0,0.0,0.0,0.0
1390,5693440,631.5065652958453,600.1915844658554,6.824487556994427,0.0791314020025311,14,0,0,14,0.0,0.0,1.0,-0.012530574388802052,0.6583596065640449,0.2115665301680565,-2.9013283133506773,0.02176946995605249,0.09485223144292831,0.07180581986904144,0.12742485105991364,0.01,0,0.0,0.0,0.0,0.0,0.0,0.0,0.0,0.0,0.0,0.0,0.0
1391,5697536,631.4989947995224,629.0813629860369,6.511081461001595,0.07987334900099086,17,0,0,17,0.0,0.0,1.0,-0.010364617325831205,0.7833476290106773,0.2286038264632225,-2.897865855693817,0.02230947097123135,0.09489717334508896,0.07179175317287445,0.1276334822177887,0.01,0,0.0,0.0,0.0,0.0,0.0,0.0,0.0,0.0,0.0,0.0,0.0
1392,5701632,631.5144288794693,662.5908345893986,6.181793930998538,0.08053259200096363,2,0,0,2,0.0,0.0,1.0,-0.007120175438467413,0.6325664296746254,0.19853092432022096,-2.902616810798645,0.02581935554917436,0.09463392943143845,0.0715528354048729,0.12768056988716125,0.01,0,0.0,0.0,0.0,0.0,0.0,0.0,0.0,0.0,0.0,0.0,0.0
1393,5705728,631.5101867601351,633.6553522235357,6.464081753001665,0.07952773300348781,8,0,0,8,0.0,0.0,1.0,-0.01247351048514247,0.6185893103480339,0.20078635327517985,-2.9125241875648498,0.024585854541510344,0.09424898028373718,0.07131721079349518,0.12696191668510437,0.01,0,0.0,0.0,0.0,0.0,0.0,0.0,0.0,0.0,0.0,0.0,0.0
1394,5709824,631.5004896522006,626.0365777165301,6.542748692001624,0.0785121840017382,11,0,0,11,0.0,0.0,1.0,-0.011095304111950099,0.5489840261638165,0.19111091382801532,-2.9184982657432554,0.016767894796794282,0.09421222656965256,0.07200849801301956,0.12623180449008942,0.01,0,0.0,0.0,0.0,0.0,0.0,0.0,0.0,0.0,0.0,0.0,0.0
1395,5713920,631.4780314728202,609.0326604817982,6.725419285001408,0.07944845099700615,13,0,0,13,0.0,0.0,1.0,-0.010873795277439058,0.589366328716278,0.19315438494086265,-2.912022602558136,0.021436536239343697,0.09442506730556488,0.07226396352052689,0.1265251487493515,0.01,0,0.0,0.0,0.0,0.0,0.0,0.0,0.0,0.0,0.0,0.0,0.0
1396,5718016,631.4399910932455,589.4249041980715,6.949146482998913,0.07953738699870883,16,0,0,16,0.0,0.0,1.0,-0.01261968602775596,0.5623894073069096,0.18209744729101657,-2.9127647280693054,0.02049845821748022,0.09415869414806366,0.07224148511886597,0.12601959705352783,0.01,0,0.0,0.0,0.0,0.0,0.0,0.0,0.0,0.0,0.0,0.0,0.0
1397,5722112,631.4423496873105,643.0896365378178,6.369252071999654,0.080520551004156,14,0,0,14,0.0,0.0,1.0,-0.00678466388490051,0.5643582150340081,0.18707012981176377,-2.916104829311371,0.020372744920314288,0.09415124356746674,0.07229787856340408,0.12562058866024017,0.01,0,0.0,0.0,0.0,0.0,0.0,0.0,0.0,0.0,0.0,0.0,0.0
1398,5726208,631.4553410919556,658.780239648668,6.217551397996431,0.07943240000167862,3,0,0,3,0.0,0.0,1.0,-0.007956833927892148,0.5054389372467994,0.17520742639899253,-2.9131520867347716,0.02503758341190405,0.09423466771841049,0.07235313951969147,0.12554728984832764,0.01,0,0.0,0.0,0.0,0.0,0.0,0.0,0.0,0.0,0.0,0.0,0.0
1399,5730304,631.4392486982891,617.2719283862584,6.6356492359991535,0.07884682300209533,10,0,0,10,0.0,0.0,1.0,-0.00471020934637636,0.4963464841246605,0.18544500954449178,-2.9108498811721804,0.02703714739473071,0.09439454972743988,0.07214753329753876,0.12640005350112915,0.01,0,0.0,0.0,0.0,0.0,0.0,0.0,0.0,0.0,0.0,0.0,0.0
1400,5734400,631.1955790703139,568.8815319073018,7.200093113002367,2.788688913002261,12,0,0,12,0.0,0.0,1.0,0.0,0.0,0.0,0.0,0.0,0.09439454972743988,0.07214753329753876,0.12640005350112915,0.01,1,0.5039617419242859,0.005073660984635353,4.645817279815674,0.03877164050936699,0.2217768430709839,0.12497103214263916,0.05061221495270729,0.16207808256149292,0.30340707302093506,0.08203125,28.961353302001953
1401,5738496,631.1830873625196,621.952802526576,6.585708727994643,0.07883020999724977,10,0,0,10,0.0,0.0,1.0,-0.010041945346165449,0.47338996902108194,0.18145385086536409,-2.909269368648529,0.021481047733686864,0.09442200511693954,0.07209503650665283,0.1263207346200943,0.01,0,0.0,0.0,0.0,0.0,0.0,0.0,0.0,0.0,0.0,0.0,0.0
1402,5742592,631.1557647233458,601.9178070928127,6.804915806998906,0.07503417200496187,15,0,0,15,0.0,0.0,1.0,-0.011724964808672666,0.5727396965026855,0.1882726028561592,-2.9060837626457214,0.023748443814110943,0.0945306122303009,0.07270857691764832,0.12625735998153687,0.01,0,0.0,0.0,0.0,0.0,0.0,0.0,0.0,0.0,0.0,0.0,0.0
1403,5746688,631.1585507364308,643.8752081113715,6.361481151005137,0.0849269419995835,14,0,0,14,0.0,0.0,1.0,-0.0024441605899482967,0.6679581925272942,0.1996300995349884,-2.9030224680900574,0.03071330064558424,0.09457211196422577,0.07310269773006439,0.126447856426239,0.01,0,0.0,0.0,0.0,0.0,0.0,0.0,0.0,0.0,0.0,0.0,0.0
1404,5750784,631.1575559716712,638.1217294695307,6.418837990997417,0.08185683900228469,5,0,2,3,0.0,0.4,0.6,-0.01149300467222929,0.6889880105853081,0.1882336873561144,-2.9017282247543337,0.020998958847485483,0.09453564882278442,0.07375723123550415,0.12659236788749695,0.01,0,0.0,0.0,0.0,0.0,0.0,0.0,0.0,0.0,0.0,0.0,0.0
1405,5754880,631.1529136062492,632.6311846156489,6.47454646499682,0.07873333399766125,9,0,0,9,0.0,0.0,1.0,-0.009242353914305567,0.705777196586132,0.1856719359755516,-2.9089184403419495,0.021094679686939344,0.09410237520933151,0.07330894470214844,0.12582223117351532,0.01,0,0.0,0.0,0.0,0.0,0.0,0.0,0.0,0.0,0.0,0.0,0.0
1406,5758976,631.1277557358494,605.6047000789281,6.76348779899854,0.08668676699744537,12,0,1,11,0.0,0.08333333333333333,0.9166666666666666,-0.01103702759137377,0.5946070238947868,0.18138718381524085,-2.9155969500541685,0.023292693032999523,0.0941312313079834,0.07363805919885635,0.12566737830638885,0.01,0,0.0,0.0,0.0,0.0,0.0,0.0,0.0,0.0,0.0,0.0,0.0
1407,5763072,631.1189272056782,626.2645258934245,6.5403672579996055,0.07395738699415233,12,0,2,10,0.0,0.16666666666666666,0.8333333333333334,-0.011004634248092771,0.6126418456435203,0.1836324494332075,-2.9116348028182983,0.028097917506238447,0.09423147886991501,0.07394260913133621,0.12555469572544098,0.01,0,0.0,0.0,0.0,0.0,0.0,0.0,0.0,0.0,0.0,0.0,0.0
1408,5767168,631.0918489970508,602.4373891663745,6.799046795000322,0.07966387000487885,14,0,0,14,0.0,0.0,1.0,-0.007993655349127948,0.5379242271184921,0.18820733651518823,-2.9099838018417357,0.020750824725837447,0.09418176859617233,0.07399237900972366,0.1257089525461197,0.01,0,0.0,0.0,0.0,0.0,0.0,0.0,0.0,0.0,0.0,0.0,0.0
1409,5771264,631.0943374678428,642.7264710987107,6.372850946994731,0.07784581199666718,14,0,1,13,0.0,0.07142857142857142,0.9285714285714286,-0.010710803826805204,0.708890751004219,0.20418530255556105,-2.914792549610138,0.02845087118912488,0.0940307006239891,0.07396521419286728,0.12563784420490265,0.01,0,0.0,0.0,0.0,0.0,0.0,0.0,0.0,0.0,0.0,0.0,0.0
1410,5775360,631.099327559509,646.4927958385456,6.335724119999213,0.07901021799625596,6,0,0,6,0.0,0.0,1.0,-0.012270502327010036,0.4495814122259617,0.17099021673202514,-2.920332944393158,0.021264294310822152,0.09387098997831345,0.07371928542852402,0.12553930282592773,0.01,0,0.0,0.0,0.0,0.0,0.0,0.0,0.0,0.0,0.0,0.0,0.0
1411,5779456,631.0998228447002,640.0226300002569,6.399773707998975,0.08012513500580098,7,0,0,7,0.0,0.0,1.0,-0.009678960824385286,0.5119198262691498,0.19297870732843875,-2.9244229197502136,0.022792931681033225,0.09368933737277985,0.07361726462841034,0.12481220811605453,0.01,0,0.0,0.0,0.0,0.0,0.0,0.0,0.0,0.0,0.0,0.0,0.0
1412,5783552,631.0729564806617,602.7216675018273,6.795839972000977,0.08137386000453262,13,0,1,12,0.0,0.07692307692307693,0.9230769230769231,-0.01058582270052284,0.5625402048230171,0.19920674972236158,-2.9262818574905394,0.019706715666688978,0.09367915242910385,0.07384541630744934,0.12470798194408417,0.01,0,0.0,0.0,0.0,0.0,0.0,0.0,0.0,0.0,0.0,0.0,0.0
1413,5787648,631.0505610525925,608.4770028013393,6.731560899002943,0.08138647599844262,12,0,2,10,0.0,0.16666666666666666,0.8333333333333334,-0.013482509541790932,0.6858005926012993,0.1935291014611721,-2.926655423641205,0.01675703525834251,0.09362934529781342,0.07355980575084686,0.12488903105258942,0.01,0,0.0,0.0,0.0,0.0,0.0,0.0,0.0,0.0,0.0,0.0,0.0
1414,5791744,631.0183794103211,595.6268537485639,6.876788670997485,0.07870535300025949,14,0,0,14,0.0,0.0,1.0,-0.005151174927596003,0.5935886397957801,0.19254304245114326,-2.9305881023406983,0.016738045582314953,0.09352295845746994,0.07348339259624481,0.12476303428411484,0.01,0,0.0,0.0,0.0,0.0,0.0,0.0,0.0,0.0,0.0,0.0,0.0
1415,5795840,631.0271354988874,651.9424254909843,6.282763384995633,0.07793757000035839,12,0,0,12,0.0,0.0,1.0,-0.010166809050133452,0.5783554822206497,0.20464069321751593,-2.930914878845215,0.020142702182056382,0.09359636157751083,0.07358915358781815,0.1249031201004982,0.01,0,0.0,0.0,0.0,0.0,0.0,0.0,0.0,0.0,0.0,0.0,0.0
1416,5799936,631.0187933255411,627.2863169654979,6.52971360799711,0.07973237599799177,10,0,2,8,0.0,0.2,0.8,-0.013411294214893132,0.661413824558258,0.1903119046241045,-2.931024932861328,0.024689962429692968,0.09355335682630539,0.07360483705997467,0.12493153661489487,0.01,0,0.0,0.0,0.0,0.0,0.0,0.0,0.0,0.0,0.0,0.0,0.0
1417,5804032,631.0181565576858,638.7928096476313,6.41209471700131,0.08456737999949837,8,0,2,6,0.0,0.25,0.75,-0.010443304292857647,0.5429398439824581,0.18081754073500633,-2.934382367134094,0.017955096028163097,0.09335853159427643,0.07337072491645813,0.12476498633623123,0.01,0,0.0,0.0,0.0,0.0,0.0,0.0,0.0,0.0,0.0,0.0,0.0
1418,5808128,630.9933482255398,604.9179305542013,6.771166455997445,0.07818163400224876,16,0,5,11,0.0,0.3125,0.6875,-0.012518292001914233,0.7775135546922683,0.19247760474681855,-2.935821032524109,0.020711032880353742,0.09352787584066391,0.07372559607028961,0.12470566481351852,0.01,0,0.0,0.0,0.0,0.0,0.0,0.0,0.0,0.0,0.0,0.0,0.0
1419,5812224,630.9650304508232,600.9019107248944,6.816420328999811,0.0849162719969172,14,0,3,11,0.0,0.21428571428571427,0.7857142857142857,-0.01318365948391147,0.6136197552084923,0.19108390659093857,-2.932067322731018,0.02679599505790975,0.09339561313390732,0.07392620295286179,0.12428902834653854,0.01,0,0.0,0.0,0.0,0.0,0.0,0.0,0.0,0.0,0.0,0.0,0.0
1420,5816320,630.7397318101795,582.2038002050273,7.0353371079982026,2.7453481769989594,12,0,5,7,0.0,0.4166666666666667,0.5833333333333334,0.0,0.0,0.0,0.0,0.0,0.09339561313390732,0.07392620295286179,0.12428902834653854,0.01,1,0.5059012174606323,0.004963763058185577,4.620236873626709,0.04173332080245018,0.21902211010456085,0.14672821760177612,0.03137977793812752,0.16060411930084229,0.29953181743621826,0.07421875,28.867494583129883
1421,5820416,630.7333633878236,629.3239692225126,6.50857141999586,0.07574146799743176,13,0,5,8,0.0,0.38461538461538464,0.6153846153846154,-0.010653972695581614,0.888605885207653,0.19876503050327302,-2.933253824710846,0.025196328628226183,0.09349298477172852,0.07435502111911774,0.12429727613925934,0.01,0,0.0,0.0,0.0,0.0,0.0,0.0,0.0,0.0,0.0,0.0,0.0
1422,5824512,630.7250205471626,626.9400465354081,6.5333200879977085,0.07963993600424146,9,0,3,6,0.0,0.3333333333333333,0.6666666666666666,-0.010550470161251723,0.7562345951795578,0.19949279986321927,-2.9198370695114138,0.026962540924432687,0.09427140653133392,0.0746040791273117,0.1259271502494812,0.01,0,0.0,0.0,0.0,0.0,0.0,0.0,0.0,0.0,0.0,0.0,0.0
1423,5828608,630.7214104093056,633.5693764568415,6.464958933000162,0.07885960600106046,7,0,4,3,0.0,0.5714285714285714,0.42857142857142855,-0.007623505219817162,0.9235948383808136,0.2065699767321348,-2.9039191007614136,0.025691688212100418,0.09443432092666626,0.07470380514860153,0.12556138634681702,0.01,0,0.0,0.0,0.0,0.0,0.0,0.0,0.0,0.0,0.0,0.0,0.0
1424,5832704,630.6785614760133,581.8587539863333,7.0395091109967325,0.07974745699902996,17,0,3,14,0.0,0.17647058823529413,0.8235294117647058,-0.010328533768188208,0.7487167820334435,0.20474083088338374,-2.8980464696884156,0.02395725187670905,0.09454929828643799,0.07515504956245422,0.12534573674201965,0.01,0,0.0,0.0,0.0,0.0,0.0,0.0,0.0,0.0,0.0,0.0,0.0
1425,5836800,630.6630495645065,616.9415660485212,6.639202519996616,0.07931081900460413,10,0,1,9,0.0,0.1,0.9,-0.01309322107117623,0.6168553084135056,0.18838862106204032,-2.89371794462204,0.014801096013979987,0.09462760388851166,0.07512317597866058,0.1254534274339676,0.01,0,0.0,0.0,0.0,0.0,0.0,0.0,0.0,0.0,0.0,0.0,0.0
1426,5840896,630.6458141512772,614.46093980857,6.666005493003468,0.07867281500512036,15,0,1,14,0.0,0.06666666666666667,0.9333333333333333,-0.010759615123970435,0.8250276014208794,0.18729327470064164,-2.886821150779724,0.02048891594458837,0.09502218663692474,0.07527624070644379,0.1258501261472702,0.01,0,0.0,0.0,0.0,0.0,0.0,0.0,0.0,0.0,0.0,0.0,0.0
1427,5844992,630.6523792104757,648.822387351768,6.312975753993669,0.08139445700362558,8,0,0,8,0.0,0.0,1.0,-0.007855094014666974,0.6112638100981712,0.19673025347292422,-2.875438928604126,0.02450199701124802,0.09537768363952637,0.07532144337892532,0.1267564296722412,0.01,0,0.0,0.0,0.0,0.0,0.0,0.0,0.0,0.0,0.0,0.0,0.0
1428,5849088,630.651855561682,637.840035645488,6.421672787997522,0.07766091500525363,8,0,1,7,0.0,0.125,0.875,-0.00840874999994412,0.5389333657920361,0.19484206289052963,-2.8664139986038206,0.0244038629665738,0.09554218500852585,0.07586632668972015,0.12648019194602966,0.01,0,0.0,0.0,0.0,0.0,0.0,0.0,0.0,0.0,0.0,0.0,0.0
1429,5853184,630.6454818649008,629.4434344084937,6.507336126000155,0.07778180800232803,9,0,2,7,0.0,0.2222222222222222,0.7777777777777778,-0.012846279330551625,0.5874098010361195,0.1705015242099762,-2.8625643253326416,0.0211877051187912,0.09553343057632446,0.07584412395954132,0.12629254162311554,0.01,0,0.0,0.0,0.0,0.0,0.0,0.0,0.0,0.0,0.0,0.0,0.0
1430,5857280,630.6149189763784,598.4984213197602,6.843794159001845,0.09645077800087165,17,0,2,15,0.0,0.11764705882352941,0.8823529411764706,-0.009229754714760929,0.6952367320656776,0.18473152108490468,-2.860692000389099,0.019673530306317844,0.09566783905029297,0.07538223266601562,0.12678737938404083,0.01,0,0.0,0.0,0.0,0.0,0.0,0.0,0.0,0.0,0.0,0.0,0.0
1431,5861376,630.6086300087508,629.614258887926,6.5055705810009385,0.07944863800366875,11,0,0,11,0.0,0.0,1.0,-0.00928865720052272,0.6918689504265785,0.19939787611365317,-2.862661159038544,0.020577527064597236,0.09552957862615585,0.07520455867052078,0.12662120163440704,0.01,0,0.0,0.0,0.0,0.0,0.0,0.0,0.0,0.0,0.0,0.0,0.0
1432,5865472,630.5982639689175,623.9122423830804,6.565025850999518,0.079865952997352,13,0,1,12,0.0,0.07692307692307693,0.9230769230769231,-0.0047707762336358425,0.6485086038708687,0.19342762976884842,-2.866867446899414,0.02663297698600218,0.09553112834692001,0.07472901046276093,0.12690411508083344,0.01,0,0.0,0.0,0.0,0.0,0.0,0.0,0.0,0.0,0.0,0.0,0.0
1433,5869568,630.5937456982149,632.0112832691864,6.480896952998592,0.07832273100211751,9,0,1,8,0.0,0.1111111111111111,0.8888888888888888,-0.012970700929872691,0.7330024853348732,0.1980332236737013,-2.870331275463104,0.01981846853159368,0.0952502116560936,0.07445201277732849,0.12639044225215912,0.01,0,0.0,0.0,0.0,0.0,0.0,0.0,0.0,0.0,0.0,0.0,0.0
1434,5873664,630.5807039178133,620.1346956602389,6.605016665998846,0.07965727799455635,10,0,0,10,0.0,0.0,1.0,-0.0035475079552270473,0.39736347272992134,0.1710181761533022,-2.8772311568260194,0.030018519054283387,0.09510540962219238,0.07448762655258179,0.12597347795963287,0.01,0,0.0,0.0,0.0,0.0,0.0,0.0,0.0,0.0,0.0,0.0,0.0
1435,5877760,630.5826036734671,641.5430042491627,6.384607069005142,0.07965105400216999,7,0,1,6,0.0,0.14285714285714285,0.8571428571428571,-0.00921232437249273,0.6215295523405076,0.19210742600262165,-2.881536138057709,0.02077349278551992,0.09489510953426361,0.07410212606191635,0.1255490630865097,0.01,0,0.0,0.0,0.0,0.0,0.0,0.0,0.0,0.0,0.0,0.0,0.0
1436,5881856,630.546611179534,589.5192486189144,6.948034367997025,0.07686469200416468,19,0,4,15,0.0,0.21052631578947367,0.7894736842105263,-0.007556365721393376,0.7299727961421013,0.19507269710302352,-2.8893537521362305,0.022016209227149374,0.09479870647192001,0.07349027693271637,0.12584026157855988,0.01,0,0.0,0.0,0.0,0.0,0.0,0.0,0.0,0.0,0.0,0.0,0.0
1437,5885952,630.5396187475172,627.9626893724494,6.522680517999106,0.0733127979983692,9,0,0,9,0.0,0.0,1.0,-0.00743508713785559,0.6237338289618493,0.1985495887696743,-2.88985835313797,0.015326730228844098,0.09483194351196289,0.07341515272855759,0.12605677545070648,0.01,0,0.0,0.0,0.0,0.0,0.0,0.0,0.0,0.0,0.0,0.0,0.0
1438,5890048,630.5361713609162,633.5701214577707,6.464951330999611,0.07913380500394851,12,0,1,11,0.0,0.08333333333333333,0.9166666666666666,-0.01070041861385107,0.6346998527646065,0.1846811704337597,-2.892042171955109,0.024627864678041077,0.09476383775472641,0.07296966016292572,0.12612424790859222,0.01,0,0.0,0.0,0.0,0.0,0.0,0.0,0.0,0.0,0.0,0.0,0.0
1439,5894144,630.5384762770483,642.1452198541747,6.378619466995588,0.08029631100362167,8,0,0,8,0.0,0.0,1.0,-0.010629225033335387,0.48191143572330475,0.177220843359828,-2.8971661806106566,0.020671525996294803,0.09444135427474976,0.07306645065546036,0.12526853382587433,0.01,0,0.0,0.0,0.0,0.0,0.0,0.0,0.0,0.0,0.0,0.0,0.0
1440,5898240,630.3027354231125,571.5284071077828,7.166747880000912,2.824733768000442,11,0,0,11,0.0,0.0,1.0,0.0,0.0,0.0,0.0,0.0,0.09444135427474976,0.07306645065546036,0.12526853382587433,0.01,1,0.6104307770729065,0.004535459913313389,4.590355396270752,0.03370128571987152,0.2680918276309967,0.1735120415687561,0.047837741672992706,0.1638878583908081,0.4997483491897583,0.1015625,27.507904052734375
1441,5902336,630.3005533145109,635.1380660377631,6.448991516997921,0.07899463899957482,8,0,2,6,0.0,0.25,0.75,-0.006948070088401437,0.6879389271140098,0.20635432451963426,-2.9002567529678345,0.02511903090053238,0.09462424367666245,0.0733337327837944,0.12580491602420807,0.01,0,0.0,0.0,0.0,0.0,0.0,0.0,0.0,0.0,0.0,0.0,0.0
1442,5906432,630.2640191258847,588.528635901409,6.959729315000004,0.07869503700203495,18,0,5,13,0.0,0.2777777777777778,0.7222222222222222,-0.014745188399683685,0.9069568663835526,0.20646212622523308,-2.8941675782203675,0.018082605628296732,0.094671830534935,0.07411344349384308,0.125581294298172,0.01,0,0.0,0.0,0.0,0.0,0.0,0.0,0.0,0.0,0.0,0.0,0.0
1443,5910528,630.2567066285262,627.7118556319904,6.525286981996032,0.07889538999734214,9,0,0,9,0.0,0.0,1.0,-0.009155935316812247,0.4376893550157547,0.18306640088558196,-2.894793379306793,0.020207738794852048,0.09453849494457245,0.07415984570980072,0.12541452050209045,0.01,0,0.0,0.0,0.0,0.0,0.0,0.0,0.0,0.0,0.0,0.0,0.0
1444,5914624,630.2452581296346,621.7773451740877,6.58756712799368,0.0789627619960811,13,0,2,11,0.0,0.15384615384615385,0.8461538461538461,-0.0032177158806007355,0.6965056896209717,0.19280639439821243,-2.896530342102051,0.01941710242535919,0.09466832876205444,0.07407963275909424,0.12594570219516754,0.01,0,0.0,0.0,0.0,0.0,0.0,0.0,0.0,0.0,0.0,0.0,0.0
1445,5918720,630.2545244809837,652.4232020326748,6.278133559993876,0.0792651450028643,7,0,0,7,0.0,0.0,1.0,-0.00834666945738718,0.746179747581482,0.20059489496052266,-2.898153078556061,0.018957131981733256,0.09437806904315948,0.07413871586322784,0.12563301622867584,0.01,0,0.0,0.0,0.0,0.0,0.0,0.0,0.0,0.0,0.0,0.0,0.0
1446,5922816,630.2433618308494,622.3081348319297,6.5819483479936025,0.08034191600017948,11,0,2,9,0.0,0.18181818181818182,0.8181818181818182,-0.00806649326113984,0.7033388987183571,0.2032831035554409,-2.9101672530174256,0.020795671941596084,0.09400856494903564,0.07355345785617828,0.12537343800067902,0.01,0,0.0,0.0,0.0,0.0,0.0,0.0,0.0,0.0,0.0,0.0,0.0
1447,5926912,630.2248720190361,611.9159895477849,6.693729318998521,0.07832512100139866,13,0,1,12,0.0,0.07692307692307693,0.9230769230769231,-0.013414234929950909,0.6593778565526008,0.184761269018054,-2.9228263020515444,0.019447862572269513,0.09370996803045273,0.07321719080209732,0.12528955936431885,0.01,0,0.0,0.0,0.0,0.0,0.0,0.0,0.0,0.0,0.0,0.0,0.0
1448,5931008,630.1971069903309,599.821822400422,6.828694534000533,0.08221934800531017,14,0,1,13,0.0,0.07142857142857142,0.9285714285714286,-0.009324803069466725,0.7565860942006111,0.20937712714076043,-2.930217742919922,0.026455991651164367,0.0936129093170166,0.07285287976264954,0.12521861493587494,0.01,0,0.0,0.0,0.0,0.0,0.0,0.0,0.0,0.0,0.0,0.0,0.0
1449,5935104,630.1806561275833,614.181332651931,6.669040203996701,0.07320657799573382,10,0,4,7,0.0,0.4,0.7,-0.008366554812528192,0.9531262829899788,0.20349810943007468,-2.9318307518959044,0.021177355942199938,0.09364381432533264,0.0725732296705246,0.12549255788326263,0.01,0,0.0,0.0,0.0,0.0,0.0,0.0,0.0,0.0,0.0,0.0,0.0
1450,5939200,630.1630685612699,613.1190192927675,6.68059523699776,0.0792019660002552,13,0,2,11,0.0,0.15384615384615385,0.8461538461538461,-0.008533278771210462,0.7941222086548805,0.20069489628076553,-2.9361022830009462,0.01940563650277909,0.09334807097911835,0.07253435999155045,0.12490223348140717,0.01,0,0.0,0.0,0.0,0.0,0.0,0.0,0.0,0.0,0.0,0.0,0.0
1451,5943296,630.1580242519453,631.3163698911143,6.4880307170024025,0.08220896699640434,9,0,3,6,0.0,0.3333333333333333,0.6666666666666666,-0.007808481843676418,0.7101999714970588,0.1786481037735939,-2.9438707709312437,0.020750511233927682,0.09317802637815475,0.07250450551509857,0.12450447678565979,0.01,0,0.0,0.0,0.0,0.0,0.0,0.0,0.0,0.0,0.0,0.0,0.0
1452,5947392,630.1533327369856,631.4277445369951,6.486886323000363,0.08007005200488493,12,0,4,8,0.0,0.3333333333333333,0.6666666666666666,-0.00887401307700202,0.8543391138315201,0.18287567235529423,-2.943196749687195,0.023023405787535013,0.09337547421455383,0.07262960821390152,0.12502910196781158,0.01,0,0.0,0.0,0.0,0.0,0.0,0.0,0.0,0.0,0.0,0.0,0.0
1453,5951488,630.1380326377218,616.1521321933903,6.647708879005222,0.07801743199524935,12,0,0,12,0.0,0.0,1.0,-0.008821907581295817,0.5865188196301461,0.1912252761423588,-2.9405229926109313,0.02246575469034724,0.09329789876937866,0.072505421936512,0.12472894042730331,0.01,0,0.0,0.0,0.0,0.0,0.0,0.0,0.0,0.0,0.0,0.0,0.0
1454,5955584,630.1272891523504,623.2191205522687,6.5723272359973635,0.08599224700446939,9,0,1,8,0.0,0.1111111111111111,0.8888888888888888,-0.009700681443791836,0.6915764078497887,0.19455853514373303,-2.93977028131485,0.026164117030566557,0.09343327581882477,0.0726948156952858,0.12483851611614227,0.01,0,0.0,0.0,0.0,0.0,0.0,0.0,0.0,0.0,0.0,0.0,0.0
1455,5959680,630.1084625438946,611.2879667654299,6.7006062979999115,0.0786688320004032,12,0,1,11,0.0,0.08333333333333333,0.9166666666666666,-0.010785149119328707,0.6472988918423652,0.19083619974553584,-2.9382041335105895,0.02030170083453413,0.09329853951931,0.07264024019241333,0.12453529238700867,0.01,0,0.0,0.0,0.0,0.0,0.0,0.0,0.0,0.0,0.0,0.0,0.0
1456,5963776,630.1056970247522,634.1580357985496,6.458957813003508,0.0798586700038868,11,0,0,11,0.0,0.0,1.0,-0.008764168585184962,0.6790045082569123,0.2246834009885788,-2.9393169403076174,0.021336637192871422,0.09333696216344833,0.07278409600257874,0.12424147874116898,0.01,0,0.0,0.0,0.0,0.0,0.0,0.0,0.0,0.0,0.0,0.0,0.0
1457,5967872,630.0826087920819,605.4168110691962,6.765586824003549,0.07844429300166667,12,0,2,10,0.0,0.16666666666666666,0.8333333333333334,-0.003540153440553695,0.6975088715553284,0.21458817571401595,-2.9391526699066164,0.025574222655268385,0.09320211410522461,0.07302609831094742,0.12383954972028732,0.01,0,0.0,0.0,0.0,0.0,0.0,0.0,0.0,0.0,0.0,0.0,0.0
1458,5971968,630.0762687875334,628.9109026384916,6.512846228004491,0.08004827499826206,11,0,0,11,0.0,0.0,1.0,-0.0037968965014442803,0.643584331870079,0.21103675216436385,-2.9439255237579345,0.030914291756926105,0.09292308986186981,0.07286255806684494,0.12312212586402893,0.01,0,0.0,0.0,0.0,0.0,0.0,0.0,0.0,0.0,0.0,0.0,0.0
1459,5976064,630.0607781947638,615.9067968236479,6.650356874000863,0.08062148399767466,11,0,0,11,0.0,0.0,1.0,-0.015243203868158162,0.5298390612006187,0.19530474953353405,-2.9492337226867678,0.022294658375903963,0.09288524091243744,0.07342304289340973,0.123090960085392,0.01,0,0.0,0.0,0.0,0.0,0.0,0.0,0.0,0.0,0.0,0.0,0.0
1460,5980160,629.84569193631,586.4633324523957,6.9842388660035795,2.754410134999489,10,0,0,10,0.0,0.0,1.0,0.0,0.0,0.0,0.0,0.0,0.09288524091243744,0.07342304289340973,0.123090960085392,0.01,1,0.4901532232761383,0.004905729088932276,4.58651876449585,0.046688634902238846,0.20136535167694092,0.12149906158447266,0.04974457621574402,0.15000131726264954,0.35949578881263733,0.109375,29.071313858032227
1461,5984256,629.8325468909527,618.7728968663937,6.619553022996115,0.07883644899993669,14,0,1,13,0.0,0.07142857142857142,0.9285714285714286,-0.012378927401732654,0.6263272553682327,0.19107058309018612,-2.9487159848213196,0.022672300119302234,0.09290142357349396,0.07353151589632034,0.12317832559347153,0.01,0,0.0,0.0,0.0,0.0,0.0,0.0,0.0,0.0,0.0,0.0,0.0
1462,5988352,629.82010601813,620.3022854190007,6.603232159999607,0.08502732899796683,10,0,1,9,0.0,0.1,0.9,-0.010338280047290028,0.6118090882897377,0.20041306614875792,-2.9504971742630004,0.0203261052549351,0.09279076755046844,0.07345449179410934,0.12321233749389648,0.01,0,0.0,0.0,0.0,0.0,0.0,0.0,0.0,0.0,0.0,0.0,0.0
1463,5992448,629.8119889789442,625.8677083352416,6.54451403299754,0.0785400259992457,9,0,0,9,0.0,0.0,1.0,-0.011357341147959232,0.5998997062444686,0.19020144008100032,-2.9557474136352537,0.019984406931325794,0.09260394424200058,0.07315126806497574,0.12319033592939377,0.01,0,0.0,0.0,0.0,0.0,0.0,0.0,0.0,0.0,0.0,0.0,0.0
1464,5996544,629.8076379706458,631.3561387172846,6.487622038999689,0.07863384899974335,11,0,0,11,0.0,0.0,1.0,-0.015123437053989618,0.5412776879966259,0.1877510119229555,-2.9663840651512148,0.022497532531269827,0.09227576851844788,0.0725310742855072,0.12317835539579391,0.01,0,0.0,0.0,0.0,0.0,0.0,0.0,0.0,0.0,0.0,0.0,0.0
1465,6000640,629.794767272379,619.1180933806083,6.615862213999208,0.07911251699988497,13,0,1,12,0.0,0.07692307692307693,0.9230769230769231,-0.005107685690745711,0.6449979320168495,0.19965258613228798,-2.97910532951355,0.03143020758579951,0.09198856353759766,0.07202044874429703,0.12274520099163055,0.01,0,0.0,0.0,0.0,0.0,0.0,0.0,0.0,0.0,0.0,0.0,0.0
1466,6004736,629.8043935489757,652.5028363445788,6.277367349000997,0.0776004319995991,8,0,0,8,0.0,0.0,1.0,-0.012149247352499514,0.48665601313114165,0.1914316315203905,-2.9830190539360046,0.01697402688441798,0.09199919551610947,0.07193994522094727,0.12275776267051697,0.01,0,0.0,0.0,0.0,0.0,0.0,0.0,0.0,0.0,0.0,0.0,0.0
1467,6008832,629.7870325081329,612.724030481335,6.684901841996179,0.0786149560008198,14,0,0,14,0.0,0.0,1.0,-0.012759629666106775,0.5344588033854961,0.18430864475667477,-2.980834996700287,0.020757100530317985,0.09202216565608978,0.0720311775803566,0.1225186437368393,0.01,0,0.0,0.0,0.0,0.0,0.0,0.0,0.0,0.0,0.0,0.0,0.0
1468,6012928,629.7677405916171,610.3052573624724,6.71139556900016,0.08183581699995557,11,0,0,11,0.0,0.0,1.0,-0.014483536302577704,0.5926078855991364,0.19368845820426941,-2.97814918756485,0.023425181276979855,0.09209185838699341,0.0722808837890625,0.12211307883262634,0.01,0,0.0,0.0,0.0,0.0,0.0,0.0,0.0,0.0,0.0,0.0,0.0
1469,6017024,629.7636733858618,631.7376581418679,6.483704030004446,0.07853923699440202,9,0,1,8,0.0,0.1111111111111111,0.8888888888888888,-0.011305628041736782,0.7192107453942299,0.18732091635465623,-2.9729915618896485,0.02023537501809187,0.09224621951580048,0.0723799541592598,0.12237028032541275,0.01,0,0.0,0.0,0.0,0.0,0.0,0.0,0.0,0.0,0.0,0.0,0.0
1470,6021120,629.7625833353956,636.1558380976691,6.43867391400272,0.07873008900060086,10,0,0,10,0.0,0.0,1.0,-0.012871829315554351,0.6185506880283356,0.18829574584960937,-2.9704162240028382,0.022726581504684873,0.09220735728740692,0.0727795660495758,0.12175675481557846,0.01,0,0.0,0.0,0.0,0.0,0.0,0.0,0.0,0.0,0.0,0.0,0.0
1471,6025216,629.7367697935603,601.15002485942,6.813606971001718,0.07938168300461257,14,0,0,14,0.0,0.0,1.0,-0.013293838140089064,0.6868448585271836,0.19955042749643326,-2.9719358921051025,0.022826997190713884,0.09191432595252991,0.07274152338504791,0.12118212133646011,0.01,0,0.0,0.0,0.0,0.0,0.0,0.0,0.0,0.0,0.0,0.0,0.0
1472,6029312,629.7402226521128,643.0613213536816,6.369532521996007,0.07913411899789935,9,0,1,8,0.0,0.1111111111111111,0.8888888888888888,-0.012818486185278744,0.6085916459560394,0.1840091809630394,-2.9780733704566957,0.021028648188803345,0.09197722375392914,0.07248295098543167,0.12143877893686295,0.01,0,0.0,0.0,0.0,0.0,0.0,0.0,0.0,0.0,0.0,0.0,0.0
1473,6033408,629.7273722529861,618.2059034430043,6.625624209002126,0.07086599199828925,14,0,0,14,0.0,0.0,1.0,-0.013195306598208844,0.5402862921357154,0.20078324638307093,-2.979410231113434,0.022813184509868734,0.09172578901052475,0.0722973570227623,0.12093234807252884,0.01,0,0.0,0.0,0.0,0.0,0.0,0.0,0.0,0.0,0.0,0.0,0.0
1474,6037504,629.722365684173,630.2770103296493,6.498729817001731,0.07871157799672801,9,0,1,8,0.0,0.1111111111111111,0.8888888888888888,-0.01657852013595402,0.5699189461767673,0.18884025923907757,-2.984977960586548,0.02299321078171488,0.09176173806190491,0.07211267948150635,0.12131787091493607,0.01,0,0.0,0.0,0.0,0.0,0.0,0.0,0.0,0.0,0.0,0.0,0.0
1475,6041600,629.7204647388187,634.2397402368299,6.458125753000786,0.07209387000330025,12,0,0,12,0.0,0.0,1.0,-0.014030333538539708,0.5776763342320919,0.20166089609265328,-2.9846046209335326,0.01562655380112119,0.0916828140616417,0.07237845659255981,0.1209593266248703,0.01,0,0.0,0.0,0.0,0.0,0.0,0.0,0.0,0.0,0.0,0.0,0.0
1476,6045696,629.7218221354466,639.9134805978915,6.400865310999507,0.07988313500391087,8,0,0,8,0.0,0.0,1.0,-0.011760731809772551,0.5612018048763275,0.20558739453554153,-2.988992190361023,0.020933357891044578,0.0914047509431839,0.07270562648773193,0.12026998400688171,0.01,0,0.0,0.0,0.0,0.0,0.0,0.0,0.0,0.0,0.0,0.0,0.0
1477,6049792,629.6943728810136,598.7790941639846,6.840586185993743,0.07937798100465443,13,0,0,13,0.0,0.0,1.0,-0.010543990950100123,0.542444470524788,0.19059240818023682,-2.994886946678162,0.024173561044153757,0.09127863496541977,0.07292946428060532,0.11985960602760315,0.01,0,0.0,0.0,0.0,0.0,0.0,0.0,0.0,0.0,0.0,0.0,0.0
1478,6053888,629.6907996467918,632.3986812878472,6.476926851995813,0.0790995780043886,11,0,0,11,0.0,0.0,1.0,-0.012668255507014692,0.49762500897049905,0.1918011460453272,-2.9975921392440794,0.021537801349768414,0.09122928231954575,0.07280505448579788,0.12017862498760223,0.01,0,0.0,0.0,0.0,0.0,0.0,0.0,0.0,0.0,0.0,0.0,0.0
1479,6057984,629.6789441085995,620.2948854479121,6.603310934995534,0.07934300000488292,12,0,0,12,0.0,0.0,1.0,-0.010474817373324185,0.5406707376241684,0.20029344372451305,-2.99704452753067,0.027782024478074163,0.09135537594556808,0.073047935962677,0.12028204649686813,0.01,0,0.0,0.0,0.0,0.0,0.0,0.0,0.0,0.0,0.0,0.0,0.0
1480,6062080,629.469976087693,591.496855791632,6.924804350004706,2.772651433995634,9,0,0,9,0.0,0.0,1.0,0.0,0.0,0.0,0.0,0.0,0.09135537594556808,0.073047935962677,0.12028204649686813,0.01,1,0.5668947100639343,0.004839977715164423,4.601874828338623,0.030894992873072624,0.238941490650177,0.13103747367858887,0.07844199240207672,0.15317928791046143,0.5210294127464294,0.0625,28.449951171875
1481,6066176,629.4522425782288,611.6779418968432,6.6963343279931,0.07886476199928438,14,0,1,13,0.0,0.07142857142857142,0.9285714285714286,-0.007082978344988078,0.7441573768854142,0.20596215836703777,-2.996619093418121,0.021018207832821646,0.09118470549583435,0.07271828502416611,0.12030503153800964,0.01,0,0.0,0.0,0.0,0.0,0.0,0.0,0.0,0.0,0.0,0.0,0.0
1482,6070272,629.4621062195116,652.660759881362,6.275848421995761,0.07667247599601978,5,0,0,5,0.0,0.0,1.0,-0.006692474032752216,0.526859349757433,0.18210660554468633,-3.0054218888282778,0.023293849456240422,0.0910264402627945,0.0723351538181305,0.12042415142059326,0.01,0,0.0,0.0,0.0,0.0,0.0,0.0,0.0,0.0,0.0,0.0,0.0
1483,6074368,629.4367328695954,601.2166259274495,6.8128521789985825,0.08017091899819206,15,0,1,14,0.0,0.06666666666666667,0.9333333333333333,-0.010697444679681211,0.7605784431099891,0.20841851457953453,-3.004654324054718,0.022685041642398575,0.09127002954483032,0.07245215773582458,0.12091155350208282,0.01,0,0.0,0.0,0.0,0.0,0.0,0.0,0.0,0.0,0.0,0.0,0.0
1484,6078464,629.425509576808,620.8091079826381,6.597841344999324,0.07826666699838825,12,0,1,11,0.0,0.08333333333333333,0.9166666666666666,-0.008114119688980282,0.7385725378990173,0.20793522112071514,-2.9988569736480715,0.018301494978368284,0.0913812518119812,0.07266893982887268,0.12109163403511047,0.01,0,0.0,0.0,0.0,0.0,0.0,0.0,0.0,0.0,0.0,0.0,0.0
1485,6082560,629.4171641870117,626.9077394834841,6.533656775995041,0.09904168699722504,13,0,2,11,0.0,0.15384615384615385,0.8461538461538461,-0.014252058649435639,0.7855127558112145,0.1984964434057474,-2.9974947214126586,0.017534355967654847,0.0912298858165741,0.07250972092151642,0.12045084685087204,0.01,0,0.0,0.0,0.0,0.0,0.0,0.0,0.0,0.0,0.0,0.0,0.0
1486,6086656,629.4150745556503,633.3905057436929,6.4667846500015,0.06973449700308265,7,0,1,6,0.0,0.14285714285714285,0.8571428571428571,-0.00876494471449405,0.6687343329191208,0.19694658555090427,-3.0026063203811644,0.029567780235083774,0.09108539670705795,0.07248768210411072,0.11996471881866455,0.01,0,0.0,0.0,0.0,0.0,0.0,0.0,0.0,0.0,0.0,0.0,0.0
1487,6090752,629.4021514325477,618.3110841610323,6.6244971260020975,0.07874284499848727,14,0,2,12,0.0,0.14285714285714285,0.8571428571428571,-0.010523347451817244,0.750392247736454,0.20941673070192338,-2.9992690324783324,0.017486394522711633,0.09135027974843979,0.07319501787424088,0.12018624693155289,0.01,0,0.0,0.0,0.0,0.0,0.0,0.0,0.0,0.0,0.0,0.0,0.0
1488,6094848,629.3946205609601,626.0593834965409,6.542510356004641,0.07803075300034834,9,0,0,9,0.0,0.0,1.0,-0.008172660472337157,0.585737556219101,0.2158866014331579,-2.9934770584106447,0.021213813702343032,0.09126382321119308,0.07359355688095093,0.1198417991399765,0.01,0,0.0,0.0,0.0,0.0,0.0,0.0,0.0,0.0,0.0,0.0,0.0
1489,6098944,629.3792816102624,614.870852265446,6.661561505003192,0.07944998899620259,12,0,3,9,0.0,0.25,0.75,-0.013532475742977113,0.7592637240886688,0.21362297646701336,-2.99861398935318,0.018352897552540527,0.0911010131239891,0.0733601525425911,0.11985768377780914,0.01,0,0.0,0.0,0.0,0.0,0.0,0.0,0.0,0.0,0.0,0.0,0.0
1490,6103040,629.3857242261505,647.1881603352384,6.328916768005001,0.07632211199961603,12,0,2,10,0.0,0.16666666666666666,0.8333333333333334,-0.010662536678137258,0.6856655836105346,0.19379001148045064,-2.99763308763504,0.025349979154998436,0.09138258546590805,0.07359420508146286,0.12016989290714264,0.01,0,0.0,0.0,0.0,0.0,0.0,0.0,0.0,0.0,0.0,0.0,0.0
1491,6107136,629.369745904227,613.9083741016274,6.672005420994537,0.07870618499873672,13,0,1,12,0.0,0.07692307692307693,0.9230769230769231,-0.008933444169815629,0.5207767896354198,0.19061978496611118,-2.9887396454811097,0.021948279347270727,0.09160745143890381,0.07355178892612457,0.12112917006015778,0.01,0,0.0,0.0,0.0,0.0,0.0,0.0,0.0,0.0,0.0,0.0,0.0
1492,6111232,629.3487824322206,606.994804331715,6.747998451995954,0.08004482999967877,13,0,5,8,0.0,0.38461538461538464,0.6153846153846154,-0.009186951140873135,0.9593151077628136,0.20573663376271725,-2.98294141292572,0.02239376346115023,0.09197220206260681,0.07388313859701157,0.12168585509061813,0.01,0,0.0,0.0,0.0,0.0,0.0,0.0,0.0,0.0,0.0,0.0,0.0
1493,6115328,629.3481160243143,636.2668663103035,6.437550369002565,0.07776617399940733,8,0,1,7,0.0,0.125,0.875,-0.009592601540498435,0.8048640981316566,0.21116465590894223,-2.9782426357269287,0.026135657625854947,0.09178968518972397,0.0741119235754013,0.12130655348300934,0.01,0,0.0,0.0,0.0,0.0,0.0,0.0,0.0,0.0,0.0,0.0,0.0
1494,6119424,629.3405628487601,626.0165479584913,6.542958030993759,0.0787951019956381,10,0,0,10,0.0,0.0,1.0,-0.010183452162891626,0.6302834257483483,0.20324409790337086,-2.9841707706451417,0.016431808372726665,0.09153532981872559,0.07409346848726273,0.12066325545310974,0.01,0,0.0,0.0,0.0,0.0,0.0,0.0,0.0,0.0,0.0,0.0,0.0
1495,6123520,629.3298732965943,621.487175838996,6.59064283099724,0.07966492699779337,12,0,1,11,0.0,0.08333333333333333,0.9166666666666666,-0.005145631043706089,0.7231494471430778,0.2085001952946186,-2.9909039735794067,0.029161975288297982,0.09137968719005585,0.0738048106431961,0.1207866221666336,0.01,0,0.0,0.0,0.0,0.0,0.0,0.0,0.0,0.0,0.0,0.0,0.0
1496,6127616,629.3235216590131,627.7997685561841,6.524373223997827,0.0793419260007795,14,0,1,13,0.0,0.07142857142857142,0.9285714285714286,-0.01332133668474853,0.685313992202282,0.19650470539927484,-2.996244204044342,0.023584579137968832,0.09133869409561157,0.07375816255807877,0.1209380254149437,0.01,0,0.0,0.0,0.0,0.0,0.0,0.0,0.0,0.0,0.0,0.0,0.0
1497,6131712,629.3056799474606,611.0705040804843,6.7029908539989265,0.07869956400099909,12,0,2,10,0.0,0.16666666666666666,0.8333333333333334,-0.005555214628111571,0.7657982662320137,0.20638111047446728,-2.997718000411987,0.019286877324339,0.09120148420333862,0.07374029606580734,0.12047362327575684,0.01,0,0.0,0.0,0.0,0.0,0.0,0.0,0.0,0.0,0.0,0.0,0.0
1498,6135808,629.3001565970094,629.0559532507124,6.511344465994625,0.07980818599753547,9,0,0,9,0.0,0.0,1.0,-0.0073896958492696285,0.7650504529476165,0.2203705508261919,-3.0015455007553102,0.017952120801783166,0.09114211797714233,0.07327120006084442,0.12065620720386505,0.01,0,0.0,0.0,0.0,0.0,0.0,0.0,0.0,0.0,0.0,0.0,0.0
1499,6139904,629.2934685523561,627.286163259465,6.529715207994741,0.07948969100107206,9,0,0,9,0.0,0.0,1.0,-0.012982546648709103,0.6599677711725235,0.20653153620660306,-3.0069455981254576,0.021699049187009222,0.09092675149440765,0.07294254004955292,0.12002795189619064,0.01,0,0.0,0.0,0.0,0.0,0.0,0.0,0.0,0.0,0.0,0.0,0.0
1500,6144000,629.0737886670695,577.3353113903174,7.0946639140020125,2.8200300429962226,10,0,0,10,0.0,0.0,1.0,0.0,0.0,0.0,0.0,0.0,0.09092675149440765,0.07294254004955292,0.12002795189619064,0.01,1,0.603024959564209,0.004909839015454054,4.548842430114746,0.03844656050205231,0.2036738395690918,0.2350636124610901,0.05283905193209648,0.13844186067581177,0.40403643250465393,0.0859375,28.15525245666504
1501,6148096,629.0625816011953,620.3762247502143,6.602445156000613,0.07767686100123683,13,0,1,12,0.0,0.07692307692307693,0.9230769230769231,-0.008953629853203892,0.6274286165833474,0.21943781077861785,-3.0095667243003845,0.026291326447972097,0.09084165096282959,0.07315359264612198,0.11929309368133545,0.01,0,0.0,0.0,0.0,0.0,0.0,0.0,0.0,0.0,0.0,0.0,0.0
1502,6152192,629.0438876893403,609.5854704543593,6.719320257005165,0.0796087409980828,16,0,4,12,0.0,0.25,0.75,-0.013163844915106892,0.8437445476651192,0.19401052333414553,-3.012073791027069,0.023355735544464552,0.09071210026741028,0.072853222489357,0.11921905726194382,0.01,0,0.0,0.0,0.0,0.0,0.0,0.0,0.0,0.0,0.0,0.0,0.0
1503,6156288,629.0342625769171,622.5692104557011,6.579188194999006,0.07865126599790528,11,0,2,9,0.0,0.18181818181818182,0.8181818181818182,-0.011248139140661806,0.7061676844954491,0.20302858687937259,-3.0147588729858397,0.015290457571973093,0.09075810015201569,0.0722317025065422,0.11962832510471344,0.01,0,0.0,0.0,0.0,0.0,0.0,0.0,0.0,0.0,0.0,0.0,0.0
1504,6160384,629.0271290017224,626.2089351627003,6.540947868998046,0.07826503400428919,9,0,0,9,0.0,0.0,1.0,-0.012260649935342371,0.7580451682209969,0.20328373536467553,-3.017682135105133,0.021569648178410717,0.09051138162612915,0.07199603319168091,0.1188964769244194,0.01,0,0.0,0.0,0.0,0.0,0.0,0.0,0.0,0.0,0.0,0.0,0.0
1505,6164480,629.0279397797032,637.0942022937018,6.429190511000343,0.06660147599905031,7,0,3,4,0.0,0.42857142857142855,0.5714285714285714,-0.01157386489212513,0.8084256365895272,0.21456212289631366,-3.0225392460823057,0.019233381797675975,0.09045287221670151,0.07202205806970596,0.11874958872795105,0.01,0,0.0,0.0,0.0,0.0,0.0,0.0,0.0,0.0,0.0,0.0,0.0
1506,6168576,629.0207409557948,626.0918201215881,6.5421714010008145,0.07888519500556868,10,0,0,10,0.0,0.0,1.0,-0.00975064435042441,0.5546234890818595,0.21456077471375465,-3.024122786521912,0.027219021154451184,0.09035780280828476,0.07202909886837006,0.11837001889944077,0.01,0,0.0,0.0,0.0,0.0,0.0,0.0,0.0,0.0,0.0,0.0,0.0
1507,6172672,629.004575423423,612.2088968894473,6.690526747996046,0.06993924999551382,13,0,1,12,0.0,0.07692307692307693,0.9230769230769231,-0.007454448065254837,0.6470072031021118,0.20196922942996026,-3.026834750175476,0.024553271487820893,0.09021678566932678,0.07177828252315521,0.11807539314031601,0.01,0,0.0,0.0,0.0,0.0,0.0,0.0,0.0,0.0,0.0,0.0,0.0
1508,6176768,628.9797704673379,600.8584817195019,6.816913007998664,0.07872357000451302,20,0,3,17,0.0,0.15,0.85,-0.009453182702418416,0.774005962908268,0.20617876723408698,-3.034813916683197,0.023254116243333556,0.0899331122636795,0.07160591334104538,0.11776664108037949,0.01,0,0.0,0.0,0.0,0.0,0.0,0.0,0.0,0.0,0.0,0.0,0.0
1509,6180864,628.9730103971324,626.825127860593,6.534517871004937,0.07931294899753993,9,0,1,8,0.0,0.1111111111111111,0.8888888888888888,-0.011718538892455398,0.6032985061407089,0.1982863038778305,-3.0450349926948546,0.02051581664418336,0.0895291417837143,0.07131771743297577,0.11718404293060303,0.01,0,0.0,0.0,0.0,0.0,0.0,0.0,0.0,0.0,0.0,0.0,0.0
1510,6184960,628.9737042895921,637.9840072214657,6.420223631997942,0.07724007899378194,7,0,0,7,0.0,0.0,1.0,-0.011965304648038,0.71271982640028,0.20664414055645466,-3.0552759885787966,0.024013948056381195,0.08942177146673203,0.07139037549495697,0.11705910414457321,0.01,0,0.0,0.0,0.0,0.0,0.0,0.0,0.0,0.0,0.0,0.0,0.0
1511,6189056,628.9771788248516,642.594309760025,6.374161641004321,0.08059301500179572,7,0,1,6,0.0,0.14285714285714285,0.8571428571428571,-0.011815262900199741,0.6042616575956344,0.20862004347145557,-3.055334377288818,0.016016610749647952,0.0894642025232315,0.07116463035345078,0.11727236211299896,0.01,0,0.0,0.0,0.0,0.0,0.0,0.0,0.0,0.0,0.0,0.0,0.0
1512,6193152,628.9582121936118,609.055414459849,6.725168027005566,0.08016170199698536,14,0,2,12,0.0,0.14285714285714285,0.8571428571428571,-0.012705147662200034,0.594852240383625,0.20338066145777703,-3.0555530190467834,0.019549177685985342,0.0894540399312973,0.07125714421272278,0.11732728779315948,0.01,0,0.0,0.0,0.0,0.0,0.0,0.0,0.0,0.0,0.0,0.0,0.0
1513,6197248,628.9563441025851,634.1670623558232,6.458865877997596,0.07967670200014254,12,0,0,12,0.0,0.0,1.0,-0.010387580888345838,0.5096683345735074,0.19490790106356143,-3.0601956367492678,0.020420354360248895,0.08914767950773239,0.07109225541353226,0.11681538075208664,0.01,0,0.0,0.0,0.0,0.0,0.0,0.0,0.0,0.0,0.0,0.0,0.0
1514,6201344,628.9317603799004,600.931500897231,6.816084685000533,0.07853894900472369,17,0,0,17,0.0,0.0,1.0,-0.010587487643351778,0.606449517607689,0.2031521052122116,-3.0682029485702516,0.02756880156812258,0.08906283974647522,0.07105790823698044,0.1168261244893074,0.01,0,0.0,0.0,0.0,0.0,0.0,0.0,0.0,0.0,0.0,0.0,0.0
1515,6205440,628.933338264696,639.7812802728212,6.40218794500106,0.08197375699819531,7,0,0,7,0.0,0.0,1.0,-0.008618624554947019,0.586391094326973,0.20444042347371577,-3.077681529521942,0.022262018258334137,0.08856894820928574,0.07080887258052826,0.1167856976389885,0.01,0,0.0,0.0,0.0,0.0,0.0,0.0,0.0,0.0,0.0,0.0,0.0
1516,6209536,628.9210144262721,618.2118470486784,6.625560508997296,0.07750045300053898,12,0,1,11,0.0,0.08333333333333333,0.9166666666666666,-0.008740175934508442,0.5801691025495529,0.20047921910881997,-3.0886139988899233,0.022721102635841817,0.08868715167045593,0.0706053078174591,0.11714056879281998,0.01,0,0.0,0.0,0.0,0.0,0.0,0.0,0.0,0.0,0.0,0.0,0.0
1517,6213632,628.9292934605278,650.1733048772785,6.299858774997119,0.07966245300485753,5,0,1,4,0.0,0.2,0.8,-0.013848327833693474,0.6179679334163666,0.19228104911744595,-3.085399091243744,0.019000500769470817,0.08866487443447113,0.07044553756713867,0.11724445968866348,0.01,0,0.0,0.0,0.0,0.0,0.0,0.0,0.0,0.0,0.0,0.0,0.0
1518,6217728,628.915715760994,616.4940871717052,6.644021549000172,0.07876755600591423,13,0,1,12,0.0,0.07692307692307693,0.9230769230769231,-0.01050168655347079,0.5778592064976692,0.19258588664233683,-3.086360991001129,0.02493184279592242,0.08872149884700775,0.07055019587278366,0.11758247762918472,0.01,0,0.0,0.0,0.0,0.0,0.0,0.0,0.0,0.0,0.0,0.0,0.0
1519,6221824,628.9187227272994,641.9913833424063,6.380147936994035,0.08062161000270862,11,0,0,11,0.0,0.0,1.0,-0.014403459406457842,0.6036911457777023,0.1993201520293951,-3.081824851036072,0.018121135391993448,0.08895786851644516,0.0708320215344429,0.11793607473373413,0.01,0,0.0,0.0,0.0,0.0,0.0,0.0,0.0,0.0,0.0,0.0,0.0
1520,6225920,628.7021325670718,578.7499231516878,7.077322754004854,2.8415384299951256,16,0,0,16,0.0,0.0,1.0,0.0,0.0,0.0,0.0,0.0,0.08895786851644516,0.0708320215344429,0.11793607473373413,0.01,1,0.5563355088233948,0.0050024907104671,4.531714916229248,0.0586661621928215,0.1639745533466339,0.2042359709739685,0.0636933296918869,0.14802685379981995,0.31157636642456055,0.1015625,28.729333877563477
1521,6230016,628.7014546296195,635.0663988623563,6.449719285003084,0.07293263799510896,7,0,0,7,0.0,0.0,1.0,-0.008701473742257803,0.6548484101891517,0.19966649822890759,-3.080544817447662,0.018801795138278975,0.08874547481536865,0.07064362615346909,0.11775664985179901,0.01,0,0.0,0.0,0.0,0.0,0.0,0.0,0.0,0.0,0.0,0.0,0.0
1522,6234112,628.6769778438256,600.68329452323,6.818901136997738,0.078753993002465,13,0,0,13,0.0,0.0,1.0,-0.007360218535177409,0.6494147136807442,0.2173185706138611,-3.086429846286774,0.025931230469723232,0.08869454264640808,0.07081454992294312,0.11734337359666824,0.01,0,0.0,0.0,0.0,0.0,0.0,0.0,0.0,0.0,0.0,0.0,0.0
1523,6238208,628.6886206689196,655.5119313038192,6.248551406002662,0.0797288550020312,5,0,0,5,0.0,0.0,1.0,-0.010285028582438826,0.5553493283689022,0.18022154606878757,-3.088395118713379,0.022984986400115304,0.0884421318769455,0.07100237905979156,0.11676369607448578,0.01,0,0.0,0.0,0.0,0.0,0.0,0.0,0.0,0.0,0.0,0.0,0.0
1524,6242304,628.6589202139835,592.5107826431465,6.912954363004246,0.06779229899984784,18,0,2,16,0.0,0.1111111111111111,0.8888888888888888,-0.010093845869414508,0.9191449373960495,0.2066378492861986,-3.0912088990211486,0.02505153213860467,0.08866872638463974,0.07096487283706665,0.11750415712594986,0.01,0,0.0,0.0,0.0,0.0,0.0,0.0,0.0,0.0,0.0,0.0,0.0
1525,6246400,628.6615682897826,640.7494220260045,6.392514544997539,0.07820907600398641,9,0,0,9,0.0,0.0,1.0,-0.012418530869763345,0.687859246134758,0.20779513530433177,-3.0888466596603394,0.024262360663851724,0.08855913579463959,0.07065575569868088,0.1176966056227684,0.01,0,0.0,0.0,0.0,0.0,0.0,0.0,0.0,0.0,0.0,0.0,0.0
1526,6250496,628.6424145541234,608.3472913911679,6.732996197999455,0.08219918599934317,14,0,0,14,0.0,0.0,1.0,-0.010768796887714416,0.6048645511269569,0.20772697180509567,-3.093623435497284,0.022695135907270014,0.08845191448926926,0.07070533186197281,0.11723188310861588,0.01,0,0.0,0.0,0.0,0.0,0.0,0.0,0.0,0.0,0.0,0.0,0.0
1527,6254592,628.6322120783943,621.0883243975949,6.594875219998357,0.07912835299794096,9,0,0,9,0.0,0.0,1.0,-0.01064745025942102,0.6047052279114723,0.1952598012983799,-3.096749222278595,0.023594457391300238,0.08834575861692429,0.07040479779243469,0.11726788431406021,0.01,0,0.0,0.0,0.0,0.0,0.0,0.0,0.0,0.0,0.0,0.0,0.0
1528,6258688,628.6309999981427,634.6978809741632,6.453464116995747,0.0783312700004899,10,0,0,10,0.0,0.0,1.0,-0.007145652407780289,0.8207195818424224,0.21460323967039585,-3.099912869930267,0.02512464782630559,0.08832702040672302,0.07039988040924072,0.11729520559310913,0.01,0,0.0,0.0,0.0,0.0,0.0,0.0,0.0,0.0,0.0,0.0,0.0
1529,6262784,628.6338821966723,641.272537917652,6.387299873000302,0.07992715099680936,6,0,0,6,0.0,0.0,1.0,-0.014568861946463585,0.5655172951519489,0.2026244156062603,-3.0963719844818116,0.023112546460470184,0.08861157298088074,0.07078568637371063,0.11748560518026352,0.01,0,0.0,0.0,0.0,0.0,0.0,0.0,0.0,0.0,0.0,0.0,0.0
1530,6266880,628.6058599311664,595.6151423665558,6.876923887000885,0.07982531000016024,18,0,2,16,0.0,0.1111111111111111,0.8888888888888888,-0.008114057092461735,0.6903652355074883,0.2093340516090393,-3.0923349380493166,0.024514952892786823,0.08827870339155197,0.0707268938422203,0.11683042347431183,0.01,0,0.0,0.0,0.0,0.0,0.0,0.0,0.0,0.0,0.0,0.0,0.0
1531,6270976,628.5989934987107,626.0660745701514,6.542440433004231,0.07950482000160264,11,0,0,11,0.0,0.0,1.0,-0.008270049106795341,0.6369304895401001,0.19466470554471016,-3.104686939716339,0.020756915339734405,0.08799349516630173,0.07068737596273422,0.11640205979347229,0.01,0,0.0,0.0,0.0,0.0,0.0,0.0,0.0,0.0,0.0,0.0,0.0
1532,6275072,628.5873332816245,618.8275222719379,6.618968699003744,0.07871569199778605,12,0,0,12,0.0,0.0,1.0,-0.010418459796346724,0.7003003910183907,0.21738574393093585,-3.106850492954254,0.021407881949562578,0.08813159912824631,0.07096181064844131,0.1163974180817604,0.01,0,0.0,0.0,0.0,0.0,0.0,0.0,0.0,0.0,0.0,0.0,0.0
1533,6279168,628.5845789865486,632.2873512819198,6.478067276999354,0.07864140099991346,8,0,1,7,0.0,0.125,0.875,-0.009363472054246813,0.6511671677231788,0.21311935186386108,-3.096771717071533,0.02547432193241548,0.08852946758270264,0.07116648554801941,0.11714440584182739,0.01,0,0.0,0.0,0.0,0.0,0.0,0.0,0.0,0.0,0.0,0.0,0.0
1534,6283264,628.5790811701146,628.1891751340795,6.520328847000201,0.0801014259996009,11,0,0,11,0.0,0.0,1.0,-0.00796348059666343,0.5297843292355537,0.20211148746311663,-3.0859190225601196,0.020136610977351664,0.08874288201332092,0.07129693031311035,0.11744696646928787,0.01,0,0.0,0.0,0.0,0.0,0.0,0.0,0.0,0.0,0.0,0.0,0.0
1535,6287360,628.5865939014852,648.6392352992409,6.314758307999,0.07830403700063471,6,0,0,6,0.0,0.0,1.0,-0.013418854109477251,0.44774534180760384,0.18392569459974767,-3.0854037165641786,0.02785412059747614,0.08855988830327988,0.07134923338890076,0.11695432662963867,0.01,0,0.0,0.0,0.0,0.0,0.0,0.0,0.0,0.0,0.0,0.0,0.0
1536,6291456,628.5666979863175,606.7893724506457,6.750283024004602,0.07871380500000669,17,0,1,16,0.0,0.058823529411764705,0.9411764705882353,-0.004613853612681851,0.6554456815123558,0.19420792646706103,-3.0862289667129517,0.024857610612525605,0.08867713063955307,0.07155033200979233,0.1170024573802948,0.01,0,0.0,0.0,0.0,0.0,0.0,0.0,0.0,0.0,0.0,0.0,0.0
1537,6295552,628.5676667698299,637.9082377885418,6.420986213001015,0.07700521499646129,13,0,0,13,0.0,0.0,1.0,-0.005994832469150424,0.6471546903252602,0.21513650715351104,-3.083401012420654,0.027265022712526843,0.0887223333120346,0.071432925760746,0.11722497642040253,0.01,0,0.0,0.0,0.0,0.0,0.0,0.0,0.0,0.0,0.0,0.0,0.0
1538,6299648,628.5656299394947,633.4061369103416,6.466625062996172,0.07905481699708616,10,0,0,10,0.0,0.0,1.0,-0.009082992270123214,0.6634557619690895,0.20741903372108936,-3.085043931007385,0.020172066954546607,0.0885804146528244,0.07098425924777985,0.11691533029079437,0.01,0,0.0,0.0,0.0,0.0,0.0,0.0,0.0,0.0,0.0,0.0,0.0
1539,6303744,628.5564125944998,622.3327671859792,6.58168783000292,0.07873014800134115,9,0,1,8,0.0,0.1111111111111111,0.8888888888888888,-0.005797926778905093,0.6228863224387169,0.19043909758329391,-3.0843416094779967,0.029568902059691028,0.08882668614387512,0.07121461629867554,0.11736150830984116,0.01,0,0.0,0.0,0.0,0.0,0.0,0.0,0.0,0.0,0.0,0.0,0.0
1540,6307840,628.3612085823067,594.4514582130518,6.890385990998766,2.740237090001756,10,0,0,10,0.0,0.0,1.0,0.0,0.0,0.0,0.0,0.0,0.08882668614387512,0.07121461629867554,0.11736150830984116,0.01,1,0.5582718849182129,0.004387298598885536,4.440710067749023,0.04480956122279167,0.21249541640281677,0.14721596240997314,0.06830889731645584,0.13348278403282166,0.5435819029808044,0.1171875,28.868438720703125
1541,6311936,628.3528425794497,623.5615402158535,6.568718139002158,0.08034530800068751,11,0,1,10,0.0,0.09090909090909091,0.9090909090909091,-0.013047919422388077,0.8022772759199143,0.20758341029286384,-3.0713501930236817,0.02324885495181661,0.08933477848768234,0.071578249335289,0.11797568947076797,0.01,0,0.0,0.0,0.0,0.0,0.0,0.0,0.0,0.0,0.0,0.0,0.0
1542,6316032,628.3307963738695,603.8613450787768,6.783014070002537,0.0849357080005575,13,0,0,13,0.0,0.0,1.0,-0.007798684504814446,0.6635544404387475,0.20755142718553543,-3.059978258609772,0.02501054716994986,0.08938711881637573,0.07177942246198654,0.11761949211359024,0.01,0,0.0,0.0,0.0,0.0,0.0,0.0,0.0,0.0,0.0,0.0,0.0
1543,6320128,628.3223795855444,623.3015310047117,6.571458268997958,0.07851603000017349,14,0,0,14,0.0,0.0,1.0,-0.006953729758970439,0.6801267340779305,0.19479520954191684,-3.0603609800338747,0.0358525802323129,0.0893344134092331,0.07165937125682831,0.1178099736571312,0.01,0,0.0,0.0,0.0,0.0,0.0,0.0,0.0,0.0,0.0,0.0,0.0
1544,6324224,628.3180905179768,629.5707359943812,6.506020318003721,0.07848923499841476,9,0,0,9,0.0,0.0,1.0,-0.011888238595565781,0.8837089195847512,0.21836066320538522,-3.067146956920624,0.017822405585320666,0.08906443417072296,0.07102130353450775,0.11787406355142593,0.01,0,0.0,0.0,0.0,0.0,0.0,0.0,0.0,0.0,0.0,0.0,0.0
1545,6328320,628.3089051462026,622.2264578456418,6.582812331995228,0.07993109300150536,11,0,3,8,0.0,0.2727272727272727,0.7272727272727273,-0.011568049341440201,0.8561121240258217,0.20664127618074418,-3.0717246890068055,0.02397552445763722,0.08923687040805817,0.07114443182945251,0.118009053170681,0.01,0,0.0,0.0,0.0,0.0,0.0,0.0,0.0,0.0,0.0,0.0,0.0
1546,6332416,628.3140978715423,644.9835128807242,6.350549926006352,0.08206311400135746,6,0,0,6,0.0,0.0,1.0,-0.008760494174202904,0.7366731613874435,0.1933388601988554,-3.068243110179901,0.02171394734468777,0.08916103094816208,0.07098043709993362,0.11821527034044266,0.01,0,0.0,0.0,0.0,0.0,0.0,0.0,0.0,0.0,0.0,0.0,0.0
1547,6336512,628.3005567616584,614.8835482040207,6.661423958998057,0.07113788100105012,14,0,0,14,0.0,0.0,1.0,-0.014089127525221557,0.5984473258256913,0.1871740572154522,-3.0707592487335207,0.02027295346488245,0.08927671611309052,0.07089747488498688,0.11863764375448227,0.01,0,0.0,0.0,0.0,0.0,0.0,0.0,0.0,0.0,0.0,0.0,0.0
1548,6340608,628.2962464213791,628.6790447155485,6.515248176998284,0.0698092720049317,11,0,0,11,0.0,0.0,1.0,-0.011248125694692135,0.7084509268403053,0.20561495684087278,-3.0697851300239565,0.01931019304320216,0.0892365500330925,0.07038284093141556,0.11904363334178925,0.01,0,0.0,0.0,0.0,0.0,0.0,0.0,0.0,0.0,0.0,0.0,0.0
1549,6344704,628.2778762006315,608.343170050966,6.733041812003648,0.07807203899574233,15,0,0,15,0.0,0.0,1.0,-0.007581418065819889,0.6180638179183007,0.21203217580914496,-3.0758589029312136,0.02248158804140985,0.08911039680242538,0.07007458806037903,0.1190987080335617,0.01,0,0.0,0.0,0.0,0.0,0.0,0.0,0.0,0.0,0.0,0.0,0.0
1550,6348800,628.2719707918833,627.2437597315158,6.530156635999447,0.08097692799492506,9,0,1,8,0.0,0.1111111111111111,0.8888888888888888,-0.012085291411494836,0.7116257280111313,0.2015573151409626,-3.0784507036209106,0.023427931865444406,0.08907955884933472,0.06996709108352661,0.11903415620326996,0.01,0,0.0,0.0,0.0,0.0,0.0,0.0,0.0,0.0,0.0,0.0,0.0
1551,6352896,628.2585438849899,615.7347190371586,6.652215432004596,0.07823923100659158,13,0,0,13,0.0,0.0,1.0,-0.00705279775429517,0.7249126166105271,0.20815121419727803,-3.0760444521903993,0.021755765550187788,0.0892830491065979,0.06991135329008102,0.11943735182285309,0.01,0,0.0,0.0,0.0,0.0,0.0,0.0,0.0,0.0,0.0,0.0,0.0
1552,6356992,628.2652567628636,647.4499365139751,6.326357867998013,0.08086981999804266,4,0,1,3,0.0,0.25,0.75,-0.012958980840630829,0.6669173970818519,0.19131495393812656,-3.0656386017799377,0.022237900356412866,0.08978621661663055,0.07021115720272064,0.1201620027422905,0.01,0,0.0,0.0,0.0,0.0,0.0,0.0,0.0,0.0,0.0,0.0,0.0
1553,6361088,628.2472918052418,609.090572101302,6.724779839998519,0.08010215800459264,14,0,0,14,0.0,0.0,1.0,-0.012235557299572975,0.503807158768177,0.1914757162332535,-3.0573673844337463,0.02065469512308482,0.08975917100906372,0.0701865702867508,0.12013275921344757,0.01,0,0.0,0.0,0.0,0.0,0.0,0.0,0.0,0.0,0.0,0.0,0.0
1554,6365184,628.2438322640224,630.9365364198944,6.491936610997072,0.08024676499917405,12,0,1,11,0.0,0.08333333333333333,0.9166666666666666,-0.010880610346794129,0.734559178352356,0.2050880752503872,-3.065125524997711,0.02292596447223332,0.08928613364696503,0.06969354301691055,0.11951851099729538,0.01,0,0.0,0.0,0.0,0.0,0.0,0.0,0.0,0.0,0.0,0.0,0.0
1555,6369280,628.2278673147308,611.7460090365444,6.695589246999589,0.07880269399902318,12,0,0,12,0.0,0.0,1.0,-0.01328528014710173,0.604768979549408,0.1988989844918251,-3.0735464334487914,0.02337116113048978,0.08939346671104431,0.0702068880200386,0.11954068392515182,0.01,0,0.0,0.0,0.0,0.0,0.0,0.0,0.0,0.0,0.0,0.0,0.0
1556,6373376,628.2228161459734,628.2757260604898,6.5194306100020185,0.07859328099584673,11,0,0,11,0.0,0.0,1.0,-0.006537987996125594,0.5798427805304527,0.19544214494526385,-3.065884304046631,0.025084859924390912,0.08953738212585449,0.07018857449293137,0.11966326832771301,0.01,0,0.0,0.0,0.0,0.0,0.0,0.0,0.0,0.0,0.0,0.0,0.0
1557,6377472,628.2183840368557,629.1508768626179,6.510362061999331,0.07754193699656753,11,0,1,10,0.0,0.09090909090909091,0.9090909090909091,-0.010890081850811839,0.5689897209405899,0.21551751531660557,-3.0665249824523926,0.018889181374106556,0.08939164876937866,0.06996487826108932,0.11953873932361603,0.01,0,0.0,0.0,0.0,0.0,0.0,0.0,0.0,0.0,0.0,0.0,0.0
1558,6381568,628.2185821063206,638.7070280390284,6.4129558939966955,0.10059389899834059,5,0,0,5,0.0,0.0,1.0,-0.010549579723738134,0.48307600170373916,0.20547315441071987,-3.0692456126213075,0.021435990877216683,0.08939175307750702,0.0698787048459053,0.11960611492395401,0.01,0,0.0,0.0,0.0,0.0,0.0,0.0,0.0,0.0,0.0,0.0,0.0
1559,6385664,628.2016867842566,610.3161135470789,6.71127618799801,0.07797144700452918,16,0,0,16,0.0,0.0,1.0,-0.015568967442959547,0.4802241548895836,0.20746225416660308,-3.0679930329322813,0.021656099378014916,0.08958631753921509,0.06996122747659683,0.12025544047355652,0.01,0,0.0,0.0,0.0,0.0,0.0,0.0,0.0,0.0,0.0,0.0,0.0
1560,6389760,628.008117549867,596.9250956630758,6.861832464004692,2.789530686000944,9,0,0,9,0.0,0.0,1.0,0.0,0.0,0.0,0.0,0.0,0.08958631753921509,0.06996122747659683,0.12025544047355652,0.01,1,0.4883716404438019,0.0047827186062932014,4.6262664794921875,0.03798500820994377,0.22878128290176392,0.1275481879711151,0.03654830902814865,0.1409696340560913,0.2453220784664154,0.08984375,28.875328063964844
1561,6393856,627.9948483243642,615.5333904339109,6.654391238000244,0.07926409699575743,14,0,0,14,0.0,0.0,1.0,-0.0030458862078376115,0.7919395446777344,0.23327539227902888,-3.0698020815849305,0.02553253149962984,0.08931094408035278,0.0696224570274353,0.11995145678520203,0.01,0,0.0,0.0,0.0,0.0,0.0,0.0,0.0,0.0,0.0,0.0,0.0
1562,6397952,627.9776915672148,609.7628798554279,6.717365282995161,0.07959151799877873,12,0,0,12,0.0,0.0,1.0,-0.009527791221626104,0.6709009796380997,0.19442193545401096,-3.0806309819221496,0.023563480348093434,0.08896182477474213,0.06950751692056656,0.11920645833015442,0.01,0,0.0,0.0,0.0,0.0,0.0,0.0,0.0,0.0,0.0,0.0,0.0
1563,6402048,627.9740454424642,630.2402962152001,6.499108395000803,0.07890817799489014,10,0,2,8,0.0,0.2,0.8,-0.009387100778985769,0.9295555233955384,0.209305477142334,-3.093706285953522,0.02386283236264717,0.08840316534042358,0.06924091279506683,0.11850050836801529,0.01,0,0.0,0.0,0.0,0.0,0.0,0.0,0.0,0.0,0.0,0.0,0.0
1564,6406144,627.9792900688519,644.5621431700821,6.354701472002489,0.07927203400322469,5,0,0,5,0.0,0.0,1.0,-0.010539518645964563,0.6323037281632423,0.2104478519409895,-3.1080543994903564,0.019788534980034456,0.08823933452367783,0.06879289448261261,0.1181284710764885,0.01,0,0.0,0.0,0.0,0.0,0.0,0.0,0.0,0.0,0.0,0.0,0.0
1565,6410240,627.9500023703672,592.1411360349731,6.917269803998352,0.0781238179988577,16,0,0,16,0.0,0.0,1.0,-0.009802998788654805,0.7349076345562935,0.20928463600575925,-3.10998158454895,0.01901370618434157,0.08817683160305023,0.068642757833004,0.11797741055488586,0.01,0,0.0,0.0,0.0,0.0,0.0,0.0,0.0,0.0,0.0,0.0,0.0
1566,6414336,627.9489979638755,633.2724565753541,6.46799013200507,0.06769415400049184,11,0,0,11,0.0,0.0,1.0,-0.01216983301565051,0.49233023822307587,0.18785534091293812,-3.1115495324134828,0.022364542307332157,0.08822601288557053,0.06881062686443329,0.1180635467171669,0.01,0,0.0,0.0,0.0,0.0,0.0,0.0,0.0,0.0,0.0,0.0,0.0
1567,6418432,627.940061798398,621.9068147040125,6.586195718002273,0.07886585399683099,12,0,1,11,0.0,0.08333333333333333,0.9166666666666666,-0.015726276603527368,0.6361289665102958,0.18772778548300267,-3.1109384655952455,0.022700032548164016,0.08813323080539703,0.06882498413324356,0.11787425726652145,0.01,0,0.0,0.0,0.0,0.0,0.0,0.0,0.0,0.0,0.0,0.0,0.0
1568,6422528,627.9288301005978,617.8418343666394,6.629528420002316,0.07333090600150172,12,0,1,11,0.0,0.08333333333333333,0.9166666666666666,-0.010617752256803215,0.647488783299923,0.1911142323166132,-3.1128513693809508,0.02144710636639502,0.08809147775173187,0.06888863444328308,0.11739429831504822,0.01,0,0.0,0.0,0.0,0.0,0.0,0.0,0.0,0.0,0.0,0.0,0.0
1569,6426624,627.9295500257515,636.2485109692487,6.43773608799529,0.06995582600211492,10,0,0,10,0.0,0.0,1.0,-0.006137118302285671,0.6527902007102966,0.19062962010502815,-3.1159970283508303,0.020601576371700504,0.08784671872854233,0.06861209124326706,0.11752494424581528,0.01,0,0.0,0.0,0.0,0.0,0.0,0.0,0.0,0.0,0.0,0.0,0.0
1570,6430720,627.9372448609082,648.5438445593813,6.315687110996805,0.0785584619952715,5,0,0,5,0.0,0.0,1.0,-0.006270856689661741,0.5444220714271069,0.19580505564808845,-3.1275214672088625,0.025276410303195006,0.08761634677648544,0.0682646855711937,0.11737078428268433,0.01,0,0.0,0.0,0.0,0.0,0.0,0.0,0.0,0.0,0.0,0.0,0.0
1571,6434816,627.9133636682329,599.8702701750844,6.82814302299812,0.08124986799521139,15,0,0,15,0.0,0.0,1.0,-0.007578822749201209,0.6891053512692451,0.2051851224154234,-3.128542113304138,0.02417754279158544,0.08781691640615463,0.06839866936206818,0.11766932904720306,0.01,0,0.0,0.0,0.0,0.0,0.0,0.0,0.0,0.0,0.0,0.0,0.0
1572,6438912,627.9036244745258,620.7147921567101,6.598843867999676,0.08027844900061609,14,0,0,14,0.0,0.0,1.0,-0.010549094679299742,0.6474239438772201,0.19847573041915895,-3.124114692211151,0.026897278407705016,0.08790846168994904,0.06807782500982285,0.11844509840011597,0.01,0,0.0,0.0,0.0,0.0,0.0,0.0,0.0,0.0,0.0,0.0,0.0
1573,6443008,627.8920964245605,617.9726904900247,6.628124613002001,0.07959700499486644,10,0,0,10,0.0,0.0,1.0,-0.009483713586814702,0.6213332533836364,0.20699452348053454,-3.132875657081604,0.021746548064402304,0.08741626143455505,0.06754060089588165,0.11787622421979904,0.01,0,0.0,0.0,0.0,0.0,0.0,0.0,0.0,0.0,0.0,0.0,0.0
1574,6447104,627.8835446002561,621.3449242612616,6.592151702003321,0.06784189899917692,10,0,0,10,0.0,0.0,1.0,-0.012587147369049489,0.7432626217603684,0.19138058535754682,-3.146734666824341,0.025202305434504524,0.08727415651082993,0.06733790785074234,0.11795921623706818,0.01,0,0.0,0.0,0.0,0.0,0.0,0.0,0.0,0.0,0.0,0.0,0.0
1575,6451200,627.8795397654877,629.3684312425561,6.508111618997646,0.07792950400471454,11,0,0,11,0.0,0.0,1.0,-0.010247872862964868,0.5319644168019295,0.18889215402305126,-3.148004186153412,0.01892669139197096,0.08729597181081772,0.06739799678325653,0.11795983463525772,0.01,0,0.0,0.0,0.0,0.0,0.0,0.0,0.0,0.0,0.0,0.0,0.0
1576,6455296,627.8791315911883,635.4170992464286,6.4461595460015815,0.08100823599670548,7,0,0,7,0.0,0.0,1.0,-0.011566904920618981,0.6470745712518692,0.18520505987107755,-3.148495650291443,0.025762524228775875,0.0872425064444542,0.06746738404035568,0.11792957037687302,0.01,0,0.0,0.0,0.0,0.0,0.0,0.0,0.0,0.0,0.0,0.0,0.0
1577,6459392,627.8616413442481,607.8183551558155,6.738855392002733,0.06788432100438513,14,0,0,14,0.0,0.0,1.0,-0.011962177103850991,0.7369426503777504,0.19792596399784088,-3.149509000778198,0.024346402136143298,0.08726182579994202,0.06731856614351273,0.11812227219343185,0.01,0,0.0,0.0,0.0,0.0,0.0,0.0,0.0,0.0,0.0,0.0,0.0
1578,6463488,627.8577273784475,629.6307359578809,6.505400334004662,0.0787823569989996,13,0,0,13,0.0,0.0,1.0,-0.014430295838974417,0.7037022158503532,0.19839449524879454,-3.149521863460541,0.023868993457290343,0.08723326772451401,0.06743364781141281,0.11778475344181061,0.01,0,0.0,0.0,0.0,0.0,0.0,0.0,0.0,0.0,0.0,0.0,0.0
1579,6467584,627.8508239379519,623.9889676307644,6.564218620005704,0.06958052799745928,10,0,0,10,0.0,0.0,1.0,-0.014072430925443769,0.7141245871782302,0.19515592604875565,-3.1460551738739015,0.021624992272700184,0.08742569386959076,0.06770370900630951,0.11813361942768097,0.01,0,0.0,0.0,0.0,0.0,0.0,0.0,0.0,0.0,0.0,0.0,0.0
1580,6471680,627.6433352059646,574.9527187715279,7.124064060000819,2.804072396000265,13,0,0,13,0.0,0.0,1.0,0.0,0.0,0.0,0.0,0.0,0.08742569386959076,0.06770370900630951,0.11813361942768097,0.01,1,0.5177466869354248,0.00447856867685914,4.442356109619141,0.04851214587688446,0.19882617890834808,0.14227068424224854,0.05199059844017029,0.13670863211154938,0.443267822265625,0.09375,28.91774559020996
1581,6475776,627.6425195252305,634.3777997884105,6.456720271999075,0.07975927799998317,7,0,0,7,0.0,0.0,1.0,-0.005667541862931102,0.7827986732125283,0.18865803107619286,-3.1453505039215086,0.026807943856692874,0.08727262914180756,0.06781592220067978,0.11814137548208237,0.01,0,0.0,0.0,0.0,0.0,0.0,0.0,0.0,0.0,0.0,0.0,0.0
1582,6479872,627.6420849584702,634.9853026896601,6.450543000995822,0.07925203299964778,10,0,1,9,0.0,0.1,0.9,-0.008860070689115674,0.6997102841734886,0.19082410372793673,-3.1473111391067503,0.028298728354275226,0.08737233281135559,0.0680021196603775,0.11835385113954544,0.01,0,0.0,0.0,0.0,0.0,0.0,0.0,0.0,0.0,0.0,0.0,0.0
1583,6483968,627.6234984378524,605.8390231988956,6.760871853999561,0.06793501100037247,12,0,0,12,0.0,0.0,1.0,-0.00542360866384115,0.6648207232356071,0.20118578225374223,-3.1449991345405577,0.029769292127457447,0.08739607036113739,0.06807917356491089,0.11825589835643768,0.01,0,0.0,0.0,0.0,0.0,0.0,0.0,0.0,0.0,0.0,0.0,0.0
1584,6488064,627.6127341318454,618.6800819512182,6.620546094003657,0.07985574300255394,14,0,1,13,0.0,0.07142857142857142,0.9285714285714286,-0.014482355467043817,0.653662446141243,0.19493755251169204,-3.1432344794273375,0.02624217174889054,0.08747810125350952,0.06818388402462006,0.1185765266418457,0.01,0,0.0,0.0,0.0,0.0,0.0,0.0,0.0,0.0,0.0,0.0,0.0
1585,6492160,627.6063328531363,624.2734891533458,6.561226883997733,0.06766615100059425,10,0,0,10,0.0,0.0,1.0,-0.008142396784387529,0.5831005662679672,0.18625250048935413,-3.13914475440979,0.02350065838545561,0.08761884272098541,0.06858005374670029,0.11872770637273788,0.01,0,0.0,0.0,0.0,0.0,0.0,0.0,0.0,0.0,0.0,0.0,0.0
1586,6496256,627.5863185753655,604.5544385221018,6.775237661000574,0.07816280500264838,13,0,0,13,0.0,0.0,1.0,-0.012492358055897056,0.6776801943778992,0.19399282336235046,-3.1366787552833557,0.017986607091734184,0.08775652945041656,0.06828712671995163,0.11975868791341782,0.01,0,0.0,0.0,0.0,0.0,0.0,0.0,0.0,0.0,0.0,0.0,0.0
1587,6500352,627.60333454946,663.328108119923,6.174923013000807,0.06742718300665729,5,0,0,5,0.0,0.0,1.0,-0.009642723377328365,0.6365709081292152,0.18833130709826945,-3.137587642669678,0.022303799263318068,0.08767475187778473,0.06810367107391357,0.11964564025402069,0.01,0,0.0,0.0,0.0,0.0,0.0,0.0,0.0,0.0,0.0,0.0,0.0
1588,6504448,627.5872549266774,609.832911774428,6.716593875004037,0.07253891300206305,13,0,0,13,0.0,0.0,1.0,-0.012714164052158593,0.6957388550043107,0.19985926374793053,-3.1436239957809446,0.01974771649693139,0.08742427080869675,0.0677497610449791,0.11937537789344788,0.01,0,0.0,0.0,0.0,0.0,0.0,0.0,0.0,0.0,0.0,0.0,0.0
1589,6508544,627.5845153169365,632.253612244847,6.478412967000622,0.0903793309989851,12,0,0,12,0.0,0.0,1.0,-0.010810435994062572,0.6125113606452942,0.193328670039773,-3.1512894153594972,0.01427408610470593,0.08744573593139648,0.06739071756601334,0.12026550620794296,0.01,0,0.0,0.0,0.0,0.0,0.0,0.0,0.0,0.0,0.0,0.0,0.0
1590,6512640,627.5780003545916,625.2863520683702,6.550598755995452,0.08007982200069819,12,0,0,12,0.0,0.0,1.0,-0.010324694844894112,0.6308807402849197,0.19029649309813976,-3.1521303176879885,0.026325621880823748,0.08754533529281616,0.0671902447938919,0.12058518826961517,0.01,0,0.0,0.0,0.0,0.0,0.0,0.0,0.0,0.0,0.0,0.0,0.0
1591,6516736,627.5575380308469,603.385755686964,6.788360450002074,0.07365388099424308,12,0,0,12,0.0,0.0,1.0,-0.011246484820730984,0.6101573139429093,0.1911244697868824,-3.148725521564484,0.027644797033281064,0.08770760148763657,0.06726538389921188,0.12111935019493103,0.01,0,0.0,0.0,0.0,0.0,0.0,0.0,0.0,0.0,0.0,0.0,0.0
1592,6520832,627.5468990573321,618.6974636734523,6.620360095999786,0.07915003699599765,12,0,0,12,0.0,0.0,1.0,-0.015598382835742086,0.7524144887924195,0.2049452129751444,-3.1481870889663695,0.020909190384554677,0.08768841624259949,0.06703052669763565,0.12113272398710251,0.01,0,0.0,0.0,0.0,0.0,0.0,0.0,0.0,0.0,0.0,0.0,0.0
1593,6524928,627.5611420955648,659.7181607642408,6.20871190699836,0.0789478809965658,4,0,0,4,0.0,0.0,1.0,-0.008698346168966965,0.7513717904686927,0.20783016383647918,-3.147256302833557,0.028995585252414458,0.08780629932880402,0.06702818721532822,0.1212487518787384,0.01,0,0.0,0.0,0.0,0.0,0.0,0.0,0.0,0.0,0.0,0.0,0.0
1594,6529024,627.5381371003858,600.0930902315656,6.825607671002217,0.07934091199422255,14,0,0,14,0.0,0.0,1.0,-0.007744367409031838,0.5878286510705948,0.18955590650439264,-3.143248975276947,0.02093623668188229,0.08788079023361206,0.0670393779873848,0.12150859832763672,0.01,0,0.0,0.0,0.0,0.0,0.0,0.0,0.0,0.0,0.0,0.0,0.0
1595,6533120,627.5398451224521,638.4557567861272,6.415479782997863,0.08016906600096263,11,0,0,11,0.0,0.0,1.0,-0.006529169820714742,0.6025018408894539,0.17518930211663247,-3.1400035977363587,0.02384662207623478,0.08803888410329819,0.06693287193775177,0.12166128307580948,0.01,0,0.0,0.0,0.0,0.0,0.0,0.0,0.0,0.0,0.0,0.0,0.0
1596,6537216,627.534355739576,626.8389981889087,6.534373278998828,0.08022287800122285,12,0,0,12,0.0,0.0,1.0,-0.005550857644993812,0.8271254748106003,0.20125707052648067,-3.137038969993591,0.02641959332395345,0.08794116973876953,0.06697378307580948,0.12120378762483597,0.01,0,0.0,0.0,0.0,0.0,0.0,0.0,0.0,0.0,0.0,0.0,0.0
1597,6541312,627.5169664196942,608.3791281697347,6.732643857001676,0.08011257200269029,14,0,0,14,0.0,0.0,1.0,-0.005560984998010099,0.6374128058552742,0.2002677448093891,-3.141352927684784,0.030115500013926065,0.08773889392614365,0.06693773716688156,0.12084642052650452,0.01,0,0.0,0.0,0.0,0.0,0.0,0.0,0.0,0.0,0.0,0.0,0.0
1598,6545408,627.5180492073256,637.0284888424023,6.429853721994732,0.0759996089982451,10,0,1,9,0.0,0.1,0.9,-0.012860536319203674,0.8817594692111015,0.22269902154803276,-3.1474703311920167,0.02597784737299662,0.08754587173461914,0.06694082915782928,0.1203422024846077,0.01,0,0.0,0.0,0.0,0.0,0.0,0.0,0.0,0.0,0.0,0.0,0.0
1599,6549504,627.5248384504962,646.9179415393423,6.331560368002101,0.07943881100072758,4,0,0,4,0.0,0.0,1.0,-0.009258423408027738,0.6896578460931778,0.19286741465330123,-3.152226722240448,0.02665845028241165,0.08735807985067368,0.06683015078306198,0.1197957769036293,0.01,0,0.0,0.0,0.0,0.0,0.0,0.0,0.0,0.0,0.0,0.0,0.0
1600,6553600,627.3126482727735,565.5691687955033,7.242261824001616,2.8140845369998715,16,0,0,16,0.0,0.0,1.0,0.0,0.0,0.0,0.0,0.0,0.08735807985067368,0.06683015078306198,0.1197957769036293,0.01,1,0.5463330149650574,0.005302761681377888,4.676396369934082,0.05001866817474365,0.19323672354221344,0.1193038821220398,0.08188316226005554,0.13895931839942932,0.6879594326019287,0.07421875,29.298917770385742
1601,6557696,627.3174738100254,643.3794566529981,6.366382945001533,0.07767885299836053,10,0,0,10,0.0,0.0,1.0,-0.01677614658838138,0.7358942806720734,0.19673348516225814,-3.1553255796432493,0.019200097426073627,0.08739729970693588,0.06654418259859085,0.1200762689113617,0.01,0,0.0,0.0,0.0,0.0,0.0,0.0,0.0,0.0,0.0,0.0,0.0
1602,6561792,627.3086763216751,622.083066020606,6.584329687997524,0.08841089300403837,14,0,1,13,0.0,0.07142857142857142,0.9285714285714286,-0.007579427235759795,0.7611801132559777,0.20041785314679145,-3.1568872928619385,0.024116792742279358,0.0873849093914032,0.06613390147686005,0.12031158804893494,0.01,0,0.0,0.0,0.0,0.0,0.0,0.0,0.0,0.0,0.0,0.0,0.0
1603,6565888,627.2825944861936,595.0995929789256,6.882881534998887,0.07806646999961231,13,0,0,13,0.0,0.0,1.0,-0.00364087491761893,0.6428720027208328,0.1945783469825983,-3.1586254477500915,0.023194108813186176,0.08737435936927795,0.06589403003454208,0.12047535181045532,0.01,0,0.0,0.0,0.0,0.0,0.0,0.0,0.0,0.0,0.0,0.0,0.0
1604,6569984,627.2794588601815,630.4346502823208,6.4971048119987245,0.08198303000244778,8,0,0,8,0.0,0.0,1.0,-0.009225393598899245,0.7112882986664772,0.20778165347874164,-3.1642801403999328,0.022867979292641394,0.08692748844623566,0.0658906027674675,0.119358129799366,0.01,0,0.0,0.0,0.0,0.0,0.0,0.0,0.0,0.0,0.0,0.0,0.0
1605,6574080,627.2778477194839,632.6470521241627,6.474384075998387,0.07875495100597618,5,0,1,4,0.0,0.2,0.8,-0.014426195004489273,0.731177581846714,0.21337758079171182,-3.175352907180786,0.02192062959948089,0.08674927800893784,0.06576622277498245,0.11920936405658722,0.01,0,0.0,0.0,0.0,0.0,0.0,0.0,0.0,0.0,0.0,0.0,0.0
1606,6578176,627.2564289733439,601.807020433743,6.8061685240027145,0.07857656099804444,15,0,0,15,0.0,0.0,1.0,-0.0114984828280285,0.5778776578605175,0.19642727375030516,-3.1793826460838317,0.021168505350942723,0.08664998412132263,0.06588800996541977,0.11893520504236221,0.01,0,0.0,0.0,0.0,0.0,0.0,0.0,0.0,0.0,0.0,0.0,0.0
1607,6582272,627.2531753598828,629.7472324140989,6.504196904999844,0.07717051799409091,11,0,0,11,0.0,0.0,1.0,-0.014820319495629519,0.5057105049490929,0.19685487858951092,-3.181825339794159,0.017503458546707408,0.08656527101993561,0.0656685009598732,0.11884385347366333,0.01,0,0.0,0.0,0.0,0.0,0.0,0.0,0.0,0.0,0.0,0.0,0.0
1608,6586368,627.2312568795476,601.8064889370005,6.806174534998718,0.08731885899760528,16,0,2,14,0.0,0.125,0.875,-0.006917689053807408,0.8842572689056396,0.20135886669158937,-3.1894186615943907,0.028275543640484103,0.08619131147861481,0.06540953367948532,0.11781308799982071,0.01,0,0.0,0.0,0.0,0.0,0.0,0.0,0.0,0.0,0.0,0.0,0.0
1609,6590464,627.2226220845446,621.4522469338237,6.59101326000382,0.0790251040016301,11,0,1,10,0.0,0.09090909090909091,0.9090909090909091,-0.009738942538388074,0.9518790453672409,0.20891815684735776,-3.1933122277259827,0.021929151602671483,0.08628062903881073,0.06559726595878601,0.11810900270938873,0.01,0,0.0,0.0,0.0,0.0,0.0,0.0,0.0,0.0,0.0,0.0,0.0
1610,6594560,627.2233544312253,637.4067297426817,6.426038208999671,0.0886511669959873,8,0,0,8,0.0,0.0,1.0,-0.011220419488381594,0.650263711810112,0.20153780281543732,-3.195029282569885,0.01910143926506862,0.08603149652481079,0.06543415039777756,0.11750499159097672,0.01,0,0.0,0.0,0.0,0.0,0.0,0.0,0.0,0.0,0.0,0.0,0.0
1611,6598656,627.227533426728,642.2403655015943,6.377674496994587,0.079281008001999,8,0,0,8,0.0,0.0,1.0,-0.011282895994372665,0.7521729528903961,0.21009458787739277,-3.201224613189697,0.021484901939402334,0.08588743209838867,0.06558553874492645,0.11675640195608139,0.01,0,0.0,0.0,0.0,0.0,0.0,0.0,0.0,0.0,0.0,0.0,0.0
1612,6602752,627.2146170708469,614.6459980777981,6.663998484997137,0.07972250400052872,10,0,0,10,0.0,0.0,1.0,-0.01758414845680818,0.7380237817764282,0.2179056029766798,-3.197619640827179,0.02158325758355204,0.08601247519254684,0.06633196026086807,0.11674212664365768,0.01,0,0.0,0.0,0.0,0.0,0.0,0.0,0.0,0.0,0.0,0.0,0.0
1613,6606848,627.1992510202068,610.0521212880889,6.714180406997912,0.07082798199553508,16,0,0,16,0.0,0.0,1.0,-0.011472783028148114,0.7276793733239174,0.22660915814340116,-3.1946488499641417,0.018508193906745872,0.08604246377944946,0.06600727140903473,0.11716549098491669,0.01,0,0.0,0.0,0.0,0.0,0.0,0.0,0.0,0.0,0.0,0.0,0.0
1614,6610944,627.1823986858658,608.6410601691997,6.729746427001373,0.08070314200449502,12,0,0,12,0.0,0.0,1.0,-0.014036335225682706,0.7778825879096984,0.2216438315808773,-3.19899435043335,0.02238378248293884,0.08586329221725464,0.06575985997915268,0.11703658103942871,0.01,0,0.0,0.0,0.0,0.0,0.0,0.0,0.0,0.0,0.0,0.0,0.0
1615,6615040,627.1700466353284,615.3037255928521,6.656875019005383,0.07867546600027708,11,0,0,11,0.0,0.0,1.0,-0.013913925306405872,0.583473215252161,0.20483995005488395,-3.205596077442169,0.022621984369470736,0.08573713153600693,0.0654982477426529,0.11671983450651169,0.01,0,0.0,0.0,0.0,0.0,0.0,0.0,0.0,0.0,0.0,0.0,0.0
1616,6619136,627.1778151945115,648.2699913197632,6.318355091003468,0.07857515700015938,7,0,0,7,0.0,0.0,1.0,-0.010266233561560511,0.7623302102088928,0.21915982216596602,-3.210883390903473,0.02526756346633192,0.08545799553394318,0.06547984480857849,0.11625954508781433,0.01,0,0.0,0.0,0.0,0.0,0.0,0.0,0.0,0.0,0.0,0.0,0.0
1617,6623232,627.1729750181543,627.127841915749,6.531363665002573,0.07778730100108078,9,0,0,9,0.0,0.0,1.0,-0.010952925233868881,0.8283123552799225,0.22747717909514903,-3.2176211953163145,0.01883093821525108,0.0853528305888176,0.06600657850503922,0.11571389436721802,0.01,0,0.0,0.0,0.0,0.0,0.0,0.0,0.0,0.0,0.0,0.0,0.0
1618,6627328,627.1606323377317,615.4766899943285,6.655004270003701,0.07965204199717846,11,0,0,11,0.0,0.0,1.0,-0.011986639664974064,0.6234077498316765,0.21355613879859447,-3.2203017592430117,0.02561899449210614,0.08514313399791718,0.06579805910587311,0.11531484872102737,0.01,0,0.0,0.0,0.0,0.0,0.0,0.0,0.0,0.0,0.0,0.0,0.0
1619,6631424,627.1402414207618,603.1702809919624,6.790785502998915,0.0800961940039997,16,0,0,16,0.0,0.0,1.0,-0.01253001625300385,0.614919638633728,0.20304689444601537,-3.2275537490844726,0.03101851343526505,0.08492070436477661,0.06561372429132462,0.1148340106010437,0.01,0,0.0,0.0,0.0,0.0,0.0,0.0,0.0,0.0,0.0,0.0,0.0
1620,6635520,626.9346001924646,569.1654801503829,7.196501092999824,2.8015384639948024,12,0,0,12,0.0,0.0,1.0,0.0,0.0,0.0,0.0,0.0,0.08492070436477661,0.06561372429132462,0.1148340106010437,0.01,1,0.5956482887268066,0.004404059611260891,4.420149803161621,0.04546920582652092,0.20292958617210388,0.18156439065933228,0.07087989151477814,0.12900516390800476,0.6460009813308716,0.13671875,28.642093658447266
1621,6639616,626.9210150006194,613.0610825651437,6.6812265800035675,0.07838389399694279,11,0,0,11,0.0,0.0,1.0,-0.010573857114650309,0.6534795999526978,0.2093293361365795,-3.232148492336273,0.023319325121701696,0.08485913276672363,0.06539236754179001,0.11490362882614136,0.01,0,0.0,0.0,0.0,0.0,0.0,0.0,0.0,0.0,0.0,0.0,0.0
1622,6643712,626.9260778915806,644.062072419851,6.35963546900166,0.08445489700534381,6,0,0,6,0.0,0.0,1.0,-0.00698329220758751,0.6467811390757561,0.20134633257985116,-3.240695071220398,0.023023376017226836,0.0844031274318695,0.06516650319099426,0.11417654156684875,0.01,0,0.0,0.0,0.0,0.0,0.0,0.0,0.0,0.0,0.0,0.0,0.0
1623,6647808,626.916777970792,619.9411757613184,6.607078478002222,0.07983680799952708,11,0,0,11,0.0,0.0,1.0,-0.012669287214521319,0.5431832686066628,0.19921105466783046,-3.254268002510071,0.024067205717437902,0.08411544561386108,0.06503269821405411,0.11363275349140167,0.01,0,0.0,0.0,0.0,0.0,0.0,0.0,0.0,0.0,0.0,0.0,0.0
1624,6651904,626.9169232274271,635.0729073134165,6.449653186005889,0.07781150300434092,10,0,1,9,0.0,0.1,0.9,-0.005913181358482689,0.723562267422676,0.21870684958994388,-3.259874951839447,0.031291922662057915,0.08406738936901093,0.06491733342409134,0.11333015561103821,0.01,0,0.0,0.0,0.0,0.0,0.0,0.0,0.0,0.0,0.0,0.0,0.0
1625,6656000,626.8964057442334,602.3970199835975,6.799502428002597,0.07789756899728673,18,0,1,17,0.0,0.05555555555555555,0.9444444444444444,-0.012000834965147079,0.7365281239151955,0.22467583268880845,-3.2598247647285463,0.023710917949210854,0.08399812877178192,0.06500589847564697,0.11299429088830948,0.01,0,0.0,0.0,0.0,0.0,0.0,0.0,0.0,0.0,0.0,0.0,0.0
1626,6660096,626.8837946767877,614.4113126335754,6.666543918996467,0.07776074299908942,11,0,1,10,0.0,0.09090909090909091,0.9090909090909091,-0.010523589432705194,0.7852752014994622,0.2158193752169609,-3.262097704410553,0.02525856417196337,0.08386530727148056,0.0649607926607132,0.11271779239177704,0.01,0,0.0,0.0,0.0,0.0,0.0,0.0,0.0,0.0,0.0,0.0,0.0
1627,6664192,626.8829756503974,633.6600725589179,6.46403360000113,0.08027543900243472,10,0,0,10,0.0,0.0,1.0,-0.009113074222113937,0.7206399068236351,0.2118825428187847,-3.2666619062423705,0.021017573087010532,0.08383530378341675,0.06489848345518112,0.11293229460716248,0.01,0,0.0,0.0,0.0,0.0,0.0,0.0,0.0,0.0,0.0,0.0,0.0
1628,6668288,626.8930973847228,652.278162891555,6.279529551997257,0.07934847100113984,5,0,1,4,0.0,0.2,0.8,-0.014021569839678704,0.6976737216114998,0.20005118772387503,-3.269640827178955,0.025968659442150967,0.08360467851161957,0.06507621705532074,0.11207719147205353,0.01,0,0.0,0.0,0.0,0.0,0.0,0.0,0.0,0.0,0.0,0.0,0.0
1629,6672384,626.88407152558,620.1094341275392,6.605285735997313,0.07865859899902716,11,0,0,11,0.0,0.0,1.0,-0.01468385774642229,0.5778448447585106,0.2031840417534113,-3.2751018404960632,0.021330715538351797,0.08335940539836884,0.0648772120475769,0.11141160875558853,0.01,0,0.0,0.0,0.0,0.0,0.0,0.0,0.0,0.0,0.0,0.0,0.0
1630,6676480,626.8798209028813,627.7464804120013,6.524927065001975,0.0775091710020206,13,0,0,13,0.0,0.0,1.0,-0.008219361840747296,0.4830946706235409,0.19232904389500619,-3.2773069381713866,0.022806564363418148,0.08343680202960968,0.06515062600374222,0.1112549677491188,0.01,0,0.0,0.0,0.0,0.0,0.0,0.0,0.0,0.0,0.0,0.0,0.0
1631,6680576,626.8630269167749,608.8307008897799,6.7276502219974645,0.08853536999959033,15,0,0,15,0.0,0.0,1.0,-0.010869898064993323,0.6023863062262536,0.214966094866395,-3.277568781375885,0.021248412746354008,0.0833294615149498,0.06518871337175369,0.1113000437617302,0.01,0,0.0,0.0,0.0,0.0,0.0,0.0,0.0,0.0,0.0,0.0,0.0
1632,6684672,626.8480296179179,610.8086786651681,6.705864115996519,0.08040599599917186,13,0,0,13,0.0,0.0,1.0,-0.010315206286031752,0.7142842575907707,0.2202881034463644,-3.2796491146087647,0.029317930492106827,0.08339032530784607,0.06512981653213501,0.11187344789505005,0.01,0,0.0,0.0,0.0,0.0,0.0,0.0,0.0,0.0,0.0,0.0,0.0
1633,6688768,626.8494508731744,637.2236891696888,6.427884068994899,0.07920365799509455,8,0,0,8,0.0,0.0,1.0,-0.013297986844554544,0.6359465107321739,0.20993754491209984,-3.277593696117401,0.01762646949500777,0.08355023711919785,0.06523115187883377,0.11235903203487396,0.01,0,0.0,0.0,0.0,0.0,0.0,0.0,0.0,0.0,0.0,0.0,0.0
1634,6692864,626.8521045294633,639.2296428834447,6.407712854997953,0.07806404899747577,6,0,0,6,0.0,0.0,1.0,-0.011407636769581586,0.7574963659048081,0.2032653983682394,-3.2767505168914797,0.02140042697719764,0.08349545300006866,0.06506368517875671,0.11250992864370346,0.01,0,0.0,0.0,0.0,0.0,0.0,0.0,0.0,0.0,0.0,0.0,0.0
1635,6696960,626.8406882368342,616.6777391285249,6.642042901999957,0.08365901000070153,12,0,0,12,0.0,0.0,1.0,-0.012261474726255984,0.5531508482992649,0.1962734293192625,-3.2827015280723573,0.02543666134006344,0.08325254917144775,0.0647461786866188,0.11180635541677475,0.01,0,0.0,0.0,0.0,0.0,0.0,0.0,0.0,0.0,0.0,0.0,0.0
1636,6701056,626.8379485434316,630.2689786492035,6.4988126319949515,0.07914371199876769,12,0,0,12,0.0,0.0,1.0,-0.010816822666674853,0.718938872218132,0.2005306649953127,-3.2835960030555724,0.02251316208858043,0.08341063559055328,0.06478439271450043,0.11200816929340363,0.01,0,0.0,0.0,0.0,0.0,0.0,0.0,0.0,0.0,0.0,0.0,0.0
1637,6705152,626.8132782283891,595.9518778826974,6.873038163001183,0.07920166900294134,15,0,0,15,0.0,0.0,1.0,-0.01191488946788013,0.5824715092778205,0.19863060899078847,-3.2857722520828245,0.02637654202117119,0.08305531740188599,0.06485563516616821,0.11134500056505203,0.01,0,0.0,0.0,0.0,0.0,0.0,0.0,0.0,0.0,0.0,0.0,0.0
1638,6709248,626.8010362860524,614.9722318765122,6.660463331005303,0.08012887299992144,12,0,0,12,0.0,0.0,1.0,-0.006248143617995083,0.6227003157138824,0.20531413964927198,-3.29068124294281,0.022468358135665768,0.08308233320713043,0.06488721817731857,0.11093609035015106,0.01,0,0.0,0.0,0.0,0.0,0.0,0.0,0.0,0.0,0.0,0.0,0.0
1639,6713344,626.7989461881093,631.5189281420647,6.485949695997988,0.08120073399913963,9,0,0,9,0.0,0.0,1.0,-0.010314056766219437,0.6584894046187401,0.2098001804202795,-3.289736497402191,0.01723017220501788,0.08295440673828125,0.06480642408132553,0.11045783758163452,0.01,0,0.0,0.0,0.0,0.0,0.0,0.0,0.0,0.0,0.0,0.0,0.0
1640,6717440,626.618266391951,596.5500246731552,6.866146728003514,2.755869578999409,7,0,2,5,0.0,0.2857142857142857,0.7142857142857143,0.0,0.0,0.0,0.0,0.0,0.08295440673828125,0.06480642408132553,0.11045783758163452,0.01,1,0.5072654485702515,0.00496731186285615,4.6759867668151855,0.04090022295713425,0.21797364950180054,0.10226672887802124,0.07026586681604385,0.12216587364673615,0.4645848870277405,0.0859375,29.335586547851562
1641,6721536,626.6049266181659,612.9065862648902,6.682910727002309,0.07905269599723397,11,0,0,11,0.0,0.0,1.0,-0.008645318215712905,0.6307712852954864,0.19461210034787654,-3.2990989208221437,0.028055752147338353,0.08259761333465576,0.06430068612098694,0.11033931374549866,0.01,0,0.0,0.0,0.0,0.0,0.0,0.0,0.0,0.0,0.0,0.0,0.0
1642,6725632,626.6010197960584,628.2164634999431,6.520045618002769,0.08012402500025928,13,0,0,13,0.0,0.0,1.0,-0.015903357102070005,0.5764729365706444,0.1950760681182146,-3.309412896633148,0.019398267383803614,0.08251362293958664,0.06413361430168152,0.11034009605646133,0.01,0,0.0,0.0,0.0,0.0,0.0,0.0,0.0,0.0,0.0,0.0,0.0
1643,6729728,626.5960106405179,626.1375314622134,6.541693787999975,0.07754681900405558,13,0,0,13,0.0,0.0,1.0,-0.009431459661573171,0.6338864788413048,0.2084318060427904,-3.3158515453338624,0.024858026500442065,0.08226358890533447,0.06390929967164993,0.11040856689214706,0.01,0,0.0,0.0,0.0,0.0,0.0,0.0,0.0,0.0,0.0,0.0,0.0
1644,6733824,626.5822634742829,612.3040544431965,6.689486980001675,0.0801641229991219,12,0,0,12,0.0,0.0,1.0,-0.013655611942522228,0.6190436065196991,0.2215735375881195,-3.323477530479431,0.019391282901051455,0.08213064074516296,0.06403636932373047,0.10977636277675629,0.01,0,0.0,0.0,0.0,0.0,0.0,0.0,0.0,0.0,0.0,0.0,0.0
1645,6737920,626.5853944723362,639.8299411996591,6.401701039998443,0.07843000600405503,9,0,1,8,0.0,0.1111111111111111,0.8888888888888888,-0.014680445962585508,0.7748418688774109,0.20383065342903137,-3.3248079776763917,0.02178230525169056,0.08209174871444702,0.06410490721464157,0.10991712659597397,0.01,0,0.0,0.0,0.0,0.0,0.0,0.0,0.0,0.0,0.0,0.0,0.0
1646,6742016,626.5823317507826,629.7191608019741,6.504486849000386,0.08183179199841106,8,0,0,8,0.0,0.0,1.0,-0.012590173608623445,0.5932870879769325,0.20376872830092907,-3.327090358734131,0.02288556920539122,0.08204618096351624,0.06383261829614639,0.11025294661521912,0.01,0,0.0,0.0,0.0,0.0,0.0,0.0,0.0,0.0,0.0,0.0,0.0
1647,6746112,626.5672685943174,609.291545048411,6.722561691996816,0.07000343300023815,11,0,1,10,0.0,0.09090909090909091,0.9090909090909091,-0.010146005172282457,0.7618357703089714,0.20464068427681922,-3.3381327271461485,0.01936371404735837,0.08160042017698288,0.06302156299352646,0.10972850024700165,0.01,0,0.0,0.0,0.0,0.0,0.0,0.0,0.0,0.0,0.0,0.0,0.0
1648,6750208,626.5508786444433,608.4660973329105,6.731681548000779,0.08445938399381703,16,0,1,15,0.0,0.0625,0.9375,-0.012797263421816751,0.6270293235778809,0.20823698081076145,-3.351799762248993,0.023381300776964053,0.08147045969963074,0.06285945326089859,0.10974954068660736,0.01,0,0.0,0.0,0.0,0.0,0.0,0.0,0.0,0.0,0.0,0.0,0.0
1649,6754304,626.5371977204466,612.326941940994,6.689236940997944,0.08005994999984978,11,0,0,11,0.0,0.0,1.0,-0.010140652547124773,0.7657009467482567,0.2195631217211485,-3.3532336354255676,0.025071978734922597,0.08146730065345764,0.06281517446041107,0.10958700627088547,0.01,0,0.0,0.0,0.0,0.0,0.0,0.0,0.0,0.0,0.0,0.0,0.0
1650,6758400,626.5287027640379,620.3792096421486,6.602413389002322,0.07827003500278806,10,0,1,9,0.0,0.1,0.9,-0.010943240707274527,0.8399797558784485,0.22361418344080447,-3.357129144668579,0.024964761149021797,0.08117427676916122,0.06234591826796532,0.10868137329816818,0.01,0,0.0,0.0,0.0,0.0,0.0,0.0,0.0,0.0,0.0,0.0,0.0
1651,6762496,626.5195687700016,619.7107441184128,6.609535237003001,0.08050760800688295,10,0,0,10,0.0,0.0,1.0,-0.0006537084700539708,0.7212486892938614,0.2139311857521534,-3.3619364619255068,0.031684572907397526,0.08113053441047668,0.06228196248412132,0.10808345675468445,0.01,0,0.0,0.0,0.0,0.0,0.0,0.0,0.0,0.0,0.0,0.0,0.0
1652,6766592,626.512601792211,623.0834512652472,6.5737582849978935,0.0807327790025738,9,0,0,9,0.0,0.0,1.0,-0.009280426084296777,0.5817759469151497,0.19684798270463943,-3.3656229734420777,0.022259591703186744,0.08085650205612183,0.062244947999715805,0.10767413675785065,0.01,0,0.0,0.0,0.0,0.0,0.0,0.0,0.0,0.0,0.0,0.0,0.0
1653,6770688,626.5075135580717,626.0251838690326,6.5428677720046835,0.07923203000245849,10,0,0,10,0.0,0.0,1.0,-0.01202515912009403,0.6020552434027195,0.20868920497596263,-3.375301516056061,0.019523496957845055,0.08057069033384323,0.06227988377213478,0.10727812349796295,0.01,0,0.0,0.0,0.0,0.0,0.0,0.0,0.0,0.0,0.0,0.0,0.0
1654,6774784,626.5027980646084,626.731935681633,6.535489523994329,0.08043418300076155,16,0,0,16,0.0,0.0,1.0,-0.008319811371620744,0.6577167958021164,0.2031532771885395,-3.3826424837112428,0.025448075801250525,0.08047302812337875,0.06223884969949722,0.10692190378904343,0.01,0,0.0,0.0,0.0,0.0,0.0,0.0,0.0,0.0,0.0,0.0,0.0
1655,6778880,626.4897893489955,614.6461438068924,6.663996905001113,0.09533686799841234,11,0,1,10,0.0,0.09090909090909091,0.9090909090909091,-0.015088037610985339,0.7044367447495461,0.205874689668417,-3.3859284043312075,0.029278932031593284,0.08032607287168503,0.06190067157149315,0.10688472539186478,0.01,0,0.0,0.0,0.0,0.0,0.0,0.0,0.0,0.0,0.0,0.0,0.0
1656,6782976,626.4793865706077,617.3626660506908,6.634673952998128,0.07946564100711839,11,0,0,11,0.0,0.0,1.0,-0.008025004295632243,0.7440468609333039,0.22980090118944646,-3.393606972694397,0.027275741967605426,0.080155149102211,0.061668287962675095,0.1067211702466011,0.01,0,0.0,0.0,0.0,0.0,0.0,0.0,0.0,0.0,0.0,0.0,0.0
1657,6787072,626.4775234663972,631.3080726276927,6.488115988999198,0.07872512099856976,9,0,0,9,0.0,0.0,1.0,-0.007130642549600452,0.6764572158455848,0.20870994701981543,-3.401920437812805,0.02398699894256424,0.07985812425613403,0.061398886144161224,0.10625658184289932,0.01,0,0.0,0.0,0.0,0.0,0.0,0.0,0.0,0.0,0.0,0.0,0.0
1658,6791168,626.4701943728663,622.2016830580689,6.583074446003593,0.07900605100439861,8,0,0,8,0.0,0.0,1.0,-0.012708055827533826,0.6775381043553352,0.19112529344856738,-3.4135765552520754,0.02456251299881842,0.07961282134056091,0.061249226331710815,0.10626407712697983,0.01,0,0.0,0.0,0.0,0.0,0.0,0.0,0.0,0.0,0.0,0.0,0.0
1659,6795264,626.4660181271516,627.3057189508282,6.529511649998312,0.07781594800326275,10,0,0,10,0.0,0.0,1.0,-0.014577965380158275,0.6381151601672173,0.18998331874608992,-3.4181665539741517,0.025514914974337444,0.07965952157974243,0.061587926000356674,0.10657430440187454,0.01,0,0.0,0.0,0.0,0.0,0.0,0.0,0.0,0.0,0.0,0.0,0.0
1660,6799360,626.2683562601939,582.7135124388972,7.029183145001298,2.9313256349996664,17,0,0,17,0.0,0.0,1.0,0.0,0.0,0.0,0.0,0.0,0.07965952157974243,0.061587926000356674,0.10657430440187454,0.01,1,0.6057418584823608,0.004425102844834328,4.47606897354126,0.04849128797650337,0.23107275366783142,0.16444513201713562,0.08076395094394684,0.13505694270133972,0.49532243609428406,0.1171875,28.56102180480957
1661,6803456,626.2635301208568,625.8261510617036,6.544948614005989,0.07619361599790864,12,0,0,12,0.0,0.0,1.0,-0.012637701886706054,0.7621416091918946,0.20074971988797188,-3.41708790063858,0.02295579091296531,0.07964464277029037,0.06175428628921509,0.1068679541349411,0.01,0,0.0,0.0,0.0,0.0,0.0,0.0,0.0,0.0,0.0,0.0,0.0
1662,6807552,626.2584521590642,625.931192130583,6.543850269001268,0.0809512280029594,10,0,0,10,0.0,0.0,1.0,-0.011747066921088845,0.7696878656744957,0.18971747271716594,-3.421916401386261,0.02961777846212499,0.07951918989419937,0.061753787100315094,0.10691875219345093,0.01,0,0.0,0.0,0.0,0.0,0.0,0.0,0.0,0.0,0.0,0.0,0.0
1663,6811648,626.2584907149068,633.875464558049,6.461837110000488,0.07476193999900715,8,0,0,8,0.0,0.0,1.0,-0.011316433688625694,0.730894960463047,0.20534244626760484,-3.429070329666138,0.023221226668101735,0.07929284870624542,0.06156683340668678,0.10692892223596573,0.01,0,0.0,0.0,0.0,0.0,0.0,0.0,0.0,0.0,0.0,0.0,0.0
1664,6815744,626.2519876058394,623.3529377679088,6.570916332995694,0.07864642899949104,9,0,2,7,0.0,0.2222222222222222,0.7777777777777778,-0.010197357571450993,0.744696567952633,0.20438057109713553,-3.435465431213379,0.02908114670426585,0.07927025854587555,0.061409469693899155,0.10709351301193237,0.01,0,0.0,0.0,0.0,0.0,0.0,0.0,0.0,0.0,0.0,0.0,0.0
1665,6819840,626.2383253288161,611.7908722500093,6.695098252996104,0.07973015500465408,14,0,1,13,0.0,0.07142857142857142,0.9285714285714286,-0.0095186747610569,0.7659145250916481,0.1945571441203356,-3.4394812107086183,0.028453509285463953,0.0791824460029602,0.060987114906311035,0.10729832947254181,0.01,0,0.0,0.0,0.0,0.0,0.0,0.0,0.0,0.0,0.0,0.0,0.0
1666,6823936,626.2300329629963,620.3193864870284,6.603050120997068,0.07822969999688212,13,0,0,13,0.0,0.0,1.0,-0.011499181669205428,0.7245188683271409,0.20994357131421565,-3.4444184422492983,0.023594906920334325,0.07907483726739883,0.06105154752731323,0.10738472640514374,0.01,0,0.0,0.0,0.0,0.0,0.0,0.0,0.0,0.0,0.0,0.0,0.0
1667,6828032,626.2082987166607,599.2579635307223,6.835119846997259,0.08038238500012085,13,0,1,12,0.0,0.07692307692307693,0.9230769230769231,-0.007696163130458444,0.7404690966010093,0.217545048892498,-3.447629189491272,0.023104499460896478,0.0790652483701706,0.06125620752573013,0.10735685378313065,0.01,0,0.0,0.0,0.0,0.0,0.0,0.0,0.0,0.0,0.0,0.0,0.0
1668,6832128,626.2104281069653,637.9415837947836,6.4206505800029845,0.07937172500533052,7,0,1,6,0.0,0.14285714285714285,0.8571428571428571,-0.0064221079461276535,0.7724695801734924,0.2012572329491377,-3.449832046031952,0.02645091529993806,0.07884359359741211,0.061456236988306046,0.10666411370038986,0.01,0,0.0,0.0,0.0,0.0,0.0,0.0,0.0,0.0,0.0,0.0,0.0
1669,6836224,626.20936447537,632.49001829135,6.475991528001032,0.07881719700526446,9,0,0,9,0.0,0.0,1.0,-0.009612731833476574,0.7852893590927124,0.20522154457867145,-3.4521036744117737,0.025168751779710875,0.07886334508657455,0.06174110621213913,0.10636909306049347,0.01,0,0.0,0.0,0.0,0.0,0.0,0.0,0.0,0.0,0.0,0.0,0.0
1670,6840320,626.195912285136,611.1646744460934,6.70195803399838,0.07007161700312281,11,0,0,11,0.0,0.0,1.0,-0.003120890189893544,0.5226393446326256,0.20708737410604955,-3.4494353771209716,0.030015265638940036,0.07880233228206635,0.06170332059264183,0.1061251312494278,0.01,0,0.0,0.0,0.0,0.0,0.0,0.0,0.0,0.0,0.0,0.0,0.0
1671,6844416,626.1861411426531,617.8076489084445,6.629895254998701,0.07859577199997148,13,0,0,13,0.0,0.0,1.0,-0.010923784133046866,0.5594631023705006,0.20633253008127211,-3.4509636759757996,0.026043363026110454,0.07886813580989838,0.061521872878074646,0.10643357783555984,0.01,0,0.0,0.0,0.0,0.0,0.0,0.0,0.0,0.0,0.0,0.0,0.0
1672,6848512,626.1761100318515,617.4906415278064,6.633298911001475,0.07970564800052671,13,0,0,13,0.0,0.0,1.0,-0.012558311270549894,0.6168809682130814,0.2029179133474827,-3.4493674874305724,0.02880551867710892,0.07887551188468933,0.06174520030617714,0.10625477880239487,0.01,0,0.0,0.0,0.0,0.0,0.0,0.0,0.0,0.0,0.0,0.0,0.0
1673,6852608,626.1627944064369,612.2058613553008,6.690559922004468,0.07985444299993105,13,0,1,12,0.0,0.07692307692307693,0.9230769230769231,0.0015288722584955393,0.8649496003985405,0.21272171773016452,-3.4466110467910767,0.028375430178130046,0.07895585894584656,0.061836156994104385,0.10628685355186462,0.01,0,0.0,0.0,0.0,0.0,0.0,0.0,0.0,0.0,0.0,0.0,0.0
1674,6856704,626.1566277796481,623.7810722388424,6.566406360005203,0.07937443900300423,10,0,1,9,0.0,0.1,0.9,-0.010906620480818674,0.8198950916528702,0.2090320833027363,-3.449356496334076,0.023420342401368543,0.07874177396297455,0.061779171228408813,0.10577434301376343,0.01,0,0.0,0.0,0.0,0.0,0.0,0.0,0.0,0.0,0.0,0.0,0.0
1675,6860800,626.1526982031482,627.5036976234721,6.527451576002932,0.07937934800429503,10,0,2,8,0.0,0.2,0.8,-0.015720529900863766,0.7076812714338303,0.19515687078237534,-3.4583614230155946,0.026072844504960814,0.07843200862407684,0.06141548976302147,0.10549513250589371,0.01,0,0.0,0.0,0.0,0.0,0.0,0.0,0.0,0.0,0.0,0.0,0.0
1676,6864896,626.1530417325322,634.7527744355914,6.452906020997034,0.07919004999712342,9,0,0,9,0.0,0.0,1.0,-0.00811314673628658,0.6436222240328788,0.20092651285231114,-3.467968463897705,0.02286552011210006,0.07823355495929718,0.061611030250787735,0.10480974614620209,0.01,0,0.0,0.0,0.0,0.0,0.0,0.0,0.0,0.0,0.0,0.0,0.0
1677,6868992,626.1405765269907,613.3811021317202,6.677740781000466,0.07877166900289012,13,0,1,12,0.0,0.07692307692307693,0.9230769230769231,-0.01098094079643488,0.6218897119164467,0.21523143500089645,-3.469280207157135,0.029553656841744668,0.07819601893424988,0.06197775900363922,0.10429603606462479,0.01,0,0.0,0.0,0.0,0.0,0.0,0.0,0.0,0.0,0.0,0.0,0.0
1678,6873088,626.1328843834159,621.1150899260276,6.594591028995637,0.07871436399727827,11,0,1,10,0.0,0.09090909090909091,0.9090909090909091,-0.008328400057507679,0.7170857846736908,0.20923400335013867,-3.464556610584259,0.027499136512051336,0.07837247103452682,0.06212013214826584,0.10442248731851578,0.01,0,0.0,0.0,0.0,0.0,0.0,0.0,0.0,0.0,0.0,0.0,0.0
1679,6877184,626.1216800688388,615.6617272624796,6.653004107000015,0.08205193699541269,12,0,1,11,0.0,0.08333333333333333,0.9166666666666666,-0.011452789430040865,0.7362601801753044,0.20598762817680835,-3.460683834552765,0.018531520376564005,0.07829239219427109,0.06234844774007797,0.10383376479148865,0.01,0,0.0,0.0,0.0,0.0,0.0,0.0,0.0,0.0,0.0,0.0,0.0
1680,6881280,625.9341884595657,581.1335102925298,7.048294286003511,2.782470027996169,10,0,0,10,0.0,0.0,1.0,0.0,0.0,0.0,0.0,0.0,0.07829239219427109,0.06234844774007797,0.10383376479148865,0.01,1,0.6004696488380432,0.004588289186358452,4.532705307006836,0.05729341506958008,0.1941172033548355,0.17780208587646484,0.0725879967212677,0.13085807859897614,0.6790902614593506,0.0859375,28.661701202392578
1681,6885376,625.9295740767398,627.5283740202402,6.527194895999855,0.0947700880060438,12,0,2,10,0.0,0.16666666666666666,0.8333333333333334,-0.010757498070597648,0.8554761826992034,0.20324762761592866,-3.4612038135528564,0.025077715958468617,0.07826955616474152,0.062417324632406235,0.10362248867750168,0.01,0,0.0,0.0,0.0,0.0,0.0,0.0,0.0,0.0,0.0,0.0,0.0
1682,6889472,625.9242309091129,624.6144948836985,6.557644808999612,0.0771502790012164,8,0,0,8,0.0,0.0,1.0,-0.011518142081331461,0.7897512555122376,0.21528898552060127,-3.4619145512580873,0.029407037992496044,0.07829173654317856,0.062410835176706314,0.10380963236093521,0.01,0,0.0,0.0,0.0,0.0,0.0,0.0,0.0,0.0,0.0,0.0,0.0
1683,6893568,625.9062011725323,604.1618025909063,6.779640788998222,0.07831343900033971,17,0,2,15,0.0,0.11764705882352941,0.8823529411764706,-0.009345652902266011,0.8663960471749306,0.21238271668553352,-3.4655077934265135,0.028434462871518917,0.0780290886759758,0.06227296218276024,0.10351227968931198,0.01,0,0.0,0.0,0.0,0.0,0.0,0.0,0.0,0.0,0.0,0.0,0.0
1684,6897664,625.8976341954661,619.3355368241253,6.613539441001194,0.07829736299754586,11,0,2,9,0.0,0.18181818181818182,0.8181818181818182,-0.010315243649529293,0.748484629392624,0.20866333432495593,-3.471004903316498,0.01899819734389894,0.07801167666912079,0.062480319291353226,0.10311290621757507,0.01,0,0.0,0.0,0.0,0.0,0.0,0.0,0.0,0.0,0.0,0.0,0.0
1685,6901760,625.8967884569314,632.4349735248691,6.476555173998349,0.07852587499655783,9,0,1,8,0.0,0.1111111111111111,0.8888888888888888,-0.008845094800926745,0.8524066522717476,0.21061789840459824,-3.468524360656738,0.028100580029422416,0.07802341878414154,0.062830351293087,0.10272842645645142,0.01,0,0.0,0.0,0.0,0.0,0.0,0.0,0.0,0.0,0.0,0.0,0.0
1686,6905856,625.8924778455864,626.3127363384077,6.539863812999101,0.07699983999918913,8,0,0,8,0.0,0.0,1.0,-0.010228996723890304,0.5181058838963508,0.1997454699128866,-3.4666088342666628,0.028314455007785,0.07802233099937439,0.06279933452606201,0.10276060551404953,0.01,0,0.0,0.0,0.0,0.0,0.0,0.0,0.0,0.0,0.0,0.0,0.0
1687,6909952,625.8882022511018,626.4310258374401,6.538628884998616,0.07789347999641905,13,0,1,12,0.0,0.07692307692307693,0.9230769230769231,-0.004773900646250695,0.6548526957631111,0.1876267220824957,-3.4686420917510987,0.02929865332262125,0.07797904312610626,0.06248904764652252,0.10283258557319641,0.01,0,0.0,0.0,0.0,0.0,0.0,0.0,0.0,0.0,0.0,0.0,0.0
1688,6914048,625.8916714128791,638.8385548740827,6.411635566997575,0.06795236600009957,8,0,0,8,0.0,0.0,1.0,-0.014985143241938203,0.5878151997923851,0.18777037002146243,-3.4762513637542725,0.02230390690965578,0.07766775786876678,0.06221867352724075,0.10286442190408707,0.01,0,0.0,0.0,0.0,0.0,0.0,0.0,0.0,0.0,0.0,0.0,0.0
1689,6918144,625.8797154649791,613.1281801537586,6.680495420994703,0.07180085699656047,16,0,0,16,0.0,0.0,1.0,-0.010621243255445733,0.5127008959650994,0.1964158710092306,-3.488926410675049,0.028524650569306687,0.07736609131097794,0.06210257112979889,0.1018696278333664,0.01,0,0.0,0.0,0.0,0.0,0.0,0.0,0.0,0.0,0.0,0.0,0.0
1690,6922240,625.8744732086867,625.2078532778404,6.551421224998194,0.08203609200427309,11,0,0,11,0.0,0.0,1.0,-0.004370011592982337,0.6664694666862487,0.21569056920707225,-3.490473735332489,0.020539112403639592,0.0775039941072464,0.06207976117730141,0.10188769549131393,0.01,0,0.0,0.0,0.0,0.0,0.0,0.0,0.0,0.0,0.0,0.0,0.0
1691,6926336,625.8680072301744,622.9864902864406,6.574781417999475,0.08102198999404209,10,0,0,10,0.0,0.0,1.0,-0.008771406370215118,1.007352602481842,0.21884017586708068,-3.48714200258255,0.02951762511220295,0.07744190096855164,0.062096577137708664,0.10187601298093796,0.01,0,0.0,0.0,0.0,0.0,0.0,0.0,0.0,0.0,0.0,0.0,0.0
1692,6930432,625.8614694541042,622.6512154113288,6.578321696993953,0.07865658600348979,8,0,0,8,0.0,0.0,1.0,-0.011865650792606175,0.6954919040203095,0.22578593492507934,-3.496057856082916,0.027901487358030864,0.07711618393659592,0.06190620735287666,0.10173152387142181,0.01,0,0.0,0.0,0.0,0.0,0.0,0.0,0.0,0.0,0.0,0.0,0.0
1693,6934528,625.8567847926213,625.8697818439497,6.544492351000372,0.0795791510026902,12,0,1,11,0.0,0.08333333333333333,0.9166666666666666,-0.009414178831502796,0.8554900527000427,0.21222288422286512,-3.5072057127952574,0.022247671944205648,0.07687303423881531,0.061996400356292725,0.10108894854784012,0.01,0,0.0,0.0,0.0,0.0,0.0,0.0,0.0,0.0,0.0,0.0,0.0
1694,6938624,625.8482952574748,619.4358178605567,6.612468768995313,0.07918679100112058,9,0,1,8,0.0,0.1111111111111111,0.8888888888888888,-0.015983800496906043,0.6572881698608398,0.19417569413781166,-3.5128780603408813,0.023160330214886928,0.07663752883672714,0.062198445200920105,0.10015738755464554,0.01,0,0.0,0.0,0.0,0.0,0.0,0.0,0.0,0.0,0.0,0.0,0.0
1695,6942720,625.8320855400456,606.8907572581063,6.749155347999476,0.07976309699733974,17,0,0,17,0.0,0.0,1.0,-0.007233153318520635,0.7149492308497429,0.2246852457523346,-3.518604242801666,0.020904404632165096,0.07651123404502869,0.062215887010097504,0.09983374923467636,0.01,0,0.0,0.0,0.0,0.0,0.0,0.0,0.0,0.0,0.0,0.0,0.0
1696,6946816,625.8238066595578,619.6680809558329,6.60999029300001,0.07878153899946483,10,0,2,8,0.0,0.2,0.8,-0.012442177347838878,0.7242135271430016,0.1932483647018671,-3.524385452270508,0.022867489780765027,0.0762842446565628,0.062169935554265976,0.09949783980846405,0.01,0,0.0,0.0,0.0,0.0,0.0,0.0,0.0,0.0,0.0,0.0,0.0
1697,6950912,625.8204313897797,627.144014916081,6.531195232004393,0.07038916400051676,9,0,1,8,0.0,0.1111111111111111,0.8888888888888888,-0.00879236829932779,0.7586993142962456,0.22624265141785144,-3.5284815669059753,0.030198347984696738,0.0763976126909256,0.0620913952589035,0.09981662780046463,0.01,0,0.0,0.0,0.0,0.0,0.0,0.0,0.0,0.0,0.0,0.0,0.0
1698,6955008,625.8091217836426,614.8571284753606,6.661710192995088,0.0787085650008521,10,0,2,8,0.0,0.2,0.8,-0.010873567406088113,0.8312093332409859,0.2130681298673153,-3.5224440693855286,0.023612514924025163,0.07656526565551758,0.06204436719417572,0.10021805763244629,0.01,0,0.0,0.0,0.0,0.0,0.0,0.0,0.0,0.0,0.0,0.0,0.0
1699,6959104,625.8088116468664,633.2916298327,6.467794309995952,0.07938774100330193,12,0,0,12,0.0,0.0,1.0,-0.002851447369903326,0.5567881651222706,0.20380845814943313,-3.5213584542274474,0.030457793711684646,0.07656610757112503,0.061730027198791504,0.1005275696516037,0.01,0,0.0,0.0,0.0,0.0,0.0,0.0,0.0,0.0,0.0,0.0,0.0
1700,6963200,625.6247410717878,582.4852038278319,7.031938275998982,2.7829348829982337,13,0,1,12,0.0,0.07692307692307693,0.9230769230769231,0.0,0.0,0.0,0.0,0.0,0.07656610757112503,0.061730027198791504,0.1005275696516037,0.01,1,0.5369622707366943,0.0044604698196053505,4.511505603790283,0.03834109008312225,0.22168460488319397,0.14763188362121582,0.05628478527069092,0.1154635027050972,0.45466768741607666,0.1484375,28.723609924316406
1701,6967296,625.6203979385268,626.2423885102968,6.540598457002488,0.07853907700337004,11,0,1,10,0.0,0.09090909090909091,0.9090909090909091,-0.005346122675109655,0.8104741498827934,0.2183948799967766,-3.520274543762207,0.025434903940185903,0.07661976665258408,0.06183081865310669,0.10044092684984207,0.01,0,0.0,0.0,0.0,0.0,0.0,0.0,0.0,0.0,0.0,0.0,0.0
1702,6971392,625.6031813660808,605.2006071683533,6.768003785000474,0.08210475400119321,14,0,1,13,0.0,0.07142857142857142,0.9285714285714286,-0.01624737944221124,0.6921303600072861,0.21429225467145444,-3.5249833941459654,0.026945394411450253,0.0762912929058075,0.06162165105342865,0.10028498619794846,0.01,0,0.0,0.0,0.0,0.0,0.0,0.0,0.0,0.0,0.0,0.0,0.0
1703,6975488,625.6078104814953,641.7855349022511,6.3821943269940675,0.07892906800407218,7,0,1,6,0.0,0.14285714285714285,0.8571428571428571,-0.012619847781024873,0.7062980741262436,0.20679174438118936,-3.531179463863373,0.023060696353786624,0.07635226100683212,0.06200060993432999,0.09989767521619797,0.01,0,0.0,0.0,0.0,0.0,0.0,0.0,0.0,0.0,0.0,0.0,0.0
1704,6979584,625.5962271276934,614.8362819235836,6.661936063996109,0.08823546199710108,12,0,0,12,0.0,0.0,1.0,-0.009251558315008878,0.6380249753594398,0.20705301091074943,-3.5281972765922545,0.030594676244072617,0.07635946571826935,0.06223614886403084,0.09971382468938828,0.01,0,0.0,0.0,0.0,0.0,0.0,0.0,0.0,0.0,0.0,0.0,0.0
1705,6983680,625.5894097097344,622.0029500250582,6.585177770997689,0.08039167300012195,10,0,3,7,0.0,0.3,0.7,-0.009588087175507099,0.8680244967341423,0.20999330505728722,-3.5263426661491395,0.020132630225270988,0.07635824382305145,0.06210574135184288,0.09994646161794662,0.01,0,0.0,0.0,0.0,0.0,0.0,0.0,0.0,0.0,0.0,0.0,0.0
1706,6987776,625.581795639533,620.5470471460808,6.600627653999254,0.07920549499976914,13,0,0,13,0.0,0.0,1.0,-0.008387889433652162,0.6513231053948403,0.21163749918341637,-3.5261322617530824,0.023900092000258156,0.07644962519407272,0.062155719846487045,0.10029128938913345,0.01,0,0.0,0.0,0.0,0.0,0.0,0.0,0.0,0.0,0.0,0.0,0.0
1707,6991872,625.5608040834204,598.7439714732211,6.840987458999734,0.07775477199902525,13,0,2,11,0.0,0.15384615384615385,0.8461538461538461,-0.0050403356552124025,0.6446140497922898,0.22310200296342372,-3.5213019609451295,0.02930138744704891,0.07668071240186691,0.062198031693696976,0.10065276175737381,0.01,0,0.0,0.0,0.0,0.0,0.0,0.0,0.0,0.0,0.0,0.0,0.0
1708,6995968,625.5528936555218,620.1198804186248,6.60517446599988,0.08029262100171763,12,0,0,12,0.0,0.0,1.0,-0.006774047686485573,0.5803127482533454,0.21631111837923528,-3.5208876848220827,0.02457201675279066,0.07645794749259949,0.06204637512564659,0.1003352552652359,0.01,0,0.0,0.0,0.0,0.0,0.0,0.0,0.0,0.0,0.0,0.0,0.0
1709,7000064,625.5496703337485,627.1879894583236,6.530737304994545,0.07116510099876905,9,0,1,8,0.0,0.1111111111111111,0.8888888888888888,-0.008672760473564268,0.8149678766727447,0.22800630182027817,-3.5236046433448793,0.024346809365670196,0.07652010768651962,0.06204748898744583,0.10009597986936569,0.01,0,0.0,0.0,0.0,0.0,0.0,0.0,0.0,0.0,0.0,0.0,0.0
1710,7004160,625.5469472747958,628.8256494206696,6.513729209000303,0.07884968299913453,12,0,1,11,0.0,0.08333333333333333,0.9166666666666666,-0.008456950075924397,0.658900362253189,0.22807331010699272,-3.5207627534866335,0.025407269681454635,0.0765138640999794,0.06204874441027641,0.09961353242397308,0.01,0,0.0,0.0,0.0,0.0,0.0,0.0,0.0,0.0,0.0,0.0,0.0
1711,7008256,625.5443729662653,629.8642538533832,6.5029885010008,0.08762703699903795,10,0,0,10,0.0,0.0,1.0,-0.013550292735453695,0.6477323815226554,0.2287540927529335,-3.5186429023742676,0.03079243914107792,0.07652102410793304,0.062386468052864075,0.09932751953601837,0.01,0,0.0,0.0,0.0,0.0,0.0,0.0,0.0,0.0,0.0,0.0,0.0
1712,7012352,625.5268250622593,603.8350879659167,6.783309022001049,0.07553700999415014,13,0,2,11,0.0,0.15384615384615385,0.8461538461538461,-0.013239446363877505,0.6343945920467376,0.2102569367736578,-3.516882526874542,0.025601876579457894,0.07659011334180832,0.062099479138851166,0.10000207275152206,0.01,0,0.0,0.0,0.0,0.0,0.0,0.0,0.0,0.0,0.0,0.0,0.0
1713,7016448,625.5142469060971,612.5697236889196,6.686585773997649,0.08379744899866637,11,0,0,11,0.0,0.0,1.0,-0.010209030215628445,0.47949639707803726,0.19486577063798904,-3.519450640678406,0.02835085430415347,0.07649636268615723,0.06216329336166382,0.0997309461236,0.01,0,0.0,0.0,0.0,0.0,0.0,0.0,0.0,0.0,0.0,0.0,0.0
1714,7020544,625.5102917939133,626.6708010681376,6.536127090999798,0.07896090299618663,10,0,0,10,0.0,0.0,1.0,-0.006145832943730056,0.7010386332869529,0.22427449338138103,-3.522214937210083,0.027214481102419086,0.07641534507274628,0.06213204562664032,0.09960901737213135,0.01,0,0.0,0.0,0.0,0.0,0.0,0.0,0.0,0.0,0.0,0.0,0.0
1715,7024640,625.500431325336,616.4662651855298,6.644321403000504,0.07730720200197538,12,0,4,8,0.0,0.3333333333333333,0.6666666666666666,-0.004783060448244214,0.7734141975641251,0.20761811174452305,-3.52339129447937,0.029052421206142754,0.07644979655742645,0.062397029250860214,0.09979519248008728,0.01,0,0.0,0.0,0.0,0.0,0.0,0.0,0.0,0.0,0.0,0.0,0.0
1716,7028736,625.4973137945123,628.1099037631783,6.521151752996957,0.07926398600102402,12,0,2,10,0.0,0.16666666666666666,0.8333333333333334,-0.008991674345452338,0.7170888423919678,0.19524807594716548,-3.5241780161857603,0.03287630965351127,0.07642626017332077,0.06211819499731064,0.09988214820623398,0.01,0,0.0,0.0,0.0,0.0,0.0,0.0,0.0,0.0,0.0,0.0,0.0
1717,7032832,625.4884077373806,617.7772691616884,6.630221285995503,0.07477232000383083,9,0,0,9,0.0,0.0,1.0,-0.011990426352713256,0.5894005596637726,0.20580894649028778,-3.525429379940033,0.023793013260001317,0.0763622522354126,0.061839859932661057,0.0997983068227768,0.01,0,0.0,0.0,0.0,0.0,0.0,0.0,0.0,0.0,0.0,0.0,0.0
1718,7036928,625.46740742655,598.6040624578033,6.842586372004007,0.08019963299739175,14,0,1,13,0.0,0.07142857142857142,0.9285714285714286,-0.01448727726819925,0.9344486206769943,0.22866300567984582,-3.529813230037689,0.02885441822290886,0.07621075212955475,0.06192733347415924,0.09940150380134583,0.01,0,0.0,0.0,0.0,0.0,0.0,0.0,0.0,0.0,0.0,0.0,0.0
1719,7041024,625.4664271850722,631.8478144941147,6.48257366100006,0.08034977199713467,11,0,0,11,0.0,0.0,1.0,-0.013526071154046804,0.6368505716323852,0.21962358243763447,-3.5313552141189577,0.02658720638428349,0.07623858749866486,0.06203942373394966,0.09929975122213364,0.01,0,0.0,0.0,0.0,0.0,0.0,0.0,0.0,0.0,0.0,0.0,0.0
1720,7045120,625.289500653287,589.5269539216673,6.947943555001984,2.784050511996611,11,0,1,10,0.0,0.09090909090909091,0.9090909090909091,0.0,0.0,0.0,0.0,0.0,0.07623858749866486,0.06203942373394966,0.09929975122213364,0.01,1,0.527090311050415,0.005014392547309399,4.666684150695801,0.034684501588344574,0.20733404159545898,0.1780625581741333,0.050766751170158386,0.13100045919418335,0.2502795457839966,0.0625,28.465713500976562
1721,7049216,625.2878854233486,630.2971276245678,6.498522395995678,0.07767649299785262,9,0,0,9,0.0,0.0,1.0,-0.01253965258365497,0.5663167633116245,0.1856369126588106,-3.5339711189270018,0.028939387359423564,0.0760544165968895,0.06176479905843735,0.09929271787405014,0.01,0,0.0,0.0,0.0,0.0,0.0,0.0,0.0,0.0,0.0,0.0,0.0
1722,7053312,625.2776388253856,614.9914433901765,6.660255267001048,0.07160288500017487,13,0,0,13,0.0,0.0,1.0,-0.0013046747073531151,0.8009903624653816,0.2199372362345457,-3.541795885562897,0.033880901132943106,0.07593470066785812,0.0617859922349453,0.09913939982652664,0.01,0,0.0,0.0,0.0,0.0,0.0,0.0,0.0,0.0,0.0,0.0,0.0
1723,7057408,625.2793398490926,636.3175208414829,6.437037903000601,0.07902424500207417,8,0,0,8,0.0,0.0,1.0,-0.00684923609951511,0.6345735162496566,0.21969326436519623,-3.5465741395950316,0.031888663486461154,0.07579703629016876,0.06170084699988365,0.09913503378629684,0.01,0,0.0,0.0,0.0,0.0,0.0,0.0,0.0,0.0,0.0,0.0,0.0
1724,7061504,625.2635823642802,606.6387305986119,6.751959269000508,0.07963544799713418,13,0,1,12,0.0,0.07692307692307693,0.9230769230769231,-0.016867088968865573,0.6993919909000397,0.21155193038284778,-3.5505927205085754,0.023046240239636973,0.07568996399641037,0.06163177266716957,0.09878188371658325,0.01,0,0.0,0.0,0.0,0.0,0.0,0.0,0.0,0.0,0.0,0.0,0.0
1725,7065600,625.2569442030335,622.6110547969907,6.578746022001724,0.0881744130019797,13,0,1,12,0.0,0.07692307692307693,0.9230769230769231,-0.010707432683557273,0.6708700746297837,0.21677072308957576,-3.556304395198822,0.027475788054289296,0.07559183239936829,0.06129397451877594,0.09902549535036087,0.01,0,0.0,0.0,0.0,0.0,0.0,0.0,0.0,0.0,0.0,0.0,0.0
1726,7069696,625.2496387861565,621.5881848185453,6.589571841999714,0.09020853899710346,11,0,1,10,0.0,0.09090909090909091,0.9090909090909091,-0.015055172436404973,0.6739844307303429,0.22043983675539494,-3.5556375861167906,0.02907113103719894,0.07578100264072418,0.06146905943751335,0.09943395107984543,0.01,0,0.0,0.0,0.0,0.0,0.0,0.0,0.0,0.0,0.0,0.0,0.0
1727,7073792,625.2451530578809,625.3842879378176,6.549572925003304,0.07907663700461853,10,0,0,10,0.0,0.0,1.0,-0.011629900999832899,0.5791019357740879,0.22243054397404194,-3.5495638847351074,0.026666451411438176,0.07598316669464111,0.061581939458847046,0.10014627873897552,0.01,0,0.0,0.0,0.0,0.0,0.0,0.0,0.0,0.0,0.0,0.0,0.0
1728,7077888,625.2387845067171,622.1315047150363,6.583817037004337,0.07963664799899561,11,0,0,11,0.0,0.0,1.0,-0.013808329030871392,0.689550656080246,0.2314185317605734,-3.5493144750595094,0.019300995478988624,0.0758148804306984,0.061607152223587036,0.1000434011220932,0.01,0,0.0,0.0,0.0,0.0,0.0,0.0,0.0,0.0,0.0,0.0,0.0
1729,7081984,625.2403443325655,636.0935439096859,6.43930446900049,0.08035568299965234,8,0,0,8,0.0,0.0,1.0,-0.01725907376385294,0.46473360508680345,0.22331714034080505,-3.5530211567878722,0.02134238386352081,0.07579542696475983,0.06148097664117813,0.09959934651851654,0.01,0,0.0,0.0,0.0,0.0,0.0,0.0,0.0,0.0,0.0,0.0,0.0
1730,7086080,625.2197538972877,598.689756388288,6.841606953006703,0.0794506270030979,15,0,2,13,0.0,0.13333333333333333,0.8666666666666667,-0.011880248168017716,0.7184897482395172,0.22299185283482076,-3.55294064283371,0.021954588519292884,0.07569976896047592,0.06147940829396248,0.09936560690402985,0.01,0,0.0,0.0,0.0,0.0,0.0,0.0,0.0,0.0,0.0,0.0,0.0
1731,7090176,625.2123044971814,621.4694380586928,6.590830938999716,0.09263653000380145,13,0,1,12,0.0,0.07692307692307693,0.9230769230769231,-0.01599400114500895,0.5842522904276848,0.20779502503573893,-3.5601468443870545,0.021949400391895323,0.07542195171117783,0.06123959273099899,0.09888235479593277,0.01,0,0.0,0.0,0.0,0.0,0.0,0.0,0.0,0.0,0.0,0.0,0.0
1732,7094272,625.2073957163299,624.5193059577056,6.558644322001783,0.07856314799573738,11,0,2,9,0.0,0.18181818181818182,0.8181818181818182,-0.010438090108800679,0.7821636319160461,0.23173190243542194,-3.5658891081809996,0.027126648879493585,0.07545202225446701,0.06120505556464195,0.09876742959022522,0.01,0,0.0,0.0,0.0,0.0,0.0,0.0,0.0,0.0,0.0,0.0,0.0
1733,7098368,625.2076458044086,633.5807630481117,6.464842746005161,0.07891498599929037,9,0,2,7,0.0,0.2222222222222222,0.7777777777777778,-0.012491499615134672,0.69778863042593,0.22866384610533713,-3.563833463191986,0.022226945860893466,0.07541285455226898,0.0611259862780571,0.09865154325962067,0.01,0,0.0,0.0,0.0,0.0,0.0,0.0,0.0,0.0,0.0,0.0,0.0
1734,7102464,625.2021349151415,623.4838842396024,6.569536283997877,0.07878768500086153,11,0,2,9,0.0,0.18181818181818182,0.8181818181818182,-0.008077164075803011,0.6923744454979897,0.22389485947787763,-3.5660899758338926,0.02477379688352812,0.07533447444438934,0.061065103858709335,0.09831035882234573,0.01,0,0.0,0.0,0.0,0.0,0.0,0.0,0.0,0.0,0.0,0.0,0.0
1735,7106560,625.1909335867281,613.7257225939734,6.673991083000146,0.07808778600156074,11,0,1,10,0.0,0.09090909090909091,0.9090909090909091,-0.009073602512944489,0.5277869656682015,0.21067685522139074,-3.566301643848419,0.02941577132442035,0.07539159059524536,0.06109020486474037,0.09846881777048111,0.01,0,0.0,0.0,0.0,0.0,0.0,0.0,0.0,0.0,0.0,0.0,0.0
1736,7110656,625.1787850591444,612.0666409299257,6.692081754001265,0.07729472900246037,12,0,0,12,0.0,0.0,1.0,-0.016681373049505056,0.6345183953642846,0.21527537629008292,-3.5645693063735964,0.020758064382243903,0.0754849836230278,0.06078319251537323,0.09891945123672485,0.01,0,0.0,0.0,0.0,0.0,0.0,0.0,0.0,0.0,0.0,0.0,0.0
1737,7114752,625.1712281732518,620.8044697147897,6.597890639997786,0.08803390299726743,16,0,1,15,0.0,0.0625,0.9375,-0.014266415778547526,0.6597285076975823,0.22893367260694503,-3.568306088447571,0.02888564798340667,0.07527347654104233,0.06039882451295853,0.09903210401535034,0.01,0,0.0,0.0,0.0,0.0,0.0,0.0,0.0,0.0,0.0,0.0,0.0
1738,7118848,625.1759317788745,641.6895334489459,6.383149150002282,0.07950646800600225,6,0,0,6,0.0,0.0,1.0,-0.011569230013992637,0.6552172273397445,0.23103332407772542,-3.5704842448234557,0.027352652203990146,0.0755092203617096,0.060730379074811935,0.09938560426235199,0.01,0,0.0,0.0,0.0,0.0,0.0,0.0,0.0,0.0,0.0,0.0,0.0
1739,7122944,625.1736148447827,629.4290649766716,6.507484683999792,0.08304482700623339,12,0,1,11,0.0,0.08333333333333333,0.9166666666666666,-0.005266725597903132,0.7642423301935196,0.23150196596980094,-3.5628718733787537,0.03193234294594731,0.0755326896905899,0.060971684753894806,0.0994206964969635,0.01,0,0.0,0.0,0.0,0.0,0.0,0.0,0.0,0.0,0.0,0.0,0.0
1740,7127040,624.9811484598131,570.6092773659735,7.178291980999347,2.8807609010036686,10,0,1,9,0.0,0.1,0.9,0.0,0.0,0.0,0.0,0.0,0.0755326896905899,0.060971684753894806,0.0994206964969635,0.01,1,0.5423460602760315,0.004254643805325031,4.468245506286621,0.042089901864528656,0.23999348282814026,0.14003896713256836,0.05600505322217941,0.12731947004795074,0.3450010418891907,0.10546875,28.634925842285156
1741,7131136,624.9702793275367,614.4020757875687,6.666644143006124,0.08178563699766528,13,0,2,11,0.0,0.15384615384615385,0.8461538461538461,-0.007567193958675489,0.7017712309956551,0.2168836582452059,-3.567954647541046,0.02764628692821134,0.07536965608596802,0.060883380472660065,0.0993785411119461,0.01,0,0.0,0.0,0.0,0.0,0.0,0.0,0.0,0.0,0.0,0.0,0.0
1742,7135232,624.9721044261496,636.3003491364641,6.4372116180020384,0.07989551500213565,8,0,0,8,0.0,0.0,1.0,-0.008499379723798484,0.6421554207801818,0.22577911466360093,-3.572575557231903,0.022558354010106994,0.07540793716907501,0.06070045754313469,0.10023220628499985,0.01,0,0.0,0.0,0.0,0.0,0.0,0.0,0.0,0.0,0.0,0.0,0.0
1743,7139328,624.9488545576963,593.884008921718,6.896969674999127,0.07839508799952455,17,0,1,16,0.0,0.058823529411764705,0.9411764705882353,-0.004129135271068662,0.6439728051424026,0.2168949857354164,-3.5782745599746706,0.03348948873463087,0.07521345466375351,0.0606158971786499,0.09999384731054306,0.01,0,0.0,0.0,0.0,0.0,0.0,0.0,0.0,0.0,0.0,0.0,0.0
1744,7143424,624.9485462166065,631.4439538613946,6.486719803004235,0.06954734300234122,8,0,2,6,0.0,0.25,0.75,-0.008990970160812139,0.7833217695355416,0.226562762260437,-3.5812934756278993,0.027694301609881223,0.07519516348838806,0.06070093438029289,0.09984725713729858,0.01,0,0.0,0.0,0.0,0.0,0.0,0.0,0.0,0.0,0.0,0.0,0.0
1745,7147520,624.9448203286362,626.3418046623372,6.539560299999721,0.07907988399529131,10,0,0,10,0.0,0.0,1.0,-0.014368951693177224,0.7194989025592804,0.23337590433657168,-3.586363959312439,0.02871797966072336,0.07496241480112076,0.060462985187768936,0.09952732920646667,0.01,0,0.0,0.0,0.0,0.0,0.0,0.0,0.0,0.0,0.0,0.0,0.0
1746,7151616,624.9315470340196,610.0296763603304,6.714427443002933,0.07958549699833384,11,0,1,10,0.0,0.09090909090909091,0.9090909090909091,-0.011512736871372909,0.5639228738844395,0.22006734125316144,-3.594662642478943,0.026063555260770956,0.07484202086925507,0.06009867042303085,0.09989012032747269,0.01,0,0.0,0.0,0.0,0.0,0.0,0.0,0.0,0.0,0.0,0.0,0.0
1747,7155712,624.9164396390357,606.7574684140353,6.7506379619953805,0.07657566700072493,14,0,2,12,0.0,0.14285714285714285,0.8571428571428571,-0.008564929314889013,0.6460473909974098,0.23332435227930545,-3.5988012075424196,0.022362487955251708,0.0748288631439209,0.06026512756943703,0.09964027255773544,0.01,0,0.0,0.0,0.0,0.0,0.0,0.0,0.0,0.0,0.0,0.0,0.0
1748,7159808,624.9066409182602,615.8830559450628,6.650613229998271,0.08007077699585352,11,0,0,11,0.0,0.0,1.0,-0.012080561078619212,0.6513069868087769,0.22499966248869896,-3.605751872062683,0.020795111943152735,0.07436668872833252,0.05981041118502617,0.09905447065830231,0.01,0,0.0,0.0,0.0,0.0,0.0,0.0,0.0,0.0,0.0,0.0,0.0
1749,7163904,624.8976429268467,617.0269891049812,6.638283369000419,0.07760134900308913,15,0,2,13,0.0,0.13333333333333333,0.8666666666666667,-0.011729425500379875,0.7065405383706093,0.23571917749941348,-3.6162170290946962,0.02767617895733565,0.07456959784030914,0.059981077909469604,0.09960771352052689,0.01,0,0.0,0.0,0.0,0.0,0.0,0.0,0.0,0.0,0.0,0.0,0.0
1750,7168000,624.9031134050973,642.5933790619265,6.374170873001276,0.07700517900229897,7,0,2,5,0.0,0.2857142857142857,0.7142857142857143,-0.010652210429543629,0.6444589823484421,0.19905409663915635,-3.607422351837158,0.029065651347627862,0.07465963065624237,0.059986237436532974,0.09960193932056427,0.01,0,0.0,0.0,0.0,0.0,0.0,0.0,0.0,0.0,0.0,0.0,0.0
1751,7172096,624.8969772899546,622.2418205572994,6.5826498070018715,0.07919181599572767,12,0,3,9,0.0,0.25,0.75,-0.011797827226109803,0.6760100021958351,0.20499342046678065,-3.608809566497803,0.026191718401969412,0.07455694675445557,0.059823788702487946,0.09972402453422546,0.01,0,0.0,0.0,0.0,0.0,0.0,0.0,0.0,0.0,0.0,0.0,0.0
1752,7176192,624.891992994131,624.1937745349928,6.562064805999398,0.08075739099876955,10,0,0,10,0.0,0.0,1.0,-0.011719259130768479,0.5000985771417618,0.20150973610579967,-3.615151107311249,0.02590337558358442,0.07437099516391754,0.05985710024833679,0.09931662678718567,0.01,0,0.0,0.0,0.0,0.0,0.0,0.0,0.0,0.0,0.0,0.0,0.0
1753,7180288,624.886686299375,623.5365003875758,6.568981923999672,0.0798815439993632,12,0,0,12,0.0,0.0,1.0,-0.012576031812932343,0.6139889970421791,0.20559227019548415,-3.6251540541648866,0.022943189190118573,0.07403557747602463,0.059438999742269516,0.09885220974683762,0.01,0,0.0,0.0,0.0,0.0,0.0,0.0,0.0,0.0,0.0,0.0,0.0
1754,7184384,624.8847798693583,629.5468761844182,6.506266896001762,0.08054661699861754,10,0,0,10,0.0,0.0,1.0,-0.011243977537378668,0.5278671555221081,0.22176293134689332,-3.6385528087615966,0.027374325625714846,0.07368196547031403,0.059570398181676865,0.09820285439491272,0.01,0,0.0,0.0,0.0,0.0,0.0,0.0,0.0,0.0,0.0,0.0,0.0
1755,7188480,624.8669948616615,602.4438304591627,6.79897410000558,0.0802490830028546,15,0,0,15,0.0,0.0,1.0,-0.009212266252143308,0.6181839019060135,0.22268831878900527,-3.649011254310608,0.029810021340381354,0.073475182056427,0.059557847678661346,0.09769563376903534,0.01,0,0.0,0.0,0.0,0.0,0.0,0.0,0.0,0.0,0.0,0.0,0.0
1756,7192576,624.8729536608089,643.6602966727028,6.3636051830035285,0.07834981400083052,6,0,0,6,0.0,0.0,1.0,-0.007255872536916286,0.5641594395041466,0.20891323164105416,-3.653501260280609,0.023038714480935595,0.07340024411678314,0.05952267348766327,0.09758453816175461,0.01,0,0.0,0.0,0.0,0.0,0.0,0.0,0.0,0.0,0.0,0.0,0.0
1757,7196672,624.8659308577516,620.4212677555018,6.6019658139994135,0.07901838300313102,13,0,0,13,0.0,0.0,1.0,-0.015772767586167902,0.5613438807427883,0.23631637133657932,-3.6528741121292114,0.020333930960623546,0.07353409379720688,0.059485431760549545,0.09796015173196793,0.01,0,0.0,0.0,0.0,0.0,0.0,0.0,0.0,0.0,0.0,0.0,0.0
1758,7200768,624.8662168381774,633.2813809811188,6.467898982999031,0.07850560000224505,9,0,1,8,0.0,0.1111111111111111,0.8888888888888888,-0.016579776629805566,0.5893809109926224,0.23510897047817708,-3.6557842016220095,0.022012130185612478,0.07330142706632614,0.059107329696416855,0.09798114746809006,0.01,0,0.0,0.0,0.0,0.0,0.0,0.0,0.0,0.0,0.0,0.0,0.0
1759,7204864,624.8495612231968,604.0997914914442,6.7803367219967186,0.07876812700123992,13,0,0,13,0.0,0.0,1.0,-0.007010681310202926,0.5766552776098252,0.22271497882902622,-3.662536108493805,0.02390016287972685,0.07326948642730713,0.05905748903751373,0.09794732928276062,0.01,0,0.0,0.0,0.0,0.0,0.0,0.0,0.0,0.0,0.0,0.0,0.0
1760,7208960,624.6677067282656,578.4198663448487,7.081361201999243,2.829250051996496,12,0,2,10,0.0,0.16666666666666666,0.8333333333333334,0.0,0.0,0.0,0.0,0.0,0.07326948642730713,0.05905748903751373,0.09794732928276062,0.01,1,0.47459688782691956,0.004933686461299658,4.550635814666748,0.04207250103354454,0.19081518054008484,0.12658584117889404,0.05013664811849594,0.10728257894515991,0.38596516847610474,0.11328125,29.15067481994629
1761,7213056,624.6551164715079,610.2505811879879,6.711996884994733,0.07470323699817527,14,0,0,14,0.0,0.0,1.0,-0.01612918192986399,0.5956766799092292,0.22372763194143772,-3.6607444405555727,0.02832793155394029,0.07345779240131378,0.059252895414829254,0.0983906015753746,0.01,0,0.0,0.0,0.0,0.0,0.0,0.0,0.0,0.0,0.0,0.0,0.0
1762,7217152,624.6495026379054,623.2136562306879,6.572384861996397,0.08514134700089926,10,0,2,8,0.0,0.2,0.8,-0.011600540054496377,0.8589343026280403,0.21926712542772292,-3.6511637330055238,0.018327920776209795,0.07370587438344955,0.059665367007255554,0.09837186336517334,0.01,0,0.0,0.0,0.0,0.0,0.0,0.0,0.0,0.0,0.0,0.0,0.0
1763,7221248,624.6348738017065,607.1758501204672,6.7459863550029695,0.07874993099540006,12,0,3,9,0.0,0.25,0.75,-0.014069691998884082,0.6681798055768013,0.2175935346633196,-3.6425110697746277,0.024959763133665547,0.07376538217067719,0.059632301330566406,0.09857337176799774,0.01,0,0.0,0.0,0.0,0.0,0.0,0.0,0.0,0.0,0.0,0.0,0.0
1764,7225344,624.6274684922084,619.5410907796595,6.6113451729979715,0.07994636699731927,12,0,3,9,0.0,0.25,0.75,-0.012116139446152373,0.8496101826429368,0.22828893288969992,-3.643544840812683,0.024104156793328002,0.07379616796970367,0.05948920175433159,0.0988854318857193,0.01,0,0.0,0.0,0.0,0.0,0.0,0.0,0.0,0.0,0.0,0.0,0.0
1765,7229440,624.6216387915874,622.4375875449991,6.580579454006511,0.08157094200578285,10,0,1,9,0.0,0.1,0.9,-0.011575840052682907,0.6230667293071747,0.2373304430395365,-3.646250331401825,0.022048632049700246,0.07365896552801132,0.059178490191698074,0.09873238950967789,0.01,0,0.0,0.0,0.0,0.0,0.0,0.0,0.0,0.0,0.0,0.0,0.0
1766,7233536,624.619211173659,628.3016992564446,6.51916110500315,0.08025756400456885,11,0,2,9,0.0,0.18181818181818182,0.8181818181818182,-0.011685640044743196,0.6372829616069794,0.20568228289484977,-3.6510849475860594,0.029799124141572975,0.07345651090145111,0.05934104323387146,0.09774523973464966,0.01,0,0.0,0.0,0.0,0.0,0.0,0.0,0.0,0.0,0.0,0.0,0.0
1767,7237632,624.6118164545992,619.5049962604857,6.6117303729988635,0.07943800700013526,12,0,0,12,0.0,0.0,1.0,-0.005224250489845872,0.679899150133133,0.21090079769492148,-3.6514227628707885,0.030692081674351356,0.07354095578193665,0.05949573963880539,0.09759650379419327,0.01,0,0.0,0.0,0.0,0.0,0.0,0.0,0.0,0.0,0.0,0.0,0.0
1768,7241728,624.606580762448,623.0665880406416,6.573936202999903,0.07733118999749422,11,0,1,10,0.0,0.09090909090909091,0.9090909090909091,-0.013533551106229424,0.5358473658561707,0.2011035468429327,-3.647597539424896,0.02576886778115295,0.0735718235373497,0.05942589417099953,0.09786366671323776,0.01,0,0.0,0.0,0.0,0.0,0.0,0.0,0.0,0.0,0.0,0.0,0.0
1769,7245824,624.5992966358156,618.7794092583464,6.619483354996191,0.07056016400019871,9,0,0,9,0.0,0.0,1.0,-0.00575807400746271,0.6079082667827607,0.22556354254484176,-3.6505084156990053,0.02789138374500908,0.07348658889532089,0.05933620408177376,0.09786786884069443,0.01,0,0.0,0.0,0.0,0.0,0.0,0.0,0.0,0.0,0.0,0.0,0.0
1770,7249920,624.5718573577242,586.4008582130167,6.984982955997111,0.07940827000129502,18,0,4,14,0.0,0.2222222222222222,0.7777777777777778,-0.010396274796221405,0.8442200571298599,0.22684153951704503,-3.6610193133354185,0.027751485104090534,0.07293599843978882,0.05931885913014412,0.09628114849328995,0.01,0,0.0,0.0,0.0,0.0,0.0,0.0,0.0,0.0,0.0,0.0,0.0
1771,7254016,624.5736908100207,635.9254233101445,6.4410068380020675,0.07929133000288857,8,0,1,7,0.0,0.125,0.875,-0.012293644552119076,0.8706634327769279,0.2365065410733223,-3.6691643238067626,0.027078533099847847,0.07295582443475723,0.05957232043147087,0.09590849280357361,0.01,0,0.0,0.0,0.0,0.0,0.0,0.0,0.0,0.0,0.0,0.0,0.0
1772,7258112,624.5647629636084,616.8188029685941,6.640523895002843,0.08058730999619002,12,0,1,11,0.0,0.08333333333333333,0.9166666666666666,-0.013719490193761886,0.6619301036000251,0.22668084725737572,-3.670444917678833,0.029967705297167413,0.07272884249687195,0.059565912932157516,0.09548527002334595,0.01,0,0.0,0.0,0.0,0.0,0.0,0.0,0.0,0.0,0.0,0.0,0.0
1773,7262208,624.560640828826,625.1897410229429,6.551611024995509,0.08032258200546494,10,0,2,8,0.0,0.2,0.8,-0.015576354099903256,0.8265866070985795,0.22438442185521126,-3.6782474756240844,0.021760992519557477,0.0725666806101799,0.05947894975543022,0.09519887715578079,0.01,0,0.0,0.0,0.0,0.0,0.0,0.0,0.0,0.0,0.0,0.0,0.0
1774,7266304,624.5425865067049,601.2255980003177,6.812750510995102,0.07879027600574773,13,0,3,10,0.0,0.23076923076923078,0.7692307692307693,-0.01169086191803217,0.7034425139427185,0.2140699438750744,-3.680765700340271,0.025351698903250508,0.07259281724691391,0.05959621071815491,0.09503304213285446,0.01,0,0.0,0.0,0.0,0.0,0.0,0.0,0.0,0.0,0.0,0.0,0.0
1775,7270400,624.5391193498916,626.243858995875,6.540583098998468,0.07944477899582125,9,0,0,9,0.0,0.0,1.0,-0.01124742096872069,0.5364639714360238,0.21472174525260926,-3.680387854576111,0.018806298647541554,0.07252693176269531,0.059350281953811646,0.09501881897449493,0.01,0,0.0,0.0,0.0,0.0,0.0,0.0,0.0,0.0,0.0,0.0,0.0
1776,7274496,624.522770773639,604.1741799060724,6.779501899000024,0.08016772299743025,13,0,1,12,0.0,0.07692307692307693,0.9230769230769231,-0.006263943202793598,0.547772416472435,0.2174932688474655,-3.6824151396751406,0.031215168748167342,0.07259237766265869,0.059202712029218674,0.09545759111642838,0.01,0,0.0,0.0,0.0,0.0,0.0,0.0,0.0,0.0,0.0,0.0,0.0
1777,7278592,624.5282504563883,642.5836707032017,6.3742671760046505,0.07871907400112832,7,0,0,7,0.0,0.0,1.0,-0.01242061520460993,0.666508075594902,0.22624756954610348,-3.679280698299408,0.02668363825941924,0.0727425217628479,0.0590582937002182,0.09587771445512772,0.01,0,0.0,0.0,0.0,0.0,0.0,0.0,0.0,0.0,0.0,0.0,0.0
1778,7282688,624.5085269877935,598.4660117139404,6.844164781003201,0.07926642800157424,15,0,0,15,0.0,0.0,1.0,-0.013701381883583963,0.5105275779962539,0.22204428501427173,-3.677628684043884,0.025819663269794547,0.0726797878742218,0.05891525000333786,0.09566456079483032,0.01,0,0.0,0.0,0.0,0.0,0.0,0.0,0.0,0.0,0.0,0.0,0.0
1779,7286784,624.5029341827276,622.4638580314496,6.580301727000915,0.07953694599564187,10,0,0,10,0.0,0.0,1.0,-0.009415143670048564,0.5259776018559933,0.21630597598850726,-3.6781115412712095,0.026284162927186116,0.07264837622642517,0.059028804302215576,0.09536764770746231,0.01,0,0.0,0.0,0.0,0.0,0.0,0.0,0.0,0.0,0.0,0.0,0.0
1780,7290880,624.3283784693622,582.5300340989277,7.031397113001731,2.7883740260003833,12,0,3,9,0.0,0.25,0.75,0.0,0.0,0.0,0.0,0.0,0.07264837622642517,0.059028804302215576,0.09536764770746231,0.01,1,0.47665494680404663,0.004737405106425285,4.5981597900390625,0.037803471088409424,0.23250341415405273,0.1165408194065094,0.03051535226404667,0.1285245269536972,0.2884959578514099,0.06640625,28.986295700073242
1781,7294976,624.3263234642802,627.7818195840622,6.524559762998251,0.07161800400353968,9,0,1,8,0.0,0.1111111111111111,0.8888888888888888,-0.015069366566604004,0.6854241371154786,0.218122885376215,-3.681116724014282,0.022943999120616353,0.072580985724926,0.05892954021692276,0.09572161734104156,0.01,0,0.0,0.0,0.0,0.0,0.0,0.0,0.0,0.0,0.0,0.0,0.0
1782,7299072,624.3074744425811,599.6516185720833,6.8306327760001295,0.07967646900215186,15,0,1,14,0.0,0.06666666666666667,0.9333333333333333,-0.008947434811852872,0.8180773481726646,0.23181450068950654,-3.686784100532532,0.024807229478028603,0.07243116945028305,0.058983899652957916,0.09561783820390701,0.01,0,0.0,0.0,0.0,0.0,0.0,0.0,0.0,0.0,0.0,0.0,0.0
1783,7303168,624.3120157856164,641.3825003805125,6.38620479599922,0.08625464200304123,7,0,1,6,0.0,0.14285714285714285,0.8571428571428571,-0.008485061477404087,0.6213339477777481,0.23299928568303585,-3.69502477645874,0.024995377284358255,0.0722171813249588,0.05881475284695625,0.09527987986803055,0.01,0,0.0,0.0,0.0,0.0,0.0,0.0,0.0,0.0,0.0,0.0,0.0
1784,7307264,624.3020809707263,614.6252429422248,6.664223519997904,0.07900686699576909,15,0,0,15,0.0,0.0,1.0,-0.015813075157348068,0.6143978923559189,0.22561113946139813,-3.7005481004714964,0.02118741244194098,0.07214567810297012,0.05883389711380005,0.09495988488197327,0.01,0,0.0,0.0,0.0,0.0,0.0,0.0,0.0,0.0,0.0,0.0,0.0
1785,7311360,624.2927973254486,615.9727577602614,6.6496447259996785,0.08222046499577118,14,0,6,8,0.0,0.42857142857142855,0.5714285714285714,-0.010782495734747499,1.090520089864731,0.22112587913870813,-3.6991028666496275,0.030691392745939083,0.07221890985965729,0.058962877839803696,0.09492235630750656,0.01,0,0.0,0.0,0.0,0.0,0.0,0.0,0.0,0.0,0.0,0.0,0.0
1786,7315456,624.2777389522917,605.7357675283242,6.762024333998852,0.07809573799750069,15,0,6,9,0.0,0.4,0.6,-0.009515077003743499,1.0291493490338326,0.24015633016824722,-3.700550651550293,0.026893355904030615,0.07206954061985016,0.05890900269150734,0.09490778297185898,0.01,0,0.0,0.0,0.0,0.0,0.0,0.0,0.0,0.0,0.0,0.0,0.0
1787,7319552,624.28098951779,637.2838690656664,6.427277071998105,0.06810555599804502,10,0,2,8,0.0,0.2,0.8,-0.0042454851383809,0.6817311033606529,0.2331185132265091,-3.7044368028640746,0.033645646428340115,0.07202397286891937,0.058837976306676865,0.09471847862005234,0.01,0,0.0,0.0,0.0,0.0,0.0,0.0,0.0,0.0,0.0,0.0,0.0
1788,7323648,624.267035624818,608.4089766684885,6.73231355399912,0.08794139400561107,14,0,7,7,0.0,0.5,0.5,-0.015366078168153764,1.1770382404327393,0.24184904843568802,-3.703823280334473,0.023071022902149706,0.07203947007656097,0.059329159557819366,0.09447159618139267,0.01,0,0.0,0.0,0.0,0.0,0.0,0.0,0.0,0.0,0.0,0.0,0.0
1789,7327744,624.2622679864378,623.6903312919392,6.56736170899967,0.08038558899716008,9,0,5,4,0.0,0.5555555555555556,0.4444444444444444,-0.01125943866209127,1.2177006781101227,0.2339358724653721,-3.703248453140259,0.02451070061943028,0.07197937369346619,0.059571098536252975,0.09409063309431076,0.01,0,0.0,0.0,0.0,0.0,0.0,0.0,0.0,0.0,0.0,0.0,0.0
1790,7331840,624.2434839824898,599.481764874347,6.832568128003913,0.07914280099794269,16,0,4,12,0.0,0.25,0.75,-0.009017066255910321,0.8367128983139992,0.23764071092009545,-3.7001234173774717,0.03232563411293086,0.07217535376548767,0.05970180779695511,0.09447607398033142,0.01,0,0.0,0.0,0.0,0.0,0.0,0.0,0.0,0.0,0.0,0.0,0.0
1791,7335936,624.2493947063901,643.2571694633704,6.367593234004744,0.07935756799997762,9,0,2,7,0.0,0.2222222222222222,0.7777777777777778,-0.013654218305600808,0.5841185979545116,0.24383967705070972,-3.6987627744674683,0.02729104200261645,0.0719408243894577,0.059865593910217285,0.09404358267784119,0.01,0,0.0,0.0,0.0,0.0,0.0,0.0,0.0,0.0,0.0,0.0,0.0
1792,7340032,624.2373824241051,609.8453737290766,6.716456624002603,0.06817602700175485,15,0,3,12,0.0,0.2,0.8,-0.013638595526572317,0.8494958415627479,0.25242355316877363,-3.708204424381256,0.026618876968859694,0.0718308538198471,0.06020963191986084,0.09400016069412231,0.01,0,0.0,0.0,0.0,0.0,0.0,0.0,0.0,0.0,0.0,0.0,0.0
1793,7344128,624.2309643814081,620.7606618011125,6.5983562620021985,0.08098123200034024,13,0,9,4,0.0,0.6923076923076923,0.3076923076923077,-0.015794499847106635,1.122615647315979,0.24305962584912777,-3.7079379677772524,0.02602824903151486,0.07203646004199982,0.06017085909843445,0.09482356905937195,0.01,0,0.0,0.0,0.0,0.0,0.0,0.0,0.0,0.0,0.0,0.0,0.0
1794,7348224,624.2240472410724,619.6271081702967,6.610427378000168,0.07812868100154446,11,0,2,9,0.0,0.18181818181818182,0.8181818181818182,-0.01439026352018118,0.7313987463712692,0.2432643000036478,-3.702902925014496,0.018679783373954706,0.07204335927963257,0.06010791286826134,0.09469978511333466,0.01,0,0.0,0.0,0.0,0.0,0.0,0.0,0.0,0.0,0.0,0.0,0.0
1795,7352320,624.2185073301465,622.2482709013256,6.582581570000912,0.08061624500260223,10,0,4,6,0.0,0.4,0.6,-0.012242859974503518,0.9681917622685432,0.23508652821183204,-3.7039947867393495,0.02639047462726012,0.0719824880361557,0.06009272485971451,0.09428703784942627,0.01,0,0.0,0.0,0.0,0.0,0.0,0.0,0.0,0.0,0.0,0.0,0.0
1796,7356416,624.2056423163283,609.17610703085,6.723835608005174,0.0777203580000787,14,0,4,10,0.0,0.2857142857142857,0.7142857142857143,-0.011224173731170595,0.7121531397104264,0.22712462544441223,-3.705327773094177,0.020877995670889504,0.07188655436038971,0.060314472764730453,0.09378653019666672,0.01,0,0.0,0.0,0.0,0.0,0.0,0.0,0.0,0.0,0.0,0.0,0.0
1797,7360512,624.1858877171412,597.8146289596538,6.851622227994085,0.07983603100001346,18,0,9,9,0.0,0.5,0.5,-0.009192463022191077,1.1998109757900237,0.23481863774359227,-3.709729242324829,0.025868793678819203,0.07167954742908478,0.060317087918519974,0.09332294017076492,0.01,0,0.0,0.0,0.0,0.0,0.0,0.0,0.0,0.0,0.0,0.0,0.0
1798,7364608,624.1949905814612,649.0815829804402,6.310454814003606,0.07617076500173425,8,0,6,2,0.0,0.75,0.25,-0.011293653724715113,1.024445642530918,0.23956838697195054,-3.715173363685608,0.02870626239455305,0.07159291952848434,0.06047515198588371,0.09321422129869461,0.01,0,0.0,0.0,0.0,0.0,0.0,0.0,0.0,0.0,0.0,0.0,0.0
1799,7368704,624.2023599000012,646.0050397757306,6.3405078100040555,0.07880127200041898,8,0,3,5,0.0,0.375,0.625,-0.006325461203232408,0.7854457378387452,0.2035988051444292,-3.7205284953117372,0.022699780471157283,0.07139547914266586,0.0603293851017952,0.09306444227695465,0.01,0,0.0,0.0,0.0,0.0,0.0,0.0,0.0,0.0,0.0,0.0,0.0
1800,7372800,624.0224614993408,572.7450950653224,7.151523488006205,2.8121488739998313,14,0,3,11,0.0,0.21428571428571427,0.7857142857142857,0.0,0.0,0.0,0.0,0.0,0.07139547914266586,0.0603293851017952,0.09306444227695465,0.01,1,0.5808941721916199,0.004589712247252464,4.475087642669678,0.04387792944908142,0.1818113625049591,0.15721529722213745,0.08428636193275452,0.1339975893497467,0.8231400847434998,0.12890625,29.08506202697754
1801,7376896,624.0226954950257,632.7677000055565,6.473149624995131,0.08155911199719412,11,0,5,6,0.0,0.45454545454545453,0.5454545454545454,-0.009521971654612571,1.0586950361728669,0.2386453241109848,-3.7282382965087892,0.027842983065056615,0.07129388302564621,0.060283463448286057,0.0927710235118866,0.01,0,0.0,0.0,0.0,0.0,0.0,0.0,0.0,0.0,0.0,0.0,0.0
1802,7380992,624.0050110337102,600.9619624837247,6.815739190999011,0.08016437199694337,18,0,9,9,0.0,0.5,0.5,-0.012750623968895525,1.0247808277606965,0.22870545610785484,-3.7316832423210142,0.017397808842360973,0.0712265595793724,0.06024668365716934,0.09294335544109344,0.01,0,0.0,0.0,0.0,0.0,0.0,0.0,0.0,0.0,0.0,0.0,0.0
1803,7385088,623.9911350002701,607.1600744571837,6.7461616340006,0.0780028789959033,14,0,5,9,0.0,0.35714285714285715,0.6428571428571429,-0.012693060329183936,1.019542108476162,0.22469499595463277,-3.7319742798805238,0.022948295730748212,0.0712515115737915,0.06052672490477562,0.09260337799787521,0.01,0,0.0,0.0,0.0,0.0,0.0,0.0,0.0,0.0,0.0,0.0,0.0
1804,7389184,623.982896286014,617.0509114021758,6.638026011001784,0.07951226199656958,11,0,4,7,0.0,0.36363636363636365,0.6363636363636364,-0.005541673512198031,0.961826354265213,0.24478108435869217,-3.7292598366737364,0.023685955459950492,0.07129069417715073,0.06059803441166878,0.09264105558395386,0.01,0,0.0,0.0,0.0,0.0,0.0,0.0,0.0,0.0,0.0,0.0,0.0
1805,7393280,623.9757283332857,619.0341912610584,6.616758908996417,0.08013564499560744,12,0,7,5,0.0,0.5833333333333334,0.4166666666666667,-0.015368003118783235,1.0723530903458596,0.2478601410984993,-3.727283251285553,0.028871252067619934,0.07137331366539001,0.060471635311841965,0.09310106188058853,0.01,0,0.0,0.0,0.0,0.0,0.0,0.0,0.0,0.0,0.0,0.0,0.0
1806,7397376,623.977651405844,635.5374619951515,6.444938724998792,0.07922614699782571,9,0,6,3,0.0,0.6666666666666666,0.3333333333333333,-0.012231131608132273,1.0568562999367714,0.23722767159342767,-3.7325339317321777,0.02673839741619304,0.07112210243940353,0.05992086976766586,0.09298881143331528,0.01,0,0.0,0.0,0.0,0.0,0.0,0.0,0.0,0.0,0.0,0.0,0.0
1807,7401472,623.957264964992,596.4362571925084,6.867456414001936,0.08084014300402487,18,0,8,10,0.0,0.4444444444444444,0.5555555555555556,-0.01646854019491002,1.1018331095576286,0.2202705305069685,-3.7370083570480346,0.02268375607091002,0.07131452858448029,0.059753868728876114,0.09362749755382538,0.01,0,0.0,0.0,0.0,0.0,0.0,0.0,0.0,0.0,0.0,0.0,0.0
1808,7405568,623.9487134425366,616.4181454261002,6.644840082000883,0.07876173499971628,11,0,2,9,0.0,0.18181818181818182,0.8181818181818182,-0.014884572708979249,0.6670136466622353,0.2237044207751751,-3.7316956758499145,0.01895679966546595,0.07137396931648254,0.05979320406913757,0.09375949949026108,0.01,0,0.0,0.0,0.0,0.0,0.0,0.0,0.0,0.0,0.0,0.0,0.0
1809,7409664,623.9302972748648,599.3673631244299,6.833872265997343,0.07788128299580421,16,0,8,8,0.0,0.5,0.5,-0.011165538150817157,1.1808123886585236,0.2464303184300661,-3.731521415710449,0.027609304420184343,0.07134133577346802,0.06002078950405121,0.09371951222419739,0.01,0,0.0,0.0,0.0,0.0,0.0,0.0,0.0,0.0,0.0,0.0,0.0
1810,7413760,623.9250470735823,622.3408715231145,6.581602120997559,0.07978728000307456,13,0,6,7,0.0,0.46153846153846156,0.5384615384615384,-0.014129016443621367,0.9055250063538551,0.24056071043014526,-3.7303349375724792,0.02783421399362851,0.07156404852867126,0.0600849911570549,0.09449752420186996,0.01,0,0.0,0.0,0.0,0.0,0.0,0.0,0.0,0.0,0.0,0.0,0.0
1811,7417856,623.9137673866119,611.3211071330267,6.700243051003781,0.07600433799962047,11,0,5,6,0.0,0.45454545454545453,0.5454545454545454,-0.009700706251896918,0.8929255694150925,0.22586906813085078,-3.734221935272217,0.030086274343193508,0.07113733142614365,0.05965384095907211,0.09388207644224167,0.01,0,0.0,0.0,0.0,0.0,0.0,0.0,0.0,0.0,0.0,0.0,0.0
1812,7421952,623.916940397868,637.0369842154348,6.429767975001596,0.07135794799978612,9,0,3,6,0.0,0.3333333333333333,0.6666666666666666,-0.010617941012606024,0.7998168542981148,0.2264872372150421,-3.7466320276260374,0.025515310536138713,0.0710219293832779,0.05970209464430809,0.09358594566583633,0.01,0,0.0,0.0,0.0,0.0,0.0,0.0,0.0,0.0,0.0,0.0,0.0
1813,7426048,623.8898389895924,587.7029553602127,6.969507235997298,0.10903475699888077,15,0,5,10,0.0,0.3333333333333333,0.6666666666666666,-0.011797859257785603,0.9778788402676583,0.26097565442323684,-3.747157394886017,0.02473294711089693,0.07093888521194458,0.05982530117034912,0.09292766451835632,0.01,0,0.0,0.0,0.0,0.0,0.0,0.0,0.0,0.0,0.0,0.0,0.0
1814,7430144,623.8823602244221,618.6478628683265,6.6208908909975435,0.08403036399977282,8,0,3,5,0.0,0.375,0.625,-0.014031233929563314,0.7445327013731002,0.24764830693602563,-3.7529134511947633,0.021398523059906437,0.07058992981910706,0.059735849499702454,0.09212785214185715,0.01,0,0.0,0.0,0.0,0.0,0.0,0.0,0.0,0.0,0.0,0.0,0.0
1815,7434240,623.8588279169343,590.8088118922658,6.932868835996487,0.07842819599318318,17,0,5,12,0.0,0.29411764705882354,0.7058823529411765,-0.011198587552644312,0.9343433991074562,0.2612655140459538,-3.7677248239517214,0.0262076264974894,0.0702546089887619,0.059613365679979324,0.0914459377527237,0.01,0,0.0,0.0,0.0,0.0,0.0,0.0,0.0,0.0,0.0,0.0,0.0
1816,7438336,623.8617667755541,637.2842867973478,6.427272859000368,0.07880675300111761,10,0,2,8,0.0,0.2,0.8,-0.01217243621358648,0.7333230048418045,0.2460538659244776,-3.7764753699302673,0.0252988394087879,0.07013674825429916,0.059372927993535995,0.09132207185029984,0.01,0,0.0,0.0,0.0,0.0,0.0,0.0,0.0,0.0,0.0,0.0,0.0
1817,7442432,623.8406204090983,594.5758964951046,6.888943907993962,0.07734083199466113,12,0,3,9,0.0,0.25,0.75,-0.015853683499153705,0.7095687314867973,0.22306174747645854,-3.7772378802299498,0.024958654254442082,0.07018526643514633,0.0593298114836216,0.09140901267528534,0.01,0,0.0,0.0,0.0,0.0,0.0,0.0,0.0,0.0,0.0,0.0,0.0
1818,7446528,623.8406080430873,632.0211519665928,6.480795757001033,0.08136552299401956,9,0,2,7,0.0,0.2222222222222222,0.7777777777777778,-0.00411183011601679,0.7148888826370239,0.22039561457931994,-3.7786311864852906,0.027252468100050463,0.07014968991279602,0.059201836585998535,0.0914795845746994,0.01,0,0.0,0.0,0.0,0.0,0.0,0.0,0.0,0.0,0.0,0.0,0.0
1819,7450624,623.8148045258046,587.0127507034858,6.977701924006396,0.0787400900007924,17,0,6,11,0.0,0.35294117647058826,0.6470588235294118,-0.008146045298781246,1.0408839225769042,0.23328719846904278,-3.783271777629852,0.03344970878097229,0.06995938718318939,0.0590093694627285,0.09150025993585587,0.01,0,0.0,0.0,0.0,0.0,0.0,0.0,0.0,0.0,0.0,0.0,0.0
1820,7454720,623.6681694663579,617.5920037053243,6.63221022200014,2.7400209869956598,5,0,0,5,0.0,0.0,1.0,0.0,0.0,0.0,0.0,0.0,0.06995938718318939,0.0590093694627285,0.09150025993585587,0.01,1,0.5016897916793823,0.004965378902852535,4.636141777038574,0.042037658393383026,0.2125193327665329,0.1530826985836029,0.03597711771726608,0.10477310419082642,0.32152971625328064,0.0859375,28.784019470214844
1821,7458816,623.6434934888985,588.582630563082,6.95909085200401,0.07885142500163056,17,0,3,14,0.0,0.17647058823529413,0.8235294117647058,-0.010885357443476096,0.8568319439888,0.2548635322600603,-3.7973528504371643,0.02488977290922776,0.06952191144227982,0.05862010642886162,0.0909104272723198,0.01,0,0.0,0.0,0.0,0.0,0.0,0.0,0.0,0.0,0.0,0.0,0.0
1822,7462912,623.6400946181532,625.2081711581362,6.551417893999314,0.07857215599506162,10,0,3,7,0.0,0.3,0.7,-0.010641891392879188,0.7910770803689957,0.23631696365773677,-3.8055779218673704,0.027851037253276444,0.06969314068555832,0.05871739238500595,0.0911218449473381,0.01,0,0.0,0.0,0.0,0.0,0.0,0.0,0.0,0.0,0.0,0.0,0.0
1823,7467008,623.6172097069251,591.4986230771927,6.924783660004323,0.07912575799855404,17,0,8,9,0.0,0.47058823529411764,0.5294117647058824,-0.01365186107577756,1.1673808962106704,0.2509813133627176,-3.799562060832977,0.022396849998040126,0.06964583694934845,0.05860596522688866,0.09101051092147827,0.01,0,0.0,0.0,0.0,0.0,0.0,0.0,0.0,0.0,0.0,0.0,0.0
1824,7471104,623.6158500493582,629.697412696772,6.504711497000244,0.08619400399766164,10,0,5,5,0.0,0.5,0.5,-0.010432547295931727,0.8833878830075264,0.25320008024573326,-3.807121467590332,0.026373894466087223,0.06941989809274673,0.05873490497469902,0.0906267762184143,0.01,0,0.0,0.0,0.0,0.0,0.0,0.0,0.0,0.0,0.0,0.0,0.0
1825,7475200,623.6052641073564,612.3553700974031,6.68892639799742,0.07959071300138021,12,0,2,10,0.0,0.16666666666666666,0.8333333333333334,-0.010956145846284926,0.8647426500916481,0.24356156326830386,-3.8168174147605898,0.03428085380292032,0.06916768848896027,0.05841865390539169,0.09046627581119537,0.01,0,0.0,0.0,0.0,0.0,0.0,0.0,0.0,0.0,0.0,0.0,0.0
1826,7479296,623.6022201585059,626.4134686909445,6.5388121500000125,0.08431778699741699,7,0,3,4,0.0,0.42857142857142855,0.5714285714285714,-0.010116138844750822,0.9673293501138687,0.26056263968348503,-3.8203200697898865,0.024519464198965578,0.06933538615703583,0.05858761817216873,0.09053130447864532,0.01,0,0.0,0.0,0.0,0.0,0.0,0.0,0.0,0.0,0.0,0.0,0.0
1827,7483392,623.5787642966422,590.4431270149361,6.937162636997527,0.07910961999732535,19,0,7,12,0.0,0.3684210526315789,0.631578947368421,-0.01072580786421895,1.1268351197242736,0.25373046435415747,-3.8106344819068907,0.02760305868287105,0.06941532343626022,0.05886399373412132,0.09009850770235062,0.01,0,0.0,0.0,0.0,0.0,0.0,0.0,0.0,0.0,0.0,0.0,0.0
1828,7487488,623.5588947382676,596.1112560545656,6.871200565998151,0.0768700769986026,14,0,8,6,0.0,0.5714285714285714,0.42857142857142855,-0.014128268894273788,0.980653877556324,0.22364899553358555,-3.8056456327438353,0.029782748711295427,0.06959693878889084,0.05898752436041832,0.09074678272008896,0.01,0,0.0,0.0,0.0,0.0,0.0,0.0,0.0,0.0,0.0,0.0,0.0
1829,7491584,623.5448770440585,606.3096661646497,6.755623782002658,0.0800819530049921,16,0,5,11,0.0,0.3125,0.6875,-0.0037186676636338234,1.0646429017186165,0.24385303631424904,-3.802924835681915,0.02948665773437824,0.06954243034124374,0.05881262198090553,0.09071459621191025,0.01,0,0.0,0.0,0.0,0.0,0.0,0.0,0.0,0.0,0.0,0.0,0.0
1830,7495680,623.5441986929047,630.1884221687853,6.499643369999831,0.07920992399886018,10,0,4,6,0.0,0.4,0.6,-0.005762563354801386,0.8190807566046715,0.2290966421365738,-3.8015965700149534,0.032673275886918415,0.06970532238483429,0.059181977063417435,0.09061779081821442,0.01,0,0.0,0.0,0.0,0.0,0.0,0.0,0.0,0.0,0.0,0.0,0.0
1831,7499776,623.5320620214958,609.4853557143394,6.720423979997577,0.07923808199848281,12,0,6,6,0.0,0.5,0.5,-0.007679952878970653,1.1198355436325074,0.24291860982775687,-3.796575462818146,0.03234852951427456,0.06968497484922409,0.05893125385046005,0.09090631455183029,0.01,0,0.0,0.0,0.0,0.0,0.0,0.0,0.0,0.0,0.0,0.0,0.0
1832,7503872,623.5254961548789,619.2487141492782,6.614466702005302,0.07796259500173619,11,0,6,5,0.0,0.5454545454545454,0.45454545454545453,-0.00646808318560943,0.9760575428605079,0.2469348434358835,-3.7992844581604004,0.03024660258088261,0.06968917697668076,0.05879061296582222,0.09086590260267258,0.01,0,0.0,0.0,0.0,0.0,0.0,0.0,0.0,0.0,0.0,0.0,0.0
1833,7507968,623.5095844589074,602.9647096138754,6.793100715003675,0.07979590800096048,14,0,3,11,0.0,0.21428571428571427,0.7857142857142857,-0.008745568298036233,0.9041053861379623,0.23997377939522266,-3.7942463517189027,0.03167770405707415,0.06981239467859268,0.059081219136714935,0.09047544747591019,0.01,0,0.0,0.0,0.0,0.0,0.0,0.0,0.0,0.0,0.0,0.0,0.0
1834,7512064,623.4936467865597,602.6636116980076,6.796494629001245,0.07744845699926373,14,0,5,9,0.0,0.35714285714285715,0.6428571428571429,-0.011086020863149314,1.0801875352859498,0.23384918197989463,-3.7885475516319276,0.029565237028873526,0.06991755217313766,0.05905168876051903,0.09088966995477676,0.01,0,0.0,0.0,0.0,0.0,0.0,0.0,0.0,0.0,0.0,0.0,0.0
1835,7516160,623.4934732924265,630.7281100274168,6.494081895005365,0.07578929499868536,9,0,3,6,0.0,0.3333333333333333,0.6666666666666666,-0.007913393276976422,0.8343196928501129,0.22860402949154376,-3.78629447221756,0.03096349424740765,0.06993847340345383,0.059215981513261795,0.09104751795530319,0.01,0,0.0,0.0,0.0,0.0,0.0,0.0,0.0,0.0,0.0,0.0,0.0
1836,7520256,623.4812293498413,609.1925044411045,6.723654624998744,0.07944381100242026,12,0,4,8,0.0,0.3333333333333333,0.6666666666666666,-0.013361644337419421,0.8368555814027786,0.22053248547017573,-3.7903594732284547,0.023496022031758913,0.06976570188999176,0.059043385088443756,0.09089107066392899,0.01,0,0.0,0.0,0.0,0.0,0.0,0.0,0.0,0.0,0.0,0.0,0.0
1837,7524352,623.4727906285799,615.2572731207771,6.657377618997998,0.0724603839989868,12,0,3,9,0.0,0.25,0.75,-0.011040084657724946,0.8967001095414162,0.2471328392624855,-3.7918201446533204,0.028410722615080885,0.06990474462509155,0.059299591928720474,0.09101854264736176,0.01,0,0.0,0.0,0.0,0.0,0.0,0.0,0.0,0.0,0.0,0.0,0.0
1838,7528448,623.4568501121689,602.7119033565407,6.795950067004014,0.07940298000175972,15,0,3,12,0.0,0.2,0.8,-0.010482764279004186,0.9416844457387924,0.25767892189323904,-3.7908704400062563,0.02434894919861108,0.06978058815002441,0.05912083014845848,0.0908089205622673,0.01,0,0.0,0.0,0.0,0.0,0.0,0.0,0.0,0.0,0.0,0.0,0.0
1839,7532544,623.4505887066086,618.8771235589495,6.61843820699869,0.06938103299762588,11,0,5,6,0.0,0.45454545454545453,0.5454545454545454,-0.01218031058087945,0.9690752655267716,0.2585001472383738,-3.7885849118232726,0.025378787794033998,0.07006679475307465,0.05928746238350868,0.09105291962623596,0.01,0,0.0,0.0,0.0,0.0,0.0,0.0,0.0,0.0,0.0,0.0,0.0
1840,7536640,623.2804135037544,581.1871060728818,7.047644308004237,2.8197989289983525,15,0,5,10,0.0,0.3333333333333333,0.6666666666666666,0.0,0.0,0.0,0.0,0.0,0.07006679475307465,0.05928746238350868,0.09105291962623596,0.01,1,0.5505660772323608,0.0047075701877474785,4.555829048156738,0.04395505040884018,0.21603679656982422,0.13470277190208435,0.0769934356212616,0.13139137625694275,0.478921502828598,0.11328125,28.81401252746582
1841,7540736,623.2707585642694,613.4708954154349,6.676763364994258,0.07955533499625744,15,0,7,8,0.0,0.4666666666666667,0.5333333333333333,-0.01272207973524928,1.0232702657580375,0.25136943347752094,-3.7796040892601015,0.024528521695174277,0.07003334164619446,0.059070613235235214,0.09099152684211731,0.01,0,0.0,0.0,0.0,0.0,0.0,0.0,0.0,0.0,0.0,0.0,0.0
1842,7544832,623.2619754047126,614.9581444059838,6.660615909000626,0.07856299799459521,12,0,7,5,0.0,0.5833333333333334,0.4166666666666667,-0.010283925000112503,1.007134571671486,0.25239292457699775,-3.7831379890441896,0.02988436396117322,0.07003617286682129,0.05883575975894928,0.09127796441316605,0.01,0,0.0,0.0,0.0,0.0,0.0,0.0,0.0,0.0,0.0,0.0,0.0
1843,7548928,623.263001591763,633.0438083988049,6.470326295995619,0.07814797199534951,7,0,6,1,0.0,0.8571428571428571,0.14285714285714285,-0.008727953291963787,1.2316688537597655,0.26601213924586775,-3.7824159145355223,0.030037716033984908,0.07005833089351654,0.058740705251693726,0.09126070886850357,0.01,0,0.0,0.0,0.0,0.0,0.0,0.0,0.0,0.0,0.0,0.0,0.0
1844,7553024,623.2452051553627,599.1989856754244,6.835792613004742,0.07866572000057204,14,0,3,11,0.0,0.21428571428571427,0.7857142857142857,-0.01111360463546589,0.7591572031378746,0.26938496604561807,-3.7839438796043394,0.02462706850783434,0.06996926665306091,0.05867277830839157,0.09126278012990952,0.01,0,0.0,0.0,0.0,0.0,0.0,0.0,0.0,0.0,0.0,0.0,0.0
1845,7557120,623.2269995373666,598.5348952656229,6.84337710699765,0.07969068300008075,14,0,3,11,0.0,0.21428571428571427,0.7857142857142857,-0.010994104179553687,0.7772112384438514,0.22631730400025846,-3.791918170452118,0.030348911954206415,0.06977704167366028,0.05852983519434929,0.09129229187965393,0.01,0,0.0,0.0,0.0,0.0,0.0,0.0,0.0,0.0,0.0,0.0,0.0
1846,7561216,623.2193247720269,616.8674321609426,6.640000406005129,0.0782432189953397,16,0,6,10,0.0,0.375,0.625,-0.01339281649561599,0.9902270302176476,0.24965790212154387,-3.8030563592910767,0.025278812801116147,0.06946498155593872,0.058302830904722214,0.09087085723876953,0.01,0,0.0,0.0,0.0,0.0,0.0,0.0,0.0,0.0,0.0,0.0,0.0
1847,7565312,623.2116506232845,616.8755826298726,6.639912674996594,0.07896082299703266,10,0,4,6,0.0,0.4,0.6,-0.005279762658756226,1.1471770346164702,0.2466471590101719,-3.810976707935333,0.028672863569227047,0.06944429874420166,0.058419037610292435,0.09055937081575394,0.01,0,0.0,0.0,0.0,0.0,0.0,0.0,0.0,0.0,0.0,0.0,0.0
1848,7569408,623.2009773913413,610.6480988187703,6.707627531999606,0.06977938300406095,15,0,7,8,0.0,0.4666666666666667,0.5333333333333333,-0.003987211582716555,1.5052798509597778,0.25642513632774355,-3.8074918508529665,0.03472243301803246,0.06952442973852158,0.05820870026946068,0.09079164266586304,0.01,0,0.0,0.0,0.0,0.0,0.0,0.0,0.0,0.0,0.0,0.0,0.0
1849,7573504,623.2062858047136,641.6072639911591,6.3839676229981706,0.08176455999637255,6,0,2,4,0.0,0.3333333333333333,0.6666666666666666,-0.009257340640760958,0.7130777508020401,0.23041942529380322,-3.8013821125030516,0.027994465685333127,0.06978025287389755,0.0585843101143837,0.09100446105003357,0.01,0,0.0,0.0,0.0,0.0,0.0,0.0,0.0,0.0,0.0,0.0,0.0
1850,7577600,623.1965234570628,613.260395348257,6.679055146996689,0.08041145199968014,12,0,6,6,0.0,0.5,0.5,-0.012019516353029757,0.9647453173995018,0.22844539098441602,-3.79622220993042,0.028828746202634647,0.06958883255720139,0.05855443701148033,0.0901421383023262,0.01,0,0.0,0.0,0.0,0.0,0.0,0.0,0.0,0.0,0.0,0.0,0.0
1851,7581696,623.1805745365517,602.5994111588026,6.797218723004335,0.08118369099975098,12,0,3,9,0.0,0.25,0.75,-0.009307719313073903,0.8434144377708435,0.24002979472279548,-3.8015756011009216,0.025244206356001088,0.06948605179786682,0.05852705240249634,0.08984743803739548,0.01,0,0.0,0.0,0.0,0.0,0.0,0.0,0.0,0.0,0.0,0.0,0.0
1852,7585792,623.1716142948579,614.4594732560929,6.6660214029980125,0.07836998599668732,15,0,2,13,0.0,0.13333333333333333,0.8666666666666667,-0.005800074141006917,0.8062237486243248,0.2346080455929041,-3.8042309522628783,0.034023784569581036,0.06947088241577148,0.05845674127340317,0.08984058350324631,0.01,0,0.0,0.0,0.0,0.0,0.0,0.0,0.0,0.0,0.0,0.0,0.0
1853,7589888,623.16810739902,625.3885988169278,6.54952777800645,0.08863388500321889,9,0,1,8,0.0,0.1111111111111111,0.8888888888888888,-0.008641142304986716,0.8850481033325195,0.2493045639246702,-3.800666630268097,0.032383464407757856,0.06961427628993988,0.058696940541267395,0.09003807604312897,0.01,0,0.0,0.0,0.0,0.0,0.0,0.0,0.0,0.0,0.0,0.0,0.0
1854,7593984,623.1612624251024,618.7224150545903,6.620093115001509,0.08314282999344869,13,0,1,13,0.0,0.07692307692307693,1.0,-0.009125049179419874,0.7333482578396797,0.24441261291503907,-3.8059056639671325,0.033100635636947116,0.06918071210384369,0.0581287182867527,0.08938749879598618,0.01,0,0.0,0.0,0.0,0.0,0.0,0.0,0.0,0.0,0.0,0.0,0.0
1855,7598080,623.156606782813,622.5113596195073,6.57979960800003,0.08019293600227684,12,0,6,6,0.0,0.5,0.5,-0.009386462194379419,0.968410411477089,0.2461015522480011,-3.8169790744781493,0.030326300219167025,0.06917328387498856,0.057971496134996414,0.0891425609588623,0.01,0,0.0,0.0,0.0,0.0,0.0,0.0,0.0,0.0,0.0,0.0,0.0
1856,7602176,623.148515677541,616.5237493466733,6.643701892004174,0.08397011300257873,13,0,7,6,0.0,0.5384615384615384,0.46153846153846156,-0.008673379942774773,1.112428030371666,0.23653235100209713,-3.8152903079986573,0.03207173870760016,0.06913800537586212,0.05788270756602287,0.08878632634878159,0.01,0,0.0,0.0,0.0,0.0,0.0,0.0,0.0,0.0,0.0,0.0,0.0
1857,7606272,623.1367300613238,609.3302407204746,6.722134774005099,0.07835969600273529,15,0,5,10,0.0,0.3333333333333333,0.6666666666666666,-0.008137265569530427,1.111198651790619,0.24328543990850449,-3.8144330263137816,0.032911739850533195,0.06916819512844086,0.05781024321913719,0.08899153769016266,0.01,0,0.0,0.0,0.0,0.0,0.0,0.0,0.0,0.0,0.0,0.0,0.0
1858,7610368,623.1335421073679,624.447252034303,6.559401112994237,0.07254090799688129,10,0,5,5,0.0,0.5,0.5,-0.011991000710986554,0.9241188690066338,0.2481412123888731,-3.815818166732788,0.03181692000653129,0.0690755844116211,0.05778307095170021,0.08851452171802521,0.01,0,0.0,0.0,0.0,0.0,0.0,0.0,0.0,0.0,0.0,0.0,0.0
1859,7614464,623.1231635543149,611.7919024572234,6.695086979001644,0.07847826900251675,11,0,4,7,0.0,0.36363636363636365,0.6363636363636364,-0.009171865228563548,0.8616787195205688,0.24657280258834363,-3.821651780605316,0.028856738877948374,0.06877367943525314,0.05785255879163742,0.0875353068113327,0.01,0,0.0,0.0,0.0,0.0,0.0,0.0,0.0,0.0,0.0,0.0,0.0
1860,7618560,622.9556673263502,581.1944608463988,7.047555123004713,2.809881121000217,11,0,2,9,0.0,0.18181818181818182,0.8181818181818182,0.0,0.0,0.0,0.0,0.0,0.06877367943525314,0.05785255879163742,0.0875353068113327,0.01,1,0.5316580533981323,0.005103801377117634,4.66504430770874,0.03988175094127655,0.19136694073677063,0.1571049690246582,0.06943915039300919,0.10619121789932251,0.47523200511932373,0.08203125,29.03655433654785
1861,7622656,622.9457427745627,612.3665582462891,6.688804188997892,0.07805298200401012,13,0,1,12,0.0,0.07692307692307693,0.9230769230769231,-0.011760072747711093,0.7325316816568375,0.23010837249457836,-3.8275410771369933,0.026768175771576353,0.06878229230642319,0.057736482471227646,0.08743739873170853,0.01,0,0.0,0.0,0.0,0.0,0.0,0.0,0.0,0.0,0.0,0.0,0.0
1862,7626752,622.9386102222857,617.369883817344,6.634596386000339,0.07790860800014343,12,0,4,8,0.0,0.3333333333333333,0.6666666666666666,-0.010362033208366483,0.7966956153512001,0.2508956115692854,-3.827980029582977,0.03119972820568364,0.06866100430488586,0.05767162889242172,0.08728250116109848,0.01,0,0.0,0.0,0.0,0.0,0.0,0.0,0.0,0.0,0.0,0.0,0.0
1863,7630848,622.9342342698312,622.6561843957999,6.57826919999934,0.07993448899651412,14,0,3,11,0.0,0.21428571428571427,0.7857142857142857,-0.01060742661356926,0.8327718794345855,0.25069635957479475,-3.831770360469818,0.02702031990047544,0.0686110109090805,0.057614896446466446,0.08704867959022522,0.01,0,0.0,0.0,0.0,0.0,0.0,0.0,0.0,0.0,0.0,0.0,0.0
1864,7634944,622.9216446265541,607.6755675407874,6.740438843997254,0.07949863400426693,14,0,6,8,0.0,0.42857142857142855,0.5714285714285714,-0.010902901715599,1.2436378240585326,0.2599795039743185,-3.830267834663391,0.026921243843389675,0.06871803104877472,0.05759334936738014,0.08717811107635498,0.01,0,0.0,0.0,0.0,0.0,0.0,0.0,0.0,0.0,0.0,0.0,0.0
1865,7639040,622.9302933605558,648.0830152100647,6.320177977002459,0.08196297499671346,6,0,1,5,0.0,0.16666666666666666,0.8333333333333334,-0.011084209219552577,0.6523786783218384,0.23137673772871495,-3.828421652317047,0.03255237145640422,0.0687025636434555,0.05741896480321884,0.0872681736946106,0.01,0,0.0,0.0,0.0,0.0,0.0,0.0,0.0,0.0,0.0,0.0,0.0
1866,7643136,622.9261442057091,623.084239674785,6.573749966999458,0.0796538389986381,12,0,3,9,0.0,0.25,0.75,-0.011712567863287403,0.8955274298787117,0.23195408545434476,-3.83012934923172,0.025440128435730004,0.06872738897800446,0.057525474578142166,0.08751396089792252,0.01,0,0.0,0.0,0.0,0.0,0.0,0.0,0.0,0.0,0.0,0.0,0.0
1867,7647232,622.9112573696567,603.6268909365723,6.785648653996759,0.07990252300078282,14,0,2,12,0.0,0.14285714285714285,0.8571428571428571,-0.005733008205424994,0.6993253380060196,0.22971454747021197,-3.8286030292510986,0.030594848439795895,0.06874644756317139,0.05780826136469841,0.08750807493925095,0.01,0,0.0,0.0,0.0,0.0,0.0,0.0,0.0,0.0,0.0,0.0,0.0
1868,7651328,622.9076993380961,624.0898901776725,6.5631571100020665,0.0792539760004729,9,0,1,8,0.0,0.1111111111111111,0.8888888888888888,-0.011746606498491019,0.7408080548048019,0.24724323377013208,-3.827147674560547,0.0263890286849346,0.06872331351041794,0.058410026133060455,0.08706846088171005,0.01,0,0.0,0.0,0.0,0.0,0.0,0.0,0.0,0.0,0.0,0.0,0.0
1869,7655424,622.897187012149,611.2697688130071,6.700805779997609,0.07875031000003219,14,0,1,13,0.0,0.07142857142857142,0.9285714285714286,-0.006663814373314381,0.6377433225512504,0.23274968899786472,-3.822508919239044,0.03050369709089864,0.06890573352575302,0.058617252856492996,0.08739044517278671,0.01,0,0.0,0.0,0.0,0.0,0.0,0.0,0.0,0.0,0.0,0.0,0.0
1870,7659520,622.885577889312,609.6398091918842,6.718721347002429,0.08277151999936905,13,0,4,9,0.0,0.3076923076923077,0.6923076923076923,-0.014477722835727036,0.8825927913188935,0.23555958569049834,-3.8213029384613035,0.02504312310484238,0.0687769278883934,0.05837802216410637,0.08738312870264053,0.01,0,0.0,0.0,0.0,0.0,0.0,0.0,0.0,0.0,0.0,0.0,0.0
1871,7663616,622.8888461921937,637.094963732964,6.4291828269997495,0.07856639199599158,10,0,2,8,0.0,0.2,0.8,-0.015653643221594394,0.538695914298296,0.23640784211456775,-3.8315409898757933,0.02206123058567755,0.06848382949829102,0.058154210448265076,0.08687476068735123,0.01,0,0.0,0.0,0.0,0.0,0.0,0.0,0.0,0.0,0.0,0.0,0.0
1872,7667712,622.8866214266906,626.5542921313146,6.537342495998018,0.07902767299674451,11,0,1,10,0.0,0.09090909090909091,0.9090909090909091,-0.017673266725614666,0.5998793311417103,0.23783230669796468,-3.842993199825287,0.02649065070436336,0.06827136129140854,0.0576363168656826,0.08696097880601883,0.01,0,0.0,0.0,0.0,0.0,0.0,0.0,0.0,0.0,0.0,0.0,0.0
1873,7671808,622.8811704003145,620.5493946682705,6.60060268399684,0.0797786159964744,10,0,0,10,0.0,0.0,1.0,-0.016703869885532185,0.5611870422959327,0.23142714686691762,-3.8467224836349487,0.02648983785766177,0.06838569045066833,0.05776318162679672,0.08703964948654175,0.01,0,0.0,0.0,0.0,0.0,0.0,0.0,0.0,0.0,0.0,0.0,0.0
1874,7675904,622.8779162298044,624.6775464374559,6.556982916001289,0.07990877900010673,11,0,3,8,0.0,0.2727272727272727,0.7272727272727273,-0.013729988236445934,0.6761017367243767,0.23171121664345265,-3.845075559616089,0.028101799162686802,0.06828593462705612,0.05768563970923424,0.08679810166358948,0.01,0,0.0,0.0,0.0,0.0,0.0,0.0,0.0,0.0,0.0,0.0,0.0
1875,7680000,622.8737243130851,622.8653724328992,6.5760599019995425,0.07971748700219905,11,0,0,11,0.0,0.0,1.0,-0.008706825133413077,0.4434980534017086,0.22947634644806386,-3.8491886258125305,0.025424751013633794,0.06819507479667664,0.05757986754179001,0.08680509775876999,0.01,0,0.0,0.0,0.0,0.0,0.0,0.0,0.0,0.0,0.0,0.0,0.0
1876,7684096,622.8643753555904,613.5213868813889,6.676213881997683,0.08002195399603806,12,0,0,12,0.0,0.0,1.0,-0.011749013350345195,0.5892747238278389,0.2260047197341919,-3.8556985378265383,0.025417997271870264,0.06797357648611069,0.05768752843141556,0.08629773557186127,0.01,0,0.0,0.0,0.0,0.0,0.0,0.0,0.0,0.0,0.0,0.0,0.0
1877,7688192,622.8601356486513,623.1927526181906,6.572605318004207,0.08390282400068827,13,0,1,12,0.0,0.07692307692307693,0.9230769230769231,-0.010565235407557338,0.6694498568773269,0.2312327578663826,-3.8666300177574158,0.029462903540115805,0.06771158427000046,0.057562652975320816,0.08584538847208023,0.01,0,0.0,0.0,0.0,0.0,0.0,0.0,0.0,0.0,0.0,0.0,0.0
1878,7692288,622.8584503674555,627.5806455908915,6.526651241998479,0.07957673400233034,10,0,2,8,0.0,0.2,0.8,-0.009626940032467246,0.7724407911300659,0.24718379601836205,-3.8723650097846987,0.025404794909991323,0.06761427968740463,0.05759367719292641,0.08558342605829239,0.01,0,0.0,0.0,0.0,0.0,0.0,0.0,0.0,0.0,0.0,0.0,0.0
1879,7696384,622.8506931940973,616.13543593496,6.647889020998264,0.0788584699985222,13,0,1,12,0.0,0.07692307692307693,0.9230769230769231,-0.011256189027335495,0.5903908401727677,0.2268655203282833,-3.8748486399650575,0.029019745110417716,0.06767627596855164,0.057636041194200516,0.08593951165676117,0.01,0,0.0,0.0,0.0,0.0,0.0,0.0,0.0,0.0,0.0,0.0,0.0
1880,7700480,622.6964238564093,599.8772034964679,6.828064103996439,2.807899728999473,11,0,4,7,0.0,0.36363636363636365,0.6363636363636364,0.0,0.0,0.0,0.0,0.0,0.06767627596855164,0.057636041194200516,0.08593951165676117,0.01,1,0.49028444290161133,0.005140355788171291,4.6624836921691895,0.03669136390089989,0.19857463240623474,0.13351547718048096,0.049980007112026215,0.09437578171491623,0.4750746488571167,0.078125,28.98866081237793
1881,7704576,622.6772652840929,596.045935022482,6.871953584995936,0.08356115200149361,15,0,3,12,0.0,0.2,0.8,-0.011840879905503244,0.7738442301750184,0.24954335615038872,-3.872806429862976,0.027459496582741848,0.06763815879821777,0.05756273865699768,0.08566195517778397,0.01,0,0.0,0.0,0.0,0.0,0.0,0.0,0.0,0.0,0.0,0.0,0.0
1882,7708672,622.6837132617395,643.3631254491684,6.366544550000981,0.08024387399927946,8,0,1,7,0.0,0.125,0.875,-0.008280160487629473,0.6687623485922813,0.23695370070636274,-3.879413735866547,0.024529867971432397,0.06735232472419739,0.057414159178733826,0.085067018866539,0.01,0,0.0,0.0,0.0,0.0,0.0,0.0,0.0,0.0,0.0,0.0,0.0
1883,7712768,622.6699027697366,605.0327219458014,6.7698817790005705,0.07956724699761253,13,0,2,11,0.0,0.15384615384615385,0.8461538461538461,-0.017507978132925928,0.7464076727628708,0.23959655575454236,-3.891400408744812,0.02717617273738142,0.06705237925052643,0.05710267648100853,0.08460108935832977,0.01,0,0.0,0.0,0.0,0.0,0.0,0.0,0.0,0.0,0.0,0.0,0.0
1884,7716864,622.6748854051384,640.4302044866834,6.3957008450015564,0.07992548999754945,8,0,0,8,0.0,0.0,1.0,-0.014983946399297565,0.47083484679460524,0.25210047848522665,-3.901610863208771,0.026580112733063287,0.06698627024888992,0.056971870362758636,0.0847434550523758,0.01,0,0.0,0.0,0.0,0.0,0.0,0.0,0.0,0.0,0.0,0.0,0.0
1885,7720960,622.6681056611471,617.7606347176344,6.630399818001024,0.079606336003053,12,0,1,11,0.0,0.08333333333333333,0.9166666666666666,-0.009175279177725315,0.7299046963453293,0.24994657859206199,-3.9013439297676085,0.03481041516060941,0.06701339036226273,0.05694063752889633,0.08470875024795532,0.01,0,0.0,0.0,0.0,0.0,0.0,0.0,0.0,0.0,0.0,0.0,0.0
1886,7725056,622.652202677908,601.499374201508,6.8096496450016275,0.08164351999585051,13,0,0,13,0.0,0.0,1.0,0.0037091698381118477,0.6243921294808388,0.2510594129562378,-3.9014536499977113,0.0365976989880437,0.06701363623142242,0.056937310844659805,0.08471068739891052,0.01,0,0.0,0.0,0.0,0.0,0.0,0.0,0.0,0.0,0.0,0.0,0.0
1887,7729152,622.6412805489307,610.1248326011308,6.713380248002068,0.07965668099495815,13,0,1,12,0.0,0.07692307692307693,0.9230769230769231,-0.010611228842753917,0.86493429094553,0.25375063233077527,-3.896787106990814,0.027366577211068943,0.06725431978702545,0.05704309046268463,0.08506401628255844,0.01,0,0.0,0.0,0.0,0.0,0.0,0.0,0.0,0.0,0.0,0.0,0.0
1888,7733248,622.6483369558889,644.5921715205437,6.35440543799632,0.07996941800229251,7,0,0,7,0.0,0.0,1.0,-0.012321064958814531,0.6398969054222107,0.25113965235650537,-3.8905309677124023,0.023604703668388537,0.06720592081546783,0.05696510896086693,0.0851181373000145,0.01,0,0.0,0.0,0.0,0.0,0.0,0.0,0.0,0.0,0.0,0.0,0.0
1889,7737344,622.6276139467642,592.8189538887851,6.909360730001936,0.07935441299923696,16,0,3,13,0.0,0.1875,0.8125,-0.0048434696393087505,0.9703175917267799,0.26244148425757885,-3.88833749294281,0.029605678631924093,0.06745362281799316,0.057355042546987534,0.08496411144733429,0.01,0,0.0,0.0,0.0,0.0,0.0,0.0,0.0,0.0,0.0,0.0,0.0
1890,7741440,622.6309685359054,636.9562015836743,6.430583437002497,0.07749222399434075,7,0,0,7,0.0,0.0,1.0,-0.01033464188221842,0.6033513188362122,0.2362368606030941,-3.8757384538650514,0.027340432282653638,0.06757107377052307,0.05769818648695946,0.08478478342294693,0.01,0,0.0,0.0,0.0,0.0,0.0,0.0,0.0,0.0,0.0,0.0,0.0
1891,7745536,622.6201760169296,610.2152647809412,6.712385343998903,0.07823015500616748,12,0,1,11,0.0,0.08333333333333333,0.9166666666666666,-0.010242700646631419,0.7220620289444923,0.23232526667416095,-3.873693358898163,0.026583134167594835,0.06750129163265228,0.05783606693148613,0.0845552384853363,0.01,0,0.0,0.0,0.0,0.0,0.0,0.0,0.0,0.0,0.0,0.0,0.0
1892,7749632,622.6157645155923,622.1434476689892,6.583690651001234,0.0795469540025806,11,0,1,10,0.0,0.09090909090909091,0.9090909090909091,-0.015147370379418134,0.6407618001103401,0.22736901342868804,-3.87551109790802,0.026015373400878162,0.067471444606781,0.05782521516084671,0.08428681641817093,0.01,0,0.0,0.0,0.0,0.0,0.0,0.0,0.0,0.0,0.0,0.0,0.0
1893,7753728,622.6018518443299,604.5895553320336,6.77484412999911,0.07856349199573742,15,0,2,13,0.0,0.13333333333333333,0.8666666666666667,-0.016957080422434954,0.9252704605460167,0.24778194092214106,-3.880657744407654,0.027166378175024875,0.06711803376674652,0.05775829032063484,0.0834096372127533,0.01,0,0.0,0.0,0.0,0.0,0.0,0.0,0.0,0.0,0.0,0.0,0.0
1894,7757824,622.609584725795,645.8456771829499,6.342072331994132,0.07853599300142378,6,0,1,5,0.0,0.16666666666666666,0.8333333333333334,-0.014764839975396172,0.6921836718916893,0.24079700671136378,-3.892099118232727,0.032029174984199923,0.0670173168182373,0.0578337088227272,0.0828995481133461,0.01,0,0.0,0.0,0.0,0.0,0.0,0.0,0.0,0.0,0.0,0.0,0.0
1895,7761920,622.5903075247818,595.8942905205441,6.8737023749999935,0.08756363899738062,17,0,2,15,0.0,0.11764705882352941,0.8823529411764706,-0.013029432040639222,0.8287208050489425,0.24313045628368854,-3.8902901887893675,0.03201685684034601,0.06710009276866913,0.057837266474962234,0.08316607028245926,0.01,0,0.0,0.0,0.0,0.0,0.0,0.0,0.0,0.0,0.0,0.0,0.0
1896,7766016,622.5977792531361,645.5173247279635,6.345298325999465,0.08045161799964262,7,0,1,6,0.0,0.14285714285714285,0.8571428571428571,-0.006962916837073863,0.6157268561422825,0.21905245445668697,-3.89011732339859,0.03421386231784709,0.06700634956359863,0.057881299406290054,0.08291081339120865,0.01,0,0.0,0.0,0.0,0.0,0.0,0.0,0.0,0.0,0.0,0.0,0.0
1897,7770112,622.5995571543081,634.2136156228778,6.458391776999633,0.08143495800322853,8,0,1,7,0.0,0.125,0.875,-0.01343543480616063,0.7435442194342613,0.21124308593571187,-3.895126152038574,0.029587240528780968,0.06688575446605682,0.0579867959022522,0.0825595036149025,0.01,0,0.0,0.0,0.0,0.0,0.0,0.0,0.0,0.0,0.0,0.0,0.0
1898,7774208,622.581762359471,597.6954851591892,6.852988020997145,0.07955848299752688,16,0,0,16,0.0,0.0,1.0,-0.01343370818067342,0.5589482203125954,0.24731066524982454,-3.8969281911849976,0.02600634718546644,0.06685860455036163,0.057876236736774445,0.08244060724973679,0.01,0,0.0,0.0,0.0,0.0,0.0,0.0,0.0,0.0,0.0,0.0,0.0
1899,7778304,622.5732740727296,614.4711164598984,6.665895092999563,0.0799633159986115,11,0,1,10,0.0,0.09090909090909091,0.9090909090909091,-0.010138273262418807,0.8117251485586167,0.23744469545781613,-3.898753833770752,0.025107756187207998,0.0667683482170105,0.05783231556415558,0.08232063800096512,0.01,0,0.0,0.0,0.0,0.0,0.0,0.0,0.0,0.0,0.0,0.0,0.0
1900,7782400,622.4221040661022,595.7188676377043,6.875726491998648,2.735495033004554,7,0,0,7,0.0,0.0,1.0,0.0,0.0,0.0,0.0,0.0,0.0667683482170105,0.05783231556415558,0.08232063800096512,0.01,1,0.4636746346950531,0.004844841547310352,4.5499982833862305,0.044169165194034576,0.19149437546730042,0.09286940097808838,0.05533934757113457,0.10824525356292725,0.5330845713615417,0.125,29.524946212768555
1901,7786496,622.4048863670739,598.599377651088,6.842639924005198,0.0792641759981052,17,0,2,15,0.0,0.11764705882352941,0.8823529411764706,-0.015579884336329997,0.8253953829407692,0.23036680594086648,-3.903172564506531,0.03151762081251945,0.0667005330324173,0.05794236809015274,0.0821608304977417,0.01,0,0.0,0.0,0.0,0.0,0.0,0.0,0.0,0.0,0.0,0.0,0.0
1902,7790592,622.4107602168609,641.9683676999877,6.380376675995649,0.07901768300507683,7,0,0,7,0.0,0.0,1.0,-0.010047204315196723,0.6541055038571357,0.2275090117007494,-3.9062646508216856,0.02645894576853607,0.06656736135482788,0.05774697661399841,0.0816502571105957,0.01,0,0.0,0.0,0.0,0.0,0.0,0.0,0.0,0.0,0.0,0.0,0.0
1903,7794688,622.4048223080522,619.1594200440794,6.615420629001164,0.08158958300191443,10,0,0,10,0.0,0.0,1.0,-0.013766111037693918,0.5110721997916698,0.2195046667009592,-3.912669634819031,0.029048506933031605,0.06637094914913177,0.05766502767801285,0.08106154948472977,0.01,0,0.0,0.0,0.0,0.0,0.0,0.0,0.0,0.0,0.0,0.0,0.0
1904,7798784,622.3863403070536,596.2337690159696,6.869788684998639,0.0802751459996216,15,0,0,15,0.0,0.0,1.0,-0.013354586984496564,0.5574250362813473,0.21357442401349544,-3.9108695864677427,0.028121580550214277,0.06662140786647797,0.05807965248823166,0.08155584335327148,0.01,0,0.0,0.0,0.0,0.0,0.0,0.0,0.0,0.0,0.0,0.0,0.0
1905,7802880,622.3823338423107,622.625726484908,6.57859099900088,0.08004408000124386,10,0,0,10,0.0,0.0,1.0,-0.013624429795891046,0.7689754515886307,0.24180779978632927,-3.908725214004517,0.022192726310458967,0.06645341217517853,0.05776480585336685,0.08138655126094818,0.01,0,0.0,0.0,0.0,0.0,0.0,0.0,0.0,0.0,0.0,0.0,0.0
1906,7806976,622.3931143329431,651.9661881298504,6.282534393001697,0.07812363099947106,8,0,1,7,0.0,0.125,0.875,-0.012764677678933366,0.711058720946312,0.23266735970973967,-3.910425305366516,0.035252587500144726,0.06659601628780365,0.05794115364551544,0.08141423016786575,0.01,0,0.0,0.0,0.0,0.0,0.0,0.0,0.0,0.0,0.0,0.0,0.0
1907,7811072,622.3788283648288,603.6186222854125,6.785741606996453,0.08034409299580147,16,0,1,15,0.0,0.0625,0.9375,-0.0019115710514597596,0.9044201850891114,0.2491848424077034,-3.902600717544556,0.040128305734833704,0.06674656271934509,0.05804368853569031,0.0816592127084732,0.01,0,0.0,0.0,0.0,0.0,0.0,0.0,0.0,0.0,0.0,0.0,0.0
1908,7815168,622.374544744806,622.0600477394655,6.584573329993873,0.0791334800014738,10,0,2,8,0.0,0.2,0.8,-0.010727154545020313,0.7483388423919678,0.2343121014535427,-3.899075222015381,0.02622036162938457,0.06672663986682892,0.058160047978162766,0.08157462626695633,0.01,0,0.0,0.0,0.0,0.0,0.0,0.0,0.0,0.0,0.0,0.0,0.0
1909,7819264,622.3736168216464,628.3974667266908,6.5181675880012335,0.07859738999832189,10,0,0,10,0.0,0.0,1.0,-0.012284034746699035,0.5031502470374107,0.21886107213795186,-3.9031028866767885,0.028191906079882756,0.06657116860151291,0.057896703481674194,0.08154430240392685,0.01,0,0.0,0.0,0.0,0.0,0.0,0.0,0.0,0.0,0.0,0.0,0.0
1910,7823360,622.3654958858463,614.8340543974607,6.661960199999157,0.07975380100106122,12,0,0,12,0.0,0.0,1.0,-0.009491322678513825,0.6617875397205353,0.22799445763230325,-3.9143107175827025,0.025675838749157263,0.06627117097377777,0.05741273611783981,0.08137369155883789,0.01,0,0.0,0.0,0.0,0.0,0.0,0.0,0.0,0.0,0.0,0.0,0.0
1911,7827456,622.3767035104796,653.3283401565197,6.269435670001258,0.0823941950002336,8,0,0,8,0.0,0.0,1.0,-0.013896647025831044,0.6374458208680153,0.23106347769498825,-3.926650786399841,0.029478500809636897,0.0661148950457573,0.057462774217128754,0.08123461157083511,0.01,0,0.0,0.0,0.0,0.0,0.0,0.0,0.0,0.0,0.0,0.0,0.0
1912,7831552,622.3711457690614,619.62242024732,6.610477390997403,0.07972746899758931,13,0,0,13,0.0,0.0,1.0,-0.015219940082170069,0.5636116400361061,0.21759150326251983,-3.93356397151947,0.02680494397354778,0.06590764224529266,0.05761069059371948,0.08078863471746445,0.01,0,0.0,0.0,0.0,0.0,0.0,0.0,0.0,0.0,0.0,0.0,0.0
1913,7835648,622.3675533922452,623.3026735671119,6.571446223002567,0.07910880100098439,13,0,0,13,0.0,0.0,1.0,-0.013411728607024997,0.6578212693333626,0.23962122276425363,-3.940164875984192,0.028503504127729683,0.06577566266059875,0.05751451849937439,0.0805390328168869,0.01,0,0.0,0.0,0.0,0.0,0.0,0.0,0.0,0.0,0.0,0.0,0.0
1914,7839744,622.3636563945159,622.8249733764756,6.576486452999234,0.08047463299590163,10,0,0,10,0.0,0.0,1.0,-0.014389380218926818,0.5726842552423477,0.21929574497044085,-3.9449960231781005,0.02613876558607444,0.0657292827963829,0.05757639557123184,0.08035196363925934,0.01,0,0.0,0.0,0.0,0.0,0.0,0.0,0.0,0.0,0.0,0.0,0.0
1915,7843840,622.3623368219802,627.3518702328503,6.52903130499908,0.07599013900471618,9,0,0,9,0.0,0.0,1.0,-0.014612798555754125,0.6370612263679505,0.2410609383136034,-3.9415053725242615,0.025897032825741916,0.06587819755077362,0.05759642273187637,0.08061623573303223,0.01,0,0.0,0.0,0.0,0.0,0.0,0.0,0.0,0.0,0.0,0.0,0.0
1916,7847936,622.3445033376883,597.1132183307446,6.859670619000099,0.07852190500125289,13,0,0,13,0.0,0.0,1.0,-0.008522219688165933,0.6530673488974571,0.24099426567554474,-3.939807140827179,0.037160283853881995,0.06577639281749725,0.057411856949329376,0.08058837056159973,0.01,0,0.0,0.0,0.0,0.0,0.0,0.0,0.0,0.0,0.0,0.0,0.0
1917,7852032,622.3465978454781,634.2975287436639,6.457537376998516,0.0780115579982521,8,0,0,8,0.0,0.0,1.0,-0.012228167650755494,0.5257777005434037,0.23193712010979653,-3.942994010448456,0.024805871545686385,0.06578020751476288,0.05755641311407089,0.08034053444862366,0.01,0,0.0,0.0,0.0,0.0,0.0,0.0,0.0,0.0,0.0,0.0,0.0
1918,7856128,622.3429100269337,622.323593292376,6.581784853005956,0.07107908000034513,15,0,0,15,0.0,0.0,1.0,-0.010145038226619362,0.6593738660216332,0.22974100708961487,-3.9445533037185667,0.02499404692207463,0.06563495844602585,0.05744955688714981,0.08000333607196808,0.01,0,0.0,0.0,0.0,0.0,0.0,0.0,0.0,0.0,0.0,0.0,0.0
1919,7860224,622.3477390401351,639.7523044014899,6.402477914998599,0.07809767399885459,11,0,1,10,0.0,0.09090909090909091,0.9090909090909091,-0.013811687112320215,0.6260921515524387,0.24351996183395386,-3.9505762577056887,0.030588237920892426,0.06554017961025238,0.05725982412695885,0.07988238334655762,0.01,0,0.0,0.0,0.0,0.0,0.0,0.0,0.0,0.0,0.0,0.0,0.0
1920,7864320,622.191728550893,586.2460900423728,6.986826981999911,2.7601916720013833,11,0,0,11,0.0,0.0,1.0,0.0,0.0,0.0,0.0,0.0,0.06554017961025238,0.05725982412695885,0.07988238334655762,0.01,1,0.48681023716926575,0.004990327171981335,4.607015132904053,0.03920816257596016,0.1938464641571045,0.15692567825317383,0.03405812010169029,0.09146632999181747,0.39488229155540466,0.08203125,28.867507934570312
1921,7868416,622.1913941072868,629.3060193318337,6.508757065996178,0.07793131600192282,10,0,0,10,0.0,0.0,1.0,-0.010649993270635604,0.5209670007228852,0.2189851213246584,-3.9564692974090576,0.027267809785553255,0.06536534428596497,0.05689813196659088,0.07972641289234161,0.01,0,0.0,0.0,0.0,0.0,0.0,0.0,0.0,0.0,0.0,0.0,0.0
1922,7872512,622.1802835755101,608.801491649035,6.727973002998624,0.07811231799860252,12,0,0,12,0.0,0.0,1.0,-0.01143261647084728,0.7580089509487152,0.24918142408132554,-3.9648438453674317,0.027584428276168183,0.0652235671877861,0.05677324905991554,0.07971445471048355,0.01,0,0.0,0.0,0.0,0.0,0.0,0.0,0.0,0.0,0.0,0.0,0.0
1923,7876608,622.1840100270073,638.4048796721464,6.415991059002408,0.08791517099598423,7,0,1,6,0.0,0.14285714285714285,0.8571428571428571,-0.01335403798148036,0.5978793427348137,0.22901906184852122,-3.970641255378723,0.025265672849491237,0.06517504900693893,0.056647125631570816,0.07975488156080246,0.01,0,0.0,0.0,0.0,0.0,0.0,0.0,0.0,0.0,0.0,0.0,0.0
1924,7880704,622.164580161437,593.3918848509268,6.902689613001712,0.07000036499812268,16,0,0,16,0.0,0.0,1.0,-0.008729601756203919,0.627454760670662,0.22571130096912384,-3.9678286790847777,0.028227803480695,0.06529504060745239,0.056809891015291214,0.07970157265663147,0.01,0,0.0,0.0,0.0,0.0,0.0,0.0,0.0,0.0,0.0,0.0,0.0
1925,7884800,622.1630233854092,626.9550289033696,6.533163961001264,0.07899198299855925,12,0,0,12,0.0,0.0,1.0,-0.01301237680017948,0.7010776862502098,0.2601571884006262,-3.966011071205139,0.026907210171339103,0.06519845128059387,0.05681368336081505,0.07928720861673355,0.01,0,0.0,0.0,0.0,0.0,0.0,0.0,0.0,0.0,0.0,0.0,0.0
1926,7888896,622.1647820418558,633.4018732722112,6.466668591994676,0.07785699400119483,8,0,0,8,0.0,0.0,1.0,-0.009356056735850871,0.6964846760034561,0.23940896466374398,-3.968549609184265,0.031602838871185666,0.06520821154117584,0.05657900497317314,0.07956605404615402,0.01,0,0.0,0.0,0.0,0.0,0.0,0.0,0.0,0.0,0.0,0.0,0.0
1927,7892992,622.1606688581539,621.9661191017376,6.585567725000146,0.07843493800464785,9,0,0,9,0.0,0.0,1.0,-0.012208306905813515,0.5053523443639278,0.21388040222227572,-3.9686824798583986,0.03042711229645647,0.06516526639461517,0.05655599758028984,0.07922761142253876,0.01,0,0.0,0.0,0.0,0.0,0.0,0.0,0.0,0.0,0.0,0.0,0.0
1928,7897088,622.1410793149436,593.5352179707402,6.901022678997833,0.07897533500363352,13,0,0,13,0.0,0.0,1.0,-0.009518527472391725,0.7135166093707085,0.2262029942125082,-3.9709126949310303,0.033762261577066965,0.065132275223732,0.056416623294353485,0.07940346002578735,0.01,0,0.0,0.0,0.0,0.0,0.0,0.0,0.0,0.0,0.0,0.0,0.0
1929,7901184,622.1547378065487,658.2211440850562,6.2228326099939295,0.07877792999352096,6,0,0,6,0.0,0.0,1.0,-0.012764771096408367,0.5461659468710423,0.22286019586026667,-3.964353048801422,0.028279197347001173,0.0654599592089653,0.0568854920566082,0.07977954298257828,0.01,0,0.0,0.0,0.0,0.0,0.0,0.0,0.0,0.0,0.0,0.0,0.0
1930,7905280,622.1335334590275,590.6099057395455,6.935203694003576,0.0783018469956005,21,0,0,21,0.0,0.0,1.0,-0.009185769595205784,0.619843427836895,0.23476649560034274,-3.9551421642303466,0.031822783398092726,0.06550091505050659,0.05697908252477646,0.08009523153305054,0.01,0,0.0,0.0,0.0,0.0,0.0,0.0,0.0,0.0,0.0,0.0,0.0
1931,7909376,622.1387298806033,639.9459350674161,6.400540695001837,0.073718566003663,9,0,1,8,0.0,0.1111111111111111,0.8888888888888888,-0.012865999818313868,0.6582941353321076,0.23599332123994826,-3.957522475719452,0.031498177186585964,0.06542101502418518,0.05675609037280083,0.08027929812669754,0.01,0,0.0,0.0,0.0,0.0,0.0,0.0,0.0,0.0,0.0,0.0,0.0
1932,7913472,622.1407114645726,633.9968934275674,6.460599480000383,0.0793642459975672,7,0,0,7,0.0,0.0,1.0,-0.014046609564684332,0.6439217314124107,0.21474310904741287,-3.9618030548095704,0.030137238674797118,0.0653870552778244,0.05666930601000786,0.08017417043447495,0.01,0,0.0,0.0,0.0,0.0,0.0,0.0,0.0,0.0,0.0,0.0,0.0
1933,7917568,622.1310413626516,611.426043564848,6.699093117000302,0.07884799300518353,12,0,1,11,0.0,0.08333333333333333,0.9166666666666666,-0.013981893187155947,0.7383382454514503,0.21964894831180573,-3.960324192047119,0.02989862850517966,0.06545690447092056,0.056780871003866196,0.08006903529167175,0.01,0,0.0,0.0,0.0,0.0,0.0,0.0,0.0,0.0,0.0,0.0,0.0
1934,7921664,622.1259502165614,620.1637855401292,6.604706846002955,0.0800570549981785,10,0,0,10,0.0,0.0,1.0,-0.014012935489881783,0.5209245927631855,0.21825754269957542,-3.9592013001441955,0.023213356750784443,0.06535958498716354,0.05666521564126015,0.0797710046172142,0.01,0,0.0,0.0,0.0,0.0,0.0,0.0,0.0,0.0,0.0,0.0,0.0
1935,7925760,622.1351157939175,648.2401136239205,6.3186463070014725,0.07449199300026521,7,0,1,6,0.0,0.14285714285714285,0.8571428571428571,-0.010526942228898406,0.7070142954587937,0.2408975064754486,-3.9666630387306214,0.028575675716274417,0.0651211217045784,0.056531112641096115,0.07915501296520233,0.01,0,0.0,0.0,0.0,0.0,0.0,0.0,0.0,0.0,0.0,0.0,0.0
1936,7929856,622.1180462869467,597.7164859509755,6.852747240998724,0.0775689210058772,19,0,0,19,0.0,0.0,1.0,-0.011087552004028112,0.7591013550758362,0.25707159861922263,-3.97168048620224,0.02584911882004235,0.0651245042681694,0.05653681233525276,0.07923820614814758,0.01,0,0.0,0.0,0.0,0.0,0.0,0.0,0.0,0.0,0.0,0.0,0.0
1937,7933952,622.1234930246487,640.9590055688815,6.390424292992975,0.07862362900050357,9,0,0,9,0.0,0.0,1.0,-0.01038399210665375,0.6443801283836365,0.2584276605397463,-3.971647310256958,0.03138377705472521,0.06509175151586533,0.05660051107406616,0.0792149156332016,0.01,0,0.0,0.0,0.0,0.0,0.0,0.0,0.0,0.0,0.0,0.0,0.0
1938,7938048,622.1329478619359,649.3682618010685,6.307668916000694,0.07897318199684378,7,0,0,7,0.0,0.0,1.0,-0.004080405464628711,0.5361118361353874,0.22644277177751065,-3.971493363380432,0.030064488638890906,0.06521406769752502,0.05671736225485802,0.07943321764469147,0.01,0,0.0,0.0,0.0,0.0,0.0,0.0,0.0,0.0,0.0,0.0,0.0
1939,7942144,622.1105748999339,588.5366197619493,6.9596349019993795,0.0802623859999585,15,0,0,15,0.0,0.0,1.0,-0.008635937236249447,0.6687808915972709,0.22694107368588448,-3.9630687952041628,0.034897183135035446,0.06539952754974365,0.05693100020289421,0.07980906963348389,0.01,0,0.0,0.0,0.0,0.0,0.0,0.0,0.0,0.0,0.0,0.0,0.0
1940,7946240,621.9521144423346,583.5248432022341,7.0194097950006835,2.8157890219954425,9,0,0,9,0.0,0.0,1.0,0.0,0.0,0.0,0.0,0.0,0.06539952754974365,0.05693100020289421,0.07980906963348389,0.01,1,0.5360071659088135,0.004770110361278057,4.596624374389648,0.0438513420522213,0.21377789974212646,0.1578577160835266,0.0617746040225029,0.09768569469451904,0.34438374638557434,0.0703125,28.716495513916016
1941,7950336,621.9588211251744,643.3206158598402,6.366965241002617,0.07792246699682437,5,0,0,5,0.0,0.0,1.0,-0.014477425569202751,0.5382452704012394,0.22539375983178617,-3.9650217056274415,0.02597849211015273,0.06514491140842438,0.05692391097545624,0.0795312151312828,0.01,0,0.0,0.0,0.0,0.0,0.0,0.0,0.0,0.0,0.0,0.0,0.0
1942,7954432,621.9409823260605,596.198064244925,6.870200099001522,0.07920042100158753,20,0,0,20,0.0,0.0,1.0,-0.012257219094317406,0.722033204138279,0.2473674301058054,-3.9763315677642823,0.030884889481239953,0.06491106748580933,0.056736040860414505,0.07897034287452698,0.01,0,0.0,0.0,0.0,0.0,0.0,0.0,0.0,0.0,0.0,0.0,0.0
1943,7958528,621.9408276492451,629.5070246837959,6.506678780999209,0.07909020299848635,9,0,0,9,0.0,0.0,1.0,-0.015931931708473714,0.6474916279315949,0.2457653507590294,-3.9827879786491396,0.027785084888455457,0.06478363275527954,0.05675215274095535,0.07865235209465027,0.01,0,0.0,0.0,0.0,0.0,0.0,0.0,0.0,0.0,0.0,0.0,0.0
1944,7962624,621.93706885665,623.8730130412558,6.565438662000815,0.0946341550006764,9,0,0,9,0.0,0.0,1.0,-0.009107485285494477,0.6254772752523422,0.23844595924019812,-3.9859249591827393,0.029287185342400334,0.06480906903743744,0.05679476261138916,0.07858379185199738,0.01,0,0.0,0.0,0.0,0.0,0.0,0.0,0.0,0.0,0.0,0.0,0.0
1945,7966720,621.9273354319596,610.9647912585755,6.704150646000926,0.07914623500255402,14,0,1,13,0.0,0.07142857142857142,0.9285714285714286,-0.005113960558082909,0.6945891633629799,0.22251854427158832,-3.9826801896095274,0.03312669373699464,0.06485097110271454,0.05693214014172554,0.07837394624948502,0.01,0,0.0,0.0,0.0,0.0,0.0,0.0,0.0,0.0,0.0,0.0,0.0
1946,7970816,621.9307403558721,636.689265263666,6.43327950299863,0.07964800400077365,9,0,0,9,0.0,0.0,1.0,-0.008736362552735955,0.6891163215041161,0.23079155646264554,-3.9807390928268434,0.0356721589283552,0.06489745527505875,0.05701069161295891,0.07843152433633804,0.01,0,0.0,0.0,0.0,0.0,0.0,0.0,0.0,0.0,0.0,0.0,0.0
1947,7974912,621.9266317592374,621.4765640530716,6.5907553670040215,0.07654923500376754,10,0,0,10,0.0,0.0,1.0,-0.008096402953378856,0.6095602259039878,0.2569153193384409,-3.979068863391876,0.04109805943444371,0.06489083170890808,0.057060953229665756,0.07836057245731354,0.01,0,0.0,0.0,0.0,0.0,0.0,0.0,0.0,0.0,0.0,0.0,0.0
1948,7979008,621.9229934393497,622.6295021502381,6.578551106002124,0.07921784799691522,14,0,0,14,0.0,0.0,1.0,-0.0123708532191813,0.59472054541111,0.24857724830508232,-3.981617105007172,0.025671201571822167,0.06475761532783508,0.05686214193701744,0.0783018171787262,0.01,0,0.0,0.0,0.0,0.0,0.0,0.0,0.0,0.0,0.0,0.0,0.0
1949,7983104,621.9156869270047,615.4357220697631,6.655447275996266,0.07806016300310148,10,0,0,10,0.0,0.0,1.0,-0.008228931564372034,0.5957656756043435,0.22806120179593564,-3.987919867038727,0.02711745016858913,0.064643993973732,0.0569513738155365,0.07830517739057541,0.01,0,0.0,0.0,0.0,0.0,0.0,0.0,0.0,0.0,0.0,0.0,0.0
1950,7987200,621.9192210749512,636.9144011082498,6.43100547400536,0.07874401200388093,9,0,0,9,0.0,0.0,1.0,-0.0073403811198659245,0.6920987889170647,0.24644932858645915,-3.992435026168823,0.03045913084934,0.06460660696029663,0.057076383382081985,0.0782741904258728,0.01,0,0.0,0.0,0.0,0.0,0.0,0.0,0.0,0.0,0.0,0.0,0.0
1951,7991296,621.8975041030084,589.3741058686219,6.949745432000782,0.07985597199876793,14,0,1,13,0.0,0.07142857142857142,0.9285714285714286,-0.011881075287237763,0.9064223974943161,0.2733622886240482,-3.9929457306861877,0.025334550297702662,0.06459711492061615,0.057241521775722504,0.07806830108165741,0.01,0,0.0,0.0,0.0,0.0,0.0,0.0,0.0,0.0,0.0,0.0,0.0
1952,7995392,621.8974637715229,629.5860722604855,6.5058618360053515,0.07809174800058827,10,0,1,9,0.0,0.1,0.9,-0.010115953197237104,0.8049247220158577,0.2656350649893284,-3.9919920325279237,0.030173111785552466,0.06462009996175766,0.05704968422651291,0.07794442027807236,0.01,0,0.0,0.0,0.0,0.0,0.0,0.0,0.0,0.0,0.0,0.0,0.0
1953,7999488,621.887960754826,611.3798805990552,6.6995989400020335,0.0798298869995051,11,0,0,11,0.0,0.0,1.0,-0.013627308851573617,0.5717631742358208,0.2386241104453802,-3.9934571146965028,0.028294764924794436,0.0644967332482338,0.05697215348482132,0.07758261263370514,0.01,0,0.0,0.0,0.0,0.0,0.0,0.0,0.0,0.0,0.0,0.0,0.0
1954,8003584,621.8818414791997,617.2867539122026,6.635489865999261,0.07404733899602434,13,0,0,13,0.0,0.0,1.0,-0.012058638443704695,0.6992031469941139,0.26545976772904395,-3.9969045400619505,0.024605561152566225,0.0644286721944809,0.05693919584155083,0.07754490524530411,0.01,0,0.0,0.0,0.0,0.0,0.0,0.0,0.0,0.0,0.0,0.0,0.0
1955,8007680,621.8691864800138,605.3828854558369,6.765965967002558,0.07965200600301614,11,0,2,9,0.0,0.18181818181818182,0.8181818181818182,-0.012428821087814868,0.8666299864649772,0.2597007527947426,-4.001556921005249,0.027573517587734388,0.06436994671821594,0.05659673362970352,0.07795742899179459,0.01,0,0.0,0.0,0.0,0.0,0.0,0.0,0.0,0.0,0.0,0.0,0.0
1956,8011776,621.8666428307747,624.845252691403,6.555223044997547,0.08013318799930857,9,0,0,9,0.0,0.0,1.0,-0.011333315330557526,0.625860047340393,0.24672212973237037,-4.008177125453949,0.02887407004891429,0.06423640251159668,0.05633615329861641,0.07780572772026062,0.01,0,0.0,0.0,0.0,0.0,0.0,0.0,0.0,0.0,0.0,0.0,0.0
1957,8015872,621.8553320191367,607.8315378694908,6.738709239005402,0.07879884100111667,13,0,1,12,0.0,0.07692307692307693,0.9230769230769231,-0.010459189489483833,0.6647845089435578,0.24921443350613118,-4.013085734844208,0.02865628823346924,0.0641198456287384,0.05636412277817726,0.07714609056711197,0.01,0,0.0,0.0,0.0,0.0,0.0,0.0,0.0,0.0,0.0,0.0,0.0
1958,8019968,621.8547093275812,628.6795107793561,6.515243346999341,0.08081559700076468,10,0,2,8,0.0,0.2,0.8,-0.010000329895410687,0.6920364812016487,0.23391592167317868,-4.008535671234131,0.02614141717203893,0.06437930464744568,0.05652748793363571,0.07730374485254288,0.01,0,0.0,0.0,0.0,0.0,0.0,0.0,0.0,0.0,0.0,0.0,0.0
1959,8024064,621.8487598270183,619.325609880689,6.613645447003364,0.09318798100139247,12,0,0,12,0.0,0.0,1.0,-0.0066315157571807505,0.5297267198562622,0.2395453754812479,-4.002367877960205,0.03370084369962569,0.0643187090754509,0.056336838752031326,0.0773380920290947,0.01,0,0.0,0.0,0.0,0.0,0.0,0.0,0.0,0.0,0.0,0.0,0.0
1960,8028160,621.7041510848641,598.7515483507013,6.840900889998011,2.7450650249957107,11,0,0,11,0.0,0.0,1.0,0.0,0.0,0.0,0.0,0.0,0.0643187090754509,0.056336838752031326,0.0773380920290947,0.01,1,0.5156148672103882,0.005383079871535301,4.657759189605713,0.04926726222038269,0.14452332258224487,0.1979973316192627,0.04305199533700943,0.1008681058883667,0.5521824955940247,0.109375,29.140945434570312
1961,8032256,621.7008100121749,622.8234890711565,6.576502126001287,0.07813430199894356,9,0,0,9,0.0,0.0,1.0,-0.012498033221345396,0.594893042743206,0.23874977529048919,-4.00155246257782,0.026654605538351462,0.06445781141519547,0.05655704811215401,0.07749255001544952,0.01,0,0.0,0.0,0.0,0.0,0.0,0.0,0.0,0.0,0.0,0.0,0.0
1962,8036352,621.7016382083006,631.1977514869837,6.489249985999777,0.07836007100559073,11,0,0,11,0.0,0.0,1.0,-0.012237403378821909,0.535697803646326,0.22610975615680218,-4.000246834754944,0.028215674712555483,0.06433667987585068,0.05624828487634659,0.07772666960954666,0.01,0,0.0,0.0,0.0,0.0,0.0,0.0,0.0,0.0,0.0,0.0,0.0
1963,8040448,621.6859731325436,599.7641049291841,6.829351683998539,0.08115181099856272,15,0,1,14,0.0,0.06666666666666667,0.9333333333333333,-0.015577356226276606,0.6565120488405227,0.23512730561196804,-4.013260459899902,0.026349218786344865,0.06401517242193222,0.05620983615517616,0.07743564248085022,0.01,0,0.0,0.0,0.0,0.0,0.0,0.0,0.0,0.0,0.0,0.0,0.0
1964,8044544,621.694622760284,646.7299789726259,6.333400543000607,0.07201374400028726,7,0,0,7,0.0,0.0,1.0,-0.01355895924498327,0.512393307685852,0.23393580466508865,-4.02086318731308,0.030908616073429585,0.06403591483831406,0.05608063191175461,0.07722702622413635,0.01,0,0.0,0.0,0.0,0.0,0.0,0.0,0.0,0.0,0.0,0.0,0.0
1965,8048640,621.6812008198411,603.603776589307,6.7859085029995185,0.07858359900274081,15,0,0,15,0.0,0.0,1.0,-0.00047063690144568684,0.5756954789161682,0.231977367028594,-4.017028439044952,0.03564091576554347,0.06405065953731537,0.05587749928236008,0.0773376002907753,0.01,0,0.0,0.0,0.0,0.0,0.0,0.0,0.0,0.0,0.0,0.0,0.0
1966,8052736,621.6801438958022,627.6710680411861,6.5257110109960195,0.0802510749999783,10,0,1,9,0.0,0.1,0.9,-0.015077004721388221,0.7293919280171395,0.2521986532956362,-4.0198496103286745,0.026231014481163585,0.06402576714754105,0.055650871247053146,0.07750067114830017,0.01,0,0.0,0.0,0.0,0.0,0.0,0.0,0.0,0.0,0.0,0.0,0.0
1967,8056832,621.6817188096933,632.8089089607826,6.472728089000157,0.07949493499472737,8,0,0,8,0.0,0.0,1.0,-0.009002989286091178,0.5335200279951096,0.2437906637787819,-4.02090175151825,0.026653082686243577,0.06395163387060165,0.05594624578952789,0.07707034796476364,0.01,0,0.0,0.0,0.0,0.0,0.0,0.0,0.0,0.0,0.0,0.0,0.0
1968,8060928,621.676226050466,618.8927434408864,6.618271168001229,0.08139012000174262,12,0,0,12,0.0,0.0,1.0,-0.007453515246743337,0.6090823084115982,0.23474167063832282,-4.026130318641663,0.028093694502604193,0.06377573311328888,0.055742524564266205,0.07685160636901855,0.01,0,0.0,0.0,0.0,0.0,0.0,0.0,0.0,0.0,0.0,0.0,0.0
1969,8065024,621.662867145833,603.6757565971551,6.7850993770043715,0.0791417470027227,13,0,0,13,0.0,0.0,1.0,-0.00848267850233242,0.5697889156639576,0.24359809458255768,-4.033629190921784,0.02885694824217353,0.06373268365859985,0.05543116107583046,0.0772838294506073,0.01,0,0.0,0.0,0.0,0.0,0.0,0.0,0.0,0.0,0.0,0.0,0.0
1970,8069120,621.6752245695272,655.4092363342811,6.249530480999965,0.07808615300018573,6,0,0,6,0.0,0.0,1.0,-0.012567210709676147,0.5578791186213493,0.22980017215013504,-4.034315741062164,0.032128020690288396,0.06382492184638977,0.055533282458782196,0.07766683399677277,0.01,0,0.0,0.0,0.0,0.0,0.0,0.0,0.0,0.0,0.0,0.0,0.0
1971,8073216,621.6547618471291,590.7570269218801,6.933476562000578,0.07923626900446834,16,0,1,15,0.0,0.0625,0.9375,-0.012816669908352197,0.7208512112498283,0.2588766187429428,-4.029674863815307,0.0337572405784158,0.06388943642377853,0.055535051971673965,0.07767177373170853,0.01,0,0.0,0.0,0.0,0.0,0.0,0.0,0.0,0.0,0.0,0.0,0.0
1972,8077312,621.6511587188487,622.3707237664223,6.581286432003253,0.07965272000001278,10,0,0,10,0.0,0.0,1.0,-0.01455126826185733,0.5788138762116433,0.25297199562191963,-4.033572006225586,0.024087031156523154,0.06362724304199219,0.055275365710258484,0.07701246440410614,0.01,0,0.0,0.0,0.0,0.0,0.0,0.0,0.0,0.0,0.0,0.0,0.0
1973,8081408,621.654558373881,636.402708137009,6.436176256996987,0.07814084900019225,7,0,0,7,0.0,0.0,1.0,-0.011125213210470974,0.6427885681390763,0.2450541563332081,-4.035224914550781,0.026078884411253965,0.06387057900428772,0.055320821702480316,0.0774841383099556,0.01,0,0.0,0.0,0.0,0.0,0.0,0.0,0.0,0.0,0.0,0.0,0.0
1974,8085504,621.6387638798393,598.9763573897737,6.838333348998276,0.07769080500293057,17,0,0,17,0.0,0.0,1.0,-0.008569142245687545,0.6271943852305413,0.2534682400524616,-4.024484181404114,0.029322575608966873,0.06404915452003479,0.055422764271497726,0.07794739305973053,0.01,0,0.0,0.0,0.0,0.0,0.0,0.0,0.0,0.0,0.0,0.0,0.0
1975,8089600,621.6452943874428,642.979756969009,6.370340520996251,0.07864256500033662,8,0,0,8,0.0,0.0,1.0,-0.01319896912900731,0.6357902199029922,0.2587888468056917,-4.024312150478363,0.0256004231312545,0.06388555467128754,0.05544888600707054,0.07764199376106262,0.01,0,0.0,0.0,0.0,0.0,0.0,0.0,0.0,0.0,0.0,0.0,0.0
1976,8093696,621.6449261356194,628.6898612430484,6.5151360829986515,0.07817406600224786,8,0,1,7,0.0,0.125,0.875,-0.013713352335616946,0.7221439138054848,0.2453946392983198,-4.03525402545929,0.02760206237435341,0.06363233923912048,0.05483101308345795,0.07746101170778275,0.01,0,0.0,0.0,0.0,0.0,0.0,0.0,0.0,0.0,0.0,0.0,0.0
1977,8097792,621.634641224048,609.6746965713448,6.718336882004223,0.08272020999720553,16,0,1,15,0.0,0.0625,0.9375,-0.016296117659658195,0.6808811619877815,0.23602483719587325,-4.04546582698822,0.032366734152310526,0.06348884105682373,0.054600656032562256,0.07727367430925369,0.01,0,0.0,0.0,0.0,0.0,0.0,0.0,0.0,0.0,0.0,0.0,0.0
1978,8101888,621.6310978154328,622.3123321156642,6.581903955004236,0.07852336199721321,10,0,1,9,0.0,0.1,0.9,-0.009214028692804277,0.5624745659530163,0.22193141095340252,-4.0534295558929445,0.027671304190880618,0.0632646381855011,0.054617300629615784,0.07680989801883698,0.01,0,0.0,0.0,0.0,0.0,0.0,0.0,0.0,0.0,0.0,0.0,0.0
1979,8105984,621.6388378070694,645.706661442708,6.3434377320008934,0.07991283800220117,7,0,0,7,0.0,0.0,1.0,-0.011576372978743166,0.7000925436615943,0.23897862806916237,-4.060721170902252,0.029129754865425638,0.06319061666727066,0.05436280742287636,0.07687218487262726,0.01,0,0.0,0.0,0.0,0.0,0.0,0.0,0.0,0.0,0.0,0.0,0.0
1980,8110080,621.4603684989887,552.6794094500516,7.411168083999655,2.9213307010068092,17,0,0,17,0.0,0.0,1.0,0.0,0.0,0.0,0.0,0.0,0.06319061666727066,0.05436280742287636,0.07687218487262726,0.01,1,0.5224602818489075,0.0048596737906336784,4.56663703918457,0.045066796243190765,0.20029954612255096,0.13595104217529297,0.055101051926612854,0.09695090353488922,0.617919921875,0.0859375,28.92262077331543
1981,8114176,621.463022537704,634.7598748388275,6.452833839000959,0.0786750090046553,9,0,0,9,0.0,0.0,1.0,-0.014028017333475872,0.4331604018807411,0.23729378469288348,-4.064607715606689,0.020454058350878768,0.0630299299955368,0.054326798766851425,0.07653931528329849,0.01,0,0.0,0.0,0.0,0.0,0.0,0.0,0.0,0.0,0.0,0.0,0.0
1982,8118272,621.4619329014926,627.0144586506141,6.532544734000112,0.07812921600270784,8,0,0,8,0.0,0.0,1.0,-0.010465589351952076,0.6565218180418014,0.23404325507581233,-4.074182331562042,0.027754860851564443,0.06286000460386276,0.05425982549786568,0.07624800503253937,0.01,0,0.0,0.0,0.0,0.0,0.0,0.0,0.0,0.0,0.0,0.0,0.0
1983,8122368,621.4500131941413,605.9231103581575,6.759933612003806,0.07831190100114327,14,0,1,13,0.0,0.07142857142857142,0.9285714285714286,-0.009567806089762598,0.7672750324010849,0.25628164000809195,-4.0824805974960325,0.028363470622571184,0.06260479241609573,0.054089318960905075,0.0756211057305336,0.01,0,0.0,0.0,0.0,0.0,0.0,0.0,0.0,0.0,0.0,0.0,0.0
1984,8126464,621.4379778048815,605.6427687376806,6.763062669000647,0.07774007600528421,11,0,0,11,0.0,0.0,1.0,-0.009541227505542338,0.7237705379724503,0.24818687736988068,-4.089783155918122,0.03166530308662914,0.06250780820846558,0.054061226546764374,0.07538356631994247,0.01,0,0.0,0.0,0.0,0.0,0.0,0.0,0.0,0.0,0.0,0.0,0.0
1985,8130560,621.4462209657985,646.6111080653459,6.334564854994824,0.07970558199303923,8,0,0,8,0.0,0.0,1.0,-0.009795313730137423,0.6047938495874405,0.23398397937417031,-4.090829944610595,0.02874260623357259,0.06252109259366989,0.05418660491704941,0.07501509040594101,0.01,0,0.0,0.0,0.0,0.0,0.0,0.0,0.0,0.0,0.0,0.0,0.0
1986,8134656,621.4248287430945,588.6103837856273,6.958762727997964,0.07964954399358248,16,0,0,16,0.0,0.0,1.0,-0.006840816780459136,0.6003416255116463,0.2489103849977255,-4.091888380050659,0.02793345583486371,0.062377046793699265,0.05412410944700241,0.07433046400547028,0.01,0,0.0,0.0,0.0,0.0,0.0,0.0,0.0,0.0,0.0,0.0,0.0
1987,8138752,621.4288472377191,637.638358486936,6.423703884000133,0.07993284100666642,9,0,0,9,0.0,0.0,1.0,-0.014208155847154558,0.5979416564106941,0.24052411057054995,-4.100987339019776,0.02564330746536143,0.062126319855451584,0.05389900133013725,0.07411528378725052,0.01,0,0.0,0.0,0.0,0.0,0.0,0.0,0.0,0.0,0.0,0.0,0.0
1988,8142848,621.4298884095987,631.6806839640201,6.484288825005933,0.0817825720005203,10,0,0,10,0.0,0.0,1.0,0.0007092128624208271,0.5990866735577584,0.256431919708848,-4.110192441940308,0.03981791874393821,0.062006086111068726,0.05407321825623512,0.07384233921766281,0.01,0,0.0,0.0,0.0,0.0,0.0,0.0,0.0,0.0,0.0,0.0,0.0
1989,8146944,621.4245273507466,617.8048594242324,6.6299251899981755,0.07105862600292312,13,0,1,12,0.0,0.07692307692307693,0.9230769230769231,-0.007478989486116916,0.6724356144666672,0.24872880801558495,-4.112529015541076,0.0284678121592151,0.061977919191122055,0.054061178117990494,0.07371797412633896,0.01,0,0.0,0.0,0.0,0.0,0.0,0.0,0.0,0.0,0.0,0.0,0.0
1990,8151040,621.4185308793399,617.352652443143,6.634781568995095,0.07976149599562632,11,0,0,11,0.0,0.0,1.0,-0.00833187261596322,0.7677633225917816,0.24192005023360252,-4.110592401027679,0.03770496331271715,0.06209916993975639,0.054141998291015625,0.0738815888762474,0.01,0,0.0,0.0,0.0,0.0,0.0,0.0,0.0,0.0,0.0,0.0,0.0
1991,8155136,621.4201348937656,631.9158685984997,6.481875520999893,0.07223555700329598,9,0,0,9,0.0,0.0,1.0,-0.0030406570062041284,0.6438992604613304,0.2353519506752491,-4.105515789985657,0.03998709173756652,0.062157344073057175,0.054255206137895584,0.07387436926364899,0.01,0,0.0,0.0,0.0,0.0,0.0,0.0,0.0,0.0,0.0,0.0,0.0
1992,8159232,621.4078627451682,605.1107574801636,6.7690087299997685,0.0786541049965308,13,0,0,13,0.0,0.0,1.0,-0.014547867781948299,0.7062372162938118,0.24019183441996575,-4.1082215189933775,0.033114117934019305,0.061971139162778854,0.05415121838450432,0.07374761253595352,0.01,0,0.0,0.0,0.0,0.0,0.0,0.0,0.0,0.0,0.0,0.0,0.0
1993,8163328,621.4080739000806,628.6351525046821,6.515703081000538,0.06787095199979376,10,0,0,10,0.0,0.0,1.0,-0.012756666040513665,0.5504869617521763,0.23862789906561374,-4.1150807499885556,0.02730419435247313,0.061912380158901215,0.05413691699504852,0.07357371598482132,0.01,0,0.0,0.0,0.0,0.0,0.0,0.0,0.0,0.0,0.0,0.0,0.0
1994,8167424,621.4016526181296,615.8355644932356,6.651126105993171,0.0732088040022063,14,0,2,12,0.0,0.14285714285714285,0.8571428571428571,-0.010019189142622054,0.7176809430122375,0.2431504275649786,-4.1104007959365845,0.03132567553548142,0.06215764209628105,0.0541926771402359,0.07383187860250473,0.01,0,0.0,0.0,0.0,0.0,0.0,0.0,0.0,0.0,0.0,0.0,0.0
1995,8171520,621.395414546191,617.5430618964091,6.632735840998066,0.08756658199854428,11,0,2,9,0.0,0.18181818181818182,0.8181818181818182,-0.011643893038854002,0.7882288739085197,0.24926257282495498,-4.106178987026214,0.023800306327757426,0.06205350160598755,0.05363601818680763,0.07394777983427048,0.01,0,0.0,0.0,0.0,0.0,0.0,0.0,0.0,0.0,0.0,0.0,0.0
1996,8175616,621.3885441608608,615.4730446944179,6.655043686005229,0.07878003099904163,10,0,0,10,0.0,0.0,1.0,-0.01007165595656261,0.6735352501273155,0.2303270798176527,-4.111800909042358,0.029350829284521752,0.062045685946941376,0.05339127779006958,0.07380961626768112,0.01,0,0.0,0.0,0.0,0.0,0.0,0.0,0.0,0.0,0.0,0.0,0.0
1997,8179712,621.3844340671752,620.9729434638418,6.596100592003495,0.07951865700306371,10,0,0,10,0.0,0.0,1.0,-0.011319838219787926,0.5828800790011883,0.23983070962131023,-4.115123510360718,0.025058674384490588,0.06187460944056511,0.05309458076953888,0.0738425999879837,0.01,0,0.0,0.0,0.0,0.0,0.0,0.0,0.0,0.0,0.0,0.0,0.0
1998,8183808,621.3761218696433,612.8577956946358,6.683442764006031,0.0809016179991886,12,0,0,12,0.0,0.0,1.0,-0.014752548187971115,0.6506084576249123,0.2624383233487606,-4.122945296764374,0.028948539236444047,0.061799079179763794,0.05282621458172798,0.07405246049165726,0.01,0,0.0,0.0,0.0,0.0,0.0,0.0,0.0,0.0,0.0,0.0,0.0
1999,8187904,621.3830597681963,642.9934292865602,6.370205064995389,0.07109265100007178,8,0,1,7,0.0,0.125,0.875,-0.012792076310142874,0.7028708130121231,0.2357424810528755,-4.124058771133423,0.031361112277954815,0.06187976151704788,0.052683956921100616,0.07421692460775375,0.01,0,0.0,0.0,0.0,0.0,0.0,0.0,0.0,0.0,0.0,0.0,0.0
2000,8192000,621.2153626915627,563.7816356842893,7.2652242299955105,2.8819976890008547,15,0,0,15,0.0,0.0,1.0,0.0,0.0,0.0,0.0,0.0,0.06187976151704788,0.052683956921100616,0.07421692460775375,0.01,1,0.4418821334838867,0.004952077753841877,4.57454776763916,0.03873853385448456,0.17917640507221222,0.14347302913665771,0.03457320109009743,0.10593301802873611,0.19782312214374542,0.109375,29.121248245239258
