phase,step,update,t,env_id,px_x,dist,end_d,end_x,a_x,a_y,a_w,reward,done,success,fail,timeout,robot_x,robot_y,head_yaw,target_x,target_y
offline_val_env0,901120,110,0,0,51.5600,1.8768,1.5000,0.0000,0.9447,0.1720,0.4966,0.9970,0,0,0,0,0.0378,0.0069,0.0312,1.8872,0.9149
offline_val_env0,901120,110,1,0,55.7361,1.8644,1.5000,0.0000,0.9431,0.1624,0.4939,0.0172,0,0,0,0,0.0753,0.0146,0.0622,1.8872,0.9149
offline_val_env0,901120,110,2,0,59.8785,1.8516,1.5000,0.0000,0.8979,0.1534,0.4904,0.0171,0,0,0,0,0.1108,0.0229,0.0930,1.8872,0.9149
offline_val_env0,901120,110,3,0,63.9390,1.8371,1.5000,0.0000,0.8897,0.1461,0.4855,0.0169,0,0,0,0,0.1456,0.0320,0.1236,1.8872,0.9149
offline_val_env0,901120,110,4,0,67.8409,1.8222,1.5000,0.0000,0.8321,0.1354,0.4669,0.0163,0,0,0,0,0.1780,0.0415,0.1529,1.8872,0.9149
offline_val_env0,901120,110,5,0,71.5791,1.8083,1.5000,0.0000,0.7463,0.1278,0.4432,0.0154,0,0,0,0,0.2067,0.0511,0.1807,1.8872,0.9149
offline_val_env0,901120,110,6,0,75.1989,1.7952,1.5000,0.0000,0.6756,0.1231,0.4249,0.0148,0,0,0,0,0.2324,0.0608,0.2074,1.8872,0.9149
offline_val_env0,901120,110,7,0,78.6720,1.7837,1.5000,0.0000,0.5824,0.1191,0.4012,0.0139,0,0,0,0,0.2542,0.0703,0.2326,1.8872,0.9149
offline_val_env0,901120,110,8,0,81.9770,1.7727,1.5000,0.0000,0.5239,0.1144,0.3786,0.0131,0,0,0,0,0.2736,0.0796,0.2564,1.8872,0.9149
offline_val_env0,901120,110,9,0,85.0942,1.7632,1.5000,0.0000,0.4439,0.1096,0.3521,0.0121,0,0,0,0,0.2896,0.0883,0.2786,1.8872,0.9149
offline_val_env0,901120,110,10,0,88.0602,1.7552,1.5000,0.0000,0.3733,0.1071,0.3301,0.0112,0,0,0,0,0.3028,0.0965,0.2993,1.8872,0.9149
offline_val_env0,901120,110,11,0,90.7669,1.7487,1.5000,0.0000,0.3018,0.0994,0.2977,0.0099,0,0,0,0,0.3132,0.1039,0.3180,1.8872,0.9149
offline_val_env0,901120,110,12,0,93.2140,1.7435,1.5000,0.0000,0.2382,0.0911,0.2664,0.0086,0,0,0,0,0.3211,0.1103,0.3347,1.8872,0.9149
offline_val_env0,901120,110,13,0,95.4081,1.7378,1.5000,0.0000,0.2272,0.0817,0.2392,0.0075,0,0,0,0,0.3286,0.1164,0.3498,1.8872,0.9149
offline_val_env0,901120,110,14,0,97.2918,1.7325,1.5000,0.0000,0.1978,0.0699,0.2051,0.0061,0,0,0,0,0.3351,0.1217,0.3627,1.8872,0.9149
offline_val_env0,901120,110,15,0,98.9664,1.7274,1.5000,0.0000,0.1802,0.0619,0.1822,0.0051,0,0,0,0,0.3409,0.1266,0.3741,1.8872,0.9149
offline_val_env0,901120,110,16,0,100.4116,1.7228,1.5000,0.0000,0.1529,0.0538,0.1566,0.0040,0,0,0,0,0.3459,0.1308,0.3840,1.8872,0.9149
offline_val_env0,901120,110,17,0,101.6453,1.7179,1.5000,0.0000,0.1512,0.0456,0.1342,0.0031,0,0,0,0,0.3508,0.1348,0.3924,1.8872,0.9149
offline_val_env0,901120,110,18,0,102.7148,1.7131,1.5000,0.0000,0.1431,0.0395,0.1163,0.0024,0,0,0,0,0.3555,0.1385,0.3997,1.8872,0.9149
offline_val_env0,901120,110,19,0,103.6518,1.7085,1.5000,0.0000,0.1332,0.0345,0.1019,0.0018,0,0,0,0,0.3598,0.1418,0.4061,1.8872,0.9149
offline_val_env0,901120,110,20,0,104.4601,1.7038,1.5000,0.0000,0.1316,0.0295,0.0881,0.0012,0,0,0,0,0.3642,0.1450,0.4116,1.8872,0.9149
offline_val_env0,901120,110,21,0,105.1904,1.6988,1.5000,0.0000,0.1356,0.0258,0.0800,0.9970,0,0,0,0,0.3688,0.1481,0.4167,1.8872,0.9149
offline_val_env0,901120,110,22,0,105.8534,1.6940,1.5000,0.0000,0.1299,0.0232,0.0727,-0.0030,0,0,0,0,0.3731,0.1510,0.4212,1.8872,0.9149
offline_val_env0,901120,110,23,0,106.4663,1.6891,1.5000,0.0000,0.1303,0.0209,0.0673,-0.0030,0,0,0,0,0.3776,0.1539,0.4255,1.8872,0.9149
offline_val_env0,901120,110,24,0,107.0229,1.6843,1.5000,0.0000,0.1275,0.0189,0.0611,-0.0030,0,0,0,0,0.3819,0.1567,0.4293,1.8872,0.9149
offline_val_env0,901120,110,25,0,107.5194,1.6794,1.5000,0.0000,0.1276,0.0161,0.0548,-0.0030,0,0,0,0,0.3863,0.1594,0.4327,1.8872,0.9149
offline_val_env0,901120,110,26,0,107.9587,1.6748,1.5000,0.0000,0.1174,0.0143,0.0484,-0.0030,0,0,0,0,0.3903,0.1619,0.4358,1.8872,0.9149
offline_val_env0,901120,110,27,0,108.3692,1.6706,1.5000,0.0000,0.1100,0.0135,0.0450,-0.0030,0,0,0,0,0.3940,0.1643,0.4386,1.8872,0.9149
offline_val_env0,901120,110,28,0,108.7423,1.6665,1.5000,0.0000,0.1054,0.0121,0.0409,-0.0030,0,0,0,0,0.3977,0.1665,0.4412,1.8872,0.9149
offline_val_env0,901120,110,29,0,109.0892,1.6626,1.5000,0.0000,0.0986,0.0115,0.0378,-0.0030,0,0,0,0,0.4010,0.1686,0.4436,1.8872,0.9149
offline_val_env0,901120,110,30,0,109.3868,1.6589,1.5000,0.0000,0.0941,0.0095,0.0326,-0.0030,0,0,0,0,0.4043,0.1706,0.4456,1.8872,0.9149
offline_val_env0,901120,110,31,0,109.6781,1.6556,1.5000,0.0000,0.0856,0.0098,0.0316,-0.0030,0,0,0,0,0.4072,0.1724,0.4476,1.8872,0.9149
offline_val_env0,901120,110,32,0,109.9417,1.6523,1.5000,0.0000,0.0837,0.0088,0.0286,-0.0030,0,0,0,0,0.4101,0.1741,0.4494,1.8872,0.9149
offline_val_env0,901120,110,33,0,110.1881,1.6493,1.5000,0.0000,0.0740,0.0087,0.0265,-0.0030,0,0,0,0,0.4126,0.1757,0.4511,1.8872,0.9149
offline_val_env0,901120,110,34,0,110.3948,1.6467,1.5000,0.0000,0.0658,0.0073,0.0222,-0.0030,0,0,0,0,0.4148,0.1772,0.4524,1.8872,0.9149
offline_val_env0,901120,110,35,0,110.5958,1.6443,1.5000,0.0000,0.0626,0.0075,0.0214,-0.0030,0,0,0,0,0.4169,0.1785,0.4538,1.8872,0.9149
offline_val_env0,901120,110,36,0,110.7781,1.6420,1.5000,0.0000,0.0573,0.0071,0.0192,-0.0030,0,0,0,0,0.4189,0.1798,0.4550,1.8872,0.9149
offline_val_env0,901120,110,37,0,110.9249,1.6398,1.5000,0.0000,0.0558,0.0055,0.0155,-0.0030,0,0,0,0,0.4208,0.1810,0.4560,1.8872,0.9149
offline_val_env0,901120,110,38,0,111.0778,1.6376,1.5000,0.0000,0.0540,0.0059,0.0161,-0.0030,0,0,0,0,0.4226,0.1821,0.4570,1.8872,0.9149
offline_val_env0,901120,110,39,0,111.2267,1.6353,1.5000,0.0000,0.0576,0.0055,0.0158,-0.0030,0,0,0,0,0.4246,0.1833,0.4580,1.8872,0.9149
offline_val_env0,901120,110,40,0,111.2267,1.6353,1.5000,0.0000,0.0000,0.0000,0.0000,-0.0030,0,0,0,0,0.4246,0.1833,0.4580,1.8872,0.9149
offline_val_env0,901120,110,41,0,111.2267,1.6353,1.5000,0.0000,0.0000,0.0000,0.0000,-0.0030,0,0,0,0,0.4246,0.1833,0.4580,1.8872,0.9149
offline_val_env0,901120,110,42,0,111.2267,1.6353,1.5000,0.0000,0.0000,0.0000,0.0000,3.9522,1,1,0,0,0.4246,0.1833,0.4580,1.8872,0.9149
offline_val_env0,1720320,210,0,0,199.7271,1.9506,1.5000,0.0000,-0.0236,-0.1376,-0.2232,0.9970,0,0,0,0,-0.0009,-0.0055,-0.0140,1.9315,-1.3148
offline_val_env0,1720320,210,1,0,196.7159,1.9689,1.5000,0.0000,-0.0215,-0.1322,-0.2200,0.0082,0,0,0,0,-0.0019,-0.0108,-0.0278,1.9315,-1.3148
offline_val_env0,1720320,210,2,0,193.8866,1.9857,1.5000,0.0000,-0.0090,-0.1252,-0.2126,0.0075,0,0,0,0,-0.0024,-0.0158,-0.0412,1.9315,-1.3148
offline_val_env0,1720320,210,3,0,191.1503,2.0015,1.5000,0.0000,0.0031,-0.1221,-0.2112,0.0072,0,0,0,0,-0.0025,-0.0207,-0.0545,1.9315,-1.3148
offline_val_env0,1720320,210,4,0,188.5626,2.0158,1.5000,0.0000,0.0217,-0.1168,-0.2057,0.0068,0,0,0,0,-0.0018,-0.0254,-0.0674,1.9315,-1.3148
offline_val_env0,1720320,210,5,0,186.1238,2.0282,1.5000,0.0000,0.0495,-0.1120,-0.2006,0.0063,0,0,0,0,-0.0002,-0.0300,-0.0800,1.9315,-1.3148
offline_val_env0,1720320,210,6,0,183.7299,2.0399,1.5000,0.0000,0.0571,-0.1108,-0.2008,0.0062,0,0,0,0,0.0018,-0.0346,-0.0926,1.9315,-1.3148
offline_val_env0,1720320,210,7,0,181.4218,2.0504,1.5000,0.0000,0.0726,-0.1088,-0.1981,0.0060,0,0,0,0,0.0042,-0.0392,-0.1051,1.9315,-1.3148
offline_val_env0,1720320,210,8,0,179.1989,2.0599,1.5000,0.0000,0.0842,-0.1065,-0.1947,0.0057,0,0,0,0,0.0071,-0.0438,-0.1173,1.9315,-1.3148
offline_val_env0,1720320,210,9,0,177.1600,2.0665,1.5000,0.0000,0.1322,-0.1031,-0.1861,0.0053,0,0,0,0,0.0119,-0.0485,-0.1290,1.9315,-1.3148
offline_val_env0,1720320,210,10,0,175.2016,2.0718,1.5000,0.0000,0.1550,-0.1021,-0.1831,0.0051,0,0,0,0,0.0175,-0.0533,-0.1405,1.9315,-1.3148
offline_val_env0,1720320,210,11,0,173.1662,2.0779,1.5000,0.0000,0.1322,-0.1049,-0.1888,0.0053,0,0,0,0,0.0222,-0.0582,-0.1524,1.9315,-1.3148
offline_val_env0,1720320,210,12,0,171.2182,2.0825,1.5000,0.0000,0.1580,-0.1041,-0.1850,0.0051,0,0,0,0,0.0278,-0.0633,-0.1640,1.9315,-1.3148
offline_val_env0,1720320,210,13,0,169.1849,2.0884,1.5000,0.0000,0.1221,-0.1070,-0.1902,0.0053,0,0,0,0,0.0319,-0.0683,-0.1759,1.9315,-1.3148
offline_val_env0,1720320,210,14,0,167.1917,2.0938,1.5000,0.0000,0.1263,-0.1070,-0.1882,0.0052,0,0,0,0,0.0361,-0.0734,-0.1878,1.9315,-1.3148
offline_val_env0,1720320,210,15,0,165.1540,2.0995,1.5000,0.0000,0.1135,-0.1104,-0.1921,0.0054,0,0,0,0,0.0398,-0.0786,-0.1998,1.9315,-1.3148
offline_val_env0,1720320,210,16,0,163.1134,2.1050,1.5000,0.0000,0.1090,-0.1125,-0.1930,0.0054,0,0,0,0,0.0432,-0.0839,-0.2120,1.9315,-1.3148
offline_val_env0,1720320,210,17,0,161.0679,2.1104,1.5000,0.0000,0.1054,-0.1141,-0.1943,0.0055,0,0,0,0,0.0463,-0.0892,-0.2242,1.9315,-1.3148
offline_val_env0,1720320,210,18,0,159.0037,2.1157,1.5000,0.0000,0.1027,-0.1163,-0.1970,0.0056,0,0,0,0,0.0493,-0.0947,-0.2365,1.9315,-1.3148
offline_val_env0,1720320,210,19,0,156.9040,2.1208,1.5000,0.0000,0.1025,-0.1187,-0.2017,0.0057,0,0,0,0,0.0522,-0.1003,-0.2492,1.9315,-1.3148
offline_val_env0,1720320,210,20,0,154.7864,2.1256,1.5000,0.0000,0.1052,-0.1202,-0.2050,0.0059,0,0,0,0,0.0551,-0.1060,-0.2621,1.9315,-1.3148
offline_val_env0,1720320,210,21,0,152.6595,2.1302,1.5000,0.0000,0.0989,-0.1200,-0.2070,0.0059,0,0,0,0,0.0576,-0.1116,-0.2751,1.9315,-1.3148
offline_val_env0,1720320,210,22,0,150.5417,2.1341,1.5000,0.0000,0.1104,-0.1199,-0.2084,0.0060,0,0,0,0,0.0606,-0.1174,-0.2882,1.9315,-1.3148
offline_val_env0,1720320,210,23,0,148.4014,2.1370,1.5000,0.0000,0.1261,-0.1212,-0.2132,0.0062,0,0,0,0,0.0640,-0.1235,-0.3016,1.9315,-1.3148
offline_val_env0,1720320,210,24,0,146.2706,2.1388,1.5000,0.0000,0.1461,-0.1205,-0.2150,0.0063,0,0,0,0,0.0682,-0.1299,-0.3151,1.9315,-1.3148
offline_val_env0,1720320,210,25,0,144.1378,2.1387,1.5000,0.0000,0.1848,-0.1217,-0.2187,0.0065,0,0,0,0,0.0737,-0.1368,-0.3288,1.9315,-1.3148
offline_val_env0,1720320,210,26,0,141.9967,2.1366,1.5000,0.0000,0.2257,-0.1240,-0.2225,0.0068,0,0,0,0,0.0807,-0.1444,-0.3428,1.9315,-1.3148
offline_val_env0,1720320,210,27,0,139.8295,2.1314,1.5000,0.0000,0.2956,-0.1278,-0.2293,0.0073,0,0,0,0,0.0901,-0.1532,-0.3572,1.9315,-1.3148
offline_val_env0,1720320,210,28,0,137.6838,2.1233,1.5000,0.0000,0.3553,-0.1277,-0.2305,0.0076,0,0,0,0,0.1016,-0.1629,-0.3717,1.9315,-1.3148
offline_val_env0,1720320,210,29,0,135.5591,2.1133,1.5000,0.0000,0.3907,-0.1274,-0.2298,0.0077,0,0,0,0,0.1143,-0.1733,-0.3861,1.9315,-1.3148
offline_val_env0,1720320,210,30,0,133.4653,2.1008,1.5000,0.0000,0.4389,-0.1277,-0.2279,0.0079,0,0,0,0,0.1287,-0.1847,-0.4005,1.9315,-1.3148
offline_val_env0,1720320,210,31,0,131.4460,2.0855,1.5000,0.0000,0.4920,-0.1251,-0.2215,0.0079,0,0,0,0,0.1448,-0.1970,-0.4144,1.9315,-1.3148
offline_val_env0,1720320,210,32,0,129.5298,2.0683,1.5000,0.0000,0.5241,-0.1204,-0.2109,0.0077,0,0,0,0,0.1621,-0.2098,-0.4276,1.9315,-1.3148
offline_val_env0,1720320,210,33,0,127.7181,2.0499,1.5000,0.0000,0.5395,-0.1148,-0.1993,0.0074,0,0,0,0,0.1798,-0.2229,-0.4402,1.9315,-1.3148
offline_val_env0,1720320,210,34,0,126.0396,2.0307,1.5000,0.0000,0.5464,-0.1076,-0.1843,0.0069,0,0,0,0,0.1977,-0.2362,-0.4517,1.9315,-1.3148
offline_val_env0,1720320,210,35,0,124.5003,2.0108,1.5000,0.0000,0.5509,-0.0992,-0.1688,0.0064,0,0,0,0,0.2158,-0.2493,-0.4623,1.9315,-1.3148
offline_val_env0,1720320,210,36,0,123.1244,1.9912,1.5000,0.0000,0.5309,-0.0895,-0.1502,0.0056,0,0,0,0,0.2332,-0.2620,-0.4718,1.9315,-1.3148
offline_val_env0,1720320,210,37,0,121.9316,1.9720,1.5000,0.0000,0.5125,-0.0783,-0.1299,0.0047,0,0,0,0,0.2501,-0.2741,-0.4799,1.9315,-1.3148
offline_val_env0,1720320,210,38,0,120.8662,1.9533,1.5000,0.0000,0.4919,-0.0701,-0.1156,0.0041,0,0,0,0,0.2662,-0.2857,-0.4872,1.9315,-1.3148
offline_val_env0,1720320,210,39,0,119.9193,1.9350,1.5000,0.0000,0.4768,-0.0628,-0.1022,0.0035,0,0,0,0,0.2819,-0.2968,-0.4936,1.9315,-1.3148
offline_val_env0,1720320,210,40,0,119.0735,1.9167,1.5000,0.0000,0.4730,-0.0563,-0.0912,0.0031,0,0,0,0,0.2975,-0.3078,-0.4994,1.9315,-1.3148
offline_val_env0,1720320,210,41,0,118.3248,1.8991,1.5000,0.0000,0.4512,-0.0502,-0.0803,0.0025,0,0,0,0,0.3124,-0.3182,-0.5044,1.9315,-1.3148
offline_val_env0,1720320,210,42,0,117.6763,1.8821,1.5000,0.0000,0.4339,-0.0440,-0.0693,0.0020,0,0,0,0,0.3267,-0.3281,-0.5088,1.9315,-1.3148
offline_val_env0,1720320,210,43,0,117.0885,1.8658,1.5000,0.0000,0.4163,-0.0400,-0.0624,0.0017,0,0,0,0,0.3405,-0.3376,-0.5127,1.9315,-1.3148
offline_val_env0,1720320,210,44,0,116.5364,1.8503,1.5000,0.0000,0.3933,-0.0375,-0.0580,0.0014,0,0,0,0,0.3535,-0.3467,-0.5163,1.9315,-1.3148
offline_val_env0,1720320,210,45,0,116.0517,1.8354,1.5000,0.0000,0.3773,-0.0333,-0.0506,0.0010,0,0,0,0,0.3659,-0.3553,-0.5195,1.9315,-1.3148
offline_val_env0,1720320,210,46,0,115.5830,1.8209,1.5000,0.0000,0.3653,-0.0322,-0.0485,0.0009,0,0,0,0,0.3780,-0.3636,-0.5225,1.9315,-1.3148
offline_val_env0,1720320,210,47,0,115.1567,1.8070,1.5000,0.0000,0.3494,-0.0299,-0.0436,0.0006,0,0,0,0,0.3895,-0.3717,-0.5253,1.9315,-1.3148
offline_val_env0,1720320,210,48,0,114.7581,1.7938,1.5000,0.0000,0.3340,-0.0284,-0.0402,0.0004,0,0,0,0,0.4005,-0.3793,-0.5278,1.9315,-1.3148
offline_val_env0,1720320,210,49,0,114.3876,1.7810,1.5000,0.0000,0.3205,-0.0269,-0.0369,0.0002,0,0,0,0,0.4110,-0.3867,-0.5301,1.9315,-1.3148
offline_val_env0,1720320,210,50,0,114.0322,1.7692,1.5000,0.0000,0.2990,-0.0262,-0.0349,0.0001,0,0,0,0,0.4208,-0.3937,-0.5323,1.9315,-1.3148
offline_val_env0,1720320,210,51,0,113.6993,1.7580,1.5000,0.0000,0.2810,-0.0255,-0.0320,-0.0001,0,0,0,0,0.4300,-0.4003,-0.5343,1.9315,-1.3148
offline_val_env0,1720320,210,52,0,113.3757,1.7476,1.5000,0.0000,0.2602,-0.0250,-0.0307,-0.0003,0,0,0,0,0.4384,-0.4064,-0.5363,1.9315,-1.3148
offline_val_env0,1720320,210,53,0,113.0809,1.7378,1.5000,0.0000,0.2466,-0.0241,-0.0273,-0.0005,0,0,0,0,0.4464,-0.4123,-0.5380,1.9315,-1.3148
offline_val_env0,1720320,210,54,0,112.7955,1.7288,1.5000,0.0000,0.2242,-0.0235,-0.0261,-0.0006,0,0,0,0,0.4536,-0.4177,-0.5396,1.9315,-1.3148
offline_val_env0,1720320,210,55,0,112.5217,1.7208,1.5000,0.0000,0.2001,-0.0232,-0.0245,-0.0008,0,0,0,0,0.4600,-0.4226,-0.5411,1.9315,-1.3148
offline_val_env0,1720320,210,56,0,112.2564,1.7137,1.5000,0.0000,0.1771,-0.0229,-0.0234,-0.0009,0,0,0,0,0.4656,-0.4270,-0.5426,1.9315,-1.3148
offline_val_env0,1720320,210,57,0,112.0019,1.7071,1.5000,0.0000,0.1663,-0.0224,-0.0221,-0.0010,0,0,0,0,0.4709,-0.4312,-0.5440,1.9315,-1.3148
offline_val_env0,1720320,210,58,0,111.7456,1.7011,1.5000,0.0000,0.1501,-0.0222,-0.0222,-0.0034,0,0,0,0,0.4755,-0.4351,-0.5454,1.9315,-1.3148
offline_val_env0,1720320,210,59,0,111.4978,1.6955,1.5000,0.0000,0.1396,-0.0217,-0.0213,0.9970,0,0,0,0,0.4799,-0.4387,-0.5467,1.9315,-1.3148
offline_val_env0,1720320,210,60,0,111.2608,1.6908,1.5000,0.0000,0.1175,-0.0210,-0.0202,-0.0030,0,0,0,0,0.4834,-0.4419,-0.5480,1.9315,-1.3148
offline_val_env0,1720320,210,61,0,111.0400,1.6864,1.5000,0.0000,0.1089,-0.0204,-0.0184,-0.0030,0,0,0,0,0.4867,-0.4449,-0.5492,1.9315,-1.3148
offline_val_env0,1720320,210,62,0,110.8354,1.6823,1.5000,0.0000,0.1016,-0.0197,-0.0167,-0.0030,0,0,0,0,0.4898,-0.4477,-0.5502,1.9315,-1.3148
offline_val_env0,1720320,210,63,0,110.6318,1.6787,1.5000,0.0000,0.0910,-0.0195,-0.0166,-0.0030,0,0,0,0,0.4925,-0.4502,-0.5513,1.9315,-1.3148
offline_val_env0,1720320,210,64,0,110.4471,1.6753,1.5000,0.0000,0.0835,-0.0186,-0.0146,-0.0030,0,0,0,0,0.4949,-0.4526,-0.5522,1.9315,-1.3148
offline_val_env0,1720320,210,65,0,110.2682,1.6724,1.5000,0.0000,0.0730,-0.0182,-0.0141,-0.0030,0,0,0,0,0.4970,-0.4548,-0.5531,1.9315,-1.3148
offline_val_env0,1720320,210,66,0,110.1091,1.6696,1.5000,0.0000,0.0682,-0.0173,-0.0120,-0.0030,0,0,0,0,0.4990,-0.4568,-0.5538,1.9315,-1.3148
offline_val_env0,1720320,210,67,0,109.9690,1.6671,1.5000,0.0000,0.0625,-0.0164,-0.0101,-0.0030,0,0,0,0,0.5008,-0.4586,-0.5545,1.9315,-1.3148
offline_val_env0,1720320,210,68,0,109.8361,1.6649,1.5000,0.0000,0.0549,-0.0158,-0.0095,-0.0030,0,0,0,0,0.5023,-0.4603,-0.5550,1.9315,-1.3148
offline_val_env0,1720320,210,69,0,109.7103,1.6626,1.5000,0.0000,0.0583,-0.0156,-0.0086,-0.0030,0,0,0,0,0.5040,-0.4621,-0.5556,1.9315,-1.3148
offline_val_env0,1720320,210,70,0,109.6032,1.6605,1.5000,0.0000,0.0509,-0.0149,-0.0067,-0.0030,0,0,0,0,0.5054,-0.4637,-0.5560,1.9315,-1.3148
offline_val_env0,1720320,210,71,0,109.6032,1.6605,1.5000,0.0000,0.0000,0.0000,0.0000,-0.0030,0,0,0,0,0.5054,-0.4637,-0.5560,1.9315,-1.3148
offline_val_env0,1720320,210,72,0,109.6032,1.6605,1.5000,0.0000,0.0000,0.0000,0.0000,-0.0030,0,0,0,0,0.5054,-0.4637,-0.5560,1.9315,-1.3148
offline_val_env0,1720320,210,73,0,109.6032,1.6605,1.5000,0.0000,0.0000,0.0000,0.0000,2.4555,1,1,0,0,0.5054,-0.4637,-0.5560,1.9315,-1.3148
offline_val_env0,2539520,310,0,0,-1.0000,0.0000,1.5000,0.0000,-0.0295,0.1319,0.3542,0.0026,0,0,0,0,-0.0012,0.0053,0.0223,3.3010,3.0618
offline_val_env0,2539520,310,1,0,-1.0000,0.0000,1.5000,0.0000,0.6524,0.1763,0.4528,-0.0183,0,0,0,0,0.0248,0.0129,0.0507,3.3010,3.0618
offline_val_env0,2539520,310,2,0,5.2610,3.4735,1.5000,0.0000,0.7651,0.1737,0.4369,0.9970,0,0,0,0,0.0550,0.0214,0.0782,3.3010,3.0618
offline_val_env0,2539520,310,3,0,10.5322,3.5170,1.5000,0.0000,0.8150,0.1722,0.4448,0.0151,0,0,0,0,0.0869,0.0308,0.1061,3.3010,3.0618
offline_val_env0,2539520,310,4,0,15.8214,3.5585,1.5000,0.0000,0.8640,0.1775,0.4628,0.0154,0,0,0,0,0.1205,0.0415,0.1352,3.3010,3.0618
offline_val_env0,2539520,310,5,0,21.3501,3.5981,1.5000,0.0000,1.0000,0.1804,0.5067,0.0167,0,0,0,0,0.1592,0.0541,0.1670,3.3010,3.0618
offline_val_env0,2539520,310,6,0,27.3815,3.6419,1.5000,0.0000,1.0000,0.1909,0.5622,0.0184,0,0,0,0,0.1974,0.0683,0.2023,3.3010,3.0618
offline_val_env0,2539520,310,7,0,33.5277,3.6844,1.5000,0.0000,1.0000,0.2019,0.5880,0.0191,0,0,0,0,0.2349,0.0842,0.2393,3.3010,3.0618
offline_val_env0,2539520,310,8,0,39.6821,3.7238,1.5000,0.0000,1.0000,0.2112,0.6051,0.0196,0,0,0,0,0.2718,0.1019,0.2773,3.3010,3.0618
offline_val_env0,2539520,310,9,0,45.6648,3.7575,1.5000,0.0000,1.0000,0.2158,0.6053,0.0195,0,0,0,0,0.3079,0.1211,0.3153,3.3010,3.0618
offline_val_env0,2539520,310,10,0,51.5765,3.7864,1.5000,0.0000,1.0000,0.2200,0.6132,0.0198,0,0,0,0,0.3432,0.1419,0.3539,3.3010,3.0618
offline_val_env0,2539520,310,11,0,57.4348,3.8101,1.5000,0.0000,1.0000,0.2241,0.6214,0.0202,0,0,0,0,0.3776,0.1642,0.3929,3.3010,3.0618
offline_val_env0,2539520,310,12,0,63.1571,3.8275,1.5000,0.0000,1.0000,0.2232,0.6201,0.0204,0,0,0,0,0.4112,0.1877,0.4319,3.3010,3.0618
offline_val_env0,2539520,310,13,0,68.6879,3.8382,1.5000,0.0000,1.0000,0.2177,0.6112,0.0204,0,0,0,0,0.4438,0.2124,0.4703,3.3010,3.0618
offline_val_env0,2539520,310,14,0,73.9616,3.8416,1.5000,0.0000,1.0000,0.2069,0.5932,0.0201,0,0,0,0,0.4757,0.2379,0.5075,3.3010,3.0618
offline_val_env0,2539520,310,15,0,78.9294,3.8380,1.5000,0.0000,1.0000,0.1912,0.5676,0.0196,0,0,0,0,0.5070,0.2640,0.5432,3.3010,3.0618
offline_val_env0,2539520,310,16,0,83.4419,3.8270,1.5000,0.0000,1.0000,0.1653,0.5238,0.0185,0,0,0,0,0.5378,0.2904,0.5761,3.3010,3.0618
offline_val_env0,2539520,310,17,0,87.4898,3.8096,1.5000,0.0000,1.0000,0.1393,0.4763,0.0172,0,0,0,0,0.5683,0.3168,0.6060,3.3010,3.0618
offline_val_env0,2539520,310,18,0,91.0251,3.7867,1.5000,0.0000,1.0000,0.1110,0.4215,0.0156,0,0,0,0,0.5987,0.3433,0.6325,3.3010,3.0618
offline_val_env0,2539520,310,19,0,94.0498,3.7593,1.5000,0.0000,1.0000,0.0830,0.3654,0.0139,0,0,0,0,0.6290,0.3696,0.6555,3.3010,3.0618
offline_val_env0,2539520,310,20,0,96.7016,3.7288,1.5000,0.0000,1.0000,0.0617,0.3236,0.0127,0,0,0,0,0.6592,0.3959,0.6758,3.3010,3.0618
offline_val_env0,2539520,310,21,0,99.0303,3.6958,1.5000,0.0000,1.0000,0.0458,0.2863,0.0115,0,0,0,0,0.6892,0.4224,0.6938,3.3010,3.0618
offline_val_env0,2539520,310,22,0,101.0575,3.6610,1.5000,0.0000,1.0000,0.0330,0.2509,0.0104,0,0,0,0,0.7191,0.4490,0.7096,3.3010,3.0618
offline_val_env0,2539520,310,23,0,102.9014,3.6249,1.5000,0.0000,1.0000,0.0251,0.2286,0.0097,0,0,0,0,0.7488,0.4758,0.7239,3.3010,3.0618
offline_val_env0,2539520,310,24,0,104.5455,3.5878,1.5000,0.0000,1.0000,0.0173,0.2043,0.0090,0,0,0,0,0.7783,0.5028,0.7368,3.3010,3.0618
offline_val_env0,2539520,310,25,0,105.9920,3.5498,1.5000,0.0000,1.0000,0.0098,0.1803,0.0082,0,0,0,0,0.8077,0.5300,0.7481,3.3010,3.0618
offline_val_env0,2539520,310,26,0,107.2246,3.5112,1.5000,0.0000,1.0000,0.0022,0.1545,0.0073,0,0,0,0,0.8370,0.5572,0.7578,3.3010,3.0618
offline_val_env0,2539520,310,27,0,108.2718,3.4722,1.5000,0.0000,1.0000,-0.0051,0.1322,0.0066,0,0,0,0,0.8662,0.5846,0.7661,3.3010,3.0618
offline_val_env0,2539520,310,28,0,109.1732,3.4328,1.5000,0.0000,1.0000,-0.0091,0.1143,0.0059,0,0,0,0,0.8952,0.6121,0.7733,3.3010,3.0618
offline_val_env0,2539520,310,29,0,109.9556,3.3932,1.5000,0.0000,1.0000,-0.0134,0.0997,0.0054,0,0,0,0,0.9242,0.6396,0.7796,3.3010,3.0618
offline_val_env0,2539520,310,30,0,110.6554,3.3534,1.5000,0.0000,1.0000,-0.0162,0.0894,0.0051,0,0,0,0,0.9531,0.6673,0.7852,3.3010,3.0618
offline_val_env0,2539520,310,31,0,111.2270,3.3135,1.5000,0.0000,1.0000,-0.0202,0.0740,0.0045,0,0,0,0,0.9820,0.6950,0.7898,3.3010,3.0618
offline_val_env0,2539520,310,32,0,111.7291,3.2736,1.5000,0.0000,1.0000,-0.0226,0.0654,0.0042,0,0,0,0,1.0108,0.7227,0.7939,3.3010,3.0618
offline_val_env0,2539520,310,33,0,112.1934,3.2336,1.5000,0.0000,1.0000,-0.0237,0.0604,0.0023,0,0,0,0,1.0395,0.7506,0.7977,3.3010,3.0618
offline_val_env0,2539520,310,34,0,112.6299,3.1936,1.5000,0.0000,1.0000,-0.0249,0.0567,0.0001,0,0,0,0,1.0682,0.7785,0.8013,3.3010,3.0618
offline_val_env0,2539520,310,35,0,112.9992,3.1535,1.5000,0.0000,1.0000,-0.0271,0.0486,0.0004,0,0,0,0,1.0968,0.8065,0.8043,3.3010,3.0618
offline_val_env0,2539520,310,36,0,113.3504,3.1134,1.5000,0.0000,1.0000,-0.0277,0.0460,0.0004,0,0,0,0,1.1253,0.8346,0.8072,3.3010,3.0618
offline_val_env0,2539520,310,37,0,113.6936,3.0733,1.5000,0.0000,1.0000,-0.0280,0.0446,0.0005,0,0,0,0,1.1538,0.8627,0.8100,3.3010,3.0618
offline_val_env0,2539520,310,38,0,113.9765,3.0332,1.5000,0.0000,1.0000,-0.0299,0.0373,0.0007,0,0,0,0,1.1822,0.8908,0.8124,3.3010,3.0618
offline_val_env0,2539520,310,39,0,114.2231,2.9931,1.5000,0.0000,1.0000,-0.0310,0.0328,0.0009,0,0,0,0,1.2106,0.9190,0.8144,3.3010,3.0618
offline_val_env0,2539520,310,40,0,114.4466,2.9530,1.5000,0.0000,1.0000,-0.0318,0.0299,0.0010,0,0,0,0,1.2390,0.9472,0.8163,3.3010,3.0618
offline_val_env0,2539520,310,41,0,114.6458,2.9129,1.5000,0.0000,1.0000,-0.0321,0.0267,0.0011,0,0,0,0,1.2674,0.9755,0.8180,3.3010,3.0618
offline_val_env0,2539520,310,42,0,114.8022,2.8729,1.5000,0.0000,1.0000,-0.0325,0.0215,0.0013,0,0,0,0,1.2957,1.0038,0.8194,3.3010,3.0618
offline_val_env0,2539520,310,43,0,114.8811,2.8328,1.5000,0.0000,1.0000,-0.0346,0.0124,0.0017,0,0,0,0,1.3240,1.0321,0.8201,3.3010,3.0618
offline_val_env0,2539520,310,44,0,115.0154,2.7927,1.5000,0.0000,1.0000,-0.0316,0.0183,0.0014,0,0,0,0,1.3522,1.0605,0.8213,3.3010,3.0618
offline_val_env0,2539520,310,45,0,115.0870,2.7527,1.5000,0.0000,1.0000,-0.0329,0.0109,0.0017,0,0,0,0,1.3804,1.0889,0.8220,3.3010,3.0618
offline_val_env0,2539520,310,46,0,115.1792,2.7127,1.5000,0.0000,1.0000,-0.0314,0.0129,0.0016,0,0,0,0,1.4085,1.1173,0.8228,3.3010,3.0618
offline_val_env0,2539520,310,47,0,115.2141,2.6726,1.5000,0.0000,1.0000,-0.0322,0.0062,0.0018,0,0,0,0,1.4367,1.1458,0.8232,3.3010,3.0618
offline_val_env0,2539520,310,48,0,115.2358,2.6326,1.5000,0.0000,1.0000,-0.0314,0.0043,0.0019,0,0,0,0,1.4648,1.1742,0.8234,3.3010,3.0618
offline_val_env0,2539520,310,49,0,115.2540,2.5926,1.5000,0.0000,1.0000,-0.0308,0.0038,0.0019,0,0,0,0,1.4929,1.2027,0.8237,3.3010,3.0618
offline_val_env0,2539520,310,50,0,115.2265,2.5526,1.5000,0.0000,1.0000,-0.0304,-0.0018,0.0021,0,0,0,0,1.5210,1.2313,0.8236,3.3010,3.0618
offline_val_env0,2539520,310,51,0,115.2459,2.5126,1.5000,0.0000,1.0000,-0.0272,0.0031,0.0019,0,0,0,0,1.5490,1.2599,0.8238,3.3010,3.0618
offline_val_env0,2539520,310,52,0,115.2545,2.4727,1.5000,0.0000,0.9972,-0.0259,0.0015,0.0019,0,0,0,0,1.5768,1.2884,0.8239,3.3010,3.0618
offline_val_env0,2539520,310,53,0,115.2397,2.4344,1.5000,0.0000,0.9575,-0.0255,-0.0012,0.0019,0,0,0,0,1.6036,1.3158,0.8238,3.3010,3.0618
offline_val_env0,2539520,310,54,0,115.2521,2.3973,1.5000,0.0000,0.9274,-0.0236,0.0018,0.0016,0,0,0,0,1.6295,1.3424,0.8239,3.3010,3.0618
offline_val_env0,2539520,310,55,0,115.2531,2.3620,1.5000,0.0000,0.8814,-0.0227,0.0005,0.0014,0,0,0,0,1.6541,1.3677,0.8239,3.3010,3.0618
offline_val_env0,2539520,310,56,0,115.2704,2.3280,1.5000,0.0000,0.8503,-0.0212,0.0022,0.0012,0,0,0,0,1.6778,1.3920,0.8241,3.3010,3.0618
offline_val_env0,2539520,310,57,0,115.2829,2.2948,1.5000,0.0000,0.8296,-0.0210,0.0017,0.0011,0,0,0,0,1.7010,1.4158,0.8242,3.3010,3.0618
offline_val_env0,2539520,310,58,0,115.2828,2.2628,1.5000,0.0000,0.8018,-0.0208,0.0003,0.0010,0,0,0,0,1.7234,1.4388,0.8242,3.3010,3.0618
offline_val_env0,2539520,310,59,0,115.2754,2.2318,1.5000,0.0000,0.7739,-0.0204,-0.0005,0.0009,0,0,0,0,1.7450,1.4610,0.8242,3.3010,3.0618
offline_val_env0,2539520,310,60,0,115.2763,2.2021,1.5000,0.0000,0.7424,-0.0197,0.0005,0.0007,0,0,0,0,1.7658,1.4822,0.8242,3.3010,3.0618
offline_val_env0,2539520,310,61,0,115.2552,2.1733,1.5000,0.0000,0.7211,-0.0201,-0.0018,0.0007,0,0,0,0,1.7859,1.5028,0.8241,3.3010,3.0618
offline_val_env0,2539520,310,62,0,115.2448,2.1455,1.5000,0.0000,0.6944,-0.0189,-0.0007,0.0005,0,0,0,0,1.8054,1.5227,0.8240,3.3010,3.0618
offline_val_env0,2539520,310,63,0,115.2400,2.1187,1.5000,0.0000,0.6706,-0.0181,-0.0000,0.0004,0,0,0,0,1.8241,1.5419,0.8240,3.3010,3.0618
offline_val_env0,2539520,310,64,0,115.2207,2.0929,1.5000,0.0000,0.6441,-0.0178,-0.0017,0.0003,0,0,0,0,1.8421,1.5603,0.8239,3.3010,3.0618
offline_val_env0,2539520,310,65,0,115.1999,2.0685,1.5000,0.0000,0.6094,-0.0165,-0.0019,0.0001,0,0,0,0,1.8592,1.5778,0.8238,3.3010,3.0618
offline_val_env0,2539520,310,66,0,115.1564,2.0451,1.5000,0.0000,0.5856,-0.0164,-0.0044,0.0001,0,0,0,0,1.8756,1.5945,0.8235,3.3010,3.0618
offline_val_env0,2539520,310,67,0,115.1171,2.0225,1.5000,0.0000,0.5671,-0.0157,-0.0040,0.0000,0,0,0,0,1.8914,1.6107,0.8233,3.3010,3.0618
offline_val_env0,2539520,310,68,0,115.0900,2.0010,1.5000,0.0000,0.5370,-0.0141,-0.0027,-0.0002,0,0,0,0,1.9065,1.6261,0.8231,3.3010,3.0618
offline_val_env0,2539520,310,69,0,115.0658,1.9800,1.5000,0.0000,0.5242,-0.0135,-0.0025,-0.0003,0,0,0,0,1.9211,1.6411,0.8229,3.3010,3.0618
offline_val_env0,2539520,310,70,0,115.0512,1.9599,1.5000,0.0000,0.5027,-0.0122,-0.0015,-0.0004,0,0,0,0,1.9351,1.6555,0.8229,3.3010,3.0618
offline_val_env0,2539520,310,71,0,115.0424,1.9407,1.5000,0.0000,0.4808,-0.0113,-0.0010,-0.0006,0,0,0,0,1.9486,1.6693,0.8228,3.3010,3.0618
offline_val_env0,2539520,310,72,0,115.0217,1.9225,1.5000,0.0000,0.4563,-0.0105,-0.0024,-0.0006,0,0,0,0,1.9613,1.6824,0.8226,3.3010,3.0618
offline_val_env0,2539520,310,73,0,115.0058,1.9049,1.5000,0.0000,0.4394,-0.0095,-0.0021,-0.0007,0,0,0,0,1.9735,1.6950,0.8225,3.3010,3.0618
offline_val_env0,2539520,310,74,0,114.9969,1.8882,1.5000,0.0000,0.4167,-0.0080,-0.0015,-0.0009,0,0,0,0,1.9851,1.7070,0.8224,3.3010,3.0618
offline_val_env0,2539520,310,75,0,114.9954,1.8724,1.5000,0.0000,0.3953,-0.0068,-0.0009,-0.0010,0,0,0,0,1.9960,1.7184,0.8224,3.3010,3.0618
offline_val_env0,2539520,310,76,0,114.9937,1.8571,1.5000,0.0000,0.3840,-0.0060,-0.0011,-0.0011,0,0,0,0,2.0067,1.7295,0.8223,3.3010,3.0618
offline_val_env0,2539520,310,77,0,114.9976,1.8423,1.5000,0.0000,0.3690,-0.0050,-0.0007,-0.0012,0,0,0,0,2.0169,1.7402,0.8222,3.3010,3.0618
offline_val_env0,2539520,310,78,0,115.0051,1.8282,1.5000,0.0000,0.3512,-0.0036,-0.0006,-0.0013,0,0,0,0,2.0265,1.7504,0.8222,3.3010,3.0618
offline_val_env0,2539520,310,79,0,115.0207,1.8147,1.5000,0.0000,0.3388,-0.0025,0.0001,-0.0014,0,0,0,0,2.0358,1.7603,0.8222,3.3010,3.0618
offline_val_env0,2539520,310,80,0,115.0461,1.8019,1.5000,0.0000,0.3195,-0.0006,0.0007,-0.0015,0,0,0,0,2.0445,1.7696,0.8223,3.3010,3.0618
offline_val_env0,2539520,310,81,0,115.0814,1.7896,1.5000,0.0000,0.3075,0.0004,0.0016,-0.0016,0,0,0,0,2.0529,1.7786,0.8224,3.3010,3.0618
offline_val_env0,2539520,310,82,0,115.1516,1.7779,1.5000,0.0000,0.2915,0.0029,0.0049,-0.0019,0,0,0,0,2.0608,1.7872,0.8227,3.3010,3.0618
offline_val_env0,2539520,310,83,0,115.2393,1.7666,1.5000,0.0000,0.2820,0.0040,0.0066,-0.0020,0,0,0,0,2.0683,1.7956,0.8231,3.3010,3.0618
offline_val_env0,2539520,310,84,0,115.3372,1.7558,1.5000,0.0000,0.2700,0.0052,0.0074,-0.0021,0,0,0,0,2.0755,1.8037,0.8235,3.3010,3.0618
offline_val_env0,2539520,310,85,0,115.4651,1.7455,1.5000,0.0000,0.2572,0.0070,0.0103,-0.0023,0,0,0,0,2.0823,1.8114,0.8242,3.3010,3.0618
offline_val_env0,2539520,310,86,0,115.5981,1.7355,1.5000,0.0000,0.2482,0.0077,0.0107,-0.0023,0,0,0,0,2.0888,1.8189,0.8249,3.3010,3.0618
offline_val_env0,2539520,310,87,0,115.7456,1.7261,1.5000,0.0000,0.2352,0.0090,0.0119,-0.0025,0,0,0,0,2.0949,1.8261,0.8256,3.3010,3.0618
offline_val_env0,2539520,310,88,0,115.8931,1.7174,1.5000,0.0000,0.2177,0.0106,0.0114,-0.0026,0,0,0,0,2.1005,1.8327,0.8263,3.3010,3.0618
offline_val_env0,2539520,310,89,0,116.0249,1.7095,1.5000,0.0000,0.1963,0.0117,0.0092,-0.0026,0,0,0,0,2.1055,1.8388,0.8269,3.3010,3.0618
offline_val_env0,2539520,310,90,0,116.1132,1.7027,1.5000,0.0000,0.1703,0.0124,0.0040,-0.0025,0,0,0,0,2.1097,1.8442,0.8272,3.3010,3.0618
offline_val_env0,2539520,310,91,0,116.1353,1.6971,1.5000,0.0000,0.1394,0.0129,-0.0038,0.9970,0,0,0,0,2.1131,1.8486,0.8269,3.3010,3.0618
offline_val_env0,2539520,310,92,0,116.1419,1.6920,1.5000,0.0000,0.1284,0.0135,-0.0058,-0.0030,0,0,0,0,2.1162,1.8528,0.8266,3.3010,3.0618
offline_val_env0,2539520,310,93,0,116.1235,1.6877,1.5000,0.0000,0.1087,0.0143,-0.0089,-0.0030,0,0,0,0,2.1187,1.8564,0.8260,3.3010,3.0618
offline_val_env0,2539520,310,94,0,116.0762,1.6842,1.5000,0.0000,0.0877,0.0148,-0.0122,-0.0030,0,0,0,0,2.1207,1.8594,0.8252,3.3010,3.0618
offline_val_env0,2539520,310,95,0,116.0206,1.6809,1.5000,0.0000,0.0824,0.0151,-0.0133,-0.0030,0,0,0,0,2.1225,1.8622,0.8244,3.3010,3.0618
offline_val_env0,2539520,310,96,0,115.9616,1.6778,1.5000,0.0000,0.0789,0.0153,-0.0137,-0.0030,0,0,0,0,2.1242,1.8649,0.8235,3.3010,3.0618
offline_val_env0,2539520,310,97,0,115.9060,1.6750,1.5000,0.0000,0.0718,0.0159,-0.0135,-0.0030,0,0,0,0,2.1257,1.8675,0.8227,3.3010,3.0618
offline_val_env0,2539520,310,98,0,115.8487,1.6726,1.5000,0.0000,0.0597,0.0166,-0.0138,-0.0030,0,0,0,0,2.1268,1.8697,0.8218,3.3010,3.0618
offline_val_env0,2539520,310,99,0,115.7950,1.6703,1.5000,0.0000,0.0591,0.0167,-0.0134,-0.0030,0,0,0,0,2.1279,1.8719,0.8210,3.3010,3.0618
offline_val_env0,2539520,310,100,0,115.7488,1.6683,1.5000,0.0000,0.0525,0.0174,-0.0127,-0.0030,0,0,0,0,2.1288,1.8739,0.8202,3.3010,3.0618
offline_val_env0,2539520,310,101,0,115.7005,1.6663,1.5000,0.0000,0.0508,0.0173,-0.0129,-0.0030,0,0,0,0,2.1297,1.8758,0.8194,3.3010,3.0618
offline_val_env0,2539520,310,102,0,115.7005,1.6663,1.5000,0.0000,0.0000,0.0000,0.0000,-0.0030,0,0,0,0,2.1297,1.8758,0.8194,3.3010,3.0618
offline_val_env0,2539520,310,103,0,115.7005,1.6663,1.5000,0.0000,0.0000,0.0000,0.0000,-0.0030,0,0,0,0,2.1297,1.8758,0.8194,3.3010,3.0618
offline_val_env0,2539520,310,104,0,115.6584,1.6643,1.5000,0.0000,0.0507,0.0176,-0.0123,-0.0030,0,0,0,0,2.1306,1.8778,0.8186,3.3010,3.0618
offline_val_env0,2539520,310,105,0,115.6584,1.6643,1.5000,0.0000,0.0000,0.0000,0.0000,-0.0030,0,0,0,0,2.1306,1.8778,0.8186,3.3010,3.0618
offline_val_env0,2539520,310,106,0,115.6584,1.6643,1.5000,0.0000,0.0000,0.0000,0.0000,-0.0030,0,0,0,0,2.1306,1.8778,0.8186,3.3010,3.0618
offline_val_env0,2539520,310,107,0,115.6584,1.6643,1.5000,0.0000,0.0000,0.0000,0.0000,1.9821,1,1,0,0,2.1306,1.8778,0.8186,3.3010,3.0618
offline_val_env0,3358720,410,0,0,107.7610,3.9903,1.5000,0.0000,1.0000,-0.0210,0.1291,0.9970,0,0,0,0,0.0400,-0.0008,0.0081,4.0291,0.1583
offline_val_env0,3358720,410,1,0,108.6747,3.9511,1.5000,0.0000,1.0000,-0.0236,0.1178,0.0060,0,0,0,0,0.0800,-0.0015,0.0155,4.0291,0.1583
offline_val_env0,3358720,410,2,0,109.4310,3.9117,1.5000,0.0000,1.0000,-0.0296,0.0990,0.0053,0,0,0,0,0.1200,-0.0020,0.0217,4.0291,0.1583
offline_val_env0,3358720,410,3,0,110.0495,3.8720,1.5000,0.0000,1.0000,-0.0363,0.0829,0.0047,0,0,0,0,0.1600,-0.0026,0.0269,4.0291,0.1583
offline_val_env0,3358720,410,4,0,110.6148,3.8323,1.5000,0.0000,1.0000,-0.0385,0.0762,0.0045,0,0,0,0,0.2001,-0.0031,0.0317,4.0291,0.1583
offline_val_env0,3358720,410,5,0,111.0996,3.7924,1.5000,0.0000,1.0000,-0.0419,0.0666,0.0041,0,0,0,0,0.2401,-0.0035,0.0359,4.0291,0.1583
offline_val_env0,3358720,410,6,0,111.5368,3.7525,1.5000,0.0000,1.0000,-0.0436,0.0607,0.0039,0,0,0,0,0.2801,-0.0038,0.0397,4.0291,0.1583
offline_val_env0,3358720,410,7,0,111.9144,3.7125,1.5000,0.0000,1.0000,-0.0474,0.0537,0.0037,0,0,0,0,0.3202,-0.0041,0.0431,4.0291,0.1583
offline_val_env0,3358720,410,8,0,112.2821,3.6725,1.5000,0.0000,1.0000,-0.0468,0.0521,0.0011,0,0,0,0,0.3602,-0.0042,0.0464,4.0291,0.1583
offline_val_env0,3358720,410,9,0,112.6619,3.6325,1.5000,0.0000,1.0000,-0.0450,0.0528,0.0003,0,0,0,0,0.4003,-0.0042,0.0497,4.0291,0.1583
offline_val_env0,3358720,410,10,0,112.9500,3.5924,1.5000,0.0000,1.0000,-0.0499,0.0423,0.0007,0,0,0,0,0.4403,-0.0042,0.0524,4.0291,0.1583
offline_val_env0,3358720,410,11,0,113.1855,3.5523,1.5000,0.0000,1.0000,-0.0526,0.0362,0.0010,0,0,0,0,0.4804,-0.0042,0.0546,4.0291,0.1583
offline_val_env0,3358720,410,12,0,113.3934,3.5123,1.5000,0.0000,1.0000,-0.0533,0.0328,0.0011,0,0,0,0,0.5204,-0.0041,0.0567,4.0291,0.1583
offline_val_env0,3358720,410,13,0,113.5962,3.4722,1.5000,0.0000,1.0000,-0.0525,0.0319,0.0011,0,0,0,0,0.5605,-0.0040,0.0587,4.0291,0.1583
offline_val_env0,3358720,410,14,0,113.8754,3.4321,1.5000,0.0000,1.0000,-0.0470,0.0398,0.0008,0,0,0,0,0.6005,-0.0035,0.0612,4.0291,0.1583
offline_val_env0,3358720,410,15,0,114.1226,3.3920,1.5000,0.0000,1.0000,-0.0485,0.0359,0.0009,0,0,0,0,0.6406,-0.0030,0.0635,4.0291,0.1583
offline_val_env0,3358720,410,16,0,114.3280,3.3519,1.5000,0.0000,1.0000,-0.0501,0.0310,0.0011,0,0,0,0,0.6806,-0.0025,0.0654,4.0291,0.1583
offline_val_env0,3358720,410,17,0,114.4861,3.3118,1.5000,0.0000,1.0000,-0.0515,0.0254,0.0013,0,0,0,0,0.7207,-0.0019,0.0670,4.0291,0.1583
offline_val_env0,3358720,410,18,0,114.6330,3.2717,1.5000,0.0000,1.0000,-0.0519,0.0240,0.0014,0,0,0,0,0.7607,-0.0013,0.0685,4.0291,0.1583
offline_val_env0,3358720,410,19,0,114.7578,3.2316,1.5000,0.0000,1.0000,-0.0525,0.0213,0.0015,0,0,0,0,0.8008,-0.0006,0.0698,4.0291,0.1583
offline_val_env0,3358720,410,20,0,114.8621,3.1915,1.5000,0.0000,1.0000,-0.0533,0.0189,0.0015,0,0,0,0,0.8408,0.0000,0.0710,4.0291,0.1583
offline_val_env0,3358720,410,21,0,114.9493,3.1514,1.5000,0.0000,1.0000,-0.0541,0.0170,0.0016,0,0,0,0,0.8809,0.0007,0.0721,4.0291,0.1583
offline_val_env0,3358720,410,22,0,115.0622,3.1114,1.5000,0.0000,1.0000,-0.0526,0.0197,0.0015,0,0,0,0,0.9209,0.0015,0.0733,4.0291,0.1583
offline_val_env0,3358720,410,23,0,115.1460,3.0713,1.5000,0.0000,1.0000,-0.0537,0.0164,0.0016,0,0,0,0,0.9610,0.0023,0.0744,4.0291,0.1583
offline_val_env0,3358720,410,24,0,115.1997,3.0312,1.5000,0.0000,1.0000,-0.0550,0.0130,0.0018,0,0,0,0,1.0010,0.0030,0.0752,4.0291,0.1583
offline_val_env0,3358720,410,25,0,115.2377,2.9912,1.5000,0.0000,1.0000,-0.0556,0.0113,0.0018,0,0,0,0,1.0411,0.0038,0.0759,4.0291,0.1583
offline_val_env0,3358720,410,26,0,115.2573,2.9511,1.5000,0.0000,1.0000,-0.0560,0.0092,0.0019,0,0,0,0,1.0811,0.0046,0.0765,4.0291,0.1583
offline_val_env0,3358720,410,27,0,115.2532,2.9111,1.5000,0.0000,1.0000,-0.0570,0.0066,0.0020,0,0,0,0,1.1212,0.0054,0.0769,4.0291,0.1583
offline_val_env0,3358720,410,28,0,115.2184,2.8711,1.5000,0.0000,1.0000,-0.0580,0.0033,0.0022,0,0,0,0,1.1612,0.0062,0.0771,4.0291,0.1583
offline_val_env0,3358720,410,29,0,115.1503,2.8311,1.5000,0.0000,1.0000,-0.0591,-0.0003,0.0023,0,0,0,0,1.2013,0.0069,0.0771,4.0291,0.1583
offline_val_env0,3358720,410,30,0,115.0712,2.7911,1.5000,0.0000,1.0000,-0.0583,-0.0015,0.0024,0,0,0,0,1.2414,0.0077,0.0770,4.0291,0.1583
offline_val_env0,3358720,410,31,0,114.9573,2.7511,1.5000,0.0000,1.0000,-0.0596,-0.0051,0.0025,0,0,0,0,1.2814,0.0084,0.0767,4.0291,0.1583
offline_val_env0,3358720,410,32,0,114.8303,2.7111,1.5000,0.0000,1.0000,-0.0583,-0.0067,0.0026,0,0,0,0,1.3215,0.0091,0.0762,4.0291,0.1583
offline_val_env0,3358720,410,33,0,114.6589,2.6712,1.5000,0.0000,1.0000,-0.0586,-0.0115,0.0028,0,0,0,0,1.3616,0.0098,0.0755,4.0291,0.1583
offline_val_env0,3358720,410,34,0,114.5080,2.6312,1.5000,0.0000,1.0000,-0.0564,-0.0092,0.0027,0,0,0,0,1.4016,0.0106,0.0749,4.0291,0.1583
offline_val_env0,3358720,410,35,0,114.3218,2.5912,1.5000,0.0000,1.0000,-0.0558,-0.0131,0.0028,0,0,0,0,1.4417,0.0113,0.0741,4.0291,0.1583
offline_val_env0,3358720,410,36,0,114.1256,2.5513,1.5000,0.0000,1.0000,-0.0545,-0.0141,0.0029,0,0,0,0,1.4817,0.0121,0.0732,4.0291,0.1583
offline_val_env0,3358720,410,37,0,113.9498,2.5113,1.5000,0.0000,1.0000,-0.0498,-0.0124,0.0028,0,0,0,0,1.5218,0.0131,0.0724,4.0291,0.1583
offline_val_env0,3358720,410,38,0,113.7621,2.4713,1.5000,0.0000,1.0000,-0.0480,-0.0138,0.0028,0,0,0,0,1.5618,0.0140,0.0716,4.0291,0.1583
offline_val_env0,3358720,410,39,0,113.5633,2.4326,1.5000,0.0000,0.9693,-0.0465,-0.0149,0.0027,0,0,0,0,1.6006,0.0150,0.0706,4.0291,0.1583
offline_val_env0,3358720,410,40,0,113.3869,2.3947,1.5000,0.0000,0.9477,-0.0443,-0.0122,0.0025,0,0,0,0,1.6385,0.0159,0.0699,4.0291,0.1583
offline_val_env0,3358720,410,41,0,113.2241,2.3582,1.5000,0.0000,0.9128,-0.0423,-0.0106,0.0023,0,0,0,0,1.6751,0.0167,0.0692,4.0291,0.1583
offline_val_env0,3358720,410,42,0,113.0724,2.3229,1.5000,0.0000,0.8819,-0.0410,-0.0091,0.0021,0,0,0,0,1.7104,0.0175,0.0686,4.0291,0.1583
offline_val_env0,3358720,410,43,0,112.9428,2.2889,1.5000,0.0000,0.8511,-0.0393,-0.0064,0.0018,0,0,0,0,1.7445,0.0183,0.0682,4.0291,0.1583
offline_val_env0,3358720,410,44,0,112.8371,2.2557,1.5000,0.0000,0.8302,-0.0381,-0.0035,0.0016,0,0,0,0,1.7777,0.0190,0.0680,4.0291,0.1583
offline_val_env0,3358720,410,45,0,112.7523,2.2238,1.5000,0.0000,0.7987,-0.0372,-0.0009,0.0014,0,0,0,0,1.8097,0.0197,0.0680,4.0291,0.1583
offline_val_env0,3358720,410,46,0,112.6962,2.1931,1.5000,0.0000,0.7667,-0.0360,0.0025,0.0011,0,0,0,0,1.8404,0.0204,0.0681,4.0291,0.1583
offline_val_env0,3358720,410,47,0,112.6343,2.1633,1.5000,0.0000,0.7440,-0.0369,0.0023,0.0010,0,0,0,0,1.8702,0.0209,0.0683,4.0291,0.1583
offline_val_env0,3358720,410,48,0,112.5899,2.1346,1.5000,0.0000,0.7177,-0.0366,0.0046,0.0008,0,0,0,0,1.8989,0.0214,0.0686,4.0291,0.1583
offline_val_env0,3358720,410,49,0,112.5497,2.1069,1.5000,0.0000,0.6926,-0.0369,0.0054,0.0006,0,0,0,0,1.9266,0.0219,0.0689,4.0291,0.1583
offline_val_env0,3358720,410,50,0,112.5055,2.0809,1.5000,0.0000,0.6513,-0.0379,0.0055,0.0005,0,0,0,0,1.9527,0.0221,0.0692,4.0291,0.1583
offline_val_env0,3358720,410,51,0,112.4732,2.0557,1.5000,0.0000,0.6289,-0.0378,0.0071,0.0003,0,0,0,0,1.9779,0.0224,0.0697,4.0291,0.1583
offline_val_env0,3358720,410,52,0,112.4528,2.0317,1.5000,0.0000,0.6004,-0.0377,0.0087,0.0001,0,0,0,0,2.0020,0.0225,0.0702,4.0291,0.1583
offline_val_env0,3358720,410,53,0,112.4068,2.0087,1.5000,0.0000,0.5744,-0.0394,0.0064,0.0001,0,0,0,0,2.0250,0.0226,0.0706,4.0291,0.1583
offline_val_env0,3358720,410,54,0,112.3661,1.9865,1.5000,0.0000,0.5555,-0.0394,0.0072,-0.0000,0,0,0,0,2.0473,0.0226,0.0711,4.0291,0.1583
offline_val_env0,3358720,410,55,0,112.3104,1.9653,1.5000,0.0000,0.5302,-0.0402,0.0059,-0.0001,0,0,0,0,2.0686,0.0225,0.0715,4.0291,0.1583
offline_val_env0,3358720,410,56,0,112.2598,1.9448,1.5000,0.0000,0.5121,-0.0400,0.0067,-0.0002,0,0,0,0,2.0891,0.0224,0.0719,4.0291,0.1583
offline_val_env0,3358720,410,57,0,112.1712,1.9252,1.5000,0.0000,0.4904,-0.0417,0.0029,-0.0002,0,0,0,0,2.1088,0.0221,0.0721,4.0291,0.1583
offline_val_env0,3358720,410,58,0,112.0581,1.9061,1.5000,0.0000,0.4779,-0.0427,0.0006,-0.0001,0,0,0,0,2.1280,0.0218,0.0721,4.0291,0.1583
offline_val_env0,3358720,410,59,0,111.9257,1.8876,1.5000,0.0000,0.4612,-0.0433,-0.0012,-0.0008,0,0,0,0,2.1465,0.0214,0.0720,4.0291,0.1583
offline_val_env0,3358720,410,60,0,111.7693,1.8699,1.5000,0.0000,0.4420,-0.0441,-0.0035,-0.0015,0,0,0,0,2.1643,0.0209,0.0718,4.0291,0.1583
offline_val_env0,3358720,410,61,0,111.5970,1.8529,1.5000,0.0000,0.4264,-0.0445,-0.0050,-0.0016,0,0,0,0,2.1814,0.0203,0.0715,4.0291,0.1583
offline_val_env0,3358720,410,62,0,111.4172,1.8363,1.5000,0.0000,0.4138,-0.0444,-0.0056,-0.0017,0,0,0,0,2.1980,0.0197,0.0711,4.0291,0.1583
offline_val_env0,3358720,410,63,0,111.2027,1.8204,1.5000,0.0000,0.3986,-0.0456,-0.0090,-0.0020,0,0,0,0,2.2141,0.0191,0.0706,4.0291,0.1583
offline_val_env0,3358720,410,64,0,111.0051,1.8051,1.5000,0.0000,0.3823,-0.0442,-0.0072,-0.0020,0,0,0,0,2.2295,0.0184,0.0701,4.0291,0.1583
offline_val_env0,3358720,410,65,0,110.8010,1.7901,1.5000,0.0000,0.3728,-0.0443,-0.0076,-0.0020,0,0,0,0,2.2445,0.0176,0.0696,4.0291,0.1583
offline_val_env0,3358720,410,66,0,110.5952,1.7758,1.5000,0.0000,0.3574,-0.0439,-0.0077,-0.0021,0,0,0,0,2.2588,0.0169,0.0692,4.0291,0.1583
offline_val_env0,3358720,410,67,0,110.3706,1.7622,1.5000,0.0000,0.3412,-0.0446,-0.0094,-0.0023,0,0,0,0,2.2726,0.0161,0.0686,4.0291,0.1583
offline_val_env0,3358720,410,68,0,110.1513,1.7494,1.5000,0.0000,0.3203,-0.0443,-0.0086,-0.0024,0,0,0,0,2.2855,0.0152,0.0680,4.0291,0.1583
offline_val_env0,3358720,410,69,0,109.9547,1.7372,1.5000,0.0000,0.3025,-0.0435,-0.0060,-0.0024,0,0,0,0,2.2977,0.0142,0.0677,4.0291,0.1583
offline_val_env0,3358720,410,70,0,109.7800,1.7261,1.5000,0.0000,0.2784,-0.0430,-0.0034,-0.0024,0,0,0,0,2.3089,0.0133,0.0674,4.0291,0.1583
offline_val_env0,3358720,410,71,0,109.6548,1.7159,1.5000,0.0000,0.2540,-0.0415,0.0020,-0.0023,0,0,0,0,2.3191,0.0123,0.0676,4.0291,0.1583
offline_val_env0,3358720,410,72,0,109.5506,1.7065,1.5000,0.0000,0.2370,-0.0413,0.0045,-0.0023,0,0,0,0,2.3287,0.0113,0.0679,4.0291,0.1583
offline_val_env0,3358720,410,73,0,109.4854,1.6978,1.5000,0.0000,0.2183,-0.0411,0.0092,0.9970,0,0,0,0,2.3375,0.0103,0.0684,4.0291,0.1583
offline_val_env0,3358720,410,74,0,109.4709,1.6898,1.5000,0.0000,0.1989,-0.0411,0.0152,-0.0030,0,0,0,0,2.3456,0.0092,0.0694,4.0291,0.1583
offline_val_env0,3358720,410,75,0,109.4729,1.6829,1.5000,0.0000,0.1752,-0.0438,0.0180,-0.0030,0,0,0,0,2.3527,0.0079,0.0705,4.0291,0.1583
offline_val_env0,3358720,410,76,0,109.4692,1.6770,1.5000,0.0000,0.1476,-0.0467,0.0184,-0.0030,0,0,0,0,2.3587,0.0065,0.0717,4.0291,0.1583
offline_val_env0,3358720,410,77,0,109.4368,1.6719,1.5000,0.0000,0.1290,-0.0483,0.0155,-0.0030,0,0,0,0,2.3640,0.0049,0.0726,4.0291,0.1583
offline_val_env0,3358720,410,78,0,109.3762,1.6674,1.5000,0.0000,0.1136,-0.0494,0.0125,-0.0030,0,0,0,0,2.3687,0.0033,0.0734,4.0291,0.1583
offline_val_env0,3358720,410,79,0,109.3094,1.6631,1.5000,0.0000,0.1062,-0.0494,0.0117,-0.0030,0,0,0,0,2.3731,0.0016,0.0742,4.0291,0.1583
offline_val_env0,3358720,410,80,0,109.2200,1.6598,1.5000,0.0000,0.0848,-0.0489,0.0088,-0.0030,0,0,0,0,2.3766,-0.0001,0.0747,4.0291,0.1583
offline_val_env0,3358720,410,81,0,109.1317,1.6568,1.5000,0.0000,0.0748,-0.0480,0.0085,-0.0030,0,0,0,0,2.3797,-0.0018,0.0753,4.0291,0.1583
offline_val_env0,3358720,410,82,0,109.0397,1.6541,1.5000,0.0000,0.0676,-0.0474,0.0078,-0.0030,0,0,0,0,2.3826,-0.0035,0.0757,4.0291,0.1583
offline_val_env0,3358720,410,83,0,108.9576,1.6515,1.5000,0.0000,0.0643,-0.0466,0.0087,-0.0030,0,0,0,0,2.3853,-0.0051,0.0763,4.0291,0.1583
offline_val_env0,3358720,410,84,0,108.8761,1.6492,1.5000,0.0000,0.0586,-0.0460,0.0085,-0.0030,0,0,0,0,2.3877,-0.0068,0.0768,4.0291,0.1583
offline_val_env0,3358720,410,85,0,108.8023,1.6470,1.5000,0.0000,0.0573,-0.0455,0.0093,-0.0030,0,0,0,0,2.3902,-0.0084,0.0774,4.0291,0.1583
offline_val_env0,3358720,410,86,0,108.7281,1.6447,1.5000,0.0000,0.0573,-0.0455,0.0093,-0.0030,0,0,0,0,2.3926,-0.0101,0.0780,4.0291,0.1583
offline_val_env0,3358720,410,87,0,108.6620,1.6426,1.5000,0.0000,0.0532,-0.0447,0.0099,-0.0030,0,0,0,0,2.3949,-0.0117,0.0786,4.0291,0.1583
offline_val_env0,3358720,410,88,0,108.6620,1.6426,1.5000,0.0000,0.0000,0.0000,0.0000,-0.0030,0,0,0,0,2.3949,-0.0117,0.0786,4.0291,0.1583
offline_val_env0,3358720,410,89,0,108.6620,1.6426,1.5000,0.0000,0.0000,0.0000,0.0000,-0.0030,0,0,0,0,2.3949,-0.0117,0.0786,4.0291,0.1583
offline_val_env0,3358720,410,90,0,108.6620,1.6426,1.5000,0.0000,0.0000,0.0000,0.0000,2.8928,1,1,0,0,2.3949,-0.0117,0.0786,4.0291,0.1583
offline_val_env0,4177920,510,0,0,184.4866,1.9336,1.5000,0.0000,0.1203,-0.0468,-0.1874,0.9970,0,0,0,0,0.0048,-0.0019,-0.0118,1.9259,-1.0746
offline_val_env0,4177920,510,1,0,182.5144,1.9407,1.5000,0.0000,0.1279,-0.0464,-0.1886,0.0049,0,0,0,0,0.0099,-0.0038,-0.0236,1.9259,-1.0746
offline_val_env0,4177920,510,2,0,180.5615,1.9475,1.5000,0.0000,0.1325,-0.0455,-0.1895,0.0049,0,0,0,0,0.0152,-0.0057,-0.0355,1.9259,-1.0746
offline_val_env0,4177920,510,3,0,178.6329,1.9538,1.5000,0.0000,0.1369,-0.0448,-0.1896,0.0048,0,0,0,0,0.0206,-0.0077,-0.0474,1.9259,-1.0746
offline_val_env0,4177920,510,4,0,176.7111,1.9597,1.5000,0.0000,0.1403,-0.0462,-0.1907,0.0048,0,0,0,0,0.0261,-0.0098,-0.0594,1.9259,-1.0746
offline_val_env0,4177920,510,5,0,174.8093,1.9653,1.5000,0.0000,0.1397,-0.0455,-0.1905,0.0048,0,0,0,0,0.0316,-0.0120,-0.0714,1.9259,-1.0746
offline_val_env0,4177920,510,6,0,172.9309,1.9706,1.5000,0.0000,0.1382,-0.0457,-0.1895,0.0047,0,0,0,0,0.0369,-0.0142,-0.0833,1.9259,-1.0746
offline_val_env0,4177920,510,7,0,171.0551,1.9757,1.5000,0.0000,0.1386,-0.0462,-0.1906,0.0047,0,0,0,0,0.0423,-0.0165,-0.0953,1.9259,-1.0746
offline_val_env0,4177920,510,8,0,169.1939,1.9804,1.5000,0.0000,0.1400,-0.0475,-0.1905,0.0047,0,0,0,0,0.0477,-0.0189,-0.1072,1.9259,-1.0746
offline_val_env0,4177920,510,9,0,167.3416,1.9846,1.5000,0.0000,0.1453,-0.0495,-0.1910,0.0047,0,0,0,0,0.0533,-0.0215,-0.1192,1.9259,-1.0746
offline_val_env0,4177920,510,10,0,165.5114,1.9883,1.5000,0.0000,0.1491,-0.0513,-0.1900,0.0047,0,0,0,0,0.0590,-0.0243,-0.1312,1.9259,-1.0746
offline_val_env0,4177920,510,11,0,163.6728,1.9917,1.5000,0.0000,0.1495,-0.0538,-0.1915,0.0048,0,0,0,0,0.0646,-0.0272,-0.1432,1.9259,-1.0746
offline_val_env0,4177920,510,12,0,161.7710,1.9950,1.5000,0.0000,0.1523,-0.0585,-0.1983,0.0051,0,0,0,0,0.0703,-0.0304,-0.1557,1.9259,-1.0746
offline_val_env0,4177920,510,13,0,159.8258,1.9980,1.5000,0.0000,0.1577,-0.0635,-0.2033,0.0053,0,0,0,0,0.0761,-0.0339,-0.1684,1.9259,-1.0746
offline_val_env0,4177920,510,14,0,157.7780,2.0010,1.5000,0.0000,0.1621,-0.0703,-0.2140,0.0058,0,0,0,0,0.0821,-0.0377,-0.1819,1.9259,-1.0746
offline_val_env0,4177920,510,15,0,155.5365,2.0040,1.5000,0.0000,0.1684,-0.0831,-0.2331,0.0066,0,0,0,0,0.0881,-0.0422,-0.1965,1.9259,-1.0746
offline_val_env0,4177920,510,16,0,153.1674,2.0064,1.5000,0.0000,0.1851,-0.0964,-0.2463,0.0073,0,0,0,0,0.0946,-0.0474,-0.2120,1.9259,-1.0746
offline_val_env0,4177920,510,17,0,150.6880,2.0072,1.5000,0.0000,0.2231,-0.1137,-0.2583,0.0080,0,0,0,0,0.1024,-0.0538,-0.2282,1.9259,-1.0746
offline_val_env0,4177920,510,18,0,148.2383,2.0057,1.5000,0.0000,0.2645,-0.1245,-0.2567,0.0081,0,0,0,0,0.1115,-0.0610,-0.2444,1.9259,-1.0746
offline_val_env0,4177920,510,19,0,145.8775,2.0001,1.5000,0.0000,0.3445,-0.1383,-0.2500,0.0082,0,0,0,0,0.1236,-0.0697,-0.2601,1.9259,-1.0746
offline_val_env0,4177920,510,20,0,143.6519,1.9913,1.5000,0.0000,0.4029,-0.1410,-0.2386,0.0080,0,0,0,0,0.1377,-0.0793,-0.2751,1.9259,-1.0746
offline_val_env0,4177920,510,21,0,141.5726,1.9791,1.5000,0.0000,0.4658,-0.1406,-0.2263,0.0078,0,0,0,0,0.1541,-0.0898,-0.2893,1.9259,-1.0746
offline_val_env0,4177920,510,22,0,139.6168,1.9642,1.5000,0.0000,0.5155,-0.1386,-0.2154,0.0076,0,0,0,0,0.1723,-0.1010,-0.3028,1.9259,-1.0746
offline_val_env0,4177920,510,23,0,137.7530,1.9474,1.5000,0.0000,0.5437,-0.1356,-0.2064,0.0074,0,0,0,0,0.1914,-0.1126,-0.3158,1.9259,-1.0746
offline_val_env0,4177920,510,24,0,135.9591,1.9288,1.5000,0.0000,0.5795,-0.1327,-0.2001,0.0073,0,0,0,0,0.2118,-0.1249,-0.3284,1.9259,-1.0746
offline_val_env0,4177920,510,25,0,134.2663,1.9081,1.5000,0.0000,0.6146,-0.1287,-0.1900,0.0071,0,0,0,0,0.2334,-0.1377,-0.3403,1.9259,-1.0746
offline_val_env0,4177920,510,26,0,132.6242,1.8863,1.5000,0.0000,0.6324,-0.1244,-0.1847,0.0071,0,0,0,0,0.2556,-0.1508,-0.3519,1.9259,-1.0746
offline_val_env0,4177920,510,27,0,131.0629,1.8630,1.5000,0.0000,0.6594,-0.1202,-0.1760,0.0069,0,0,0,0,0.2787,-0.1644,-0.3630,1.9259,-1.0746
offline_val_env0,4177920,510,28,0,129.6578,1.8384,1.5000,0.0000,0.6791,-0.1131,-0.1590,0.0064,0,0,0,0,0.3025,-0.1783,-0.3730,1.9259,-1.0746
offline_val_env0,4177920,510,29,0,128.4482,1.8118,1.5000,0.0000,0.7137,-0.1052,-0.1382,0.0057,0,0,0,0,0.3275,-0.1926,-0.3816,1.9259,-1.0746
offline_val_env0,4177920,510,30,0,127.6316,1.7843,1.5000,0.0000,0.7209,-0.0890,-0.0959,0.0041,0,0,0,0,0.3530,-0.2066,-0.3877,1.9259,-1.0746
offline_val_env0,4177920,510,31,0,127.0743,1.7567,1.5000,0.0000,0.7100,-0.0790,-0.0671,0.0029,0,0,0,0,0.3781,-0.2203,-0.3919,1.9259,-1.0746
offline_val_env0,4177920,510,32,0,126.6660,1.7299,1.5000,0.0000,0.6853,-0.0740,-0.0493,0.0022,0,0,0,0,0.4023,-0.2335,-0.3950,1.9259,-1.0746
offline_val_env0,4177920,510,33,0,126.3134,1.7046,1.5000,0.0000,0.6462,-0.0715,-0.0414,0.0017,0,0,0,0,0.4250,-0.2461,-0.3976,1.9259,-1.0746
offline_val_env0,4177920,510,34,0,125.9253,1.6824,1.5000,0.0000,0.5663,-0.0675,-0.0432,0.0015,0,0,0,0,0.4449,-0.2574,-0.4003,1.9259,-1.0746
offline_val_env0,4177920,510,35,0,125.1221,1.6667,1.5000,0.0000,0.4157,-0.0724,-0.0838,0.0026,0,0,0,0,0.4591,-0.2665,-0.4056,1.9259,-1.0746
offline_val_env0,4177920,510,36,0,123.8483,1.6561,1.5000,0.0000,0.2952,-0.0842,-0.1296,0.0040,0,0,0,0,0.4686,-0.2743,-0.4137,1.9259,-1.0746
offline_val_env0,4177920,510,37,0,122.1288,1.6485,1.5000,0.0000,0.2258,-0.0985,-0.1736,0.0056,0,0,0,0,0.4753,-0.2815,-0.4246,1.9259,-1.0746
offline_val_env0,4177920,510,38,0,120.0957,1.6417,1.5000,0.0000,0.2066,-0.1092,-0.2052,0.9970,0,0,0,0,0.4810,-0.2889,-0.4375,1.9259,-1.0746
offline_val_env0,4177920,510,39,0,117.7287,1.6367,1.5000,0.0000,0.1548,-0.1155,-0.2403,-0.0030,0,0,0,0,0.4846,-0.2957,-0.4526,1.9259,-1.0746
offline_val_env0,4177920,510,40,0,115.3240,1.6324,1.5000,0.0000,0.1299,-0.1074,-0.2467,-0.0030,0,0,0,0,0.4874,-0.3018,-0.4681,1.9259,-1.0746
offline_val_env0,4177920,510,41,0,113.2614,1.6283,1.5000,0.0000,0.1105,-0.0832,-0.2144,-0.0030,0,0,0,0,0.4899,-0.3068,-0.4816,1.9259,-1.0746
offline_val_env0,4177920,510,42,0,111.9364,1.6238,1.5000,0.0000,0.1138,-0.0451,-0.1407,-0.0030,0,0,0,0,0.4931,-0.3105,-0.4904,1.9259,-1.0746
offline_val_env0,4177920,510,43,0,110.9948,1.6197,1.5000,0.0000,0.1014,-0.0260,-0.1020,-0.0030,0,0,0,0,0.4962,-0.3133,-0.4968,1.9259,-1.0746
offline_val_env0,4177920,510,44,0,110.2037,1.6153,1.5000,0.0000,0.1075,-0.0190,-0.0865,-0.0030,0,0,0,0,0.4996,-0.3160,-0.5023,1.9259,-1.0746
offline_val_env0,4177920,510,45,0,109.5172,1.6110,1.5000,0.0000,0.1060,-0.0136,-0.0759,-0.0030,0,0,0,0,0.5030,-0.3186,-0.5070,1.9259,-1.0746
offline_val_env0,4177920,510,46,0,108.9091,1.6066,1.5000,0.0000,0.1043,-0.0098,-0.0678,-0.0030,0,0,0,0,0.5065,-0.3209,-0.5113,1.9259,-1.0746
offline_val_env0,4177920,510,47,0,108.3815,1.6024,1.5000,0.0000,0.1021,-0.0063,-0.0594,-0.0030,0,0,0,0,0.5099,-0.3231,-0.5150,1.9259,-1.0746
offline_val_env0,4177920,510,48,0,107.8849,1.5980,1.5000,0.0000,0.1053,-0.0047,-0.0561,-0.0030,0,0,0,0,0.5135,-0.3254,-0.5186,1.9259,-1.0746
offline_val_env0,4177920,510,49,0,107.4440,1.5938,1.5000,0.0000,0.1009,-0.0025,-0.0503,-0.0030,0,0,0,0,0.5170,-0.3275,-0.5217,1.9259,-1.0746
offline_val_env0,4177920,510,50,0,107.0504,1.5896,1.5000,0.0000,0.1010,-0.0007,-0.0452,-0.0030,0,0,0,0,0.5204,-0.3295,-0.5246,1.9259,-1.0746
offline_val_env0,4177920,510,51,0,106.6848,1.5856,1.5000,0.0000,0.0972,0.0006,-0.0423,-0.0030,0,0,0,0,0.5238,-0.3314,-0.5272,1.9259,-1.0746
offline_val_env0,4177920,510,52,0,106.3559,1.5815,1.5000,0.0000,0.0980,0.0019,-0.0384,-0.0030,0,0,0,0,0.5273,-0.3333,-0.5296,1.9259,-1.0746
offline_val_env0,4177920,510,53,0,106.0556,1.5775,1.5000,0.0000,0.0958,0.0030,-0.0353,-0.0030,0,0,0,0,0.5306,-0.3352,-0.5318,1.9259,-1.0746
offline_val_env0,4177920,510,54,0,105.7871,1.5736,1.5000,0.0000,0.0947,0.0039,-0.0318,-0.0030,0,0,0,0,0.5340,-0.3370,-0.5338,1.9259,-1.0746
offline_val_env0,4177920,510,55,0,105.5202,1.5697,1.5000,0.0000,0.0933,0.0040,-0.0316,-0.0030,0,0,0,0,0.5373,-0.3387,-0.5358,1.9259,-1.0746
offline_val_env0,4177920,510,56,0,105.2905,1.5658,1.5000,0.0000,0.0941,0.0052,-0.0276,-0.0030,0,0,0,0,0.5406,-0.3405,-0.5376,1.9259,-1.0746
offline_val_env0,4177920,510,57,0,105.0816,1.5620,1.5000,0.0000,0.0910,0.0061,-0.0254,-0.0030,0,0,0,0,0.5438,-0.3421,-0.5392,1.9259,-1.0746
offline_val_env0,4177920,510,58,0,104.8925,1.5584,1.5000,0.0000,0.0884,0.0067,-0.0234,-0.0030,0,0,0,0,0.5470,-0.3437,-0.5406,1.9259,-1.0746
offline_val_env0,4177920,510,59,0,104.7062,1.5547,1.5000,0.0000,0.0890,0.0068,-0.0230,-0.0030,0,0,0,0,0.5502,-0.3453,-0.5421,1.9259,-1.0746
offline_val_env0,4177920,510,60,0,104.5477,1.5512,1.5000,0.0000,0.0845,0.0075,-0.0200,-0.0030,0,0,0,0,0.5533,-0.3468,-0.5433,1.9259,-1.0746
offline_val_env0,4177920,510,61,0,104.4110,1.5477,1.5000,0.0000,0.0845,0.0081,-0.0176,-0.0030,0,0,0,0,0.5563,-0.3483,-0.5444,1.9259,-1.0746
offline_val_env0,4177920,510,62,0,104.2874,1.5443,1.5000,0.0000,0.0833,0.0085,-0.0162,-0.0030,0,0,0,0,0.5594,-0.3497,-0.5455,1.9259,-1.0746
offline_val_env0,4177920,510,63,0,104.1767,1.5411,1.5000,0.0000,0.0775,0.0091,-0.0151,-0.0030,0,0,0,0,0.5622,-0.3510,-0.5464,1.9259,-1.0746
offline_val_env0,4177920,510,64,0,104.1016,1.5382,1.5000,0.0000,0.0725,0.0104,-0.0115,-0.0030,0,0,0,0,0.5649,-0.3521,-0.5471,1.9259,-1.0746
offline_val_env0,4177920,510,65,0,104.0239,1.5352,1.5000,0.0000,0.0729,0.0102,-0.0117,-0.0030,0,0,0,0,0.5676,-0.3533,-0.5479,1.9259,-1.0746
offline_val_env0,4177920,510,66,0,103.9768,1.5323,1.5000,0.0000,0.0703,0.0113,-0.0085,-0.0030,0,0,0,0,0.5702,-0.3544,-0.5484,1.9259,-1.0746
offline_val_env0,4177920,510,67,0,103.9630,1.5296,1.5000,0.0000,0.0667,0.0123,-0.0051,-0.0030,0,0,0,0,0.5728,-0.3554,-0.5487,1.9259,-1.0746
offline_val_env0,4177920,510,68,0,103.9656,1.5270,1.5000,0.0000,0.0654,0.0128,-0.0034,-0.0030,0,0,0,0,0.5753,-0.3563,-0.5489,1.9259,-1.0746
offline_val_env0,4177920,510,69,0,103.9850,1.5246,1.5000,0.0000,0.0601,0.0136,-0.0019,-0.0030,0,0,0,0,0.5776,-0.3571,-0.5490,1.9259,-1.0746
offline_val_env0,4177920,510,70,0,104.0113,1.5222,1.5000,0.0000,0.0584,0.0138,-0.0012,-0.0030,0,0,0,0,0.5799,-0.3578,-0.5491,1.9259,-1.0746
offline_val_env0,4177920,510,71,0,104.0119,1.5200,1.5000,0.0000,0.0564,0.0132,-0.0040,-0.0030,0,0,0,0,0.5821,-0.3586,-0.5494,1.9259,-1.0746
offline_val_env0,4177920,510,72,0,104.0162,1.5178,1.5000,0.0000,0.0535,0.0135,-0.0038,-0.0030,0,0,0,0,0.5842,-0.3592,-0.5496,1.9259,-1.0746
offline_val_env0,4177920,510,73,0,104.0209,1.5157,1.5000,0.0000,0.0519,0.0138,-0.0039,-0.0030,0,0,0,0,0.5862,-0.3598,-0.5498,1.9259,-1.0746
offline_val_env0,4177920,510,74,0,104.0209,1.5157,1.5000,0.0000,0.0000,0.0000,0.0000,-0.0030,0,0,0,0,0.5862,-0.3598,-0.5498,1.9259,-1.0746
offline_val_env0,4177920,510,75,0,104.0209,1.5157,1.5000,0.0000,0.0000,0.0000,0.0000,-0.0030,0,0,0,0,0.5862,-0.3598,-0.5498,1.9259,-1.0746
offline_val_env0,4177920,510,76,0,104.0209,1.5157,1.5000,0.0000,0.0000,0.0000,0.0000,2.7617,1,1,0,0,0.5862,-0.3598,-0.5498,1.9259,-1.0746
offline_val_env0,4997120,610,0,0,103.5726,5.5710,1.5000,0.0000,0.2098,0.2205,1.0000,0.9970,0,0,0,0,0.0084,0.0088,0.0628,5.5463,0.7097
offline_val_env0,4997120,610,1,0,112.1806,5.5773,1.5000,0.0000,0.1059,0.2268,1.0000,0.0330,0,0,0,0,0.0120,0.0181,0.1257,5.5463,0.7097
offline_val_env0,4997120,610,2,0,120.8316,5.5683,1.5000,0.0000,-0.0788,0.2631,1.0000,-0.0405,0,0,0,0,0.0076,0.0282,0.1885,5.5463,0.7097
offline_val_env0,4997120,610,3,0,129.5218,5.5398,1.5000,0.0000,-0.1542,0.2376,1.0000,-0.0382,0,0,0,0,-0.0002,0.0364,0.2513,5.5463,0.7097
offline_val_env0,4997120,610,4,0,138.0922,5.4852,1.5000,0.0000,-0.0302,0.0990,0.9843,-0.0344,0,0,0,0,-0.0024,0.0399,0.3132,5.5463,0.7097
offline_val_env0,4997120,610,5,0,145.2278,5.4240,1.5000,0.0000,-0.0385,-0.1223,0.8252,-0.0272,0,0,0,0,-0.0024,0.0348,0.3650,5.5463,0.7097
offline_val_env0,4997120,610,6,0,151.5536,5.3578,1.5000,0.0000,-0.0221,-0.2432,0.7295,-0.0230,0,0,0,0,0.0003,0.0254,0.4109,5.5463,0.7097
offline_val_env0,4997120,610,7,0,156.8261,5.2901,1.5000,0.0000,0.1092,-0.3102,0.6019,-0.0181,0,0,0,0,0.0093,0.0157,0.4487,5.5463,0.7097
offline_val_env0,4997120,610,8,0,160.5574,5.2318,1.5000,0.0000,0.2546,-0.2781,0.4173,-0.0124,0,0,0,0,0.0233,0.0101,0.4749,5.5463,0.7097
offline_val_env0,4997120,610,9,0,163.5760,5.1782,1.5000,0.0000,0.3285,-0.2556,0.3302,-0.0098,0,0,0,0,0.0396,0.0070,0.4956,5.5463,0.7097
offline_val_env0,4997120,610,10,0,165.4809,5.1380,1.5000,0.0000,0.3534,-0.2121,0.2048,-0.0065,0,0,0,0,0.0561,0.0063,0.5085,5.5463,0.7097
offline_val_env0,4997120,610,11,0,167.1436,5.0984,1.5000,0.0000,0.4228,-0.2077,0.1742,-0.0055,0,0,0,0,0.0749,0.0073,0.5195,5.5463,0.7097
offline_val_env0,4997120,610,12,0,168.4539,5.0622,1.5000,0.0000,0.4593,-0.1959,0.1336,-0.0043,0,0,0,0,0.0947,0.0096,0.5279,5.5463,0.7097
offline_val_env0,4997120,610,13,0,169.3130,5.0300,1.5000,0.0000,0.5297,-0.1758,0.0815,-0.0028,0,0,0,0,0.1166,0.0142,0.5330,5.5463,0.7097
offline_val_env0,4997120,610,14,0,170.1652,4.9945,1.5000,0.0000,0.6257,-0.1895,0.0771,-0.0024,0,0,0,0,0.1420,0.0204,0.5378,5.5463,0.7097
offline_val_env0,4997120,610,15,0,170.8612,4.9595,1.5000,0.0000,0.6785,-0.1832,0.0575,-0.0017,0,0,0,0,0.1691,0.0280,0.5414,5.5463,0.7097
offline_val_env0,4997120,610,16,0,171.4254,4.9259,1.5000,0.0000,0.6977,-0.1723,0.0416,-0.0013,0,0,0,0,0.1965,0.0365,0.5440,5.5463,0.7097
offline_val_env0,4997120,610,17,0,171.9038,4.8926,1.5000,0.0000,0.7251,-0.1715,0.0311,-0.0010,0,0,0,0,0.2249,0.0456,0.5460,5.5463,0.7097
offline_val_env0,4997120,610,18,0,172.3996,4.8547,1.5000,0.0000,0.8510,-0.1869,0.0279,-0.0005,0,0,0,0,0.2579,0.0569,0.5478,5.5463,0.7097
offline_val_env0,4997120,610,19,0,172.8221,4.8141,1.5000,0.0000,0.9617,-0.1930,0.0152,0.0002,0,0,0,0,0.2947,0.0703,0.5487,5.5463,0.7097
offline_val_env0,4997120,610,20,0,173.1741,4.7731,1.5000,0.0000,1.0000,-0.2098,0.0076,0.0006,0,0,0,0,0.3332,0.0840,0.5492,5.5463,0.7097
offline_val_env0,4997120,610,21,0,173.2551,4.7357,1.5000,0.0000,1.0000,-0.2182,-0.0187,0.0013,0,0,0,0,0.3719,0.0975,0.5480,5.5463,0.7097
offline_val_env0,4997120,610,22,0,173.3236,4.6985,1.5000,0.0000,1.0000,-0.2109,-0.0210,0.0013,0,0,0,0,0.4104,0.1111,0.5467,5.5463,0.7097
offline_val_env0,4997120,610,23,0,173.3792,4.6615,1.5000,0.0000,1.0000,-0.2142,-0.0222,0.0014,0,0,0,0,0.4491,0.1246,0.5453,5.5463,0.7097
offline_val_env0,4997120,610,24,0,173.3288,4.6260,1.5000,0.0000,1.0000,-0.2091,-0.0335,0.0017,0,0,0,0,0.4876,0.1382,0.5432,5.5463,0.7097
offline_val_env0,4997120,610,25,0,173.2650,4.5904,1.5000,0.0000,1.0000,-0.2216,-0.0335,0.0017,0,0,0,0,0.5264,0.1513,0.5411,5.5463,0.7097
offline_val_env0,4997120,610,26,0,173.1401,4.5557,1.5000,0.0000,1.0000,-0.2161,-0.0403,0.0019,0,0,0,0,0.5652,0.1645,0.5386,5.5463,0.7097
offline_val_env0,4997120,610,27,0,172.9709,4.5214,1.5000,0.0000,1.0000,-0.2274,-0.0435,0.0020,0,0,0,0,0.6042,0.1772,0.5358,5.5463,0.7097
offline_val_env0,4997120,610,28,0,172.7685,4.4875,1.5000,0.0000,1.0000,-0.2257,-0.0471,0.0021,0,0,0,0,0.6432,0.1898,0.5329,5.5463,0.7097
offline_val_env0,4997120,610,29,0,172.5466,4.4537,1.5000,0.0000,1.0000,-0.2286,-0.0488,0.0022,0,0,0,0,0.6823,0.2023,0.5298,5.5463,0.7097
offline_val_env0,4997120,610,30,0,172.3183,4.4199,1.5000,0.0000,1.0000,-0.2307,-0.0492,0.0022,0,0,0,0,0.7214,0.2145,0.5267,5.5463,0.7097
offline_val_env0,4997120,610,31,0,172.0205,4.3871,1.5000,0.0000,1.0000,-0.2155,-0.0580,0.0024,0,0,0,0,0.7604,0.2272,0.5231,5.5463,0.7097
offline_val_env0,4997120,610,32,0,171.6600,4.3548,1.5000,0.0000,1.0000,-0.2316,-0.0623,0.0027,0,0,0,0,0.7996,0.2391,0.5191,5.5463,0.7097
offline_val_env0,4997120,610,33,0,171.2514,4.3231,1.5000,0.0000,1.0000,-0.2186,-0.0687,0.0028,0,0,0,0,0.8387,0.2514,0.5148,5.5463,0.7097
offline_val_env0,4997120,610,34,0,170.6774,4.2933,1.5000,0.0000,1.0000,-0.2160,-0.0855,0.0033,0,0,0,0,0.8778,0.2636,0.5094,5.5463,0.7097
offline_val_env0,4997120,610,35,0,170.1356,4.2630,1.5000,0.0000,1.0000,-0.2134,-0.0826,0.0032,0,0,0,0,0.9169,0.2756,0.5043,5.5463,0.7097
offline_val_env0,4997120,610,36,0,169.4767,4.2340,1.5000,0.0000,1.0000,-0.2010,-0.0958,0.0036,0,0,0,0,0.9558,0.2879,0.4982,5.5463,0.7097
offline_val_env0,4997120,610,37,0,168.7670,4.2055,1.5000,0.0000,1.0000,-0.1959,-0.1015,0.0037,0,0,0,0,0.9946,0.3001,0.4919,5.5463,0.7097
offline_val_env0,4997120,610,38,0,168.1150,4.1761,1.5000,0.0000,1.0000,-0.1992,-0.0952,0.0036,0,0,0,0,1.0337,0.3120,0.4859,5.5463,0.7097
offline_val_env0,4997120,610,39,0,167.4871,4.1461,1.5000,0.0000,1.0000,-0.2085,-0.0914,0.0036,0,0,0,0,1.0729,0.3233,0.4801,5.5463,0.7097
offline_val_env0,4997120,610,40,0,166.7704,4.1170,1.5000,0.0000,1.0000,-0.1963,-0.1020,0.0038,0,0,0,0,1.1120,0.3348,0.4737,5.5463,0.7097
offline_val_env0,4997120,610,41,0,165.9653,4.0885,1.5000,0.0000,1.0000,-0.2022,-0.1101,0.0042,0,0,0,0,1.1513,0.3459,0.4668,5.5463,0.7097
offline_val_env0,4997120,610,42,0,165.1370,4.0603,1.5000,0.0000,1.0000,-0.1850,-0.1147,0.0042,0,0,0,0,1.1904,0.3573,0.4596,5.5463,0.7097
offline_val_env0,4997120,610,43,0,164.3841,4.0310,1.5000,0.0000,1.0000,-0.1848,-0.1068,0.0040,0,0,0,0,1.2295,0.3684,0.4529,5.5463,0.7097
offline_val_env0,4997120,610,44,0,163.6037,4.0020,1.5000,0.0000,1.0000,-0.1657,-0.1121,0.0041,0,0,0,0,1.2684,0.3799,0.4458,5.5463,0.7097
offline_val_env0,4997120,610,45,0,162.7374,3.9734,1.5000,0.0000,1.0000,-0.1800,-0.1189,0.0044,0,0,0,0,1.3076,0.3907,0.4384,5.5463,0.7097
offline_val_env0,4997120,610,46,0,161.9555,3.9437,1.5000,0.0000,1.0000,-0.1785,-0.1101,0.0042,0,0,0,0,1.3468,0.4012,0.4315,5.5463,0.7097
offline_val_env0,4997120,610,47,0,161.1346,3.9142,1.5000,0.0000,1.0000,-0.1705,-0.1152,0.0043,0,0,0,0,1.3860,0.4117,0.4242,5.5463,0.7097
offline_val_env0,4997120,610,48,0,160.3274,3.8845,1.5000,0.0000,1.0000,-0.1588,-0.1152,0.0043,0,0,0,0,1.4251,0.4224,0.4170,5.5463,0.7097
offline_val_env0,4997120,610,49,0,159.6988,3.8528,1.5000,0.0000,1.0000,-0.1664,-0.0950,0.0038,0,0,0,0,1.4643,0.4325,0.4110,5.5463,0.7097
offline_val_env0,4997120,610,50,0,159.0861,3.8209,1.5000,0.0000,1.0000,-0.1559,-0.0947,0.0037,0,0,0,0,1.5035,0.4428,0.4051,5.5463,0.7097
offline_val_env0,4997120,610,51,0,158.4126,3.7895,1.5000,0.0000,1.0000,-0.1433,-0.1029,0.0039,0,0,0,0,1.5425,0.4533,0.3986,5.5463,0.7097
offline_val_env0,4997120,610,52,0,157.8145,3.7574,1.5000,0.0000,1.0000,-0.1232,-0.0977,0.0037,0,0,0,0,1.5813,0.4643,0.3925,5.5463,0.7097
offline_val_env0,4997120,610,53,0,157.2003,3.7254,1.5000,0.0000,1.0000,-0.1204,-0.0997,0.0037,0,0,0,0,1.6201,0.4751,0.3862,5.5463,0.7097
offline_val_env0,4997120,610,54,0,156.5900,3.6935,1.5000,0.0000,1.0000,-0.0965,-0.1029,0.0037,0,0,0,0,1.6586,0.4866,0.3797,5.5463,0.7097
offline_val_env0,4997120,610,55,0,155.9208,3.6621,1.5000,0.0000,1.0000,-0.0724,-0.1129,0.0039,0,0,0,0,1.6968,0.4987,0.3726,5.5463,0.7097
offline_val_env0,4997120,610,56,0,155.2607,3.6305,1.5000,0.0000,1.0000,-0.0660,-0.1128,0.0039,0,0,0,0,1.7350,0.5108,0.3655,5.5463,0.7097
offline_val_env0,4997120,610,57,0,154.7074,3.5980,1.5000,0.0000,1.0000,-0.0619,-0.1018,0.0035,0,0,0,0,1.7733,0.5228,0.3592,5.5463,0.7097
offline_val_env0,4997120,610,58,0,154.1411,3.5654,1.5000,0.0000,1.0000,-0.0590,-0.1037,0.0036,0,0,0,0,1.8116,0.5347,0.3526,5.5463,0.7097
offline_val_env0,4997120,610,59,0,153.6293,3.5323,1.5000,0.0000,1.0000,-0.0502,-0.0991,0.0034,0,0,0,0,1.8498,0.5466,0.3464,5.5463,0.7097
offline_val_env0,4997120,610,60,0,153.0542,3.4996,1.5000,0.0000,1.0000,-0.0490,-0.1062,0.0037,0,0,0,0,1.8881,0.5583,0.3397,5.5463,0.7097
offline_val_env0,4997120,610,61,0,152.5978,3.4659,1.5000,0.0000,1.0000,-0.0403,-0.0947,0.0032,0,0,0,0,1.9263,0.5702,0.3338,5.5463,0.7097
offline_val_env0,4997120,610,62,0,151.9772,3.4334,1.5000,0.0000,1.0000,-0.0310,-0.1142,0.0038,0,0,0,0,1.9645,0.5821,0.3266,5.5463,0.7097
offline_val_env0,4997120,610,63,0,151.2884,3.4012,1.5000,0.0000,1.0000,-0.0252,-0.1227,0.0041,0,0,0,0,2.0027,0.5940,0.3189,5.5463,0.7097
offline_val_env0,4997120,610,64,0,150.6705,3.3683,1.5000,0.0000,1.0000,-0.0252,-0.1148,0.0039,0,0,0,0,2.0410,0.6056,0.3117,5.5463,0.7097
offline_val_env0,4997120,610,65,0,149.9638,3.3359,1.5000,0.0000,1.0000,-0.0216,-0.1251,0.0042,0,0,0,0,2.0794,0.6170,0.3038,5.5463,0.7097
offline_val_env0,4997120,610,66,0,149.3582,3.3026,1.5000,0.0000,1.0000,-0.0181,-0.1144,0.0039,0,0,0,0,2.1178,0.6283,0.2966,5.5463,0.7097
offline_val_env0,4997120,610,67,0,148.8481,3.2686,1.5000,0.0000,1.0000,-0.0190,-0.1036,0.0035,0,0,0,0,2.1562,0.6392,0.2901,5.5463,0.7097
offline_val_env0,4997120,610,68,0,148.1667,3.2354,1.5000,0.0000,1.0000,-0.0162,-0.1232,0.0042,0,0,0,0,2.1948,0.6501,0.2824,5.5463,0.7097
offline_val_env0,4997120,610,69,0,147.4983,3.2021,1.5000,0.0000,1.0000,-0.0148,-0.1218,0.0042,0,0,0,0,2.2333,0.6606,0.2747,5.5463,0.7097
offline_val_env0,4997120,610,70,0,146.8667,3.1683,1.5000,0.0000,1.0000,-0.0136,-0.1178,0.0040,0,0,0,0,2.2720,0.6710,0.2673,5.5463,0.7097
offline_val_env0,4997120,610,71,0,146.1254,3.1349,1.5000,0.0000,1.0000,-0.0164,-0.1295,0.0045,0,0,0,0,2.3107,0.6809,0.2592,5.5463,0.7097
offline_val_env0,4997120,610,72,0,145.4491,3.1010,1.5000,0.0000,1.0000,-0.0147,-0.1223,0.0043,0,0,0,0,2.3496,0.6906,0.2515,5.5463,0.7097
offline_val_env0,4997120,610,73,0,144.8192,3.0666,1.5000,0.0000,1.0000,-0.0143,-0.1170,0.0041,0,0,0,0,2.3884,0.7000,0.2442,5.5463,0.7097
offline_val_env0,4997120,610,74,0,144.1411,3.0323,1.5000,0.0000,1.0000,-0.0144,-0.1222,0.0043,0,0,0,0,2.4274,0.7091,0.2365,5.5463,0.7097
offline_val_env0,4997120,610,75,0,143.4415,2.9979,1.5000,0.0000,1.0000,-0.0171,-0.1239,0.0044,0,0,0,0,2.4664,0.7178,0.2287,5.5463,0.7097
offline_val_env0,4997120,610,76,0,142.7747,2.9631,1.5000,0.0000,1.0000,-0.0138,-0.1206,0.0043,0,0,0,0,2.5055,0.7263,0.2211,5.5463,0.7097
offline_val_env0,4997120,610,77,0,142.1748,2.9279,1.5000,0.0000,1.0000,-0.0122,-0.1131,0.0041,0,0,0,0,2.5447,0.7346,0.2140,5.5463,0.7097
offline_val_env0,4997120,610,78,0,141.5721,2.8925,1.5000,0.0000,1.0000,-0.0121,-0.1133,0.0041,0,0,0,0,2.5838,0.7426,0.2069,5.5463,0.7097
offline_val_env0,4997120,610,79,0,140.9441,2.8571,1.5000,0.0000,1.0000,-0.0105,-0.1163,0.0042,0,0,0,0,2.6231,0.7505,0.1996,5.5463,0.7097
offline_val_env0,4997120,610,80,0,140.3535,2.8214,1.5000,0.0000,1.0000,-0.0089,-0.1122,0.0041,0,0,0,0,2.6624,0.7580,0.1925,5.5463,0.7097
offline_val_env0,4997120,610,81,0,139.7705,2.7856,1.5000,0.0000,1.0000,-0.0071,-0.1115,0.0041,0,0,0,0,2.7017,0.7654,0.1855,5.5463,0.7097
offline_val_env0,4997120,610,82,0,139.1510,2.7497,1.5000,0.0000,1.0000,-0.0065,-0.1156,0.0042,0,0,0,0,2.7410,0.7725,0.1783,5.5463,0.7097
offline_val_env0,4997120,610,83,0,138.4810,2.7139,1.5000,0.0000,1.0000,-0.0079,-0.1209,0.0045,0,0,0,0,2.7805,0.7793,0.1707,5.5463,0.7097
offline_val_env0,4997120,610,84,0,137.8158,2.6779,1.5000,0.0000,1.0000,-0.0057,-0.1205,0.0045,0,0,0,0,2.8199,0.7859,0.1631,5.5463,0.7097
offline_val_env0,4997120,610,85,0,137.0956,2.6419,1.5000,0.0000,1.0000,-0.0085,-0.1259,0.0047,0,0,0,0,2.8594,0.7920,0.1552,5.5463,0.7097
offline_val_env0,4997120,610,86,0,136.3742,2.6057,1.5000,0.0000,1.0000,-0.0069,-0.1260,0.0047,0,0,0,0,2.8990,0.7980,0.1473,5.5463,0.7097
offline_val_env0,4997120,610,87,0,135.6277,2.5695,1.5000,0.0000,1.0000,-0.0078,-0.1282,0.0049,0,0,0,0,2.9386,0.8035,0.1392,5.5463,0.7097
offline_val_env0,4997120,610,88,0,134.8481,2.5331,1.5000,0.0000,1.0000,-0.0105,-0.1308,0.0050,0,0,0,0,2.9783,0.8086,0.1310,5.5463,0.7097
offline_val_env0,4997120,610,89,0,134.0599,2.4966,1.5000,0.0000,1.0000,-0.0104,-0.1313,0.0051,0,0,0,0,3.0180,0.8135,0.1228,5.5463,0.7097
offline_val_env0,4997120,610,90,0,133.2490,2.4600,1.5000,0.0000,1.0000,-0.0113,-0.1330,0.0052,0,0,0,0,3.0577,0.8179,0.1144,5.5463,0.7097
offline_val_env0,4997120,610,91,0,132.4357,2.4231,1.5000,0.0000,1.0000,-0.0105,-0.1328,0.0052,0,0,0,0,3.0975,0.8221,0.1061,5.5463,0.7097
offline_val_env0,4997120,610,92,0,131.6063,2.3862,1.5000,0.0000,1.0000,-0.0106,-0.1339,0.0053,0,0,0,0,3.1374,0.8259,0.0976,5.5463,0.7097
offline_val_env0,4997120,610,93,0,130.7327,2.3491,1.5000,0.0000,1.0000,-0.0123,-0.1378,0.0055,0,0,0,0,3.1772,0.8293,0.0890,5.5463,0.7097
offline_val_env0,4997120,610,94,0,129.8878,2.3118,1.5000,0.0000,1.0000,-0.0080,-0.1347,0.0054,0,0,0,0,3.2171,0.8325,0.0805,5.5463,0.7097
offline_val_env0,4997120,610,95,0,129.0175,2.2744,1.5000,0.0000,1.0000,-0.0089,-0.1365,0.0056,0,0,0,0,3.2570,0.8354,0.0720,5.5463,0.7097
offline_val_env0,4997120,610,96,0,128.1645,2.2368,1.5000,0.0000,1.0000,-0.0050,-0.1345,0.0055,0,0,0,0,3.2969,0.8381,0.0635,5.5463,0.7097
offline_val_env0,4997120,610,97,0,127.3734,2.1989,1.5000,0.0000,1.0000,0.0026,-0.1284,0.0053,0,0,0,0,3.3368,0.8407,0.0554,5.5463,0.7097
offline_val_env0,4997120,610,98,0,126.5937,2.1608,1.5000,0.0000,1.0000,0.0070,-0.1274,0.0052,0,0,0,0,3.3767,0.8432,0.0474,5.5463,0.7097
offline_val_env0,4997120,610,99,0,125.8010,2.1227,1.5000,0.0000,1.0000,0.0110,-0.1291,0.0053,0,0,0,0,3.4167,0.8455,0.0393,5.5463,0.7097
offline_val_env0,4997120,610,100,0,125.0193,2.0844,1.5000,0.0000,1.0000,0.0180,-0.1290,0.0053,0,0,0,0,3.4566,0.8478,0.0312,5.5463,0.7097
offline_val_env0,4997120,610,101,0,124.2154,2.0460,1.5000,0.0000,1.0000,0.0243,-0.1326,0.0054,0,0,0,0,3.4966,0.8501,0.0229,5.5463,0.7097
offline_val_env0,4997120,610,102,0,123.3585,2.0076,1.5000,0.0000,1.0000,0.0322,-0.1403,0.0056,0,0,0,0,3.5365,0.8523,0.0141,5.5463,0.7097
offline_val_env0,4997120,610,103,0,122.4086,1.9692,1.5000,0.0000,1.0000,0.0430,-0.1536,0.0060,0,0,0,0,3.5765,0.8545,0.0044,5.5463,0.7097
offline_val_env0,4997120,610,104,0,121.3976,1.9307,1.5000,0.0000,1.0000,0.0534,-0.1630,0.0063,0,0,0,0,3.6165,0.8569,-0.0058,5.5463,0.7097
offline_val_env0,4997120,610,105,0,120.2823,1.8921,1.5000,0.0000,1.0000,0.0659,-0.1781,0.0068,0,0,0,0,3.6565,0.8593,-0.0170,5.5463,0.7097
offline_val_env0,4997120,610,106,0,119.0313,1.8535,1.5000,0.0000,1.0000,0.0833,-0.1984,0.0074,0,0,0,0,3.6965,0.8619,-0.0295,5.5463,0.7097
offline_val_env0,4997120,610,107,0,117.6628,1.8147,1.5000,0.0000,1.0000,0.1038,-0.2176,0.0080,0,0,0,0,3.7366,0.8649,-0.0432,5.5463,0.7097
offline_val_env0,4997120,610,108,0,116.2437,1.7757,1.5000,0.0000,1.0000,0.1221,-0.2279,0.0082,0,0,0,0,3.7768,0.8680,-0.0575,5.5463,0.7097
offline_val_env0,4997120,610,109,0,114.8374,1.7364,1.5000,0.0000,1.0000,0.1376,-0.2296,0.0082,0,0,0,0,3.8171,0.8712,-0.0719,5.5463,0.7097
offline_val_env0,4997120,610,110,0,113.5854,1.6968,1.5000,0.0000,1.0000,0.1508,-0.2138,0.9970,0,0,0,0,3.8574,0.8744,-0.0853,5.5463,0.7097
offline_val_env0,4997120,610,111,0,112.5836,1.6570,1.5000,0.0000,1.0000,0.1639,-0.1870,-0.0030,0,0,0,0,3.8978,0.8775,-0.0971,5.5463,0.7097
offline_val_env0,4997120,610,112,0,111.9428,1.6171,1.5000,0.0000,1.0000,0.1971,-0.1557,-0.0030,0,0,0,0,3.9384,0.8815,-0.1069,5.5463,0.7097
offline_val_env0,4997120,610,113,0,111.6187,1.5771,1.5000,0.0000,1.0000,0.2503,-0.1395,-0.0030,0,0,0,0,3.9792,0.8872,-0.1156,5.5463,0.7097
offline_val_env0,4997120,610,114,0,111.4442,1.5371,1.5000,0.0000,1.0000,0.2700,-0.1314,-0.0030,0,0,0,0,4.0202,0.8933,-0.1239,5.5463,0.7097
offline_val_env0,4997120,610,115,0,111.3963,1.4971,1.5000,0.0000,1.0000,0.2738,-0.1204,-0.0030,0,0,0,0,4.0613,0.8992,-0.1315,5.5463,0.7097
offline_val_env0,4997120,610,116,0,111.3635,1.4571,1.5000,0.0000,1.0000,0.2774,-0.1231,-0.0030,0,0,0,0,4.1024,0.9049,-0.1392,5.5463,0.7097
offline_val_env0,4997120,610,117,0,111.3326,1.4171,1.5000,0.0000,1.0000,0.2754,-0.1252,-0.0030,0,0,0,0,4.1435,0.9103,-0.1471,5.5463,0.7097
offline_val_env0,4997120,610,118,0,111.3292,1.3771,1.5000,0.0000,1.0000,0.2678,-0.1219,-0.0030,0,0,0,0,4.1846,0.9150,-0.1547,5.5463,0.7097
offline_val_env0,4997120,610,119,0,111.3342,1.3371,1.5000,0.0000,1.0000,0.2539,-0.1179,-0.0030,0,0,0,0,4.2257,0.9189,-0.1621,5.5463,0.7097
offline_val_env0,4997120,610,120,0,111.3342,1.2971,1.5000,0.0000,1.0000,0.2371,-0.1139,-2.0080,0,0,0,0,4.2667,0.9218,-0.1693,5.5463,0.7097
offline_val_env0,4997120,610,121,0,111.4255,1.2570,1.5000,0.0000,1.0000,0.2069,-0.0914,-0.0076,0,0,0,0,4.3076,0.9232,-0.1750,5.5463,0.7097
offline_val_env0,4997120,610,122,0,111.6215,1.2170,1.5000,0.0000,1.0000,0.1563,-0.0561,-0.0071,0,0,0,0,4.3480,0.9224,-0.1785,5.5463,0.7097
offline_val_env0,4997120,610,123,0,111.4600,1.1863,1.5000,0.0000,0.7690,0.1054,-0.0747,-0.0076,0,0,0,0,4.3791,0.9211,-0.1832,5.5463,0.7097
offline_val_env0,4997120,610,124,0,111.2173,1.1666,1.5000,0.0000,0.4915,0.0921,-0.0781,-0.0065,0,0,0,0,4.3991,0.9212,-0.1881,5.5463,0.7097
offline_val_env0,4997120,610,125,0,111.3404,1.1542,1.5000,0.0000,0.3096,0.0997,-0.0393,-0.0040,0,0,0,0,4.4120,0.9228,-0.1906,5.5463,0.7097
offline_val_env0,4997120,610,126,0,111.8976,1.1466,1.5000,0.0000,0.1910,0.1105,0.0056,-0.0015,0,0,0,0,4.4203,0.9257,-0.1903,5.5463,0.7097
offline_val_env0,4997120,610,127,0,112.6929,1.1413,1.5000,0.0000,0.1324,0.1144,0.0311,-0.0063,0,0,0,0,4.4264,0.9291,-0.1883,5.5463,0.7097
offline_val_env0,4997120,610,128,0,113.7025,1.1375,1.5000,0.0000,0.0935,0.1161,0.0551,-0.0080,0,0,0,0,4.4309,0.9330,-0.1849,5.5463,0.7097
offline_val_env0,4997120,610,129,0,114.8617,1.1345,1.5000,0.0000,0.0710,0.1159,0.0726,-0.0085,0,0,0,0,4.4346,0.9370,-0.1803,5.5463,0.7097
offline_val_env0,4997120,610,130,0,116.0895,1.1322,1.5000,0.0000,0.0538,0.1131,0.0821,-0.0088,0,0,0,0,4.4375,0.9411,-0.1751,5.5463,0.7097
offline_val_env0,4997120,610,131,0,117.3456,1.1304,1.5000,0.0000,0.0392,0.1079,0.0882,-0.0088,0,0,0,0,4.4398,0.9451,-0.1696,5.5463,0.7097
offline_val_env0,4997120,610,132,0,118.5735,1.1290,1.5000,0.0000,0.0282,0.0994,0.0895,-0.0087,0,0,0,0,4.4416,0.9488,-0.1640,5.5463,0.7097
offline_val_env0,4997120,610,133,0,119.7289,1.1278,1.5000,0.0000,0.0204,0.0895,0.0865,-0.0083,0,0,0,0,4.4430,0.9522,-0.1585,5.5463,0.7097
offline_val_env0,4997120,610,134,0,120.8127,1.1268,1.5000,0.0000,0.0178,0.0783,0.0841,-0.0080,0,0,0,0,4.4442,0.9552,-0.1532,5.5463,0.7097
offline_val_env0,4997120,610,135,0,121.7601,1.1257,1.5000,0.0000,0.0158,0.0599,0.0781,-0.0074,0,0,0,0,4.4451,0.9575,-0.1483,5.5463,0.7097
offline_val_env0,4997120,610,136,0,122.6233,1.1246,1.5000,0.0000,0.0169,0.0479,0.0747,-0.0070,0,0,0,0,4.4461,0.9593,-0.1436,5.5463,0.7097
offline_val_env0,4997120,610,137,0,123.3834,1.1233,1.5000,0.0000,0.0238,0.0328,0.0705,-0.0066,0,0,0,0,4.4472,0.9604,-0.1392,5.5463,0.7097
offline_val_env0,4997120,610,138,0,124.0604,1.1217,1.5000,0.0000,0.0281,0.0213,0.0668,-0.0062,0,0,0,0,4.4484,0.9611,-0.1350,5.5463,0.7097
offline_val_env0,4997120,610,139,0,124.6969,1.1196,1.5000,0.0000,0.0430,0.0111,0.0668,-0.0061,0,0,0,0,4.4502,0.9613,-0.1308,5.5463,0.7097
offline_val_env0,4997120,610,140,0,125.2933,1.1171,1.5000,0.0000,0.0514,0.0033,0.0658,-0.0060,0,0,0,0,4.4523,0.9612,-0.1267,5.5463,0.7097
offline_val_env0,4997120,610,141,0,125.8891,1.1141,1.5000,0.0000,0.0617,-0.0023,0.0681,-0.0060,0,0,0,0,4.4547,0.9608,-0.1224,5.5463,0.7097
offline_val_env0,4997120,610,142,0,126.4694,1.1109,1.5000,0.0000,0.0687,-0.0071,0.0684,-0.0060,0,0,0,0,4.4574,0.9602,-0.1181,5.5463,0.7097
offline_val_env0,4997120,610,143,0,127.0799,1.1073,1.5000,0.0000,0.0744,-0.0099,0.0729,-0.0062,0,0,0,0,4.4603,0.9594,-0.1135,5.5463,0.7097
offline_val_env0,4997120,610,144,0,127.7233,1.1035,1.5000,0.0000,0.0795,-0.0122,0.0776,-0.0063,0,0,0,0,4.4634,0.9586,-0.1087,5.5463,0.7097
offline_val_env0,4997120,610,145,0,128.4096,1.0993,1.5000,0.0000,0.0879,-0.0153,0.0835,-0.0066,0,0,0,0,4.4668,0.9576,-0.1034,5.5463,0.7097
offline_val_env0,4997120,610,146,0,129.1462,1.0948,1.5000,0.0000,0.0938,-0.0170,0.0896,-0.0069,0,0,0,0,4.4705,0.9565,-0.0978,5.5463,0.7097
offline_val_env0,4997120,610,147,0,129.9972,1.0895,1.5000,0.0000,0.1101,-0.0165,0.1011,-0.0075,0,0,0,0,4.4748,0.9554,-0.0914,5.5463,0.7097
offline_val_env0,4997120,610,148,0,130.9483,1.0837,1.5000,0.0000,0.1189,-0.0198,0.1135,-0.0080,0,0,0,0,4.4795,0.9542,-0.0843,5.5463,0.7097
offline_val_env0,4997120,610,149,0,131.9477,1.0777,1.5000,0.0000,0.1179,-0.0265,0.1223,-0.0082,0,0,0,0,4.4841,0.9528,-0.0766,5.5463,0.7097
offline_val_env0,4997120,610,150,0,133.0520,1.0717,1.5000,0.0000,0.1165,-0.0311,0.1366,-0.0087,0,0,0,0,4.4886,0.9512,-0.0680,5.5463,0.7097
offline_val_env0,4997120,610,151,0,134.2962,1.0659,1.5000,0.0000,0.1001,-0.0396,0.1584,-0.0093,0,0,0,0,4.4925,0.9493,-0.0581,5.5463,0.7097
offline_val_env0,4997120,610,152,0,135.6258,1.0609,1.5000,0.0000,0.0748,-0.0510,0.1764,-0.0096,0,0,0,0,4.4954,0.9471,-0.0470,5.5463,0.7097
offline_val_env0,4997120,610,153,0,136.9948,1.0562,1.5000,0.0000,0.0621,-0.0582,0.1855,-0.0097,0,0,0,0,4.4978,0.9447,-0.0353,5.5463,0.7097
offline_val_env0,4997120,610,154,0,138.3674,1.0520,1.5000,0.0000,0.0451,-0.0691,0.1932,-0.0097,0,0,0,0,4.4995,0.9418,-0.0232,5.5463,0.7097
offline_val_env0,4997120,610,155,0,139.7345,1.0479,1.5000,0.0000,0.0356,-0.0762,0.1969,-0.0096,0,0,0,0,4.5008,0.9388,-0.0108,5.5463,0.7097
offline_val_env0,4997120,610,156,0,141.0379,1.0441,1.5000,0.0000,0.0271,-0.0874,0.1964,-0.0093,0,0,0,0,4.5019,0.9352,0.0015,5.5463,0.7097
offline_val_env0,4997120,610,157,0,142.3505,1.0406,1.5000,0.0000,0.0166,-0.0888,0.1988,-0.0093,0,0,0,0,4.5025,0.9317,0.0140,5.5463,0.7097
offline_val_env0,4997120,610,158,0,143.6036,1.0373,1.5000,0.0000,0.0080,-0.0977,0.1976,-0.0090,0,0,0,0,4.5029,0.9278,0.0264,5.5463,0.7097
offline_val_env0,4997120,610,159,0,144.8183,1.0346,1.5000,0.0000,-0.0113,-0.1059,0.2000,-0.0088,0,0,0,0,4.5026,0.9235,0.0390,5.5463,0.7097
offline_val_env0,4997120,610,160,0,146.0268,1.0326,1.5000,0.0000,-0.0319,-0.1106,0.2043,-0.0086,0,0,0,0,4.5015,0.9191,0.0518,5.5463,0.7097
offline_val_env0,4997120,610,161,0,147.1812,1.0313,1.5000,0.0000,-0.0544,-0.1209,0.2069,-0.0083,0,0,0,0,4.4995,0.9141,0.0648,5.5463,0.7097
offline_val_env0,4997120,610,162,0,148.2269,1.0311,1.5000,0.0000,-0.0835,-0.1379,0.2085,-0.0077,0,0,0,0,4.4966,0.9084,0.0779,5.5463,0.7097
offline_val_env0,4997120,610,163,0,149.1711,1.0321,1.5000,0.0000,-0.1166,-0.1538,0.2110,-0.0071,0,0,0,0,4.4924,0.9019,0.0912,5.5463,0.7097
offline_val_env0,4997120,610,164,0,150.0512,1.0334,1.5000,0.0000,-0.1300,-0.1634,0.2111,-0.0068,0,0,0,0,4.4878,0.8949,0.1045,5.5463,0.7097
offline_val_env0,4997120,610,165,0,150.8508,1.0351,1.5000,0.0000,-0.1392,-0.1754,0.2102,-0.0064,0,0,0,0,4.4830,0.8874,0.1177,5.5463,0.7097
offline_val_env0,4997120,610,166,0,151.5553,1.0379,1.5000,0.0000,-0.1687,-0.1895,0.2121,-0.0058,0,0,0,0,4.4772,0.8791,0.1310,5.5463,0.7097
offline_val_env0,4997120,610,167,0,152.1901,1.0409,1.5000,0.0000,-0.1770,-0.1997,0.2111,-0.0055,0,0,0,0,4.4712,0.8702,0.1442,5.5463,0.7097
offline_val_env0,4997120,610,168,0,152.7783,1.0440,1.5000,0.0000,-0.1800,-0.2060,0.2096,-0.0052,0,0,0,0,4.4653,0.8610,0.1574,5.5463,0.7097
offline_val_env0,4997120,610,169,0,153.3519,1.0468,1.5000,0.0000,-0.1735,-0.2085,0.2078,-0.0052,0,0,0,0,4.4597,0.8517,0.1705,5.5463,0.7097
offline_val_env0,4997120,610,170,0,153.8987,1.0499,1.5000,0.0000,-0.1834,-0.2134,0.2088,-0.0051,0,0,0,0,4.4540,0.8420,0.1836,5.5463,0.7097
offline_val_env0,4997120,610,171,0,154.3989,1.0533,1.5000,0.0000,-0.1938,-0.2211,0.2092,-0.0048,0,0,0,0,4.4479,0.8319,0.1967,5.5463,0.7097
offline_val_env0,4997120,610,172,0,154.8577,1.0568,1.5000,0.0000,-0.1952,-0.2270,0.2076,-0.0046,0,0,0,0,4.4421,0.8215,0.2098,5.5463,0.7097
offline_val_env0,4997120,610,173,0,155.2917,1.0603,1.5000,0.0000,-0.1986,-0.2313,0.2073,-0.0045,0,0,0,0,4.4362,0.8108,0.2228,5.5463,0.7097
offline_val_env0,4997120,610,174,0,155.6867,1.0641,1.5000,0.0000,-0.2061,-0.2376,0.2072,-0.0043,0,0,0,0,4.4303,0.7997,0.2358,5.5463,0.7097
offline_val_env0,4997120,610,175,0,156.0529,1.0677,1.5000,0.0000,-0.1988,-0.2401,0.2036,-0.0042,0,0,0,0,4.4248,0.7885,0.2486,5.5463,0.7097
offline_val_env0,4997120,610,176,0,156.4076,1.0710,1.5000,0.0000,-0.1944,-0.2413,0.2017,-0.0042,0,0,0,0,4.4196,0.7772,0.2613,5.5463,0.7097
offline_val_env0,4997120,610,177,0,156.7464,1.0744,1.5000,0.0000,-0.1952,-0.2434,0.2007,-0.0041,0,0,0,0,4.4146,0.7658,0.2739,5.5463,0.7097
offline_val_env0,4997120,610,178,0,157.0849,1.0772,1.5000,0.0000,-0.1825,-0.2421,0.1973,-0.0042,0,0,0,0,4.4102,0.7545,0.2863,5.5463,0.7097
offline_val_env0,4997120,610,179,0,157.4058,1.0797,1.5000,0.0000,-0.1720,-0.2424,0.1932,-0.0041,0,0,0,0,4.4063,0.7433,0.2984,5.5463,0.7097
offline_val_env0,4997120,610,180,0,157.7106,1.0823,1.5000,0.0000,-0.1742,-0.2443,0.1925,-0.0040,0,0,0,0,4.4025,0.7319,0.3105,5.5463,0.7097
offline_val_env0,4997120,610,181,0,158.0053,1.0847,1.5000,0.0000,-0.1686,-0.2445,0.1901,-0.0040,0,0,0,0,4.3991,0.7205,0.3225,5.5463,0.7097
offline_val_env0,4997120,610,182,0,158.3112,1.0868,1.5000,0.0000,-0.1634,-0.2429,0.1891,-0.0041,0,0,0,0,4.3960,0.7092,0.3343,5.5463,0.7097
offline_val_env0,4997120,610,183,0,158.6135,1.0887,1.5000,0.0000,-0.1575,-0.2424,0.1871,-0.0041,0,0,0,0,4.3932,0.6980,0.3461,5.5463,0.7097
offline_val_env0,4997120,610,184,0,158.9204,1.0906,1.5000,0.0000,-0.1575,-0.2423,0.1872,-0.0041,0,0,0,0,4.3906,0.6868,0.3579,5.5463,0.7097
offline_val_env0,4997120,610,185,0,159.2218,1.0923,1.5000,0.0000,-0.1535,-0.2423,0.1855,-0.0041,0,0,0,0,4.3882,0.6755,0.3695,5.5463,0.7097
offline_val_env0,4997120,610,186,0,159.5281,1.0939,1.5000,0.0000,-0.1536,-0.2421,0.1856,-0.0042,0,0,0,0,4.3860,0.6643,0.3812,5.5463,0.7097
offline_val_env0,4997120,610,187,0,159.8410,1.0954,1.5000,0.0000,-0.1469,-0.2403,0.1839,-0.0042,0,0,0,0,4.3841,0.6532,0.3927,5.5463,0.7097
offline_val_env0,4997120,610,188,0,160.1525,1.0968,1.5000,0.0000,-0.1489,-0.2410,0.1842,-0.0042,0,0,0,0,4.3823,0.6420,0.4043,5.5463,0.7097
offline_val_env0,4997120,610,189,0,160.4682,1.0981,1.5000,0.0000,-0.1460,-0.2403,0.1835,-0.0042,0,0,0,0,4.3807,0.6309,0.4158,5.5463,0.7097
offline_val_env0,4997120,610,190,0,160.7758,1.0993,1.5000,0.0000,-0.1420,-0.2403,0.1816,-0.0042,0,0,0,0,4.3794,0.6198,0.4272,5.5463,0.7097
offline_val_env0,4997120,610,191,0,161.0802,1.1005,1.5000,0.0000,-0.1449,-0.2416,0.1822,-0.0042,0,0,0,0,4.3781,0.6086,0.4387,5.5463,0.7097
offline_val_env0,4997120,610,192,0,161.3716,1.1019,1.5000,0.0000,-0.1509,-0.2459,0.1839,-0.0041,0,0,0,0,4.3768,0.5971,0.4502,5.5463,0.7097
offline_val_env0,4997120,610,193,0,161.6512,1.1036,1.5000,0.0000,-0.1580,-0.2456,0.1835,-0.0040,0,0,0,0,4.3754,0.5855,0.4618,5.5463,0.7097
offline_val_env0,4997120,610,194,0,161.9393,1.1052,1.5000,0.0000,-0.1570,-0.2449,0.1835,-0.0041,0,0,0,0,4.3742,0.5739,0.4733,5.5463,0.7097
offline_val_env0,4997120,610,195,0,162.2213,1.1068,1.5000,0.0000,-0.1584,-0.2453,0.1831,-0.0041,0,0,0,0,4.3730,0.5623,0.4848,5.5463,0.7097
offline_val_env0,4997120,610,196,0,162.5007,1.1084,1.5000,0.0000,-0.1573,-0.2449,0.1820,-0.0041,0,0,0,0,4.3720,0.5507,0.4962,5.5463,0.7097
offline_val_env0,4997120,610,197,0,162.8228,1.1098,1.5000,0.0000,-0.1574,-0.2415,0.1845,-0.0043,0,0,0,0,4.3711,0.5392,0.5078,5.5463,0.7097
offline_val_env0,4997120,610,198,0,163.1453,1.1114,1.5000,0.0000,-0.1602,-0.2413,0.1847,-0.0042,0,0,0,0,4.3702,0.5277,0.5194,5.5463,0.7097
offline_val_env0,4997120,610,199,0,163.4809,1.1128,1.5000,0.0000,-0.1570,-0.2394,0.1842,-0.0043,0,0,0,0,4.3695,0.5162,0.5310,5.5463,0.7097
offline_val_env0,4997120,610,200,0,163.8128,1.1142,1.5000,0.0000,-0.1606,-0.2405,0.1847,-0.0043,0,0,0,0,4.3688,0.5047,0.5426,5.5463,0.7097
offline_val_env0,4997120,610,201,0,164.1238,1.1159,1.5000,0.0000,-0.1650,-0.2433,0.1845,-0.0042,0,0,0,0,4.3682,0.4930,0.5542,5.5463,0.7097
offline_val_env0,4997120,610,202,0,164.4259,1.1176,1.5000,0.0000,-0.1694,-0.2450,0.1849,-0.0041,0,0,0,0,4.3676,0.4811,0.5658,5.5463,0.7097
offline_val_env0,4997120,610,203,0,164.7559,1.1190,1.5000,0.0000,-0.1613,-0.2408,0.1838,-0.0043,0,0,0,0,4.3673,0.4695,0.5774,5.5463,0.7097
offline_val_env0,4997120,610,204,0,165.0693,1.1204,1.5000,0.0000,-0.1610,-0.2421,0.1824,-0.0042,0,0,0,0,4.3672,0.4578,0.5888,5.5463,0.7097
offline_val_env0,4997120,610,205,0,165.3725,1.1218,1.5000,0.0000,-0.1600,-0.2426,0.1811,-0.0042,0,0,0,0,4.3672,0.4462,0.6002,5.5463,0.7097
offline_val_env0,4997120,610,206,0,165.6705,1.1230,1.5000,0.0000,-0.1539,-0.2424,0.1791,-0.0042,0,0,0,0,4.3676,0.4347,0.6115,5.5463,0.7097
offline_val_env0,4997120,610,207,0,165.9606,1.1240,1.5000,0.0000,-0.1511,-0.2430,0.1777,-0.0042,0,0,0,0,4.3683,0.4233,0.6226,5.5463,0.7097
offline_val_env0,4997120,610,208,0,166.2486,1.1249,1.5000,0.0000,-0.1486,-0.2428,0.1767,-0.0042,0,0,0,0,4.3691,0.4119,0.6337,5.5463,0.7097
offline_val_env0,4997120,610,209,0,166.5426,1.1258,1.5000,0.0000,-0.1476,-0.2426,0.1768,-0.0042,0,0,0,0,4.3701,0.4006,0.6449,5.5463,0.7097
offline_val_env0,4997120,610,210,0,166.8185,1.1268,1.5000,0.0000,-0.1517,-0.2442,0.1763,-0.0041,0,0,0,0,4.3711,0.3892,0.6559,5.5463,0.7097
offline_val_env0,4997120,610,211,0,167.1216,1.1274,1.5000,0.0000,-0.1415,-0.2406,0.1751,-0.0043,0,0,0,0,4.3725,0.3781,0.6669,5.5463,0.7097
offline_val_env0,4997120,610,212,0,167.3536,1.1285,1.5000,0.0000,-0.1535,-0.2480,0.1736,-0.0039,0,0,0,0,4.3738,0.3665,0.6778,5.5463,0.7097
offline_val_env0,4997120,610,213,0,167.5981,1.1294,1.5000,0.0000,-0.1481,-0.2466,0.1729,-0.0040,0,0,0,0,4.3754,0.3551,0.6887,5.5463,0.7097
offline_val_env0,4997120,610,214,0,167.8042,1.1304,1.5000,0.0000,-0.1500,-0.2489,0.1703,-0.0038,0,0,0,0,4.3771,0.3436,0.6994,5.5463,0.7097
offline_val_env0,4997120,610,215,0,168.0200,1.1313,1.5000,0.0000,-0.1472,-0.2486,0.1704,-0.0039,0,0,0,0,4.3790,0.3322,0.7101,5.5463,0.7097
offline_val_env0,4997120,610,216,0,168.2241,1.1321,1.5000,0.0000,-0.1450,-0.2490,0.1688,-0.0038,0,0,0,0,4.3811,0.3209,0.7207,5.5463,0.7097
offline_val_env0,4997120,610,217,0,168.4364,1.1329,1.5000,0.0000,-0.1475,-0.2495,0.1701,-0.0038,0,0,0,0,4.3832,0.3095,0.7314,5.5463,0.7097
offline_val_env0,4997120,610,218,0,168.6319,1.1337,1.5000,0.0000,-0.1432,-0.2500,0.1676,-0.0038,0,0,0,0,4.3856,0.2982,0.7419,5.5463,0.7097
offline_val_env0,4997120,610,219,0,168.8227,1.1343,1.5000,0.0000,-0.1424,-0.2503,0.1670,-0.0038,0,0,0,0,4.3882,0.2870,0.7524,5.5463,0.7097
offline_val_env0,4997120,610,220,0,168.9957,1.1351,1.5000,0.0000,-0.1432,-0.2523,0.1661,-0.0037,0,0,0,0,4.3909,0.2757,0.7629,5.5463,0.7097
offline_val_env0,4997120,610,221,0,169.1497,1.1358,1.5000,0.0000,-0.1434,-0.2530,0.1644,-0.0036,0,0,0,0,4.3938,0.2644,0.7732,5.5463,0.7097
offline_val_env0,4997120,610,222,0,169.3074,1.1363,1.5000,0.0000,-0.1344,-0.2509,0.1618,-0.0036,0,0,0,0,4.3969,0.2535,0.7834,5.5463,0.7097
offline_val_env0,4997120,610,223,0,169.4613,1.1366,1.5000,0.0000,-0.1304,-0.2524,0.1613,-0.0036,0,0,0,0,4.4004,0.2426,0.7935,5.5463,0.7097
offline_val_env0,4997120,610,224,0,169.6098,1.1368,1.5000,0.0000,-0.1243,-0.2512,0.1588,-0.0036,0,0,0,0,4.4040,0.2321,0.8035,5.5463,0.7097
offline_val_env0,4997120,610,225,0,169.7558,1.1366,1.5000,0.0000,-0.1159,-0.2491,0.1558,-0.0037,0,0,0,0,4.4080,0.2218,0.8133,5.5463,0.7097
offline_val_env0,4997120,610,226,0,169.9035,1.1366,1.5000,0.0000,-0.1199,-0.2503,0.1574,-0.0037,0,0,0,0,4.4120,0.2114,0.8232,5.5463,0.7097
offline_val_env0,4997120,610,227,0,170.0527,1.1365,1.5000,0.0000,-0.1188,-0.2504,0.1572,-0.0037,0,0,0,0,4.4161,0.2011,0.8330,5.5463,0.7097
offline_val_env0,4997120,610,228,0,170.1670,1.1368,1.5000,0.0000,-0.1263,-0.2545,0.1571,-0.0035,0,0,0,0,4.4202,0.1906,0.8429,5.5463,0.7097
offline_val_env0,4997120,610,229,0,170.2769,1.1368,1.5000,0.0000,-0.1209,-0.2529,0.1548,-0.0035,0,0,0,0,4.4246,0.1802,0.8526,5.5463,0.7097
offline_val_env0,4997120,610,230,0,170.4036,1.1369,1.5000,0.0000,-0.1238,-0.2528,0.1570,-0.0036,0,0,0,0,4.4289,0.1698,0.8625,5.5463,0.7097
offline_val_env0,4997120,610,231,0,170.5383,1.1369,1.5000,0.0000,-0.1222,-0.2525,0.1572,-0.0036,0,0,0,0,4.4334,0.1596,0.8724,5.5463,0.7097
offline_val_env0,4997120,610,232,0,170.6622,1.1366,1.5000,0.0000,-0.1085,-0.2508,0.1525,-0.0036,0,0,0,0,4.4383,0.1498,0.8820,5.5463,0.7097
offline_val_env0,4997120,610,233,0,170.7790,1.1364,1.5000,0.0000,-0.1146,-0.2523,0.1537,-0.0035,0,0,0,0,4.4432,0.1398,0.8916,5.5463,0.7097
offline_val_env0,4997120,610,234,0,170.8645,1.1363,1.5000,0.0000,-0.1189,-0.2559,0.1532,-0.0034,0,0,0,0,4.4481,0.1297,0.9012,5.5463,0.7097
offline_val_env0,4997120,610,235,0,170.9655,1.1361,1.5000,0.0000,-0.1114,-0.2526,0.1516,-0.0035,0,0,0,0,4.4533,0.1199,0.9108,5.5463,0.7097
offline_val_env0,4997120,610,236,0,171.0778,1.1357,1.5000,0.0000,-0.1092,-0.2518,0.1519,-0.0035,0,0,0,0,4.4586,0.1103,0.9203,5.5463,0.7097
offline_val_env0,4997120,610,237,0,171.1741,1.1354,1.5000,0.0000,-0.1110,-0.2537,0.1516,-0.0035,0,0,0,0,4.4640,0.1006,0.9298,5.5463,0.7097
offline_val_env0,4997120,610,238,0,171.2614,1.1351,1.5000,0.0000,-0.1100,-0.2528,0.1500,-0.0034,0,0,0,0,4.4694,0.0910,0.9393,5.5463,0.7097
offline_val_env0,4997120,610,239,0,171.3663,1.1347,1.5000,0.0000,-0.1099,-0.2522,0.1515,-0.0035,0,0,0,0,4.4750,0.0815,0.9488,5.5463,0.7097
offline_val_env0,4997120,610,240,0,171.4614,1.1345,1.5000,0.0000,-0.1127,-0.2535,0.1517,-0.0035,0,0,0,0,4.4806,0.0720,0.9583,5.5463,0.7097
offline_val_env0,4997120,610,241,0,171.5435,1.1342,1.5000,0.0000,-0.1109,-0.2538,0.1502,-0.0034,0,0,0,0,4.4864,0.0625,0.9677,5.5463,0.7097
offline_val_env0,4997120,610,242,0,171.6401,1.1336,1.5000,0.0000,-0.1031,-0.2518,0.1491,-0.0035,0,0,0,0,4.4923,0.0534,0.9771,5.5463,0.7097
offline_val_env0,4997120,610,243,0,171.6966,1.1334,1.5000,0.0000,-0.1109,-0.2552,0.1483,-0.0033,0,0,0,0,4.4983,0.0440,0.9864,5.5463,0.7097
offline_val_env0,4997120,610,244,0,171.7777,1.1330,1.5000,0.0000,-0.1077,-0.2529,0.1490,-0.0034,0,0,0,0,4.5044,0.0348,0.9958,5.5463,0.7097
offline_val_env0,4997120,610,245,0,171.8471,1.1327,1.5000,0.0000,-0.1093,-0.2539,0.1487,-0.0033,0,0,0,0,4.5105,0.0256,1.0051,5.5463,0.7097
offline_val_env0,4997120,610,246,0,171.9212,1.1324,1.5000,0.0000,-0.1117,-0.2542,0.1498,-0.0034,0,0,0,0,4.5167,0.0164,1.0145,5.5463,0.7097
offline_val_env0,4997120,610,247,0,171.9976,1.1322,1.5000,0.0000,-0.1129,-0.2547,0.1505,-0.0034,0,0,0,0,4.5230,0.0072,1.0240,5.5463,0.7097
offline_val_env0,4997120,610,248,0,172.0817,1.1318,1.5000,0.0000,-0.1104,-0.2545,0.1506,-0.0034,0,0,0,0,4.5294,-0.0019,1.0335,5.5463,0.7097
offline_val_env0,4997120,610,249,0,172.1668,1.1314,1.5000,0.0000,-0.1075,-0.2527,0.1493,-0.0034,0,0,0,0,4.5358,-0.0107,1.0428,5.5463,0.7097
offline_val_env0,4997120,610,250,0,172.2332,1.1312,1.5000,0.0000,-0.1142,-0.2549,0.1498,-0.0033,0,0,0,0,4.5424,-0.0198,1.0523,5.5463,0.7097
offline_val_env0,4997120,610,251,0,172.3055,1.1311,1.5000,0.0000,-0.1172,-0.2547,0.1510,-0.0033,0,0,0,0,4.5489,-0.0289,1.0617,5.5463,0.7097
offline_val_env0,4997120,610,252,0,172.3841,1.1309,1.5000,0.0000,-0.1154,-0.2539,0.1508,-0.0034,0,0,0,0,4.5555,-0.0379,1.0712,5.5463,0.7097
offline_val_env0,4997120,610,253,0,172.4496,1.1309,1.5000,0.0000,-0.1196,-0.2561,0.1514,-0.0033,0,0,0,0,4.5622,-0.0470,1.0807,5.5463,0.7097
offline_val_env0,4997120,610,254,0,172.4982,1.1311,1.5000,0.0000,-0.1273,-0.2589,0.1526,-0.0032,0,0,0,0,4.5689,-0.0564,1.0903,5.5463,0.7097
offline_val_env0,4997120,610,255,0,172.5499,1.1309,1.5000,0.0000,-0.1160,-0.2570,0.1496,-0.0032,0,0,0,0,4.5759,-0.0652,1.0997,5.5463,0.7097
offline_val_env0,4997120,610,256,0,172.6279,1.1305,1.5000,0.0000,-0.1080,-0.2526,0.1485,-0.0034,0,0,0,0,4.5829,-0.0737,1.1091,5.5463,0.7097
offline_val_env0,4997120,610,257,0,172.6963,1.1300,1.5000,0.0000,-0.1049,-0.2525,0.1469,-0.0034,0,0,0,0,4.5901,-0.0819,1.1183,5.5463,0.7097
offline_val_env0,4997120,610,258,0,172.7513,1.1299,1.5000,0.0000,-0.1152,-0.2558,0.1493,-0.0033,0,0,0,0,4.5973,-0.0906,1.1277,5.5463,0.7097
offline_val_env0,4997120,610,259,0,172.7882,1.1297,1.5000,0.0000,-0.1150,-0.2574,0.1482,-0.0032,0,0,0,0,4.6046,-0.0991,1.1370,5.5463,0.7097
offline_val_env0,4997120,610,260,0,172.8336,1.1294,1.5000,0.0000,-0.1114,-0.2562,0.1478,-0.0032,0,0,0,0,4.6121,-0.1075,1.1463,5.5463,0.7097
offline_val_env0,4997120,610,261,0,172.8895,1.1291,1.5000,0.0000,-0.1099,-0.2548,0.1478,-0.0033,0,0,0,0,4.6195,-0.1157,1.1556,5.5463,0.7097
offline_val_env0,4997120,610,262,0,172.9452,1.1286,1.5000,0.0000,-0.1042,-0.2533,0.1460,-0.0033,0,0,0,0,4.6271,-0.1236,1.1647,5.5463,0.7097
offline_val_env0,4997120,610,263,0,172.9898,1.1281,1.5000,0.0000,-0.1041,-0.2546,0.1455,-0.0033,0,0,0,0,4.6348,-0.1314,1.1739,5.5463,0.7097
offline_val_env0,4997120,610,264,0,173.0502,1.1276,1.5000,0.0000,-0.1058,-0.2537,0.1470,-0.0033,0,0,0,0,4.6426,-0.1393,1.1831,5.5463,0.7097
offline_val_env0,4997120,610,265,0,173.1342,1.1268,1.5000,0.0000,-0.0975,-0.2501,0.1459,-0.0035,0,0,0,0,4.6504,-0.1466,1.1923,5.5463,0.7097
offline_val_env0,4997120,610,266,0,173.2176,1.1260,1.5000,0.0000,-0.0965,-0.2500,0.1457,-0.0035,0,0,0,0,4.6582,-0.1539,1.2014,5.5463,0.7097
offline_val_env0,4997120,610,267,0,173.3348,1.1248,1.5000,0.0000,-0.0850,-0.2451,0.1443,-0.0037,0,0,0,0,4.6661,-0.1606,1.2105,5.5463,0.7097
offline_val_env0,4997120,610,268,0,173.4411,1.1235,1.5000,0.0000,-0.0832,-0.2452,0.1430,-0.0036,0,0,0,0,4.6741,-0.1672,1.2195,5.5463,0.7097
offline_val_env0,4997120,610,269,0,173.5088,1.1227,1.5000,0.0000,-0.0957,-0.2506,0.1445,-0.0034,0,0,0,0,4.6822,-0.1743,1.2286,5.5463,0.7097
offline_val_env0,4997120,610,270,0,173.5826,1.1217,1.5000,0.0000,-0.0904,-0.2493,0.1434,-0.0035,0,0,0,0,4.6904,-0.1810,1.2376,5.5463,0.7097
offline_val_env0,4997120,610,271,0,173.6355,1.1206,1.5000,0.0000,-0.0870,-0.2498,0.1410,-0.0034,0,0,0,0,4.6987,-0.1876,1.2464,5.5463,0.7097
offline_val_env0,4997120,610,272,0,173.7164,1.1194,1.5000,0.0000,-0.0855,-0.2474,0.1424,-0.0035,0,0,0,0,4.7070,-0.1940,1.2554,5.5463,0.7097
offline_val_env0,4997120,610,273,0,173.7659,1.1184,1.5000,0.0000,-0.0883,-0.2503,0.1414,-0.0033,0,0,0,0,4.7154,-0.2004,1.2643,5.5463,0.7097
offline_val_env0,4997120,610,274,0,173.8319,1.1171,1.5000,0.0000,-0.0790,-0.2472,0.1396,-0.0035,0,0,0,0,4.7239,-0.2064,1.2730,5.5463,0.7097
offline_val_env0,4997120,610,275,0,173.8589,1.1161,1.5000,0.0000,-0.0870,-0.2513,0.1396,-0.0032,0,0,0,0,4.7325,-0.2127,1.2818,5.5463,0.7097
offline_val_env0,4997120,610,276,0,173.8760,1.1152,1.5000,0.0000,-0.0927,-0.2530,0.1408,-0.0032,0,0,0,0,4.7411,-0.2191,1.2906,5.5463,0.7097
offline_val_env0,4997120,610,277,0,173.8631,1.1145,1.5000,0.0000,-0.0923,-0.2549,0.1387,-0.0030,0,0,0,0,4.7499,-0.2255,1.2994,5.5463,0.7097
offline_val_env0,4997120,610,278,0,173.8868,1.1133,1.5000,0.0000,-0.0822,-0.2503,0.1381,-0.0032,0,0,0,0,4.7587,-0.2313,1.3080,5.5463,0.7097
offline_val_env0,4997120,610,279,0,173.8763,1.1125,1.5000,0.0000,-0.0892,-0.2540,0.1381,-0.0031,0,0,0,0,4.7676,-0.2374,1.3167,5.5463,0.7097
offline_val_env0,4997120,610,280,0,173.9278,1.1110,1.5000,0.0000,-0.0741,-0.2467,0.1376,-0.0034,0,0,0,0,4.7764,-0.2428,1.3254,5.5463,0.7097
offline_val_env0,4997120,610,281,0,173.9646,1.1097,1.5000,0.0000,-0.0763,-0.2480,0.1374,-0.0033,0,0,0,0,4.7852,-0.2482,1.3340,5.5463,0.7097
offline_val_env0,4997120,610,282,0,173.9467,1.1087,1.5000,0.0000,-0.0869,-0.2536,0.1371,-0.0030,0,0,0,0,4.7943,-0.2539,1.3426,5.5463,0.7097
offline_val_env0,4997120,610,283,0,173.9409,1.1077,1.5000,0.0000,-0.0848,-0.2522,0.1373,-0.0031,0,0,0,0,4.8034,-0.2595,1.3512,5.5463,0.7097
offline_val_env0,4997120,610,284,0,173.9461,1.1066,1.5000,0.0000,-0.0815,-0.2509,0.1372,-0.0032,0,0,0,0,4.8124,-0.2649,1.3598,5.5463,0.7097
offline_val_env0,4997120,610,285,0,173.9510,1.1053,1.5000,0.0000,-0.0769,-0.2499,0.1358,-0.0032,0,0,0,0,4.8216,-0.2700,1.3684,5.5463,0.7097
offline_val_env0,4997120,610,286,0,173.9561,1.1042,1.5000,0.0000,-0.0795,-0.2503,0.1367,-0.0032,0,0,0,0,4.8307,-0.2751,1.3770,5.5463,0.7097
offline_val_env0,4997120,610,287,0,173.9232,1.1032,1.5000,0.0000,-0.0843,-0.2534,0.1357,-0.0030,0,0,0,0,4.8400,-0.2804,1.3855,5.5463,0.7097
offline_val_env0,4997120,610,288,0,173.9316,1.1017,1.5000,0.0000,-0.0700,-0.2482,0.1342,-0.0032,0,0,0,0,4.8493,-0.2849,1.3939,5.5463,0.7097
offline_val_env0,4997120,610,289,0,173.8879,1.1007,1.5000,0.0000,-0.0815,-0.2536,0.1344,-0.0029,0,0,0,0,4.8587,-0.2899,1.4024,5.5463,0.7097
offline_val_env0,4997120,610,290,0,173.7825,1.1002,1.5000,0.0000,-0.0945,-0.2598,0.1343,-0.0026,0,0,0,0,4.8683,-0.2954,1.4108,5.5463,0.7097
offline_val_env0,4997120,610,291,0,173.7276,1.0995,1.5000,0.0000,-0.0876,-0.2549,0.1355,-0.0029,0,0,0,0,4.8778,-0.3005,1.4193,5.5463,0.7097
offline_val_env0,4997120,610,292,0,173.6403,1.0990,1.5000,0.0000,-0.0955,-0.2584,0.1359,-0.0027,0,0,0,0,4.8874,-0.3058,1.4279,5.5463,0.7097
offline_val_env0,4997120,610,293,0,173.5588,1.0986,1.5000,0.0000,-0.0996,-0.2585,0.1374,-0.0027,0,0,0,0,4.8971,-0.3112,1.4365,5.5463,0.7097
offline_val_env0,4997120,610,294,0,173.5399,1.0977,1.5000,0.0000,-0.0832,-0.2517,0.1369,-0.0030,0,0,0,0,4.9066,-0.3159,1.4451,5.5463,0.7097
offline_val_env0,4997120,610,295,0,173.4843,1.0970,1.5000,0.0000,-0.0898,-0.2553,0.1365,-0.0028,0,0,0,0,4.9163,-0.3207,1.4537,5.5463,0.7097
offline_val_env0,4997120,610,296,0,173.3688,1.0969,1.5000,0.0000,-0.1065,-0.2621,0.1377,-0.0025,0,0,0,0,4.9262,-0.3262,1.4623,5.5463,0.7097
offline_val_env0,4997120,610,297,0,173.2808,1.0967,1.5000,0.0000,-0.1038,-0.2595,0.1386,-0.0026,0,0,0,0,4.9361,-0.3314,1.4710,5.5463,0.7097
offline_val_env0,4997120,610,298,0,173.1671,1.0965,1.5000,0.0000,-0.1017,-0.2611,0.1364,-0.0025,0,0,0,0,4.9461,-0.3365,1.4796,5.5463,0.7097
offline_val_env0,4997120,610,299,0,173.1402,1.0956,1.5000,0.0000,-0.0860,-0.2528,0.1377,-0.0030,0,0,0,0,4.9559,-0.3409,1.4883,5.5463,0.7097
offline_val_env0,4997120,610,300,0,173.0662,1.0952,1.5000,0.0000,-0.0962,-0.2569,0.1374,-0.0027,0,0,0,0,4.9658,-0.3455,1.4969,5.5463,0.7097
offline_val_env0,4997120,610,301,0,172.9984,1.0950,1.5000,0.0000,-0.1034,-0.2577,0.1400,-0.0027,0,0,0,0,4.9758,-0.3504,1.5057,5.5463,0.7097
offline_val_env0,4997120,610,302,0,172.9320,1.0944,1.5000,0.0000,-0.0915,-0.2561,0.1369,-0.0028,0,0,0,0,4.9857,-0.3548,1.5143,5.5463,0.7097
offline_val_env0,4997120,610,303,0,172.8691,1.0941,1.5000,0.0000,-0.1010,-0.2574,0.1400,-0.0028,0,0,0,0,4.9958,-0.3594,1.5231,5.5463,0.7097
offline_val_env0,4997120,610,304,0,172.7397,1.0940,1.5000,0.0000,-0.1028,-0.2610,0.1356,-0.0024,0,0,0,0,5.0060,-0.3640,1.5316,5.5463,0.7097
offline_val_env0,4997120,610,305,0,172.6852,1.0934,1.5000,0.0000,-0.0900,-0.2543,0.1371,-0.0028,0,0,0,0,5.0161,-0.3680,1.5402,5.5463,0.7097
offline_val_env0,4997120,610,306,0,172.6212,1.0930,1.5000,0.0000,-0.0998,-0.2563,0.1393,-0.0028,0,0,0,0,5.0262,-0.3723,1.5490,5.5463,0.7097
offline_val_env0,4997120,610,307,0,172.5706,1.0927,1.5000,0.0000,-0.0988,-0.2545,0.1396,-0.0028,0,0,0,0,5.0363,-0.3764,1.5577,5.5463,0.7097
offline_val_env0,4997120,610,308,0,172.5673,1.0917,1.5000,0.0000,-0.0810,-0.2490,0.1379,-0.0031,0,0,0,0,5.0462,-0.3798,1.5664,5.5463,0.7097
offline_val_env0,4997120,610,309,0,172.5616,1.0908,1.5000,0.0000,-0.0835,-0.2488,0.1382,-0.0031,0,0,0,0,5.0561,-0.3832,1.5751,5.5463,0.7097
offline_val_env0,4997120,610,310,0,172.5166,1.0906,1.5000,0.0000,-0.1036,-0.2539,0.1413,-0.0028,0,0,0,0,5.0663,-0.3873,1.5840,5.5463,0.7097
offline_val_env0,4997120,610,311,0,172.4048,1.0909,1.5000,0.0000,-0.1166,-0.2598,0.1403,-0.0025,0,0,0,0,5.0768,-0.3918,1.5928,5.5463,0.7097
offline_val_env0,4997120,610,312,0,172.2978,1.0913,1.5000,0.0000,-0.1189,-0.2598,0.1413,-0.0025,0,0,0,0,5.0873,-0.3964,1.6017,5.5463,0.7097
offline_val_env0,4997120,610,313,0,172.2530,1.0910,1.5000,0.0000,-0.0971,-0.2524,0.1391,-0.0028,0,0,0,0,5.0975,-0.3999,1.6104,5.5463,0.7097
offline_val_env0,4997120,610,314,0,172.2048,1.0908,1.5000,0.0000,-0.1036,-0.2540,0.1411,-0.0028,0,0,0,0,5.1078,-0.4037,1.6193,5.5463,0.7097
offline_val_env0,4997120,610,315,0,172.0907,1.0912,1.5000,0.0000,-0.1194,-0.2604,0.1411,-0.0024,0,0,0,0,5.1184,-0.4079,1.6281,5.5463,0.7097
offline_val_env0,4997120,610,316,0,172.0458,1.0912,1.5000,0.0000,-0.1080,-0.2541,0.1424,-0.0028,0,0,0,0,5.1288,-0.4117,1.6371,5.5463,0.7097
offline_val_env0,4997120,610,317,0,172.0453,1.0908,1.5000,0.0000,-0.0967,-0.2485,0.1417,-0.0031,0,0,0,0,5.1390,-0.4149,1.6460,5.5463,0.7097
offline_val_env0,4997120,610,318,0,171.9055,1.0913,1.5000,0.0000,-0.1183,-0.2614,0.1388,-0.0023,0,0,0,0,5.1498,-0.4188,1.6547,5.5463,0.7097
offline_val_env0,4997120,610,319,0,171.7073,1.0919,1.5000,0.0000,-0.1196,-0.2650,0.1350,-0.0020,0,0,0,0,5.1607,-0.4227,1.6632,5.5463,0.7097
offline_val_env0,4997120,610,320,0,171.5727,1.0919,1.5000,0.0000,-0.1012,-0.2576,0.1338,-0.0024,0,0,0,0,5.1714,-0.4258,1.6716,5.5463,0.7097
offline_val_env0,4997120,610,321,0,171.4881,1.0921,1.5000,0.0000,-0.1122,-0.2570,0.1409,-0.0026,0,0,0,0,5.1820,-0.4292,1.6805,5.5463,0.7097
offline_val_env0,4997120,610,322,0,171.4159,1.0923,1.5000,0.0000,-0.1121,-0.2569,0.1421,-0.0027,0,0,0,0,5.1927,-0.4325,1.6894,5.5463,0.7097
offline_val_env0,4997120,610,323,0,171.3058,1.0922,1.5000,0.0000,-0.1006,-0.2575,0.1361,-0.0025,0,0,0,0,5.2034,-0.4353,1.6979,5.5463,0.7097
offline_val_env0,4997120,610,324,0,171.1947,1.0921,1.5000,0.0000,-0.0968,-0.2562,0.1346,-0.0025,0,0,0,0,5.2141,-0.4378,1.7064,5.5463,0.7097
offline_val_env0,4997120,610,325,0,171.0269,1.0921,1.5000,0.0000,-0.0989,-0.2597,0.1312,-0.0022,0,0,0,0,5.2249,-0.4403,1.7146,5.5463,0.7097
offline_val_env0,4997120,610,326,0,170.9074,1.0925,1.5000,0.0000,-0.1139,-0.2599,0.1394,-0.0024,0,0,0,0,5.2359,-0.4434,1.7234,5.5463,0.7097
offline_val_env0,4997120,610,327,0,170.7634,1.0930,1.5000,0.0000,-0.1192,-0.2627,0.1394,-0.0023,0,0,0,0,5.2470,-0.4465,1.7322,5.5463,0.7097
offline_val_env0,4997120,610,328,0,170.6539,1.0928,1.5000,0.0000,-0.0923,-0.2545,0.1331,-0.0025,0,0,0,0,5.2576,-0.4485,1.7405,5.5463,0.7097
offline_val_env0,4997120,610,329,0,170.5434,1.0924,1.5000,0.0000,-0.0898,-0.2544,0.1325,-0.0026,0,0,0,0,5.2683,-0.4503,1.7488,5.5463,0.7097
offline_val_env0,4997120,610,330,0,170.3688,1.0922,1.5000,0.0000,-0.0908,-0.2591,0.1287,-0.0022,0,0,0,0,5.2791,-0.4521,1.7569,5.5463,0.7097
offline_val_env0,4997120,610,331,0,170.1442,1.0923,1.5000,0.0000,-0.0969,-0.2632,0.1271,-0.0020,0,0,0,0,5.2902,-0.4539,1.7649,5.5463,0.7097
offline_val_env0,4997120,610,332,0,170.0324,1.0922,1.5000,0.0000,-0.0977,-0.2563,0.1352,-0.0025,0,0,0,0,5.3010,-0.4558,1.7734,5.5463,0.7097
offline_val_env0,4997120,610,333,0,169.9828,1.0919,1.5000,0.0000,-0.0948,-0.2512,0.1384,-0.0028,0,0,0,0,5.3116,-0.4575,1.7821,5.5463,0.7097
offline_val_env0,4997120,610,334,0,169.8469,1.0914,1.5000,0.0000,-0.0798,-0.2533,0.1277,-0.0025,0,0,0,0,5.3222,-0.4585,1.7901,5.5463,0.7097
offline_val_env0,4997120,610,335,0,169.7482,1.0909,1.5000,0.0000,-0.0851,-0.2520,0.1320,-0.0026,0,0,0,0,5.3327,-0.4596,1.7984,5.5463,0.7097
offline_val_env0,4997120,610,336,0,169.7034,1.0901,1.5000,0.0000,-0.0796,-0.2476,0.1343,-0.0029,0,0,0,0,5.3431,-0.4604,1.8069,5.5463,0.7097
offline_val_env0,4997120,610,337,0,169.6790,1.0895,1.5000,0.0000,-0.0841,-0.2474,0.1372,-0.0030,0,0,0,0,5.3535,-0.4614,1.8155,5.5463,0.7097
offline_val_env0,4997120,610,338,0,169.6072,1.0885,1.5000,0.0000,-0.0696,-0.2474,0.1296,-0.0028,0,0,0,0,5.3638,-0.4617,1.8236,5.5463,0.7097
offline_val_env0,4997120,610,339,0,169.5074,1.0881,1.5000,0.0000,-0.0879,-0.2523,0.1332,-0.0026,0,0,0,0,5.3744,-0.4626,1.8320,5.5463,0.7097
offline_val_env0,4997120,610,340,0,169.3890,1.0875,1.5000,0.0000,-0.0799,-0.2522,0.1297,-0.0025,0,0,0,0,5.3850,-0.4631,1.8402,5.5463,0.7097
offline_val_env0,4997120,610,341,0,169.3512,1.0872,1.5000,0.0000,-0.0932,-0.2497,0.1394,-0.0029,0,0,0,0,5.3956,-0.4640,1.8489,5.5463,0.7097
offline_val_env0,4997120,610,342,0,169.2870,1.0866,1.5000,0.0000,-0.0834,-0.2487,0.1343,-0.0028,0,0,0,0,5.4061,-0.4645,1.8573,5.5463,0.7097
offline_val_env0,4997120,610,343,0,169.1647,1.0867,1.5000,0.0000,-0.0980,-0.2552,0.1348,-0.0025,0,0,0,0,5.4170,-0.4654,1.8658,5.5463,0.7097
offline_val_env0,4997120,610,344,0,169.1022,1.0864,1.5000,0.0000,-0.0926,-0.2503,0.1373,-0.0028,0,0,0,0,5.4277,-0.4660,1.8744,5.5463,0.7097
offline_val_env0,4997120,610,345,0,169.1003,1.0861,1.5000,0.0000,-0.0950,-0.2459,0.1418,-0.0030,0,0,0,0,5.4382,-0.4667,1.8834,5.5463,0.7097
offline_val_env0,4997120,610,346,0,169.0827,1.0857,1.5000,0.0000,-0.0904,-0.2462,0.1394,-0.0030,0,0,0,0,5.4487,-0.4671,1.8921,5.5463,0.7097
offline_val_env0,4997120,610,347,0,169.0508,1.0860,1.5000,0.0000,-0.1125,-0.2519,0.1455,-0.0028,0,0,0,0,5.4597,-0.4682,1.9013,5.5463,0.7097
offline_val_env0,4997120,610,348,0,168.9958,1.0860,1.5000,0.0000,-0.1022,-0.2513,0.1407,-0.0028,0,0,0,0,5.4705,-0.4688,1.9101,5.5463,0.7097
offline_val_env0,4997120,610,349,0,169.0121,1.0858,1.5000,0.0000,-0.0993,-0.2460,0.1447,-0.0031,0,0,0,0,5.4811,-0.4693,1.9192,5.5463,0.7097
offline_val_env0,4997120,610,350,0,168.9911,1.0859,1.5000,0.0000,-0.1045,-0.2499,0.1439,-0.0029,0,0,0,0,5.4919,-0.4698,1.9282,5.5463,0.7097
offline_val_env0,4997120,610,351,0,169.0108,1.0855,1.5000,0.0000,-0.0934,-0.2445,0.1430,-0.0031,0,0,0,0,5.5024,-0.4698,1.9372,5.5463,0.7097
offline_val_env0,4997120,610,352,0,169.0142,1.0858,1.5000,0.0000,-0.1163,-0.2503,0.1491,-0.0030,0,0,0,0,5.5134,-0.4706,1.9466,5.5463,0.7097
offline_val_env0,4997120,610,353,0,169.0547,1.0862,1.5000,0.0000,-0.1177,-0.2483,0.1521,-0.0031,0,0,0,0,5.5244,-0.4713,1.9561,5.5463,0.7097
offline_val_env0,4997120,610,354,0,169.0517,1.0863,1.5000,0.0000,-0.1102,-0.2494,0.1466,-0.0030,0,0,0,0,5.5353,-0.4717,1.9653,5.5463,0.7097
offline_val_env0,4997120,610,355,0,169.0532,1.0869,1.5000,0.0000,-0.1240,-0.2521,0.1513,-0.0029,0,0,0,0,5.5465,-0.4724,1.9749,5.5463,0.7097
offline_val_env0,4997120,610,356,0,169.0922,1.0874,1.5000,0.0000,-0.1222,-0.2512,0.1541,-0.0031,0,0,0,0,5.5576,-0.4729,1.9845,5.5463,0.7097
offline_val_env0,4997120,610,357,0,169.0778,1.0880,1.5000,0.0000,-0.1257,-0.2559,0.1517,-0.0029,0,0,0,0,5.5690,-0.4734,1.9941,5.5463,0.7097
offline_val_env0,4997120,610,358,0,169.0940,1.0880,1.5000,0.0000,-0.1082,-0.2496,0.1480,-0.0031,0,0,0,0,5.5799,-0.4733,2.0034,5.5463,0.7097
offline_val_env0,4997120,610,359,0,169.1348,1.0885,1.5000,0.0000,-0.1239,-0.2515,0.1546,-0.0031,0,0,0,0,5.5911,-0.4735,2.0131,5.5463,0.7097
offline_val_env0,4997120,610,360,0,169.1440,1.0894,1.5000,0.0000,-0.1338,-0.2560,0.1556,-0.0029,0,0,0,0,5.6027,-0.4740,2.0229,5.5463,0.7097
offline_val_env0,4997120,610,361,0,169.1681,1.0902,1.5000,0.0000,-0.1341,-0.2546,0.1564,-0.0030,0,0,0,0,5.6142,-0.4744,2.0327,5.5463,0.7097
offline_val_env0,4997120,610,362,0,169.1870,1.0910,1.5000,0.0000,-0.1323,-0.2553,0.1557,-0.0030,0,0,0,0,5.6257,-0.4746,2.0425,5.5463,0.7097
offline_val_env0,4997120,610,363,0,169.2872,1.0916,1.5000,0.0000,-0.1315,-0.2494,0.1607,-0.0034,0,0,0,0,5.6370,-0.4747,2.0526,5.5463,0.7097
offline_val_env0,4997120,610,364,0,169.3611,1.0921,1.5000,0.0000,-0.1281,-0.2508,0.1580,-0.0033,0,0,0,0,5.6482,-0.4746,2.0625,5.5463,0.7097
offline_val_env0,4997120,610,365,0,169.4472,1.0928,1.5000,0.0000,-0.1352,-0.2516,0.1609,-0.0033,0,0,0,0,5.6596,-0.4746,2.0726,5.5463,0.7097
offline_val_env0,4997120,610,366,0,169.4649,1.0936,1.5000,0.0000,-0.1336,-0.2562,0.1559,-0.0030,0,0,0,0,5.6712,-0.4744,2.0824,5.5463,0.7097
offline_val_env0,4997120,610,367,0,169.4812,1.0946,1.5000,0.0000,-0.1408,-0.2576,0.1578,-0.0029,0,0,0,0,5.6829,-0.4742,2.0923,5.5463,0.7097
offline_val_env0,4997120,610,368,0,169.5639,1.0951,1.5000,0.0000,-0.1308,-0.2511,0.1590,-0.0033,0,0,0,0,5.6943,-0.4738,2.1023,5.5463,0.7097
offline_val_env0,4997120,610,369,0,169.6381,1.0958,1.5000,0.0000,-0.1344,-0.2530,0.1597,-0.0032,0,0,0,0,5.7057,-0.4733,2.1123,5.5463,0.7097
offline_val_env0,4997120,610,370,0,169.6877,1.0966,1.5000,0.0000,-0.1366,-0.2555,0.1588,-0.0031,0,0,0,0,5.7173,-0.4727,2.1223,5.5463,0.7097
offline_val_env0,4997120,610,371,0,169.7644,1.0971,1.5000,0.0000,-0.1290,-0.2517,0.1580,-0.0033,0,0,0,0,5.7286,-0.4718,2.1322,5.5463,0.7097
offline_val_env0,4997120,610,372,0,169.8661,1.0978,1.5000,0.0000,-0.1354,-0.2510,0.1614,-0.0034,0,0,0,0,5.7399,-0.4710,2.1424,5.5463,0.7097
offline_val_env0,4997120,610,373,0,169.9805,1.0981,1.5000,0.0000,-0.1271,-0.2489,0.1598,-0.0035,1,0,0,1,5.7511,-0.4699,2.1524,5.5463,0.7097
offline_val_env0,5816320,710,0,0,79.0962,5.0155,1.5000,0.0000,0.1983,-0.1349,0.9005,0.9970,0,0,0,0,0.0079,-0.0054,0.0566,4.9455,1.5126
offline_val_env0,5816320,710,1,0,86.6984,5.0675,1.5000,0.0000,0.2304,-0.1025,0.8842,0.0244,0,0,0,0,0.0174,-0.0090,0.1121,4.9455,1.5126
offline_val_env0,5816320,710,2,0,93.9397,5.1016,1.5000,0.0000,0.2605,-0.0856,0.8575,0.0251,0,0,0,0,0.0281,-0.0112,0.1660,4.9455,1.5126
offline_val_env0,5816320,710,3,0,100.3993,5.1163,1.5000,0.0000,0.3283,-0.0849,0.7766,0.0240,0,0,0,0,0.0416,-0.0124,0.2148,4.9455,1.5126
offline_val_env0,5816320,710,4,0,104.3142,5.1041,1.5000,0.0000,0.5919,-0.1548,0.4899,0.0160,0,0,0,0,0.0661,-0.0134,0.2456,4.9455,1.5126
offline_val_env0,5816320,710,5,0,107.0278,5.0786,1.5000,0.0000,0.7710,-0.1823,0.3512,0.0123,0,0,0,0,0.0978,-0.0130,0.2677,4.9455,1.5126
offline_val_env0,5816320,710,6,0,108.3724,5.0458,1.5000,0.0000,0.8705,-0.2130,0.1911,0.0071,0,0,0,0,0.1336,-0.0120,0.2797,4.9455,1.5126
offline_val_env0,5816320,710,7,0,108.9968,5.0109,1.5000,0.0000,0.8948,-0.2568,0.1101,0.0041,0,0,0,0,0.1708,-0.0120,0.2866,4.9455,1.5126
offline_val_env0,5816320,710,8,0,109.8450,4.9760,1.5000,0.0000,0.8958,-0.2720,0.1385,0.0052,0,0,0,0,0.2083,-0.0123,0.2953,4.9455,1.5126
offline_val_env0,5816320,710,9,0,110.4907,4.9406,1.5000,0.0000,0.8969,-0.2698,0.1136,0.0043,0,0,0,0,0.2457,-0.0122,0.3024,4.9455,1.5126
offline_val_env0,5816320,710,10,0,111.0460,4.9052,1.5000,0.0000,0.8953,-0.2769,0.1035,0.0039,0,0,0,0,0.2832,-0.0121,0.3089,4.9455,1.5126
offline_val_env0,5816320,710,11,0,111.5622,4.8697,1.5000,0.0000,0.8911,-0.2881,0.1000,0.0037,0,0,0,0,0.3207,-0.0122,0.3152,4.9455,1.5126
offline_val_env0,5816320,710,12,0,111.8588,4.8343,1.5000,0.0000,0.8881,-0.2835,0.0731,0.0028,0,0,0,0,0.3580,-0.0120,0.3198,4.9455,1.5126
offline_val_env0,5816320,710,13,0,112.3774,4.7987,1.5000,0.0000,0.8890,-0.2907,0.1005,0.0004,0,0,0,0,0.3954,-0.0118,0.3261,4.9455,1.5126
offline_val_env0,5816320,710,14,0,112.7469,4.7634,1.5000,0.0000,0.8821,-0.3031,0.0842,-0.0002,0,0,0,0,0.4327,-0.0120,0.3314,4.9455,1.5126
offline_val_env0,5816320,710,15,0,113.2217,4.7278,1.5000,0.0000,0.8851,-0.3058,0.0971,-0.0007,0,0,0,0,0.4701,-0.0121,0.3375,4.9455,1.5126
offline_val_env0,5816320,710,16,0,113.7957,4.6922,1.5000,0.0000,0.8817,-0.3134,0.1099,-0.0011,0,0,0,0,0.5076,-0.0122,0.3444,4.9455,1.5126
offline_val_env0,5816320,710,17,0,114.1837,4.6567,1.5000,0.0000,0.8771,-0.3167,0.0879,-0.0003,0,0,0,0,0.5449,-0.0123,0.3499,4.9455,1.5126
offline_val_env0,5816320,710,18,0,114.2588,4.6216,1.5000,0.0000,0.8723,-0.3110,0.0498,0.0011,0,0,0,0,0.5819,-0.0120,0.3531,4.9455,1.5126
offline_val_env0,5816320,710,19,0,114.3942,4.5873,1.5000,0.0000,0.8522,-0.3387,0.0611,0.0007,0,0,0,0,0.6186,-0.0129,0.3569,4.9455,1.5126
offline_val_env0,5816320,710,20,0,114.3959,4.5529,1.5000,0.0000,0.8534,-0.3379,0.0453,0.0013,0,0,0,0,0.6553,-0.0137,0.3598,4.9455,1.5126
offline_val_env0,5816320,710,21,0,114.3082,4.5187,1.5000,0.0000,0.8505,-0.3441,0.0359,0.0017,0,0,0,0,0.6920,-0.0146,0.3620,4.9455,1.5126
offline_val_env0,5816320,710,22,0,114.3027,4.4844,1.5000,0.0000,0.8523,-0.3473,0.0465,0.0013,0,0,0,0,0.7288,-0.0155,0.3649,4.9455,1.5126
offline_val_env0,5816320,710,23,0,114.3040,4.4504,1.5000,0.0000,0.8460,-0.3570,0.0491,0.0013,0,0,0,0,0.7655,-0.0168,0.3680,4.9455,1.5126
offline_val_env0,5816320,710,24,0,114.1616,4.4164,1.5000,0.0000,0.8452,-0.3550,0.0321,0.0019,0,0,0,0,0.8021,-0.0179,0.3700,4.9455,1.5126
offline_val_env0,5816320,710,25,0,114.1590,4.3827,1.5000,0.0000,0.8389,-0.3703,0.0515,0.0012,0,0,0,0,0.8388,-0.0195,0.3733,4.9455,1.5126
offline_val_env0,5816320,710,26,0,114.0194,4.3490,1.5000,0.0000,0.8382,-0.3699,0.0355,0.0018,0,0,0,0,0.8754,-0.0211,0.3755,4.9455,1.5126
offline_val_env0,5816320,710,27,0,113.7555,4.3154,1.5000,0.0000,0.8394,-0.3698,0.0212,0.0024,0,0,0,0,0.9121,-0.0225,0.3768,4.9455,1.5126
offline_val_env0,5816320,710,28,0,113.3585,4.2817,1.5000,0.0000,0.8402,-0.3678,0.0057,0.0030,0,0,0,0,0.9487,-0.0238,0.3772,4.9455,1.5126
offline_val_env0,5816320,710,29,0,112.9715,4.2484,1.5000,0.0000,0.8327,-0.3748,0.0087,0.0029,0,0,0,0,0.9852,-0.0255,0.3777,4.9455,1.5126
offline_val_env0,5816320,710,30,0,112.4650,4.2155,1.5000,0.0000,0.8236,-0.3806,-0.0038,0.0034,0,0,0,0,1.0215,-0.0275,0.3775,4.9455,1.5126
offline_val_env0,5816320,710,31,0,111.7845,4.1826,1.5000,0.0000,0.8210,-0.3792,-0.0239,0.0022,0,0,0,0,1.0576,-0.0295,0.3760,4.9455,1.5126
offline_val_env0,5816320,710,32,0,111.1537,4.1498,1.5000,0.0000,0.8207,-0.3751,-0.0175,-0.0017,0,0,0,0,1.0936,-0.0314,0.3749,4.9455,1.5126
offline_val_env0,5816320,710,33,0,110.4993,4.1175,1.5000,0.0000,0.8059,-0.3760,-0.0191,-0.0019,0,0,0,0,1.1291,-0.0336,0.3737,4.9455,1.5126
offline_val_env0,5816320,710,34,0,109.8540,4.0859,1.5000,0.0000,0.7881,-0.3794,-0.0164,-0.0019,0,0,0,0,1.1640,-0.0362,0.3727,4.9455,1.5126
offline_val_env0,5816320,710,35,0,109.2810,4.0552,1.5000,0.0000,0.7678,-0.3821,-0.0064,-0.0017,0,0,0,0,1.1982,-0.0393,0.3723,4.9455,1.5126
offline_val_env0,5816320,710,36,0,108.8452,4.0254,1.5000,0.0000,0.7450,-0.3834,0.0111,-0.0012,0,0,0,0,1.2315,-0.0427,0.3730,4.9455,1.5126
offline_val_env0,5816320,710,37,0,108.5676,3.9969,1.5000,0.0000,0.7189,-0.3830,0.0306,-0.0007,0,0,0,0,1.2639,-0.0465,0.3749,4.9455,1.5126
offline_val_env0,5816320,710,38,0,108.4297,3.9694,1.5000,0.0000,0.6942,-0.3812,0.0475,-0.0002,0,0,0,0,1.2953,-0.0505,0.3779,4.9455,1.5126
offline_val_env0,5816320,710,39,0,108.3054,3.9425,1.5000,0.0000,0.6818,-0.3846,0.0502,-0.0002,0,0,0,0,1.3263,-0.0548,0.3810,4.9455,1.5126
offline_val_env0,5816320,710,40,0,108.2947,3.9166,1.5000,0.0000,0.6592,-0.3861,0.0644,0.0002,0,0,0,0,1.3565,-0.0593,0.3851,4.9455,1.5126
offline_val_env0,5816320,710,41,0,108.2822,3.8910,1.5000,0.0000,0.6534,-0.3878,0.0649,0.0002,0,0,0,0,1.3866,-0.0639,0.3891,4.9455,1.5126
offline_val_env0,5816320,710,42,0,108.2338,3.8653,1.5000,0.0000,0.6519,-0.3876,0.0610,-0.0000,0,0,0,0,1.4166,-0.0683,0.3930,4.9455,1.5126
offline_val_env0,5816320,710,43,0,108.1026,3.8400,1.5000,0.0000,0.6440,-0.3888,0.0518,-0.0004,0,0,0,0,1.4463,-0.0728,0.3962,4.9455,1.5126
offline_val_env0,5816320,710,44,0,108.0018,3.8153,1.5000,0.0000,0.6264,-0.3892,0.0559,-0.0004,0,0,0,0,1.4755,-0.0775,0.3997,4.9455,1.5126
offline_val_env0,5816320,710,45,0,107.8442,3.7909,1.5000,0.0000,0.6198,-0.3901,0.0498,-0.0007,0,0,0,0,1.5044,-0.0822,0.4029,4.9455,1.5126
offline_val_env0,5816320,710,46,0,107.8180,3.7675,1.5000,0.0000,0.5979,-0.3912,0.0661,-0.0002,0,0,0,0,1.5325,-0.0872,0.4070,4.9455,1.5126
offline_val_env0,5816320,710,47,0,107.8457,3.7447,1.5000,0.0000,0.5845,-0.3927,0.0731,-0.0000,0,0,0,0,1.5602,-0.0924,0.4116,4.9455,1.5126
offline_val_env0,5816320,710,48,0,107.8496,3.7221,1.5000,0.0000,0.5798,-0.3938,0.0708,-0.0002,0,0,0,0,1.5878,-0.0976,0.4161,4.9455,1.5126
offline_val_env0,5816320,710,49,0,107.9355,3.7003,1.5000,0.0000,0.5612,-0.3922,0.0807,0.0001,0,0,0,0,1.6146,-0.1029,0.4211,4.9455,1.5126
offline_val_env0,5816320,710,50,0,108.0680,3.6789,1.5000,0.0000,0.5515,-0.3944,0.0869,0.0003,0,0,0,0,1.6412,-0.1082,0.4266,4.9455,1.5126
offline_val_env0,5816320,710,51,0,108.1821,3.6579,1.5000,0.0000,0.5398,-0.3951,0.0851,0.0001,0,0,0,0,1.6674,-0.1137,0.4319,4.9455,1.5126
offline_val_env0,5816320,710,52,0,108.0318,3.6357,1.5000,0.0000,0.5643,-0.3983,0.0546,-0.0009,0,0,0,0,1.6946,-0.1187,0.4354,4.9455,1.5126
offline_val_env0,5816320,710,53,0,107.9446,3.6144,1.5000,0.0000,0.5444,-0.3976,0.0624,-0.0007,0,0,0,0,1.7210,-0.1239,0.4393,4.9455,1.5126
offline_val_env0,5816320,710,54,0,107.9345,3.5938,1.5000,0.0000,0.5278,-0.3955,0.0716,-0.0005,0,0,0,0,1.7469,-0.1293,0.4438,4.9455,1.5126
offline_val_env0,5816320,710,55,0,107.9887,3.5739,1.5000,0.0000,0.5115,-0.3966,0.0798,-0.0003,0,0,0,0,1.7722,-0.1348,0.4488,4.9455,1.5126
offline_val_env0,5816320,710,56,0,107.9123,3.5539,1.5000,0.0000,0.5119,-0.3995,0.0651,-0.0008,0,0,0,0,1.7975,-0.1403,0.4529,4.9455,1.5126
offline_val_env0,5816320,710,57,0,107.8357,3.5344,1.5000,0.0000,0.5005,-0.4008,0.0658,-0.0009,0,0,0,0,1.8226,-0.1460,0.4570,4.9455,1.5126
offline_val_env0,5816320,710,58,0,107.8854,3.5156,1.5000,0.0000,0.4841,-0.4000,0.0810,-0.0004,0,0,0,0,1.8470,-0.1518,0.4621,4.9455,1.5126
offline_val_env0,5816320,710,59,0,107.7909,3.4965,1.5000,0.0000,0.4895,-0.4027,0.0647,-0.0010,0,0,0,0,1.8717,-0.1575,0.4662,4.9455,1.5126
offline_val_env0,5816320,710,60,0,107.7532,3.4783,1.5000,0.0000,0.4682,-0.4048,0.0722,-0.0009,0,0,0,0,1.8957,-0.1635,0.4707,4.9455,1.5126
offline_val_env0,5816320,710,61,0,107.8379,3.4610,1.5000,0.0000,0.4486,-0.4078,0.0876,-0.0005,0,0,0,0,1.9191,-0.1699,0.4762,4.9455,1.5126
offline_val_env0,5816320,710,62,0,107.8552,3.4441,1.5000,0.0000,0.4384,-0.4101,0.0803,-0.0008,0,0,0,0,1.9422,-0.1765,0.4813,4.9455,1.5126
offline_val_env0,5816320,710,63,0,107.7881,3.4269,1.5000,0.0000,0.4413,-0.4140,0.0714,-0.0012,0,0,0,0,1.9655,-0.1830,0.4858,4.9455,1.5126
offline_val_env0,5816320,710,64,0,107.6809,3.4099,1.5000,0.0000,0.4378,-0.4148,0.0672,-0.0014,0,0,0,0,1.9887,-0.1895,0.4900,4.9455,1.5126
offline_val_env0,5816320,710,65,0,107.6896,3.3938,1.5000,0.0000,0.4171,-0.4194,0.0822,-0.0010,0,0,0,0,2.0114,-0.1964,0.4951,4.9455,1.5126
offline_val_env0,5816320,710,66,0,107.7970,3.3784,1.5000,0.0000,0.4036,-0.4172,0.0938,-0.0006,0,0,0,0,2.0335,-0.2034,0.5010,4.9455,1.5126
offline_val_env0,5816320,710,67,0,107.7497,3.3625,1.5000,0.0000,0.4109,-0.4218,0.0766,-0.0012,0,0,0,0,2.0560,-0.2103,0.5059,4.9455,1.5126
offline_val_env0,5816320,710,68,0,107.7333,3.3473,1.5000,0.0000,0.3946,-0.4222,0.0806,-0.0012,0,0,0,0,2.0780,-0.2175,0.5109,4.9455,1.5126
offline_val_env0,5816320,710,69,0,107.5475,3.3314,1.5000,0.0000,0.4083,-0.4255,0.0616,-0.0018,0,0,0,0,2.1006,-0.2243,0.5148,4.9455,1.5126
offline_val_env0,5816320,710,70,0,107.6140,3.3174,1.5000,0.0000,0.3667,-0.4254,0.0918,-0.0010,0,0,0,0,2.1217,-0.2319,0.5206,4.9455,1.5126
offline_val_env0,5816320,710,71,0,107.5873,3.3031,1.5000,0.0000,0.3732,-0.4274,0.0815,-0.0013,0,0,0,0,2.1432,-0.2393,0.5257,4.9455,1.5126
offline_val_env0,5816320,710,72,0,107.6153,3.2895,1.5000,0.0000,0.3578,-0.4294,0.0886,-0.0012,0,0,0,0,2.1642,-0.2470,0.5312,4.9455,1.5126
offline_val_env0,5816320,710,73,0,107.5959,3.2759,1.5000,0.0000,0.3550,-0.4324,0.0839,-0.0014,0,0,0,0,2.1852,-0.2547,0.5365,4.9455,1.5126
offline_val_env0,5816320,710,74,0,107.6823,3.2628,1.5000,0.0000,0.3446,-0.4288,0.0961,-0.0010,0,0,0,0,2.2058,-0.2624,0.5426,4.9455,1.5126
offline_val_env0,5816320,710,75,0,107.5711,3.2494,1.5000,0.0000,0.3495,-0.4394,0.0750,-0.0018,0,0,0,0,2.2268,-0.2702,0.5473,4.9455,1.5126
offline_val_env0,5816320,710,76,0,107.5542,3.2368,1.5000,0.0000,0.3301,-0.4364,0.0859,-0.0015,0,0,0,0,2.2472,-0.2783,0.5527,4.9455,1.5126
offline_val_env0,5816320,710,77,0,107.5781,3.2249,1.5000,0.0000,0.3125,-0.4394,0.0916,-0.0014,0,0,0,0,2.2671,-0.2867,0.5584,4.9455,1.5126
offline_val_env0,5816320,710,78,0,107.6600,3.2137,1.5000,0.0000,0.2989,-0.4405,0.0989,-0.0012,0,0,0,0,2.2865,-0.2953,0.5646,4.9455,1.5126
offline_val_env0,5816320,710,79,0,107.6309,3.2019,1.5000,0.0000,0.3107,-0.4433,0.0866,-0.0017,0,0,0,0,2.3065,-0.3036,0.5701,4.9455,1.5126
offline_val_env0,5816320,710,80,0,107.6889,3.1912,1.5000,0.0000,0.2857,-0.4477,0.0980,-0.0014,0,0,0,0,2.3258,-0.3125,0.5762,4.9455,1.5126
offline_val_env0,5816320,710,81,0,107.5526,3.1796,1.5000,0.0000,0.3033,-0.4514,0.0760,-0.0022,0,0,0,0,2.3458,-0.3211,0.5810,4.9455,1.5126
offline_val_env0,5816320,710,82,0,107.6545,3.1698,1.5000,0.0000,0.2632,-0.4492,0.1040,-0.0013,0,0,0,0,2.3645,-0.3303,0.5875,4.9455,1.5126
offline_val_env0,5816320,710,83,0,107.6967,3.1596,1.5000,0.0000,0.2715,-0.4504,0.0975,-0.0015,0,0,0,0,2.3835,-0.3393,0.5937,4.9455,1.5126
offline_val_env0,5816320,710,84,0,107.6244,3.1493,1.5000,0.0000,0.2730,-0.4575,0.0856,-0.0020,0,0,0,0,2.4028,-0.3483,0.5990,4.9455,1.5126
offline_val_env0,5816320,710,85,0,107.6277,3.1395,1.5000,0.0000,0.2615,-0.4553,0.0944,-0.0018,0,0,0,0,2.4217,-0.3575,0.6050,4.9455,1.5126
offline_val_env0,5816320,710,86,0,107.6288,3.1297,1.5000,0.0000,0.2612,-0.4555,0.0944,-0.0018,0,0,0,0,2.4407,-0.3665,0.6109,4.9455,1.5126
offline_val_env0,5816320,710,87,0,107.7373,3.1207,1.5000,0.0000,0.2437,-0.4563,0.1076,-0.0014,0,0,0,0,2.4591,-0.3759,0.6177,4.9455,1.5126
offline_val_env0,5816320,710,88,0,107.7624,3.1110,1.5000,0.0000,0.2591,-0.4575,0.0982,-0.0017,0,0,0,0,2.4782,-0.3848,0.6238,4.9455,1.5126
offline_val_env0,5816320,710,89,0,107.6875,3.1012,1.5000,0.0000,0.2607,-0.4615,0.0874,-0.0021,0,0,0,0,2.4974,-0.3937,0.6293,4.9455,1.5126
offline_val_env0,5816320,710,90,0,107.6492,3.0920,1.5000,0.0000,0.2449,-0.4646,0.0926,-0.0020,0,0,0,0,2.5163,-0.4030,0.6351,4.9455,1.5126
offline_val_env0,5816320,710,91,0,107.7370,3.0839,1.5000,0.0000,0.2222,-0.4651,0.1079,-0.0016,0,0,0,0,2.5345,-0.4127,0.6419,4.9455,1.5126
offline_val_env0,5816320,710,92,0,107.7907,3.0758,1.5000,0.0000,0.2194,-0.4664,0.1043,-0.0018,0,0,0,0,2.5527,-0.4223,0.6485,4.9455,1.5126
offline_val_env0,5816320,710,93,0,107.8644,3.0678,1.5000,0.0000,0.2170,-0.4650,0.1066,-0.0017,0,0,0,0,2.5708,-0.4319,0.6552,4.9455,1.5126
offline_val_env0,5816320,710,94,0,107.9062,3.0595,1.5000,0.0000,0.2255,-0.4654,0.1032,-0.0018,0,0,0,0,2.5893,-0.4412,0.6616,4.9455,1.5126
offline_val_env0,5816320,710,95,0,107.9065,3.0513,1.5000,0.0000,0.2200,-0.4683,0.0991,-0.0020,0,0,0,0,2.6078,-0.4506,0.6679,4.9455,1.5126
offline_val_env0,5816320,710,96,0,107.9517,3.0435,1.5000,0.0000,0.2125,-0.4664,0.1042,-0.0018,0,0,0,0,2.6260,-0.4599,0.6744,4.9455,1.5126
offline_val_env0,5816320,710,97,0,108.0258,3.0361,1.5000,0.0000,0.2028,-0.4704,0.1087,-0.0017,0,0,0,0,2.6441,-0.4696,0.6812,4.9455,1.5126
offline_val_env0,5816320,710,98,0,108.1079,3.0286,1.5000,0.0000,0.2024,-0.4689,0.1095,-0.0017,0,0,0,0,2.6622,-0.4790,0.6881,4.9455,1.5126
offline_val_env0,5816320,710,99,0,108.1606,3.0210,1.5000,0.0000,0.2079,-0.4710,0.1067,-0.0018,0,0,0,0,2.6806,-0.4883,0.6948,4.9455,1.5126
offline_val_env0,5816320,710,100,0,108.2220,3.0132,1.5000,0.0000,0.2109,-0.4723,0.1083,-0.0018,0,0,0,0,2.6991,-0.4974,0.7016,4.9455,1.5126
offline_val_env0,5816320,710,101,0,108.2452,3.0057,1.5000,0.0000,0.2027,-0.4745,0.1044,-0.0020,0,0,0,0,2.7176,-0.5067,0.7082,4.9455,1.5126
offline_val_env0,5816320,710,102,0,108.2977,2.9984,1.5000,0.0000,0.1974,-0.4773,0.1087,-0.0019,0,0,0,0,2.7360,-0.5161,0.7150,4.9455,1.5126
offline_val_env0,5816320,710,103,0,108.3350,2.9910,1.5000,0.0000,0.2010,-0.4760,0.1069,-0.0019,0,0,0,0,2.7546,-0.5252,0.7217,4.9455,1.5126
offline_val_env0,5816320,710,104,0,108.4201,2.9840,1.5000,0.0000,0.1925,-0.4755,0.1126,-0.0017,0,0,0,0,2.7729,-0.5344,0.7288,4.9455,1.5126
offline_val_env0,5816320,710,105,0,108.4580,2.9770,1.5000,0.0000,0.1886,-0.4782,0.1078,-0.0020,0,0,0,0,2.7913,-0.5436,0.7356,4.9455,1.5126
offline_val_env0,5816320,710,106,0,108.4471,2.9701,1.5000,0.0000,0.1881,-0.4807,0.1027,-0.0022,0,0,0,0,2.8098,-0.5528,0.7421,4.9455,1.5126
offline_val_env0,5816320,710,107,0,108.4591,2.9629,1.5000,0.0000,0.1945,-0.4803,0.1057,-0.0020,0,0,0,0,2.8285,-0.5617,0.7487,4.9455,1.5126
offline_val_env0,5816320,710,108,0,108.4827,2.9560,1.5000,0.0000,0.1869,-0.4816,0.1075,-0.0020,0,0,0,0,2.8471,-0.5707,0.7554,4.9455,1.5126
offline_val_env0,5816320,710,109,0,108.4700,2.9492,1.5000,0.0000,0.1837,-0.4827,0.1036,-0.0022,0,0,0,0,2.8657,-0.5798,0.7620,4.9455,1.5126
offline_val_env0,5816320,710,110,0,108.4907,2.9423,1.5000,0.0000,0.1880,-0.4800,0.1073,-0.0020,0,0,0,0,2.8843,-0.5885,0.7687,4.9455,1.5126
offline_val_env0,5816320,710,111,0,108.6170,2.9358,1.5000,0.0000,0.1773,-0.4782,0.1197,-0.0016,0,0,0,0,2.9027,-0.5973,0.7762,4.9455,1.5126
offline_val_env0,5816320,710,112,0,108.7096,2.9294,1.5000,0.0000,0.1752,-0.4784,0.1159,-0.0018,0,0,0,0,2.9212,-0.6060,0.7835,4.9455,1.5126
offline_val_env0,5816320,710,113,0,108.8745,2.9237,1.5000,0.0000,0.1601,-0.4812,0.1252,-0.0015,0,0,0,0,2.9393,-0.6151,0.7914,4.9455,1.5126
offline_val_env0,5816320,710,114,0,108.9726,2.9173,1.5000,0.0000,0.1722,-0.4817,0.1176,-0.0018,0,0,0,0,2.9578,-0.6238,0.7988,4.9455,1.5126
offline_val_env0,5816320,710,115,0,109.0777,2.9104,1.5000,0.0000,0.1861,-0.4786,0.1181,-0.0017,0,0,0,0,2.9767,-0.6318,0.8062,4.9455,1.5126
offline_val_env0,5816320,710,116,0,109.1620,2.9038,1.5000,0.0000,0.1784,-0.4838,0.1169,-0.0018,0,0,0,0,2.9956,-0.6400,0.8135,4.9455,1.5126
offline_val_env0,5816320,710,117,0,109.1266,2.8966,1.5000,0.0000,0.1937,-0.4843,0.1031,-0.0022,0,0,0,0,3.0150,-0.6477,0.8200,4.9455,1.5126
offline_val_env0,5816320,710,118,0,109.0949,2.8894,1.5000,0.0000,0.1912,-0.4840,0.1037,-0.0022,0,0,0,0,3.0344,-0.6553,0.8265,4.9455,1.5126
offline_val_env0,5816320,710,119,0,109.1670,2.8824,1.5000,0.0000,0.1883,-0.4794,0.1153,-0.0018,0,0,0,0,3.0536,-0.6628,0.8338,4.9455,1.5126
offline_val_env0,5816320,710,120,0,109.2571,2.8756,1.5000,0.0000,0.1814,-0.4816,0.1182,-0.0018,0,0,0,0,3.0728,-0.6704,0.8412,4.9455,1.5126
offline_val_env0,5816320,710,121,0,109.2973,2.8686,1.5000,0.0000,0.1869,-0.4822,0.1126,-0.0019,0,0,0,0,3.0921,-0.6777,0.8483,4.9455,1.5126
offline_val_env0,5816320,710,122,0,109.3118,2.8615,1.5000,0.0000,0.1907,-0.4818,0.1097,-0.0020,0,0,0,0,3.1116,-0.6847,0.8552,4.9455,1.5126
offline_val_env0,5816320,710,123,0,109.3990,2.8550,1.5000,0.0000,0.1753,-0.4835,0.1190,-0.0018,0,0,0,0,3.1308,-0.6921,0.8626,4.9455,1.5126
offline_val_env0,5816320,710,124,0,109.4793,2.8485,1.5000,0.0000,0.1726,-0.4834,0.1183,-0.0018,0,0,0,0,3.1500,-0.6994,0.8701,4.9455,1.5126
offline_val_env0,5816320,710,125,0,109.5724,2.8420,1.5000,0.0000,0.1754,-0.4820,0.1198,-0.0018,0,0,0,0,3.1692,-0.7065,0.8776,4.9455,1.5126
offline_val_env0,5816320,710,126,0,109.6123,2.8353,1.5000,0.0000,0.1784,-0.4838,0.1141,-0.0020,0,0,0,0,3.1887,-0.7133,0.8848,4.9455,1.5126
offline_val_env0,5816320,710,127,0,109.5692,2.8284,1.5000,0.0000,0.1826,-0.4867,0.1051,-0.0023,0,0,0,0,3.2084,-0.7200,0.8914,4.9455,1.5126
offline_val_env0,5816320,710,128,0,109.5552,2.8216,1.5000,0.0000,0.1810,-0.4860,0.1087,-0.0022,0,0,0,0,3.2281,-0.7266,0.8982,4.9455,1.5126
offline_val_env0,5816320,710,129,0,109.5871,2.8154,1.5000,0.0000,0.1653,-0.4859,0.1143,-0.0021,0,0,0,0,3.2474,-0.7335,0.9054,4.9455,1.5126
offline_val_env0,5816320,710,130,0,109.6571,2.8090,1.5000,0.0000,0.1718,-0.4835,0.1186,-0.0019,0,0,0,0,3.2668,-0.7401,0.9128,4.9455,1.5126
offline_val_env0,5816320,710,131,0,109.6062,2.8018,1.5000,0.0000,0.1895,-0.4859,0.1051,-0.0023,0,0,0,0,3.2868,-0.7460,0.9194,4.9455,1.5126
offline_val_env0,5816320,710,132,0,109.6509,2.7953,1.5000,0.0000,0.1721,-0.4838,0.1162,-0.0020,0,0,0,0,3.3064,-0.7522,0.9267,4.9455,1.5126
offline_val_env0,5816320,710,133,0,109.7991,2.7892,1.5000,0.0000,0.1644,-0.4777,0.1273,-0.0016,0,0,0,0,3.3256,-0.7584,0.9347,4.9455,1.5126
offline_val_env0,5816320,710,134,0,109.8103,2.7826,1.5000,0.0000,0.1743,-0.4820,0.1122,-0.0021,0,0,0,0,3.3453,-0.7643,0.9418,4.9455,1.5126
offline_val_env0,5816320,710,135,0,109.8792,2.7765,1.5000,0.0000,0.1640,-0.4786,0.1185,-0.0019,0,0,0,0,3.3646,-0.7702,0.9492,4.9455,1.5126
offline_val_env0,5816320,710,136,0,109.9465,2.7703,1.5000,0.0000,0.1647,-0.4811,0.1192,-0.0019,0,0,0,0,3.3841,-0.7761,0.9567,4.9455,1.5126
offline_val_env0,5816320,710,137,0,110.0589,2.7643,1.5000,0.0000,0.1600,-0.4818,0.1249,-0.0017,0,0,0,0,3.4036,-0.7820,0.9646,4.9455,1.5126
offline_val_env0,5816320,710,138,0,110.1285,2.7587,1.5000,0.0000,0.1487,-0.4847,0.1206,-0.0020,0,0,0,0,3.4229,-0.7881,0.9722,4.9455,1.5126
offline_val_env0,5816320,710,139,0,110.1969,2.7530,1.5000,0.0000,0.1507,-0.4843,0.1206,-0.0020,0,0,0,0,3.4423,-0.7941,0.9797,4.9455,1.5126
offline_val_env0,5816320,710,140,0,110.2729,2.7474,1.5000,0.0000,0.1501,-0.4829,0.1214,-0.0020,0,0,0,0,3.4617,-0.7998,0.9874,4.9455,1.5126
offline_val_env0,5816320,710,141,0,110.3063,2.7411,1.5000,0.0000,0.1662,-0.4818,0.1164,-0.0021,0,0,0,0,3.4814,-0.8049,0.9947,4.9455,1.5126
offline_val_env0,5816320,710,142,0,110.3819,2.7348,1.5000,0.0000,0.1658,-0.4782,0.1208,-0.0019,0,0,0,0,3.5011,-0.8098,1.0023,4.9455,1.5126
offline_val_env0,5816320,710,143,0,110.4327,2.7284,1.5000,0.0000,0.1661,-0.4813,0.1188,-0.0020,0,0,0,0,3.5209,-0.8145,1.0097,4.9455,1.5126
offline_val_env0,5816320,710,144,0,110.4668,2.7223,1.5000,0.0000,0.1602,-0.4792,0.1166,-0.0021,0,0,0,0,3.5405,-0.8193,1.0170,4.9455,1.5126
offline_val_env0,5816320,710,145,0,110.5497,2.7163,1.5000,0.0000,0.1578,-0.4773,0.1221,-0.0019,0,0,0,0,3.5601,-0.8240,1.0247,4.9455,1.5126
offline_val_env0,5816320,710,146,0,110.6629,2.7107,1.5000,0.0000,0.1480,-0.4769,0.1259,-0.0018,0,0,0,0,3.5794,-0.8288,1.0326,4.9455,1.5126
offline_val_env0,5816320,710,147,0,110.7209,2.7050,1.5000,0.0000,0.1487,-0.4761,0.1193,-0.0020,0,0,0,0,3.5988,-0.8335,1.0401,4.9455,1.5126
offline_val_env0,5816320,710,148,0,110.7824,2.6991,1.5000,0.0000,0.1545,-0.4744,0.1196,-0.0020,0,0,0,0,3.6183,-0.8378,1.0476,4.9455,1.5126
offline_val_env0,5816320,710,149,0,110.8088,2.6933,1.5000,0.0000,0.1526,-0.4759,0.1160,-0.0022,0,0,0,0,3.6379,-0.8420,1.0549,4.9455,1.5126
offline_val_env0,5816320,710,150,0,110.8220,2.6872,1.5000,0.0000,0.1565,-0.4769,0.1149,-0.0022,0,0,0,0,3.6575,-0.8459,1.0621,4.9455,1.5126
offline_val_env0,5816320,710,151,0,110.8333,2.6812,1.5000,0.0000,0.1577,-0.4741,0.1142,-0.0022,0,0,0,0,3.6772,-0.8497,1.0693,4.9455,1.5126
offline_val_env0,5816320,710,152,0,110.8729,2.6752,1.5000,0.0000,0.1553,-0.4721,0.1174,-0.0021,0,0,0,0,3.6967,-0.8533,1.0767,4.9455,1.5126
offline_val_env0,5816320,710,153,0,110.8888,2.6694,1.5000,0.0000,0.1517,-0.4730,0.1150,-0.0022,0,0,0,0,3.7163,-0.8569,1.0839,4.9455,1.5126
offline_val_env0,5816320,710,154,0,110.8769,2.6634,1.5000,0.0000,0.1551,-0.4716,0.1116,-0.0023,0,0,0,0,3.7358,-0.8603,1.0909,4.9455,1.5126
offline_val_env0,5816320,710,155,0,110.9220,2.6577,1.5000,0.0000,0.1472,-0.4685,0.1179,-0.0021,0,0,0,0,3.7552,-0.8637,1.0983,4.9455,1.5126
offline_val_env0,5816320,710,156,0,110.9812,2.6523,1.5000,0.0000,0.1422,-0.4669,0.1194,-0.0021,0,0,0,0,3.7744,-0.8671,1.1058,4.9455,1.5126
offline_val_env0,5816320,710,157,0,111.0500,2.6472,1.5000,0.0000,0.1328,-0.4677,0.1209,-0.0021,0,0,0,0,3.7935,-0.8708,1.1134,4.9455,1.5126
offline_val_env0,5816320,710,158,0,111.0630,2.6419,1.5000,0.0000,0.1372,-0.4687,0.1147,-0.0023,0,0,0,0,3.8127,-0.8741,1.1207,4.9455,1.5126
offline_val_env0,5816320,710,159,0,111.0904,2.6366,1.5000,0.0000,0.1383,-0.4666,0.1162,-0.0022,0,0,0,0,3.8320,-0.8773,1.1279,4.9455,1.5126
offline_val_env0,5816320,710,160,0,111.1139,2.6312,1.5000,0.0000,0.1388,-0.4667,0.1159,-0.0022,0,0,0,0,3.8512,-0.8803,1.1352,4.9455,1.5126
offline_val_env0,5816320,710,161,0,111.1329,2.6257,1.5000,0.0000,0.1419,-0.4650,0.1152,-0.0022,0,0,0,0,3.8705,-0.8830,1.1425,4.9455,1.5126
offline_val_env0,5816320,710,162,0,111.1433,2.6203,1.5000,0.0000,0.1412,-0.4670,0.1149,-0.0023,0,0,0,0,3.8898,-0.8856,1.1497,4.9455,1.5126
offline_val_env0,5816320,710,163,0,111.2070,2.6153,1.5000,0.0000,0.1287,-0.4663,0.1213,-0.0021,0,0,0,0,3.9089,-0.8885,1.1573,4.9455,1.5126
offline_val_env0,5816320,710,164,0,111.2161,2.6100,1.5000,0.0000,0.1363,-0.4656,0.1148,-0.0023,0,0,0,0,3.9282,-0.8910,1.1645,4.9455,1.5126
offline_val_env0,5816320,710,165,0,111.2412,2.6049,1.5000,0.0000,0.1331,-0.4632,0.1164,-0.0022,0,0,0,0,3.9473,-0.8934,1.1718,4.9455,1.5126
offline_val_env0,5816320,710,166,0,111.2520,2.5996,1.5000,0.0000,0.1360,-0.4633,0.1149,-0.0023,0,0,0,0,3.9665,-0.8956,1.1791,4.9455,1.5126
offline_val_env0,5816320,710,167,0,111.2509,2.5945,1.5000,0.0000,0.1308,-0.4626,0.1136,-0.0024,0,0,0,0,3.9856,-0.8978,1.1862,4.9455,1.5126
offline_val_env0,5816320,710,168,0,111.2602,2.5898,1.5000,0.0000,0.1233,-0.4613,0.1147,-0.0024,0,0,0,0,4.0045,-0.9002,1.1934,4.9455,1.5126
offline_val_env0,5816320,710,169,0,111.2453,2.5854,1.5000,0.0000,0.1141,-0.4597,0.1116,-0.0025,0,0,0,0,4.0233,-0.9027,1.2004,4.9455,1.5126
offline_val_env0,5816320,710,170,0,111.2088,2.5810,1.5000,0.0000,0.1146,-0.4584,0.1089,-0.0026,0,0,0,0,4.0421,-0.9051,1.2073,4.9455,1.5126
offline_val_env0,5816320,710,171,0,111.1596,2.5765,1.5000,0.0000,0.1148,-0.4609,0.1082,-0.0027,0,0,0,0,4.0609,-0.9073,1.2141,4.9455,1.5126
offline_val_env0,5816320,710,172,0,111.1434,2.5721,1.5000,0.0000,0.1154,-0.4597,0.1120,-0.0025,0,0,0,0,4.0798,-0.9094,1.2211,4.9455,1.5126
offline_val_env0,5816320,710,173,0,111.1319,2.5680,1.5000,0.0000,0.1062,-0.4607,0.1130,-0.0025,0,0,0,0,4.0985,-0.9118,1.2282,4.9455,1.5126
offline_val_env0,5816320,710,174,0,111.1439,2.5644,1.5000,0.0000,0.0964,-0.4611,0.1161,-0.0025,0,0,0,0,4.1172,-0.9143,1.2355,4.9455,1.5126
offline_val_env0,5816320,710,175,0,111.1258,2.5601,1.5000,0.0000,0.1123,-0.4595,0.1123,-0.0025,0,0,0,0,4.1361,-0.9161,1.2425,4.9455,1.5126
offline_val_env0,5816320,710,176,0,111.1078,2.5564,1.5000,0.0000,0.0968,-0.4604,0.1127,-0.0026,0,0,0,0,4.1547,-0.9184,1.2496,4.9455,1.5126
offline_val_env0,5816320,710,177,0,111.0288,2.5527,1.5000,0.0000,0.0961,-0.4628,0.1061,-0.0029,0,0,0,0,4.1735,-0.9206,1.2563,4.9455,1.5126
offline_val_env0,5816320,710,178,0,110.9735,2.5493,1.5000,0.0000,0.0895,-0.4616,0.1088,-0.0028,0,0,0,0,4.1922,-0.9229,1.2631,4.9455,1.5126
offline_val_env0,5816320,710,179,0,110.9412,2.5458,1.5000,0.0000,0.0926,-0.4605,0.1115,-0.0027,0,0,0,0,4.2109,-0.9250,1.2701,4.9455,1.5126
offline_val_env0,5816320,710,180,0,110.9486,2.5428,1.5000,0.0000,0.0803,-0.4626,0.1168,-0.0026,0,0,0,0,4.2295,-0.9274,1.2775,4.9455,1.5126
offline_val_env0,5816320,710,181,0,110.9404,2.5398,1.5000,0.0000,0.0806,-0.4627,0.1152,-0.0027,0,0,0,0,4.2481,-0.9296,1.2847,4.9455,1.5126
offline_val_env0,5816320,710,182,0,110.9258,2.5367,1.5000,0.0000,0.0840,-0.4607,0.1140,-0.0027,0,0,0,0,4.2668,-0.9316,1.2919,4.9455,1.5126
offline_val_env0,5816320,710,183,0,110.8843,2.5337,1.5000,0.0000,0.0797,-0.4617,0.1112,-0.0028,0,0,0,0,4.2854,-0.9336,1.2989,4.9455,1.5126
offline_val_env0,5816320,710,184,0,110.8561,2.5312,1.5000,0.0000,0.0685,-0.4622,0.1130,-0.0028,0,0,0,0,4.3039,-0.9360,1.3060,4.9455,1.5126
offline_val_env0,5816320,710,185,0,110.8364,2.5287,1.5000,0.0000,0.0664,-0.4631,0.1144,-0.0028,0,0,0,0,4.3225,-0.9382,1.3132,4.9455,1.5126
offline_val_env0,5816320,710,186,0,110.7882,2.5262,1.5000,0.0000,0.0700,-0.4646,0.1115,-0.0029,0,0,0,0,4.3412,-0.9403,1.3202,4.9455,1.5126
offline_val_env0,5816320,710,187,0,110.8279,2.5241,1.5000,0.0000,0.0588,-0.4629,0.1216,-0.0026,0,0,0,0,4.3597,-0.9426,1.3278,4.9455,1.5126
offline_val_env0,5816320,710,188,0,110.8477,2.5217,1.5000,0.0000,0.0640,-0.4653,0.1200,-0.0026,0,0,0,0,4.3784,-0.9446,1.3353,4.9455,1.5126
offline_val_env0,5816320,710,189,0,110.8504,2.5194,1.5000,0.0000,0.0637,-0.4658,0.1182,-0.0027,0,0,0,0,4.3971,-0.9465,1.3428,4.9455,1.5126
offline_val_env0,5816320,710,190,0,110.8451,2.5171,1.5000,0.0000,0.0641,-0.4656,0.1173,-0.0027,0,0,0,0,4.4158,-0.9482,1.3501,4.9455,1.5126
offline_val_env0,5816320,710,191,0,110.8345,2.5150,1.5000,0.0000,0.0588,-0.4667,0.1170,-0.0028,0,0,0,0,4.4346,-0.9500,1.3575,4.9455,1.5126
offline_val_env0,5816320,710,192,0,110.8749,2.5131,1.5000,0.0000,0.0535,-0.4663,0.1231,-0.0026,0,0,0,0,4.4532,-0.9518,1.3652,4.9455,1.5126
offline_val_env0,5816320,710,193,0,110.9101,2.5112,1.5000,0.0000,0.0522,-0.4665,0.1226,-0.0026,0,0,0,0,4.4719,-0.9536,1.3729,4.9455,1.5126
offline_val_env0,5816320,710,194,0,110.9625,2.5093,1.5000,0.0000,0.0539,-0.4673,0.1249,-0.0025,0,0,0,0,4.4907,-0.9551,1.3808,4.9455,1.5126
offline_val_env0,5816320,710,195,0,110.9519,2.5071,1.5000,0.0000,0.0596,-0.4683,0.1178,-0.0028,0,0,0,0,4.5095,-0.9563,1.3882,4.9455,1.5126
offline_val_env0,5816320,710,196,0,110.9404,2.5050,1.5000,0.0000,0.0588,-0.4688,0.1179,-0.0028,0,0,0,0,4.5284,-0.9574,1.3956,4.9455,1.5126
offline_val_env0,5816320,710,197,0,110.8971,2.5027,1.5000,0.0000,0.0613,-0.4690,0.1142,-0.0029,0,0,0,0,4.5473,-0.9583,1.4027,4.9455,1.5126
offline_val_env0,5816320,710,198,0,110.9086,2.5008,1.5000,0.0000,0.0536,-0.4689,0.1208,-0.0027,0,0,0,0,4.5661,-0.9593,1.4103,4.9455,1.5126
offline_val_env0,5816320,710,199,0,110.8723,2.4986,1.5000,0.0000,0.0613,-0.4696,0.1155,-0.0029,0,0,0,0,4.5851,-0.9599,1.4176,4.9455,1.5126
offline_val_env0,5816320,710,200,0,110.8708,2.4967,1.5000,0.0000,0.0519,-0.4696,0.1197,-0.0028,0,0,0,0,4.6040,-0.9607,1.4251,4.9455,1.5126
offline_val_env0,5816320,710,201,0,110.8872,2.4949,1.5000,0.0000,0.0517,-0.4694,0.1218,-0.0027,0,0,0,0,4.6228,-0.9614,1.4328,4.9455,1.5126
offline_val_env0,5816320,710,202,0,110.9165,2.4931,1.5000,0.0000,0.0514,-0.4704,0.1237,-0.0026,0,0,0,0,4.6418,-0.9619,1.4405,4.9455,1.5126
offline_val_env0,5816320,710,203,0,110.9823,2.4914,1.5000,0.0000,0.0488,-0.4707,0.1282,-0.0025,0,0,0,0,4.6607,-0.9624,1.4486,4.9455,1.5126
offline_val_env0,5816320,710,204,0,111.0295,2.4896,1.5000,0.0000,0.0496,-0.4712,0.1262,-0.0026,0,0,0,0,4.6796,-0.9628,1.4565,4.9455,1.5126
offline_val_env0,5816320,710,205,0,111.0610,2.4877,1.5000,0.0000,0.0517,-0.4716,0.1245,-0.0026,0,0,0,0,4.6986,-0.9629,1.4643,4.9455,1.5126
offline_val_env0,5816320,710,206,0,111.1307,2.4859,1.5000,0.0000,0.0516,-0.4714,0.1291,-0.0025,0,0,0,0,4.7176,-0.9628,1.4725,4.9455,1.5126
offline_val_env0,5816320,710,207,0,111.1314,2.4837,1.5000,0.0000,0.0592,-0.4723,0.1212,-0.0027,0,0,0,0,4.7366,-0.9623,1.4801,4.9455,1.5126
offline_val_env0,5816320,710,208,0,111.1190,2.4814,1.5000,0.0000,0.0624,-0.4722,0.1198,-0.0028,0,0,0,0,4.7556,-0.9615,1.4876,4.9455,1.5126
offline_val_env0,5816320,710,209,0,111.0576,2.4787,1.5000,0.0000,0.0718,-0.4729,0.1143,-0.0029,0,0,0,0,4.7747,-0.9603,1.4948,4.9455,1.5126
offline_val_env0,5816320,710,210,0,111.0137,2.4766,1.5000,0.0000,0.0572,-0.4715,0.1161,-0.0029,0,0,0,0,4.7937,-0.9594,1.5021,4.9455,1.5126
offline_val_env0,5816320,710,211,0,110.8599,2.4743,1.5000,0.0000,0.0632,-0.4715,0.1031,-0.0034,0,0,0,0,4.8127,-0.9582,1.5086,4.9455,1.5126
offline_val_env0,5816320,710,212,0,110.7469,2.4722,1.5000,0.0000,0.0569,-0.4716,0.1081,-0.0032,0,0,0,0,4.8317,-0.9571,1.5153,4.9455,1.5126
offline_val_env0,5816320,710,213,0,110.7256,2.4704,1.5000,0.0000,0.0510,-0.4705,0.1188,-0.0029,0,0,0,0,4.8506,-0.9561,1.5228,4.9455,1.5126
offline_val_env0,5816320,710,214,0,110.7035,2.4686,1.5000,0.0000,0.0518,-0.4704,0.1188,-0.0029,0,0,0,0,4.8695,-0.9549,1.5303,4.9455,1.5126
offline_val_env0,5816320,710,215,0,110.7372,2.4672,1.5000,0.0000,0.0422,-0.4696,0.1253,-0.0027,0,0,0,0,4.8883,-0.9540,1.5381,4.9455,1.5126
offline_val_env0,5816320,710,216,0,110.7722,2.4657,1.5000,0.0000,0.0448,-0.4694,0.1255,-0.0027,0,0,0,0,4.9071,-0.9528,1.5460,4.9455,1.5126
offline_val_env0,5816320,710,217,0,110.7713,2.4639,1.5000,0.0000,0.0497,-0.4694,0.1213,-0.0028,0,0,0,0,4.9259,-0.9513,1.5536,4.9455,1.5126
offline_val_env0,5816320,710,218,0,110.8938,2.4627,1.5000,0.0000,0.0365,-0.4681,0.1357,-0.0023,0,0,0,0,4.9447,-0.9502,1.5622,4.9455,1.5126
offline_val_env0,5816320,710,219,0,110.9540,2.4610,1.5000,0.0000,0.0479,-0.4681,0.1284,-0.0025,0,0,0,0,4.9634,-0.9484,1.5702,4.9455,1.5126
offline_val_env0,5816320,710,220,0,110.9709,2.4589,1.5000,0.0000,0.0579,-0.4682,0.1233,-0.0027,0,0,0,0,4.9822,-0.9461,1.5780,4.9455,1.5126
offline_val_env0,5816320,710,221,0,110.9769,2.4570,1.5000,0.0000,0.0533,-0.4676,0.1220,-0.0027,0,0,0,0,5.0008,-0.9438,1.5857,4.9455,1.5126
offline_val_env0,5816320,710,222,0,111.0234,2.4551,1.5000,0.0000,0.0539,-0.4674,0.1268,-0.0026,0,0,0,0,5.0195,-0.9414,1.5936,4.9455,1.5126
offline_val_env0,5816320,710,223,0,111.1237,2.4535,1.5000,0.0000,0.0444,-0.4667,0.1331,-0.0024,0,0,0,0,5.0381,-0.9392,1.6020,4.9455,1.5126
offline_val_env0,5816320,710,224,0,111.1362,2.4516,1.5000,0.0000,0.0526,-0.4667,0.1228,-0.0027,0,0,0,0,5.0567,-0.9365,1.6097,4.9455,1.5126
offline_val_env0,5816320,710,225,0,111.2507,2.4502,1.5000,0.0000,0.0401,-0.4654,0.1346,-0.0023,0,0,0,0,5.0753,-0.9342,1.6182,4.9455,1.5126
offline_val_env0,5816320,710,226,0,111.1391,2.4480,1.5000,0.0000,0.0599,-0.4661,0.1080,-0.0032,0,0,0,0,5.0938,-0.9309,1.6249,4.9455,1.5126
offline_val_env0,5816320,710,227,0,111.2722,2.4469,1.5000,0.0000,0.0337,-0.4640,0.1366,-0.0023,0,0,0,0,5.1122,-0.9286,1.6335,4.9455,1.5126
offline_val_env0,5816320,710,228,0,111.1500,2.4446,1.5000,0.0000,0.0597,-0.4665,0.1070,-0.0033,0,0,0,0,5.1307,-0.9250,1.6403,4.9455,1.5126
offline_val_env0,5816320,710,229,0,111.1802,2.4431,1.5000,0.0000,0.0423,-0.4644,0.1247,-0.0027,0,0,0,0,5.1491,-0.9220,1.6481,4.9455,1.5126
offline_val_env0,5816320,710,230,0,111.1257,2.4414,1.5000,0.0000,0.0479,-0.4650,0.1148,-0.0030,0,0,0,0,5.1675,-0.9187,1.6553,4.9455,1.5126
offline_val_env0,5816320,710,231,0,111.1284,2.4403,1.5000,0.0000,0.0320,-0.4644,0.1215,-0.0029,0,0,0,0,5.1859,-0.9158,1.6629,4.9455,1.5126
offline_val_env0,5816320,710,232,0,111.1279,2.4392,1.5000,0.0000,0.0313,-0.4643,0.1212,-0.0029,0,0,0,0,5.2043,-0.9129,1.6705,4.9455,1.5126
offline_val_env0,5816320,710,233,0,111.2577,2.4388,1.5000,0.0000,0.0162,-0.4627,0.1363,-0.0024,0,0,0,0,5.2227,-0.9104,1.6791,4.9455,1.5126
offline_val_env0,5816320,710,234,0,111.0339,2.4369,1.5000,0.0000,0.0505,-0.4654,0.0950,-0.0038,0,0,0,0,5.2409,-0.9064,1.6851,4.9455,1.5126
offline_val_env0,5816320,710,235,0,111.0661,2.4359,1.5000,0.0000,0.0299,-0.4632,0.1250,-0.0027,0,0,0,0,5.2592,-0.9031,1.6929,4.9455,1.5126
offline_val_env0,5816320,710,236,0,111.1825,2.4353,1.5000,0.0000,0.0215,-0.4623,0.1348,-0.0024,0,0,0,0,5.2775,-0.9000,1.7014,4.9455,1.5126
offline_val_env0,5816320,710,237,0,111.2057,2.4341,1.5000,0.0000,0.0334,-0.4622,0.1237,-0.0028,0,0,0,0,5.2956,-0.8962,1.7092,4.9455,1.5126
offline_val_env0,5816320,710,238,0,111.1587,2.4330,1.5000,0.0000,0.0318,-0.4626,0.1155,-0.0031,0,0,0,0,5.3138,-0.8924,1.7164,4.9455,1.5126
offline_val_env0,5816320,710,239,0,111.1823,2.4322,1.5000,0.0000,0.0252,-0.4628,0.1240,-0.0028,0,0,0,0,5.3319,-0.8887,1.7242,4.9455,1.5126
offline_val_env0,5816320,710,240,0,111.2230,2.4316,1.5000,0.0000,0.0198,-0.4622,0.1259,-0.0027,0,0,0,0,5.3501,-0.8851,1.7321,4.9455,1.5126
offline_val_env0,5816320,710,241,0,111.2247,2.4308,1.5000,0.0000,0.0251,-0.4626,0.1214,-0.0029,0,0,0,0,5.3682,-0.8812,1.7398,4.9455,1.5126
offline_val_env0,5816320,710,242,0,111.0854,2.4295,1.5000,0.0000,0.0370,-0.4640,0.1050,-0.0035,0,0,0,0,5.3862,-0.8766,1.7464,4.9455,1.5126
offline_val_env0,5816320,710,243,0,111.0094,2.4284,1.5000,0.0000,0.0327,-0.4639,0.1126,-0.0032,0,0,0,0,5.4043,-0.8721,1.7534,4.9455,1.5126
offline_val_env0,5816320,710,244,0,111.0193,2.4277,1.5000,0.0000,0.0224,-0.4631,0.1227,-0.0029,0,0,0,0,5.4223,-0.8678,1.7611,4.9455,1.5126
offline_val_env0,5816320,710,245,0,110.9878,2.4271,1.5000,0.0000,0.0205,-0.4631,0.1178,-0.0031,0,0,0,0,5.4404,-0.8635,1.7685,4.9455,1.5126
offline_val_env0,5816320,710,246,0,110.8962,2.4262,1.5000,0.0000,0.0256,-0.4635,0.1107,-0.0033,0,0,0,0,5.4584,-0.8589,1.7755,4.9455,1.5126
offline_val_env0,5816320,710,247,0,110.9811,2.4261,1.5000,0.0000,0.0094,-0.4632,0.1317,-0.0026,0,0,0,0,5.4764,-0.8547,1.7838,4.9455,1.5126
offline_val_env0,5816320,710,248,0,110.8116,2.4250,1.5000,0.0000,0.0310,-0.4651,0.1019,-0.0036,0,0,0,0,5.4943,-0.8496,1.7902,4.9455,1.5126
offline_val_env0,5816320,710,249,0,110.8581,2.4251,1.5000,0.0000,0.0038,-0.4635,0.1272,-0.0028,0,0,0,0,5.5124,-0.8454,1.7982,4.9455,1.5126
offline_val_env0,5816320,710,250,0,110.8865,2.4248,1.5000,0.0000,0.0142,-0.4642,0.1253,-0.0028,0,0,0,0,5.5304,-0.8407,1.8060,4.9455,1.5126
offline_val_env0,5816320,710,251,0,110.8256,2.4241,1.5000,0.0000,0.0238,-0.4644,0.1147,-0.0032,0,0,0,0,5.5482,-0.8354,1.8132,4.9455,1.5126
offline_val_env0,5816320,710,252,0,110.8318,2.4239,1.5000,0.0000,0.0098,-0.4644,0.1227,-0.0030,0,0,0,0,5.5661,-0.8306,1.8210,4.9455,1.5126
offline_val_env0,5816320,710,253,0,110.7898,2.4235,1.5000,0.0000,0.0168,-0.4643,0.1170,-0.0031,0,0,0,0,5.5840,-0.8253,1.8283,4.9455,1.5126
offline_val_env0,5816320,710,254,0,110.7048,2.4230,1.5000,0.0000,0.0161,-0.4647,0.1120,-0.0033,0,0,0,0,5.6018,-0.8200,1.8353,4.9455,1.5126
offline_val_env0,5816320,710,255,0,110.6382,2.4227,1.5000,0.0000,0.0138,-0.4648,0.1142,-0.0033,0,0,0,0,5.6196,-0.8146,1.8425,4.9455,1.5126
offline_val_env0,5816320,710,256,0,110.6204,2.4229,1.5000,0.0000,0.0030,-0.4657,0.1202,-0.0031,0,0,0,0,5.6375,-0.8094,1.8501,4.9455,1.5126
offline_val_env0,5816320,710,257,0,110.5944,2.4231,1.5000,0.0000,0.0006,-0.4649,0.1190,-0.0031,0,0,0,0,5.6554,-0.8043,1.8576,4.9455,1.5126
offline_val_env0,5816320,710,258,0,110.7462,2.4239,1.5000,0.0000,-0.0130,-0.4651,0.1402,-0.0024,0,0,0,0,5.6734,-0.7995,1.8664,4.9455,1.5126
offline_val_env0,5816320,710,259,0,110.8393,2.4243,1.5000,0.0000,-0.0037,-0.4650,0.1332,-0.0026,0,0,0,0,5.6912,-0.7943,1.8747,4.9455,1.5126
offline_val_env0,5816320,710,260,0,110.8018,2.4241,1.5000,0.0000,0.0123,-0.4666,0.1181,-0.0031,0,0,0,0,5.7089,-0.7882,1.8822,4.9455,1.5126
offline_val_env0,5816320,710,261,0,110.8719,2.4246,1.5000,0.0000,-0.0067,-0.4663,0.1308,-0.0028,0,0,0,0,5.7267,-0.7827,1.8904,4.9455,1.5126
offline_val_env0,5816320,710,262,0,110.7305,2.4243,1.5000,0.0000,0.0128,-0.4679,0.1060,-0.0036,0,0,0,0,5.7443,-0.7764,1.8970,4.9455,1.5126
offline_val_env0,5816320,710,263,0,110.7171,2.4245,1.5000,0.0000,0.0007,-0.4676,0.1212,-0.0031,0,0,0,0,5.7620,-0.7704,1.9046,4.9455,1.5126
offline_val_env0,5816320,710,264,0,110.6243,2.4245,1.5000,0.0000,0.0048,-0.4679,0.1118,-0.0034,0,0,0,0,5.7796,-0.7640,1.9117,4.9455,1.5126
offline_val_env0,5816320,710,265,0,110.6200,2.4248,1.5000,0.0000,0.0001,-0.4683,0.1224,-0.0031,0,0,0,0,5.7973,-0.7578,1.9194,4.9455,1.5126
offline_val_env0,5816320,710,266,0,110.6060,2.4251,1.5000,0.0000,-0.0006,-0.4684,0.1213,-0.0031,0,0,0,0,5.8149,-0.7514,1.9270,4.9455,1.5126
offline_val_env0,5816320,710,267,0,110.6436,2.4256,1.5000,0.0000,-0.0060,-0.4679,0.1273,-0.0029,0,0,0,0,5.8325,-0.7451,1.9350,4.9455,1.5126
offline_val_env0,5816320,710,268,0,110.6934,2.4260,1.5000,0.0000,-0.0034,-0.4689,0.1290,-0.0028,0,0,0,0,5.8501,-0.7385,1.9431,4.9455,1.5126
offline_val_env0,5816320,710,269,0,110.6904,2.4263,1.5000,0.0000,-0.0015,-0.4692,0.1227,-0.0031,0,0,0,0,5.8676,-0.7318,1.9508,4.9455,1.5126
offline_val_env0,5816320,710,270,0,110.6809,2.4267,1.5000,0.0000,-0.0037,-0.4704,0.1223,-0.0031,0,0,0,0,5.8851,-0.7249,1.9585,4.9455,1.5126
offline_val_env0,5816320,710,271,0,110.7169,2.4270,1.5000,0.0000,-0.0002,-0.4707,0.1277,-0.0029,0,0,0,0,5.9026,-0.7178,1.9665,4.9455,1.5126
offline_val_env0,5816320,710,272,0,110.6833,2.4271,1.5000,0.0000,0.0045,-0.4710,0.1195,-0.0032,0,0,0,0,5.9199,-0.7104,1.9740,4.9455,1.5126
offline_val_env0,5816320,710,273,0,110.7707,2.4278,1.5000,0.0000,-0.0123,-0.4725,0.1343,-0.0027,0,0,0,0,5.9375,-0.7034,1.9825,4.9455,1.5126
offline_val_env0,5816320,710,274,0,110.7229,2.4277,1.5000,0.0000,0.0090,-0.4725,0.1182,-0.0032,0,0,0,0,5.9546,-0.6955,1.9899,4.9455,1.5126
offline_val_env0,5816320,710,275,0,110.7539,2.4280,1.5000,0.0000,-0.0015,-0.4718,0.1274,-0.0029,0,0,0,0,5.9719,-0.6879,1.9979,4.9455,1.5126
offline_val_env0,5816320,710,276,0,110.6503,2.4278,1.5000,0.0000,0.0117,-0.4755,0.1124,-0.0034,0,0,0,0,5.9890,-0.6796,2.0049,4.9455,1.5126
offline_val_env0,5816320,710,277,0,110.6982,2.4283,1.5000,0.0000,-0.0060,-0.4736,0.1299,-0.0029,0,0,0,0,6.0063,-0.6718,2.0131,4.9455,1.5126
offline_val_env0,5816320,710,278,0,110.6789,2.4285,1.5000,0.0000,0.0016,-0.4752,0.1223,-0.0031,0,0,0,0,6.0235,-0.6637,2.0208,4.9455,1.5126
offline_val_env0,5816320,710,279,0,110.6596,2.4289,1.5000,0.0000,-0.0043,-0.4752,0.1222,-0.0031,0,0,0,0,6.0406,-0.6555,2.0285,4.9455,1.5126
offline_val_env0,5816320,710,280,0,110.5988,2.4292,1.5000,0.0000,-0.0007,-0.4760,0.1175,-0.0033,0,0,0,0,6.0577,-0.6472,2.0358,4.9455,1.5126
offline_val_env0,5816320,710,281,0,110.6765,2.4303,1.5000,0.0000,-0.0194,-0.4766,0.1340,-0.0028,0,0,0,0,6.0751,-0.6393,2.0443,4.9455,1.5126
offline_val_env0,5816320,710,282,0,110.6812,2.4312,1.5000,0.0000,-0.0164,-0.4785,0.1258,-0.0031,0,0,0,0,6.0925,-0.6312,2.0522,4.9455,1.5126
offline_val_env0,5816320,710,283,0,110.7163,2.4322,1.5000,0.0000,-0.0170,-0.4807,0.1299,-0.0030,0,0,0,0,6.1098,-0.6229,2.0603,4.9455,1.5126
offline_val_env0,5816320,710,284,0,110.6949,2.4330,1.5000,0.0000,-0.0150,-0.4814,0.1234,-0.0032,0,0,0,0,6.1271,-0.6143,2.0681,4.9455,1.5126
offline_val_env0,5816320,710,285,0,110.6937,2.4342,1.5000,0.0000,-0.0226,-0.4830,0.1261,-0.0032,0,0,0,0,6.1445,-0.6059,2.0760,4.9455,1.5126
offline_val_env0,5816320,710,286,0,110.6509,2.4351,1.5000,0.0000,-0.0158,-0.4816,0.1207,-0.0033,0,0,0,0,6.1617,-0.5971,2.0836,4.9455,1.5126
offline_val_env0,5816320,710,287,0,110.6189,2.4357,1.5000,0.0000,-0.0087,-0.4832,0.1224,-0.0032,0,0,0,0,6.1787,-0.5880,2.0913,4.9455,1.5126
offline_val_env0,5816320,710,288,0,110.4935,2.4362,1.5000,0.0000,-0.0058,-0.4851,0.1118,-0.0036,0,0,0,0,6.1956,-0.5785,2.0983,4.9455,1.5126
offline_val_env0,5816320,710,289,0,110.3603,2.4367,1.5000,0.0000,-0.0068,-0.4875,0.1114,-0.0037,0,0,0,0,6.2126,-0.5689,2.1053,4.9455,1.5126
offline_val_env0,5816320,710,290,0,110.2756,2.4376,1.5000,0.0000,-0.0134,-0.4905,0.1180,-0.0035,0,0,0,0,6.2298,-0.5594,2.1127,4.9455,1.5126
offline_val_env0,5816320,710,291,0,110.1558,2.4381,1.5000,0.0000,-0.0057,-0.4897,0.1136,-0.0036,0,0,0,0,6.2467,-0.5495,2.1199,4.9455,1.5126
offline_val_env0,5816320,710,292,0,110.1283,2.4392,1.5000,0.0000,-0.0193,-0.4888,0.1242,-0.0033,0,0,0,0,6.2638,-0.5400,2.1277,4.9455,1.5126
offline_val_env0,5816320,710,293,0,110.0460,2.4404,1.5000,0.0000,-0.0207,-0.4909,0.1181,-0.0035,0,0,0,0,6.2809,-0.5303,2.1351,4.9455,1.5126
offline_val_env0,5816320,710,294,0,109.9925,2.4415,1.5000,0.0000,-0.0199,-0.4906,0.1215,-0.0034,0,0,0,0,6.2979,-0.5205,2.1427,4.9455,1.5126
offline_val_env0,5816320,710,295,0,109.8872,2.4428,1.5000,0.0000,-0.0225,-0.4916,0.1154,-0.0036,0,0,0,0,6.3149,-0.5106,2.1500,4.9455,1.5126
offline_val_env0,5816320,710,296,0,109.8525,2.4437,1.5000,0.0000,-0.0148,-0.4884,0.1230,-0.0033,0,0,0,0,6.3316,-0.5004,2.1577,4.9455,1.5126
offline_val_env0,5816320,710,297,0,109.7532,2.4451,1.5000,0.0000,-0.0252,-0.4940,0.1166,-0.0036,0,0,0,0,6.3486,-0.4903,2.1650,4.9455,1.5126
offline_val_env0,5816320,710,298,0,109.6770,2.4464,1.5000,0.0000,-0.0222,-0.4897,0.1182,-0.0035,0,0,0,0,6.3653,-0.4800,2.1725,4.9455,1.5126
offline_val_env0,5816320,710,299,0,109.6292,2.4479,1.5000,0.0000,-0.0291,-0.4909,0.1218,-0.0034,0,0,0,0,6.3821,-0.4699,2.1801,4.9455,1.5126
offline_val_env0,5816320,710,300,0,109.5840,2.4499,1.5000,0.0000,-0.0397,-0.4918,0.1222,-0.0035,0,0,0,0,6.3992,-0.4599,2.1878,4.9455,1.5126
offline_val_env0,5816320,710,301,0,109.5324,2.4518,1.5000,0.0000,-0.0361,-0.4943,0.1220,-0.0035,0,0,0,0,6.4161,-0.4497,2.1955,4.9455,1.5126
offline_val_env0,5816320,710,302,0,109.4825,2.4540,1.5000,0.0000,-0.0436,-0.4967,0.1226,-0.0035,0,0,0,0,6.4333,-0.4395,2.2032,4.9455,1.5126
offline_val_env0,5816320,710,303,0,109.4397,2.4561,1.5000,0.0000,-0.0415,-0.4973,0.1236,-0.0035,0,0,0,0,6.4503,-0.4290,2.2109,4.9455,1.5126
offline_val_env0,5816320,710,304,0,109.3512,2.4582,1.5000,0.0000,-0.0416,-0.4984,0.1183,-0.0037,0,0,0,0,6.4673,-0.4185,2.2184,4.9455,1.5126
offline_val_env0,5816320,710,305,0,109.2712,2.4600,1.5000,0.0000,-0.0359,-0.5000,0.1196,-0.0036,0,0,0,0,6.4841,-0.4075,2.2259,4.9455,1.5126
offline_val_env0,5816320,710,306,0,109.1576,2.4619,1.5000,0.0000,-0.0344,-0.4996,0.1154,-0.0037,0,0,0,0,6.5008,-0.3965,2.2331,4.9455,1.5126
offline_val_env0,5816320,710,307,0,109.0695,2.4640,1.5000,0.0000,-0.0403,-0.4987,0.1181,-0.0037,0,0,0,0,6.5175,-0.3855,2.2405,4.9455,1.5126
offline_val_env0,5816320,710,308,0,108.9793,2.4665,1.5000,0.0000,-0.0514,-0.5052,0.1193,-0.0037,0,0,0,0,6.5346,-0.3745,2.2480,4.9455,1.5126
offline_val_env0,5816320,710,309,0,108.8607,2.4690,1.5000,0.0000,-0.0499,-0.5040,0.1155,-0.0038,0,0,0,0,6.5516,-0.3635,2.2553,4.9455,1.5126
offline_val_env0,5816320,710,310,0,108.6893,2.4713,1.5000,0.0000,-0.0461,-0.5037,0.1090,-0.0041,0,0,0,0,6.5684,-0.3521,2.2621,4.9455,1.5126
offline_val_env0,5816320,710,311,0,108.6047,2.4743,1.5000,0.0000,-0.0603,-0.5047,0.1193,-0.0037,0,0,0,0,6.5855,-0.3411,2.2696,4.9455,1.5126
offline_val_env0,5816320,710,312,0,108.5022,2.4771,1.5000,0.0000,-0.0573,-0.5087,0.1181,-0.0038,0,0,0,0,6.6025,-0.3298,2.2771,4.9455,1.5126
offline_val_env0,5816320,710,313,0,108.4092,2.4801,1.5000,0.0000,-0.0608,-0.5105,0.1195,-0.0038,0,0,0,0,6.6196,-0.3184,2.2846,4.9455,1.5126
offline_val_env0,5816320,710,314,0,108.3318,2.4831,1.5000,0.0000,-0.0603,-0.5103,0.1211,-0.0037,0,0,0,0,6.6366,-0.3069,2.2922,4.9455,1.5126
offline_val_env0,5816320,710,315,0,108.1461,2.4861,1.5000,0.0000,-0.0615,-0.5100,0.1079,-0.0042,0,0,0,0,6.6536,-0.2952,2.2989,4.9455,1.5126
offline_val_env0,5816320,710,316,0,108.0136,2.4890,1.5000,0.0000,-0.0573,-0.5050,0.1129,-0.0040,0,0,0,0,6.6702,-0.2835,2.3060,4.9455,1.5126
offline_val_env0,5816320,710,317,0,107.8326,2.4922,1.5000,0.0000,-0.0655,-0.5096,0.1080,-0.0042,0,0,0,0,6.6871,-0.2718,2.3128,4.9455,1.5126
offline_val_env0,5816320,710,318,0,107.7064,2.4954,1.5000,0.0000,-0.0648,-0.5100,0.1144,-0.0040,0,0,0,0,6.7038,-0.2599,2.3200,4.9455,1.5126
offline_val_env0,5816320,710,319,0,107.5786,2.4988,1.5000,0.0000,-0.0666,-0.5135,0.1149,-0.0040,0,0,0,0,6.7207,-0.2479,2.3272,4.9455,1.5126
offline_val_env0,5816320,710,320,0,107.4782,2.5025,1.5000,0.0000,-0.0749,-0.5186,0.1192,-0.0039,0,0,0,0,6.7378,-0.2358,2.3347,4.9455,1.5126
offline_val_env0,5816320,710,321,0,107.3591,2.5060,1.5000,0.0000,-0.0699,-0.5160,0.1162,-0.0040,0,0,0,0,6.7547,-0.2235,2.3420,4.9455,1.5126
offline_val_env0,5816320,710,322,0,107.2334,2.5094,1.5000,0.0000,-0.0685,-0.5183,0.1158,-0.0040,0,0,0,0,6.7715,-0.2110,2.3493,4.9455,1.5126
offline_val_env0,5816320,710,323,0,107.1769,2.5135,1.5000,0.0000,-0.0826,-0.5196,0.1240,-0.0038,0,0,0,0,6.7886,-0.1988,2.3571,4.9455,1.5126
offline_val_env0,5816320,710,324,0,107.1311,2.5175,1.5000,0.0000,-0.0803,-0.5221,0.1257,-0.0037,0,0,0,0,6.8056,-0.1863,2.3650,4.9455,1.5126
offline_val_env0,5816320,710,325,0,107.0918,2.5215,1.5000,0.0000,-0.0784,-0.5261,0.1272,-0.0037,0,0,0,0,6.8226,-0.1735,2.3730,4.9455,1.5126
offline_val_env0,5816320,710,326,0,107.0595,2.5252,1.5000,0.0000,-0.0728,-0.5258,0.1279,-0.0036,0,0,0,0,6.8393,-0.1604,2.3810,4.9455,1.5126
offline_val_env0,5816320,710,327,0,107.0041,2.5287,1.5000,0.0000,-0.0661,-0.5227,0.1242,-0.0037,0,0,0,0,6.8556,-0.1471,2.3888,4.9455,1.5126
offline_val_env0,5816320,710,328,0,106.9937,2.5323,1.5000,0.0000,-0.0703,-0.5242,0.1297,-0.0035,0,0,0,0,6.8720,-0.1337,2.3970,4.9455,1.5126
offline_val_env0,5816320,710,329,0,106.9912,2.5359,1.5000,0.0000,-0.0674,-0.5283,0.1315,-0.0035,0,0,0,0,6.8883,-0.1200,2.4052,4.9455,1.5126
offline_val_env0,5816320,710,330,0,106.9869,2.5391,1.5000,0.0000,-0.0576,-0.5267,0.1308,-0.0034,0,0,0,0,6.9042,-0.1059,2.4134,4.9455,1.5126
offline_val_env0,5816320,710,331,0,107.0301,2.5419,1.5000,0.0000,-0.0481,-0.5274,0.1366,-0.0032,0,0,0,0,6.9197,-0.0914,2.4220,4.9455,1.5126
offline_val_env0,5816320,710,332,0,107.0511,2.5444,1.5000,0.0000,-0.0397,-0.5305,0.1347,-0.0032,0,0,0,0,6.9348,-0.0765,2.4305,4.9455,1.5126
offline_val_env0,5816320,710,333,0,107.0566,2.5467,1.5000,0.0000,-0.0369,-0.5313,0.1329,-0.0033,0,0,0,0,6.9498,-0.0614,2.4388,4.9455,1.5126
offline_val_env0,5816320,710,334,0,107.0772,2.5486,1.5000,0.0000,-0.0249,-0.5307,0.1346,-0.0031,0,0,0,0,6.9643,-0.0458,2.4473,4.9455,1.5126
offline_val_env0,5816320,710,335,0,107.0703,2.5500,1.5000,0.0000,-0.0133,-0.5303,0.1313,-0.0032,0,0,0,0,6.9783,-0.0299,2.4556,4.9455,1.5126
offline_val_env0,5816320,710,336,0,107.0376,2.5511,1.5000,0.0000,-0.0066,-0.5300,0.1281,-0.0033,0,0,0,0,6.9919,-0.0136,2.4636,4.9455,1.5126
offline_val_env0,5816320,710,337,0,107.0158,2.5523,1.5000,0.0000,-0.0071,-0.5319,0.1298,-0.0032,0,0,0,0,7.0055,0.0028,2.4718,4.9455,1.5126
offline_val_env0,5816320,710,338,0,107.0022,2.5535,1.5000,0.0000,-0.0092,-0.5323,0.1308,-0.0032,0,0,0,0,7.0190,0.0192,2.4800,4.9455,1.5126
offline_val_env0,5816320,710,339,0,106.9715,2.5545,1.5000,0.0000,-0.0039,-0.5337,0.1291,-0.0033,0,0,0,0,7.0322,0.0360,2.4881,4.9455,1.5126
offline_val_env0,5816320,710,340,0,107.0051,2.5555,1.5000,0.0000,-0.0002,-0.5337,0.1368,-0.0030,0,0,0,0,7.0452,0.0529,2.4967,4.9455,1.5126
offline_val_env0,5816320,710,341,0,107.0600,2.5564,1.5000,0.0000,0.0001,-0.5345,0.1395,-0.0029,0,0,0,0,7.0581,0.0700,2.5054,4.9455,1.5126
offline_val_env0,5816320,710,342,0,107.0151,2.5567,1.5000,0.0000,0.0140,-0.5332,0.1274,-0.0032,0,0,0,0,7.0703,0.0875,2.5135,4.9455,1.5126
offline_val_env0,5816320,710,343,0,107.0088,2.5570,1.5000,0.0000,0.0145,-0.5323,0.1317,-0.0031,0,0,0,0,7.0823,0.1051,2.5217,4.9455,1.5126
offline_val_env0,5816320,710,344,0,106.9519,2.5571,1.5000,0.0000,0.0179,-0.5324,0.1257,-0.0033,0,0,0,0,7.0941,0.1228,2.5296,4.9455,1.5126
offline_val_env0,5816320,710,345,0,106.9161,2.5572,1.5000,0.0000,0.0201,-0.5334,0.1285,-0.0032,0,0,0,0,7.1057,0.1407,2.5377,4.9455,1.5126
offline_val_env0,5816320,710,346,0,106.8439,2.5577,1.5000,0.0000,0.0089,-0.5365,0.1248,-0.0034,0,0,0,0,7.1176,0.1586,2.5455,4.9455,1.5126
offline_val_env0,5816320,710,347,0,106.6890,2.5580,1.5000,0.0000,0.0127,-0.5380,0.1154,-0.0037,0,0,0,0,7.1293,0.1767,2.5528,4.9455,1.5126
offline_val_env0,5816320,710,348,0,106.6097,2.5579,1.5000,0.0000,0.0231,-0.5351,0.1238,-0.0033,0,0,0,0,7.1404,0.1950,2.5606,4.9455,1.5126
offline_val_env0,5816320,710,349,0,106.5048,2.5579,1.5000,0.0000,0.0212,-0.5368,0.1211,-0.0035,0,0,0,0,7.1515,0.2134,2.5682,4.9455,1.5126
offline_val_env0,5816320,710,350,0,106.4714,2.5582,1.5000,0.0000,0.0171,-0.5386,0.1300,-0.0032,0,0,0,0,7.1626,0.2319,2.5763,4.9455,1.5126
offline_val_env0,5816320,710,351,0,106.3891,2.5584,1.5000,0.0000,0.0175,-0.5397,0.1244,-0.0034,0,0,0,0,7.1736,0.2505,2.5842,4.9455,1.5126
offline_val_env0,5816320,710,352,0,106.3378,2.5590,1.5000,0.0000,0.0086,-0.5419,0.1286,-0.0033,0,0,0,0,7.1847,0.2691,2.5922,4.9455,1.5126
offline_val_env0,5816320,710,353,0,106.2924,2.5598,1.5000,0.0000,0.0049,-0.5389,0.1284,-0.0033,0,0,0,0,7.1958,0.2876,2.6003,4.9455,1.5126
offline_val_env0,5816320,710,354,0,106.1722,2.5602,1.5000,0.0000,0.0137,-0.5379,0.1194,-0.0036,0,0,0,0,7.2064,0.3063,2.6078,4.9455,1.5126
offline_val_env0,5816320,710,355,0,106.0850,2.5605,1.5000,0.0000,0.0166,-0.5366,0.1230,-0.0034,0,0,0,0,7.2168,0.3251,2.6155,4.9455,1.5126
offline_val_env0,5816320,710,356,0,106.0431,2.5615,1.5000,0.0000,-0.0014,-0.5380,0.1285,-0.0033,0,0,0,0,7.2276,0.3437,2.6236,4.9455,1.5126
offline_val_env0,5816320,710,357,0,105.9843,2.5626,1.5000,0.0000,-0.0007,-0.5381,0.1264,-0.0034,0,0,0,0,7.2383,0.3624,2.6316,4.9455,1.5126
offline_val_env0,5816320,710,358,0,105.9244,2.5634,1.5000,0.0000,0.0046,-0.5373,0.1261,-0.0034,0,0,0,0,7.2487,0.3812,2.6395,4.9455,1.5126
offline_val_env0,5816320,710,359,0,105.7809,2.5640,1.5000,0.0000,0.0071,-0.5376,0.1162,-0.0037,0,0,0,0,7.2588,0.4002,2.6468,4.9455,1.5126
offline_val_env0,5816320,710,360,0,105.7774,2.5656,1.5000,0.0000,-0.0121,-0.5388,0.1328,-0.0032,0,0,0,0,7.2694,0.4189,2.6551,4.9455,1.5126
offline_val_env0,5816320,710,361,0,105.7116,2.5666,1.5000,0.0000,0.0014,-0.5380,0.1254,-0.0034,0,0,0,0,7.2794,0.4380,2.6630,4.9455,1.5126
offline_val_env0,5816320,710,362,0,105.7033,2.5683,1.5000,0.0000,-0.0148,-0.5403,0.1325,-0.0032,0,0,0,0,7.2899,0.4569,2.6713,4.9455,1.5126
offline_val_env0,5816320,710,363,0,105.6981,2.5697,1.5000,0.0000,-0.0093,-0.5393,0.1326,-0.0032,0,0,0,0,7.3000,0.4760,2.6797,4.9455,1.5126
offline_val_env0,5816320,710,364,0,105.5675,2.5706,1.5000,0.0000,0.0038,-0.5395,0.1178,-0.0037,0,0,0,0,7.3095,0.4953,2.6871,4.9455,1.5126
offline_val_env0,5816320,710,365,0,105.4190,2.5722,1.5000,0.0000,-0.0147,-0.5403,0.1156,-0.0039,0,0,0,0,7.3195,0.5145,2.6943,4.9455,1.5126
offline_val_env0,5816320,710,366,0,105.2223,2.5729,1.5000,0.0000,0.0058,-0.5386,0.1096,-0.0040,0,0,0,0,7.3286,0.5340,2.7012,4.9455,1.5126
offline_val_env0,5816320,710,367,0,104.9413,2.5744,1.5000,0.0000,-0.0155,-0.5401,0.0996,-0.0044,0,0,0,0,7.3384,0.5533,2.7075,4.9455,1.5126
offline_val_env0,5816320,710,368,0,104.7711,2.5764,1.5000,0.0000,-0.0239,-0.5398,0.1125,-0.0040,0,0,0,0,7.3483,0.5725,2.7145,4.9455,1.5126
offline_val_env0,5816320,710,369,0,104.6306,2.5783,1.5000,0.0000,-0.0185,-0.5388,0.1157,-0.0039,0,0,0,0,7.3579,0.5918,2.7218,4.9455,1.5126
offline_val_env0,5816320,710,370,0,104.4781,2.5809,1.5000,0.0000,-0.0380,-0.5386,0.1138,-0.0040,0,0,0,0,7.3681,0.6109,2.7289,4.9455,1.5126
offline_val_env0,5816320,710,371,0,104.4181,2.5841,1.5000,0.0000,-0.0495,-0.5399,0.1248,-0.0037,0,0,0,0,7.3786,0.6298,2.7368,4.9455,1.5126
offline_val_env0,5816320,710,372,0,104.4088,2.5878,1.5000,0.0000,-0.0593,-0.5408,0.1307,-0.0035,0,0,0,0,7.3893,0.6488,2.7450,4.9455,1.5126
offline_val_env0,5816320,710,373,0,104.3794,2.5909,1.5000,0.0000,-0.0476,-0.5393,0.1279,-0.0035,1,0,0,1,7.3994,0.6679,2.7530,4.9455,1.5126
offline_val_env0,6635520,810,0,0,68.8737,3.5541,1.5000,0.0000,-0.0121,-0.0101,1.0000,0.9970,0,0,0,0,-0.0005,-0.0004,0.0628,3.4745,1.3688
offline_val_env0,6635520,810,1,0,77.9517,3.6198,1.5000,0.0000,-0.0136,-0.0124,1.0000,0.0293,0,0,0,0,-0.0010,-0.0009,0.1257,3.4745,1.3688
offline_val_env0,6635520,810,2,0,86.7327,3.6706,1.5000,0.0000,-0.0004,-0.0153,1.0000,0.0298,0,0,0,0,-0.0009,-0.0015,0.1885,3.4745,1.3688
offline_val_env0,6635520,810,3,0,95.2975,3.7065,1.5000,0.0000,0.0151,-0.0191,1.0000,0.0308,0,0,0,0,-0.0002,-0.0022,0.2513,3.4745,1.3688
offline_val_env0,6635520,810,4,0,103.7297,3.7270,1.5000,0.0000,0.0344,-0.0170,1.0000,0.0321,0,0,0,0,0.0013,-0.0025,0.3142,3.4745,1.3688
offline_val_env0,6635520,810,5,0,112.1054,3.7267,1.5000,0.0000,0.1862,-0.0034,1.0000,0.0335,0,0,0,0,0.0084,-0.0003,0.3770,3.4745,1.3688
offline_val_env0,6635520,810,6,0,110.1032,3.6863,1.5000,0.0000,1.0000,0.0743,-0.2517,-0.0060,0,0,0,0,0.0445,0.0172,0.3612,3.4745,1.3688
offline_val_env0,6635520,810,7,0,107.8533,3.6449,1.5000,0.0000,1.0000,0.0792,-0.2795,-0.0079,0,0,0,0,0.0808,0.0343,0.3436,3.4745,1.3688
offline_val_env0,6635520,810,8,0,103.2587,3.5990,1.5000,0.0000,1.0000,-0.0341,-0.5350,-0.0178,0,0,0,0,0.1189,0.0465,0.3100,3.4745,1.3688
offline_val_env0,6635520,810,9,0,111.6246,3.6013,1.5000,0.0000,0.1365,-0.0134,1.0000,0.0341,0,0,0,0,0.1243,0.0476,0.3728,3.4745,1.3688
offline_val_env0,6635520,810,10,0,109.6046,3.5607,1.5000,0.0000,1.0000,0.0783,-0.2543,-0.0069,0,0,0,0,0.1604,0.0651,0.3569,3.4745,1.3688
offline_val_env0,6635520,810,11,0,107.1364,3.5189,1.5000,0.0000,1.0000,0.0703,-0.3035,-0.0088,0,0,0,0,0.1969,0.0817,0.3378,3.4745,1.3688
offline_val_env0,6635520,810,12,0,107.5299,3.4910,1.5000,0.0000,0.7091,-0.0602,0.0625,0.0022,0,0,0,0,0.2245,0.0888,0.3417,3.4745,1.3688
offline_val_env0,6635520,810,13,0,105.4330,3.4550,1.5000,0.0000,0.8492,-0.0797,-0.2297,-0.0079,0,0,0,0,0.2576,0.0972,0.3273,3.4745,1.3688
offline_val_env0,6635520,810,14,0,110.3793,3.4481,1.5000,0.0000,0.2743,-0.0622,0.6031,0.0199,0,0,0,0,0.2687,0.0984,0.3652,3.4745,1.3688
offline_val_env0,6635520,810,15,0,108.1971,3.4069,1.5000,0.0000,1.0000,0.0707,-0.2710,-0.0076,0,0,0,0,0.3051,0.1153,0.3481,3.4745,1.3688
offline_val_env0,6635520,810,16,0,104.1854,3.3626,1.5000,0.0000,1.0000,-0.0624,-0.4602,-0.0154,0,0,0,0,0.3435,0.1266,0.3192,3.4745,1.3688
offline_val_env0,6635520,810,17,0,109.5307,3.3637,1.5000,0.0000,0.1081,-0.0986,0.6562,0.0207,0,0,0,0,0.3489,0.1242,0.3605,3.4745,1.3688
offline_val_env0,6635520,810,18,0,106.7396,3.3217,1.5000,0.0000,1.0000,0.0374,-0.3361,-0.0102,0,0,0,0,0.3858,0.1397,0.3393,3.4745,1.3688
offline_val_env0,6635520,810,19,0,110.1367,3.3110,1.5000,0.0000,0.3280,-0.0946,0.4254,0.0135,0,0,0,0,0.3994,0.1405,0.3661,3.4745,1.3688
offline_val_env0,6635520,810,20,0,107.6330,3.2695,1.5000,0.0000,1.0000,0.0462,-0.3046,-0.0090,0,0,0,0,0.4361,0.1566,0.3469,3.4745,1.3688
offline_val_env0,6635520,810,21,0,109.7411,3.2531,1.5000,0.0000,0.4456,-0.1040,0.2744,0.0085,0,0,0,0,0.4543,0.1587,0.3642,3.4745,1.3688
offline_val_env0,6635520,810,22,0,106.8011,3.2112,1.5000,0.0000,1.0000,-0.0060,-0.3457,-0.0109,0,0,0,0,0.4918,0.1727,0.3424,3.4745,1.3688
offline_val_env0,6635520,810,23,0,109.8887,3.2043,1.5000,0.0000,0.2282,-0.1345,0.3963,0.0116,0,0,0,0,0.5022,0.1707,0.3673,3.4745,1.3688
offline_val_env0,6635520,810,24,0,107.0495,3.1625,1.5000,0.0000,1.0000,0.0005,-0.3352,-0.0105,0,0,0,0,0.5395,0.1851,0.3463,3.4745,1.3688
offline_val_env0,6635520,810,25,0,110.0546,3.1561,1.5000,0.0000,0.2120,-0.1474,0.3894,0.0112,0,0,0,0,0.5495,0.1824,0.3707,3.4745,1.3688
offline_val_env0,6635520,810,26,0,107.3313,3.1146,1.5000,0.0000,1.0000,-0.0073,-0.3200,-0.0100,0,0,0,0,0.5868,0.1967,0.3506,3.4745,1.3688
offline_val_env0,6635520,810,27,0,110.2833,3.1076,1.5000,0.0000,0.2216,-0.1526,0.3846,0.0111,0,0,0,0,0.5973,0.1940,0.3748,3.4745,1.3688
offline_val_env0,6635520,810,28,0,107.4321,3.0671,1.5000,0.0000,0.9730,-0.0444,-0.3280,-0.0107,0,0,0,0,0.6341,0.2066,0.3542,3.4745,1.3688
offline_val_env0,6635520,810,29,0,110.4028,3.0613,1.5000,0.0000,0.1922,-0.1635,0.3894,0.0110,0,0,0,0,0.6436,0.2031,0.3787,3.4745,1.3688
offline_val_env0,6635520,810,30,0,107.6781,3.0205,1.5000,0.0000,0.9859,-0.0326,-0.3154,-0.0101,0,0,0,0,0.6807,0.2165,0.3588,3.4745,1.3688
offline_val_env0,6635520,810,31,0,110.6996,3.0152,1.5000,0.0000,0.1743,-0.1691,0.3970,0.0112,0,0,0,0,0.6896,0.2126,0.3838,3.4745,1.3688
offline_val_env0,6635520,810,32,0,108.0507,2.9747,1.5000,0.0000,0.9837,-0.0308,-0.3071,-0.0098,0,0,0,0,0.7266,0.2262,0.3645,3.4745,1.3688
offline_val_env0,6635520,810,33,0,111.1887,2.9695,1.5000,0.0000,0.1655,-0.1724,0.4120,0.0117,0,0,0,0,0.7352,0.2221,0.3904,3.4745,1.3688
offline_val_env0,6635520,810,34,0,108.7544,2.9287,1.5000,0.0000,1.0000,-0.0105,-0.2866,-0.0088,0,0,0,0,0.7724,0.2369,0.3724,3.4745,1.3688
offline_val_env0,6635520,810,35,0,111.8437,2.9206,1.5000,0.0000,0.2284,-0.1632,0.4051,0.0118,0,0,0,0,0.7833,0.2342,0.3978,3.4745,1.3688
offline_val_env0,6635520,810,36,0,109.5937,2.8803,1.5000,0.0000,0.9964,-0.0048,-0.2669,-0.0080,0,0,0,0,0.8201,0.2494,0.3811,3.4745,1.3688
offline_val_env0,6635520,810,37,0,109.6727,2.8611,1.5000,0.0000,0.4837,-0.1641,0.0479,-0.0002,0,0,0,0,0.8405,0.2505,0.3841,3.4745,1.3688
offline_val_env0,6635520,810,38,0,110.0817,2.8431,1.5000,0.0000,0.4570,-0.1640,0.0873,0.0011,0,0,0,0,0.8599,0.2513,0.3895,3.4745,1.3688
offline_val_env0,6635520,810,39,0,108.6089,2.8183,1.5000,0.0000,0.6067,-0.1641,-0.1365,-0.0065,0,0,0,0,0.8848,0.2544,0.3810,3.4745,1.3688
offline_val_env0,6635520,810,40,0,112.0031,2.8146,1.5000,0.0000,0.1204,-0.1775,0.4455,0.0126,0,0,0,0,0.8919,0.2496,0.4090,3.4745,1.3688
offline_val_env0,6635520,810,41,0,109.6647,2.7756,1.5000,0.0000,0.9644,-0.0247,-0.2731,-0.0085,0,0,0,0,0.9277,0.2641,0.3918,3.4745,1.3688
offline_val_env0,6635520,810,42,0,110.4088,2.7593,1.5000,0.0000,0.4160,-0.1660,0.1287,0.0024,0,0,0,0,0.9456,0.2643,0.3999,3.4745,1.3688
offline_val_env0,6635520,810,43,0,108.0904,2.7317,1.5000,0.0000,0.6696,-0.1619,-0.2368,-0.0099,0,0,0,0,0.9728,0.2688,0.3850,3.4745,1.3688
offline_val_env0,6635520,810,44,0,111.3301,2.7306,1.5000,0.0000,0.0612,-0.1888,0.4306,0.0116,0,0,0,0,0.9779,0.2627,0.4121,3.4745,1.3688
offline_val_env0,6635520,810,45,0,108.1114,2.6943,1.5000,0.0000,0.8811,-0.0987,-0.3593,-0.0128,0,0,0,0,1.0118,0.2732,0.3895,3.4745,1.3688
offline_val_env0,6635520,810,46,0,111.2535,2.6950,1.5000,0.0000,0.0154,-0.1967,0.4211,0.0109,0,0,0,0,1.0154,0.2661,0.4159,3.4745,1.3688
offline_val_env0,6635520,810,47,0,108.0269,2.6590,1.5000,0.0000,0.8721,-0.1033,-0.3587,-0.0129,0,0,0,0,1.0489,0.2764,0.3934,3.4745,1.3688
offline_val_env0,6635520,810,48,0,111.1533,2.6604,1.5000,0.0000,-0.0003,-0.1982,0.4201,0.0108,0,0,0,0,1.0520,0.2691,0.4198,3.4745,1.3688
offline_val_env0,6635520,810,49,0,107.8353,2.6247,1.5000,0.0000,0.8621,-0.1092,-0.3677,-0.0134,0,0,0,0,1.0852,0.2792,0.3967,3.4745,1.3688
offline_val_env0,6635520,810,50,0,111.0236,2.6267,1.5000,0.0000,-0.0144,-0.2005,0.4285,0.0110,0,0,0,0,1.0878,0.2716,0.4236,3.4745,1.3688
offline_val_env0,6635520,810,51,0,107.6169,2.5927,1.5000,0.0000,0.8199,-0.1279,-0.3731,-0.0139,0,0,0,0,1.1198,0.2804,0.4002,3.4745,1.3688
offline_val_env0,6635520,810,52,0,110.6452,2.5976,1.5000,0.0000,-0.0853,-0.2131,0.4124,0.0099,0,0,0,0,1.1200,0.2712,0.4261,3.4745,1.3688
offline_val_env0,6635520,810,53,0,107.3301,2.5644,1.5000,0.0000,0.7953,-0.1359,-0.3594,-0.0137,0,0,0,0,1.1512,0.2794,0.4035,3.4745,1.3688
offline_val_env0,6635520,810,54,0,110.2496,2.5714,1.5000,0.0000,-0.1325,-0.2222,0.4017,0.0092,0,0,0,0,1.1498,0.2691,0.4287,3.4745,1.3688
offline_val_env0,6635520,810,55,0,108.4121,2.5476,1.5000,0.0000,0.5806,-0.1709,-0.1744,-0.0082,0,0,0,0,1.1738,0.2726,0.4178,3.4745,1.3688
offline_val_env0,6635520,810,56,0,111.8416,2.5497,1.5000,0.0000,-0.0240,-0.1983,0.4582,0.0120,0,0,0,0,1.1761,0.2649,0.4466,3.4745,1.3688
offline_val_env0,6635520,810,57,0,108.6151,2.5134,1.5000,0.0000,0.8880,-0.0844,-0.3630,-0.0129,0,0,0,0,1.2096,0.2772,0.4238,3.4745,1.3688
offline_val_env0,6635520,810,58,0,112.1898,2.5153,1.5000,0.0000,-0.0223,-0.1966,0.4758,0.0110,0,0,0,0,1.2120,0.2697,0.4537,3.4745,1.3688
offline_val_env0,6635520,810,59,0,109.0650,2.4793,1.5000,0.0000,0.8857,-0.0745,-0.3537,-0.0108,0,0,0,0,1.2452,0.2826,0.4314,3.4745,1.3688
offline_val_env0,6635520,810,60,0,112.8403,2.4797,1.5000,0.0000,0.0069,-0.1871,0.4982,0.0063,0,0,0,0,1.2486,0.2759,0.4627,3.4745,1.3688
offline_val_env0,6635520,810,61,0,110.2800,2.4445,1.5000,0.0000,0.8764,-0.0518,-0.2932,-0.0025,0,0,0,0,1.2809,0.2897,0.4443,3.4745,1.3688
offline_val_env0,6635520,810,62,0,109.2482,2.4262,1.5000,0.0000,0.4509,-0.1836,-0.0733,-0.0053,0,0,0,0,1.3003,0.2908,0.4397,3.4745,1.3688
offline_val_env0,6635520,810,63,0,112.9978,2.4282,1.5000,0.0000,-0.0334,-0.1948,0.4979,0.0046,0,0,0,0,1.3024,0.2832,0.4710,3.4745,1.3688
offline_val_env0,6635520,810,64,0,110.4084,2.3938,1.5000,0.0000,0.8569,-0.0556,-0.2957,-0.0014,0,0,0,0,1.3340,0.2967,0.4524,3.4745,1.3688
offline_val_env0,6635520,810,65,0,108.8754,2.3753,1.5000,0.0000,0.4529,-0.1901,-0.1304,-0.0075,0,0,0,0,1.3536,0.2978,0.4442,3.4745,1.3688
offline_val_env0,6635520,810,66,0,112.3758,2.3819,1.5000,0.0000,-0.1422,-0.2169,0.4744,0.0085,0,0,0,0,1.3522,0.2875,0.4740,3.4745,1.3688
offline_val_env0,6635520,810,67,0,109.2208,2.3480,1.5000,0.0000,0.8335,-0.0818,-0.3546,-0.0095,0,0,0,0,1.3833,0.2998,0.4517,3.4745,1.3688
offline_val_env0,6635520,810,68,0,112.8555,2.3534,1.5000,0.0000,-0.1181,-0.2115,0.4899,0.0049,0,0,0,0,1.3828,0.2902,0.4825,3.4745,1.3688
offline_val_env0,6635520,810,69,0,110.0654,2.3206,1.5000,0.0000,0.8143,-0.0704,-0.3148,-0.0037,0,0,0,0,1.4130,0.3028,0.4627,3.4745,1.3688
offline_val_env0,6635520,810,70,0,111.8139,2.3179,1.5000,0.0000,0.0765,-0.2056,0.2652,0.0051,0,0,0,0,1.4194,0.2968,0.4794,3.4745,1.3688
offline_val_env0,6635520,810,71,0,107.9392,2.2865,1.5000,0.0000,0.7592,-0.1269,-0.4262,-0.0164,0,0,0,0,1.4486,0.3063,0.4526,3.4745,1.3688
offline_val_env0,6635520,810,72,0,110.5724,2.2985,1.5000,0.0000,-0.2680,-0.2547,0.3821,0.0073,0,0,0,0,1.4435,0.2925,0.4766,3.4745,1.3688
offline_val_env0,6635520,810,73,0,108.6367,2.2835,1.5000,0.0000,0.3623,-0.2095,-0.1713,-0.0098,0,0,0,0,1.4602,0.2917,0.4659,3.4745,1.3688
offline_val_env0,6635520,810,74,0,111.7131,2.2942,1.5000,0.0000,-0.2423,-0.2417,0.4321,0.0094,0,0,0,0,1.4559,0.2787,0.4930,3.4745,1.3688
offline_val_env0,6635520,810,75,0,107.9200,2.2633,1.5000,0.0000,0.7449,-0.1204,-0.4178,-0.0161,0,0,0,0,1.4844,0.2885,0.4668,3.4745,1.3688
offline_val_env0,6635520,810,76,0,110.3281,2.2762,1.5000,0.0000,-0.2901,-0.2613,0.3576,0.0061,0,0,0,0,1.4787,0.2740,0.4892,3.4745,1.3688
offline_val_env0,6635520,810,77,0,109.6884,2.2686,1.5000,0.0000,0.1890,-0.2160,-0.0150,-0.0049,0,0,0,0,1.4895,0.2699,0.4883,3.4745,1.3688
offline_val_env0,6635520,810,78,0,112.8490,2.2757,1.5000,0.0000,-0.1668,-0.2202,0.4376,0.0026,0,0,0,0,1.4877,0.2590,0.5158,3.4745,1.3688
offline_val_env0,6635520,810,79,0,110.0882,2.2456,1.5000,0.0000,0.7468,-0.0832,-0.3070,-0.0040,0,0,0,0,1.5153,0.2708,0.4965,3.4745,1.3688
offline_val_env0,6635520,810,80,0,110.9475,2.2452,1.5000,0.0000,0.0180,-0.2194,0.1647,0.0009,0,0,0,0,1.5201,0.2634,0.5069,3.4745,1.3688
offline_val_env0,6635520,810,81,0,106.9063,2.2230,1.5000,0.0000,0.5173,-0.1888,-0.4264,-0.0183,0,0,0,0,1.5419,0.2669,0.4801,3.4745,1.3688
offline_val_env0,6635520,810,82,0,108.5441,2.2380,1.5000,0.0000,-0.3408,-0.2780,0.2704,0.0024,0,0,0,0,1.5350,0.2507,0.4971,3.4745,1.3688
offline_val_env0,6635520,810,83,0,111.2235,2.2509,1.5000,0.0000,-0.2975,-0.2500,0.3879,0.0074,0,0,0,0,1.5293,0.2363,0.5214,3.4745,1.3688
offline_val_env0,6635520,810,84,0,107.0103,2.2242,1.5000,0.0000,0.6296,-0.1523,-0.4575,-0.0185,0,0,0,0,1.5541,0.2435,0.4927,3.4745,1.3688
offline_val_env0,6635520,810,85,0,108.5822,2.2391,1.5000,0.0000,-0.3416,-0.2776,0.2625,0.0022,0,0,0,0,1.5473,0.2273,0.5092,3.4745,1.3688
offline_val_env0,6635520,810,86,0,111.2193,2.2523,1.5000,0.0000,-0.3063,-0.2486,0.3824,0.0071,0,0,0,0,1.5415,0.2126,0.5332,3.4745,1.3688
offline_val_env0,6635520,810,87,0,107.0480,2.2262,1.5000,0.0000,0.6171,-0.1522,-0.4526,-0.0184,0,0,0,0,1.5658,0.2199,0.5048,3.4745,1.3688
offline_val_env0,6635520,810,88,0,108.6472,2.2412,1.5000,0.0000,-0.3446,-0.2756,0.2651,0.0023,0,0,0,0,1.5591,0.2036,0.5214,3.4745,1.3688
offline_val_env0,6635520,810,89,0,111.2922,2.2545,1.5000,0.0000,-0.3091,-0.2475,0.3830,0.0071,0,0,0,0,1.5533,0.1889,0.5455,3.4745,1.3688
offline_val_env0,6635520,810,90,0,107.1780,2.2282,1.5000,0.0000,0.6236,-0.1474,-0.4473,-0.0181,0,0,0,0,1.5777,0.1968,0.5174,3.4745,1.3688
offline_val_env0,6635520,810,91,0,108.8156,2.2434,1.5000,0.0000,-0.3479,-0.2735,0.2691,0.0024,0,0,0,0,1.5710,0.1804,0.5343,3.4745,1.3688
offline_val_env0,6635520,810,92,0,111.4313,2.2569,1.5000,0.0000,-0.3176,-0.2470,0.3793,0.0070,0,0,0,0,1.5651,0.1654,0.5581,3.4745,1.3688
offline_val_env0,6635520,810,93,0,107.5844,2.2294,1.5000,0.0000,0.6590,-0.1329,-0.4198,-0.0167,0,0,0,0,1.5903,0.1749,0.5317,3.4745,1.3688
offline_val_env0,6635520,810,94,0,109.3550,2.2443,1.5000,0.0000,-0.3448,-0.2699,0.2843,0.0030,0,0,0,0,1.5839,0.1586,0.5496,3.4745,1.3688
offline_val_env0,6635520,810,95,0,112.0971,2.2561,1.5000,0.0000,-0.2772,-0.2337,0.3913,0.0069,0,0,0,0,1.5793,0.1448,0.5742,3.4745,1.3688
offline_val_env0,6635520,810,96,0,108.8182,2.2279,1.5000,0.0000,0.6884,-0.1100,-0.3596,-0.0132,0,0,0,0,1.6048,0.1561,0.5516,3.4745,1.3688
offline_val_env0,6635520,810,97,0,111.2524,2.2426,1.5000,0.0000,-0.3448,-0.2514,0.3592,0.0060,0,0,0,0,1.5984,0.1403,0.5742,3.4745,1.3688
offline_val_env0,6635520,810,98,0,107.0093,2.2175,1.5000,0.0000,0.5884,-0.1639,-0.4577,-0.0188,0,0,0,0,1.6217,0.1475,0.5454,3.4745,1.3688
offline_val_env0,6635520,810,99,0,108.2569,2.2339,1.5000,0.0000,-0.3805,-0.2794,0.2241,0.0005,0,0,0,0,1.6145,0.1301,0.5595,3.4745,1.3688
offline_val_env0,6635520,810,100,0,110.4461,2.2488,1.5000,0.0000,-0.3473,-0.2591,0.3315,0.0049,0,0,0,0,1.6082,0.1139,0.5803,3.4745,1.3688
offline_val_env0,6635520,810,101,0,107.4283,2.2355,1.5000,0.0000,0.3072,-0.2186,-0.2964,-0.0148,0,0,0,0,1.6233,0.1134,0.5617,3.4745,1.3688
offline_val_env0,6635520,810,102,0,109.0182,2.2510,1.5000,0.0000,-0.3588,-0.2743,0.2635,0.0022,0,0,0,0,1.6170,0.0964,0.5782,3.4745,1.3688
offline_val_env0,6635520,810,103,0,111.7407,2.2642,1.5000,0.0000,-0.3116,-0.2448,0.3914,0.0075,0,0,0,0,1.6119,0.0814,0.6028,3.4745,1.3688
offline_val_env0,6635520,810,104,0,108.1436,2.2358,1.5000,0.0000,0.6869,-0.1199,-0.3943,-0.0155,0,0,0,0,1.6372,0.0931,0.5781,3.4745,1.3688
offline_val_env0,6635520,810,105,0,110.2016,2.2508,1.5000,0.0000,-0.3490,-0.2628,0.3167,0.0043,0,0,0,0,1.6313,0.0766,0.5980,3.4745,1.3688
offline_val_env0,6635520,810,106,0,108.6078,2.2438,1.5000,0.0000,0.1669,-0.2233,-0.1260,-0.0092,0,0,0,0,1.6418,0.0730,0.5900,3.4745,1.3688
offline_val_env0,6635520,810,107,0,111.0736,2.2579,1.5000,0.0000,-0.3299,-0.2530,0.3629,0.0062,0,0,0,0,1.6365,0.0572,0.6128,3.4745,1.3688
offline_val_env0,6635520,810,108,0,106.7811,2.2335,1.5000,0.0000,0.5709,-0.1692,-0.4622,-0.0191,0,0,0,0,1.6591,0.0648,0.5838,3.4745,1.3688
offline_val_env0,6635520,810,109,0,108.0501,2.2497,1.5000,0.0000,-0.3757,-0.2819,0.2267,0.0006,0,0,0,0,1.6527,0.0472,0.5980,3.4745,1.3688
offline_val_env0,6635520,810,110,0,110.1334,2.2643,1.5000,0.0000,-0.3378,-0.2633,0.3195,0.0045,0,0,0,0,1.6475,0.0308,0.6181,3.4745,1.3688
offline_val_env0,6635520,810,111,0,109.4170,2.2604,1.5000,0.0000,0.0970,-0.2216,-0.0226,-0.0057,0,0,0,0,1.6558,0.0259,0.6167,3.4745,1.3688
offline_val_env0,6635520,810,112,0,112.1296,2.2701,1.5000,0.0000,-0.2278,-0.2290,0.3864,0.0067,0,0,0,0,1.6537,0.0131,0.6410,3.4745,1.3688
offline_val_env0,6635520,810,113,0,108.9643,2.2412,1.5000,0.0000,0.7089,-0.0995,-0.3493,-0.0124,0,0,0,0,1.6788,0.0269,0.6190,3.4745,1.3688
offline_val_env0,6635520,810,114,0,111.5355,2.2552,1.5000,0.0000,-0.3298,-0.2493,0.3748,0.0067,0,0,0,0,1.6738,0.0111,0.6426,3.4745,1.3688
offline_val_env0,6635520,810,115,0,107.6718,2.2281,1.5000,0.0000,0.6489,-0.1332,-0.4218,-0.0169,0,0,0,0,1.6978,0.0224,0.6161,3.4745,1.3688
offline_val_env0,6635520,810,116,0,109.2389,2.2440,1.5000,0.0000,-0.3714,-0.2747,0.2612,0.0020,0,0,0,0,1.6920,0.0048,0.6325,3.4745,1.3688
offline_val_env0,6635520,810,117,0,112.0117,2.2570,1.5000,0.0000,-0.3085,-0.2422,0.3971,0.0076,0,0,0,0,1.6878,-0.0103,0.6574,3.4745,1.3688
offline_val_env0,6635520,810,118,0,108.6958,2.2286,1.5000,0.0000,0.6935,-0.1094,-0.3641,-0.0141,0,0,0,0,1.7124,0.0032,0.6346,3.4745,1.3688
offline_val_env0,6635520,810,119,0,111.0680,2.2433,1.5000,0.0000,-0.3443,-0.2541,0.3524,0.0058,0,0,0,0,1.7073,-0.0131,0.6567,3.4745,1.3688
offline_val_env0,6635520,810,120,0,106.8210,2.2212,1.5000,0.0000,0.5139,-0.1833,-0.4526,-0.0192,0,0,0,0,1.7281,-0.0064,0.6283,3.4745,1.3688
offline_val_env0,6635520,810,121,0,108.0069,2.2374,1.5000,0.0000,-0.3782,-0.2820,0.2172,0.0003,0,0,0,0,1.7225,-0.0244,0.6419,3.4745,1.3688
offline_val_env0,6635520,810,122,0,109.9453,2.2526,1.5000,0.0000,-0.3527,-0.2669,0.3034,0.0038,0,0,0,0,1.7176,-0.0414,0.6610,3.4745,1.3688
offline_val_env0,6635520,810,123,0,110.3649,2.2539,1.5000,0.0000,-0.0252,-0.2248,0.1134,-0.0013,0,0,0,0,1.7223,-0.0491,0.6681,3.4745,1.3688
offline_val_env0,6635520,810,124,0,107.7647,2.2419,1.5000,0.0000,0.2780,-0.2181,-0.2470,-0.0131,0,0,0,0,1.7364,-0.0491,0.6526,3.4745,1.3688
offline_val_env0,6635520,810,125,0,109.4945,2.2571,1.5000,0.0000,-0.3525,-0.2707,0.2793,0.0028,0,0,0,0,1.7318,-0.0662,0.6701,3.4745,1.3688
offline_val_env0,6635520,810,126,0,112.1296,2.2670,1.5000,0.0000,-0.2340,-0.2288,0.3772,0.0064,0,0,0,0,1.7302,-0.0792,0.6938,3.4745,1.3688
offline_val_env0,6635520,810,127,0,109.0130,2.2378,1.5000,0.0000,0.7166,-0.0995,-0.3435,-0.0121,0,0,0,0,1.7548,-0.0639,0.6722,3.4745,1.3688
offline_val_env0,6635520,810,128,0,111.6314,2.2513,1.5000,0.0000,-0.3178,-0.2472,0.3800,0.0070,0,0,0,0,1.7510,-0.0796,0.6961,3.4745,1.3688
offline_val_env0,6635520,810,129,0,107.8482,2.2235,1.5000,0.0000,0.6696,-0.1269,-0.4141,-0.0164,0,0,0,0,1.7748,-0.0663,0.6701,3.4745,1.3688
offline_val_env0,6635520,810,130,0,109.4361,2.2391,1.5000,0.0000,-0.3651,-0.2733,0.2636,0.0021,0,0,0,0,1.7701,-0.0840,0.6867,3.4745,1.3688
offline_val_env0,6635520,810,131,0,112.1658,2.2505,1.5000,0.0000,-0.2704,-0.2331,0.3899,0.0063,0,0,0,0,1.7677,-0.0980,0.7112,3.4745,1.3688
offline_val_env0,6635520,810,132,0,108.9802,2.2220,1.5000,0.0000,0.6982,-0.1053,-0.3499,-0.0122,0,0,0,0,1.7916,-0.0830,0.6892,3.4745,1.3688
offline_val_env0,6635520,810,133,0,111.5569,2.2360,1.5000,0.0000,-0.3305,-0.2459,0.3750,0.0068,0,0,0,0,1.7876,-0.0990,0.7127,3.4745,1.3688
offline_val_env0,6635520,810,134,0,107.5301,2.2091,1.5000,0.0000,0.6425,-0.1407,-0.4388,-0.0176,0,0,0,0,1.8107,-0.0864,0.6852,3.4745,1.3688
offline_val_env0,6635520,810,135,0,108.9961,2.2249,1.5000,0.0000,-0.3674,-0.2750,0.2498,0.0016,0,0,0,0,1.8063,-0.1043,0.7009,3.4745,1.3688
offline_val_env0,6635520,810,136,0,111.6386,2.2386,1.5000,0.0000,-0.3232,-0.2470,0.3832,0.0071,0,0,0,0,1.8028,-0.1201,0.7249,3.4745,1.3688
offline_val_env0,6635520,810,137,0,107.9178,2.2110,1.5000,0.0000,0.6657,-0.1280,-0.4061,-0.0162,0,0,0,0,1.8261,-0.1063,0.6994,3.4745,1.3688
offline_val_env0,6635520,810,138,0,109.5399,2.2267,1.5000,0.0000,-0.3669,-0.2722,0.2679,0.0023,0,0,0,0,1.8219,-0.1241,0.7163,3.4745,1.3688
offline_val_env0,6635520,810,139,0,112.3002,2.2388,1.5000,0.0000,-0.2897,-0.2373,0.3951,0.0051,0,0,0,0,1.8194,-0.1389,0.7411,3.4745,1.3688
offline_val_env0,6635520,810,140,0,109.1494,2.2105,1.5000,0.0000,0.6959,-0.1059,-0.3456,-0.0108,0,0,0,0,1.8428,-0.1232,0.7194,3.4745,1.3688
offline_val_env0,6635520,810,141,0,111.8022,2.2237,1.5000,0.0000,-0.3127,-0.2446,0.3844,0.0072,0,0,0,0,1.8399,-0.1388,0.7435,3.4745,1.3688
offline_val_env0,6635520,810,142,0,108.0953,2.1968,1.5000,0.0000,0.6494,-0.1324,-0.4032,-0.0162,0,0,0,0,1.8626,-0.1251,0.7182,3.4745,1.3688
offline_val_env0,6635520,810,143,0,109.8582,2.2121,1.5000,0.0000,-0.3577,-0.2683,0.2842,0.0030,0,0,0,0,1.8588,-0.1426,0.7360,3.4745,1.3688
offline_val_env0,6635520,810,144,0,111.3102,2.2187,1.5000,0.0000,-0.1544,-0.2281,0.2378,0.0027,0,0,0,0,1.8604,-0.1535,0.7510,3.4745,1.3688
offline_val_env0,6635520,810,145,0,107.0252,2.1946,1.5000,0.0000,0.5663,-0.1700,-0.4605,-0.0191,0,0,0,0,1.8816,-0.1430,0.7220,3.4745,1.3688
offline_val_env0,6635520,810,146,0,108.1379,2.2107,1.5000,0.0000,-0.3759,-0.2829,0.2099,-0.0000,0,0,0,0,1.8778,-0.1615,0.7352,3.4745,1.3688
offline_val_env0,6635520,810,147,0,110.0159,2.2259,1.5000,0.0000,-0.3555,-0.2661,0.2969,0.0035,0,0,0,0,1.8744,-0.1789,0.7539,3.4745,1.3688
offline_val_env0,6635520,810,148,0,110.8069,2.2292,1.5000,0.0000,-0.0751,-0.2285,0.1592,0.0001,0,0,0,0,1.8785,-0.1876,0.7639,3.4745,1.3688
offline_val_env0,6635520,810,149,0,106.7050,2.2088,1.5000,0.0000,0.4722,-0.1959,-0.4312,-0.0188,0,0,0,0,1.8975,-0.1802,0.7368,3.4745,1.3688
offline_val_env0,6635520,810,150,0,107.7582,2.2248,1.5000,0.0000,-0.3737,-0.2839,0.2023,-0.0003,0,0,0,0,1.8941,-0.1987,0.7495,3.4745,1.3688
offline_val_env0,6635520,810,151,0,109.4068,2.2400,1.5000,0.0000,-0.3533,-0.2725,0.2707,0.0025,0,0,0,0,1.8912,-0.2163,0.7665,3.4745,1.3688
offline_val_env0,6635520,810,152,0,112.1825,2.2511,1.5000,0.0000,-0.2623,-0.2333,0.3954,0.0064,0,0,0,0,1.8901,-0.2303,0.7914,3.4745,1.3688
offline_val_env0,6635520,810,153,0,108.8911,2.2225,1.5000,0.0000,0.6995,-0.1063,-0.3622,-0.0125,0,0,0,0,1.9128,-0.2134,0.7686,3.4745,1.3688
offline_val_env0,6635520,810,154,0,111.2949,2.2367,1.5000,0.0000,-0.3350,-0.2520,0.3560,0.0060,0,0,0,0,1.9101,-0.2299,0.7910,3.4745,1.3688
offline_val_env0,6635520,810,155,0,106.9996,2.2119,1.5000,0.0000,0.5849,-0.1676,-0.4628,-0.0191,0,0,0,0,1.9313,-0.2180,0.7619,3.4745,1.3688
offline_val_env0,6635520,810,156,0,108.1733,2.2280,1.5000,0.0000,-0.3769,-0.2826,0.2164,0.0002,0,0,0,0,1.9282,-0.2366,0.7755,3.4745,1.3688
offline_val_env0,6635520,810,157,0,110.1445,2.2424,1.5000,0.0000,-0.3328,-0.2650,0.3074,0.0040,0,0,0,0,1.9262,-0.2535,0.7948,3.4745,1.3688
offline_val_env0,6635520,810,158,0,110.0338,2.2408,1.5000,0.0000,0.0417,-0.2257,0.0511,-0.0033,0,0,0,0,1.9338,-0.2586,0.7980,3.4745,1.3688
offline_val_env0,6635520,810,159,0,110.2364,2.2402,1.5000,0.0000,0.0193,-0.2232,0.0876,-0.0020,0,0,0,0,1.9407,-0.2643,0.8035,3.4745,1.3688
offline_val_env0,6635520,810,160,0,108.6711,2.2327,1.5000,0.0000,0.1804,-0.2218,-0.1227,-0.0090,0,0,0,0,1.9521,-0.2652,0.7958,3.4745,1.3688
offline_val_env0,6635520,810,161,0,111.0243,2.2465,1.5000,0.0000,-0.3247,-0.2566,0.3509,0.0058,0,0,0,0,1.9503,-0.2817,0.8179,3.4745,1.3688
offline_val_env0,6635520,810,162,0,106.8163,2.2235,1.5000,0.0000,0.5379,-0.1817,-0.4483,-0.0189,0,0,0,0,1.9704,-0.2710,0.7897,3.4745,1.3688
offline_val_env0,6635520,810,163,0,107.9562,2.2392,1.5000,0.0000,-0.3662,-0.2841,0.2124,0.0001,0,0,0,0,1.9681,-0.2894,0.8031,3.4745,1.3688
offline_val_env0,6635520,810,164,0,109.7846,2.2538,1.5000,0.0000,-0.3379,-0.2697,0.2911,0.0033,0,0,0,0,1.9665,-0.3066,0.8213,3.4745,1.3688
offline_val_env0,6635520,810,165,0,112.2342,2.2620,1.5000,0.0000,-0.1921,-0.2249,0.3545,0.0048,0,0,0,0,1.9678,-0.3184,0.8436,3.4745,1.3688
offline_val_env0,6635520,810,166,0,108.8864,2.2330,1.5000,0.0000,0.7087,-0.1032,-0.3700,-0.0122,0,0,0,0,1.9898,-0.2999,0.8204,3.4745,1.3688
offline_val_env0,6635520,810,167,0,111.4430,2.2462,1.5000,0.0000,-0.3092,-0.2472,0.3728,0.0068,0,0,0,0,1.9886,-0.3157,0.8438,3.4745,1.3688
offline_val_env0,6635520,810,168,0,107.5603,2.2181,1.5000,0.0000,0.6726,-0.1291,-0.4249,-0.0168,0,0,0,0,2.0103,-0.2990,0.8171,3.4745,1.3688
offline_val_env0,6635520,810,169,0,109.0360,2.2337,1.5000,0.0000,-0.3634,-0.2774,0.2514,0.0016,0,0,0,0,2.0084,-0.3172,0.8329,3.4745,1.3688
offline_val_env0,6635520,810,170,0,111.6870,2.2468,1.5000,0.0000,-0.3076,-0.2473,0.3842,0.0072,0,0,0,0,2.0075,-0.3330,0.8570,3.4745,1.3688
offline_val_env0,6635520,810,171,0,107.8085,2.2189,1.5000,0.0000,0.6705,-0.1296,-0.4247,-0.0168,0,0,0,0,2.0290,-0.3161,0.8303,3.4745,1.3688
offline_val_env0,6635520,810,172,0,109.4573,2.2338,1.5000,0.0000,-0.3444,-0.2723,0.2710,0.0025,0,0,0,0,2.0277,-0.3336,0.8474,3.4745,1.3688
offline_val_env0,6635520,810,173,0,112.2274,2.2455,1.5000,0.0000,-0.2780,-0.2358,0.3956,0.0059,0,0,0,0,2.0274,-0.3482,0.8722,3.4745,1.3688
offline_val_env0,6635520,810,174,0,108.8902,2.2169,1.5000,0.0000,0.7005,-0.1112,-0.3663,-0.0123,0,0,0,0,2.0488,-0.3296,0.8492,3.4745,1.3688
offline_val_env0,6635520,810,175,0,111.3178,2.2303,1.5000,0.0000,-0.3167,-0.2520,0.3592,0.0062,0,0,0,0,2.0480,-0.3458,0.8718,3.4745,1.3688
offline_val_env0,6635520,810,176,0,107.0483,2.2051,1.5000,0.0000,0.5955,-0.1638,-0.4607,-0.0189,0,0,0,0,2.0684,-0.3318,0.8428,3.4745,1.3688
offline_val_env0,6635520,810,177,0,108.2499,2.2208,1.5000,0.0000,-0.3661,-0.2826,0.2201,0.0004,0,0,0,0,2.0671,-0.3502,0.8567,3.4745,1.3688
offline_val_env0,6635520,810,178,0,110.1869,2.2355,1.5000,0.0000,-0.3429,-0.2661,0.3038,0.0038,0,0,0,0,2.0661,-0.3675,0.8757,3.4745,1.3688
offline_val_env0,6635520,810,179,0,110.4862,2.2355,1.5000,0.0000,0.0055,-0.2227,0.0991,-0.0017,0,0,0,0,2.0731,-0.3731,0.8820,3.4745,1.3688
offline_val_env0,6635520,810,180,0,107.5092,2.2220,1.5000,0.0000,0.3127,-0.2160,-0.2919,-0.0146,0,0,0,0,2.0877,-0.3689,0.8636,3.4745,1.3688
offline_val_env0,6635520,810,181,0,109.0400,2.2371,1.5000,0.0000,-0.3497,-0.2764,0.2576,0.0019,0,0,0,0,2.0871,-0.3867,0.8798,3.4745,1.3688
offline_val_env0,6635520,810,182,0,111.7236,2.2498,1.5000,0.0000,-0.2984,-0.2443,0.3872,0.0074,0,0,0,0,2.0870,-0.4022,0.9041,3.4745,1.3688
offline_val_env0,6635520,810,183,0,107.8242,2.2213,1.5000,0.0000,0.6863,-0.1259,-0.4283,-0.0168,0,0,0,0,2.1079,-0.3837,0.8772,3.4745,1.3688
offline_val_env0,6635520,810,184,0,109.4899,2.2364,1.5000,0.0000,-0.3517,-0.2734,0.2731,0.0025,0,0,0,0,2.1073,-0.4015,0.8944,3.4745,1.3688
offline_val_env0,6635520,810,185,0,112.2731,2.2475,1.5000,0.0000,-0.2640,-0.2365,0.3974,0.0056,0,0,0,0,2.1081,-0.4157,0.9194,3.4745,1.3688
offline_val_env0,6635520,810,186,0,108.9537,2.2183,1.5000,0.0000,0.7155,-0.1041,-0.3663,-0.0117,0,0,0,0,2.1288,-0.3954,0.8964,3.4745,1.3688
offline_val_env0,6635520,810,187,0,111.3954,2.2321,1.5000,0.0000,-0.3246,-0.2524,0.3609,0.0062,0,0,0,0,2.1285,-0.4119,0.9190,3.4745,1.3688
offline_val_env0,6635520,810,188,0,107.3847,2.2045,1.5000,0.0000,0.6587,-0.1396,-0.4369,-0.0175,0,0,0,0,2.1490,-0.3943,0.8916,3.4745,1.3688
offline_val_env0,6635520,810,189,0,108.7652,2.2201,1.5000,0.0000,-0.3633,-0.2785,0.2407,0.0012,0,0,0,0,2.1485,-0.4126,0.9067,3.4745,1.3688
offline_val_env0,6635520,810,190,0,111.2679,2.2336,1.5000,0.0000,-0.3154,-0.2504,0.3675,0.0065,0,0,0,0,2.1486,-0.4287,0.9298,3.4745,1.3688
offline_val_env0,6635520,810,191,0,107.0435,2.2071,1.5000,0.0000,0.6266,-0.1528,-0.4584,-0.0185,0,0,0,0,2.1685,-0.4123,0.9010,3.4745,1.3688
offline_val_env0,6635520,810,192,0,108.2589,2.2228,1.5000,0.0000,-0.3666,-0.2823,0.2216,0.0005,0,0,0,0,2.1683,-0.4308,0.9149,3.4745,1.3688
offline_val_env0,6635520,810,193,0,110.2463,2.2370,1.5000,0.0000,-0.3289,-0.2645,0.3095,0.0041,0,0,0,0,2.1686,-0.4477,0.9344,3.4745,1.3688
offline_val_env0,6635520,810,194,0,110.0300,2.2348,1.5000,0.0000,0.0555,-0.2224,0.0377,-0.0037,0,0,0,0,2.1771,-0.4512,0.9367,3.4745,1.3688
offline_val_env0,6635520,810,195,0,111.8886,2.2403,1.5000,0.0000,-0.1257,-0.2233,0.2845,0.0046,0,0,0,0,2.1813,-0.4605,0.9546,3.4745,1.3688
offline_val_env0,6635520,810,196,0,108.3638,2.2116,1.5000,0.0000,0.6971,-0.1156,-0.3868,-0.0151,0,0,0,0,2.2012,-0.4404,0.9303,3.4745,1.3688
offline_val_env0,6635520,810,197,0,110.4003,2.2256,1.5000,0.0000,-0.3261,-0.2633,0.3155,0.0043,0,0,0,0,2.2018,-0.4572,0.9501,3.4745,1.3688
offline_val_env0,6635520,810,198,0,107.5762,2.2130,1.5000,0.0000,0.2906,-0.2167,-0.2732,-0.0140,0,0,0,0,2.2157,-0.4528,0.9330,3.4745,1.3688
offline_val_env0,6635520,810,199,0,109.0956,2.2281,1.5000,0.0000,-0.3505,-0.2757,0.2564,0.0019,0,0,0,0,2.2162,-0.4706,0.9491,3.4745,1.3688
offline_val_env0,6635520,810,200,0,111.6786,2.2409,1.5000,0.0000,-0.3005,-0.2463,0.3760,0.0069,0,0,0,0,2.2172,-0.4861,0.9727,3.4745,1.3688
offline_val_env0,6635520,810,201,0,107.7349,2.2132,1.5000,0.0000,0.6650,-0.1302,-0.4322,-0.0171,0,0,0,0,2.2365,-0.4671,0.9455,3.4745,1.3688
offline_val_env0,6635520,810,202,0,109.4957,2.2281,1.5000,0.0000,-0.3447,-0.2695,0.2836,0.0030,0,0,0,0,2.2371,-0.4846,0.9634,3.4745,1.3688
offline_val_env0,6635520,810,203,0,112.2040,2.2391,1.5000,0.0000,-0.2619,-0.2316,0.3873,0.0059,0,0,0,0,2.2388,-0.4984,0.9877,3.4745,1.3688
offline_val_env0,6635520,810,204,0,108.9747,2.2100,1.5000,0.0000,0.7151,-0.1036,-0.3555,-0.0119,0,0,0,0,2.2580,-0.4768,0.9654,3.4745,1.3688
offline_val_env0,6635520,810,205,0,111.4491,2.2232,1.5000,0.0000,-0.3119,-0.2503,0.3646,0.0064,0,0,0,0,2.2591,-0.4928,0.9883,3.4745,1.3688
offline_val_env0,6635520,810,206,0,107.1679,2.1968,1.5000,0.0000,0.6269,-0.1514,-0.4656,-0.0188,0,0,0,0,2.2779,-0.4752,0.9590,3.4745,1.3688
offline_val_env0,6635520,810,207,0,108.3408,2.2126,1.5000,0.0000,-0.3698,-0.2833,0.2173,0.0003,0,0,0,0,2.2787,-0.4938,0.9727,3.4745,1.3688
offline_val_env0,6635520,810,208,0,110.4178,2.2271,1.5000,0.0000,-0.3376,-0.2610,0.3195,0.0045,0,0,0,0,2.2798,-0.5108,0.9928,3.4745,1.3688
offline_val_env0,6635520,810,209,0,107.0757,2.2116,1.5000,0.0000,0.3571,-0.2067,-0.3376,-0.0160,0,0,0,0,2.2945,-0.5034,0.9715,3.4745,1.3688
offline_val_env0,6635520,810,210,0,108.4104,2.2268,1.5000,0.0000,-0.3524,-0.2792,0.2350,0.0011,0,0,0,0,2.2958,-0.5213,0.9863,3.4745,1.3688
offline_val_env0,6635520,810,211,0,110.7026,2.2404,1.5000,0.0000,-0.3167,-0.2540,0.3429,0.0055,0,0,0,0,2.2972,-0.5375,1.0079,3.4745,1.3688
offline_val_env0,6635520,810,212,0,107.3574,2.2240,1.5000,0.0000,0.3810,-0.2030,-0.3395,-0.0159,0,0,0,0,2.3122,-0.5290,0.9865,3.4745,1.3688
offline_val_env0,6635520,810,213,0,108.8647,2.2388,1.5000,0.0000,-0.3397,-0.2751,0.2544,0.0019,0,0,0,0,2.3139,-0.5464,1.0025,3.4745,1.3688
offline_val_env0,6635520,810,214,0,111.5214,2.2508,1.5000,0.0000,-0.2809,-0.2422,0.3833,0.0073,0,0,0,0,2.3160,-0.5610,1.0266,3.4745,1.3688
offline_val_env0,6635520,810,215,0,107.4167,2.2224,1.5000,0.0000,0.6784,-0.1343,-0.4501,-0.0178,0,0,0,0,2.3347,-0.5406,0.9983,3.4745,1.3688
offline_val_env0,6635520,810,216,0,108.9467,2.2370,1.5000,0.0000,-0.3348,-0.2759,0.2575,0.0020,0,0,0,0,2.3367,-0.5578,1.0145,3.4745,1.3688
offline_val_env0,6635520,810,217,0,111.6120,2.2486,1.5000,0.0000,-0.2708,-0.2423,0.3846,0.0074,0,0,0,0,2.3392,-0.5722,1.0387,3.4745,1.3688
offline_val_env0,6635520,810,218,0,107.6121,2.2194,1.5000,0.0000,0.7014,-0.1252,-0.4403,-0.0172,0,0,0,0,2.3578,-0.5505,1.0110,3.4745,1.3688
offline_val_env0,6635520,810,219,0,109.3104,2.2336,1.5000,0.0000,-0.3282,-0.2718,0.2767,0.0028,0,0,0,0,2.3600,-0.5674,1.0284,3.4745,1.3688
offline_val_env0,6635520,810,220,0,112.1354,2.2447,1.5000,0.0000,-0.2606,-0.2347,0.4019,0.0070,0,0,0,0,2.3627,-0.5812,1.0536,3.4745,1.3688
offline_val_env0,6635520,810,221,0,108.9049,2.2147,1.5000,0.0000,0.7346,-0.0985,-0.3570,-0.0125,0,0,0,0,2.3806,-0.5576,1.0312,3.4745,1.3688
offline_val_env0,6635520,810,222,0,111.4560,2.2273,1.5000,0.0000,-0.2942,-0.2455,0.3723,0.0068,0,0,0,0,2.3830,-0.5728,1.0546,3.4745,1.3688
offline_val_env0,6635520,810,223,0,107.4426,2.1993,1.5000,0.0000,0.6689,-0.1339,-0.4388,-0.0174,0,0,0,0,2.4009,-0.5521,1.0270,3.4745,1.3688
offline_val_env0,6635520,810,224,0,108.9298,2.2139,1.5000,0.0000,-0.3363,-0.2768,0.2534,0.0018,0,0,0,0,2.4034,-0.5694,1.0429,3.4745,1.3688
offline_val_env0,6635520,810,225,0,111.5300,2.2268,1.5000,0.0000,-0.3030,-0.2444,0.3778,0.0070,0,0,0,0,2.4057,-0.5848,1.0667,3.4745,1.3688
offline_val_env0,6635520,810,226,0,107.6959,2.1983,1.5000,0.0000,0.6847,-0.1241,-0.4204,-0.0166,0,0,0,0,2.4233,-0.5632,1.0403,3.4745,1.3688
offline_val_env0,6635520,810,227,0,109.4172,2.2128,1.5000,0.0000,-0.3354,-0.2707,0.2798,0.0029,0,0,0,0,2.4258,-0.5802,1.0578,3.4745,1.3688
offline_val_env0,6635520,810,228,0,112.1366,2.2235,1.5000,0.0000,-0.2505,-0.2309,0.3889,0.0066,0,0,0,0,2.4290,-0.5935,1.0823,3.4745,1.3688
offline_val_env0,6635520,810,229,0,108.8204,2.1946,1.5000,0.0000,0.7068,-0.1079,-0.3643,-0.0130,0,0,0,0,2.4461,-0.5706,1.0594,3.4745,1.3688
offline_val_env0,6635520,810,230,0,111.2134,2.2075,1.5000,0.0000,-0.3021,-0.2514,0.3557,0.0061,0,0,0,0,2.4489,-0.5860,1.0817,3.4745,1.3688
offline_val_env0,6635520,810,231,0,107.0360,2.1804,1.5000,0.0000,0.6414,-0.1468,-0.4539,-0.0183,0,0,0,0,2.4662,-0.5661,1.0532,3.4745,1.3688
offline_val_env0,6635520,810,232,0,108.1551,2.1958,1.5000,0.0000,-0.3602,-0.2836,0.2115,0.0001,0,0,0,0,2.4689,-0.5843,1.0665,3.4745,1.3688
offline_val_env0,6635520,810,233,0,110.0861,2.2097,1.5000,0.0000,-0.3216,-0.2650,0.3038,0.0039,0,0,0,0,2.4719,-0.6006,1.0856,3.4745,1.3688
offline_val_env0,6635520,810,234,0,111.3092,2.2130,1.5000,0.0000,-0.0747,-0.2200,0.2088,0.0020,0,0,0,0,2.4783,-0.6074,1.0987,3.4745,1.3688
offline_val_env0,6635520,810,235,0,107.0622,2.1862,1.5000,0.0000,0.6361,-0.1493,-0.4617,-0.0186,0,0,0,0,2.4952,-0.5874,1.0697,3.4745,1.3688
offline_val_env0,6635520,810,236,0,108.2731,2.2013,1.5000,0.0000,-0.3518,-0.2825,0.2221,0.0005,0,0,0,0,2.4984,-0.6052,1.0837,3.4745,1.3688
offline_val_env0,6635520,810,237,0,110.3944,2.2148,1.5000,0.0000,-0.3112,-0.2603,0.3251,0.0048,0,0,0,0,2.5017,-0.6211,1.1041,3.4745,1.3688
offline_val_env0,6635520,810,238,0,107.7594,2.2022,1.5000,0.0000,0.2933,-0.2078,-0.2530,-0.0132,0,0,0,0,2.5145,-0.6143,1.0882,3.4745,1.3688
offline_val_env0,6635520,810,239,0,109.5390,2.2165,1.5000,0.0000,-0.3297,-0.2695,0.2864,0.0032,0,0,0,0,2.5179,-0.6310,1.1062,3.4745,1.3688
offline_val_env0,6635520,810,240,0,112.2596,2.2262,1.5000,0.0000,-0.2299,-0.2254,0.3876,0.0056,0,0,0,0,2.5218,-0.6433,1.1305,3.4745,1.3688
offline_val_env0,6635520,810,241,0,109.1353,2.1967,1.5000,0.0000,0.7249,-0.0986,-0.3443,-0.0109,0,0,0,0,2.5377,-0.6187,1.1089,3.4745,1.3688
offline_val_env0,6635520,810,242,0,111.7819,2.2079,1.5000,0.0000,-0.2613,-0.2365,0.3821,0.0074,0,0,0,0,2.5416,-0.6323,1.1329,3.4745,1.3688
offline_val_env0,6635520,810,243,0,108.3231,2.1792,1.5000,0.0000,0.6978,-0.1136,-0.3788,-0.0149,0,0,0,0,2.5575,-0.6090,1.1091,3.4745,1.3688
offline_val_env0,6635520,810,244,0,110.3540,2.1929,1.5000,0.0000,-0.3195,-0.2632,0.3159,0.0043,0,0,0,0,2.5612,-0.6251,1.1290,3.4745,1.3688
offline_val_env0,6635520,810,245,0,107.1906,2.1793,1.5000,0.0000,0.3138,-0.2111,-0.3142,-0.0154,0,0,0,0,2.5742,-0.6174,1.1092,3.4745,1.3688
offline_val_env0,6635520,810,246,0,108.4629,2.1942,1.5000,0.0000,-0.3462,-0.2820,0.2297,0.0008,0,0,0,0,2.5782,-0.6348,1.1237,3.4745,1.3688
offline_val_env0,6635520,810,247,0,110.7666,2.2072,1.5000,0.0000,-0.3020,-0.2542,0.3456,0.0057,0,0,0,0,2.5821,-0.6501,1.1454,3.4745,1.3688
offline_val_env0,6635520,810,248,0,106.5474,2.1846,1.5000,0.0000,0.5237,-0.1819,-0.4484,-0.0190,0,0,0,0,2.5974,-0.6340,1.1172,3.4745,1.3688
offline_val_env0,6635520,810,249,0,107.6337,2.1998,1.5000,0.0000,-0.3521,-0.2858,0.2078,-0.0001,0,0,0,0,2.6015,-0.6517,1.1303,3.4745,1.3688
offline_val_env0,6635520,810,250,0,109.4054,2.2137,1.5000,0.0000,-0.3189,-0.2703,0.2858,0.0032,0,0,0,0,2.6058,-0.6678,1.1482,3.4745,1.3688
offline_val_env0,6635520,810,251,0,112.0752,2.2232,1.5000,0.0000,-0.2228,-0.2261,0.3818,0.0071,0,0,0,0,2.6104,-0.6796,1.1722,3.4745,1.3688
offline_val_env0,6635520,810,252,0,108.9727,2.1935,1.5000,0.0000,0.7301,-0.0973,-0.3418,-0.0125,0,0,0,0,2.6253,-0.6542,1.1507,3.4745,1.3688
offline_val_env0,6635520,810,253,0,111.6024,2.2049,1.5000,0.0000,-0.2653,-0.2385,0.3806,0.0073,0,0,0,0,2.6297,-0.6678,1.1746,3.4745,1.3688
offline_val_env0,6635520,810,254,0,108.0102,2.1769,1.5000,0.0000,0.6770,-0.1206,-0.3923,-0.0155,0,0,0,0,2.6446,-0.6447,1.1500,3.4745,1.3688
offline_val_env0,6635520,810,255,0,109.7872,2.1909,1.5000,0.0000,-0.3262,-0.2697,0.2873,0.0032,0,0,0,0,2.6491,-0.6610,1.1680,3.4745,1.3688
offline_val_env0,6635520,810,256,0,111.1891,2.1957,1.5000,0.0000,-0.1090,-0.2221,0.2310,0.0027,0,0,0,0,2.6556,-0.6685,1.1825,3.4745,1.3688
offline_val_env0,6635520,810,257,0,106.9411,2.1693,1.5000,0.0000,0.6232,-0.1547,-0.4598,-0.0187,0,0,0,0,2.6708,-0.6478,1.1537,3.4745,1.3688
offline_val_env0,6635520,810,258,0,108.0602,2.1845,1.5000,0.0000,-0.3548,-0.2844,0.2121,0.0001,0,0,0,0,2.6754,-0.6654,1.1670,3.4745,1.3688
offline_val_env0,6635520,810,259,0,109.9488,2.1980,1.5000,0.0000,-0.3114,-0.2663,0.2995,0.0037,0,0,0,0,2.6803,-0.6810,1.1858,3.4745,1.3688
offline_val_env0,6635520,810,260,0,109.9182,2.1968,1.5000,0.0000,0.0348,-0.2168,0.0593,-0.0030,0,0,0,0,2.6889,-0.6830,1.1895,3.4745,1.3688
offline_val_env0,6635520,810,261,0,110.5630,2.1987,1.5000,0.0000,-0.0398,-0.2205,0.1405,-0.0004,0,0,0,0,2.6965,-0.6877,1.1984,3.4745,1.3688
offline_val_env0,6635520,810,262,0,107.1674,2.1832,1.5000,0.0000,0.3557,-0.2075,-0.3431,-0.0162,0,0,0,0,2.7094,-0.6775,1.1768,3.4745,1.3688
offline_val_env0,6635520,810,263,0,108.4136,2.1979,1.5000,0.0000,-0.3394,-0.2829,0.2267,0.0007,0,0,0,0,2.7146,-0.6944,1.1911,3.4745,1.3688
offline_val_env0,6635520,810,264,0,110.6099,2.2110,1.5000,0.0000,-0.3038,-0.2577,0.3336,0.0052,0,0,0,0,2.7197,-0.7095,1.2120,3.4745,1.3688
offline_val_env0,6635520,810,265,0,106.8580,2.1920,1.5000,0.0000,0.4386,-0.1935,-0.3896,-0.0174,0,0,0,0,2.7331,-0.6958,1.1875,3.4745,1.3688
offline_val_env0,6635520,810,266,0,108.0873,2.2067,1.5000,0.0000,-0.3373,-0.2832,0.2243,0.0007,0,0,0,0,2.7386,-0.7125,1.2016,3.4745,1.3688
offline_val_env0,6635520,810,267,0,110.1149,2.2197,1.5000,0.0000,-0.2995,-0.2631,0.3146,0.0044,0,0,0,0,2.7440,-0.7275,1.2214,3.4745,1.3688
offline_val_env0,6635520,810,268,0,110.6217,2.2196,1.5000,0.0000,0.0078,-0.2107,0.1209,-0.0007,0,0,0,0,2.7521,-0.7301,1.2290,3.4745,1.3688
offline_val_env0,6635520,810,269,0,107.4415,2.2040,1.5000,0.0000,0.3640,-0.2001,-0.3202,-0.0152,0,0,0,0,2.7645,-0.7190,1.2089,3.4745,1.3688
offline_val_env0,6635520,810,270,0,109.0057,2.2180,1.5000,0.0000,-0.3217,-0.2755,0.2622,0.0022,0,0,0,0,2.7702,-0.7350,1.2253,3.4745,1.3688
offline_val_env0,6635520,810,271,0,111.7123,2.2292,1.5000,0.0000,-0.2600,-0.2353,0.3882,0.0077,0,0,0,0,2.7756,-0.7480,1.2497,3.4745,1.3688
offline_val_env0,6635520,810,272,0,107.7030,2.2004,1.5000,0.0000,0.6902,-0.1284,-0.4403,-0.0173,0,0,0,0,2.7892,-0.7234,1.2221,3.4745,1.3688
offline_val_env0,6635520,810,273,0,109.4265,2.2145,1.5000,0.0000,-0.3243,-0.2721,0.2805,0.0029,0,0,0,0,2.7950,-0.7393,1.2397,3.4745,1.3688
offline_val_env0,6635520,810,274,0,112.1501,2.2245,1.5000,0.0000,-0.2359,-0.2305,0.3894,0.0066,0,0,0,0,2.8006,-0.7512,1.2642,3.4745,1.3688
offline_val_env0,6635520,810,275,0,108.8318,2.1950,1.5000,0.0000,0.7223,-0.1027,-0.3661,-0.0128,0,0,0,0,2.8132,-0.7249,1.2412,3.4745,1.3688
offline_val_env0,6635520,810,276,0,111.2691,2.2075,1.5000,0.0000,-0.2899,-0.2478,0.3600,0.0063,0,0,0,0,2.8189,-0.7391,1.2638,3.4745,1.3688
offline_val_env0,6635520,810,277,0,107.0513,2.1805,1.5000,0.0000,0.6386,-0.1466,-0.4589,-0.0185,0,0,0,0,2.8322,-0.7165,1.2349,3.4745,1.3688
offline_val_env0,6635520,810,278,0,108.2390,2.1952,1.5000,0.0000,-0.3418,-0.2846,0.2202,0.0005,0,0,0,0,2.8384,-0.7332,1.2488,3.4745,1.3688
offline_val_env0,6635520,810,279,0,110.2467,2.2085,1.5000,0.0000,-0.3066,-0.2633,0.3126,0.0043,0,0,0,0,2.8445,-0.7481,1.2684,3.4745,1.3688
offline_val_env0,6635520,810,280,0,109.1736,2.2035,1.5000,0.0000,0.1213,-0.2165,-0.0649,-0.0072,0,0,0,0,2.8542,-0.7461,1.2644,3.4745,1.3688
offline_val_env0,6635520,810,281,0,111.8135,2.2149,1.5000,0.0000,-0.2681,-0.2394,0.3819,0.0074,0,0,0,0,2.8601,-0.7592,1.2883,3.4745,1.3688
offline_val_env0,6635520,810,282,0,108.0292,2.1867,1.5000,0.0000,0.6824,-0.1224,-0.4152,-0.0164,0,0,0,0,2.8725,-0.7343,1.2623,3.4745,1.3688
offline_val_env0,6635520,810,283,0,109.7858,2.2006,1.5000,0.0000,-0.3241,-0.2714,0.2850,0.0031,0,0,0,0,2.8789,-0.7500,1.2802,3.4745,1.3688
offline_val_env0,6635520,810,284,0,112.1083,2.2089,1.5000,0.0000,-0.1942,-0.2245,0.3406,0.0054,0,0,0,0,2.8852,-0.7600,1.3016,3.4745,1.3688
offline_val_env0,6635520,810,285,0,108.8237,2.1801,1.5000,0.0000,0.7032,-0.1089,-0.3599,-0.0131,0,0,0,0,2.8969,-0.7340,1.2790,3.4745,1.3688
offline_val_env0,6635520,810,286,0,111.2102,2.1928,1.5000,0.0000,-0.2970,-0.2499,0.3550,0.0061,0,0,0,0,2.9031,-0.7483,1.3013,3.4745,1.3688
offline_val_env0,6635520,810,287,0,106.8977,2.1680,1.5000,0.0000,0.5837,-0.1675,-0.4638,-0.0191,0,0,0,0,2.9157,-0.7276,1.2721,3.4745,1.3688
offline_val_env0,6635520,810,288,0,107.9179,2.1833,1.5000,0.0000,-0.3562,-0.2873,0.2012,-0.0004,0,0,0,0,2.9225,-0.7446,1.2848,3.4745,1.3688
offline_val_env0,6635520,810,289,0,109.6464,2.1972,1.5000,0.0000,-0.3219,-0.2712,0.2817,0.0030,0,0,0,0,2.9293,-0.7600,1.3025,3.4745,1.3688
offline_val_env0,6635520,810,290,0,112.1744,2.2068,1.5000,0.0000,-0.2275,-0.2304,0.3667,0.0055,0,0,0,0,2.9358,-0.7712,1.3255,3.4745,1.3688
offline_val_env0,6635520,810,291,0,108.9430,2.1779,1.5000,0.0000,0.7087,-0.1093,-0.3536,-0.0123,0,0,0,0,2.9469,-0.7448,1.3033,3.4745,1.3688
offline_val_env0,6635520,810,292,0,111.3252,2.1906,1.5000,0.0000,-0.2987,-0.2500,0.3546,0.0060,0,0,0,0,2.9534,-0.7589,1.3256,3.4745,1.3688
offline_val_env0,6635520,810,293,0,107.0322,2.1651,1.5000,0.0000,0.6025,-0.1626,-0.4629,-0.0190,0,0,0,0,2.9656,-0.7371,1.2965,3.4745,1.3688
offline_val_env0,6635520,810,294,0,108.0761,2.1803,1.5000,0.0000,-0.3566,-0.2865,0.2040,-0.0002,0,0,0,0,2.9727,-0.7540,1.3093,3.4745,1.3688
offline_val_env0,6635520,810,295,0,109.7345,2.1947,1.5000,0.0000,-0.3344,-0.2729,0.2739,0.0026,0,0,0,0,2.9798,-0.7697,1.3265,3.4745,1.3688
offline_val_env0,6635520,810,296,0,112.1994,2.2044,1.5000,0.0000,-0.2309,-0.2316,0.3596,0.0050,0,0,0,0,2.9866,-0.7809,1.3491,3.4745,1.3688
offline_val_env0,6635520,810,297,0,109.0476,2.1756,1.5000,0.0000,0.7067,-0.1072,-0.3447,-0.0117,0,0,0,0,2.9970,-0.7543,1.3274,3.4745,1.3688
offline_val_env0,6635520,810,298,0,111.4086,2.1882,1.5000,0.0000,-0.2956,-0.2509,0.3525,0.0060,0,0,0,0,3.0039,-0.7682,1.3496,3.4745,1.3688
offline_val_env0,6635520,810,299,0,107.2327,2.1622,1.5000,0.0000,0.6169,-0.1592,-0.4500,-0.0184,0,0,0,0,3.0155,-0.7455,1.3213,3.4745,1.3688
offline_val_env0,6635520,810,300,0,108.3150,2.1778,1.5000,0.0000,-0.3662,-0.2860,0.2086,-0.0001,0,0,0,0,3.0230,-0.7625,1.3344,3.4745,1.3688
offline_val_env0,6635520,810,301,0,110.0443,2.1920,1.5000,0.0000,-0.3329,-0.2714,0.2822,0.0029,0,0,0,0,3.0304,-0.7780,1.3522,3.4745,1.3688
offline_val_env0,6635520,810,302,0,111.7733,2.1985,1.5000,0.0000,-0.1530,-0.2276,0.2714,0.0039,0,0,0,0,3.0380,-0.7860,1.3692,3.4745,1.3688
offline_val_env0,6635520,810,303,0,108.0968,2.1707,1.5000,0.0000,0.6735,-0.1266,-0.4008,-0.0159,0,0,0,0,3.0483,-0.7606,1.3440,3.4745,1.3688
offline_val_env0,6635520,810,304,0,109.6885,2.1847,1.5000,0.0000,-0.3271,-0.2754,0.2671,0.0024,0,0,0,0,3.0561,-0.7758,1.3608,3.4745,1.3688
offline_val_env0,6635520,810,305,0,111.9300,2.1940,1.5000,0.0000,-0.2194,-0.2328,0.3337,0.0058,0,0,0,0,3.0634,-0.7863,1.3818,3.4745,1.3688
offline_val_env0,6635520,810,306,0,108.3611,2.1666,1.5000,0.0000,0.6647,-0.1268,-0.3881,-0.0155,0,0,0,0,3.0734,-0.7612,1.3574,3.4745,1.3688
offline_val_env0,6635520,810,307,0,110.0524,2.1812,1.5000,0.0000,-0.3423,-0.2718,0.2781,0.0027,0,0,0,0,3.0811,-0.7769,1.3749,3.4745,1.3688
offline_val_env0,6635520,810,308,0,111.4838,2.1876,1.5000,0.0000,-0.1504,-0.2322,0.2376,0.0026,0,0,0,0,3.0890,-0.7846,1.3898,3.4745,1.3688
offline_val_env0,6635520,810,309,0,107.3807,2.1614,1.5000,0.0000,0.6245,-0.1506,-0.4440,-0.0180,0,0,0,0,3.0994,-0.7611,1.3619,3.4745,1.3688
offline_val_env0,6635520,810,310,0,108.5224,2.1769,1.5000,0.0000,-0.3631,-0.2858,0.2159,0.0002,0,0,0,0,3.1076,-0.7777,1.3755,3.4745,1.3688
offline_val_env0,6635520,810,311,0,110.4589,2.1911,1.5000,0.0000,-0.3338,-0.2656,0.3054,0.0039,0,0,0,0,3.1155,-0.7928,1.3947,3.4745,1.3688
offline_val_env0,6635520,810,312,0,108.4168,2.1821,1.5000,0.0000,0.2123,-0.2180,-0.1791,-0.0110,0,0,0,0,3.1255,-0.7860,1.3834,3.4745,1.3688
offline_val_env0,6635520,810,313,0,110.3497,2.1962,1.5000,0.0000,-0.3289,-0.2666,0.3051,0.0039,0,0,0,0,3.1336,-0.8009,1.4026,3.4745,1.3688
offline_val_env0,6635520,810,314,0,110.2630,2.1948,1.5000,0.0000,0.0380,-0.2216,0.0541,-0.0032,0,0,0,0,3.1425,-0.8009,1.4060,3.4745,1.3688
offline_val_env0,6635520,810,315,0,111.0187,2.1970,1.5000,0.0000,-0.0501,-0.2258,0.1553,0.0001,0,0,0,0,3.1511,-0.8043,1.4157,3.4745,1.3688
offline_val_env0,6635520,810,316,0,106.8820,2.1755,1.5000,0.0000,0.5024,-0.1898,-0.4364,-0.0188,0,0,0,0,3.1617,-0.7857,1.3883,3.4745,1.3688
offline_val_env0,6635520,810,317,0,107.8259,2.1913,1.5000,0.0000,-0.3708,-0.2890,0.1921,-0.0008,0,0,0,0,3.1704,-0.8023,1.4004,3.4745,1.3688
offline_val_env0,6635520,810,318,0,109.4622,2.2056,1.5000,0.0000,-0.3310,-0.2748,0.2713,0.0025,0,0,0,0,3.1790,-0.8173,1.4174,3.4745,1.3688
offline_val_env0,6635520,810,319,0,112.0850,2.2166,1.5000,0.0000,-0.2601,-0.2401,0.3802,0.0066,0,0,0,0,3.1869,-0.8290,1.4413,3.4745,1.3688
offline_val_env0,6635520,810,320,0,108.6210,2.1882,1.5000,0.0000,0.6920,-0.1165,-0.3792,-0.0142,0,0,0,0,3.1951,-0.8022,1.4175,3.4745,1.3688
offline_val_env0,6635520,810,321,0,110.7248,2.2016,1.5000,0.0000,-0.3139,-0.2626,0.3244,0.0047,0,0,0,0,3.2036,-0.8162,1.4379,3.4745,1.3688
offline_val_env0,6635520,810,322,0,107.0288,2.1854,1.5000,0.0000,0.3735,-0.2049,-0.3798,-0.0175,0,0,0,0,3.2137,-0.8024,1.4140,3.4745,1.3688
offline_val_env0,6635520,810,323,0,108.1727,2.2007,1.5000,0.0000,-0.3571,-0.2857,0.2150,0.0002,0,0,0,0,3.2227,-0.8183,1.4275,3.4745,1.3688
offline_val_env0,6635520,810,324,0,110.0033,2.2148,1.5000,0.0000,-0.3280,-0.2705,0.2932,0.0034,0,0,0,0,3.2316,-0.8329,1.4459,3.4745,1.3688
offline_val_env0,6635520,810,325,0,111.4972,2.2199,1.5000,0.0000,-0.1177,-0.2237,0.2417,0.0030,0,0,0,0,3.2398,-0.8386,1.4611,3.4745,1.3688
offline_val_env0,6635520,810,326,0,107.3612,2.1937,1.5000,0.0000,0.6226,-0.1507,-0.4486,-0.0182,0,0,0,0,3.2486,-0.8146,1.4329,3.4745,1.3688
offline_val_env0,6635520,810,327,0,108.7393,2.2087,1.5000,0.0000,-0.3493,-0.2810,0.2416,0.0013,0,0,0,0,3.2578,-0.8299,1.4481,3.4745,1.3688
offline_val_env0,6635520,810,328,0,110.9535,2.2225,1.5000,0.0000,-0.3218,-0.2586,0.3357,0.0052,0,0,0,0,3.2665,-0.8440,1.4692,3.4745,1.3688
offline_val_env0,6635520,810,329,0,106.9175,2.2027,1.5000,0.0000,0.4573,-0.1990,-0.4225,-0.0186,0,0,0,0,3.2762,-0.8266,1.4427,3.4745,1.3688
offline_val_env0,6635520,810,330,0,108.1323,2.2184,1.5000,0.0000,-0.3629,-0.2845,0.2223,0.0005,0,0,0,0,3.2857,-0.8424,1.4566,3.4745,1.3688
offline_val_env0,6635520,810,331,0,110.0482,2.2325,1.5000,0.0000,-0.3286,-0.2678,0.3019,0.0038,0,0,0,0,3.2948,-0.8567,1.4756,3.4745,1.3688
offline_val_env0,6635520,810,332,0,111.6981,2.2366,1.5000,0.0000,-0.0926,-0.2193,0.2588,0.0039,0,0,0,0,3.3032,-0.8612,1.4919,3.4745,1.3688
offline_val_env0,6635520,810,333,0,107.8146,2.2086,1.5000,0.0000,0.6730,-0.1285,-0.4255,-0.0168,0,0,0,0,3.3104,-0.8348,1.4651,3.4745,1.3688
offline_val_env0,6635520,810,334,0,109.4399,2.2233,1.5000,0.0000,-0.3411,-0.2759,0.2696,0.0024,0,0,0,0,3.3200,-0.8495,1.4821,3.4745,1.3688
offline_val_env0,6635520,810,335,0,112.0923,2.2350,1.5000,0.0000,-0.2772,-0.2427,0.3838,0.0066,0,0,0,0,3.3287,-0.8614,1.5062,3.4745,1.3688
offline_val_env0,6635520,810,336,0,108.6714,2.2067,1.5000,0.0000,0.6918,-0.1125,-0.3755,-0.0139,0,0,0,0,3.3349,-0.8341,1.4826,3.4745,1.3688
offline_val_env0,6635520,810,337,0,110.9315,2.2204,1.5000,0.0000,-0.3216,-0.2581,0.3411,0.0054,0,0,0,0,3.3441,-0.8478,1.5040,3.4745,1.3688
offline_val_env0,6635520,810,338,0,106.7645,2.2003,1.5000,0.0000,0.4640,-0.1976,-0.4384,-0.0191,0,0,0,0,3.3532,-0.8299,1.4765,3.4745,1.3688
offline_val_env0,6635520,810,339,0,107.8866,2.2160,1.5000,0.0000,-0.3651,-0.2865,0.2117,0.0000,0,0,0,0,3.3633,-0.8455,1.4898,3.4745,1.3688
offline_val_env0,6635520,810,340,0,109.5247,2.2307,1.5000,0.0000,-0.3400,-0.2758,0.2709,0.0025,0,0,0,0,3.3731,-0.8599,1.5068,3.4745,1.3688
offline_val_env0,6635520,810,341,0,112.2301,2.2423,1.5000,0.0000,-0.2759,-0.2389,0.3889,0.0056,0,0,0,0,3.3820,-0.8715,1.5313,3.4745,1.3688
offline_val_env0,6635520,810,342,0,109.0323,2.2134,1.5000,0.0000,0.7087,-0.1029,-0.3520,-0.0116,0,0,0,0,3.3872,-0.8434,1.5091,3.4745,1.3688
offline_val_env0,6635520,810,343,0,111.5611,2.2263,1.5000,0.0000,-0.3033,-0.2472,0.3702,0.0067,0,0,0,0,3.3963,-0.8561,1.5324,3.4745,1.3688
offline_val_env0,6635520,810,344,0,107.5051,2.1995,1.5000,0.0000,0.6385,-0.1391,-0.4426,-0.0178,0,0,0,0,3.4029,-0.8308,1.5046,3.4745,1.3688
offline_val_env0,6635520,810,345,0,108.9763,2.2149,1.5000,0.0000,-0.3567,-0.2785,0.2518,0.0017,0,0,0,0,3.4130,-0.8458,1.5204,3.4745,1.3688
offline_val_env0,6635520,810,346,0,111.4474,2.2280,1.5000,0.0000,-0.3098,-0.2509,0.3642,0.0064,0,0,0,0,3.4224,-0.8586,1.5433,3.4745,1.3688
offline_val_env0,6635520,810,347,0,107.3408,2.2012,1.5000,0.0000,0.6384,-0.1439,-0.4471,-0.0180,0,0,0,0,3.4289,-0.8333,1.5152,3.4745,1.3688
offline_val_env0,6635520,810,348,0,108.7276,2.2169,1.5000,0.0000,-0.3642,-0.2804,0.2420,0.0012,0,0,0,0,3.4393,-0.8484,1.5304,3.4745,1.3688
offline_val_env0,6635520,810,349,0,111.1027,2.2301,1.5000,0.0000,-0.3075,-0.2535,0.3533,0.0060,0,0,0,0,3.4489,-0.8611,1.5526,3.4745,1.3688
offline_val_env0,6635520,810,350,0,106.7408,2.2067,1.5000,0.0000,0.5443,-0.1774,-0.4676,-0.0196,0,0,0,0,3.4564,-0.8395,1.5232,3.4745,1.3688
offline_val_env0,6635520,810,351,0,107.9210,2.2224,1.5000,0.0000,-0.3642,-0.2850,0.2180,0.0003,0,0,0,0,3.4671,-0.8546,1.5369,3.4745,1.3688
offline_val_env0,6635520,810,352,0,109.7483,2.2372,1.5000,0.0000,-0.3443,-0.2691,0.2913,0.0033,0,0,0,0,3.4774,-0.8687,1.5552,3.4745,1.3688
offline_val_env0,6635520,810,353,0,111.8253,2.2438,1.5000,0.0000,-0.1533,-0.2225,0.3100,0.0054,0,0,0,0,3.4862,-0.8750,1.5747,3.4745,1.3688
offline_val_env0,6635520,810,354,0,108.2074,2.2158,1.5000,0.0000,0.6787,-0.1131,-0.3985,-0.0156,0,0,0,0,3.4906,-0.8478,1.5497,3.4745,1.3688
offline_val_env0,6635520,810,355,0,110.1656,2.2300,1.5000,0.0000,-0.3294,-0.2662,0.3067,0.0040,0,0,0,0,3.5010,-0.8612,1.5689,3.4745,1.3688
offline_val_env0,6635520,810,356,0,109.0245,2.2256,1.5000,0.0000,0.1041,-0.2219,-0.0722,-0.0075,0,0,0,0,3.5099,-0.8571,1.5644,3.4745,1.3688
offline_val_env0,6635520,810,357,0,111.6459,2.2384,1.5000,0.0000,-0.3011,-0.2435,0.3798,0.0071,0,0,0,0,3.5195,-0.8692,1.5883,3.4745,1.3688
offline_val_env0,6635520,810,358,0,107.7004,2.2111,1.5000,0.0000,0.6557,-0.1278,-0.4330,-0.0172,0,0,0,0,3.5242,-0.8429,1.5611,3.4745,1.3688
offline_val_env0,6635520,810,359,0,109.3921,2.2258,1.5000,0.0000,-0.3408,-0.2729,0.2764,0.0027,0,0,0,0,3.5350,-0.8566,1.5784,3.4745,1.3688
offline_val_env0,6635520,810,360,0,111.9074,2.2367,1.5000,0.0000,-0.2570,-0.2297,0.3638,0.0069,0,0,0,0,3.5442,-0.8668,1.6013,3.4745,1.3688
offline_val_env0,6635520,810,361,0,108.3050,2.2083,1.5000,0.0000,0.6907,-0.1141,-0.3964,-0.0155,0,0,0,0,3.5480,-0.8391,1.5764,3.4745,1.3688
offline_val_env0,6635520,810,362,0,110.3647,2.2228,1.5000,0.0000,-0.3399,-0.2610,0.3175,0.0044,0,0,0,0,3.5585,-0.8526,1.5963,3.4745,1.3688
offline_val_env0,6635520,810,363,0,107.4716,2.2106,1.5000,0.0000,0.2803,-0.2114,-0.2830,-0.0144,0,0,0,0,3.5666,-0.8412,1.5786,3.4745,1.3688
offline_val_env0,6635520,810,364,0,108.9995,2.2261,1.5000,0.0000,-0.3596,-0.2758,0.2574,0.0019,0,0,0,0,3.5778,-0.8555,1.5947,3.4745,1.3688
offline_val_env0,6635520,810,365,0,111.6761,2.2387,1.5000,0.0000,-0.2952,-0.2397,0.3854,0.0074,0,0,0,0,3.5876,-0.8671,1.6189,3.4745,1.3688
offline_val_env0,6635520,810,366,0,108.0153,2.2103,1.5000,0.0000,0.6860,-0.1142,-0.4030,-0.0158,0,0,0,0,3.5909,-0.8394,1.5936,3.4745,1.3688
offline_val_env0,6635520,810,367,0,110.0525,2.2250,1.5000,0.0000,-0.3410,-0.2618,0.3147,0.0043,0,0,0,0,3.6017,-0.8528,1.6134,3.4745,1.3688
offline_val_env0,6635520,810,368,0,110.1976,2.2254,1.5000,0.0000,-0.0044,-0.2194,0.0800,-0.0024,0,0,0,0,3.6104,-0.8526,1.6184,3.4745,1.3688
offline_val_env0,6635520,810,369,0,108.7168,2.2197,1.5000,0.0000,0.1342,-0.2198,-0.1130,-0.0089,0,0,0,0,3.6190,-0.8468,1.6113,3.4745,1.3688
offline_val_env0,6635520,810,370,0,111.2375,2.2329,1.5000,0.0000,-0.3077,-0.2471,0.3687,0.0066,0,0,0,0,3.6293,-0.8587,1.6345,3.4745,1.3688
offline_val_env0,6635520,810,371,0,106.8851,2.2064,1.5000,0.0000,0.6239,-0.1432,-0.4764,-0.0191,0,0,0,0,3.6335,-0.8335,1.6046,3.4745,1.3688
offline_val_env0,6635520,810,372,0,108.1576,2.2218,1.5000,0.0000,-0.3565,-0.2817,0.2283,0.0008,0,0,0,0,3.6452,-0.8473,1.6189,3.4745,1.3688
offline_val_env0,6635520,810,373,0,110.2294,2.2359,1.5000,0.0000,-0.3271,-0.2613,0.3186,0.0045,1,0,0,1,3.6563,-0.8599,1.6389,3.4745,1.3688
offline_val_env0,7454720,910,0,0,112.8648,4.6865,1.5000,0.0000,0.5311,0.0194,-0.1164,0.9970,0,0,0,0,0.0212,0.0008,-0.0073,4.7074,-0.0639
offline_val_env0,7454720,910,1,0,113.1169,4.6699,1.5000,0.0000,0.4112,-0.0143,0.0316,-0.0021,0,0,0,0,0.0377,0.0001,-0.0053,4.7074,-0.0639
offline_val_env0,7454720,910,2,0,113.0154,4.6512,1.5000,0.0000,0.4691,0.0026,-0.0130,-0.0002,0,0,0,0,0.0564,0.0001,-0.0061,4.7074,-0.0639
offline_val_env0,7454720,910,3,0,113.4234,4.6342,1.5000,0.0000,0.4210,-0.0110,0.0497,-0.0027,0,0,0,0,0.0733,-0.0005,-0.0030,4.7074,-0.0639
offline_val_env0,7454720,910,4,0,113.2811,4.6147,1.5000,0.0000,0.4896,0.0067,-0.0186,0.0001,0,0,0,0,0.0929,-0.0002,-0.0042,4.7074,-0.0639
offline_val_env0,7454720,910,5,0,113.3727,4.5954,1.5000,0.0000,0.4828,0.0050,0.0096,-0.0010,0,0,0,0,0.1122,-0.0001,-0.0036,4.7074,-0.0639
offline_val_env0,7454720,910,6,0,112.8573,4.5733,1.5000,0.0000,0.5553,0.0243,-0.0656,0.0021,0,0,0,0,0.1344,0.0008,-0.0077,4.7074,-0.0639
offline_val_env0,7454720,910,7,0,112.7938,4.5529,1.5000,0.0000,0.5121,0.0114,-0.0096,-0.0002,0,0,0,0,0.1549,0.0011,-0.0083,4.7074,-0.0639
offline_val_env0,7454720,910,8,0,112.6348,4.5319,1.5000,0.0000,0.5254,0.0159,-0.0216,0.0003,0,0,0,0,0.1759,0.0015,-0.0097,4.7074,-0.0639
offline_val_env0,7454720,910,9,0,112.8541,4.5121,1.5000,0.0000,0.4932,0.0072,0.0248,-0.0015,0,0,0,0,0.1956,0.0016,-0.0081,4.7074,-0.0639
offline_val_env0,7454720,910,10,0,112.5365,4.4900,1.5000,0.0000,0.5543,0.0224,-0.0415,0.0012,0,0,0,0,0.2178,0.0023,-0.0107,4.7074,-0.0639
offline_val_env0,7454720,910,11,0,112.1615,4.4672,1.5000,0.0000,0.5719,0.0272,-0.0489,0.0015,0,0,0,0,0.2407,0.0032,-0.0138,4.7074,-0.0639
offline_val_env0,7454720,910,12,0,112.3354,4.4460,1.5000,0.0000,0.5280,0.0143,0.0186,-0.0011,0,0,0,0,0.2618,0.0035,-0.0126,4.7074,-0.0639
offline_val_env0,7454720,910,13,0,112.7915,4.4260,1.5000,0.0000,0.4997,0.0063,0.0533,-0.0025,0,0,0,0,0.2818,0.0035,-0.0093,4.7074,-0.0639
offline_val_env0,7454720,910,14,0,112.0088,4.4009,1.5000,0.0000,0.6302,0.0425,-0.1000,0.0036,0,0,0,0,0.3070,0.0049,-0.0156,4.7074,-0.0639
offline_val_env0,7454720,910,15,0,112.4412,4.3804,1.5000,0.0000,0.5109,0.0082,0.0504,-0.0024,0,0,0,0,0.3275,0.0049,-0.0124,4.7074,-0.0639
offline_val_env0,7454720,910,16,0,112.2903,4.3572,1.5000,0.0000,0.5799,0.0249,-0.0219,0.0006,0,0,0,0,0.3507,0.0056,-0.0138,4.7074,-0.0639
offline_val_env0,7454720,910,17,0,112.2155,4.3341,1.5000,0.0000,0.5786,0.0238,-0.0126,0.0002,0,0,0,0,0.3738,0.0063,-0.0146,4.7074,-0.0639
offline_val_env0,7454720,910,18,0,112.2389,4.3111,1.5000,0.0000,0.5741,0.0217,-0.0006,-0.0002,0,0,0,0,0.3968,0.0068,-0.0146,4.7074,-0.0639
offline_val_env0,7454720,910,19,0,112.4481,4.2887,1.5000,0.0000,0.5600,0.0179,0.0221,-0.0011,0,0,0,0,0.4192,0.0072,-0.0132,4.7074,-0.0639
offline_val_env0,7454720,910,20,0,112.6478,4.2660,1.5000,0.0000,0.5673,0.0182,0.0208,-0.0011,0,0,0,0,0.4419,0.0076,-0.0119,4.7074,-0.0639
offline_val_env0,7454720,910,21,0,111.7021,4.2387,1.5000,0.0000,0.6829,0.0521,-0.1211,0.0020,0,0,0,0,0.4693,0.0094,-0.0195,4.7074,-0.0639
offline_val_env0,7454720,910,22,0,112.5145,4.2179,1.5000,0.0000,0.5205,0.0084,0.0958,-0.0014,0,0,0,0,0.4901,0.0093,-0.0135,4.7074,-0.0639
offline_val_env0,7454720,910,23,0,111.6427,4.1904,1.5000,0.0000,0.6871,0.0525,-0.1123,0.0011,0,0,0,0,0.5176,0.0110,-0.0206,4.7074,-0.0639
offline_val_env0,7454720,910,24,0,111.8787,4.1668,1.5000,0.0000,0.5919,0.0263,0.0244,0.0010,0,0,0,0,0.5413,0.0116,-0.0190,4.7074,-0.0639
offline_val_env0,7454720,910,25,0,111.3318,4.1398,1.5000,0.0000,0.6726,0.0476,-0.0724,-0.0021,0,0,0,0,0.5682,0.0130,-0.0236,4.7074,-0.0639
offline_val_env0,7454720,910,26,0,110.7793,4.1128,1.5000,0.0000,0.6719,0.0479,-0.0728,-0.0021,0,0,0,0,0.5951,0.0143,-0.0281,4.7074,-0.0639
offline_val_env0,7454720,910,27,0,110.3030,4.0861,1.5000,0.0000,0.6632,0.0493,-0.0635,-0.0018,0,0,0,0,0.6217,0.0155,-0.0321,4.7074,-0.0639
offline_val_env0,7454720,910,28,0,109.9261,4.0602,1.5000,0.0000,0.6432,0.0451,-0.0507,-0.0014,0,0,0,0,0.6475,0.0165,-0.0353,4.7074,-0.0639
offline_val_env0,7454720,910,29,0,111.5771,4.0442,1.5000,0.0000,0.4127,0.0004,0.1978,0.0064,0,0,0,0,0.6640,0.0159,-0.0229,4.7074,-0.0639
offline_val_env0,7454720,910,30,0,109.4697,4.0125,1.5000,0.0000,0.7745,0.0873,-0.2647,-0.0084,0,0,0,0,0.6950,0.0187,-0.0395,4.7074,-0.0639
offline_val_env0,7454720,910,31,0,110.5008,3.9939,1.5000,0.0000,0.4755,0.0162,0.1218,0.0039,0,0,0,0,0.7141,0.0186,-0.0319,4.7074,-0.0639
offline_val_env0,7454720,910,32,0,108.5295,3.9626,1.5000,0.0000,0.7544,0.0766,-0.2459,-0.0079,0,0,0,0,0.7443,0.0207,-0.0473,4.7074,-0.0639
offline_val_env0,7454720,910,33,0,112.3269,3.9583,1.5000,0.0000,0.1430,-0.0465,0.4608,0.0116,0,0,0,0,0.7499,0.0186,-0.0184,4.7074,-0.0639
offline_val_env0,7454720,910,34,0,110.0066,3.9294,1.5000,0.0000,0.7101,0.0904,-0.2916,-0.0068,0,0,0,0,0.7784,0.0217,-0.0367,4.7074,-0.0639
offline_val_env0,7454720,910,35,0,107.4715,3.8971,1.5000,0.0000,0.7625,0.0820,-0.3136,-0.0103,0,0,0,0,0.8090,0.0238,-0.0564,4.7074,-0.0639
offline_val_env0,7454720,910,36,0,111.4010,3.9029,1.5000,0.0000,-0.0871,-0.0784,0.4806,0.0138,0,0,0,0,0.8054,0.0209,-0.0262,4.7074,-0.0639
offline_val_env0,7454720,910,37,0,108.7332,3.8729,1.5000,0.0000,0.7209,0.1036,-0.3345,-0.0112,0,0,0,0,0.8343,0.0243,-0.0472,4.7074,-0.0639
offline_val_env0,7454720,910,38,0,110.4970,3.8608,1.5000,0.0000,0.3257,0.0071,0.2104,0.0064,0,0,0,0,0.8473,0.0239,-0.0340,4.7074,-0.0639
offline_val_env0,7454720,910,39,0,107.4674,3.8285,1.5000,0.0000,0.7567,0.1076,-0.3775,-0.0125,0,0,0,0,0.8777,0.0272,-0.0577,4.7074,-0.0639
offline_val_env0,7454720,910,40,0,111.8753,3.8390,1.5000,0.0000,-0.2034,-0.0804,0.5376,0.0154,0,0,0,0,0.8694,0.0245,-0.0240,4.7074,-0.0639
offline_val_env0,7454720,910,41,0,109.0730,3.8099,1.5000,0.0000,0.7040,0.1256,-0.3550,-0.0119,0,0,0,0,0.8977,0.0288,-0.0463,4.7074,-0.0639
offline_val_env0,7454720,910,42,0,108.9404,3.7888,1.5000,0.0000,0.5254,0.0505,-0.0223,-0.0010,0,0,0,0,0.9188,0.0299,-0.0477,4.7074,-0.0639
offline_val_env0,7454720,910,43,0,110.7351,3.7764,1.5000,0.0000,0.3300,0.0239,0.2112,0.0066,0,0,0,0,0.9320,0.0302,-0.0344,4.7074,-0.0639
offline_val_env0,7454720,910,44,0,107.6988,3.7440,1.5000,0.0000,0.7641,0.1369,-0.3839,-0.0125,0,0,0,0,0.9627,0.0346,-0.0585,4.7074,-0.0639
offline_val_env0,7454720,910,45,0,112.1967,3.7570,1.5000,0.0000,-0.2735,-0.0788,0.5480,0.0137,0,0,0,0,0.9516,0.0321,-0.0241,4.7074,-0.0639
offline_val_env0,7454720,910,46,0,109.5363,3.7278,1.5000,0.0000,0.7144,0.1482,-0.3427,-0.0095,0,0,0,0,0.9803,0.0373,-0.0456,4.7074,-0.0639
offline_val_env0,7454720,910,47,0,110.4480,3.7106,1.5000,0.0000,0.4372,0.0580,0.1001,0.0032,0,0,0,0,0.9979,0.0389,-0.0393,4.7074,-0.0639
offline_val_env0,7454720,910,48,0,107.5305,3.6763,1.5000,0.0000,0.8121,0.1281,-0.3682,-0.0117,0,0,0,0,1.0306,0.0427,-0.0625,4.7074,-0.0639
offline_val_env0,7454720,910,49,0,111.2858,3.6893,1.5000,0.0000,-0.2717,-0.0819,0.4601,0.0121,0,0,0,0,1.0195,0.0401,-0.0335,4.7074,-0.0639
offline_val_env0,7454720,910,50,0,108.2975,3.6558,1.5000,0.0000,0.8011,0.1441,-0.3805,-0.0122,0,0,0,0,1.0517,0.0448,-0.0575,4.7074,-0.0639
offline_val_env0,7454720,910,51,0,112.5436,3.6685,1.5000,0.0000,-0.2804,-0.0811,0.5189,0.0095,0,0,0,0,1.0404,0.0422,-0.0248,4.7074,-0.0639
offline_val_env0,7454720,910,52,0,110.1771,3.6394,1.5000,0.0000,0.7215,0.1668,-0.3118,-0.0051,0,0,0,0,1.0694,0.0482,-0.0444,4.7074,-0.0639
offline_val_env0,7454720,910,53,0,112.1077,3.6259,1.5000,0.0000,0.3437,0.0700,0.2187,0.0063,0,0,0,0,1.0832,0.0503,-0.0307,4.7074,-0.0639
offline_val_env0,7454720,910,54,0,109.4963,3.5948,1.5000,0.0000,0.7621,0.1829,-0.3438,-0.0098,0,0,0,0,1.1139,0.0567,-0.0523,4.7074,-0.0639
offline_val_env0,7454720,910,55,0,114.9315,3.6024,1.5000,0.0000,-0.1940,-0.0373,0.6539,-0.0059,0,0,0,0,1.1061,0.0556,-0.0112,4.7074,-0.0639
offline_val_env0,7454720,910,56,0,113.2994,3.5757,1.5000,0.0000,0.6881,0.2056,-0.2338,0.0076,0,0,0,0,1.1337,0.0636,-0.0259,4.7074,-0.0639
offline_val_env0,7454720,910,57,0,111.3045,3.5478,1.5000,0.0000,0.7034,0.1907,-0.2733,0.0032,0,0,0,0,1.1620,0.0704,-0.0431,4.7074,-0.0639
offline_val_env0,7454720,910,58,0,108.7577,3.5127,1.5000,0.0000,0.8536,0.1716,-0.3339,-0.0100,0,0,0,0,1.1964,0.0758,-0.0641,4.7074,-0.0639
offline_val_env0,7454720,910,59,0,112.7658,3.5241,1.5000,0.0000,-0.2607,-0.0855,0.4921,0.0066,0,0,0,0,1.1858,0.0731,-0.0331,4.7074,-0.0639
offline_val_env0,7454720,910,60,0,110.4609,3.4943,1.5000,0.0000,0.7441,0.1967,-0.3114,-0.0027,0,0,0,0,1.2158,0.0800,-0.0527,4.7074,-0.0639
offline_val_env0,7454720,910,61,0,114.1778,3.4875,1.5000,0.0000,0.1636,0.0531,0.4338,-0.0050,0,0,0,0,1.2225,0.0817,-0.0254,4.7074,-0.0639
offline_val_env0,7454720,910,62,0,112.5185,3.4612,1.5000,0.0000,0.6702,0.1982,-0.2363,0.0077,0,0,0,0,1.2495,0.0890,-0.0403,4.7074,-0.0639
offline_val_env0,7454720,910,63,0,109.8997,3.4288,1.5000,0.0000,0.8024,0.1766,-0.3456,-0.0060,0,0,0,0,1.2818,0.0948,-0.0620,4.7074,-0.0639
offline_val_env0,7454720,910,64,0,115.5426,3.4372,1.5000,0.0000,-0.2295,-0.0647,0.6840,-0.0105,0,0,0,0,1.2725,0.0927,-0.0190,4.7074,-0.0639
offline_val_env0,7454720,910,65,0,114.0877,3.4126,1.5000,0.0000,0.6404,0.2142,-0.2165,0.0066,0,0,0,0,1.2983,0.1008,-0.0326,4.7074,-0.0639
offline_val_env0,7454720,910,66,0,112.3919,3.3866,1.5000,0.0000,0.6637,0.1812,-0.2382,0.0078,0,0,0,0,1.3250,0.1072,-0.0476,4.7074,-0.0639
offline_val_env0,7454720,910,67,0,109.5619,3.3520,1.5000,0.0000,0.8531,0.1788,-0.3718,-0.0078,0,0,0,0,1.3595,0.1127,-0.0710,4.7074,-0.0639
offline_val_env0,7454720,910,68,0,114.3877,3.3612,1.5000,0.0000,-0.2291,-0.1023,0.5939,-0.0039,0,0,0,0,1.3500,0.1093,-0.0336,4.7074,-0.0639
offline_val_env0,7454720,910,69,0,112.7594,3.3356,1.5000,0.0000,0.6572,0.1751,-0.2298,0.0075,0,0,0,0,1.3766,0.1154,-0.0481,4.7074,-0.0639
offline_val_env0,7454720,910,70,0,110.1786,3.3037,1.5000,0.0000,0.7920,0.1548,-0.3384,-0.0038,0,0,0,0,1.4085,0.1201,-0.0693,4.7074,-0.0639
offline_val_env0,7454720,910,71,0,115.0485,3.3121,1.5000,0.0000,-0.2241,-0.1087,0.6009,-0.0095,0,0,0,0,1.3993,0.1163,-0.0316,4.7074,-0.0639
offline_val_env0,7454720,910,72,0,113.4825,3.2874,1.5000,0.0000,0.6399,0.1718,-0.2228,0.0071,0,0,0,0,1.4250,0.1224,-0.0456,4.7074,-0.0639
offline_val_env0,7454720,910,73,0,111.3318,3.2592,1.5000,0.0000,0.7117,0.1497,-0.2872,0.0042,0,0,0,0,1.4538,0.1271,-0.0636,4.7074,-0.0639
offline_val_env0,7454720,910,74,0,116.1144,3.2575,1.5000,0.0000,0.0049,-0.0381,0.5776,-0.0182,0,0,0,0,1.4539,0.1256,-0.0273,4.7074,-0.0639
offline_val_env0,7454720,910,75,0,114.7059,3.2339,1.5000,0.0000,0.6179,0.1736,-0.2057,0.0062,0,0,0,0,1.4788,0.1318,-0.0403,4.7074,-0.0639
offline_val_env0,7454720,910,76,0,113.0228,3.2086,1.5000,0.0000,0.6486,0.1442,-0.2319,0.0077,0,0,0,0,1.5049,0.1365,-0.0548,4.7074,-0.0639
offline_val_env0,7454720,910,77,0,110.1931,3.1766,1.5000,0.0000,0.7965,0.1303,-0.3647,-0.0025,0,0,0,0,1.5370,0.1400,-0.0778,4.7074,-0.0639
offline_val_env0,7454720,910,78,0,114.6089,3.1865,1.5000,0.0000,-0.2522,-0.1614,0.5580,-0.0078,0,0,0,0,1.5264,0.1343,-0.0427,4.7074,-0.0639
offline_val_env0,7454720,910,79,0,112.7710,3.1610,1.5000,0.0000,0.6540,0.1346,-0.2488,0.0084,0,0,0,0,1.5528,0.1386,-0.0583,4.7074,-0.0639
offline_val_env0,7454720,910,80,0,110.2683,3.1300,1.5000,0.0000,0.7702,0.0770,-0.3150,-0.0034,0,0,0,0,1.5838,0.1399,-0.0781,4.7074,-0.0639
offline_val_env0,7454720,910,81,0,114.8055,3.1399,1.5000,0.0000,-0.2561,-0.1686,0.5744,-0.0090,0,0,0,0,1.5730,0.1340,-0.0420,4.7074,-0.0639
offline_val_env0,7454720,910,82,0,113.0851,3.1158,1.5000,0.0000,0.6198,0.1220,-0.2327,0.0077,0,0,0,0,1.5980,0.1378,-0.0566,4.7074,-0.0639
offline_val_env0,7454720,910,83,0,110.3304,3.0856,1.5000,0.0000,0.7523,0.0922,-0.3487,-0.0018,0,0,0,0,1.6282,0.1398,-0.0786,4.7074,-0.0639
offline_val_env0,7454720,910,84,0,115.0722,3.0957,1.5000,0.0000,-0.2637,-0.1795,0.6015,-0.0105,0,0,0,0,1.6172,0.1335,-0.0408,4.7074,-0.0639
offline_val_env0,7454720,910,85,0,113.5232,3.0724,1.5000,0.0000,0.6002,0.1204,-0.2124,0.0068,0,0,0,0,1.6413,0.1373,-0.0541,4.7074,-0.0639
offline_val_env0,7454720,910,86,0,111.0513,3.0445,1.5000,0.0000,0.7020,0.0917,-0.3156,0.0031,0,0,0,0,1.6696,0.1394,-0.0739,4.7074,-0.0639
offline_val_env0,7454720,910,87,0,116.7080,3.0508,1.5000,0.0000,-0.2023,-0.1431,0.7038,-0.0206,0,0,0,0,1.6611,0.1343,-0.0297,4.7074,-0.0639
offline_val_env0,7454720,910,88,0,115.6219,3.0298,1.5000,0.0000,0.5502,0.1363,-0.1621,0.0045,0,0,0,0,1.6833,0.1391,-0.0399,4.7074,-0.0639
offline_val_env0,7454720,910,89,0,114.3032,3.0078,1.5000,0.0000,0.5701,0.1217,-0.1862,0.0056,0,0,0,0,1.7062,0.1431,-0.0516,4.7074,-0.0639
offline_val_env0,7454720,910,90,0,112.5503,2.9840,1.5000,0.0000,0.6082,0.0973,-0.2320,0.0078,0,0,0,0,1.7307,0.1457,-0.0662,4.7074,-0.0639
offline_val_env0,7454720,910,91,0,109.7834,2.9538,1.5000,0.0000,0.7440,0.0652,-0.3446,-0.0067,0,0,0,0,1.7606,0.1463,-0.0878,4.7074,-0.0639
offline_val_env0,7454720,910,92,0,113.6456,2.9639,1.5000,0.0000,-0.2437,-0.2094,0.5046,-0.0017,0,0,0,0,1.7502,0.1388,-0.0561,4.7074,-0.0639
offline_val_env0,7454720,910,93,0,111.6885,2.9394,1.5000,0.0000,0.6184,0.0830,-0.2530,0.0060,0,0,0,0,1.7750,0.1408,-0.0720,4.7074,-0.0639
offline_val_env0,7454720,910,94,0,110.3751,2.9135,1.5000,0.0000,0.6438,0.0205,-0.1607,-0.0056,0,0,0,0,1.8008,0.1397,-0.0821,4.7074,-0.0639
offline_val_env0,7454720,910,95,0,115.8049,2.9231,1.5000,0.0000,-0.2629,-0.1879,0.6875,-0.0139,0,0,0,0,1.7897,0.1331,-0.0389,4.7074,-0.0639
offline_val_env0,7454720,910,96,0,114.6444,2.9020,1.5000,0.0000,0.5475,0.1188,-0.1678,0.0048,0,0,0,0,1.8117,0.1370,-0.0495,4.7074,-0.0639
offline_val_env0,7454720,910,97,0,113.1806,2.8799,1.5000,0.0000,0.5662,0.0988,-0.1988,0.0063,0,0,0,0,1.8346,0.1398,-0.0619,4.7074,-0.0639
offline_val_env0,7454720,910,98,0,110.9485,2.8546,1.5000,0.0000,0.6334,0.0628,-0.2814,0.0007,0,0,0,0,1.8600,0.1408,-0.0796,4.7074,-0.0639
offline_val_env0,7454720,910,99,0,116.1043,2.8580,1.5000,0.0000,-0.1140,-0.1375,0.6450,-0.0170,0,0,0,0,1.8550,0.1357,-0.0391,4.7074,-0.0639
offline_val_env0,7454720,910,100,0,115.1836,2.8376,1.5000,0.0000,0.5275,0.1254,-0.1414,0.0037,0,0,0,0,1.8763,0.1398,-0.0480,4.7074,-0.0639
offline_val_env0,7454720,910,101,0,113.9766,2.8167,1.5000,0.0000,0.5373,0.1083,-0.1712,0.0050,0,0,0,0,1.8980,0.1431,-0.0587,4.7074,-0.0639
offline_val_env0,7454720,910,102,0,112.2886,2.7943,1.5000,0.0000,0.5689,0.0748,-0.2202,0.0073,0,0,0,0,1.9209,0.1448,-0.0726,4.7074,-0.0639
offline_val_env0,7454720,910,103,0,109.5037,2.7651,1.5000,0.0000,0.7182,0.0473,-0.3433,-0.0092,0,0,0,0,1.9497,0.1446,-0.0942,4.7074,-0.0639
offline_val_env0,7454720,910,104,0,112.8887,2.7755,1.5000,0.0000,-0.2450,-0.2323,0.4558,0.0029,0,0,0,0,1.9390,0.1363,-0.0655,4.7074,-0.0639
offline_val_env0,7454720,910,105,0,110.4711,2.7495,1.5000,0.0000,0.6465,0.0464,-0.3000,-0.0026,0,0,0,0,1.9650,0.1364,-0.0844,4.7074,-0.0639
offline_val_env0,7454720,910,106,0,115.8850,2.7598,1.5000,0.0000,-0.2799,-0.1983,0.6904,-0.0148,0,0,0,0,1.9531,0.1295,-0.0410,4.7074,-0.0639
offline_val_env0,7454720,910,107,0,115.0312,2.7399,1.5000,0.0000,0.5145,0.1197,-0.1330,0.0033,0,0,0,0,1.9739,0.1334,-0.0493,4.7074,-0.0639
offline_val_env0,7454720,910,108,0,113.9262,2.7195,1.5000,0.0000,0.5235,0.1035,-0.1587,0.0045,0,0,0,0,1.9950,0.1365,-0.0593,4.7074,-0.0639
offline_val_env0,7454720,910,109,0,112.4169,2.6983,1.5000,0.0000,0.5364,0.0704,-0.1984,0.0064,0,0,0,0,2.0166,0.1380,-0.0718,4.7074,-0.0639
offline_val_env0,7454720,910,110,0,109.6345,2.6695,1.5000,0.0000,0.7095,0.0375,-0.3412,-0.0081,0,0,0,0,2.0450,0.1375,-0.0932,4.7074,-0.0639
offline_val_env0,7454720,910,111,0,113.1425,2.6806,1.5000,0.0000,-0.2650,-0.2354,0.4730,0.0011,0,0,0,0,2.0336,0.1291,-0.0635,4.7074,-0.0639
offline_val_env0,7454720,910,112,0,111.1036,2.6573,1.5000,0.0000,0.5847,0.0423,-0.2545,0.0010,0,0,0,0,2.0570,0.1293,-0.0795,4.7074,-0.0639
offline_val_env0,7454720,910,113,0,115.7443,2.6594,1.5000,0.0000,-0.0757,-0.1360,0.5857,-0.0160,0,0,0,0,2.0536,0.1241,-0.0427,4.7074,-0.0639
offline_val_env0,7454720,910,114,0,115.0336,2.6400,1.5000,0.0000,0.4985,0.1179,-0.1165,0.0026,0,0,0,0,2.0737,0.1280,-0.0500,4.7074,-0.0639
offline_val_env0,7454720,910,115,0,114.1876,2.6202,1.5000,0.0000,0.5042,0.1067,-0.1295,0.0032,0,0,0,0,2.0941,0.1313,-0.0581,4.7074,-0.0639
offline_val_env0,7454720,910,116,0,112.9403,2.6001,1.5000,0.0000,0.5105,0.0764,-0.1694,0.0051,0,0,0,0,2.1146,0.1331,-0.0688,4.7074,-0.0639
offline_val_env0,7454720,910,117,0,110.9616,2.5774,1.5000,0.0000,0.5692,0.0369,-0.2460,-0.0006,0,0,0,0,2.1374,0.1330,-0.0842,4.7074,-0.0639
offline_val_env0,7454720,910,118,0,115.4221,2.5792,1.5000,0.0000,-0.0647,-0.1330,0.5645,-0.0139,0,0,0,0,2.1344,0.1279,-0.0488,4.7074,-0.0639
offline_val_env0,7454720,910,119,0,114.7790,2.5599,1.5000,0.0000,0.4950,0.1122,-0.1077,0.0023,0,0,0,0,2.1544,0.1315,-0.0555,4.7074,-0.0639
offline_val_env0,7454720,910,120,0,113.8910,2.5404,1.5000,0.0000,0.4949,0.0942,-0.1320,0.0034,0,0,0,0,2.1744,0.1341,-0.0638,4.7074,-0.0639
offline_val_env0,7454720,910,121,0,112.4919,2.5202,1.5000,0.0000,0.5134,0.0555,-0.1826,0.0058,0,0,0,0,2.1950,0.1350,-0.0753,4.7074,-0.0639
offline_val_env0,7454720,910,122,0,110.0372,2.4945,1.5000,0.0000,0.6347,0.0292,-0.3007,-0.0064,0,0,0,0,2.2204,0.1343,-0.0942,4.7074,-0.0639
offline_val_env0,7454720,910,123,0,114.4993,2.5062,1.5000,0.0000,-0.2931,-0.2239,0.5878,-0.0069,0,0,0,0,2.2079,0.1265,-0.0573,4.7074,-0.0639
offline_val_env0,7454720,910,124,0,113.5888,2.4869,1.5000,0.0000,0.4913,0.0828,-0.1321,0.0035,0,0,0,0,2.2277,0.1286,-0.0656,4.7074,-0.0639
offline_val_env0,7454720,910,125,0,112.1267,2.4664,1.5000,0.0000,0.5170,0.0449,-0.1875,0.0061,0,0,0,0,2.2485,0.1291,-0.0774,4.7074,-0.0639
offline_val_env0,7454720,910,126,0,109.5175,2.4395,1.5000,0.0000,0.6620,0.0263,-0.3181,-0.0102,0,0,0,0,2.2750,0.1281,-0.0974,4.7074,-0.0639
offline_val_env0,7454720,910,127,0,112.5949,2.4508,1.5000,0.0000,-0.2671,-0.2448,0.4292,0.0040,0,0,0,0,2.2634,0.1194,-0.0704,4.7074,-0.0639
offline_val_env0,7454720,910,128,0,110.3463,2.4266,1.5000,0.0000,0.6013,0.0272,-0.2760,-0.0047,0,0,0,0,2.2874,0.1188,-0.0877,4.7074,-0.0639
offline_val_env0,7454720,910,129,0,115.7438,2.4377,1.5000,0.0000,-0.2937,-0.2024,0.6954,-0.0137,0,0,0,0,2.2750,0.1117,-0.0440,4.7074,-0.0639
offline_val_env0,7454720,910,130,0,115.2409,2.4189,1.5000,0.0000,0.4808,0.1079,-0.0919,0.0016,0,0,0,0,2.2944,0.1152,-0.0498,4.7074,-0.0639
offline_val_env0,7454720,910,131,0,114.5820,2.4002,1.5000,0.0000,0.4763,0.0916,-0.1059,0.0023,0,0,0,0,2.3136,0.1179,-0.0565,4.7074,-0.0639
offline_val_env0,7454720,910,132,0,113.7569,2.3813,1.5000,0.0000,0.4802,0.0765,-0.1213,0.0030,0,0,0,0,2.3330,0.1199,-0.0641,4.7074,-0.0639
offline_val_env0,7454720,910,133,0,112.5533,2.3619,1.5000,0.0000,0.4882,0.0483,-0.1583,0.0048,0,0,0,0,2.3526,0.1206,-0.0740,4.7074,-0.0639
offline_val_env0,7454720,910,134,0,110.5582,2.3391,1.5000,0.0000,0.5689,0.0250,-0.2453,-0.0041,0,0,0,0,2.3754,0.1199,-0.0894,4.7074,-0.0639
offline_val_env0,7454720,910,135,0,115.8481,2.3470,1.5000,0.0000,-0.2176,-0.1768,0.6779,-0.0147,0,0,0,0,2.3661,0.1136,-0.0468,4.7074,-0.0639
offline_val_env0,7454720,910,136,0,115.3094,2.3293,1.5000,0.0000,0.4533,0.0934,-0.0933,0.0016,0,0,0,0,2.3844,0.1165,-0.0527,4.7074,-0.0639
offline_val_env0,7454720,910,137,0,114.6644,2.3114,1.5000,0.0000,0.4560,0.0827,-0.1028,0.0021,0,0,0,0,2.4027,0.1188,-0.0592,4.7074,-0.0639
offline_val_env0,7454720,910,138,0,113.8291,2.2933,1.5000,0.0000,0.4591,0.0638,-0.1198,0.0030,0,0,0,0,2.4212,0.1203,-0.0667,4.7074,-0.0639
offline_val_env0,7454720,910,139,0,112.7197,2.2745,1.5000,0.0000,0.4758,0.0451,-0.1467,0.0043,0,0,0,0,2.4403,0.1208,-0.0759,4.7074,-0.0639
offline_val_env0,7454720,910,140,0,111.0451,2.2532,1.5000,0.0000,0.5324,0.0274,-0.2082,-0.0014,0,0,0,0,2.4617,0.1203,-0.0890,4.7074,-0.0639
offline_val_env0,7454720,910,141,0,114.6158,2.2533,1.5000,0.0000,-0.0099,-0.1420,0.4658,-0.0104,0,0,0,0,2.4608,0.1147,-0.0597,4.7074,-0.0639
offline_val_env0,7454720,910,142,0,113.7346,2.2356,1.5000,0.0000,0.4489,0.0554,-0.1233,0.0031,0,0,0,0,2.4788,0.1158,-0.0675,4.7074,-0.0639
offline_val_env0,7454720,910,143,0,112.5931,2.2169,1.5000,0.0000,0.4713,0.0400,-0.1493,0.0044,0,0,0,0,2.4977,0.1162,-0.0769,4.7074,-0.0639
offline_val_env0,7454720,910,144,0,110.9321,2.1958,1.5000,0.0000,0.5273,0.0266,-0.2064,-0.0025,0,0,0,0,2.5188,0.1156,-0.0898,4.7074,-0.0639
offline_val_env0,7454720,910,145,0,113.6397,2.1928,1.5000,0.0000,0.0735,-0.1263,0.3597,-0.0052,0,0,0,0,2.5213,0.1103,-0.0672,4.7074,-0.0639
offline_val_env0,7454720,910,146,0,112.4812,2.1744,1.5000,0.0000,0.4648,0.0374,-0.1507,0.0045,0,0,0,0,2.5400,0.1105,-0.0767,4.7074,-0.0639
offline_val_env0,7454720,910,147,0,110.7084,2.1531,1.5000,0.0000,0.5291,0.0239,-0.2190,-0.0040,0,0,0,0,2.5611,0.1099,-0.0905,4.7074,-0.0639
offline_val_env0,7454720,910,148,0,115.5972,2.1612,1.5000,0.0000,-0.2164,-0.1794,0.6350,-0.0143,0,0,0,0,2.5519,0.1035,-0.0506,4.7074,-0.0639
offline_val_env0,7454720,910,149,0,114.8976,2.1458,1.5000,0.0000,0.3934,0.0567,-0.1033,0.0020,0,0,0,0,2.5677,0.1050,-0.0571,4.7074,-0.0639
offline_val_env0,7454720,910,150,0,114.0757,2.1300,1.5000,0.0000,0.4036,0.0483,-0.1150,0.0026,0,0,0,0,2.5839,0.1060,-0.0643,4.7074,-0.0639
offline_val_env0,7454720,910,151,0,113.0777,2.1133,1.5000,0.0000,0.4207,0.0391,-0.1327,0.0035,0,0,0,0,2.6008,0.1065,-0.0726,4.7074,-0.0639
offline_val_env0,7454720,910,152,0,111.8648,2.0958,1.5000,0.0000,0.4414,0.0327,-0.1556,0.0034,0,0,0,0,2.6185,0.1065,-0.0824,4.7074,-0.0639
offline_val_env0,7454720,910,153,0,109.6455,2.0737,1.5000,0.0000,0.5424,0.0148,-0.2690,-0.0102,0,0,0,0,2.6402,0.1053,-0.0993,4.7074,-0.0639
offline_val_env0,7454720,910,154,0,112.9563,2.0866,1.5000,0.0000,-0.3097,-0.2369,0.4653,0.0016,0,0,0,0,2.6269,0.0971,-0.0701,4.7074,-0.0639
offline_val_env0,7454720,910,155,0,111.6855,2.0692,1.5000,0.0000,0.4359,0.0308,-0.1620,0.0020,0,0,0,0,2.6444,0.0971,-0.0802,4.7074,-0.0639
offline_val_env0,7454720,910,156,0,109.3880,2.0477,1.5000,0.0000,0.5290,-0.0057,-0.2717,-0.0106,0,0,0,0,2.6655,0.0952,-0.0973,4.7074,-0.0639
offline_val_env0,7454720,910,157,0,112.2717,2.0604,1.5000,0.0000,-0.3035,-0.2428,0.4170,0.0059,0,0,0,0,2.6525,0.0867,-0.0711,4.7074,-0.0639
offline_val_env0,7454720,910,158,0,110.2116,2.0406,1.5000,0.0000,0.4907,0.0196,-0.2521,-0.0073,0,0,0,0,2.6721,0.0861,-0.0869,4.7074,-0.0639
offline_val_env0,7454720,910,159,0,114.3837,2.0544,1.5000,0.0000,-0.3463,-0.2221,0.5648,-0.0074,0,0,0,0,2.6575,0.0784,-0.0515,4.7074,-0.0639
offline_val_env0,7454720,910,160,0,113.4617,2.0405,1.5000,0.0000,0.3547,0.0365,-0.1233,0.0029,0,0,0,0,2.6718,0.0792,-0.0592,4.7074,-0.0639
offline_val_env0,7454720,910,161,0,112.2876,2.0258,1.5000,0.0000,0.3696,0.0307,-0.1509,0.0041,0,0,0,0,2.6866,0.0795,-0.0687,4.7074,-0.0639
offline_val_env0,7454720,910,162,0,110.1129,2.0072,1.5000,0.0000,0.4614,0.0150,-0.2644,-0.0078,0,0,0,0,2.7051,0.0789,-0.0853,4.7074,-0.0639
offline_val_env0,7454720,910,163,0,114.2218,2.0216,1.5000,0.0000,-0.3597,-0.2173,0.5567,-0.0063,0,0,0,0,2.6900,0.0714,-0.0503,4.7074,-0.0639
offline_val_env0,7454720,910,164,0,113.3103,2.0092,1.5000,0.0000,0.3154,0.0350,-0.1214,0.0026,0,0,0,0,2.7027,0.0722,-0.0580,4.7074,-0.0639
offline_val_env0,7454720,910,165,0,112.0918,1.9959,1.5000,0.0000,0.3361,0.0289,-0.1556,0.0041,0,0,0,0,2.7161,0.0726,-0.0677,4.7074,-0.0639
offline_val_env0,7454720,910,166,0,109.6012,1.9767,1.5000,0.0000,0.4708,0.0072,-0.2994,-0.0109,0,0,0,0,2.7349,0.0716,-0.0865,4.7074,-0.0639
offline_val_env0,7454720,910,167,0,112.5078,1.9905,1.5000,0.0000,-0.3307,-0.2358,0.4200,0.0037,0,0,0,0,2.7210,0.0633,-0.0601,4.7074,-0.0639
offline_val_env0,7454720,910,168,0,110.4106,1.9740,1.5000,0.0000,0.4084,0.0153,-0.2555,-0.0058,0,0,0,0,2.7373,0.0630,-0.0762,4.7074,-0.0639
offline_val_env0,7454720,910,169,0,114.8084,1.9891,1.5000,0.0000,-0.3822,-0.2007,0.5871,-0.0103,0,0,0,0,2.7214,0.0561,-0.0393,4.7074,-0.0639
offline_val_env0,7454720,910,170,0,114.0136,1.9795,1.5000,0.0000,0.2458,0.0341,-0.1074,0.0017,0,0,0,0,2.7313,0.0571,-0.0461,4.7074,-0.0639
offline_val_env0,7454720,910,171,0,113.0337,1.9697,1.5000,0.0000,0.2489,0.0310,-0.1281,0.0026,0,0,0,0,2.7413,0.0579,-0.0541,4.7074,-0.0639
offline_val_env0,7454720,910,172,0,111.6024,1.9583,1.5000,0.0000,0.2869,0.0220,-0.1785,0.0013,0,0,0,0,2.7528,0.0581,-0.0653,4.7074,-0.0639
offline_val_env0,7454720,910,173,0,109.8517,1.9432,1.5000,0.0000,0.3716,-0.0332,-0.1975,-0.0089,0,0,0,0,2.7676,0.0558,-0.0777,4.7074,-0.0639
offline_val_env0,7454720,910,174,0,112.6047,1.9574,1.5000,0.0000,-0.3444,-0.2303,0.4013,0.0021,0,0,0,0,2.7531,0.0477,-0.0525,4.7074,-0.0639
offline_val_env0,7454720,910,175,0,110.3120,1.9422,1.5000,0.0000,0.3765,0.0108,-0.2775,-0.0059,0,0,0,0,2.7682,0.0474,-0.0699,4.7074,-0.0639
offline_val_env0,7454720,910,176,0,114.4563,1.9580,1.5000,0.0000,-0.3974,-0.1948,0.5558,-0.0084,0,0,0,0,2.7518,0.0407,-0.0350,4.7074,-0.0639
offline_val_env0,7454720,910,177,0,113.6346,1.9508,1.5000,0.0000,0.1858,0.0323,-0.1096,0.0016,0,0,0,0,2.7593,0.0417,-0.0419,4.7074,-0.0639
offline_val_env0,7454720,910,178,0,112.4477,1.9425,1.5000,0.0000,0.2122,0.0239,-0.1502,0.0033,0,0,0,0,2.7678,0.0423,-0.0513,4.7074,-0.0639
offline_val_env0,7454720,910,179,0,110.0046,1.9273,1.5000,0.0000,0.3750,0.0076,-0.2942,-0.0080,0,0,0,0,2.7828,0.0419,-0.0698,4.7074,-0.0639
offline_val_env0,7454720,910,180,0,113.3061,1.9430,1.5000,0.0000,-0.3860,-0.2080,0.4599,-0.0019,0,0,0,0,2.7668,0.0346,-0.0409,4.7074,-0.0639
offline_val_env0,7454720,910,181,0,111.9223,1.9341,1.5000,0.0000,0.2238,0.0189,-0.1719,0.0036,0,0,0,0,2.7758,0.0350,-0.0517,4.7074,-0.0639
offline_val_env0,7454720,910,182,0,109.2572,1.9166,1.5000,0.0000,0.4286,-0.0068,-0.3154,-0.0127,0,0,0,0,2.7929,0.0339,-0.0716,4.7074,-0.0639
offline_val_env0,7454720,910,183,0,111.6113,1.9306,1.5000,0.0000,-0.3344,-0.2339,0.3555,0.0058,0,0,0,0,2.7789,0.0255,-0.0492,4.7074,-0.0639
offline_val_env0,7454720,910,184,0,110.2457,1.9186,1.5000,0.0000,0.2958,-0.0388,-0.1497,-0.0076,0,0,0,0,2.7906,0.0234,-0.0586,4.7074,-0.0639
offline_val_env0,7454720,910,185,0,113.7715,1.9348,1.5000,0.0000,-0.4038,-0.1979,0.4837,-0.0051,0,0,0,0,2.7740,0.0164,-0.0282,4.7074,-0.0639
offline_val_env0,7454720,910,186,0,112.6871,1.9283,1.5000,0.0000,0.1664,0.0241,-0.1380,0.0027,0,0,0,0,2.7807,0.0172,-0.0369,4.7074,-0.0639
offline_val_env0,7454720,910,187,0,110.3447,1.9153,1.5000,0.0000,0.3231,0.0044,-0.2813,-0.0057,0,0,0,0,2.7936,0.0169,-0.0546,4.7074,-0.0639
offline_val_env0,7454720,910,188,0,113.8344,1.9316,1.5000,0.0000,-0.4047,-0.1991,0.4800,-0.0058,0,0,0,0,2.7770,0.0098,-0.0244,4.7074,-0.0639
offline_val_env0,7454720,910,189,0,112.8097,1.9258,1.5000,0.0000,0.1483,0.0247,-0.1310,0.0023,0,0,0,0,2.7830,0.0107,-0.0326,4.7074,-0.0639
offline_val_env0,7454720,910,190,0,110.8627,1.9155,1.5000,0.0000,0.2566,0.0069,-0.2350,-0.0032,0,0,0,0,2.7932,0.0106,-0.0474,4.7074,-0.0639
offline_val_env0,7454720,910,191,0,115.0543,1.9302,1.5000,0.0000,-0.3768,-0.1575,0.5506,-0.0134,0,0,0,0,2.7779,0.0050,-0.0128,4.7074,-0.0639
offline_val_env0,7454720,910,192,0,114.3700,1.9261,1.5000,0.0000,0.1083,0.0338,-0.0935,0.0006,0,0,0,0,2.7822,0.0063,-0.0187,4.7074,-0.0639
offline_val_env0,7454720,910,193,0,113.5294,1.9215,1.5000,0.0000,0.1197,0.0294,-0.1107,0.0013,0,0,0,0,2.7871,0.0074,-0.0256,4.7074,-0.0639
offline_val_env0,7454720,910,194,0,112.2681,1.9150,1.5000,0.0000,0.1652,0.0178,-0.1569,0.0034,0,0,0,0,2.7937,0.0079,-0.0355,4.7074,-0.0639
offline_val_env0,7454720,910,195,0,109.5920,1.9001,1.5000,0.0000,0.3656,0.0015,-0.3198,-0.0107,0,0,0,0,2.8083,0.0075,-0.0556,4.7074,-0.0639
offline_val_env0,7454720,910,196,0,112.0664,1.9148,1.5000,0.0000,-0.3549,-0.2188,0.3656,0.0056,0,0,0,0,2.7936,-0.0005,-0.0326,4.7074,-0.0639
offline_val_env0,7454720,910,197,0,109.2819,1.8988,1.5000,0.0000,0.3886,-0.0004,-0.3319,-0.0128,0,0,0,0,2.8092,-0.0010,-0.0535,4.7074,-0.0639
offline_val_env0,7454720,910,198,0,111.5963,1.9130,1.5000,0.0000,-0.3386,-0.2303,0.3503,0.0056,0,0,0,0,2.7951,-0.0095,-0.0315,4.7074,-0.0639
offline_val_env0,7454720,910,199,0,110.4492,1.9029,1.5000,0.0000,0.2495,-0.0374,-0.1240,-0.0069,0,0,0,0,2.8051,-0.0113,-0.0393,4.7074,-0.0639
offline_val_env0,7454720,910,200,0,114.0619,1.9197,1.5000,0.0000,-0.4196,-0.1898,0.4921,-0.0074,0,0,0,0,2.7880,-0.0182,-0.0083,4.7074,-0.0639
offline_val_env0,7454720,910,201,0,113.1118,1.9153,1.5000,0.0000,0.1131,0.0252,-0.1222,0.0018,0,0,0,0,2.7925,-0.0172,-0.0160,4.7074,-0.0639
offline_val_env0,7454720,910,202,0,111.4682,1.9075,1.5000,0.0000,0.1961,0.0083,-0.1993,0.0006,0,0,0,0,2.8004,-0.0170,-0.0285,4.7074,-0.0639
offline_val_env0,7454720,910,203,0,112.8054,1.9088,1.5000,0.0000,-0.0325,-0.0834,0.1872,-0.0044,0,0,0,0,2.7990,-0.0203,-0.0168,4.7074,-0.0639
offline_val_env0,7454720,910,204,0,110.7050,1.8990,1.5000,0.0000,0.2451,0.0004,-0.2511,-0.0040,0,0,0,0,2.8088,-0.0205,-0.0326,4.7074,-0.0639
offline_val_env0,7454720,910,205,0,114.7864,1.9162,1.5000,0.0000,-0.4361,-0.1738,0.5429,-0.0118,0,0,0,0,2.7911,-0.0269,0.0016,4.7074,-0.0639
offline_val_env0,7454720,910,206,0,114.0471,1.9130,1.5000,0.0000,0.0847,0.0317,-0.0993,0.0007,0,0,0,0,2.7945,-0.0256,-0.0047,4.7074,-0.0639
offline_val_env0,7454720,910,207,0,113.0611,1.9088,1.5000,0.0000,0.1088,0.0237,-0.1260,0.0019,0,0,0,0,2.7989,-0.0247,-0.0126,4.7074,-0.0639
offline_val_env0,7454720,910,208,0,111.2482,1.9007,1.5000,0.0000,0.2040,0.0040,-0.2180,-0.0006,0,0,0,0,2.8070,-0.0246,-0.0263,4.7074,-0.0639
offline_val_env0,7454720,910,209,0,113.9850,1.9087,1.5000,0.0000,-0.2050,-0.1080,0.3619,-0.0095,0,0,0,0,2.7987,-0.0287,-0.0036,4.7074,-0.0639
offline_val_env0,7454720,910,210,0,112.9864,1.9048,1.5000,0.0000,0.1036,0.0228,-0.1272,0.0020,0,0,0,0,2.8029,-0.0278,-0.0115,4.7074,-0.0639
offline_val_env0,7454720,910,211,0,111.0430,1.8963,1.5000,0.0000,0.2124,0.0008,-0.2325,-0.0018,0,0,0,0,2.8114,-0.0279,-0.0262,4.7074,-0.0639
offline_val_env0,7454720,910,212,0,114.9184,1.9101,1.5000,0.0000,-0.3543,-0.1347,0.5061,-0.0135,0,0,0,0,2.7971,-0.0329,0.0056,4.7074,-0.0639
offline_val_env0,7454720,910,213,0,114.2046,1.9073,1.5000,0.0000,0.0752,0.0323,-0.0964,0.0005,0,0,0,0,2.8001,-0.0316,-0.0004,4.7074,-0.0639
offline_val_env0,7454720,910,214,0,113.2719,1.9037,1.5000,0.0000,0.0957,0.0249,-0.1201,0.0016,0,0,0,0,2.8039,-0.0306,-0.0080,4.7074,-0.0639
offline_val_env0,7454720,910,215,0,111.6994,1.8974,1.5000,0.0000,0.1578,0.0058,-0.1899,0.0021,0,0,0,0,2.8102,-0.0304,-0.0199,4.7074,-0.0639
offline_val_env0,7454720,910,216,0,110.5460,1.8886,1.5000,0.0000,0.2177,-0.0308,-0.1270,-0.0070,0,0,0,0,2.8189,-0.0318,-0.0279,4.7074,-0.0639
offline_val_env0,7454720,910,217,0,114.3800,1.9064,1.5000,0.0000,-0.4460,-0.1768,0.5145,-0.0094,0,0,0,0,2.8009,-0.0384,0.0045,4.7074,-0.0639
offline_val_env0,7454720,910,218,0,113.5680,1.9032,1.5000,0.0000,0.0841,0.0291,-0.1070,0.0010,0,0,0,0,2.8042,-0.0372,-0.0023,4.7074,-0.0639
offline_val_env0,7454720,910,219,0,112.2703,1.8982,1.5000,0.0000,0.1290,0.0129,-0.1596,0.0034,0,0,0,0,2.8094,-0.0367,-0.0123,4.7074,-0.0639
offline_val_env0,7454720,910,220,0,109.6066,1.8846,1.5000,0.0000,0.3328,-0.0015,-0.3173,-0.0108,0,0,0,0,2.8227,-0.0369,-0.0322,4.7074,-0.0639
offline_val_env0,7454720,910,221,0,112.0447,1.8997,1.5000,0.0000,-0.3675,-0.2119,0.3595,0.0056,0,0,0,0,2.8077,-0.0449,-0.0096,4.7074,-0.0639
offline_val_env0,7454720,910,222,0,109.2828,1.8846,1.5000,0.0000,0.3684,-0.0020,-0.3286,-0.0130,0,0,0,0,2.8225,-0.0451,-0.0303,4.7074,-0.0639
offline_val_env0,7454720,910,223,0,111.5799,1.8991,1.5000,0.0000,-0.3492,-0.2214,0.3457,0.0054,0,0,0,0,2.8082,-0.0536,-0.0086,4.7074,-0.0639
offline_val_env0,7454720,910,224,0,110.3171,1.8896,1.5000,0.0000,0.2358,-0.0300,-0.1402,-0.0074,0,0,0,0,2.8176,-0.0548,-0.0174,4.7074,-0.0639
offline_val_env0,7454720,910,225,0,113.7739,1.9068,1.5000,0.0000,-0.4287,-0.1862,0.4725,-0.0056,0,0,0,0,2.8004,-0.0620,0.0123,4.7074,-0.0639
offline_val_env0,7454720,910,226,0,112.6286,1.9024,1.5000,0.0000,0.1140,0.0176,-0.1430,0.0027,0,0,0,0,2.8049,-0.0612,0.0033,4.7074,-0.0639
offline_val_env0,7454720,910,227,0,110.4311,1.8920,1.5000,0.0000,0.2578,-0.0002,-0.2623,-0.0059,0,0,0,0,2.8152,-0.0612,-0.0132,4.7074,-0.0639
offline_val_env0,7454720,910,228,0,114.1648,1.9094,1.5000,0.0000,-0.4350,-0.1817,0.5040,-0.0078,0,0,0,0,2.7977,-0.0682,0.0185,4.7074,-0.0639
offline_val_env0,7454720,910,229,0,113.2777,1.9060,1.5000,0.0000,0.0897,0.0264,-0.1151,0.0014,0,0,0,0,2.8013,-0.0671,0.0113,4.7074,-0.0639
offline_val_env0,7454720,910,230,0,111.8685,1.9003,1.5000,0.0000,0.1436,0.0104,-0.1720,0.0028,0,0,0,0,2.8070,-0.0666,0.0005,4.7074,-0.0639
offline_val_env0,7454720,910,231,0,109.3068,1.8854,1.5000,0.0000,0.3639,-0.0070,-0.3029,-0.0126,0,0,0,0,2.8216,-0.0669,-0.0186,4.7074,-0.0639
offline_val_env0,7454720,910,232,0,111.6372,1.9001,1.5000,0.0000,-0.3526,-0.2203,0.3492,0.0056,0,0,0,0,2.8073,-0.0755,0.0034,4.7074,-0.0639
offline_val_env0,7454720,910,233,0,110.3469,1.8900,1.5000,0.0000,0.2480,-0.0306,-0.1433,-0.0075,0,0,0,0,2.8173,-0.0767,-0.0056,4.7074,-0.0639
offline_val_env0,7454720,910,234,0,113.7900,1.9071,1.5000,0.0000,-0.4268,-0.1872,0.4713,-0.0058,0,0,0,0,2.8001,-0.0841,0.0240,4.7074,-0.0639
offline_val_env0,7454720,910,235,0,112.6656,1.9028,1.5000,0.0000,0.1136,0.0184,-0.1407,0.0026,0,0,0,0,2.8047,-0.0832,0.0151,4.7074,-0.0639
offline_val_env0,7454720,910,236,0,110.4935,1.8926,1.5000,0.0000,0.2506,-0.0006,-0.2592,-0.0055,0,0,0,0,2.8147,-0.0831,-0.0011,4.7074,-0.0639
offline_val_env0,7454720,910,237,0,114.4003,1.9101,1.5000,0.0000,-0.4391,-0.1754,0.5226,-0.0092,0,0,0,0,2.7971,-0.0901,0.0317,4.7074,-0.0639
offline_val_env0,7454720,910,238,0,113.5649,1.9068,1.5000,0.0000,0.0879,0.0284,-0.1096,0.0011,0,0,0,0,2.8006,-0.0888,0.0248,4.7074,-0.0639
offline_val_env0,7454720,910,239,0,112.2445,1.9011,1.5000,0.0000,0.1448,0.0134,-0.1625,0.0036,0,0,0,0,2.8064,-0.0881,0.0146,4.7074,-0.0639
offline_val_env0,7454720,910,240,0,109.5489,1.8869,1.5000,0.0000,0.3487,-0.0010,-0.3213,-0.0111,0,0,0,0,2.8203,-0.0880,-0.0056,4.7074,-0.0639
offline_val_env0,7454720,910,241,0,111.9279,1.9017,1.5000,0.0000,-0.3586,-0.2181,0.3544,0.0058,0,0,0,0,2.8059,-0.0966,0.0167,4.7074,-0.0639
offline_val_env0,7454720,910,242,0,109.2412,1.8864,1.5000,0.0000,0.3721,-0.0039,-0.3189,-0.0131,0,0,0,0,2.8208,-0.0965,-0.0034,4.7074,-0.0639
offline_val_env0,7454720,910,243,0,111.5439,1.9010,1.5000,0.0000,-0.3490,-0.2229,0.3467,0.0055,0,0,0,0,2.8068,-0.1054,0.0184,4.7074,-0.0639
offline_val_env0,7454720,910,244,0,111.1527,1.8948,1.5000,0.0000,0.1533,-0.0472,-0.0306,-0.0040,0,0,0,0,2.8130,-0.1072,0.0165,4.7074,-0.0639
offline_val_env0,7454720,910,245,0,114.4249,1.9057,1.5000,0.0000,-0.2776,-0.1138,0.4276,-0.0114,0,0,0,0,2.8020,-0.1119,0.0434,4.7074,-0.0639
offline_val_env0,7454720,910,246,0,113.5646,1.9023,1.5000,0.0000,0.0901,0.0273,-0.1122,0.0013,0,0,0,0,2.8055,-0.1107,0.0363,4.7074,-0.0639
offline_val_env0,7454720,910,247,0,112.3301,1.8976,1.5000,0.0000,0.1192,0.0144,-0.1525,0.0031,0,0,0,0,2.8103,-0.1099,0.0267,4.7074,-0.0639
offline_val_env0,7454720,910,248,0,109.7501,1.8847,1.5000,0.0000,0.3172,-0.0024,-0.3071,-0.0100,0,0,0,0,2.8230,-0.1097,0.0074,4.7074,-0.0639
offline_val_env0,7454720,910,249,0,112.2692,1.9002,1.5000,0.0000,-0.3762,-0.2082,0.3680,0.0039,0,0,0,0,2.8080,-0.1181,0.0306,4.7074,-0.0639
offline_val_env0,7454720,910,250,0,109.6022,1.8863,1.5000,0.0000,0.3381,-0.0014,-0.3177,-0.0108,0,0,0,0,2.8215,-0.1178,0.0106,4.7074,-0.0639
offline_val_env0,7454720,910,251,0,111.9987,1.9012,1.5000,0.0000,-0.3606,-0.2155,0.3557,0.0058,0,0,0,0,2.8072,-0.1265,0.0330,4.7074,-0.0639
offline_val_env0,7454720,910,252,0,109.2934,1.8856,1.5000,0.0000,0.3812,-0.0040,-0.3212,-0.0131,0,0,0,0,2.8224,-0.1262,0.0128,4.7074,-0.0639
offline_val_env0,7454720,910,253,0,111.5787,1.9002,1.5000,0.0000,-0.3499,-0.2207,0.3440,0.0054,0,0,0,0,2.8085,-0.1352,0.0344,4.7074,-0.0639
offline_val_env0,7454720,910,254,0,111.5385,1.8957,1.5000,0.0000,0.1116,-0.0525,0.0130,-0.0026,0,0,0,0,2.8130,-0.1371,0.0352,4.7074,-0.0639
offline_val_env0,7454720,910,255,0,111.3538,1.8909,1.5000,0.0000,0.1191,-0.0478,-0.0058,-0.0032,0,0,0,0,2.8179,-0.1389,0.0348,4.7074,-0.0639
offline_val_env0,7454720,910,256,0,114.6205,1.9021,1.5000,0.0000,-0.2870,-0.1124,0.4266,-0.0132,0,0,0,0,2.8066,-0.1438,0.0616,4.7074,-0.0639
offline_val_env0,7454720,910,257,0,113.8245,1.8994,1.5000,0.0000,0.0730,0.0291,-0.1051,0.0009,0,0,0,0,2.8094,-0.1424,0.0550,4.7074,-0.0639
offline_val_env0,7454720,910,258,0,112.6770,1.8953,1.5000,0.0000,0.1055,0.0165,-0.1428,0.0026,0,0,0,0,2.8136,-0.1415,0.0461,4.7074,-0.0639
offline_val_env0,7454720,910,259,0,110.4708,1.8856,1.5000,0.0000,0.2407,-0.0041,-0.2621,-0.0056,0,0,0,0,2.8232,-0.1413,0.0296,4.7074,-0.0639
offline_val_env0,7454720,910,260,0,113.8447,1.9029,1.5000,0.0000,-0.4312,-0.1857,0.4627,-0.0066,0,0,0,0,2.8062,-0.1492,0.0587,4.7074,-0.0639
offline_val_env0,7454720,910,261,0,112.7359,1.8989,1.5000,0.0000,0.1055,0.0181,-0.1388,0.0025,0,0,0,0,2.8104,-0.1482,0.0499,4.7074,-0.0639
offline_val_env0,7454720,910,262,0,110.5034,1.8887,1.5000,0.0000,0.2514,-0.0034,-0.2655,-0.0051,0,0,0,0,2.8204,-0.1479,0.0333,4.7074,-0.0639
offline_val_env0,7454720,910,263,0,114.1046,1.9061,1.5000,0.0000,-0.4359,-0.1818,0.4885,-0.0079,0,0,0,0,2.8032,-0.1557,0.0640,4.7074,-0.0639
offline_val_env0,7454720,910,264,0,113.1264,1.9023,1.5000,0.0000,0.0990,0.0231,-0.1249,0.0018,0,0,0,0,2.8071,-0.1545,0.0561,4.7074,-0.0639
offline_val_env0,7454720,910,265,0,111.3733,1.8953,1.5000,0.0000,0.1782,0.0004,-0.2097,0.0001,0,0,0,0,2.8142,-0.1541,0.0429,4.7074,-0.0639
offline_val_env0,7454720,910,266,0,113.4959,1.9011,1.5000,0.0000,-0.1476,-0.0868,0.2819,-0.0076,0,0,0,0,2.8085,-0.1578,0.0606,4.7074,-0.0639
offline_val_env0,7454720,910,267,0,112.0612,1.8957,1.5000,0.0000,0.1373,0.0077,-0.1742,0.0041,0,0,0,0,2.8139,-0.1572,0.0497,4.7074,-0.0639
offline_val_env0,7454720,910,268,0,109.3433,1.8806,1.5000,0.0000,0.3690,-0.0029,-0.3231,-0.0127,0,0,0,0,2.8287,-0.1566,0.0294,4.7074,-0.0639
offline_val_env0,7454720,910,269,0,111.6265,1.8954,1.5000,0.0000,-0.3553,-0.2181,0.3431,0.0053,0,0,0,0,2.8147,-0.1657,0.0510,4.7074,-0.0639
offline_val_env0,7454720,910,270,0,111.5487,1.8911,1.5000,0.0000,0.1059,-0.0487,0.0072,-0.0028,0,0,0,0,2.8191,-0.1674,0.0514,4.7074,-0.0639
offline_val_env0,7454720,910,271,0,112.9096,1.8933,1.5000,0.0000,-0.0542,-0.0745,0.1873,-0.0053,0,0,0,0,2.8171,-0.1705,0.0632,4.7074,-0.0639
offline_val_env0,7454720,910,272,0,110.8990,1.8849,1.5000,0.0000,0.2080,-0.0042,-0.2388,-0.0028,0,0,0,0,2.8254,-0.1702,0.0482,4.7074,-0.0639
offline_val_env0,7454720,910,273,0,115.0168,1.9026,1.5000,0.0000,-0.4509,-0.1590,0.5429,-0.0138,0,0,0,0,2.8077,-0.1774,0.0823,4.7074,-0.0639
offline_val_env0,7454720,910,274,0,114.2969,1.9001,1.5000,0.0000,0.0683,0.0320,-0.0970,0.0005,0,0,0,0,2.8103,-0.1759,0.0762,4.7074,-0.0639
offline_val_env0,7454720,910,275,0,113.3953,1.8971,1.5000,0.0000,0.0808,0.0251,-0.1164,0.0014,0,0,0,0,2.8134,-0.1747,0.0689,4.7074,-0.0639
offline_val_env0,7454720,910,276,0,111.8707,1.8919,1.5000,0.0000,0.1325,0.0030,-0.1833,0.0033,0,0,0,0,2.8187,-0.1742,0.0574,4.7074,-0.0639
offline_val_env0,7454720,910,277,0,110.2147,1.8809,1.5000,0.0000,0.2713,-0.0195,-0.1908,-0.0090,0,0,0,0,2.8296,-0.1743,0.0454,4.7074,-0.0639
offline_val_env0,7454720,910,278,0,113.1547,1.8979,1.5000,0.0000,-0.4201,-0.1925,0.4132,-0.0023,0,0,0,0,2.8131,-0.1828,0.0713,4.7074,-0.0639
offline_val_env0,7454720,910,279,0,111.3659,1.8909,1.5000,0.0000,0.1758,-0.0018,-0.2132,0.0002,0,0,0,0,2.8202,-0.1823,0.0579,4.7074,-0.0639
offline_val_env0,7454720,910,280,0,114.1130,1.8997,1.5000,0.0000,-0.2260,-0.0974,0.3598,-0.0107,0,0,0,0,2.8114,-0.1868,0.0806,4.7074,-0.0639
offline_val_env0,7454720,910,281,0,113.1376,1.8961,1.5000,0.0000,0.0956,0.0228,-0.1244,0.0018,0,0,0,0,2.8151,-0.1855,0.0727,4.7074,-0.0639
offline_val_env0,7454720,910,282,0,111.3813,1.8896,1.5000,0.0000,0.1632,-0.0014,-0.2094,0.0001,0,0,0,0,2.8216,-0.1851,0.0596,4.7074,-0.0639
offline_val_env0,7454720,910,283,0,113.9621,1.8979,1.5000,0.0000,-0.2116,-0.0920,0.3382,-0.0100,0,0,0,0,2.8134,-0.1893,0.0808,4.7074,-0.0639
offline_val_env0,7454720,910,284,0,112.8623,1.8942,1.5000,0.0000,0.0977,0.0179,-0.1376,0.0024,0,0,0,0,2.8172,-0.1883,0.0722,4.7074,-0.0639
offline_val_env0,7454720,910,285,0,110.7821,1.8852,1.5000,0.0000,0.2233,-0.0042,-0.2471,-0.0035,0,0,0,0,2.8261,-0.1878,0.0567,4.7074,-0.0639
offline_val_env0,7454720,910,286,0,114.8600,1.9029,1.5000,0.0000,-0.4491,-0.1588,0.5379,-0.0125,0,0,0,0,2.8086,-0.1952,0.0905,4.7074,-0.0639
offline_val_env0,7454720,910,287,0,114.0910,1.9004,1.5000,0.0000,0.0692,0.0301,-0.1022,0.0007,0,0,0,0,2.8112,-0.1937,0.0840,4.7074,-0.0639
offline_val_env0,7454720,910,288,0,113.0916,1.8966,1.5000,0.0000,0.0980,0.0220,-0.1270,0.0019,0,0,0,0,2.8150,-0.1925,0.0760,4.7074,-0.0639
offline_val_env0,7454720,910,289,0,111.2627,1.8895,1.5000,0.0000,0.1780,-0.0024,-0.2177,-0.0005,0,0,0,0,2.8222,-0.1921,0.0624,4.7074,-0.0639
offline_val_env0,7454720,910,290,0,115.0466,1.9035,1.5000,0.0000,-0.3607,-0.1233,0.4917,-0.0151,0,0,0,0,2.8081,-0.1979,0.0933,4.7074,-0.0639
offline_val_env0,7454720,910,291,0,114.3506,1.9011,1.5000,0.0000,0.0653,0.0328,-0.0944,0.0004,0,0,0,0,2.8105,-0.1963,0.0873,4.7074,-0.0639
offline_val_env0,7454720,910,292,0,113.4685,1.8981,1.5000,0.0000,0.0818,0.0258,-0.1143,0.0013,0,0,0,0,2.8137,-0.1950,0.0801,4.7074,-0.0639
offline_val_env0,7454720,910,293,0,112.0435,1.8931,1.5000,0.0000,0.1281,0.0074,-0.1729,0.0040,0,0,0,0,2.8188,-0.1943,0.0693,4.7074,-0.0639
offline_val_env0,7454720,910,294,0,109.3959,1.8784,1.5000,0.0000,0.3570,-0.0035,-0.3145,-0.0126,0,0,0,0,2.8330,-0.1935,0.0495,4.7074,-0.0639
offline_val_env0,7454720,910,295,0,111.6931,1.8935,1.5000,0.0000,-0.3625,-0.2137,0.3433,0.0054,0,0,0,0,2.8190,-0.2027,0.0711,4.7074,-0.0639
offline_val_env0,7454720,910,296,0,110.8040,1.8854,1.5000,0.0000,0.2008,-0.0340,-0.0944,-0.0060,0,0,0,0,2.8271,-0.2035,0.0652,4.7074,-0.0639
offline_val_env0,7454720,910,297,0,114.8332,1.9031,1.5000,0.0000,-0.4500,-0.1622,0.5333,-0.0125,0,0,0,0,2.8096,-0.2111,0.0987,4.7074,-0.0639
offline_val_env0,7454720,910,298,0,114.0534,1.9006,1.5000,0.0000,0.0669,0.0295,-0.1033,0.0008,0,0,0,0,2.8121,-0.2097,0.0922,4.7074,-0.0639
offline_val_env0,7454720,910,299,0,113.0449,1.8967,1.5000,0.0000,0.1030,0.0218,-0.1281,0.0020,0,0,0,0,2.8161,-0.2085,0.0841,4.7074,-0.0639
offline_val_env0,7454720,910,300,0,111.1664,1.8891,1.5000,0.0000,0.1914,-0.0018,-0.2239,-0.0011,0,0,0,0,2.8238,-0.2079,0.0701,4.7074,-0.0639
offline_val_env0,7454720,910,301,0,115.1665,1.9044,1.5000,0.0000,-0.3953,-0.1323,0.5203,-0.0153,0,0,0,0,2.8084,-0.2143,0.1028,4.7074,-0.0639
offline_val_env0,7454720,910,302,0,114.4952,1.9020,1.5000,0.0000,0.0664,0.0338,-0.0918,0.0003,0,0,0,0,2.8109,-0.2127,0.0970,4.7074,-0.0639
offline_val_env0,7454720,910,303,0,113.6594,1.8992,1.5000,0.0000,0.0742,0.0275,-0.1093,0.0011,0,0,0,0,2.8137,-0.2113,0.0901,4.7074,-0.0639
offline_val_env0,7454720,910,304,0,112.3285,1.8946,1.5000,0.0000,0.1199,0.0101,-0.1626,0.0035,0,0,0,0,2.8184,-0.2104,0.0799,4.7074,-0.0639
offline_val_env0,7454720,910,305,0,109.6373,1.8809,1.5000,0.0000,0.3339,-0.0029,-0.3201,-0.0104,0,0,0,0,2.8318,-0.2095,0.0598,4.7074,-0.0639
offline_val_env0,7454720,910,306,0,112.0058,1.8959,1.5000,0.0000,-0.3627,-0.2131,0.3518,0.0057,0,0,0,0,2.8178,-0.2189,0.0819,4.7074,-0.0639
offline_val_env0,7454720,910,307,0,109.4834,1.8810,1.5000,0.0000,0.3643,-0.0058,-0.2988,-0.0123,0,0,0,0,2.8323,-0.2179,0.0631,4.7074,-0.0639
offline_val_env0,7454720,910,308,0,111.8140,1.8960,1.5000,0.0000,-0.3616,-0.2138,0.3474,0.0055,0,0,0,0,2.8184,-0.2274,0.0849,4.7074,-0.0639
offline_val_env0,7454720,910,309,0,110.0074,1.8839,1.5000,0.0000,0.2961,-0.0181,-0.2092,-0.0096,0,0,0,0,2.8303,-0.2271,0.0718,4.7074,-0.0639
offline_val_env0,7454720,910,310,0,112.7235,1.9001,1.5000,0.0000,-0.3971,-0.1998,0.3888,0.0006,0,0,0,0,2.8150,-0.2362,0.0962,4.7074,-0.0639
offline_val_env0,7454720,910,311,0,110.5249,1.8902,1.5000,0.0000,0.2460,-0.0034,-0.2614,-0.0051,0,0,0,0,2.8248,-0.2354,0.0798,4.7074,-0.0639
offline_val_env0,7454720,910,312,0,114.1553,1.9075,1.5000,0.0000,-0.4332,-0.1794,0.4911,-0.0082,0,0,0,0,2.8081,-0.2439,0.1107,4.7074,-0.0639
offline_val_env0,7454720,910,313,0,113.2229,1.9039,1.5000,0.0000,0.0952,0.0243,-0.1198,0.0016,0,0,0,0,2.8118,-0.2425,0.1031,4.7074,-0.0639
offline_val_env0,7454720,910,314,0,111.5737,1.8974,1.5000,0.0000,0.1640,0.0022,-0.1979,0.0014,0,0,0,0,2.8183,-0.2418,0.0907,4.7074,-0.0639
offline_val_env0,7454720,910,315,0,111.8565,1.8948,1.5000,0.0000,0.0634,-0.0518,0.0512,-0.0014,0,0,0,0,2.8210,-0.2436,0.0939,4.7074,-0.0639
offline_val_env0,7454720,910,316,0,110.1705,1.8834,1.5000,0.0000,0.2829,-0.0198,-0.1942,-0.0091,0,0,0,0,2.8324,-0.2433,0.0817,4.7074,-0.0639
offline_val_env0,7454720,910,317,0,113.1200,1.9002,1.5000,0.0000,-0.4152,-0.1930,0.4144,-0.0019,0,0,0,0,2.8165,-0.2524,0.1078,4.7074,-0.0639
offline_val_env0,7454720,910,318,0,111.3815,1.8934,1.5000,0.0000,0.1717,0.0001,-0.2078,0.0001,0,0,0,0,2.8233,-0.2516,0.0947,4.7074,-0.0639
offline_val_env0,7454720,910,319,0,113.4780,1.8989,1.5000,0.0000,-0.1408,-0.0859,0.2785,-0.0075,0,0,0,0,2.8180,-0.2556,0.1122,4.7074,-0.0639
offline_val_env0,7454720,910,320,0,112.1301,1.8944,1.5000,0.0000,0.1158,0.0088,-0.1641,0.0036,0,0,0,0,2.8226,-0.2547,0.1019,4.7074,-0.0639
offline_val_env0,7454720,910,321,0,109.4133,1.8802,1.5000,0.0000,0.3479,-0.0023,-0.3232,-0.0122,0,0,0,0,2.8364,-0.2534,0.0816,4.7074,-0.0639
offline_val_env0,7454720,910,322,0,111.7019,1.8951,1.5000,0.0000,-0.3602,-0.2146,0.3426,0.0053,0,0,0,0,2.8228,-0.2631,0.1031,4.7074,-0.0639
offline_val_env0,7454720,910,323,0,111.1953,1.8890,1.5000,0.0000,0.1527,-0.0387,-0.0473,-0.0045,0,0,0,0,2.8290,-0.2640,0.1001,4.7074,-0.0639
offline_val_env0,7454720,910,324,0,114.9643,1.9030,1.5000,0.0000,-0.3617,-0.1221,0.4895,-0.0144,0,0,0,0,2.8151,-0.2703,0.1309,4.7074,-0.0639
offline_val_env0,7454720,910,325,0,114.2093,1.9006,1.5000,0.0000,0.0666,0.0306,-0.1007,0.0007,0,0,0,0,2.8176,-0.2688,0.1246,4.7074,-0.0639
offline_val_env0,7454720,910,326,0,113.2386,1.8973,1.5000,0.0000,0.0871,0.0222,-0.1236,0.0017,0,0,0,0,2.8209,-0.2675,0.1168,4.7074,-0.0639
offline_val_env0,7454720,910,327,0,111.5487,1.8912,1.5000,0.0000,0.1533,-0.0008,-0.2017,0.0013,0,0,0,0,2.8270,-0.2668,0.1041,4.7074,-0.0639
offline_val_env0,7454720,910,328,0,113.0705,1.8947,1.5000,0.0000,-0.0870,-0.0716,0.2054,-0.0062,0,0,0,0,2.8238,-0.2700,0.1170,4.7074,-0.0639
offline_val_env0,7454720,910,329,0,111.2128,1.8875,1.5000,0.0000,0.1805,-0.0036,-0.2208,-0.0008,0,0,0,0,2.8310,-0.2693,0.1031,4.7074,-0.0639
offline_val_env0,7454720,910,330,0,115.2009,1.9028,1.5000,0.0000,-0.3956,-0.1313,0.5186,-0.0157,0,0,0,0,2.8158,-0.2761,0.1357,4.7074,-0.0639
offline_val_env0,7454720,910,331,0,114.5071,1.9003,1.5000,0.0000,0.0686,0.0331,-0.0943,0.0004,0,0,0,0,2.8184,-0.2745,0.1298,4.7074,-0.0639
offline_val_env0,7454720,910,332,0,113.6445,1.8975,1.5000,0.0000,0.0756,0.0263,-0.1121,0.0012,0,0,0,0,2.8212,-0.2730,0.1228,4.7074,-0.0639
offline_val_env0,7454720,910,333,0,112.3387,1.8931,1.5000,0.0000,0.1153,0.0103,-0.1596,0.0034,0,0,0,0,2.8258,-0.2721,0.1127,4.7074,-0.0639
offline_val_env0,7454720,910,334,0,109.6661,1.8797,1.5000,0.0000,0.3273,-0.0027,-0.3180,-0.0102,0,0,0,0,2.8388,-0.2707,0.0927,4.7074,-0.0639
offline_val_env0,7454720,910,335,0,112.0778,1.8951,1.5000,0.0000,-0.3730,-0.2077,0.3551,0.0052,0,0,0,0,2.8247,-0.2803,0.1151,4.7074,-0.0639
offline_val_env0,7454720,910,336,0,109.4926,1.8805,1.5000,0.0000,0.3550,-0.0039,-0.3070,-0.0120,0,0,0,0,2.8388,-0.2789,0.0958,4.7074,-0.0639
offline_val_env0,7454720,910,337,0,111.8021,1.8954,1.5000,0.0000,-0.3600,-0.2135,0.3448,0.0054,0,0,0,0,2.8253,-0.2887,0.1174,4.7074,-0.0639
offline_val_env0,7454720,910,338,0,110.5975,1.8862,1.5000,0.0000,0.2284,-0.0269,-0.1344,-0.0072,0,0,0,0,2.8345,-0.2887,0.1090,4.7074,-0.0639
offline_val_env0,7454720,910,339,0,114.3241,1.9040,1.5000,0.0000,-0.4482,-0.1699,0.4996,-0.0093,0,0,0,0,2.8174,-0.2974,0.1404,4.7074,-0.0639
offline_val_env0,7454720,910,340,0,113.3683,1.9005,1.5000,0.0000,0.0942,0.0233,-0.1223,0.0017,0,0,0,0,2.8210,-0.2960,0.1327,4.7074,-0.0639
offline_val_env0,7454720,910,341,0,111.7769,1.8946,1.5000,0.0000,0.1498,0.0021,-0.1910,0.0028,0,0,0,0,2.8270,-0.2951,0.1207,4.7074,-0.0639
offline_val_env0,7454720,910,342,0,110.6620,1.8858,1.5000,0.0000,0.2182,-0.0279,-0.1234,-0.0069,0,0,0,0,2.8358,-0.2952,0.1129,4.7074,-0.0639
offline_val_env0,7454720,910,343,0,114.2020,1.9033,1.5000,0.0000,-0.4418,-0.1758,0.4794,-0.0091,0,0,0,0,2.8190,-0.3042,0.1431,4.7074,-0.0639
offline_val_env0,7454720,910,344,0,113.2287,1.8997,1.5000,0.0000,0.0965,0.0226,-0.1242,0.0018,0,0,0,0,2.8227,-0.3027,0.1353,4.7074,-0.0639
offline_val_env0,7454720,910,345,0,111.4961,1.8929,1.5000,0.0000,0.1707,-0.0009,-0.2068,0.0011,0,0,0,0,2.8294,-0.3018,0.1223,4.7074,-0.0639
offline_val_env0,7454720,910,346,0,113.6253,1.8989,1.5000,0.0000,-0.1531,-0.0830,0.2815,-0.0088,0,0,0,0,2.8238,-0.3059,0.1400,4.7074,-0.0639
offline_val_env0,7454720,910,347,0,112.2171,1.8940,1.5000,0.0000,0.1269,0.0065,-0.1706,0.0039,0,0,0,0,2.8288,-0.3049,0.1292,4.7074,-0.0639
offline_val_env0,7454720,910,348,0,109.5166,1.8795,1.5000,0.0000,0.3542,-0.0022,-0.3214,-0.0113,0,0,0,0,2.8428,-0.3032,0.1090,4.7074,-0.0639
offline_val_env0,7454720,910,349,0,111.7979,1.8944,1.5000,0.0000,-0.3612,-0.2132,0.3413,0.0053,0,0,0,0,2.8294,-0.3132,0.1305,4.7074,-0.0639
offline_val_env0,7454720,910,350,0,111.2162,1.8881,1.5000,0.0000,0.1588,-0.0358,-0.0572,-0.0048,0,0,0,0,2.8359,-0.3138,0.1269,4.7074,-0.0639
offline_val_env0,7454720,910,351,0,115.0889,1.9029,1.5000,0.0000,-0.3830,-0.1257,0.5030,-0.0152,0,0,0,0,2.8213,-0.3207,0.1585,4.7074,-0.0639
offline_val_env0,7454720,910,352,0,114.3862,1.9003,1.5000,0.0000,0.0728,0.0328,-0.0953,0.0005,0,0,0,0,2.8240,-0.3190,0.1525,4.7074,-0.0639
offline_val_env0,7454720,910,353,0,113.4740,1.8971,1.5000,0.0000,0.0836,0.0246,-0.1175,0.0015,0,0,0,0,2.8271,-0.3175,0.1451,4.7074,-0.0639
offline_val_env0,7454720,910,354,0,112.0079,1.8920,1.5000,0.0000,0.1304,0.0048,-0.1769,0.0042,0,0,0,0,2.8323,-0.3166,0.1340,4.7074,-0.0639
offline_val_env0,7454720,910,355,0,109.7144,1.8786,1.5000,0.0000,0.3287,-0.0074,-0.2709,-0.0115,0,0,0,0,2.8453,-0.3151,0.1170,4.7074,-0.0639
offline_val_env0,7454720,910,356,0,112.2120,1.8944,1.5000,0.0000,-0.3850,-0.2031,0.3638,0.0043,0,0,0,0,2.8310,-0.3250,0.1398,4.7074,-0.0639
offline_val_env0,7454720,910,357,0,109.5035,1.8798,1.5000,0.0000,0.3587,-0.0021,-0.3224,-0.0114,0,0,0,0,2.8452,-0.3230,0.1196,4.7074,-0.0639
offline_val_env0,7454720,910,358,0,111.7610,1.8947,1.5000,0.0000,-0.3597,-0.2131,0.3385,0.0052,0,0,0,0,2.8319,-0.3332,0.1409,4.7074,-0.0639
offline_val_env0,7454720,910,359,0,110.6498,1.8859,1.5000,0.0000,0.2171,-0.0272,-0.1232,-0.0069,0,0,0,0,2.8407,-0.3331,0.1331,4.7074,-0.0639
offline_val_env0,7454720,910,360,0,114.1418,1.9034,1.5000,0.0000,-0.4395,-0.1771,0.4741,-0.0087,0,0,0,0,2.8242,-0.3424,0.1629,4.7074,-0.0639
offline_val_env0,7454720,910,361,0,113.1330,1.8995,1.5000,0.0000,0.1013,0.0213,-0.1280,0.0020,0,0,0,0,2.8281,-0.3409,0.1549,4.7074,-0.0639
offline_val_env0,7454720,910,362,0,111.2932,1.8921,1.5000,0.0000,0.1872,-0.0029,-0.2189,-0.0002,0,0,0,0,2.8355,-0.3399,0.1411,4.7074,-0.0639
offline_val_env0,7454720,910,363,0,114.9659,1.9051,1.5000,0.0000,-0.3366,-0.1196,0.4772,-0.0147,0,0,0,0,2.8228,-0.3465,0.1711,4.7074,-0.0639
offline_val_env0,7454720,910,364,0,114.2302,1.9024,1.5000,0.0000,0.0732,0.0316,-0.0988,0.0006,0,0,0,0,2.8255,-0.3448,0.1649,4.7074,-0.0639
offline_val_env0,7454720,910,365,0,113.1957,1.8987,1.5000,0.0000,0.0982,0.0201,-0.1306,0.0021,0,0,0,0,2.8292,-0.3433,0.1567,4.7074,-0.0639
offline_val_env0,7454720,910,366,0,111.3878,1.8916,1.5000,0.0000,0.1786,-0.0030,-0.2151,0.0005,0,0,0,0,2.8363,-0.3423,0.1432,4.7074,-0.0639
offline_val_env0,7454720,910,367,0,115.0208,1.9046,1.5000,0.0000,-0.3356,-0.1173,0.4718,-0.0154,0,0,0,0,2.8237,-0.3489,0.1728,4.7074,-0.0639
offline_val_env0,7454720,910,368,0,114.2744,1.9020,1.5000,0.0000,0.0706,0.0311,-0.0999,0.0007,0,0,0,0,2.8263,-0.3472,0.1665,4.7074,-0.0639
offline_val_env0,7454720,910,369,0,113.2712,1.8984,1.5000,0.0000,0.0954,0.0212,-0.1273,0.0019,0,0,0,0,2.8299,-0.3457,0.1585,4.7074,-0.0639
offline_val_env0,7454720,910,370,0,111.5312,1.8919,1.5000,0.0000,0.1639,-0.0026,-0.2071,0.0014,0,0,0,0,2.8364,-0.3448,0.1455,4.7074,-0.0639
offline_val_env0,7454720,910,371,0,113.5623,1.8974,1.5000,0.0000,-0.1388,-0.0815,0.2693,-0.0086,0,0,0,0,2.8314,-0.3488,0.1624,4.7074,-0.0639
offline_val_env0,7454720,910,372,0,112.1257,1.8923,1.5000,0.0000,0.1306,0.0058,-0.1737,0.0040,0,0,0,0,2.8365,-0.3478,0.1515,4.7074,-0.0639
offline_val_env0,7454720,910,373,0,109.5889,1.8781,1.5000,0.0000,0.3473,-0.0039,-0.3013,-0.0114,1,0,0,1,2.8502,-0.3458,0.1326,4.7074,-0.0639
