update,stage,step,fps,sample_fps,collect_s,learn_s,done,success,fail,timeout,success_rate,fail_rate,timeout_rate,pi_loss,v_loss,teacher_loss,entropy,kl,clip_frac,grad_norm,a_mag_mean,stop_frac,zone_frac,raw_std_mean,raw_std_min,raw_std_max,std_mean,std_min,std_max,teacher_coef
1,1,4096,53.92388674647723,963.1865437541624,4.252551104000304,70.67490820999956,0,0,0,0,0.0,0.0,0.0,0.0,0.0,0.0,0.0,0.0,0.0,0.0016152861591116618,0.8195681609213352,0.00048828125,0.030029296875,0.5,0.5,0.5,0.5,0.5,0.5,0.0
2,1,8192,53.82582120794708,963.9898401524439,4.249007436999818,70.9592050780193,2,2,0,0,1.0,0.0,0.0,0.0,0.0,0.0,0.0,0.0,0.0,4.276183694784663e-05,0.6140243783593178,0.0009765625,0.283447265625,0.5,0.5,0.5,0.5,0.5,0.5,0.0
3,1,12288,53.86794637478241,970.1089240155178,4.222206289006863,70.67181465699105,4,4,0,0,1.0,0.0,0.0,0.0,0.0,0.0,0.0,0.0,0.0,3.639768895524753e-05,0.477785162627697,0.002197265625,0.559814453125,0.5,0.5,0.5,0.5,0.5,0.5,0.0
4,1,16384,53.86721889347195,920.3394088361003,4.450532010989264,70.56650296898442,8,8,0,0,1.0,0.0,0.0,0.0,0.0,0.0,0.0,0.0,0.0,3.701268178346595e-05,0.5213176687248051,0.001953125,0.5595703125,0.5,0.5,0.5,0.5,0.5,0.5,0.0
5,1,20480,53.87131456308434,912.4022529017819,4.489248012017924,70.49406944098882,7,7,0,0,1.0,0.0,0.0,0.0,0.0,0.0,0.0,0.0,0.0,3.41517056625662e-05,0.5118551291525364,0.001708984375,0.596923828125,0.5,0.5,0.5,0.5,0.5,0.5,0.0
6,1,24576,54.02419770754724,873.0970355855239,4.691345672996249,69.0248305540008,44,4,0,40,0.09090909090909091,0.0,0.9090909090909091,0.0,0.0,0.0,0.0,0.0,0.0,3.611703061778826e-05,0.5473771137185395,0.00146484375,0.541748046875,0.5,0.5,0.5,0.5,0.5,0.5,0.0
7,1,28672,54.00521259642053,951.1862515627594,4.30620185402222,70.67131905900897,4,4,0,0,1.0,0.0,0.0,0.0,0.0,0.0,0.0,0.0,0.0,3.684736491749163e-05,0.7509840885177255,0.00146484375,0.20263671875,0.5,0.5,0.5,0.5,0.5,0.5,0.0
8,1,32768,53.98038310654758,930.9284552797321,4.399908474995755,70.69712335898657,5,4,0,1,0.8,0.0,0.2,0.0,0.0,0.0,0.0,0.0,0.0,3.3146313285215e-05,0.6022155457176268,0.0009765625,0.34716796875,0.5,0.5,0.5,0.5,0.5,0.5,0.0
9,1,36864,53.96574936148833,896.4707964849508,4.569027810008265,70.47013054799754,7,4,0,3,0.5714285714285714,0.0,0.42857142857142855,0.0,0.0,0.0,0.0,0.0,0.0,3.234405913943306e-05,0.49891220638528466,0.00146484375,0.56982421875,0.5,0.5,0.5,0.5,0.5,0.5,0.0
10,1,40960,53.9464914059361,884.6214691670688,4.630229021975538,70.5128891649947,9,6,0,3,0.6666666666666666,0.0,0.3333333333333333,0.0,0.0,0.0,0.0,0.0,0.0,3.2428686161267706e-05,0.5115080941468477,0.00146484375,0.595458984375,0.5,0.5,0.5,0.5,0.5,0.5,0.0
11,1,45056,53.93321462663313,905.8769388977422,4.521585465001408,70.55586145300185,6,4,0,2,0.6666666666666666,0.0,0.3333333333333333,0.0,0.0,0.0,0.0,0.0,0.0,3.1624461513501956e-05,0.4996015834622085,0.001220703125,0.60400390625,0.5,0.5,0.5,0.5,0.5,0.5,0.0
12,1,49152,53.98675740957645,881.851479648861,4.644773064996116,69.37252824901952,37,4,0,33,0.10810810810810811,0.0,0.8918918918918919,0.0,0.0,0.0,0.0,0.0,0.0,3.4373615822147485e-05,0.5730730388313532,0.001220703125,0.447021484375,0.5,0.5,0.5,0.5,0.5,0.5,0.0
13,1,53248,53.97068803016625,913.3739413961833,4.484472147014458,70.65410505398177,7,5,0,2,0.7142857142857143,0.0,0.2857142857142857,0.0,0.0,0.0,0.0,0.0,0.0,3.1656272724944756e-05,0.6200267048552632,0.001220703125,0.327392578125,0.5,0.5,0.5,0.5,0.5,0.5,0.0
14,1,57344,53.9629464388171,909.847821259121,4.501851742999861,70.52138601598563,7,4,0,3,0.5714285714285714,0.0,0.42857142857142855,0.0,0.0,0.0,0.0,0.0,0.0,3.1701345960755134e-05,0.5303953653201461,0.00146484375,0.4833984375,0.5,0.5,0.5,0.5,0.5,0.5,0.0
15,1,61440,53.95543395120707,885.8776383453717,4.623663384991232,70.41560329700587,9,2,0,7,0.2222222222222222,0.0,0.7777777777777778,0.0,0.0,0.0,0.0,0.0,0.0,3.096146868486471e-05,0.521810382604599,0.000732421875,0.563720703125,0.5,0.5,0.5,0.5,0.5,0.5,0.0
16,1,65536,53.944587677145414,890.1930162531571,4.601249307976104,70.53473226501956,8,3,0,5,0.375,0.0,0.625,0.0,0.0,0.0,0.0,0.0,0.0,3.1310959016650486e-05,0.545004612300545,0.00146484375,0.548583984375,0.5,0.5,0.5,0.5,0.5,0.5,0.0
17,1,69632,53.931882805538315,844.2056555049688,4.851898318011081,70.35707851301413,14,6,0,8,0.42857142857142855,0.0,0.5714285714285714,0.0,0.0,0.0,0.0,0.0,0.0,3.0460355112893467e-05,0.5504591180942953,0.00146484375,0.52294921875,0.5,0.5,0.5,0.5,0.5,0.5,0.0
18,1,73728,53.957018943023634,888.5362323686031,4.609828896995168,69.67610251001315,28,5,0,23,0.17857142857142858,0.0,0.8214285714285714,0.0,0.0,0.0,0.0,0.0,0.0,3.583381716509848e-05,0.6037493101321161,0.001220703125,0.387451171875,0.5,0.5,0.5,0.5,0.5,0.5,0.0
19,1,77824,53.954792948297126,899.7836242423203,4.552205541025614,70.39394130001892,8,3,0,5,0.375,0.0,0.625,0.0,0.0,0.0,0.0,0.0,0.0,3.103390879033441e-05,0.6115354467183352,0.001220703125,0.372314453125,0.5,0.5,0.5,0.5,0.5,0.5,0.0
20,1,81920,53.94635323498864,863.9807675408547,4.740846270986367,70.38789592802641,11,4,0,7,0.36363636363636365,0.0,0.6363636363636364,0.0,0.0,0.0,0.0,0.0,0.0,2.96327468021218e-05,0.5321754799224436,0.00146484375,0.491943359375,0.5,0.5,0.5,0.5,0.5,0.5,0.0
21,1,86016,53.94136469009096,883.7736373805803,4.634670945990365,70.38333492600941,10,5,0,5,0.5,0.0,0.5,0.0,0.0,0.0,0.0,0.0,0.0,3.0020582176604194e-05,0.5737481378018856,0.001708984375,0.493896484375,0.5,0.5,0.5,0.5,0.5,0.5,0.0
22,1,90112,53.939244814092696,889.2891295915696,4.60592608602019,70.36941696397844,9,4,0,5,0.4444444444444444,0.0,0.5555555555555556,0.0,0.0,0.0,0.0,0.0,0.0,2.9822539200807796e-05,0.5543161975219846,0.001708984375,0.49951171875,0.5,0.5,0.5,0.5,0.5,0.5,0.0
23,1,94208,53.93879509276404,867.7355065158442,4.720332369994139,70.20753217799938,14,6,0,8,0.42857142857142855,0.0,0.5714285714285714,0.0,0.0,0.0,0.0,0.0,0.0,2.9075270241207818e-05,0.5503657292574644,0.001708984375,0.49755859375,0.5,0.5,0.5,0.5,0.5,0.5,0.0
24,1,98304,53.946149965860236,886.0600278407766,4.622711634990992,70.04209750299924,19,3,0,16,0.15789473684210525,0.0,0.8421052631578947,0.0,0.0,0.0,0.0,0.0,0.0,3.073847785373118e-05,0.599348840303719,0.0009765625,0.42578125,0.5,0.5,0.5,0.5,0.5,0.5,0.0
25,1,102400,53.94099167978978,871.7746922604589,4.698461697000312,70.38614382597734,11,4,0,7,0.36363636363636365,0.0,0.6363636363636364,0.0,0.0,0.0,0.0,0.0,0.0,2.9300807053544986e-05,0.5465417243540287,0.00146484375,0.4755859375,0.5,0.5,0.5,0.5,0.5,0.5,0.0
26,1,106496,53.937859728227004,864.4303166910191,4.738380782015156,70.28913958498742,11,5,0,6,0.45454545454545453,0.0,0.5454545454545454,0.0,0.0,0.0,0.0,0.0,0.0,2.8551243602237264e-05,0.5360441324301064,0.002197265625,0.5244140625,0.5,0.5,0.5,0.5,0.5,0.5,0.0
27,1,110592,53.932262947538625,859.6632853727672,4.764656197017757,70.36432654599776,10,4,0,6,0.4,0.0,0.6,0.0,0.0,0.0,0.0,0.0,0.0,2.8491900149418825e-05,0.5367401246912777,0.0009765625,0.52880859375,0.5,0.5,0.5,0.5,0.5,0.5,0.0
28,1,114688,53.9271628588995,848.2015838701257,4.82904073499958,70.29805783499614,14,4,0,10,0.2857142857142857,0.0,0.7142857142857143,0.0,0.0,0.0,0.0,0.0,0.0,2.8337466357442054e-05,0.5624922555871308,0.001220703125,0.5009765625,0.5,0.5,0.5,0.5,0.5,0.5,0.0
29,1,118784,53.92363926750378,838.6780798486637,4.883876302978024,70.19137962101377,16,5,0,11,0.3125,0.0,0.6875,0.0,0.0,0.0,0.0,0.0,0.0,3.028742402833018e-05,0.5760423187166452,0.001708984375,0.466552734375,0.5,0.5,0.5,0.5,0.5,0.5,0.0
30,1,122880,53.92233139485616,838.6632991454263,4.883962377003627,70.10614077901118,17,7,0,10,0.4117647058823529,0.0,0.5882352941176471,0.0,0.0,0.0,0.0,0.0,0.0,2.990400454550013e-05,0.605522864498198,0.001708984375,0.3935546875,0.5,0.5,0.5,0.5,0.5,0.5,0.0
31,1,126976,53.918585060129274,888.5447143325998,4.609784892003518,70.45735553902341,9,5,0,4,0.5555555555555556,0.0,0.4444444444444444,0.0,0.0,0.0,0.0,0.0,0.0,2.8409554801100967e-05,0.5525093353353441,0.001708984375,0.45947265625,0.5,0.5,0.5,0.5,0.5,0.5,0.0
32,1,131072,53.91754491547524,894.814504139139,4.577485032990808,70.40985970699694,10,4,0,6,0.4,0.0,0.6,0.0,0.0,0.0,0.0,0.0,0.0,2.7526983814141204e-05,0.5144097856245935,0.0009765625,0.5693359375,0.5,0.5,0.5,0.5,0.5,0.5,0.0
33,1,135168,53.914833590651234,833.8680114987978,4.912048361991765,70.1545214850048,17,7,0,10,0.4117647058823529,0.0,0.5882352941176471,0.0,0.0,0.0,0.0,0.0,0.0,2.7133029117720753e-05,0.5287287863902748,0.002197265625,0.5615234375,0.5,0.5,0.5,0.5,0.5,0.5,0.0
34,1,139264,53.91115457679652,852.2025576555892,4.8063690529961605,70.3180305819842,12,3,0,9,0.25,0.0,0.75,0.0,0.0,0.0,0.0,0.0,0.0,2.7834222017020238e-05,0.5731488708406687,0.000732421875,0.49755859375,0.5,0.5,0.5,0.5,0.5,0.5,0.0
35,1,143360,53.91087531980349,875.5149792003748,4.678389402019093,70.28904788399814,14,4,0,10,0.2857142857142857,0.0,0.7142857142857143,0.0,0.0,0.0,0.0,0.0,0.0,2.709404463629994e-05,0.5517903892323375,0.00146484375,0.45556640625,0.5,0.5,0.5,0.5,0.5,0.5,0.0
36,1,147456,53.90864941413815,866.7406618587479,4.725750365993008,70.33911604699097,14,3,0,11,0.21428571428571427,0.0,0.7857142857142857,0.0,0.0,0.0,0.0,0.0,0.0,2.8274124336036266e-05,0.5763581153005362,0.0009765625,0.44287109375,0.5,0.5,0.5,0.5,0.5,0.5,0.0
37,1,151552,53.90867036062311,924.0087127011308,4.4328586340125185,70.52224966499489,7,3,0,4,0.42857142857142855,0.0,0.5714285714285714,0.0,0.0,0.0,0.0,0.0,0.0,2.8446092699141445e-05,0.5298963747918606,0.001220703125,0.510986328125,0.5,0.5,0.5,0.5,0.5,0.5,0.0
38,1,155648,53.905102255505874,838.5276825558,4.884752269019373,70.26188426098088,14,9,0,5,0.6428571428571429,0.0,0.35714285714285715,0.0,0.0,0.0,0.0,0.0,0.0,2.773178899673212e-05,0.5390894836746156,0.002685546875,0.52197265625,0.5,0.5,0.5,0.5,0.5,0.5,0.0
39,1,159744,53.90159771973702,837.7851049005759,4.889081909001106,70.26416769201751,15,3,0,12,0.2,0.0,0.8,0.0,0.0,0.0,0.0,0.0,0.0,2.718994056039037e-05,0.5399133702740073,0.0009765625,0.514404296875,0.5,0.5,0.5,0.5,0.5,0.5,0.0
40,1,163840,53.899771181707074,850.6103031038958,4.815366078983061,70.25223640998593,14,5,0,9,0.35714285714285715,0.0,0.6428571428571429,0.0,0.0,0.0,0.0,0.0,0.0,2.9383272536875893e-05,0.5657824063673615,0.00244140625,0.461181640625,0.5,0.5,0.5,0.5,0.5,0.5,0.0
41,1,167936,53.896858303794794,840.5473283843503,4.873015310004121,70.2312596910051,16,4,0,12,0.25,0.0,0.75,0.0,0.0,0.0,0.0,0.0,0.0,2.8726398543454934e-05,0.5551551952958107,0.001220703125,0.45556640625,0.5,0.5,0.5,0.5,0.5,0.5,0.0
42,1,172032,53.89610912212598,886.2382019727519,4.621782259986503,70.39708867197623,10,3,0,7,0.3,0.0,0.7,0.0,0.0,0.0,0.0,0.0,0.0,2.8694648985805316e-05,0.5653124758973718,0.000732421875,0.421142578125,0.5,0.5,0.5,0.5,0.5,0.5,0.0
43,1,176128,53.89518366393501,899.6786804387772,4.552736537007149,70.47738216299331,9,4,0,5,0.4444444444444444,0.0,0.5555555555555556,0.0,0.0,0.0,0.0,0.0,0.0,2.724627215755504e-05,0.5419615628197789,0.001220703125,0.483154296875,0.5,0.5,0.5,0.5,0.5,0.5,0.0
44,1,180224,53.89478109321771,890.3361205921132,4.600509746000171,70.40118727399386,11,4,0,7,0.36363636363636365,0.0,0.6363636363636364,0.0,0.0,0.0,0.0,0.0,0.0,2.7812627710233073e-05,0.5614048573188484,0.0009765625,0.495849609375,0.5,0.5,0.5,0.5,0.5,0.5,0.0
45,1,184320,53.89089562060372,832.3715159554723,4.9208795849990565,70.30137837899383,14,2,0,12,0.14285714285714285,0.0,0.8571428571428571,0.0,0.0,0.0,0.0,0.0,0.0,2.7283476875084034e-05,0.5642600180581212,0.000732421875,0.483154296875,0.5,0.5,0.5,0.5,0.5,0.5,0.0
46,1,188416,53.88879737795041,859.9841288087038,4.762878595996881,70.35493180999765,12,4,0,8,0.3333333333333333,0.0,0.6666666666666666,0.0,0.0,0.0,0.0,0.0,0.0,2.7167281707818347e-05,0.5525377672165632,0.0009765625,0.4755859375,0.5,0.5,0.5,0.5,0.5,0.5,0.0
47,1,192512,53.8868391729109,833.7610125989246,4.9126787389977835,70.20343493798282,16,4,0,12,0.25,0.0,0.75,0.0,0.0,0.0,0.0,0.0,0.0,2.737091094218158e-05,0.5582585134543478,0.001220703125,0.490234375,0.5,0.5,0.5,0.5,0.5,0.5,0.0
48,1,196608,53.88582441018018,895.5123820064041,4.573917772999266,70.48190924798837,8,1,0,7,0.125,0.0,0.875,0.0,0.0,0.0,0.0,0.0,0.0,2.7130324824042873e-05,0.5581962042488158,0.00048828125,0.459228515625,0.5,0.5,0.5,0.5,0.5,0.5,0.0
49,1,200704,53.88668866271682,886.734875747104,4.619193529011682,70.30759336601477,12,1,0,11,0.08333333333333333,0.0,0.9166666666666666,0.0,0.0,0.0,0.0,0.0,0.0,2.6672197179777868e-05,0.5330280503258109,0.0009765625,0.5048828125,0.5,0.5,0.5,0.5,0.5,0.5,0.0
50,1,204800,53.88528356272085,891.0797974987613,4.596670255006757,70.48813564699958,9,3,0,6,0.3333333333333333,0.0,0.6666666666666666,0.0,0.0,0.0,0.0,0.0,0.0,2.6729315337092885e-05,0.551063240505755,0.00146484375,0.505859375,0.5,0.5,0.5,0.5,0.5,0.5,0.0
51,1,208896,53.88250045014565,825.1464937933172,4.9639670419855975,70.18996817199513,17,8,0,9,0.47058823529411764,0.0,0.5294117647058824,0.0,0.0,0.0,0.0,0.0,0.0,2.8204109224105878e-05,0.5834755189716816,0.001953125,0.460693359375,0.5,0.5,0.5,0.5,0.5,0.5,0.0
52,1,212992,53.88204588846516,869.9515086228246,4.70830840501003,70.31771708399174,12,2,0,10,0.16666666666666666,0.0,0.8333333333333334,0.0,0.0,0.0,0.0,0.0,0.0,2.6096443054512974e-05,0.591599453240633,0.000732421875,0.41796875,0.5,0.5,0.5,0.5,0.5,0.5,0.0
53,1,217088,53.88018583562753,827.9561752191242,4.947121747012716,70.18771039199783,15,3,0,12,0.2,0.0,0.8,0.0,0.0,0.0,0.0,0.0,0.0,2.613027861642081e-05,0.571989762596786,0.001220703125,0.47314453125,0.5,0.5,0.5,0.5,0.5,0.5,0.0
54,1,221184,53.88089853385526,907.3254106338147,4.51436711900169,70.42793849599548,7,4,0,3,0.5714285714285714,0.0,0.42857142857142855,0.0,0.0,0.0,0.0,0.0,0.0,2.629155568811825e-05,0.5378408264368773,0.0009765625,0.47705078125,0.5,0.5,0.5,0.5,0.5,0.5,0.0
55,1,225280,53.87937262579345,850.7690865959465,4.814467361982679,70.29758092202246,11,3,0,8,0.2727272727272727,0.0,0.7272727272727273,0.0,0.0,0.0,0.0,0.0,0.0,2.6102209012890398e-05,0.504780100658536,0.0009765625,0.5751953125,0.5,0.5,0.5,0.5,0.5,0.5,0.0
56,1,229376,53.87780251293442,849.4168853155467,4.822131594992243,70.30035238299752,12,3,0,9,0.25,0.0,0.75,0.0,0.0,0.0,0.0,0.0,0.0,2.621718590134492e-05,0.5367823108099401,0.001220703125,0.530517578125,0.5,0.5,0.5,0.5,0.5,0.5,0.0
57,1,233472,53.876018629035684,832.8357598855498,4.918136560998391,70.2247063049872,14,3,0,11,0.21428571428571427,0.0,0.7857142857142857,0.0,0.0,0.0,0.0,0.0,0.0,2.68384167068092e-05,0.5525344214402139,0.0009765625,0.478759765625,0.5,0.5,0.5,0.5,0.5,0.5,0.0
58,1,237568,53.875670157846265,847.0284136301506,4.835729161015479,70.19391196299694,16,6,0,10,0.375,0.0,0.625,0.0,0.0,0.0,0.0,0.0,0.0,2.611504923066832e-05,0.5897851539775729,0.001708984375,0.42333984375,0.5,0.5,0.5,0.5,0.5,0.5,0.0
59,1,241664,53.8745474546772,822.4842443984252,4.9800346060073934,70.11507189099211,19,7,0,12,0.3684210526315789,0.0,0.631578947368421,0.0,0.0,0.0,0.0,0.0,0.0,2.6083325995074347e-05,0.5757837882265449,0.001953125,0.429443359375,0.5,0.5,0.5,0.5,0.5,0.5,0.0
60,1,245760,53.87577837711874,928.2271345040089,4.412713060999522,70.48563444300089,7,4,0,3,0.5714285714285714,0.0,0.42857142857142855,0.0,0.0,0.0,0.0,0.0,0.0,2.4557664584534677e-05,0.5371184763498604,0.001220703125,0.521728515625,0.5,0.5,0.5,0.5,0.5,0.5,0.0
61,1,249856,53.8750069714015,890.8141117867598,4.598041213990655,70.44030698898132,9,1,0,8,0.1111111111111111,0.0,0.8888888888888888,0.0,0.0,0.0,0.0,0.0,0.0,2.4442506980193457e-05,0.525632144883275,0.00048828125,0.544677734375,0.5,0.5,0.5,0.5,0.5,0.5,0.0
62,1,253952,53.87468680827237,878.8981075400578,4.660380952991545,70.37383108600625,10,3,0,7,0.3,0.0,0.7,0.0,0.0,0.0,0.0,0.0,0.0,2.4743776171121112e-05,0.5199249102734029,0.00146484375,0.576171875,0.5,0.5,0.5,0.5,0.5,0.5,0.0
63,1,258048,53.87323044683491,828.0394067861628,4.946624479984166,70.18786723600351,16,8,0,8,0.5,0.0,0.5,0.0,0.0,0.0,0.0,0.0,0.0,2.6599063364329822e-05,0.5628414740785956,0.002197265625,0.4892578125,0.5,0.5,0.5,0.5,0.5,0.5,0.0
64,1,262144,53.87376387407185,857.3487594715461,4.777519013994606,70.18062966899015,15,2,0,13,0.13333333333333333,0.0,0.8666666666666667,0.0,0.0,0.0,0.0,0.0,0.0,2.6361052777090777e-05,0.56016347091645,0.00048828125,0.4697265625,0.5,0.5,0.5,0.5,0.5,0.5,0.0
65,1,266240,53.871312146053164,791.7773267370579,5.173171625006944,70.05793846797314,20,7,0,13,0.35,0.0,0.65,0.0,0.0,0.0,0.0,0.0,0.0,2.826075013473428e-05,0.597439844161272,0.001953125,0.37646484375,0.5,0.5,0.5,0.5,0.5,0.5,0.0
66,1,270336,53.87142377314763,897.7657419077473,4.5624374029866885,70.43593732299632,8,6,0,2,0.75,0.0,0.25,0.0,0.0,0.0,0.0,0.0,0.0,2.6363744497714947e-05,0.5551422336138785,0.002197265625,0.403564453125,0.5,0.5,0.5,0.5,0.5,0.5,0.0
67,1,274432,53.87051352952752,863.3869900773678,4.744106694997754,70.35131014097715,11,6,0,5,0.5454545454545454,0.0,0.45454545454545453,0.0,0.0,0.0,0.0,0.0,0.0,2.5909250204847467e-05,0.516405560541898,0.002197265625,0.542724609375,0.5,0.5,0.5,0.5,0.5,0.5,0.0
68,1,278528,53.87048091589442,858.5305083977487,4.770942861010553,70.24095648201182,13,4,0,9,0.3076923076923077,0.0,0.6923076923076923,0.0,0.0,0.0,0.0,0.0,0.0,2.5244893118170353e-05,0.561661584302783,0.001708984375,0.494873046875,0.5,0.5,0.5,0.5,0.5,0.5,0.0
69,1,282624,53.87195715308223,851.319949591233,4.8113520680053625,70.05740125701413,16,11,0,5,0.6875,0.0,0.3125,0.0,0.0,0.0,0.0,0.0,0.0,2.6273669762488794e-05,0.5961113395169377,0.0029296875,0.423095703125,0.5,0.5,0.5,0.5,0.5,0.5,0.0
70,1,286720,53.87084869244874,857.7130005012767,4.77549016699777,70.34021211400977,12,2,0,10,0.16666666666666666,0.0,0.8333333333333334,0.0,0.0,0.0,0.0,0.0,0.0,2.627945733024717e-05,0.5888651311397552,0.0009765625,0.449951171875,0.5,0.5,0.5,0.5,0.5,0.5,0.0
71,1,290816,53.86924495597849,830.6687470050579,4.930966784013435,70.206570120994,16,3,0,13,0.1875,0.0,0.8125,0.0,0.0,0.0,0.0,0.0,0.0,2.607660915998622e-05,0.5741663724184036,0.000732421875,0.416259765625,0.5,0.5,0.5,0.5,0.5,0.5,0.0
72,1,294912,53.86815941848842,913.24367898918,4.485111799003789,70.63578149798559,5,3,0,2,0.6,0.0,0.4,0.0,0.0,0.0,0.0,0.0,0.0,2.5385804386601762e-05,0.5668838052079082,0.00146484375,0.4755859375,0.5,0.5,0.5,0.5,0.5,0.5,0.0
73,1,299008,53.86767615806711,883.665180034235,4.635239786002785,70.42709863101481,11,2,0,9,0.18181818181818182,0.0,0.8181818181818182,0.0,0.0,0.0,0.0,0.0,0.0,2.4873467673103278e-05,0.5317972893826663,0.000732421875,0.552734375,0.5,0.5,0.5,0.5,0.5,0.5,0.0
74,1,303104,53.86695518907347,863.0860845399761,4.745760675985366,70.34184876398649,13,5,0,8,0.38461538461538464,0.0,0.6153846153846154,0.0,0.0,0.0,0.0,0.0,0.0,2.5685170928824164e-05,0.5323891676962376,0.001953125,0.508544921875,0.5,0.5,0.5,0.5,0.5,0.5,0.0
75,1,307200,53.86654706046889,842.1384517912367,4.863808310008608,70.19204781198641,18,3,0,15,0.16666666666666666,0.0,0.8333333333333334,0.0,0.0,0.0,0.0,0.0,0.0,2.4594978221159636e-05,0.5743470638990402,0.0009765625,0.4853515625,0.5,0.5,0.5,0.5,0.5,0.5,0.0
76,1,311296,53.866981233201294,857.2430418610328,4.77810819100705,70.19086822099052,14,4,0,10,0.2857142857142857,0.0,0.7142857142857143,0.0,0.0,0.0,0.0,0.0,0.0,2.505176251510477e-05,0.5529477642849088,0.00146484375,0.45703125,0.5,0.5,0.5,0.5,0.5,0.5,0.0
77,1,315392,53.865395737241286,860.5810465031687,4.759574960015016,70.4262277999951,11,3,0,8,0.2727272727272727,0.0,0.7272727272727273,0.0,0.0,0.0,0.0,0.0,0.0,2.7118155950134337e-05,0.5555498762987554,0.000732421875,0.451416015625,0.5,0.5,0.5,0.5,0.5,0.5,0.0
78,1,319488,53.865296408386044,927.5020256249213,4.416162862005876,70.61042947802343,5,3,0,2,0.6,0.0,0.4,0.0,0.0,0.0,0.0,0.0,0.0,2.504929212676643e-05,0.5239799791015685,0.000732421875,0.47900390625,0.5,0.5,0.5,0.5,0.5,0.5,0.0
79,1,323584,53.86570678052468,885.3369983144299,4.626486872002715,70.34465659101261,12,5,0,8,0.4166666666666667,0.0,0.6666666666666666,0.0,0.0,0.0,0.0,0.0,0.0,2.5755982315800452e-05,0.531258946750313,0.001220703125,0.512939453125,0.5,0.5,0.5,0.5,0.5,0.5,0.0
80,1,327680,53.86338496376606,813.4582920120731,5.035291962994961,70.24382191701443,16,5,0,11,0.3125,0.0,0.6875,0.0,0.0,0.0,0.0,0.0,0.0,2.5662672220150284e-05,0.5636876844801009,0.00146484375,0.45263671875,0.5,0.5,0.5,0.5,0.5,0.5,0.0
81,1,331776,53.8638448111726,876.1940982141713,4.6747632840124425,70.26077309899847,14,2,0,12,0.14285714285714285,0.0,0.8571428571428571,0.0,0.0,0.0,0.0,0.0,0.0,2.715783892348611e-05,0.6042793691158295,0.000732421875,0.3916015625,0.5,0.5,0.5,0.5,0.5,0.5,0.0
82,1,335872,53.864080864137875,869.944393024489,4.708346916013397,70.28490273299394,11,2,0,9,0.18181818181818182,0.0,0.8181818181818182,0.0,0.0,0.0,0.0,0.0,0.0,2.7005450080608284e-05,0.5719419848173857,0.001220703125,0.40869140625,0.5,0.5,0.5,0.5,0.5,0.5,0.0
83,1,339968,53.86370595745698,866.5107500740238,4.727004251995822,70.3338193630043,10,2,0,8,0.2,0.0,0.8,0.0,0.0,0.0,0.0,0.0,0.0,2.623290937542322e-05,0.5484746131114662,0.00048828125,0.444580078125,0.5,0.5,0.5,0.5,0.5,0.5,0.0
84,1,344064,53.864107164081055,942.0132985360513,4.348133944993606,70.62170607000007,4,1,0,3,0.25,0.0,0.75,0.0,0.0,0.0,0.0,0.0,0.0,2.522008874450421e-05,0.5267454870045185,0.000732421875,0.506103515625,0.5,0.5,0.5,0.5,0.5,0.5,0.0
85,1,348160,53.86344662851811,826.3313967921554,4.956849050999153,70.14325311299763,20,6,0,14,0.3,0.0,0.7,0.0,0.0,0.0,0.0,0.0,0.0,2.6235389466222614e-05,0.5594402370043099,0.001708984375,0.50244140625,0.5,0.5,0.5,0.5,0.5,0.5,0.0
86,1,352256,53.863475936551424,830.6930112893235,4.93082275200868,70.0872636300046,17,6,0,11,0.35294117647058826,0.0,0.6470588235294118,0.0,0.0,0.0,0.0,0.0,0.0,2.6344058639438117e-05,0.6319232620298862,0.001708984375,0.33740234375,0.5,0.5,0.5,0.5,0.5,0.5,0.0
87,1,356352,53.862786924018195,842.9400670536202,4.859182947984664,70.24597540000104,16,6,0,10,0.375,0.0,0.625,0.0,0.0,0.0,0.0,0.0,0.0,2.6145217180584268e-05,0.6076710838824511,0.001953125,0.3154296875,0.5,0.5,0.5,0.5,0.5,0.5,0.0
88,1,360448,53.862910841265105,938.2366489848623,4.365636328991968,70.63894652499584,5,2,0,3,0.4,0.0,0.6,0.0,0.0,0.0,0.0,0.0,0.0,2.5609427231287896e-05,0.5402678954415023,0.0009765625,0.471923828125,0.5,0.5,0.5,0.5,0.5,0.5,0.0
89,1,364544,53.86195102280455,865.7256072475125,4.731291261006845,70.41262223798549,10,4,0,6,0.4,0.0,0.6,0.0,0.0,0.0,0.0,0.0,0.0,2.5359880449826733e-05,0.5212796377018094,0.0009765625,0.514892578125,0.5,0.5,0.5,0.5,0.5,0.5,0.0
90,1,368640,53.86000430812465,840.5173653191767,4.8731890250055585,70.39591787499376,11,7,0,4,0.6363636363636364,0.0,0.36363636363636365,0.0,0.0,0.0,0.0,0.0,0.0,2.520490551738419e-05,0.5342282047495246,0.002685546875,0.53564453125,0.5,0.5,0.5,0.5,0.5,0.5,0.0
91,1,372736,53.85913171142117,801.8679338134463,5.1080730719841085,69.9960688209976,20,7,0,13,0.35,0.0,0.65,0.0,0.0,0.0,0.0,0.0,0.0,2.5553118193855084e-05,0.5644114133901894,0.00244140625,0.46142578125,0.5,0.5,0.5,0.5,0.5,0.5,0.0
92,1,376832,53.85731850332397,837.0527388260142,4.893359534005867,70.36637364301714,15,1,0,14,0.06666666666666667,0.0,0.9333333333333333,0.0,0.0,0.0,0.0,0.0,0.0,2.564422697659552e-05,0.5768492482602596,0.00048828125,0.41748046875,0.5,0.5,0.5,0.5,0.5,0.5,0.0
93,1,380928,53.85560252027093,845.7698348340274,4.842925144999754,70.40948824599036,13,5,0,8,0.38461538461538464,0.0,0.6153846153846154,0.0,0.0,0.0,0.0,0.0,0.0,2.5626794137423303e-05,0.5611884128302336,0.001708984375,0.396240234375,0.5,0.5,0.5,0.5,0.5,0.5,0.0
94,1,385024,53.856106302339875,917.1577263535729,4.465971208992414,70.49610601199674,7,3,0,4,0.42857142857142855,0.0,0.5714285714285714,0.0,0.0,0.0,0.0,0.0,0.0,2.5035340010859386e-05,0.5532179372385144,0.000732421875,0.4775390625,0.5,0.5,0.5,0.5,0.5,0.5,0.0
95,1,389120,53.85603387643359,908.8185678999316,4.506950170994969,70.53303746299935,7,2,0,5,0.2857142857142857,0.0,0.7142857142857143,0.0,0.0,0.0,0.0,0.0,0.0,2.4838925783754462e-05,0.537191407289356,0.00048828125,0.496337890625,0.5,0.5,0.5,0.5,0.5,0.5,0.0
96,1,393216,53.85464882976462,812.8465736613435,5.039081338007236,70.1768311120104,18,8,0,10,0.4444444444444444,0.0,0.5555555555555556,0.0,0.0,0.0,0.0,0.0,0.0,2.5488153097441568e-05,0.5458155302330852,0.001953125,0.492431640625,0.5,0.5,0.5,0.5,0.5,0.5,0.0
97,1,397312,53.854269848972415,868.961492999302,4.713672623009188,70.37130600199453,12,0,0,12,0.0,0.0,1.0,0.0,0.0,0.0,0.0,0.0,0.0,2.5730385138089673e-05,0.5809522168710828,0.000244140625,0.41650390625,0.5,0.5,0.5,0.5,0.5,0.5,0.0
98,1,401408,53.85379185975796,865.5842435944961,4.732063956005732,70.36713961002533,12,1,0,11,0.08333333333333333,0.0,0.9166666666666666,0.0,0.0,0.0,0.0,0.0,0.0,2.573241737913179e-05,0.5730080110952258,0.00048828125,0.412109375,0.5,0.5,0.5,0.5,0.5,0.5,0.0
99,1,405504,53.853492552974885,872.9192143308293,4.692301341012353,70.3811301960086,11,3,0,8,0.2727272727272727,0.0,0.7272727272727273,0.0,0.0,0.0,0.0,0.0,0.0,2.463655660100983e-05,0.5576988472603261,0.00146484375,0.45361328125,0.5,0.5,0.5,0.5,0.5,0.5,0.0
100,1,409600,53.852793253078595,868.3211939080556,4.717148480005562,70.41665055500926,10,2,0,8,0.2,0.0,0.8,0.0,0.0,0.0,0.0,0.0,0.0,2.4051444832196012e-05,0.5475691398605704,0.0009765625,0.509765625,0.5,0.5,0.5,0.5,0.5,0.5,0.0
101,1,413696,53.85352631102136,909.3919990613321,4.504108244000236,70.39326160299242,10,6,0,4,0.6,0.0,0.4,0.0,0.0,0.0,0.0,0.0,0.0,2.4081872361136902e-05,0.5178658757358789,0.002197265625,0.528076171875,0.5,0.5,0.5,0.5,0.5,0.5,0.0
102,1,417792,53.852667135669826,816.4810524523577,5.016650401987135,70.14170927699888,18,5,0,13,0.2777777777777778,0.0,0.7222222222222222,0.0,0.0,0.0,0.0,0.0,0.0,2.460553071514937e-05,0.5653598071075976,0.001220703125,0.472900390625,0.5,0.5,0.5,0.5,0.5,0.5,0.0
103,1,421888,53.85201452367687,837.5133635181824,4.890668231004383,70.23991275200387,14,6,0,8,0.42857142857142855,0.0,0.5714285714285714,0.0,0.0,0.0,0.0,0.0,0.0,2.3411393634376054e-05,0.5704351840540767,0.00146484375,0.4609375,0.5,0.5,0.5,0.5,0.5,0.5,0.0
104,1,425984,53.85167769607149,863.639865205619,4.742717613000423,70.34017343301093,12,6,0,6,0.5,0.0,0.5,0.0,0.0,0.0,0.0,0.0,0.0,2.4133821055372096e-05,0.5310257240198553,0.001708984375,0.4853515625,0.5,0.5,0.5,0.5,0.5,0.5,0.0
105,1,430080,53.85082898992692,846.9096399868198,4.836407341004815,70.32596163998824,14,7,0,7,0.5,0.0,0.5,0.0,0.0,0.0,0.0,0.0,0.0,2.3186935679930798e-05,0.5575297242030501,0.001953125,0.504150390625,0.5,0.5,0.5,0.5,0.5,0.5,0.0
106,1,434176,53.85030465088464,840.7232484342163,4.8719956390268635,70.24245806300314,15,9,0,6,0.6,0.0,0.4,0.0,0.0,0.0,0.0,0.0,0.0,2.3888531416105252e-05,0.5549651752226055,0.002685546875,0.46337890625,0.5,0.5,0.5,0.5,0.5,0.5,0.0
107,1,438272,53.84930240198009,886.1103947537916,4.622448877984425,70.56462655597716,7,3,0,4,0.42857142857142855,0.0,0.5714285714285714,0.0,0.0,0.0,0.0,0.0,0.0,2.3790309930049602e-05,0.5288218073546886,0.001708984375,0.4892578125,0.5,0.5,0.5,0.5,0.5,0.5,0.0
108,1,442368,53.849903838996624,880.4356738947199,4.652242203999776,70.29571865999606,12,4,0,8,0.3333333333333333,0.0,0.6666666666666666,0.0,0.0,0.0,0.0,0.0,0.0,2.4951349237412046e-05,0.5509061296470463,0.001708984375,0.5087890625,0.5,0.5,0.5,0.5,0.5,0.5,0.0
109,1,446464,53.84931482552061,846.6975861898875,4.837618610006757,70.29111866597668,14,6,0,8,0.42857142857142855,0.0,0.5714285714285714,0.0,0.0,0.0,0.0,0.0,0.0,2.374458193088458e-05,0.5505245570093393,0.00146484375,0.48681640625,0.5,0.5,0.5,0.5,0.5,0.5,0.0
110,1,450560,53.84925454451116,880.8177768723558,4.650224039010936,70.39698315499118,11,2,0,9,0.18181818181818182,0.0,0.8181818181818182,0.0,0.0,0.0,0.0,0.0,0.0,2.4136584851675025e-05,0.5461650844663382,0.000732421875,0.50048828125,0.5,0.5,0.5,0.5,0.5,0.5,0.0
111,1,454656,53.8486931291699,851.2036908591365,4.812009209999815,70.2826804619981,13,1,0,12,0.07692307692307693,0.0,0.9230769230769231,0.0,0.0,0.0,0.0,0.0,0.0,2.5323863420467774e-05,0.5327779054641724,0.000732421875,0.479248046875,0.5,0.5,0.5,0.5,0.5,0.5,0.0
112,1,458752,53.84853960917501,861.6468920846278,4.753687429998536,70.3120031300059,12,2,0,10,0.16666666666666666,0.0,0.8333333333333334,0.0,0.0,0.0,0.0,0.0,0.0,2.5006144628747506e-05,0.5385329728014767,0.000732421875,0.477783203125,0.5,0.5,0.5,0.5,0.5,0.5,0.0
113,1,462848,53.84794062061674,857.3174030438985,4.777693751995685,70.3575059910072,13,5,0,8,0.38461538461538464,0.0,0.6153846153846154,0.0,0.0,0.0,0.0,0.0,0.0,2.5250501471063558e-05,0.5769093539565802,0.001953125,0.447509765625,0.5,0.5,0.5,0.5,0.5,0.5,0.0
114,1,466944,53.84776993675785,880.4606374019116,4.65211029999773,70.4175703759829,11,4,0,7,0.36363636363636365,0.0,0.6363636363636364,0.0,0.0,0.0,0.0,0.0,0.0,2.490961407985992e-05,0.5905310944654047,0.00146484375,0.40625,0.5,0.5,0.5,0.5,0.5,0.5,0.0
115,1,471040,53.84716100069758,842.9064348100369,4.859376830980182,70.2795044700033,14,6,0,8,0.42857142857142855,0.0,0.5714285714285714,0.0,0.0,0.0,0.0,0.0,0.0,2.3695071952545277e-05,0.553808368742466,0.001708984375,0.512939453125,0.5,0.5,0.5,0.5,0.5,0.5,0.0
116,1,475136,53.84685640164852,859.3481215531499,4.766403623012593,70.32349971900112,13,6,0,7,0.46153846153846156,0.0,0.5384615384615384,0.0,0.0,0.0,0.0,0.0,0.0,2.2962626415434784e-05,0.5681211575865746,0.001953125,0.460693359375,0.5,0.5,0.5,0.5,0.5,0.5,0.0
117,1,479232,53.84601117145149,885.243612646101,4.626974926999537,70.55467369200778,8,3,0,5,0.375,0.0,0.625,0.0,0.0,0.0,0.0,0.0,0.0,2.2527768262392556e-05,0.5484805908054113,0.001220703125,0.5263671875,0.5,0.5,0.5,0.5,0.5,0.5,0.0
118,1,483328,53.845257746613704,811.7660362716604,5.045788831979735,70.12487420198158,17,6,0,11,0.35294117647058826,0.0,0.6470588235294118,0.0,0.0,0.0,0.0,0.0,0.0,2.427017861172942e-05,0.5446990998461843,0.002197265625,0.493896484375,0.5,0.5,0.5,0.5,0.5,0.5,0.0
119,1,487424,53.84459981537464,838.2237551800853,4.886523407010827,70.2719385070086,16,3,0,13,0.1875,0.0,0.8125,0.0,0.0,0.0,0.0,0.0,0.0,2.382412753476615e-05,0.5819280287250876,0.00146484375,0.42529296875,0.5,0.5,0.5,0.5,0.5,0.5,0.0
120,1,491520,53.84347311213392,866.8100774578345,4.725371920008911,70.5130586209998,8,3,0,5,0.375,0.0,0.625,0.0,0.0,0.0,0.0,0.0,0.0,2.4352668445359882e-05,0.5451877508312464,0.001220703125,0.45556640625,0.5,0.5,0.5,0.5,0.5,0.5,0.0
121,1,495616,53.843038040242014,853.5143932547871,4.798981753992848,70.293186875002,13,3,0,10,0.23076923076923078,0.0,0.7692307692307693,0.0,0.0,0.0,0.0,0.0,0.0,2.6078747376701017e-05,0.560234909877181,0.000732421875,0.437255859375,0.5,0.5,0.5,0.5,0.5,0.5,0.0
122,1,499712,53.84192976572151,833.3968903581679,4.914825154002756,70.32229434599867,14,4,0,10,0.2857142857142857,0.0,0.7142857142857143,0.0,0.0,0.0,0.0,0.0,0.0,2.4694408361725095e-05,0.5761532494798303,0.0009765625,0.442626953125,0.5,0.5,0.5,0.5,0.5,0.5,0.0
123,1,503808,53.84157547584351,901.9484933572036,4.541279274999397,70.56878949000384,6,2,0,4,0.3333333333333333,0.0,0.6666666666666666,0.0,0.0,0.0,0.0,0.0,0.0,2.397674954401907e-05,0.5720319142565131,0.0009765625,0.4560546875,0.5,0.5,0.5,0.5,0.5,0.5,0.0
124,1,507904,53.84095589043471,803.2593994729918,5.099224487988977,70.05831831000978,19,4,0,15,0.21052631578947367,0.0,0.7894736842105263,0.0,0.0,0.0,0.0,0.0,0.0,2.3818780164219788e-05,0.5560873788781464,0.00146484375,0.479248046875,0.5,0.5,0.5,0.5,0.5,0.5,0.0
125,1,512000,53.8409865604687,866.4251976734596,4.727471004996914,70.31974952301243,13,6,0,7,0.46153846153846156,0.0,0.5384615384615384,0.0,0.0,0.0,0.0,0.0,0.0,2.295475105640321e-05,0.5694198114797473,0.001708984375,0.447021484375,0.5,0.5,0.5,0.5,0.5,0.5,0.0
126,1,516096,53.84100018914796,882.3358914750881,4.6422230349853635,70.40713542202138,9,5,0,4,0.5555555555555556,0.0,0.4444444444444444,0.0,0.0,0.0,0.0,0.0,0.0,2.2135056028105282e-05,0.5287412302568555,0.002685546875,0.519775390625,0.5,0.5,0.5,0.5,0.5,0.5,0.0
127,1,520192,53.83994902014363,840.229177888716,4.874860464013182,70.36497645801865,13,4,0,9,0.3076923076923077,0.0,0.6923076923076923,0.0,0.0,0.0,0.0,0.0,0.0,2.232331395468634e-05,0.5214021704159677,0.00146484375,0.57763671875,0.5,0.5,0.5,0.5,0.5,0.5,0.0
128,1,524288,53.8391444912189,822.6864510630899,4.978810572007205,70.21956898600911,16,5,0,11,0.3125,0.0,0.6875,0.0,0.0,0.0,0.0,0.0,0.0,2.3705964956377557e-05,0.5571650327183306,0.00146484375,0.52734375,0.5,0.5,0.5,0.5,0.5,0.5,0.0
129,1,528384,53.839267945615624,915.2902332642032,4.475083258992527,70.55589545299881,6,2,0,4,0.3333333333333333,0.0,0.6666666666666666,0.0,0.0,0.0,0.0,0.0,0.0,2.3311346827981083e-05,0.5482665617018938,0.00048828125,0.483154296875,0.5,0.5,0.5,0.5,0.5,0.5,0.0
130,1,532480,53.83896326066505,817.3293399231111,5.011443735013017,70.09982097300235,21,7,0,14,0.3333333333333333,0.0,0.6666666666666666,0.0,0.0,0.0,0.0,0.0,0.0,2.4844696435266655e-05,0.5754234595224261,0.001953125,0.472412109375,0.5,0.5,0.5,0.5,0.5,0.5,0.0
131,1,536576,53.839067321494255,897.7877454343198,4.562325584003702,70.43994566399488,9,3,0,6,0.3333333333333333,0.0,0.6666666666666666,0.0,0.0,0.0,0.0,0.0,0.0,2.4132878555960247e-05,0.5713156890124083,0.0009765625,0.421875,0.5,0.5,0.5,0.5,0.5,0.5,0.0
132,1,540672,53.83878266953257,842.5775999635223,4.861273312009871,70.24426324400702,14,5,0,9,0.35714285714285715,0.0,0.6428571428571429,0.0,0.0,0.0,0.0,0.0,0.0,2.3219642310223776e-05,0.556470007635653,0.001220703125,0.49267578125,0.5,0.5,0.5,0.5,0.5,0.5,0.0
133,1,544768,53.83781041053573,821.0471768320974,4.988751091994345,70.24809727800312,16,9,0,7,0.5625,0.0,0.4375,0.0,0.0,0.0,0.0,0.0,0.0,2.368548917708324e-05,0.5797424307093024,0.00244140625,0.459716796875,0.5,0.5,0.5,0.5,0.5,0.5,0.0
134,1,548864,53.838043931590974,882.229058129095,4.6427851840271614,70.36805650999304,11,1,0,10,0.09090909090909091,0.0,0.9090909090909091,0.0,0.0,0.0,0.0,0.0,0.0,2.3794649559150116e-05,0.5719015654176474,0.00048828125,0.431640625,0.5,0.5,0.5,0.5,0.5,0.5,0.0
135,1,552960,53.83788686563161,909.7126852726439,4.5025204840057995,70.58170837099897,7,3,0,4,0.42857142857142855,0.0,0.5714285714285714,0.0,0.0,0.0,0.0,0.0,0.0,2.341321726007095e-05,0.5137065867893398,0.0009765625,0.55615234375,0.5,0.5,0.5,0.5,0.5,0.5,0.0
136,1,557056,53.83730621360034,822.662921417484,4.978952974983258,70.18520496599376,17,8,0,9,0.47058823529411764,0.0,0.5294117647058824,0.0,0.0,0.0,0.0,0.0,0.0,2.362949672018999e-05,0.5360032706521451,0.00244140625,0.539794921875,0.5,0.5,0.5,0.5,0.5,0.5,0.0
137,1,561152,53.8365413866603,831.8628813108752,4.92388841000502,70.27868478099117,14,5,0,9,0.35714285714285715,0.0,0.6428571428571429,0.0,0.0,0.0,0.0,0.0,0.0,2.4384997630022553e-05,0.5851996652781963,0.00146484375,0.443359375,0.5,0.5,0.5,0.5,0.5,0.5,0.0
138,1,565248,53.83659266912555,864.8139301336677,4.736278935015434,70.31241685399436,12,4,0,8,0.3333333333333333,0.0,0.6666666666666666,0.0,0.0,0.0,0.0,0.0,0.0,2.4000222380138325e-05,0.5868003973737359,0.001220703125,0.450927734375,0.5,0.5,0.5,0.5,0.5,0.5,0.0
139,1,569344,53.83567360498669,837.0356180653994,4.893459622981027,70.34082256199326,15,6,0,9,0.4,0.0,0.6,0.0,0.0,0.0,0.0,0.0,0.0,2.3220848840210806e-05,0.5961645757779479,0.001708984375,0.42529296875,0.5,0.5,0.5,0.5,0.5,0.5,0.0
140,1,573440,53.835247987730895,886.3761066871083,4.621063191007124,70.52127980598016,8,4,0,4,0.5,0.0,0.5,0.0,0.0,0.0,0.0,0.0,0.0,2.3315265760714965e-05,0.5655092443339527,0.00146484375,0.44287109375,0.5,0.5,0.5,0.5,0.5,0.5,0.0
141,1,577536,53.834698793215345,866.0065348470312,4.729756457003532,70.40087517400389,11,4,0,7,0.36363636363636365,0.0,0.6363636363636364,0.0,0.0,0.0,0.0,0.0,0.0,2.3813319192100835e-05,0.5196074657142162,0.0009765625,0.525390625,0.5,0.5,0.5,0.5,0.5,0.5,0.0
142,1,581632,53.834093630971,828.9662174607296,4.941093996021664,70.24067288200604,16,4,0,12,0.25,0.0,0.75,0.0,0.0,0.0,0.0,0.0,0.0,2.388638285566458e-05,0.5499369441531599,0.001953125,0.491455078125,0.5,0.5,0.5,0.5,0.5,0.5,0.0
143,1,585728,53.83403334557539,887.9614701734489,4.612812759994995,70.46020299801603,9,1,0,8,0.1111111111111111,0.0,0.8888888888888888,0.0,0.0,0.0,0.0,0.0,0.0,2.2752102983858435e-05,0.5808182340115309,0.00048828125,0.44873046875,0.5,0.5,0.5,0.5,0.5,0.5,0.0
144,1,589824,53.833571704235155,829.6305540341439,4.937137355998857,70.21674500301015,16,4,0,12,0.25,0.0,0.75,0.0,0.0,0.0,0.0,0.0,0.0,2.217797713299774e-05,0.5385722839273512,0.001220703125,0.5029296875,0.5,0.5,0.5,0.5,0.5,0.5,0.0
145,1,593920,53.833315761550836,841.1131183596809,4.86973738798406,70.244960490003,14,4,0,10,0.2857142857142857,0.0,0.7142857142857143,0.0,0.0,0.0,0.0,0.0,0.0,2.201699300208304e-05,0.5725094992667437,0.001708984375,0.497802734375,0.5,0.5,0.5,0.5,0.5,0.5,0.0
146,1,598016,53.83279979078605,880.9248671752863,4.649658730981173,70.51810199700412,9,5,0,4,0.5555555555555556,0.0,0.4444444444444444,0.0,0.0,0.0,0.0,0.0,0.0,2.1327059966935735e-05,0.5419220421463251,0.00244140625,0.515380859375,0.5,0.5,0.5,0.5,0.5,0.5,0.0
147,1,602112,53.833500996792964,931.8879046642601,4.395378435001476,70.52027033502236,8,2,0,6,0.25,0.0,0.75,0.0,0.0,0.0,0.0,0.0,0.0,2.213319935862046e-05,0.531589129474014,0.000732421875,0.550048828125,0.5,0.5,0.5,0.5,0.5,0.5,0.0
148,1,606208,53.83341710510133,826.560684738083,4.955474021000555,70.12384357702103,18,4,0,14,0.2222222222222222,0.0,0.7777777777777778,0.0,0.0,0.0,0.0,0.0,0.0,2.410942000352634e-05,0.5332985827699304,0.001220703125,0.515380859375,0.5,0.5,0.5,0.5,0.5,0.5,0.0
149,1,610304,53.83365773660953,901.7606666316119,4.542225173005136,70.45916904398473,8,3,0,6,0.375,0.0,0.75,0.0,0.0,0.0,0.0,0.0,0.0,2.3813700680719307e-05,0.5736175207421184,0.00146484375,0.46337890625,0.5,0.5,0.5,0.5,0.5,0.5,0.0
150,1,614400,53.83311059264292,836.0280342661457,4.899357236979995,70.27938962099142,16,3,0,13,0.1875,0.0,0.8125,0.0,0.0,0.0,0.0,0.0,0.0,2.5376068474969316e-05,0.541232134681195,0.000732421875,0.43701171875,0.5,0.5,0.5,0.5,0.5,0.5,0.0
151,1,618496,53.83286873893253,881.2858567884341,4.647754152014386,70.43305043800501,10,2,0,8,0.2,0.0,0.8,0.0,0.0,0.0,0.0,0.0,0.0,2.3877300341368368e-05,0.5555911706760526,0.000732421875,0.470947265625,0.5,0.5,0.5,0.5,0.5,0.5,0.0
152,1,622592,53.832742898661444,877.1228800990018,4.669813196000177,70.41882922398509,10,4,0,6,0.4,0.0,0.6,0.0,0.0,0.0,0.0,0.0,0.0,2.3196964802352227e-05,0.5582385938614607,0.0009765625,0.502685546875,0.5,0.5,0.5,0.5,0.5,0.5,0.0
153,1,626688,53.83273674308819,869.171681020882,4.712532735982677,70.35007352899993,12,1,0,11,0.08333333333333333,0.0,0.9166666666666666,0.0,0.0,0.0,0.0,0.0,0.0,2.310072331290769e-05,0.5850194422528148,0.00048828125,0.498291015625,0.5,0.5,0.5,0.5,0.5,0.5,0.0
154,1,630784,53.83254983733486,818.7702653161002,5.002624268992804,70.10052295500645,19,4,0,15,0.21052631578947367,0.0,0.7894736842105263,0.0,0.0,0.0,0.0,0.0,0.0,2.300088189421956e-05,0.6316567715257406,0.001220703125,0.4111328125,0.5,0.5,0.5,0.5,0.5,0.5,0.0
155,1,634880,53.83252783295406,915.4148104138204,4.47447425298742,70.59247016499285,6,2,0,4,0.3333333333333333,0.0,0.6666666666666666,0.0,0.0,0.0,0.0,0.0,0.0,2.275857634792544e-05,0.6175388572737575,0.0009765625,0.394287109375,0.5,0.5,0.5,0.5,0.5,0.5,0.0
156,1,638976,53.8324309723759,855.3262747400386,4.78881582498434,70.29805642800056,13,2,0,11,0.15384615384615385,0.0,0.8461538461538461,0.0,0.0,0.0,0.0,0.0,0.0,2.4187048216717244e-05,0.5763285933062434,0.0009765625,0.427001953125,0.5,0.5,0.5,0.5,0.5,0.5,0.0
157,1,643072,53.83242320156192,889.5537911604217,4.604555722995428,70.46047044801526,9,2,0,7,0.2222222222222222,0.0,0.7777777777777778,0.0,0.0,0.0,0.0,0.0,0.0,2.2644502788438103e-05,0.5390093796886504,0.0009765625,0.496826171875,0.5,0.5,0.5,0.5,0.5,0.5,0.0
158,1,647168,53.83200653466465,867.480685834302,4.721718957996927,70.43352024399792,10,2,0,8,0.2,0.0,0.8,0.0,0.0,0.0,0.0,0.0,0.0,2.275807698381982e-05,0.538649785798043,0.0009765625,0.5380859375,0.5,0.5,0.5,0.5,0.5,0.5,0.0
159,1,651264,53.830870968330636,830.0306549994693,4.934757500013802,70.38545144197997,13,0,0,13,0.0,0.0,1.0,0.0,0.0,0.0,0.0,0.0,0.0,2.3074350595564397e-05,0.5610989052802324,0.00048828125,0.48291015625,0.5,0.5,0.5,0.5,0.5,0.5,0.0
160,1,655360,53.83073660731261,836.7068964888714,4.895382143004099,70.20201901998371,15,2,0,13,0.13333333333333333,0.0,0.8666666666666667,0.0,0.0,0.0,0.0,0.0,0.0,2.2813437162483297e-05,0.5673893387429416,0.0009765625,0.48583984375,0.5,0.5,0.5,0.5,0.5,0.5,0.0
161,1,659456,53.83091452522767,866.8821897728958,4.724978836020455,70.26805364101892,14,6,0,8,0.42857142857142855,0.0,0.5714285714285714,0.0,0.0,0.0,0.0,0.0,0.0,2.208351438959255e-05,0.553639174439013,0.001953125,0.4970703125,0.5,0.5,0.5,0.5,0.5,0.5,0.0
162,1,663552,53.831200702958164,867.1811581081374,4.723349857988069,70.27673054000479,13,5,0,8,0.38461538461538464,0.0,0.6153846153846154,0.0,0.0,0.0,0.0,0.0,0.0,2.3102404620445327e-05,0.584835016168654,0.00146484375,0.4248046875,0.5,0.5,0.5,0.5,0.5,0.5,0.0
163,1,667648,53.83141287215524,869.0790571080375,4.71303498398629,70.30254298300133,13,7,0,6,0.5384615384615384,0.0,0.46153846153846156,0.0,0.0,0.0,0.0,0.0,0.0,2.289336768868111e-05,0.5526316813193262,0.00244140625,0.4794921875,0.5,0.5,0.5,0.5,0.5,0.5,0.0
164,1,671744,53.83149361820218,867.265737882884,4.722889215016039,70.32377291898592,12,2,0,10,0.16666666666666666,0.0,0.8333333333333334,0.0,0.0,0.0,0.0,0.0,0.0,2.3447751427596586e-05,0.5292372591793537,0.00048828125,0.5029296875,0.5,0.5,0.5,0.5,0.5,0.5,0.0
165,1,675840,53.83142732183979,869.6602127803451,4.709885469987057,70.37010469500092,13,2,0,11,0.15384615384615385,0.0,0.8461538461538461,0.0,0.0,0.0,0.0,0.0,0.0,2.379675228603162e-05,0.5695589995011687,0.00048828125,0.4609375,0.5,0.5,0.5,0.5,0.5,0.5,0.0
166,1,679936,53.83139356243809,872.3040905688065,4.695610216993373,70.37936360901222,10,2,0,8,0.2,0.0,0.8,0.0,0.0,0.0,0.0,0.0,0.0,2.3433068495393172e-05,0.5947015266865492,0.00048828125,0.454345703125,0.5,0.5,0.5,0.5,0.5,0.5,0.0
167,1,684032,53.83133665488174,866.9394414263193,4.724666804017033,70.35137223699712,12,2,0,10,0.16666666666666666,0.0,0.8333333333333334,0.0,0.0,0.0,0.0,0.0,0.0,2.2579017983304084e-05,0.5694782957434654,0.001220703125,0.46435546875,0.5,0.5,0.5,0.5,0.5,0.5,0.0
168,1,688128,53.83096510379085,844.708274950162,4.8490113349980675,70.30207149000489,13,6,0,7,0.46153846153846156,0.0,0.5384615384615384,0.0,0.0,0.0,0.0,0.0,0.0,2.4041963273546685e-05,0.5821904512122273,0.002197265625,0.464599609375,0.5,0.5,0.5,0.5,0.5,0.5,0.0
169,1,692224,53.83072065283032,810.6773604204449,5.052564929006621,70.07126575498842,19,9,0,10,0.47368421052631576,0.0,0.5263157894736842,0.0,0.0,0.0,0.0,0.0,0.0,2.4530688092383457e-05,0.5909914989024401,0.002685546875,0.416748046875,0.5,0.5,0.5,0.5,0.5,0.5,0.0
170,1,696320,53.830694496902396,883.8701275693346,4.634164988994598,70.43812559900107,8,1,0,7,0.125,0.0,0.875,0.0,0.0,0.0,0.0,0.0,0.0,2.3270193475255496e-05,0.5682471515610814,0.000244140625,0.462890625,0.5,0.5,0.5,0.5,0.5,0.5,0.0
171,1,700416,53.82983478377065,860.3409574072639,4.760903179994784,70.4777780949953,11,6,0,5,0.5454545454545454,0.0,0.45454545454545453,0.0,0.0,0.0,0.0,0.0,0.0,2.2982396489013013e-05,0.5452684303745627,0.002197265625,0.49462890625,0.5,0.5,0.5,0.5,0.5,0.5,0.0
172,1,704512,53.830245370335675,883.0777368162233,4.63832325200201,70.32883902700269,11,5,0,6,0.45454545454545453,0.0,0.5454545454545454,0.0,0.0,0.0,0.0,0.0,0.0,2.2472455809108283e-05,0.558853514958173,0.00146484375,0.501220703125,0.5,0.5,0.5,0.5,0.5,0.5,0.0
173,1,708608,53.8308326847345,864.1333105128138,4.740009383007418,70.18256324899266,16,5,0,11,0.3125,0.0,0.6875,0.0,0.0,0.0,0.0,0.0,0.0,2.2634514767361225e-05,0.5708011882379651,0.001708984375,0.49462890625,0.5,0.5,0.5,0.5,0.5,0.5,0.0
174,1,712704,53.830722261496014,840.0666573043568,4.8758035619976,70.21694331298932,16,5,0,11,0.3125,0.0,0.6875,0.0,0.0,0.0,0.0,0.0,0.0,2.3745061525914934e-05,0.6016969680786133,0.002197265625,0.4072265625,0.5,0.5,0.5,0.5,0.5,0.5,0.0
175,1,716800,53.83072059199757,865.4359202689769,4.732874964014627,70.3314879469981,11,2,0,9,0.18181818181818182,0.0,0.8181818181818182,0.0,0.0,0.0,0.0,0.0,0.0,2.252943794367468e-05,0.5709827248938382,0.000732421875,0.470947265625,0.5,0.5,0.5,0.5,0.5,0.5,0.0
176,1,720896,53.83142195157166,899.4344245233765,4.553972905996488,70.33666808099952,13,9,0,5,0.6923076923076923,0.0,0.38461538461538464,0.0,0.0,0.0,0.0,0.0,0.0,2.3395595297515115e-05,0.5561483278870583,0.00244140625,0.496337890625,0.5,0.5,0.5,0.5,0.5,0.5,0.0
177,1,724992,53.83071001458079,896.5815992864877,4.568463153002085,70.67394008798874,4,1,0,3,0.25,0.0,0.75,0.0,0.0,0.0,0.0,0.0,0.0,2.199583598105903e-05,0.5253996960818768,0.00048828125,0.521728515625,0.5,0.5,0.5,0.5,0.5,0.5,0.0
178,1,729088,53.830716560526824,870.6788747125773,4.70437507898896,70.3615306430147,13,5,0,8,0.38461538461538464,0.0,0.6153846153846154,0.0,0.0,0.0,0.0,0.0,0.0,2.3438573947487384e-05,0.5237899655476213,0.002197265625,0.520751953125,0.5,0.5,0.5,0.5,0.5,0.5,0.0
179,1,733184,53.830596277769615,824.8071545096212,4.9660092999984045,70.13044153500232,18,5,0,13,0.2777777777777778,0.0,0.7222222222222222,0.0,0.0,0.0,0.0,0.0,0.0,2.285409641267222e-05,0.546661380212754,0.001953125,0.500244140625,0.5,0.5,0.5,0.5,0.5,0.5,0.0
180,1,737280,53.8302051967547,862.4670353198629,4.749167020025197,70.41471553401789,11,2,0,9,0.18181818181818182,0.0,0.8181818181818182,0.0,0.0,0.0,0.0,0.0,0.0,2.2774863541741297e-05,0.5674840696156025,0.000732421875,0.477783203125,0.5,0.5,0.5,0.5,0.5,0.5,0.0
181,1,741376,53.828913269145744,808.4140820805835,5.06671035400359,70.2986285299994,17,6,0,11,0.35294117647058826,0.0,0.6470588235294118,0.0,0.0,0.0,0.0,0.0,0.0,2.3274524686200948e-05,0.5847711991518736,0.001708984375,0.45458984375,0.5,0.5,0.5,0.5,0.5,0.5,0.0
182,1,745472,53.82893400561339,894.9696506391901,4.5766915080021136,70.48537433499587,9,2,0,7,0.2222222222222222,0.0,0.7777777777777778,0.0,0.0,0.0,0.0,0.0,0.0,2.3055104387381675e-05,0.5782411629334092,0.00048828125,0.40966796875,0.5,0.5,0.5,0.5,0.5,0.5,0.0
183,1,749568,53.82914701528548,906.8753359197885,4.516607561992714,70.49553339698468,8,3,0,5,0.375,0.0,0.625,0.0,0.0,0.0,0.0,0.0,0.0,2.1970766702850142e-05,0.5164866582490504,0.001220703125,0.54638671875,0.5,0.5,0.5,0.5,0.5,0.5,0.0
184,1,753664,53.82874105547512,843.8727741135266,4.8538122400059365,70.31981541399728,14,6,0,8,0.42857142857142855,0.0,0.5714285714285714,0.0,0.0,0.0,0.0,0.0,0.0,2.1548497466383765e-05,0.51643405854702,0.00146484375,0.544921875,0.5,0.5,0.5,0.5,0.5,0.5,0.0
185,1,757760,53.82793419605054,803.611908433974,5.096987683995394,70.18266716698417,18,5,0,13,0.2777777777777778,0.0,0.7222222222222222,0.0,0.0,0.0,0.0,0.0,0.0,2.3466436509522737e-05,0.5755212977528572,0.001708984375,0.43505859375,0.5,0.5,0.5,0.5,0.5,0.5,0.0
186,1,761856,53.82758824200564,860.1334960689488,4.7620514940063,70.39875293298974,12,6,0,6,0.5,0.0,0.5,0.0,0.0,0.0,0.0,0.0,0.0,2.2757966306130584e-05,0.5826336657628417,0.00244140625,0.438232421875,0.5,0.5,0.5,0.5,0.5,0.5,0.0
187,1,765952,53.82796351267904,905.1766579014472,4.525083545013331,70.44735294498969,10,4,0,6,0.4,0.0,0.6,0.0,0.0,0.0,0.0,0.0,0.0,2.366173903212143e-05,0.5494534764438868,0.001220703125,0.451904296875,0.5,0.5,0.5,0.5,0.5,0.5,0.0
188,1,770048,53.82755927427697,874.2907837664094,4.684940154984361,70.4910377819906,11,5,0,6,0.45454545454545453,0.0,0.5454545454545454,0.0,0.0,0.0,0.0,0.0,0.0,2.3876239621856143e-05,0.5649354550987482,0.001220703125,0.45361328125,0.5,0.5,0.5,0.5,0.5,0.5,0.0
189,1,774144,53.82788965169221,895.0082023393385,4.576494370994624,70.40474535099929,11,6,0,5,0.5454545454545454,0.0,0.45454545454545453,0.0,0.0,0.0,0.0,0.0,0.0,2.3500302114953797e-05,0.5622075591236353,0.002197265625,0.47802734375,0.5,0.5,0.5,0.5,0.5,0.5,0.0
190,1,778240,53.82814592466559,881.2054050072891,4.648178479983471,70.35499122799956,11,5,0,6,0.45454545454545453,0.0,0.5454545454545454,0.0,0.0,0.0,0.0,0.0,0.0,2.2939715748293565e-05,0.5553108798339963,0.00146484375,0.4775390625,0.5,0.5,0.5,0.5,0.5,0.5,0.0
191,1,782336,53.82816957993633,853.7812241184284,4.797481935995165,70.23011126401252,15,3,0,12,0.2,0.0,0.8,0.0,0.0,0.0,0.0,0.0,0.0,2.3005604242953837e-05,0.5711464500054717,0.001220703125,0.472900390625,0.5,0.5,0.5,0.5,0.5,0.5,0.0
192,1,786432,53.82821712209163,876.8920433979719,4.671042497007875,70.386644616985,10,1,0,9,0.1,0.0,0.9,0.0,0.0,0.0,0.0,0.0,0.0,2.25316230206829e-05,0.5605401331558824,0.000732421875,0.489990234375,0.5,0.5,0.5,0.5,0.5,0.5,0.0
193,1,790528,53.82726366861563,811.236682665322,5.049081343982834,70.28038694901625,15,5,0,10,0.3333333333333333,0.0,0.6666666666666666,0.0,0.0,0.0,0.0,0.0,0.0,2.3287768943447418e-05,0.5348898163065314,0.001708984375,0.475341796875,0.5,0.5,0.5,0.5,0.5,0.5,0.0
194,1,794624,53.82740126874636,873.5811603432056,4.688745803985512,70.34448635199806,12,4,0,8,0.3333333333333333,0.0,0.6666666666666666,0.0,0.0,0.0,0.0,0.0,0.0,2.3147845002569056e-05,0.5594442188739777,0.00146484375,0.4765625,0.5,0.5,0.5,0.5,0.5,0.5,0.0
195,1,798720,53.827691852403305,911.2936418986664,4.494709292019252,70.49702518398408,8,3,0,5,0.375,0.0,0.625,0.0,0.0,0.0,0.0,0.0,0.0,2.173161232299492e-05,0.5516541246324778,0.00146484375,0.503662109375,0.5,0.5,0.5,0.5,0.5,0.5,0.0
196,1,802816,53.82764616357821,850.8649579591212,4.813924891001079,70.2706793989928,14,5,0,9,0.35714285714285715,0.0,0.6428571428571429,0.0,0.0,0.0,0.0,0.0,0.0,2.2112372944249614e-05,0.5373251810669899,0.001708984375,0.513427734375,0.5,0.5,0.5,0.5,0.5,0.5,0.0
197,1,806912,53.827434817828845,837.3713323886918,4.891497763979714,70.2406085350085,16,4,0,12,0.25,0.0,0.75,0.0,0.0,0.0,0.0,0.0,0.0,2.100771829738335e-05,0.5714091770350933,0.0009765625,0.498046875,0.5,0.5,0.5,0.5,0.5,0.5,0.0
198,1,811008,53.82727669888288,874.2412835366408,4.685205419984413,70.4300517969823,11,6,0,5,0.5454545454545454,0.0,0.45454545454545453,0.0,0.0,0.0,0.0,0.0,0.0,2.1229121395904826e-05,0.5704634487628937,0.002197265625,0.481689453125,0.5,0.5,0.5,0.5,0.5,0.5,0.0
199,1,815104,53.82698591773962,833.2926087676325,4.915440215001581,70.23721898600343,16,4,0,12,0.25,0.0,0.75,0.0,0.0,0.0,0.0,0.0,0.0,2.1402523637803483e-05,0.5536518003791571,0.00146484375,0.520751953125,0.5,0.5,0.5,0.5,0.5,0.5,0.0
200,1,819200,53.82698099352393,901.8013425695373,4.542020294989925,70.53054925901233,8,3,0,5,0.375,0.0,0.625,0.0,0.0,0.0,0.0,0.0,0.0,2.1525970826274943e-05,0.54944913322106,0.001220703125,0.540283203125,0.5,0.5,0.5,0.5,0.5,0.5,0.0
201,2,823296,53.980524026121074,437.1045115454556,9.37075663098949,23.01888821797911,0,0,0,0,0.0,0.0,0.0,0.37554469204133056,0.24197226181058795,0.47212363575818017,0.6476224376820028,12.006715486928442,0.98455810546875,3.9481522107089404,0.6450510108843446,0.0,0.0,0.30038369417889044,0.3003247959422879,0.30043074570130557,0.30000001192092896,0.30000001192092896,0.30000001192092896,5.0
202,2,827392,54.1332950761401,423.6116693247068,9.669233160006115,22.95281644599163,1,0,1,0,0.0,1.0,0.0,0.4856205498417694,0.3150346366019221,0.37135211130953394,0.6400715943891555,4.382089420440025,0.9647216796875,3.6779525517194998,0.9924803338944912,0.0,0.002685546875,0.29955200786935166,0.2986102038412355,0.3000767392804846,0.29984283447265625,0.29952841997146606,0.30000001192092896,5.0
203,2,831488,54.284632328268245,413.9912905702397,9.893927947996417,22.949014141020598,3,0,3,0,0.0,1.0,0.0,0.12703203163982835,0.30089063141303996,0.10292406093140016,0.6443822712171823,1.2411343793610286,0.9068603515625,1.2087389343068935,0.6083279037848115,0.000244140625,0.00390625,0.29999238764867187,0.29990171996178105,0.30008310481207445,0.2999971807003021,0.2999914884567261,0.30000001192092896,5.0
204,2,835584,54.43517015745729,414.7227253568992,9.876478306017816,23.00925521197496,0,0,0,0,0.0,0.0,0.0,0.028435525273380335,0.030557866979734172,0.03791714089720699,0.6365341374184936,0.0840745561872609,0.5980224609375,1.1828698884128244,0.46386812813580036,0.001220703125,0.0,0.29917285859119147,0.29777107399422675,0.30000987253151834,0.29873448610305786,0.29625171422958374,0.30000001192092896,5.0
205,2,839680,54.58577729046526,424.27274799156766,9.654167088010581,23.03056971100159,0,0,0,0,0.0,0.0,0.0,0.0041282145321019925,0.005190650193270585,0.004996962882614753,0.5445418239105493,0.0311401287362969,0.38983154296875,0.948875286791008,0.4649566854350269,0.0009765625,0.0,0.29020500695332885,0.28507277742028236,0.2986227793735452,0.2844666838645935,0.2771783769130707,0.2977302670478821,5.0
206,2,843776,54.736175125697706,428.2135388302889,9.565321104018949,22.998295500990935,60,0,0,60,0.0,0.0,1.0,0.15612430421788304,0.04904542653093813,0.30749683603062294,0.5253250584937632,0.36356873337354045,0.81414794921875,1.763011614966672,0.47033500485122204,0.00048828125,0.0,0.28842215187614784,0.2786932442104444,0.29761747404700145,0.2910633981227875,0.2792448103427887,0.30000001192092896,5.0
207,2,847872,54.885827239528275,424.50743850150246,9.648829745972762,22.946332740975777,0,0,0,0,0.0,0.0,0.0,0.03729309406116954,0.1470078638594714,0.34643329367099795,0.553666262421757,0.04669476299386588,0.4462890625,2.5830144030041993,0.507502288557589,0.000732421875,0.0,0.2911128259729594,0.28069897001842037,0.29796285438351333,0.29110032320022583,0.28153377771377563,0.29712948203086853,5.0
208,2,851968,55.03373534618271,411.0915455714533,9.963717435020953,22.94496563699795,3,0,1,2,0.0,0.3333333333333333,0.6666666666666666,0.0210303329040471,0.10030321281169563,0.06727000869335598,0.5562203486915678,0.15679214566625888,0.66851806640625,1.6664585289981915,0.4939461797475815,0.0009765625,0.0,0.2913996248389594,0.279104420740623,0.2990856359829195,0.29143571853637695,0.2770023047924042,0.29997488856315613,5.0
209,2,856064,55.18118439592516,415.5649325203335,9.856462082010694,23.004690340021625,2,0,0,2,0.0,0.0,1.0,0.003976000964939885,0.009496808026199233,0.031450312253241464,0.5175365030299872,0.05387961826272658,0.43609619140625,2.1045024401828414,0.4946132367476821,0.0009765625,0.0,0.2877956742886454,0.2707456886419095,0.29902071569813415,0.28458791971206665,0.26575279235839844,0.29990750551223755,5.0
210,2,860160,55.32863574249504,423.09595251791035,9.681019106006715,23.004376673983643,0,0,0,0,0.0,0.0,0.0,0.10825731452132459,0.04801937215415819,0.3199790038415813,0.4983089566230774,0.29352472906248295,0.65130615234375,6.683061228774022,0.480394481215626,0.00146484375,0.0,0.2860594684025273,0.26649646245641634,0.29935880278935656,0.2874831557273865,0.26652127504348755,0.29928451776504517,5.0
211,2,864256,55.47616108312628,429.2712676237717,9.541752054996323,22.94819480399019,0,0,0,0,0.0,0.0,0.0,0.24725188834781875,0.18737993168906542,0.3248384981416166,0.5205180312041193,1.521444775895361,0.87554931640625,15.710937245050445,0.5929561043158174,0.000244140625,0.0,0.2883010963560082,0.2652693696436472,0.29996242199558765,0.28837889432907104,0.26513707637786865,0.30000001192092896,5.0
212,2,868352,55.62104433729441,407.66105712361,10.047562621999532,23.012516365008196,59,0,1,58,0.0,0.01694915254237288,0.9830508474576272,0.3376681530771748,0.1783996792291873,0.15796837181551382,0.5271335944999009,1.6192857270652894,0.85107421875,29.73118316725595,0.7657740851864219,0.000244140625,0.000244140625,0.2888963894220069,0.2667338907485828,0.3000155581976287,0.28910696506500244,0.2677105963230133,0.30000001192092896,5.0
213,2,872448,55.76594758777596,414.1558051774596,9.889997795020463,22.992647456005216,6,0,6,0,0.0,1.0,0.0,0.08908622060334892,0.5994368836109061,0.1523226453573443,0.5294671731535345,0.3971418640212505,0.6689453125,25.0292137854849,0.6520623676478863,0.00048828125,0.0,0.2890795670100488,0.26787585247075185,0.30001139669911936,0.28932321071624756,0.26796960830688477,0.30000001192092896,5.0
214,2,876544,55.91039290485059,413.78804225048736,9.89878774099634,22.941786337993108,5,0,2,3,0.0,0.4,0.6,0.05262642049819988,0.2334774770806689,0.06839141858290532,0.5288116030860692,0.6463789761328371,0.72216796875,16.207588056102395,0.5546560809016228,0.001220703125,0.00146484375,0.28903728717705235,0.26731038582511246,0.30001459596678615,0.2890792787075043,0.26724496483802795,0.30000001192092896,5.0
215,2,880640,56.054560942569566,420.76362285342043,9.734681843983708,23.01449001702713,2,0,0,2,0.0,0.0,1.0,0.0722038953754236,0.0254399451930567,0.041853970473312074,0.5292596681974828,0.42174135286040837,0.6510009765625,19.565205936669372,0.5340325003489852,0.0009765625,0.0,0.28907713416265324,0.2674477612017654,0.3000058706384152,0.2891848683357239,0.2675545811653137,0.30000001192092896,5.0
216,2,884736,56.1982881894689,420.25917310146514,9.746366676001344,22.957869856007164,0,0,0,0,0.0,0.0,0.0,0.0661321044426586,0.027103896322614673,0.04593207385369169,0.5324512554798275,0.2155458834276942,0.564697265625,18.649851428577676,0.5272282059304416,0.000244140625,0.0,0.28935827198438346,0.268357657128945,0.2999361613765359,0.2894882559776306,0.269364595413208,0.29986491799354553,5.0
217,2,888832,56.34174735840353,425.5887810197406,9.624313851003535,22.98814858600963,1,0,1,0,0.0,1.0,0.0,0.09769726699414605,0.20817486988016753,0.1305497369612567,0.5404737028293312,0.31681189786468167,0.6492919921875,20.194417802616954,0.6530052600428462,0.000732421875,0.005859375,0.29008758335839957,0.2705428592162207,0.30002705386141315,0.29037243127822876,0.27111726999282837,0.30000001192092896,5.0
218,2,892928,56.48446356943616,422.51304025848833,9.694375343999127,22.960385139012942,50,0,0,50,0.0,0.0,1.0,0.17684819573696586,0.16628761983884033,0.17429915540560614,0.542227779282257,1.1405795695172856,0.8077392578125,26.13612351170741,0.6457612914964557,0.000732421875,0.00439453125,0.29024588892934844,0.27102233842015266,0.30003892991226166,0.29002270102500916,0.27014824748039246,0.30000001192092896,5.0
219,2,897024,56.62563263274021,410.4180565986211,9.980067723983666,22.942876140994485,6,0,0,6,0.0,0.0,1.0,0.12984099152163253,0.112634580289523,0.10128367857032572,0.5356704781297594,0.4971590973145794,0.6614990234375,30.69867566425819,0.5547832120209932,0.001220703125,0.0,0.28963851841399446,0.26964229985605925,0.30003452446544543,0.2894212305545807,0.26953643560409546,0.30000001192092896,5.0
220,2,901120,56.765895335668084,407.6646869494707,10.047473159007495,22.965266709012212,5,0,1,4,0.0,0.2,0.8,0.08358457940357766,0.06914372446772177,0.045105264465746586,0.5304999167565256,0.7308863040016149,0.79205322265625,23.266396460850956,0.5135130384005606,0.000732421875,0.002197265625,0.2891495371586643,0.26867746107745916,0.3000019929022528,0.28895485401153564,0.2677798867225647,0.30000001192092896,5.0
221,2,905216,56.905776739880466,412.8880914602798,9.920363615994575,23.034548836993054,2,0,0,2,0.0,0.0,1.0,0.04997787925822195,0.03483090542897571,0.027490930241583555,0.518352560698986,0.25293778132254374,0.58221435546875,15.980985800735652,0.5172041933983564,0.0009765625,0.0,0.28802094218553975,0.26661484222859144,0.30001067800913006,0.2867082953453064,0.2652953565120697,0.30000001192092896,5.0
222,2,909312,57.04643537287961,425.2025599157219,9.633055832993705,22.944706703012343,0,0,0,0,0.0,0.0,0.0,0.05707004237046931,0.01521221897041869,0.023250191686202015,0.49234021874144673,0.1952833784635004,0.5576171875,14.875761712784879,0.5099024674855173,0.000732421875,0.0,0.2856361951562576,0.2620623729308136,0.29990626260405406,0.28556370735168457,0.2603878378868103,0.30000001192092896,5.0
223,2,913408,57.18664265569723,429.2665233903914,9.541857509990223,23.001777049998054,1,0,0,1,0.0,0.0,1.0,0.36489157033611264,0.11143092136444466,0.19649544614367187,0.4950629125814885,3.6383956055324234,0.9312744140625,29.389768361928873,0.5494290040805936,0.00048828125,0.003173828125,0.28602669609244913,0.2596681324066594,0.3000308981281705,0.2867515981197357,0.26025477051734924,0.30000001192092896,5.0
224,2,917504,57.32471659980575,410.4754505880973,9.978672279015882,23.001533939008368,50,0,0,50,0.0,0.0,1.0,0.2692458056480973,0.1973040765587939,0.19575085600081366,0.5036369222216308,1.8607322106836364,0.877197265625,38.13460926502012,0.667719965800643,0.0,0.004638671875,0.28683935129083693,0.2605020955670625,0.3000298242550343,0.2868894338607788,0.26068925857543945,0.30000001192092896,5.0
225,2,921600,57.46224265136406,409.13151095369057,10.011450817983132,22.962867844995344,8,0,1,7,0.0,0.125,0.875,0.11701350380462827,0.14545891551097156,0.07932107818487566,0.4991739622782916,0.5184906181493716,0.68023681640625,28.65117661395925,0.5239237123169005,0.00146484375,0.001708984375,0.2864492838270962,0.25934149854583666,0.3000255402876064,0.2859700918197632,0.25791019201278687,0.30000001192092896,5.0
226,2,925696,57.59949173449233,411.1190084324422,9.963051856000675,22.931160240026657,3,0,0,3,0.0,0.0,1.0,0.07868984989818273,0.020667647925392885,0.04700117742140719,0.48499163053929806,0.7401564658903226,0.73468017578125,24.000951766385697,0.5279585509561002,0.002197265625,0.0,0.2852218705229461,0.25578852428589016,0.30001819046447054,0.2845875322818756,0.2538028359413147,0.30000001192092896,5.0
227,2,929792,57.736225602143115,414.3377367306151,9.885655195976142,22.995841722004116,5,0,3,2,0.0,0.6,0.4,0.04507268398083397,0.16783975591533817,0.03817561270807346,0.4646551178302616,0.6869986969686579,0.765869140625,14.799377291987184,0.509298731572926,0.000732421875,0.0,0.28351410548202693,0.2505539543053601,0.30002542689908296,0.28269338607788086,0.2480800598859787,0.30000001192092896,5.0
228,2,933888,57.87345184058451,424.47017636422055,9.649676769011421,22.93912447200273,0,0,0,0,0.0,0.0,0.0,0.047567012670697295,0.018449640362746322,0.02753350952798428,0.4439296571072191,0.25594320998789044,0.62060546875,14.014957889623474,0.4754592324607074,0.001708984375,0.0,0.2817289497470483,0.24632582106278278,0.29987920535495505,0.2813369333744049,0.24426037073135376,0.29990774393081665,5.0
229,2,937984,58.0097387845112,420.8323601864557,9.733091814006912,22.96359583901358,1,0,0,1,0.0,0.0,1.0,0.15869711772757,0.040885637941755704,0.14208965771831572,0.43600361072458327,1.2449284313915996,0.75677490234375,29.901032449677587,0.5524267693981528,0.000732421875,0.0,0.28115591284586117,0.24349141525453888,0.30002225073985755,0.28077927231788635,0.2423800826072693,0.30000001192092896,5.0
230,2,942080,58.14521588536593,419.89732449230365,9.754765655990923,23.014366699004313,47,0,0,47,0.0,0.0,1.0,0.15217742325512518,0.13897872136658407,0.1558145905728452,0.4331649951636791,0.8160201459395466,0.78118896484375,38.0061703058891,0.6898546274751425,0.0009765625,0.00146484375,0.2809092547977343,0.2429847058665473,0.3000177601352334,0.28103750944137573,0.24344222247600555,0.30000001192092896,5.0
231,2,946176,58.27829283029609,397.9881947828531,10.291762553999433,22.992586687003495,9,0,1,8,0.0,0.1111111111111111,0.8888888888888888,0.11502168371043808,0.126406342557857,0.04816137512170826,0.43863119138404727,2.137388331873808,0.8724365234375,22.480285855883267,0.617792185395956,0.00048828125,0.002197265625,0.2813503957586363,0.2443831813579891,0.30002646608045325,0.2815912961959839,0.24530233442783356,0.30000001192092896,5.0
232,2,950272,58.41257776184139,418.10104224295435,9.796674932993483,23.00025881899637,5,0,2,3,0.0,0.4,0.6,0.06877982070909638,0.1937350900104775,0.041044427365704905,0.4498402450699359,0.4122361120971618,0.64459228515625,18.808202679414535,0.5220780470408499,0.0009765625,0.0,0.28225277370074764,0.24737546619144268,0.30002677149605006,0.2818870544433594,0.24838785827159882,0.30000001192092896,5.0
233,2,954368,58.546506288285876,418.56606106742976,9.78579101600917,22.960102926997934,3,0,0,3,0.0,0.0,1.0,0.05804765721404692,0.02029534072369188,0.039520700038337964,0.4403542918153107,0.29415083949061227,0.61114501953125,23.17028999107424,0.5150475320406258,0.0009765625,0.0,0.28136743494542316,0.24643785253283568,0.2999629604164511,0.2818029820919037,0.24636241793632507,0.30000001192092896,5.0
234,2,958464,58.6809436505323,432.0951598528232,9.479393385001458,22.97497635098989,0,0,0,0,0.0,0.0,0.0,0.28534348313587543,0.08947389432432828,0.1596051548694959,0.44989536609500647,2.3937570174311986,0.85821533203125,38.68925166968256,0.6062657609581947,0.000732421875,0.0,0.2821943260496482,0.24837875776574947,0.3000392818939872,0.2822980582714081,0.2497273087501526,0.30000001192092896,5.0
235,2,962560,58.813462606486404,415.5628916530148,9.856510487996275,22.983720505988458,2,0,0,2,0.0,0.0,1.0,0.14315471818918013,0.15327364180848235,0.097400609171018,0.4589993734844029,0.6552875838970067,0.75823974609375,34.09777973080054,0.6402188083156943,0.0009765625,0.002685546875,0.28302415914367884,0.24951552451238967,0.3000359266297892,0.2830994725227356,0.24929839372634888,0.30000001192092896,5.0
236,2,966656,58.94567740061556,416.4501930997599,9.835509906988591,22.941841371997725,46,0,0,46,0.0,0.0,1.0,0.0909754141302983,0.12400385842920514,0.12546533138811355,0.4582000751979649,0.532722297928558,0.66717529296875,31.37163135583978,0.6683752373792231,0.00048828125,0.00341796875,0.28293807402951643,0.24946764740161598,0.2999958273721859,0.2827208936214447,0.24951861798763275,0.30000001192092896,5.0
237,2,970752,59.076340135733155,407.32925824314157,10.055747082020389,23.006416550982976,9,0,0,9,0.0,0.0,1.0,0.0826890002899745,0.09494220219767158,0.08040056751633529,0.45153077924624085,0.4237090614733461,0.6278076171875,32.06084742047824,0.5084002241492271,0.001220703125,0.006103515625,0.28231523546855897,0.2488395233231131,0.30002234841231257,0.28164923191070557,0.2481345534324646,0.30000001192092896,5.0
238,2,974848,59.20701435801306,414.114676170141,9.89098004900734,23.022162000997923,6,0,0,6,0.0,0.0,1.0,0.06842452659475384,0.047354710615081785,0.04810999512847047,0.44300210918299854,0.3422414179694897,0.65472412109375,22.5501875129994,0.4680315968580544,0.00146484375,0.0,0.28154304128838703,0.2477599566045683,0.3000257787643932,0.28110837936401367,0.24689826369285583,0.30000001192092896,5.0
239,2,978944,59.33781347801105,419.925453931075,9.754112216003705,22.979243145993678,1,0,0,1,0.0,0.0,1.0,0.06903601463091036,0.03563111825940268,0.024435305007500574,0.4461280007380992,0.4148248013552802,0.7728271484375,17.42876524987514,0.4639495396986604,0.001708984375,0.0,0.28192297444911674,0.24686384087544866,0.3000331839430146,0.28218886256217957,0.2465665191411972,0.30000001192092896,5.0
240,2,983040,59.46899217114437,431.9610002651353,9.482337520021247,23.001591756008565,0,0,0,0,0.0,0.0,0.0,0.03775065032459679,0.012784395700919049,0.015216981138564734,0.4366466391365975,0.18658107692317571,0.5771484375,13.114351776486728,0.48113630432635546,0.000732421875,0.0,0.281132725533098,0.24452634315821342,0.29967276664683595,0.2814546227455139,0.24437621235847473,0.30000001192092896,5.0
241,2,987136,59.598435401289635,417.37984464833846,9.813602770998841,23.008849192003254,47,0,0,47,0.0,0.0,1.0,0.16030411810424994,0.05016052065366239,0.10181942912277009,0.43777862982824445,0.8398848755095969,0.709228515625,27.150151185225695,0.5251923939213157,0.000732421875,0.0,0.28128504974301904,0.2441243844514247,0.3000286353053525,0.28154513239860535,0.24469631910324097,0.30000001192092896,5.0
242,2,991232,59.727719991471886,420.960922550313,9.730119307001587,22.994464609015267,5,0,0,5,0.0,0.0,1.0,0.1453777415172226,0.14976334620587295,0.10500210472673643,0.4422789113596082,0.4721540262471535,0.72747802734375,35.81910589616746,0.5773760820738971,0.00048828125,0.0,0.28166287462227046,0.24504972371505573,0.3000146939884871,0.2818108797073364,0.24570564925670624,0.30000001192092896,5.0
243,2,995328,59.85540102451556,406.7813452242557,10.069291643012548,22.95993547901162,6,0,1,6,0.0,0.16666666666666666,1.0,0.057538613787983195,0.10267857326698504,0.03912010957901657,0.4429432440083474,0.48849980581508134,0.68133544921875,21.410142393491697,0.5299623184837401,0.000244140625,0.002685546875,0.28170595376286656,0.2453219002345577,0.30001669650664553,0.28168538212776184,0.24505607783794403,0.30000001192092896,5.0
244,2,999424,59.98312121080965,412.9152276537839,9.919711663998896,22.95796185801737,6,0,1,5,0.0,0.16666666666666666,0.8333333333333334,0.03971493032622675,0.11849530208746728,0.04394305624646222,0.43525726441293955,0.3014266550562752,0.6351318359375,19.00001836300362,0.5190125880762935,0.00048828125,0.000244140625,0.2810798976570368,0.24346685464843176,0.3000233820057474,0.2804664969444275,0.24165473878383636,0.2999636232852936,5.0
245,2,1003520,60.110944315673954,421.56637872456423,9.716144851001445,22.993197226984194,1,0,0,1,0.0,0.0,1.0,0.0840020570994966,0.03605003543066232,0.057072455803790945,0.4201738543342799,0.368906340587273,0.669921875,25.22601535404101,0.5449474323540926,0.00048828125,0.0,0.27980207378277555,0.24057776463450864,0.3000222062692046,0.27937909960746765,0.2401352822780609,0.30000001192092896,5.0
246,2,1007616,60.238849391948584,427.56176539612136,9.579902441008016,22.967932525993092,0,0,0,0,0.0,0.0,0.0,0.10952569339042384,0.05571199653513759,0.0891405454276537,0.41467663552612066,0.4285686878974957,0.67596435546875,34.76226408034563,0.6404595421627164,0.00048828125,0.003662109375,0.27938183437800035,0.23902321618515998,0.3000221209367737,0.27884918451309204,0.23741209506988525,0.30000001192092896,5.0
247,2,1011712,60.36507292771305,415.45431780980107,9.85908636500244,23.017700185009744,46,0,0,46,0.0,0.0,1.0,0.125983547866781,0.10433873827423668,0.10971805904409848,0.41094345692545176,0.8586539529933361,0.8133544921875,34.193747906712815,0.6349655194208026,0.000732421875,0.004638671875,0.27912487724097446,0.2376905596756842,0.3000186461722478,0.27935561537742615,0.23806682229042053,0.30000001192092896,5.0
248,2,1015808,60.490628525787415,413.4147265529888,9.907726398989325,23.017138402996352,5,0,0,5,0.0,0.0,1.0,0.07972691376016883,0.06972089734699694,0.082846896686533,0.4117470062337816,0.5801258681167383,0.72174072265625,35.078916732920334,0.6286666849628091,0.00146484375,0.035888671875,0.27920260024257004,0.23769062518840656,0.3000174419139512,0.279061496257782,0.2377026081085205,0.30000001192092896,5.0
249,2,1019904,60.615016660837924,403.8185148159106,10.143170384020777,22.969507271016482,9,2,0,7,0.2222222222222222,0.0,0.7777777777777778,0.06847962272331642,0.31676590048664366,0.04661577663318894,0.41469259234145284,0.5134117470224737,0.69036865234375,25.72089233971201,0.5167836453765631,0.001708984375,0.24951171875,0.2794243330718018,0.23857047365163453,0.3000045622466132,0.2800098657608032,0.24003298580646515,0.30000001192092896,5.0
250,2,1024000,60.739143112789215,406.8959948823275,10.066454454004997,22.983135917020263,6,1,0,5,0.16666666666666666,0.0,0.8333333333333334,0.0852587942572427,0.37281782233912963,0.046529532492058934,0.42309233802370727,0.44327876492752694,0.67828369140625,29.40630041412078,0.4866003100760281,0.001220703125,0.25439453125,0.2801247942261398,0.2403311503585428,0.3000366208143532,0.28040504455566406,0.2412150502204895,0.30000001192092896,5.0
251,2,1028096,60.86288791441137,408.1970170154511,10.03437024098821,22.985538885986898,5,4,0,1,0.8,0.0,0.2,0.08936073074255546,0.45345058493694523,0.042240273380230065,0.434453732566908,0.4502998736643349,0.68646240234375,27.90371707128361,0.4852933236397803,0.002197265625,0.385498046875,0.2810335730900988,0.2431510402529966,0.3000260312692262,0.2817588448524475,0.24527651071548462,0.30000001192092896,5.0
252,2,1032192,60.9865135422972,411.18878279906517,9.961361231980845,22.958521382010076,4,4,0,0,1.0,0.0,0.0,0.08204039109295991,0.5112899701853166,0.056509192336307024,0.4510907467920333,0.5389582393836463,0.718994140625,29.8301584625151,0.46998056350275874,0.00146484375,0.421630859375,0.28239233820931986,0.2471845716063399,0.3000168291036971,0.28289294242858887,0.2486787736415863,0.30000001192092896,5.0
253,2,1036288,61.10904321855453,406.6693540950612,10.072064587002387,23.018665094976313,37,2,0,35,0.05405405405405406,0.0,0.9459459459459459,0.15413039638951886,0.19752358176992857,0.10147620194766205,0.4575616924557835,1.2982656210951973,0.82568359375,40.23401088558603,0.5568139627575874,0.00244140625,0.21484375,0.28292715456336737,0.24883217638125643,0.3000372744863853,0.2831863760948181,0.24956798553466797,0.2999993860721588,5.0
254,2,1040384,61.23147648293943,410.5946307571502,9.97577584598912,23.009165085008135,6,1,0,5,0.16666666666666666,0.0,0.8333333333333334,0.12136758695851313,0.3427702463231981,0.05803143254524912,0.46583087067119777,0.7529862265218981,0.76654052734375,38.80752038490027,0.556555496994406,0.0009765625,0.275634765625,0.283606723358389,0.2510179366800003,0.3000268061296083,0.28409716486930847,0.25229141116142273,0.30000001192092896,5.0
255,2,1044480,61.352844598767675,402.19942745086473,10.184002563008107,22.964587313006632,9,2,0,7,0.2222222222222222,0.0,0.7777777777777778,0.0991833604985004,0.21238040361276944,0.04728639688437397,0.4769690432585776,0.5820671237015631,0.70306396484375,34.114853710867465,0.4977623880840838,0.001708984375,0.479736328125,0.28453196270857006,0.254013849014882,0.3000261793495156,0.2852192521095276,0.2558862268924713,0.30000001192092896,5.0
256,2,1048576,61.474449184027854,410.2103023140846,9.985122209007386,22.967248649016256,8,3,0,5,0.375,0.0,0.625,0.09762749412402627,0.36808470499818213,0.045313115613680566,0.4901578852441162,0.653721318623866,0.72406005859375,35.02804514556192,0.5160163431428373,0.001953125,0.364501953125,0.28566777240484953,0.25719829503213987,0.30003113579005003,0.28577721118927,0.2573315501213074,0.30000001192092896,5.0
257,2,1052672,61.59577508539812,414.7717277852526,9.875311468000291,23.024050743988482,5,2,0,3,0.4,0.0,0.6,0.09178023211643449,0.23234070371108828,0.042269973249858594,0.4954241649247706,0.5271534821149544,0.6990966796875,32.3065402910579,0.5060783182270825,0.000732421875,0.491943359375,0.2861256184987724,0.2584141953266226,0.3000243875430897,0.28611084818840027,0.2583325207233429,0.30000001192092896,5.0
258,2,1056768,61.71598266995623,405.71900953190465,10.095657102006953,22.984895736997714,9,3,1,5,0.3333333333333333,0.1111111111111111,0.5555555555555556,0.07928982697194442,0.6007744556118269,0.04693459927875665,0.4957173445727676,0.48761186676711077,0.6749267578125,29.488222589250654,0.5289516793563962,0.000732421875,0.490478515625,0.28614273719722405,0.2585847724112682,0.30001483316300437,0.28647083044052124,0.2594124674797058,0.30000001192092896,5.0
259,2,1060864,61.83599357634655,409.0055305845907,10.01453450799454,22.991978973994264,33,4,0,29,0.12121212121212122,0.0,0.8787878787878788,0.08903312769598415,0.3405248667259002,0.08597645361078321,0.4973895091097802,0.5587540617852937,0.6978759765625,34.873417417285964,0.5820918865501881,0.001708984375,0.40478515625,0.2862951174029149,0.25889116775942966,0.3000243467395194,0.2863571047782898,0.2590712904930115,0.30000001192092896,5.0
260,2,1064960,61.95517089326596,405.04525973626784,10.112450155982515,22.99753040401265,9,3,1,5,0.3333333333333333,0.1111111111111111,0.5555555555555556,0.08977296249759092,0.3078639960294822,0.056172619970311644,0.5009951037354767,0.7006774630426662,0.75494384765625,28.175100102904253,0.5922272717580199,0.000732421875,0.340087890625,0.28661130875116214,0.25981686176965013,0.3000314627424814,0.2867892384529114,0.2605395019054413,0.30000001192092896,5.0
261,2,1069056,62.07327293442099,396.9740846555486,10.31805389400688,22.96201416500844,9,3,0,6,0.3333333333333333,0.0,0.6666666666666666,0.10684332279197406,0.46847881909343414,0.036493472562142415,0.5059333620592952,0.5681690818091738,0.71783447265625,28.49359196284786,0.522184185218066,0.001220703125,0.298095703125,0.2870380948879756,0.26115925644990057,0.300032930157613,0.28738486766815186,0.26257213950157166,0.30000001192092896,5.0
262,2,1073152,62.19237965266702,411.853107994147,9.945293408003636,22.930504824005766,6,1,0,5,0.16666666666666666,0.0,0.8333333333333334,0.07073012871660467,0.31618402111053,0.03364679972673912,0.5092907065991312,0.3860924681503093,0.63311767578125,26.527126599336043,0.45700872177258134,0.001708984375,0.441650390625,0.287326883058995,0.262094106990844,0.30002938507823274,0.28751927614212036,0.2625727355480194,0.30000001192092896,5.0
263,2,1077248,62.31050276538841,408.945520767629,10.016004068980692,23.007153801008826,8,3,0,5,0.375,0.0,0.625,0.08675461801794881,0.5349336195831711,0.07367076391528826,0.5150448388885707,0.7438978399150074,0.74493408203125,27.736099738860503,0.5108257182873785,0.0009765625,0.463623046875,0.28783172339899465,0.26352061657235026,0.3000216264044866,0.2879229485988617,0.2637687623500824,0.30000001192092896,5.0
264,2,1081344,62.42725657298854,396.8917860470043,10.320193422987359,22.957894710008986,8,2,0,6,0.25,0.0,0.75,0.10254874318343354,0.29510175371251535,0.05733138656432857,0.5178146089892834,0.5303112255423912,0.7105712890625,36.70962888980284,0.5690836505964398,0.001220703125,0.4033203125,0.2880728536983952,0.26433176279533654,0.30002897168742493,0.28826531767845154,0.2647958993911743,0.30000001192092896,5.0
265,2,1085440,62.54344122177144,397.2455080270272,10.311003943992546,23.000788825011114,28,3,1,24,0.10714285714285714,0.03571428571428571,0.8571428571428571,0.09355313278138055,0.4548094858764671,0.06966723009463749,0.5254246196709573,0.6358455498848343,0.751953125,31.633543657837436,0.5970836970955133,0.001220703125,0.277099609375,0.2887579142698087,0.26622875966131687,0.3000364637700841,0.2889401912689209,0.26682049036026,0.30000001192092896,5.0
266,2,1089536,62.659591484208306,401.5050628616708,10.20161482100957,22.996046475018375,12,3,1,8,0.25,0.08333333333333333,0.6666666666666666,0.07151353643166658,0.37016141608182807,0.06199197128080414,0.5250623349566013,0.4987738229610841,0.69403076171875,27.9242034945637,0.554071026854217,0.0009765625,0.354736328125,0.28871711337706074,0.26614467694889754,0.30002596031408757,0.28856533765792847,0.2656959295272827,0.30000001192092896,5.0
267,2,1093632,62.77501981947077,398.68460749352016,10.27378514999873,23.00135246498394,9,2,0,7,0.2222222222222222,0.0,0.7777777777777778,0.10213985683731153,0.2195821826608153,0.058486292477027746,0.5184549638070166,0.5893888988066465,0.7142333984375,36.872755377786234,0.5597028527408838,0.001220703125,0.39111328125,0.28813671466195956,0.2643738260958344,0.30003257433418185,0.2879810333251953,0.2639431059360504,0.30000001192092896,5.0
268,2,1097728,62.89034954254719,402.931551680815,10.165498290996766,23.014989999996033,8,5,1,2,0.625,0.125,0.25,0.10301900140621001,0.4636480304179713,0.04087668231841235,0.5248816031962633,0.644314346354804,0.72515869140625,31.66074268403463,0.5079255024902523,0.00146484375,0.47607421875,0.288708133448381,0.266098428692203,0.30003207130357623,0.2891804575920105,0.267689049243927,0.30000001192092896,5.0
269,2,1101824,63.00506301900181,400.77465819821316,10.220207081991248,23.009918012976414,9,4,0,5,0.4444444444444444,0.0,0.5555555555555556,0.08603768899774877,0.4420701038543484,0.04107749369723024,0.5331221877131611,0.5749703469009546,0.69500732421875,32.197537910193205,0.517545451875776,0.001220703125,0.473388671875,0.2894280582549982,0.26844944001641124,0.30001121875829995,0.2893752455711365,0.26875796914100647,0.30000001192092896,5.0
270,2,1105920,63.11955674996248,402.8438689753152,10.167710906011052,23.002586073998827,7,0,0,7,0.0,0.0,1.0,0.11270995274026063,0.21494613633331028,0.03449019054096425,0.5351535065565258,0.5960189607831126,0.7254638671875,29.74627774115652,0.4981679217889905,0.00048828125,0.35400390625,0.2896253798971884,0.26884815067751333,0.300039307679981,0.28970831632614136,0.2691248953342438,0.30000001192092896,5.0
271,2,1110016,63.2330839981663,396.32756864157875,10.334885393007426,22.98299293598393,25,4,0,21,0.16,0.0,0.84,0.0904992637297255,0.5336798402495333,0.06956123940835823,0.5317870220169425,0.8129617731901817,0.7445068359375,35.81172842124943,0.5355509780347347,0.00146484375,0.306884765625,0.28931028285296634,0.2679705169866793,0.30001775216078386,0.28913289308547974,0.26739856600761414,0.30000001192092896,5.0
272,2,1114112,63.34580662050618,392.65911144845893,10.431440097978339,22.991043513000477,13,2,0,11,0.15384615384615385,0.0,0.8461538461538461,0.1184280204870447,0.23581438966357382,0.05015393859684991,0.5330804879777133,0.7922212004414177,0.764892578125,36.45722263446078,0.5998414158821106,0.0009765625,0.382568359375,0.28943466633791104,0.26829524931963533,0.3000344655592926,0.2892397940158844,0.2677193284034729,0.30000001192092896,5.0
273,2,1118208,63.459534378419875,408.6913286955409,10.022233682015212,23.00216604900197,10,5,1,4,0.5,0.1,0.4,0.0909393868969346,0.4482327384175733,0.03635623756053974,0.5294987375382334,0.6733568093768554,0.7259521484375,27.33884170674719,0.5441679209470749,0.00146484375,0.314697265625,0.2891156350960955,0.2673542136908509,0.3000357727869414,0.28932443261146545,0.2679829001426697,0.30000001192092896,5.0
274,2,1122304,63.57204289930328,400.92851492867374,10.216285066999262,23.028835841018008,11,3,0,8,0.2727272727272727,0.0,0.7272727272727273,0.11706854149815626,0.3298184085506364,0.05432583035872085,0.5276716121006757,0.5335117016948061,0.71087646484375,30.627581050619483,0.49469812773168087,0.0009765625,0.44287109375,0.288953764247708,0.26682464382611215,0.3000335763208568,0.2889516353607178,0.266854852437973,0.30000001192092896,5.0
275,2,1126400,63.68373235098053,394.6480493874087,10.378867972001899,22.976293400977738,11,3,1,7,0.2727272727272727,0.09090909090909091,0.6363636363636364,0.11918527288253244,0.5336411586322356,0.05373101461555052,0.529298102715984,0.7902482712743222,0.7650146484375,28.282553925178945,0.5854667164385319,0.001708984375,0.2900390625,0.28910550009459257,0.26726574753411114,0.3000462324125692,0.28925037384033203,0.2677510678768158,0.30000001192092896,5.0
276,2,1130496,63.79488827572935,394.2656118936022,10.388935469993157,22.997352506004972,21,3,1,17,0.14285714285714285,0.047619047619047616,0.8095238095238095,0.10528610299115826,0.32810012119443854,0.060602743909839774,0.5317252457607538,0.5556078237823385,0.691650390625,30.532297117169946,0.5577908335253596,0.001220703125,0.238525390625,0.2893127707648091,0.2679442309308797,0.30002896941732615,0.28984707593917847,0.2695412039756775,0.30000001192092896,5.0
277,2,1134592,63.90634546210146,403.8272003200184,10.142952224996407,23.04361040602089,10,2,1,7,0.2,0.1,0.7,0.11419440611098253,0.31018405906070257,0.05209189667584724,0.543044924736023,0.6590157846658258,0.75189208984375,29.683178355684504,0.5964817628264427,0.001220703125,0.18359375,0.2903369446285069,0.2709560199873522,0.3000394329428673,0.29042333364486694,0.2712699770927429,0.30000001192092896,5.0
278,2,1138688,64.01646942961078,391.73394771581354,10.456076180998934,22.985343281005044,12,3,0,9,0.25,0.0,0.75,0.08624403955582238,0.5390528279385762,0.050450150987671805,0.5467732211109251,0.4967980018845992,0.6873779296875,31.25214358069934,0.5324580958113074,0.001220703125,0.3369140625,0.29065898520639166,0.27215788658941165,0.3000236718216911,0.29104357957839966,0.27313071489334106,0.30000001192092896,5.0
279,2,1142784,64.12710764188111,402.82025249230844,10.168307016981998,23.01538777301903,9,2,0,7,0.2222222222222222,0.0,0.7777777777777778,0.08338119881227612,0.41104839893523604,0.05769211296683352,0.5507140329573303,0.5433287023915909,0.70672607421875,31.97985214716755,0.5484516816213727,0.00048828125,0.349365234375,0.29102374432841316,0.273061630257871,0.30002633860567585,0.2909834086894989,0.2729502022266388,0.30000001192092896,5.0
280,2,1146880,64.23645508746144,392.2883351118402,10.44129950698698,22.986758832004853,13,5,0,8,0.38461538461538464,0.0,0.6153846153846154,0.08956816717727634,0.6398471377979149,0.05507367018071818,0.5463596857152879,0.5518364266463323,0.7086181640625,28.925998267251998,0.521579491905868,0.001708984375,0.48291015625,0.29062708374112844,0.27189601125428453,0.3000294841476716,0.2907545566558838,0.27227842807769775,0.30000001192092896,5.0
281,2,1150976,64.34499695769898,392.1488995099788,10.445012099022279,23.09164939497714,15,3,0,12,0.2,0.0,0.8,0.0932708915852345,0.31244105593214044,0.06341773097665282,0.5516304599586874,0.5763048625376541,0.714599609375,34.37987664528191,0.5305978539399803,0.002197265625,0.46142578125,0.29110660613514483,0.27335839066654444,0.30002913414500654,0.29122450947761536,0.2738422751426697,0.30000001192092896,5.0
282,2,1155072,64.45485437800662,405.27097062958,10.106818145985017,22.952901365002617,15,4,0,12,0.26666666666666666,0.0,0.8,0.08020735772697662,0.39235763582837535,0.05698601391486591,0.5636200406588614,0.5370000916300341,0.70904541015625,29.73177005769685,0.5470655905082822,0.00146484375,0.36376953125,0.2922138748690486,0.2766023747390136,0.30003589834086597,0.2925812900066376,0.2777438163757324,0.30000001192092896,5.0
283,2,1159168,64.5626974501284,391.73445809755424,10.456062558019767,23.05133423799998,11,3,1,7,0.2727272727272727,0.09090909090909091,0.6363636363636364,0.08841978586224286,0.5569625186326448,0.0522715947990946,0.5632703988812864,0.5231085517661995,0.7042236328125,32.22737798374146,0.5381084312684834,0.001953125,0.36767578125,0.2921744871418923,0.2765178778208792,0.3000321852741763,0.2918798327445984,0.2756393849849701,0.30000001192092896,5.0
284,2,1163264,64.67106824330561,399.9267857469491,10.241874628001824,23.00685201602755,11,1,0,10,0.09090909090909091,0.0,0.9090909090909091,0.11458549244707683,0.22224075956910383,0.06025261631657486,0.5628230560105294,0.6338858038507169,0.71197509765625,40.67878077062778,0.5311175021342933,0.001220703125,0.337890625,0.29214036016492173,0.27638536458835006,0.3000400938326493,0.2925034761428833,0.2775104343891144,0.30000001192092896,5.0
285,2,1167360,64.77932666978407,402.35917024328626,10.179959357017651,22.98901413800195,8,5,0,3,0.625,0.0,0.375,0.11422162257986201,0.3203863723392715,0.052335664971906226,0.5716256520245224,0.6630640833900543,0.73199462890625,42.36838336940855,0.5492369099520147,0.00244140625,0.305419921875,0.292943530541379,0.2789845201186836,0.3000268579926342,0.2934226393699646,0.2802678942680359,0.30000001192092896,5.0
286,2,1171456,64.88614710571362,390.8706550436132,10.479169892001664,22.978880540991668,12,1,0,11,0.08333333333333333,0.0,0.9166666666666666,0.10090215753371012,0.23007543072890257,0.048211629984507454,0.5725509645417333,0.6320676421455573,0.71728515625,35.83993088873103,0.565145967528224,0.000244140625,0.397705078125,0.2930349543457851,0.27908326510805637,0.3000360623700544,0.2925304174423218,0.2775912284851074,0.30000001192092896,5.0
287,2,1175552,64.99305871860058,396.2800895431364,10.336123635992408,22.986812978982925,15,6,0,9,0.4,0.0,0.6,0.08990070207073586,0.5455046657443745,0.054522591235581785,0.566907181404531,0.6772041920485208,0.7261962890625,30.162905213655904,0.5248306663706899,0.00244140625,0.36083984375,0.29251065745484084,0.27753608603961766,0.30003031459636986,0.29269447922706604,0.2780833840370178,0.30000001192092896,5.0
288,2,1179648,65.10092267509361,411.1275949412461,9.96284377502161,22.985688212997047,11,0,0,11,0.0,0.0,1.0,0.13072006137281278,0.20116614164726343,0.05766466115346702,0.5722262922208756,0.7490591560708708,0.7518310546875,33.825358152389526,0.5246261339634657,0.000732421875,0.2099609375,0.29301873821532354,0.2789770456729457,0.30005149712087587,0.2933500409126282,0.28005003929138184,0.30000001192092896,5.0
289,2,1183744,65.20655606628702,391.9056545148336,10.451495029003127,23.00895631700405,13,3,0,10,0.23076923076923078,0.0,0.7692307692307693,0.07958061576755426,0.4961071973229991,0.04916230784692743,0.57605702849105,0.5938099442137172,0.70513916015625,35.27741093188524,0.5351691287942231,0.001220703125,0.369140625,0.2933599811512977,0.28006215032655746,0.3000235431827605,0.2939813733100891,0.28199058771133423,0.30000001192092896,5.0
290,2,1187840,65.31230033359006,395.9820774788044,10.343902496999362,22.977396042988403,13,4,0,9,0.3076923076923077,0.0,0.6923076923076923,0.09275041581076948,0.4600641043143696,0.04738027328858152,0.5873399153351784,0.6057879494619556,0.70965576171875,32.68774910038337,0.5430070953443646,0.0009765625,0.509765625,0.29441726981895044,0.28325892408611253,0.30002045223955065,0.2946949005126953,0.284084677696228,0.30000001192092896,5.0
291,2,1191936,65.41822721017115,401.9654580365068,10.189930299005937,22.971902987977955,10,5,0,5,0.5,0.0,0.5,0.08044378828162735,0.635109996132087,0.032982036367684486,0.5954584043938667,0.5349364143585262,0.6966552734375,31.265185926575214,0.5443971767090261,0.001708984375,0.472900390625,0.29518695565639064,0.2856095803435892,0.3000188977457583,0.295891135931015,0.28767335414886475,0.30000001192092896,5.0
292,2,1196032,65.52387304283069,403.12894478906713,10.160520729026757,22.973040141980164,12,5,0,7,0.4166666666666667,0.0,0.5833333333333334,0.0856911829287128,0.803055383177707,0.035167026637282106,0.6095775873400271,0.5260883869341342,0.6820068359375,26.334032479673624,0.4870326556265354,0.00146484375,0.5556640625,0.2965521958540194,0.28961314319167286,0.30003944551572204,0.29708367586135864,0.29125094413757324,0.30000001192092896,5.0
293,2,1200128,65.6281207786158,390.9022497216042,10.4783229129971,22.938173777016345,15,4,0,11,0.26666666666666666,0.0,0.7333333333333333,0.0983148770628759,0.34935896094248164,0.06445901598635828,0.614416834898293,0.6224182991572889,0.6973876953125,32.54652501642704,0.48956839740276337,0.001708984375,0.51611328125,0.29701241676229984,0.2910547982319258,0.30003369209589437,0.29671671986579895,0.2902753949165344,0.30000001192092896,5.0
294,2,1204224,65.73360333492803,409.30687426769754,10.007161515008193,22.959384381014388,11,0,0,11,0.0,0.0,1.0,0.13120787779007514,0.180181566196552,0.05138655802511494,0.6145691857673228,0.5844056935966364,0.700439453125,42.812732382444665,0.5331342704594135,0.000732421875,0.464599609375,0.2970277856220491,0.29116496513597667,0.30003271478926763,0.29753515124320984,0.29270660877227783,0.30000001192092896,5.0
295,2,1208320,65.83766615548191,399.21466296463456,10.260144178027986,22.996614875999512,12,2,1,9,0.16666666666666666,0.08333333333333333,0.75,0.08639591972496419,0.4027184797669179,0.04383256938672275,0.6245555493514985,0.6283756223856471,0.720947265625,27.226971697993577,0.5423897001892328,0.001220703125,0.420166015625,0.2980011186446063,0.2941510084201582,0.3000315462704748,0.2988453805446625,0.2965371608734131,0.30000001192092896,5.0
296,2,1212416,65.94107050350055,395.016066777311,10.369198482017964,22.966101102996618,13,4,0,9,0.3076923076923077,0.0,0.6923076923076923,0.07916255272721173,0.3848114960856037,0.04634052371693542,0.631973565556109,0.48173730826965766,0.668212890625,29.785961782326922,0.5218965015374124,0.001708984375,0.4775390625,0.2987273795879446,0.2961697475402616,0.30002482020063326,0.298637717962265,0.2959670424461365,0.30000001192092896,5.0
297,2,1216512,66.04501893157047,405.31895553025964,10.105621619994054,22.97342455299804,7,1,0,6,0.14285714285714285,0.0,0.8571428571428571,0.11924882595303643,0.21437615845934488,0.04690165559077286,0.6238683448173106,0.5341371815811726,0.6995849609375,40.512959063984454,0.5637388746254146,0.000244140625,0.439208984375,0.2979310750379227,0.29378993512364104,0.30002904491266236,0.29791563749313354,0.29375535249710083,0.30000001192092896,5.0
298,2,1220608,66.14697809345748,388.621720732904,10.539812319999328,22.990043201018125,17,3,2,12,0.17647058823529413,0.11764705882352941,0.7058823529411765,0.19343322203894786,0.4988555100862868,0.059327654946173425,0.6306165554560721,0.6188569854202797,0.73699951171875,56.43913535727188,0.5242077335715294,0.002197265625,0.271240234375,0.2986068655154668,0.29577112320112064,0.3000427874503657,0.299424409866333,0.2982732355594635,0.30000001192092896,5.0
299,2,1224704,66.24935561629927,396.25565187231257,10.336761079990538,22.973410293023335,12,1,1,10,0.08333333333333333,0.08333333333333333,0.8333333333333334,0.1556156177757657,0.23833606074913405,0.06681449960342434,0.6389964567497373,0.5819571420943248,0.722412109375,49.15879288315773,0.5619801701977849,0.001953125,0.150146484375,0.2994218195672147,0.2982974367332645,0.30002318299375474,0.29988962411880493,0.2996738851070404,0.30000001192092896,5.0
300,2,1228800,66.35200023818646,401.76290892561286,10.195067560998723,22.937583883001935,8,1,1,6,0.125,0.125,0.75,0.10764550845851772,0.3287140940519748,0.04889034767802514,0.6412060160655528,0.6290716718067415,0.72698974609375,31.224584836745635,0.5447043487802148,0.000732421875,0.22705078125,0.2996478597051464,0.29904474754584953,0.3000406896462664,0.2991231381893158,0.2974206507205963,0.30000001192092896,5.0
301,2,1232896,66.45333183119267,391.4075435666615,10.464795754000079,22.92937005800195,14,2,0,12,0.14285714285714285,0.0,0.8571428571428571,0.11388417817215668,0.30423266019352013,0.037415055330711766,0.6403007656335831,0.5579810741255642,0.71527099609375,30.56902281125076,0.5156629052944481,0.001708984375,0.3251953125,0.29956094472436234,0.29864909581374377,0.30003790254704654,0.2997177839279175,0.2991533577442169,0.30000001192092896,5.0
302,2,1236992,66.55576451567082,408.906865733814,10.016950908000581,22.970621943008155,12,1,0,11,0.08333333333333333,0.0,0.9166666666666666,0.11505132845923072,0.28962903154751984,0.06497166250846931,0.6393172251991928,0.7868479851313168,0.7430419921875,39.93008846603334,0.5360087207518518,0.000732421875,0.424072265625,0.2994531304575503,0.29848935024347156,0.3000190925667994,0.2995990812778473,0.2989552617073059,0.2999301254749298,5.0
303,2,1241088,66.65711129578054,400.88027153462883,10.217514532007044,22.972013613994932,8,2,0,6,0.25,0.0,0.75,0.10210282843945606,0.2560523141219164,0.05836126898066141,0.6442987693008035,0.5844664680043934,0.7037353515625,39.73787926277146,0.5808500684797764,0.000732421875,0.459716796875,0.2999568121158518,0.2998281051986851,0.30002943583531305,0.30000001192092896,0.30000001192092896,0.30000001192092896,5.0
304,2,1245184,66.75652666074876,384.95738246536223,10.64013884801534,22.988577951007755,19,3,0,16,0.15789473684210525,0.0,0.8421052631578947,0.08420075939466187,0.4848589324828936,0.05649526511115255,0.6429211955983192,0.6114106954228191,0.71197509765625,33.677786868298426,0.5728873587213457,0.0009765625,0.483642578125,0.2998123101424426,0.2995634089456871,0.30001556337811053,0.29996806383132935,0.29995033144950867,0.30000001192092896,5.0
305,2,1249280,66.85768235432029,407.07435248695987,10.062043887010077,22.980157470999984,9,3,0,6,0.3333333333333333,0.0,0.6666666666666666,0.10034013599761238,0.46722890307137277,0.0521684427621949,0.643584270728752,0.6052829997206572,0.70947265625,35.71334943897091,0.5811574133113027,0.001220703125,0.47021484375,0.2998812579899095,0.2996869070921093,0.30002734740264714,0.2997452914714813,0.2995992600917816,0.30000001192092896,5.0
306,2,1253376,66.95792304407708,399.2741144748402,10.258616452978458,22.939558920974378,12,4,0,8,0.3333333333333333,0.0,0.6666666666666666,0.08498076940850297,0.5954311397290439,0.04589977291652758,0.6433179806917906,0.5332681984073133,0.68402099609375,28.70110055815894,0.5526856542564929,0.001708984375,0.4619140625,0.29985431843670085,0.2995764001389034,0.3000273997313343,0.2997528910636902,0.29925858974456787,0.30000001192092896,5.0
307,2,1257472,67.05738586286162,396.2147374719409,10.337828486983199,22.978547478996916,14,3,0,11,0.21428571428571427,0.0,0.7857142857142857,0.1202081071696739,0.542473173874896,0.055761715537300915,0.6392384944483638,0.5551811987825204,0.70751953125,40.70802065730095,0.5163803179748356,0.00146484375,0.460693359375,0.29944231879198924,0.29847144678933546,0.30002001562388614,0.2989428639411926,0.29731324315071106,0.30000001192092896,5.0
308,2,1261568,67.15663803315768,397.9614033044571,10.292455413989956,22.983923794003204,12,4,0,8,0.3333333333333333,0.0,0.6666666666666666,0.08993906943578622,0.4088502684244304,0.05285280068528664,0.6351064131595194,0.6012966639973456,0.71099853515625,34.75934369023889,0.5601855535060167,0.0009765625,0.356689453125,0.2990344524732791,0.29719507333356887,0.3000224408460781,0.29846346378326416,0.29539039731025696,0.30000001192092896,5.0
309,2,1265664,67.25533715858946,394.48683433767604,10.383109507005429,22.949869795993436,11,1,0,10,0.09090909090909091,0.0,0.9090909090909091,0.09283347099881212,0.297198134016071,0.047500765747827245,0.6305172292049974,0.5279304785944987,0.7020263671875,35.26168809551746,0.5270204017870128,0.00146484375,0.367919921875,0.29858156241243705,0.29604639345780015,0.3000244694412686,0.29878127574920654,0.2963438332080841,0.30000001192092896,5.0
310,2,1269760,67.35271179638006,385.5038106101738,10.62505709999823,22.98096019498189,18,3,2,13,0.16666666666666666,0.1111111111111111,0.7222222222222222,0.09615832710551331,0.5104936523130164,0.05232313491615059,0.6327322300057858,0.5561681828912697,0.68572998046875,31.749785968102515,0.5680202227085829,0.00146484375,0.46044921875,0.29880781832616776,0.29640316002769396,0.3000363743631169,0.2990878224372864,0.29726338386535645,0.30000001192092896,5.0
311,2,1273856,67.45094665902755,397.7498929645418,10.297928604006302,22.96817008900689,10,3,0,7,0.3,0.0,0.7,0.10338755040356773,0.32112929642607924,0.04572183914024208,0.6358789731748402,0.5530632588270237,0.7215576171875,32.944698241888545,0.572111283428967,0.001220703125,0.287841796875,0.299115662521217,0.29742324381368235,0.3000282616703771,0.29930579662323,0.2980923354625702,0.30000001192092896,5.0
312,2,1277952,67.54926618934293,402.26670330163387,10.18229937099386,22.965031468018424,9,3,0,6,0.3333333333333333,0.0,0.6666666666666666,0.09694208456130582,0.3487373074895004,0.03843293695899774,0.643255103379488,0.4899427310010651,0.6800537109375,34.049242716282606,0.5323402895592153,0.002685546875,0.49755859375,0.29984820005483925,0.29955236619571224,0.3000213818741031,0.2999824583530426,0.2999473214149475,0.30000001192092896,5.0
313,2,1282048,67.64680242060072,397.96186427240696,10.292443492013263,22.978322257025866,12,2,0,10,0.16666666666666666,0.0,0.8333333333333334,0.08407041978352936,0.45720506977522746,0.03467148398522113,0.6441576690413058,0.48520179638580885,0.69012451171875,30.18448541732505,0.49755778815597296,0.0009765625,0.50146484375,0.2999405393493362,0.29980066273128614,0.3000302132568322,0.2998086214065552,0.29942578077316284,0.30000001192092896,5.0
314,2,1286144,67.74314332595837,389.2521402766736,10.522742397995899,22.98726061999332,13,4,0,9,0.3076923076923077,0.0,0.6923076923076923,0.09287432458586409,0.42106611814233474,0.056845427798180026,0.6390179460868239,0.5042896208178718,0.70770263671875,31.354632394388318,0.5213730987161398,0.002197265625,0.3212890625,0.2994302235310897,0.29828851291676983,0.3000336574623361,0.2990173101425171,0.29729777574539185,0.29990991950035095,5.0
315,2,1290240,67.84011764940055,397.03162365811573,10.316558570979396,22.9207891249971,14,7,0,7,0.5,0.0,0.5,0.09196279774005234,0.7647012243032805,0.04848725585361535,0.6364383560139686,0.5649882668585633,0.7093505859375,33.46416895091534,0.5693320715799928,0.001953125,0.46826171875,0.2991658610990271,0.29787650471553206,0.3000174578046426,0.2995903789997101,0.2991369366645813,0.30000001192092896,5.0
316,2,1294336,67.9356174059827,386.35491070556793,10.601651192991994,22.95424197599641,15,3,0,12,0.2,0.0,0.8,0.07568661499681184,0.4206748255819548,0.04111828083114233,0.6433658914174885,0.4773927170535899,0.66741943359375,29.271971529116854,0.55891243647784,0.0009765625,0.489990234375,0.2998563511064276,0.29967220505932346,0.3000130039290525,0.2995298206806183,0.2989068627357483,0.30000001192092896,5.0
317,2,1298432,68.0320749344978,400.5046157521272,10.227098112984095,22.965955038991524,9,2,0,7,0.2222222222222222,0.0,0.7777777777777778,0.08621875510289101,0.3364559143301449,0.04310771040036343,0.6351289823651314,0.5366758861055132,0.69647216796875,32.43354668840766,0.5422372403554618,0.0009765625,0.496337890625,0.2990367157617584,0.29733292682794854,0.29995384253561497,0.2985554337501526,0.29567939043045044,0.30000001192092896,5.0
318,2,1302528,68.12899140465105,410.46524917090727,9.978920281981118,22.991342124994844,5,1,0,4,0.2,0.0,0.8,0.09269853596379107,0.25909714394947514,0.038845381222927244,0.630547490902245,0.5437502579225111,0.69757080078125,30.858944974606857,0.49304270977154374,0.00146484375,0.4208984375,0.29859455866971985,0.2957337400293909,0.3000389036606066,0.298545777797699,0.2956372797489166,0.30000001192092896,5.0
319,2,1306624,68.22459826188155,397.77587932786474,10.297255849000067,22.94670028501423,13,2,0,11,0.15384615384615385,0.0,0.8461538461538461,0.11294440878555179,0.3099772781060892,0.048011584196501644,0.6368664745241404,0.6594660008195206,0.728271484375,36.431070095160976,0.523392868693918,0.001953125,0.30078125,0.299216759565752,0.29765273397788405,0.30003176163882017,0.2998722493648529,0.2996375858783722,0.30000001192092896,5.0
320,2,1310720,68.31881260572351,385.7274203317044,10.618897656997433,22.922919670003466,17,3,0,14,0.17647058823529413,0.0,0.8235294117647058,0.11832432190567488,0.36616463465907145,0.04831031785943196,0.6410632599145174,0.626298381430388,0.701416015625,42.37119619688019,0.5436544753611088,0.001220703125,0.3544921875,0.2996311951428652,0.2988690235069953,0.3000300454441458,0.29937469959259033,0.2981240749359131,0.30000001192092896,5.0
321,2,1314816,68.41380135433951,398.3394127311515,10.2826882530062,22.94860133700422,13,2,1,10,0.15384615384615385,0.07692307692307693,0.7692307692307693,0.09482749804101331,0.3056685996343731,0.04424552863565623,0.6362246207427233,0.5324940353602869,0.69537353515625,33.635470363893546,0.5547725642099977,0.00048828125,0.379638671875,0.2991452343412675,0.29773363092681393,0.30002442718250677,0.29908040165901184,0.2972411513328552,0.30000001192092896,5.0
322,2,1318912,68.50802526069609,395.0197863465635,10.369100843992783,22.98589633498341,13,3,0,10,0.23076923076923078,0.0,0.7692307692307693,0.08845920794738049,0.3265045533044031,0.04330886245770671,0.6374728446826339,0.5730165942186431,0.71856689453125,35.03928475175053,0.561977974139154,0.001220703125,0.379150390625,0.2992755609448068,0.29779274424072355,0.30002680979669094,0.2993360757827759,0.2984267473220825,0.299824059009552,5.0
323,2,1323008,68.6030564918812,406.38707271518155,10.079060764983296,22.957367007009452,9,1,0,8,0.1111111111111111,0.0,0.8888888888888888,0.1205736044630612,0.27131021567765856,0.03315385575842811,0.6335335003677756,0.5627127029729309,0.70050048828125,34.61456818762235,0.5468393079936504,0.00048828125,0.504150390625,0.2988897697068751,0.29663764842553064,0.30003435641992837,0.29838067293167114,0.29514193534851074,0.30000001192092896,5.0
324,2,1327104,68.69768702092584,407.5520806272612,10.050249268009793,23.006822463008575,4,1,0,3,0.25,0.0,0.75,0.09866390892966592,0.3792062366483151,0.042609288859239314,0.6252216594293714,0.5087824972106318,0.69256591796875,29.451214033178985,0.5151731697842479,0.00048828125,0.330078125,0.29806682164780796,0.2942378912703134,0.3000386416679248,0.29777753353118896,0.29340457916259766,0.30000001192092896,5.0
325,2,1331200,68.78966822476131,381.0316998664896,10.749761768995086,22.96224878099747,19,7,0,12,0.3684210526315789,0.0,0.631578947368421,0.0890972917113686,0.8959769384673564,0.045876939584559295,0.6218255241401494,0.4760257917951094,0.66912841796875,28.245231890119612,0.5389476115815341,0.002197265625,0.36279296875,0.29772692202823237,0.29345420363824815,0.30002520221751183,0.29758942127227783,0.2934514284133911,0.30000001192092896,5.0
326,2,1335296,68.88198632803991,388.04839357890864,10.5553845030081,22.971910608990584,17,5,0,12,0.29411764705882354,0.0,0.7058823529411765,0.09828549569101597,0.4971851248847088,0.04574749779749254,0.6275380970910192,0.5229406371654477,0.6923828125,28.282870672643185,0.593013652600348,0.001708984375,0.32080078125,0.2982890347484499,0.29514902469236404,0.30001914605963975,0.29854488372802734,0.2956346571445465,0.30000001192092896,5.0
327,2,1339392,68.97423347079092,389.6231310424624,10.512722868996207,22.94456771799014,15,5,0,10,0.3333333333333333,0.0,0.6666666666666666,0.07600022299629927,0.8122016650013393,0.04972340730819269,0.6336680119857192,0.4959627228199679,0.6971435546875,28.95284090610221,0.5183388851583004,0.001953125,0.364013671875,0.2988987946882844,0.2966769849299453,0.30002905742730945,0.2992781400680542,0.2978343665599823,0.30000001192092896,5.0
328,2,1343488,69.06633556389468,391.60575959748115,10.459498870011885,22.949469382001553,15,6,0,9,0.4,0.0,0.6,0.07056718225157965,0.7087758701163693,0.060709652379955514,0.6394943071063608,0.5453512766180211,0.69866943359375,31.357229665853083,0.539682608563453,0.002197265625,0.38134765625,0.2994660183903761,0.29894177796086296,0.29994402901502326,0.29962801933288574,0.29895898699760437,0.30000001192092896,5.0
329,2,1347584,69.15846269339896,395.4149493122156,10.358738351002103,22.9541677920206,9,4,0,5,0.4444444444444444,0.0,0.5555555555555556,0.08186388822832669,0.4391761785445851,0.04340363549272297,0.6424102396704257,0.5392208095436217,0.69451904296875,32.97652512229979,0.5592987784184515,0.00146484375,0.44677734375,0.29976425104541704,0.29933426895877346,0.3000279318075627,0.2994993031024933,0.29849785566329956,0.30000001192092896,5.0
330,2,1351680,69.25182057235416,413.1789206912298,9.913380849990062,22.963972072990146,5,1,0,4,0.2,0.0,0.8,0.08511289397029032,0.3535598918024334,0.03326931102856179,0.6367591253947467,0.5493834964072448,0.6953125,29.43777230847627,0.5300966314971447,0.001220703125,0.514404296875,0.29920244187815115,0.29765265103196725,0.3000126780825667,0.29914146661758423,0.29744940996170044,0.30000001192092896,5.0
331,2,1355776,69.34226390062165,384.7383346617295,10.646196729008807,22.96355933599989,16,5,0,11,0.3125,0.0,0.6875,0.09322230287943967,0.5077651727333432,0.051941547493697726,0.6414294478017837,0.5210854965262115,0.6956787109375,32.25586081854999,0.5087311239913106,0.00146484375,0.53759765625,0.29966881190193817,0.299016096862033,0.300025895354338,0.30000001192092896,0.30000001192092896,0.30000001192092896,5.0
332,2,1359872,69.4332255461594,393.1949866155648,10.417223361000651,22.95948929199949,16,3,1,12,0.1875,0.0625,0.75,0.11875040843915485,0.47231539992208127,0.04618802763798158,0.6420255629345775,0.6622695373444003,0.73565673828125,31.957579346373677,0.5764131536707282,0.000732421875,0.369384765625,0.2997269430779852,0.29920467524789274,0.30003507126821205,0.29942208528518677,0.29826620221138,0.30000001192092896,5.0
333,2,1363968,69.52387713711995,394.12958963947983,10.392520905996207,22.984439160005422,12,1,0,11,0.08333333333333333,0.0,0.9166666666666666,0.10961519727788982,0.25210366945248097,0.041283169217422255,0.641423630528152,0.47441017828532495,0.68646240234375,36.19018392660655,0.5351784243248403,0.0009765625,0.417724609375,0.29966128343949094,0.29920388967730105,0.3000114000751637,0.29989486932754517,0.2997647821903229,0.30000001192092896,5.0
334,2,1368064,69.61359472991667,387.4589722659864,10.57144186401274,22.98213615801069,17,5,0,12,0.29411764705882354,0.0,0.7058823529411765,0.0853433597003459,0.4806065586817567,0.056162252152716974,0.642849700525403,0.5561472199915443,0.693115234375,31.121448084246367,0.5309555982239544,0.001708984375,0.373046875,0.2998067004373297,0.2994273265940137,0.3000253750360571,0.29942652583122253,0.2982839047908783,0.30000001192092896,5.0
335,2,1372160,69.70505669322932,409.72506132200664,9.996947677020216,22.97778052999638,4,2,0,2,0.5,0.0,0.5,0.09167512301610259,0.4030177537424606,0.03166121085268969,0.6395869783591479,0.6170292180322576,0.7139892578125,29.580928114708513,0.5574222286231816,0.00048828125,0.44482421875,0.2994802974862978,0.29857518890639767,0.29997897223802283,0.2999502122402191,0.29987844824790955,0.30000001192092896,5.0
336,2,1376256,69.7957168143643,403.0774183076403,10.161819575994741,22.95257880797726,8,4,0,4,0.5,0.0,0.5,0.09928656223382859,0.37466736357600894,0.04421762659330852,0.6439001988619566,0.49670454089937266,0.6845703125,32.9208596048411,0.48420063499361277,0.001953125,0.486328125,0.29991869686637074,0.2997073262813501,0.3000354403629899,0.2997313439846039,0.29919394850730896,0.30000001192092896,5.0
337,2,1380352,69.88347581505518,376.51471337219886,10.878724932990735,22.969792700983817,24,8,0,16,0.3333333333333333,0.0,0.6666666666666666,0.13500415330418036,0.44801588913833257,0.05959423784224782,0.6379308674950153,0.5676145184406778,0.69793701171875,42.10073479800485,0.5720442021265626,0.002197265625,0.396484375,0.2993140869657509,0.29814363282639533,0.3000232611084357,0.29905134439468384,0.29715391993522644,0.30000001192092896,5.0
338,2,1384448,69.97274361095783,393.9218361924398,10.398001897003269,22.9392816380132,14,5,0,9,0.35714285714285715,0.0,0.6428571428571429,0.08500112213005195,0.5518373455633991,0.05883366950729396,0.633648002287373,0.6216288538125809,0.71954345703125,38.669094905024394,0.608542506583035,0.001953125,0.310791015625,0.2988891843124293,0.2968177904258482,0.30000523797934875,0.2982063889503479,0.2957698702812195,0.2995034456253052,5.0
339,2,1388544,70.06197086604872,397.07952603727796,10.315314014995238,22.94862698399811,13,5,1,7,0.38461538461538464,0.07692307692307693,0.5384615384615384,0.11600179536617361,0.5317721860919846,0.04832999459722487,0.6354290896560997,0.7451008751086192,0.74176025390625,37.364929950330406,0.5945841716602445,0.00146484375,0.370361328125,0.29906730505172163,0.29739799606613815,0.2999783788109198,0.2992401719093323,0.2980607748031616,0.30000001192092896,5.0
340,2,1392640,70.15089378529515,397.73331450099874,10.298357845982537,22.967041478987085,11,2,0,9,0.18181818181818182,0.0,0.8181818181818182,0.09046111421594105,0.24088799182209186,0.04886204212925804,0.6385265132412314,0.5435948762096814,0.689453125,34.791987852426246,0.5333001180551946,0.00048828125,0.427978515625,0.29938027675962076,0.2981407212209888,0.30003116477746516,0.29968225955963135,0.29904672503471375,0.30000001192092896,5.0
341,2,1396736,70.24042275579592,409.3811392744546,10.005346136022126,23.003538149001542,5,3,0,2,0.6,0.0,0.4,0.09784419010065903,0.3509586947329808,0.047300786229243386,0.6388380092103034,0.7436119716876419,0.7393798828125,35.67839953606017,0.5195194594562054,0.001708984375,0.43798828125,0.29940964258275926,0.2982585346326232,0.30002533993683755,0.29945307970046997,0.29837822914123535,0.30000001192092896,5.0
342,2,1400832,70.32851427529756,394.3167601313207,10.38758788400446,22.94502178300172,13,2,0,11,0.15384615384615385,0.0,0.8461538461538461,0.10225797004568449,0.3988937317044474,0.03729945530722034,0.6421212593559176,0.6444570933963405,0.71868896484375,34.96768183913082,0.5380259258672595,0.00146484375,0.36328125,0.2997371800011024,0.29921512224245816,0.30003033234970644,0.2996492385864258,0.2989586591720581,0.30000001192092896,5.0
343,2,1404928,70.41554710392698,386.2756192145877,10.603827412996907,22.94530643001781,18,5,0,13,0.2777777777777778,0.0,0.7222222222222222,0.1459190211535315,0.33268281498749275,0.05502154982059437,0.6426952059846371,0.803426193233463,0.75860595703125,41.6891545150429,0.553239821922034,0.00146484375,0.22900390625,0.2997946809628047,0.29942483303602785,0.3000009508104995,0.29992613196372986,0.2998344600200653,0.30000001192092896,5.0
344,2,1409024,70.50372230885807,403.973241376929,10.139285429002484,23.003344841010403,10,0,0,10,0.0,0.0,1.0,0.10826903563429369,0.2897686727665132,0.03555445074744057,0.6435424785595387,0.5234072770399507,0.68157958984375,35.88335411227308,0.5819427780807018,0.001220703125,0.259521484375,0.2998830099240877,0.2996144085773267,0.30003626516554505,0.29996559023857117,0.2998966872692108,0.30000001192092896,5.0
345,2,1413120,70.58987871744664,382.9427456040608,10.6961159259954,22.936139183002524,15,6,0,9,0.4,0.0,0.6,0.08771476176298165,0.7466205570090096,0.053687151750636986,0.6438843342475593,0.48245193238471984,0.67950439453125,36.578827735967934,0.5097043672576547,0.001953125,0.4716796875,0.29990849911700934,0.2997784656472504,0.2999971273820847,0.29985135793685913,0.2996518313884735,0.29998454451560974,5.0
346,2,1417216,70.67672677883033,396.79128204427604,10.32280744399759,23.03106988000218,14,5,0,9,0.35714285714285715,0.0,0.6428571428571429,0.0845149968554324,0.4448335043489351,0.04446174474651343,0.6412066225893795,0.5267232572878129,0.690185546875,31.02592904912308,0.5315957982093096,0.001708984375,0.37060546875,0.2996475014369935,0.2989557771361433,0.30003319162642583,0.29970356822013855,0.29911068081855774,0.30000001192092896,5.0
347,2,1421312,70.7637600060069,399.4924602786249,10.25300952399266,22.966255342995282,9,4,0,5,0.4444444444444444,0.0,0.5555555555555556,0.09877025390687777,0.46082219018717296,0.04573383374736295,0.6418151557445526,0.5451489396291436,0.695068359375,36.851490516681224,0.5416993661783636,0.00146484375,0.416015625,0.2997033601277508,0.2991426616208628,0.3000271998462267,0.29947420954704285,0.2984413206577301,0.30000001192092896,5.0
348,2,1425408,70.84914792312988,384.93638597936456,10.64071921800496,22.96425886399811,16,6,0,10,0.375,0.0,0.625,0.08557946039036324,0.6894162955868524,0.05377665404557774,0.6402505214791745,0.5725557348123402,0.7008056640625,35.88603294128552,0.5529562644660473,0.001708984375,0.487060546875,0.29954868217464536,0.29869945743121207,0.30001484288368374,0.30000001192092896,0.30000001192092896,0.30000001192092896,5.0
349,2,1429504,70.93546603607024,398.19359371202296,10.286453787004575,22.973250276991166,13,3,0,10,0.23076923076923078,0.0,0.7692307692307693,0.08999968801435898,0.528184339251311,0.04710030532805831,0.6438235386740416,0.5418765772301413,0.69561767578125,31.616135716205463,0.576024373061955,0.000732421875,0.455322265625,0.29990318219643086,0.2996985837817192,0.30002279952168465,0.2999761402606964,0.29992836713790894,0.30000001192092896,5.0
350,2,1433600,71.02185474209311,402.623152591256,10.173284804011928,22.985717570991255,8,1,0,7,0.125,0.0,0.875,0.10302562900324119,0.2820207647018833,0.05237838792709226,0.6443935218267143,0.5012655256141443,0.68701171875,32.72814947995357,0.538962232414633,0.001220703125,0.50048828125,0.299967979604844,0.2998769117984921,0.30003465921618044,0.2999386787414551,0.29981598258018494,0.30000001192092896,5.0
351,2,1437696,71.10676095471246,389.5746833942982,10.514030235004611,22.984942815994145,15,3,0,12,0.2,0.0,0.8,0.0789944690750417,0.7192206988111138,0.03704901379023795,0.6416898537427187,0.5033411438562325,0.6832275390625,29.038558556931093,0.539060790091753,0.001708984375,0.497802734375,0.2996913337847218,0.29910817672498524,0.30000723263947293,0.29925304651260376,0.2979889512062073,0.30000001192092896,5.0
352,2,1441792,71.19162730495047,390.1843480245906,10.497602020011982,22.933608417981304,17,9,0,8,0.5294117647058824,0.0,0.47058823529411764,0.10847971304610837,0.5352938215946779,0.06584502442274243,0.6373150201980025,0.7118140036036493,0.72509765625,40.86671705089975,0.5784928193315864,0.002685546875,0.459228515625,0.2992532747448422,0.29783496528398246,0.30001898418413475,0.29892468452453613,0.2970496118068695,0.30000001192092896,5.0
353,2,1445888,71.27719142496697,401.71385642317205,10.196312460990157,22.956910747976508,7,3,0,4,0.42857142857142855,0.0,0.5714285714285714,0.08059128459899512,0.5445511182333576,0.04123404000529263,0.6337312078103423,0.5829160195280565,0.70709228515625,33.7625703944359,0.561065006069839,0.001220703125,0.468505859375,0.2989024842972867,0.29671046836301684,0.3000216718064621,0.2993050515651703,0.2979150712490082,0.30000001192092896,5.0
354,2,1449984,71.36217137612965,400.0273563237978,10.239299726003082,23.00079705301323,12,2,0,10,0.16666666666666666,0.0,0.8333333333333334,0.11230018488095084,0.4390427528414875,0.036740482806635555,0.6340036578476429,0.5915737315954175,0.70281982421875,36.51553450769279,0.5318995579145849,0.00048828125,0.513916015625,0.298931191326119,0.2968407113221474,0.3000282737193629,0.299333781003952,0.2980012893676758,0.30000001192092896,5.0
355,2,1454080,71.4463027006638,397.5335333556368,10.303533303027507,23.09899718797533,15,5,1,9,0.3333333333333333,0.06666666666666667,0.6,0.09937235426150437,0.6443151761195622,0.04842750034185883,0.6370275267399848,0.5288821468420792,0.6953125,30.3754226481542,0.5437954333610833,0.001953125,0.433837890625,0.2992250505485572,0.2979457710753195,0.30001324153272435,0.2991436719894409,0.2979096472263336,0.30000001192092896,5.0
356,2,1458176,71.53109060496006,401.96053302105946,10.19005515097524,22.947045509994496,8,4,0,4,0.5,0.0,0.5,0.10007501792460971,0.6311205273959786,0.03900438849268539,0.6399461028631777,0.49719505447137635,0.671875,35.36949079949409,0.5285534998402,0.001708984375,0.543212890625,0.2995137443067506,0.2986849140143022,0.2999983329209499,0.2997627854347229,0.299288272857666,0.30000001192092896,5.0
357,2,1462272,71.61368311623704,382.4006865649527,10.711277839989634,22.972845003998373,19,5,0,14,0.2631578947368421,0.0,0.7368421052631579,0.09096151705034572,0.6755872259527678,0.05106619974321802,0.6400024057365954,0.5615635311114602,0.68951416015625,33.06654945318587,0.5511388131417334,0.00146484375,0.416748046875,0.29952396877342835,0.29857284342870116,0.30002989066997543,0.29934069514274597,0.2980220317840576,0.30000001192092896,5.0
358,2,1466368,71.69637581993152,385.5173782450327,10.624683169007767,22.953491605003364,16,5,0,11,0.3125,0.0,0.6875,0.0896841201629286,0.8126376375439577,0.054097509739222005,0.6412908635102212,0.5535621365124825,0.69525146484375,32.28916823025793,0.5882755173370242,0.001220703125,0.393798828125,0.29965166188776493,0.2989479776006192,0.30002509366022423,0.2997148036956787,0.29914435744285583,0.30000001192092896,5.0
359,2,1470464,71.77962487588863,396.21594112461503,10.33779708200018,23.00449768200633,10,5,0,5,0.5,0.0,0.5,0.09195910882226599,0.39948434681718936,0.04583236962389492,0.6442567796912044,0.535552498207835,0.6876220703125,38.21230494766496,0.5591632965952158,0.002197265625,0.45556640625,0.29995275457622483,0.29982050450053066,0.30003051506355405,0.29999345541000366,0.2999802827835083,0.30000001192092896,5.0
360,2,1474560,71.86296689237452,397.8347277709807,10.295732660015346,22.942641072004335,10,5,0,5,0.5,0.0,0.5,0.08721008563588839,0.6550164355357992,0.037869734020205215,0.6441770682577044,0.550702244261629,0.6844482421875,32.357867382932454,0.5471205217763782,0.001220703125,0.534423828125,0.2999403753201477,0.29980682249879465,0.3000259083346464,0.299824059009552,0.2994721233844757,0.30000001192092896,5.0
361,2,1478656,71.9458081589366,395.6670504018063,10.35213823299273,22.95153788998141,14,2,0,12,0.14285714285714285,0.0,0.8571428571428571,0.09791100879465375,0.3658009228092851,0.036356786387841566,0.6395641206763685,0.5480347242119024,0.69580078125,33.97691934858449,0.537700233515352,0.001220703125,0.51220703125,0.2994748365599662,0.29878051433479413,0.3000150305451825,0.2991068363189697,0.2976987361907959,0.30000001192092896,5.0
362,2,1482752,72.02934921218497,407.3127742993949,10.056154038000386,22.971691699989606,9,3,0,6,0.3333333333333333,0.0,0.6666666666666666,0.1015985715748684,0.3407669116859324,0.0319656820538512,0.6425089985132217,0.48770548907486955,0.68206787109375,34.11168416845612,0.5077615845948458,0.00146484375,0.5029296875,0.2997772908420302,0.29930631176102906,0.3000296679674648,0.2996719479560852,0.2990158200263977,0.30000001192092896,5.0
363,2,1486848,72.11111070929516,389.55263397868964,10.514625348994741,22.945605482993415,15,7,0,8,0.4666666666666667,0.0,0.5333333333333333,0.08343478450115072,0.9376941331574926,0.047418526894034585,0.6406895990949124,0.4859994216640189,0.6641845703125,31.054319859016687,0.5215785410255194,0.00244140625,0.495361328125,0.29959434253396466,0.29879585542948917,0.3000139390351251,0.29968273639678955,0.29904815554618835,0.30000001192092896,5.0
364,2,1490944,72.19317428812893,394.79216774526486,10.375079179997556,22.92302451399155,13,2,0,11,0.15384615384615385,0.0,0.8461538461538461,0.09317559002920461,0.5072043191539706,0.06137598773420905,0.6423244315665215,0.9607055819942616,0.77496337890625,34.42864265013486,0.5467630545608699,0.00244140625,0.218017578125,0.29975553147960454,0.2993280157679692,0.2999990958487615,0.29948025941848755,0.2992624342441559,0.2998134195804596,5.0
365,2,1495040,72.27445600212253,389.67493215351834,10.51132536897785,22.934595244005322,14,5,0,9,0.35714285714285715,0.0,0.6428571428571429,0.09066665055888734,0.6347115995013155,0.05108487672441697,0.6413529571145773,0.6935414687613957,0.723876953125,32.00704460055567,0.5991902388632298,0.00146484375,0.45703125,0.2996561037725769,0.2991649586474523,0.30002327682450414,0.2993503212928772,0.29840248823165894,0.30000001192092896,5.0
366,2,1499136,72.35535470124648,390.0467503061501,10.501305284007685,22.979213852988323,15,5,0,10,0.3333333333333333,0.0,0.6666666666666666,0.08258948441653047,0.5378003615187481,0.03846073331624211,0.6417737242300063,0.49679051442217315,0.68182373046875,30.02897669863887,0.5536969760432839,0.001953125,0.478515625,0.2996997670852579,0.29918999009532854,0.30001783289480954,0.30000001192092896,0.30000001192092896,0.30000001192092896,5.0
367,2,1503232,72.43743265404882,404.22026096294155,10.133089297014521,22.935068188991863,9,3,0,6,0.3333333333333333,0.0,0.6666666666666666,0.07620654594575171,0.7022243542014621,0.043942052205238724,0.64165204227902,0.5046081266445981,0.68841552734375,32.76365309278481,0.5157155133783817,0.001953125,0.433837890625,0.2996862027212046,0.29909026832319796,0.300024010182824,0.29913491010665894,0.2974047064781189,0.30000001192092896,5.0
368,2,1507328,72.51946053051242,408.02988667383676,10.038480351009639,22.969078602007357,8,2,0,6,0.25,0.0,0.75,0.1099879520079412,0.28895697461848613,0.054347758916264866,0.641951065743342,0.5891766918211943,0.7093505859375,38.004712658468634,0.5071937167085707,0.00146484375,0.4501953125,0.29972758889198303,0.2991298402193934,0.300041094829794,0.2997590899467468,0.29932263493537903,0.30000001192092896,5.0
369,2,1511424,72.59821942527239,376.05566911337877,10.89200439301203,22.978041710011894,18,4,0,14,0.2222222222222222,0.0,0.7777777777777778,0.10274567510532506,0.38774840340192895,0.05676769144702121,0.6406864332966506,0.6651666017569369,0.72528076171875,34.520564751233906,0.5265494119375944,0.001953125,0.298828125,0.29959508805768564,0.2987699009827338,0.3000285333255306,0.30000001192092896,0.30000001192092896,0.30000001192092896,5.0
370,2,1515520,72.67989933730924,408.4378440290942,10.02845367998816,22.92999324898119,8,3,0,5,0.375,0.0,0.625,0.10069287472106225,0.3075497032259591,0.049263532338954974,0.6436273416038603,0.7171079343970632,0.74365234375,35.13686210149899,0.6076710317283869,0.00146484375,0.396728515625,0.2998874768964015,0.2996276368503459,0.30002989404601976,0.2997230291366577,0.2991690933704376,0.30000001192092896,5.0
371,2,1519616,72.75986492594136,392.22299922996535,10.44303880201187,22.93304404398077,15,4,1,10,0.26666666666666666,0.06666666666666667,0.6666666666666666,0.11529332228928979,0.38905140572751407,0.03419012522317644,0.6382642863318324,0.6503233043476939,0.72467041015625,32.61063632904552,0.5410539130680263,0.001220703125,0.464599609375,0.29935291450237855,0.2980819020885974,0.30003112519625574,0.2991359233856201,0.29740777611732483,0.30000001192092896,5.0
372,2,1523712,72.83916919925319,388.83670399980514,10.5339849810116,22.95953208199353,18,5,0,13,0.2777777777777778,0.0,0.7222222222222222,0.08405367652449058,0.6470927789778216,0.03755628096496366,0.6417511678300798,0.4268722911074292,0.6680908203125,27.069121736567467,0.5004163174889982,0.003173828125,0.41455078125,0.2997022870113142,0.2990801682462916,0.3000322246225551,0.29959410429000854,0.29878222942352295,0.30000001192092896,5.0
373,2,1527808,72.91909570671223,397.61535753585315,10.30141296700458,22.940437161014415,9,2,0,7,0.2222222222222222,0.0,0.7777777777777778,0.09677352481412527,0.43318905244086636,0.049899841604201356,0.6351630566641688,0.5133259207068477,0.69036865234375,34.25106060563121,0.5245845136232674,0.00048828125,0.43115234375,0.2990402748109773,0.29730073787504807,0.30002970539499074,0.29841381311416626,0.29565566778182983,0.30000001192092896,5.0
374,2,1531904,72.998456314554,393.2347848820977,10.416169061005348,22.915586391987745,11,6,0,5,0.5454545454545454,0.0,0.45454545454545453,0.07419258641857596,0.6250917310535442,0.03392251386139833,0.6270324613433331,0.5266442934807856,0.6783447265625,29.12827614415437,0.5166678698733449,0.00146484375,0.475341796875,0.2982370978570543,0.29478261538315564,0.3000198752852157,0.2979147434234619,0.2937612235546112,0.30000001192092896,5.0
375,2,1536000,73.07770674213187,394.7886020794805,10.375172886007931,22.91575954898144,14,1,0,13,0.07142857142857142,0.0,0.9285714285714286,0.0955489558091358,0.33647854285663925,0.05799879767255334,0.6248906319960952,0.8075871870532865,0.752197265625,37.67535943794064,0.5598212480545044,0.000244140625,0.305419921875,0.2980345367686823,0.29406795068643987,0.3000333916861564,0.297818660736084,0.29345589876174927,0.30000001192092896,5.0
376,2,1540096,73.15853897882825,416.8533683721821,9.825997126987204,22.937663357995916,5,2,0,3,0.4,0.0,0.6,0.1171205882801587,0.3100910728171584,0.04020344960008515,0.6284186369739473,0.5886974611021287,0.711669921875,38.822968967142515,0.5505960169248283,0.00146484375,0.35986328125,0.2983838025829755,0.29513998643960804,0.30003403540467843,0.2985316216945648,0.29559481143951416,0.30000001192092896,5.0
377,2,1544192,73.23686706569684,390.8647500941889,10.47932820499409,22.933116019994486,17,3,0,14,0.17647058823529413,0.0,0.8235294117647058,0.11534314224263653,0.48893777465855237,0.05040316387749044,0.6334338642191142,0.7712476394081023,0.7552490234375,38.242458895314485,0.5191218042746186,0.001708984375,0.24755859375,0.2988701957510784,0.296700264851097,0.299994483939372,0.29886358976364136,0.29663997888565063,0.30000001192092896,5.0
378,2,1548288,73.31476375578886,390.97893143202566,10.476267825986724,22.98880823899526,16,3,0,13,0.1875,0.0,0.8125,0.12453130323410733,0.36670266078726854,0.04622063192073256,0.6289106637705117,0.6099275687884074,0.7132568359375,36.89272502041422,0.5282905804924667,0.001953125,0.231689453125,0.2984259605873376,0.29534199566114694,0.3000226176227443,0.29805788397789,0.29417356848716736,0.30000001192092896,5.0
379,2,1552384,73.39446176988366,413.1031263253978,9.915199714014307,22.959810222993838,6,0,0,6,0.0,0.0,1.0,0.10057969408990175,0.28075065247685416,0.029598886310850503,0.6289232093840837,0.4870190273213666,0.68341064453125,34.460205995477736,0.4822194380685687,0.000732421875,0.32861328125,0.2984310131869279,0.29530568059999496,0.3000284305308014,0.2986447215080261,0.2959340512752533,0.30000001192092896,5.0
380,2,1556480,73.47186450070285,388.2939896857731,10.548708218004322,22.916868523985613,14,3,0,11,0.21428571428571427,0.0,0.7857142857142857,0.07330530525723589,0.605636302876519,0.03685639536706731,0.6387323557864875,0.46652624125999864,0.69744873046875,31.228783004451543,0.47381360456347466,0.001953125,0.330078125,0.2993997317389585,0.29822459240676835,0.30002330330898985,0.2997288405895233,0.2994312644004822,0.30000001192092896,5.0
381,2,1560576,73.55018994806309,402.28420100321205,10.181856483017327,22.94596723097493,9,1,0,8,0.1111111111111111,0.0,0.8888888888888888,0.08899802913765598,0.3187819275408401,0.04906868301623035,0.6406355898361653,0.483133231591637,0.66571044921875,34.568632109090686,0.5086250086314976,0.00048828125,0.390869140625,0.2995837490889244,0.2988014735747129,0.30002327414695174,0.29897379875183105,0.29692140221595764,0.30000001192092896,5.0
382,2,1564672,73.62844639239266,404.58589298928035,10.123931829992216,22.95454581399099,7,2,0,5,0.2857142857142857,0.0,0.7142857142857143,0.08109726183101884,0.38906181027414277,0.040013035521042184,0.6277942035812885,0.4909766929267789,0.70013427734375,33.856827524257824,0.5291492375545204,0.0009765625,0.443603515625,0.2983101971913129,0.29497830366017297,0.30001726787304506,0.2977460026741028,0.2935556173324585,0.2998872995376587,5.0
383,2,1568768,73.70486612709955,387.37513219655926,10.57372985398979,22.964726471022004,19,4,0,15,0.21052631578947367,0.0,0.7894736842105263,0.07130104599309561,0.5685812261435785,0.05287473714633961,0.6209414466284215,0.504780710223713,0.69281005859375,33.332307601114735,0.5568069354631007,0.00146484375,0.304931640625,0.2976434755255468,0.29294805822428316,0.3000178503571078,0.2969697117805481,0.2914467751979828,0.2999284267425537,5.0
384,2,1572864,73.78168571034072,393.21591803578366,10.41666883797734,22.936699153011432,14,1,0,13,0.07142857142857142,0.0,0.9285714285714286,0.0868460889250855,0.30733335053082556,0.05288031293639506,0.61650032363832,0.5673906230113062,0.7012939453125,37.69664383120835,0.5817147577181458,0.001220703125,0.325439453125,0.29720891977194697,0.2918123760027811,0.3000258205574937,0.29746562242507935,0.29247552156448364,0.30000001192092896,5.0
385,2,1576960,73.85981093400585,412.02387610139954,9.941171465005027,22.965395874984097,3,0,0,3,0.0,0.0,1.0,0.14927750584865862,0.1969680923721171,0.052687178687847336,0.6242277605924755,0.7542526411125436,0.7744140625,39.918219458311796,0.5327289504930377,0.0009765625,0.15234375,0.2979772578109987,0.29390053352108225,0.3000453532440588,0.2985789477825165,0.29593396186828613,0.30000001192092896,5.0
386,2,1581056,73.93575804853742,389.00412849184386,10.529451231996063,22.937461082008667,16,1,0,15,0.0625,0.0,0.9375,0.1324946427357645,0.184150972047064,0.04875550053475308,0.6351113102864474,0.6936679104255745,0.72845458984375,41.59301515901461,0.5222987178713083,0.001708984375,0.115234375,0.2990485848276876,0.29714289732510224,0.3000421655597165,0.29923129081726074,0.2976938784122467,0.30000001192092896,5.0
387,2,1585152,74.01171042538867,391.17594176974274,10.47099159899517,22.925785392988473,12,4,1,7,0.3333333333333333,0.08333333333333333,0.5833333333333334,0.137560459510496,0.5507924303092295,0.04368600433008396,0.642687818268314,1.0203302330410224,0.78973388671875,29.86265089875087,0.6279890742152929,0.0009765625,0.327880859375,0.29980689921649173,0.2993460291181691,0.3000479021575302,0.29982802271842957,0.2994840145111084,0.30000001192092896,5.0
388,2,1589248,74.08788468273778,396.66137350121414,10.326188214006834,22.938044108013855,14,7,0,7,0.5,0.0,0.5,0.11394790712984104,0.5022951140563237,0.036470078799538896,0.6436027018353343,0.5169954195953324,0.70623779296875,32.1120197980199,0.5003404044546187,0.00244140625,0.322265625,0.2998844670364633,0.2996504651964642,0.30002535675885156,0.29991573095321655,0.29974716901779175,0.30000001192092896,5.0
389,2,1593344,74.16426936336876,404.9251250159469,10.115450356010115,23.019094061019132,10,1,0,9,0.1,0.0,0.9,0.11523754707741318,0.24300367237447063,0.0485209936141473,0.6444137275684625,0.6733517099055462,0.73480224609375,30.801145922392607,0.5020630024373531,0.000732421875,0.1826171875,0.299969008367043,0.29986913461470976,0.3000341824372299,0.29989102482795715,0.29967302083969116,0.30000001192092896,5.0
390,2,1597440,74.23968270212856,394.5888226349685,10.380425812996691,22.967783956002677,13,1,0,12,0.07692307692307693,0.0,0.9230769230769231,0.09553733504071715,0.3238356861838838,0.03985264553921297,0.6421471270732582,0.50659565510432,0.6822509765625,32.12564300233498,0.5501347254030406,0.00048828125,0.512939453125,0.2997376970597543,0.29921086004469544,0.30002699192846194,0.2999328374862671,0.29980188608169556,0.30000001192092896,5.0
391,2,1601536,74.31611996711318,410.3784294420783,9.981031424016692,23.001909154001623,7,3,0,4,0.42857142857142855,0.0,0.5714285714285714,0.0812289521418279,0.48970735011971556,0.03120842713633465,0.6426708814688027,0.4846193553566991,0.6688232421875,28.28857439244166,0.5042035831138492,0.0009765625,0.6201171875,0.29978670994751155,0.2993802217533812,0.3000202043331228,0.29968583583831787,0.2990717887878418,0.30000001192092896,5.0
392,2,1605632,74.39056387510225,388.4360445180187,10.544850453006802,22.94923924698378,16,1,0,15,0.0625,0.0,0.9375,0.08509878349650535,0.3284571380063426,0.04054775881195383,0.6440984490327537,0.5393254183181853,0.6788330078125,35.966098197037354,0.5162658607587218,0.000732421875,0.55712890625,0.2999332726467401,0.29979212942998856,0.3000252147903666,0.2999975085258484,0.29999250173568726,0.30000001192092896,5.0
393,2,1609728,74.46546827952322,395.68573315469433,10.351649444986833,22.941915657982463,10,3,0,7,0.3,0.0,0.7,0.07287835774877749,0.5055051901435945,0.04247060055786278,0.6441516820341349,0.47775643109707744,0.678955078125,29.9966387207387,0.5506492182612419,0.00146484375,0.43896484375,0.29994339880067855,0.29979346151230857,0.300034204905387,0.29998815059661865,0.29996436834335327,0.30000001192092896,5.0
394,2,1613824,74.53884266832286,382.0903857089345,10.719976616004715,22.950797658006195,18,3,0,15,0.16666666666666666,0.0,0.8333333333333334,0.09606715574773261,0.30886725107120583,0.047827935275563505,0.6428939935285598,0.5337569718394661,0.676025390625,39.180566352792084,0.5413738945499063,0.00146484375,0.376708984375,0.2998122910503298,0.2994297602563165,0.30002609931398183,0.2999719977378845,0.2999159097671509,0.30000001192092896,5.0
395,2,1617920,74.61350113022232,397.9068869828531,10.293865560000995,22.93770777300233,11,4,0,7,0.36363636363636365,0.0,0.6363636363636364,0.0880378996134823,0.49835233090561815,0.050172770675999345,0.6440732711926103,0.4973493805664475,0.68365478515625,30.546269088750705,0.5056567285209894,0.001220703125,0.2734375,0.2999303631368093,0.2998031685128808,0.3000295060337521,0.29969125986099243,0.2992340922355652,0.30000001192092896,5.0
396,2,1622016,74.68836073140882,404.6047136689514,10.123460903007071,22.98320848197909,12,6,0,6,0.5,0.0,0.5,0.09847104112486704,0.6614094889519038,0.032581637999101076,0.6435719311702996,0.5662988122930983,0.7203369140625,32.724896212806925,0.5414304663427174,0.001953125,0.418701171875,0.29987984866602346,0.29963633842999116,0.300027041696012,0.299826443195343,0.299549400806427,0.30000001192092896,5.0
397,2,1626112,74.76331828628304,406.34824953594136,10.080023735004943,22.931891332002124,9,4,0,5,0.4444444444444444,0.0,0.5555555555555556,0.065683373290085,0.6739529785845662,0.03208126344361517,0.6386578145902604,0.41284991752399947,0.6407470703125,25.77157598012127,0.4831600859761238,0.00146484375,0.4951171875,0.2993884689058177,0.29827044892590493,0.3000266567687504,0.2989208400249481,0.2967624366283417,0.30000001192092896,5.0
398,2,1630208,74.83682615117304,394.5938677935733,10.380293091991916,22.987392615992576,15,4,0,11,0.26666666666666666,0.0,0.7333333333333333,0.09764660969085526,0.3592807907043607,0.05185460185202828,0.6418258950579911,0.5537288446939783,0.6976318359375,36.26702979346737,0.5250076097436249,0.0009765625,0.47509765625,0.2997107836417854,0.2991059651831165,0.30003349989419803,0.29957833886146545,0.29874175786972046,0.30000001192092896,5.0
399,2,1634304,74.91058379324447,397.75514114423214,10.297792728000786,22.931503795989556,12,4,0,8,0.3333333333333333,0.0,0.6666666666666666,0.07827856619405793,0.6821875777677633,0.04936522717252956,0.6360603142529726,0.48554170577335753,0.68310546875,32.887415246339515,0.5506405807100236,0.001220703125,0.380615234375,0.2991292746155523,0.29740143957315013,0.3000128453713842,0.29841822385787964,0.295254647731781,0.30000001192092896,5.0
400,2,1638400,74.98304674276018,386.03800087530544,10.61035439700936,22.93071271601366,15,4,0,11,0.26666666666666666,0.0,0.7333333333333333,0.08991658837840077,0.5475920807584771,0.04355831752218364,0.6280779861845076,0.5670280148042366,0.713134765625,33.12956528365612,0.5607963027432561,0.001708984375,0.44677734375,0.29834196949377656,0.29534246923867613,0.3000217562657781,0.29892054200172424,0.2969990372657776,0.30000001192092896,5.0
401,2,1642496,75.05579731519886,393.4154591713023,10.411385481973412,22.98031001901836,12,2,0,10,0.16666666666666666,0.0,0.8333333333333334,0.13721171839279123,0.35438772817724384,0.04669194214693562,0.6349657338578254,0.6362317681632703,0.7315673828125,39.82220961758867,0.5672362884506583,0.001220703125,0.3115234375,0.29902957647573203,0.2970714007387869,0.3000318862032145,0.2997320592403412,0.29919615387916565,0.30000001192092896,5.0
402,2,1646592,75.12945652192633,403.2552574706634,10.157338122982765,22.90552788399509,7,1,0,6,0.14285714285714285,0.0,0.8571428571428571,0.10664548505883431,0.3297199069202179,0.04401275168675056,0.6430585123598576,0.6075621100098942,0.74603271484375,29.349343401845545,0.5424566077999771,0.000732421875,0.1796875,0.29983916867058724,0.29947294696467,0.3000509769190103,0.2999700903892517,0.29991018772125244,0.30000001192092896,5.0
403,2,1650688,75.20212927119215,395.34772930242684,10.360499622009229,22.9255489630159,13,3,0,10,0.23076923076923078,0.0,0.7692307692307693,0.08720088523841696,0.3956511146534467,0.04957711000861309,0.6438339406158775,0.5205717867720523,0.68939208984375,33.193709076032974,0.5236382456496358,0.002197265625,0.295654296875,0.29990893800277263,0.29972746182465926,0.3000262895366177,0.30000001192092896,0.30000001192092896,0.30000001192092896,5.0
404,2,1654784,75.27358011949502,385.5482773140374,10.623831673001405,22.954770334996283,17,4,0,13,0.23529411764705882,0.0,0.7647058823529411,0.09602428262769536,0.48480616726737935,0.04011092036125774,0.6431556984316558,0.5594837625103537,0.68804931640625,32.65942397387698,0.547441796399653,0.00244140625,0.44970703125,0.299836045014672,0.2996328000444919,0.2999971898389049,0.2994765043258667,0.2990550398826599,0.30000001192092896,5.0
405,2,1658880,75.34596615970808,397.3333379668825,10.308724711998366,22.932711292000022,9,0,0,9,0.0,0.0,1.0,0.08953335568548937,0.19734796417469624,0.05005240251466603,0.6325819878838956,0.5249403381312732,0.6968994140625,33.9109981614165,0.5423703514970839,0.00048828125,0.43505859375,0.2987910925876349,0.2963839927688241,0.30004022392677143,0.29825761914253235,0.29477280378341675,0.30000001192092896,5.0
406,2,1662976,75.41789163646617,394.81770531066644,10.374408100004075,22.938148416986223,17,8,0,9,0.47058823529411764,0.0,0.5294117647058824,0.08993812991684536,0.9259145550822723,0.0456238033984846,0.6323799914680421,0.5517912116374646,0.70440673828125,34.0189808185678,0.5687727211043239,0.00244140625,0.40283203125,0.2987682571983896,0.2962982261669822,0.3000214625499211,0.29904705286026,0.29716476798057556,0.30000001192092896,5.0
407,2,1667072,75.48972221424923,397.09721285962746,10.314854567986913,22.961269423016347,13,6,0,7,0.46153846153846156,0.0,0.5384615384615384,0.086384130307124,0.5789077510635252,0.04885075560014229,0.6343355160206556,0.5125552286262973,0.6881103515625,35.94590129470453,0.5564775709062815,0.001708984375,0.359619140625,0.29896015796111897,0.29690599301829934,0.3000166811980307,0.29933416843414307,0.29801011085510254,0.30000001192092896,5.0
408,2,1671168,75.56090738647194,392.3610039524517,10.43936568297795,22.963030701008392,14,8,0,6,0.5714285714285714,0.0,0.42857142857142855,0.0959471405185468,0.9554147359012859,0.04745380508938979,0.6374325202777982,0.5563839296191873,0.68719482421875,36.46774282027036,0.5638998048380017,0.002197265625,0.467529296875,0.29925974417710677,0.2984260051744059,0.2999690157594159,0.2990334928035736,0.2981451451778412,0.29998788237571716,5.0
409,2,1675264,75.63184946470606,390.5893728975386,10.486716444982449,22.923956316983094,14,5,0,9,0.35714285714285715,0.0,0.6428571428571429,0.1031001559458673,0.5224255726716365,0.04396070592520118,0.6401623140554875,0.635235773435852,0.7216796875,36.34679693845101,0.5811371402814984,0.002197265625,0.3857421875,0.2995388318086043,0.29882581112906337,0.3000227483571507,0.2995259165763855,0.2985776960849762,0.30000001192092896,5.0
410,2,1679360,75.70334425452589,399.288037727594,10.258258732996183,22.928059697005665,13,4,0,9,0.3076923076923077,0.0,0.6923076923076923,0.07309531298960792,0.6131077410827857,0.04937169609002012,0.6419358188286424,0.5811095285316696,0.695068359375,32.69179639755748,0.5729136792942882,0.00146484375,0.418701171875,0.2997184707201086,0.2991637918748893,0.3000278066028841,0.2999638020992279,0.2998913526535034,0.30000001192092896,5.0
411,2,1683456,75.77443355115653,397.4529504796303,10.305622326006414,22.936076844023773,13,4,0,9,0.3076923076923077,0.0,0.6923076923076923,0.09488249939204252,0.5772569598047994,0.049704498076607706,0.641565877944231,0.5552059194305912,0.70599365234375,40.84477127948776,0.5665020411834121,0.001220703125,0.412109375,0.2996755247586407,0.299073162896093,0.3000098814954981,0.29933667182922363,0.29814425110816956,0.30000001192092896,5.0
412,2,1687552,75.8452276470404,397.97564155561065,10.292087184003321,22.97445288999006,9,2,0,7,0.2222222222222222,0.0,0.7777777777777778,0.08441117786424002,0.4779026501637418,0.04684411267589894,0.6300762766040862,0.6227413261512993,0.7117919921875,32.73434362746775,0.5924361189827323,0.001220703125,0.34423828125,0.2985345682827756,0.29623296298086643,0.30003078148001805,0.29786694049835205,0.2956523299217224,0.30000001192092896,5.0
413,2,1691648,75.9155520828117,394.27807619051725,10.388607044995297,22.953995477990247,15,5,0,10,0.3333333333333333,0.0,0.6666666666666666,0.09485726945240458,0.7250451072031865,0.04727903595085081,0.628723151749,0.5553353040304501,0.7032470703125,38.443136448040605,0.5410147435031831,0.001953125,0.3681640625,0.29840538633288816,0.29578600445529446,0.30002743779914454,0.2986173629760742,0.29585200548171997,0.30000001192092896,5.0
414,2,1695744,75.98641250321978,402.4914868832188,10.17661275700084,22.946813374001067,9,0,0,9,0.0,0.0,1.0,0.16560563984967303,0.1308627875514503,0.04943189997902664,0.6244065559003502,0.9235984150727745,0.79193115234375,37.315402834210545,0.5125852143391967,0.001953125,0.11572265625,0.29799342167098075,0.2939242353895679,0.30004824878415093,0.29797089099884033,0.29394352436065674,0.30000001192092896,5.0
415,2,1699840,76.056858281278,400.3323804157136,10.231498125998769,22.951900428015506,12,0,0,12,0.0,0.0,1.0,0.13164440008767997,0.08338009933504509,0.04284694756825047,0.6263880811166018,0.7418792951211799,0.744873046875,35.551788608310744,0.5159037676639855,0.00048828125,0.062255859375,0.29818461945978925,0.2945937268086709,0.3000421941978857,0.29794156551361084,0.2940219044685364,0.30000001192092896,5.0
416,2,1703936,76.12662428308587,394.69070751865036,10.377746225014562,22.944291107996833,13,4,0,9,0.3076923076923077,0.0,0.6923076923076923,0.09306188425034634,0.3307893124438124,0.04231405694190471,0.6304803357925266,0.5464680611185031,0.69024658203125,34.05364730022848,0.5075204884633422,0.001708984375,0.284912109375,0.298582813993562,0.2959700258797966,0.30003172636497766,0.2992219924926758,0.2976977825164795,0.30000001192092896,5.0
417,2,1708032,76.19584881842336,392.69878402132156,10.43038625700865,22.989885835006135,14,5,0,9,0.35714285714285715,0.0,0.6428571428571429,0.09810136831038108,0.33836795363458805,0.03889962337962061,0.6329295884352177,0.5578804578108247,0.6893310546875,35.8810825048713,0.5298831327818334,0.001220703125,0.379638671875,0.2988220904371701,0.29649564111605287,0.3000279870466329,0.29899704456329346,0.2970043420791626,0.30000001192092896,5.0
418,2,1712128,76.26574117377857,400.21190552032016,10.234578091010917,22.9284727179911,10,2,0,8,0.2,0.0,0.8,0.10979404124555003,0.3159719133473118,0.05022878511590534,0.6399458916857839,0.7181809472822351,0.73095703125,37.48607138264924,0.5314261028543115,0.001708984375,0.221923828125,0.29952192306518555,0.2985429219552316,0.3000293404911645,0.29979074001312256,0.299372136592865,0.30000001192092896,5.0
419,2,1716224,76.33548939964425,403.0079323512369,10.163571659999434,22.981167630990967,13,2,0,11,0.15384615384615385,0.0,0.8461538461538461,0.10158889492413437,0.3015328702167608,0.043007417627450195,0.6438627880997956,0.5511562170795514,0.691162109375,36.594543247134425,0.5227226638235152,0.001708984375,0.280029296875,0.2999151977710426,0.29970316926483065,0.30003622348885983,0.29974472522735596,0.2992340922355652,0.30000001192092896,5.0
420,2,1720320,76.40485389441714,401.0517138238306,10.213146730995504,22.98409653699491,12,8,0,4,0.6666666666666666,0.0,0.3333333333333333,0.08258451925576082,0.6248158870002953,0.03699173054519633,0.6367325705941767,0.4691022400947986,0.6844482421875,30.170306931016967,0.5431481953710318,0.00244140625,0.4873046875,0.29919606959447265,0.29779196478193626,0.3000137114431709,0.2987101078033447,0.2961302697658539,0.30000001192092896,5.0
421,2,1724416,76.47423583291891,401.8906844819769,10.191826180991484,22.939220061001834,13,3,0,11,0.23076923076923078,0.0,0.8461538461538461,0.07741686350527743,0.45103844346886035,0.02607582904602168,0.6302735568024218,0.5198002000361157,0.6845703125,28.564031636575237,0.5188746335916221,0.000732421875,0.530029296875,0.298562768031843,0.2956747122807428,0.3000325222383253,0.2985539436340332,0.2956617772579193,0.30000001192092896,5.0
422,2,1728512,76.54340335996234,401.00863654150675,10.21424385102,22.920849920017645,15,7,0,8,0.4666666666666667,0.0,0.5333333333333333,0.09488508312642807,0.6666792261385126,0.05149623971738038,0.6227300772443414,0.5199338342063129,0.6954345703125,37.48143398296088,0.5259994701482356,0.00244140625,0.4794921875,0.2978070295066573,0.2940174100222066,0.29979148029815406,0.2976447343826294,0.2929341197013855,0.30000001192092896,5.0
423,2,1732608,76.61221569039888,400.8468680824419,10.218365979992086,22.961826494982233,11,2,0,9,0.18181818181818182,0.0,0.8181818181818182,0.10830164115395746,0.3812357614078792,0.05629233247236698,0.6231647541280836,0.6252465789257258,0.72845458984375,35.55820364097599,0.5846892474219203,0.0009765625,0.36181640625,0.2978660147637129,0.2936353203258477,0.30003476422280073,0.2981009781360626,0.2945006489753723,0.30000001192092896,5.0
424,2,1736704,76.6805221222159,398.7310217024814,10.272589231986785,22.997502077982062,12,6,0,6,0.5,0.0,0.5,0.10112355210276291,0.7479894391290145,0.0433642074058298,0.6305591992568225,0.5665376826073043,0.7130126953125,34.75994226220064,0.5288465288467705,0.001953125,0.472900390625,0.2985905897221528,0.2958711772225797,0.30002950865309685,0.29914146661758423,0.2974243462085724,0.30000001192092896,5.0
425,2,1740800,76.74765075837159,386.0354148153133,10.610425476013916,22.9482960489986,17,5,0,12,0.29411764705882354,0.0,0.7058823529411765,0.08740960816066945,0.4348483779685921,0.05511069015119574,0.6288532572798431,0.5963143588742241,0.72442626953125,35.83786333701573,0.5537246912717819,0.001220703125,0.345703125,0.2984193942975253,0.2952444141265005,0.30002876551589,0.29767096042633057,0.2930128276348114,0.30000001192092896,5.0
426,2,1744896,76.81454231575754,386.19864901592854,10.60594077798305,22.9645759149862,18,9,1,8,0.5,0.05555555555555555,0.4444444444444444,0.09938068872907024,1.3345953530515544,0.04799410629311751,0.6229214263148606,0.696944418043131,0.742431640625,33.57241022866219,0.5891301864758134,0.002197265625,0.42578125,0.29783626477001235,0.29362524300813675,0.30000783217838034,0.29785940051078796,0.29464343190193176,0.30000001192092896,5.0
427,2,1748992,76.8826738841184,400.4025603156244,10.22970481700031,22.915493470005458,11,2,0,9,0.18181818181818182,0.0,0.8181818181818182,0.09494360897861043,0.334261078358395,0.04715902130192262,0.6315521935466677,0.5747169815513189,0.7049560546875,38.053283917484805,0.5793266445398331,0.0009765625,0.36865234375,0.2986895482754335,0.29620136658195406,0.30002664035419,0.29930591583251953,0.298513799905777,0.30000001192092896,5.0
428,2,1753088,76.94991990750256,395.97217272154325,10.344161237007938,23.004453302011825,8,3,0,5,0.375,0.0,0.625,0.12074714897971717,0.3964130417443812,0.04105328473269765,0.6315427792724222,0.7453036335209617,0.748291015625,28.871838524006307,0.5931668942794204,0.00146484375,0.239990234375,0.2986915832734667,0.2961017774650827,0.3000464604701847,0.2986273169517517,0.29588186740875244,0.30000001192092896,5.0
429,2,1757184,77.01663669617943,390.9162440018226,10.477947803010466,22.968924039014382,12,2,0,10,0.16666666666666666,0.0,0.8333333333333334,0.11933480314291955,0.3919839506124845,0.049114187157101696,0.6374812943395227,0.5891811416149721,0.7391357421875,41.21629703929648,0.5302131250500679,0.001708984375,0.305908203125,0.29927791689988226,0.2978825632017106,0.3000222562113777,0.2991863191127777,0.298394113779068,0.29998645186424255,5.0
430,2,1761280,77.08363753488113,395.0233134071944,10.36900826098281,22.935981988994172,13,3,0,10,0.23076923076923078,0.0,0.7692307692307693,0.11212060539219237,0.4289193429722218,0.046578135323215974,0.6419549230486155,0.5526626459613908,0.7041015625,44.050580030307174,0.537579155061394,0.001220703125,0.346923828125,0.29972295311745256,0.29918533109594136,0.30002116749528795,0.29992324113845825,0.29976966977119446,0.30000001192092896,5.0
431,2,1765376,77.15035045678675,396.05997433398056,10.341868064017035,22.989593940990744,11,2,0,9,0.18181818181818182,0.0,0.8181818181818182,0.07761918085998332,0.6106314990465762,0.03708585720596602,0.6412229367997497,0.5791712937789271,0.697998046875,31.468970970949158,0.5533530414104462,0.001220703125,0.456298828125,0.29964378057047725,0.29896024317713454,0.30002617865102366,0.2994719445705414,0.29841580986976624,0.30000001192092896,5.0
432,2,1769472,77.21625971189195,387.49683232472063,10.570408989995485,22.9428684769955,16,3,0,13,0.1875,0.0,0.8125,0.09796356269907847,0.5355593878193758,0.0430773954376491,0.6376422927714884,0.6057479594746837,0.714599609375,37.27711777947843,0.5440885224379599,0.001220703125,0.44580078125,0.2992874336778186,0.29792654752964154,0.3000197946676053,0.2992199659347534,0.29765990376472473,0.30000001192092896,5.0
433,2,1773568,77.28310986256136,400.3944231508936,10.229912713984959,22.946960757981287,10,1,0,9,0.1,0.0,0.9,0.10474582807000843,0.24036943533428712,0.04903155289503047,0.6389339924789965,0.5348277929442702,0.697021484375,38.57325407816097,0.550280096475035,0.0009765625,0.334228515625,0.29941732715815306,0.29855922533897683,0.3000268043251708,0.30000001192092896,0.30000001192092896,0.30000001192092896,5.0
434,2,1777664,77.3502617317325,405.71115351472116,10.09585258999141,22.934041253989562,8,2,0,6,0.25,0.0,0.75,0.11481808139797067,0.46247190157009754,0.04539101886621211,0.6442156515549868,0.566596258606296,0.7259521484375,37.58513635164127,0.5298987752757967,0.001220703125,0.23876953125,0.299949734529946,0.29981025791494176,0.3000345919863321,0.29961830377578735,0.29885488748550415,0.30000001192092896,5.0
435,2,1781760,77.41602671390568,391.0897568502052,10.473299103992758,22.911480492010014,14,3,0,11,0.21428571428571427,0.0,0.7857142857142857,0.10890352591741248,0.44681336080248,0.03859776697208872,0.6327367280609906,0.5610237783912453,0.6839599609375,36.116938537103124,0.547910001128912,0.00146484375,0.533935546875,0.29880058247363195,0.29642758099362254,0.3000251619378105,0.2981318235397339,0.294395387172699,0.30000001192092896,5.0
436,2,1785856,77.48155317010819,390.6059564257551,10.486271221976494,22.912944936018903,16,5,0,11,0.3125,0.0,0.6875,0.10841159071424045,0.5889931151468772,0.04077730378412525,0.6227488997392356,0.6277086434274679,0.71331787109375,32.479512937832624,0.5603054072707891,0.001953125,0.4931640625,0.2978282208205201,0.29342905356315896,0.30004154454218224,0.2975831925868988,0.29276224970817566,0.30000001192092896,5.0
437,2,1789952,77.54676626384558,391.4523026437886,10.463599198003067,22.972407016000943,12,2,1,9,0.16666666666666666,0.08333333333333333,0.75,0.08674317245277052,0.3892150603569462,0.05729608733599889,0.6245894564781338,0.6010520820855163,0.6986083984375,35.09919461142272,0.5556542733684182,0.000732421875,0.497802734375,0.29800288268597797,0.29406935919541866,0.30002722347853705,0.2985353171825409,0.29562655091285706,0.30000001192092896,5.0
438,2,1794048,77.61169003743454,390.30138491632283,10.494454178988235,22.97124568800791,14,4,0,10,0.2857142857142857,0.0,0.7142857142857143,0.08606866899754095,0.6713081811612938,0.051016839883232024,0.6316161192953587,0.592698317283066,0.69476318359375,35.01647779531777,0.5662128077819943,0.001953125,0.431640625,0.2986923942808062,0.2960871693212539,0.3000259189866483,0.2988475561141968,0.29654261469841003,0.30000001192092896,5.0
439,2,1798144,77.6772564484508,400.1610598253728,10.235878527979366,22.982251421984984,11,1,0,10,0.09090909090909091,0.0,0.9090909090909091,0.11473852961353259,0.2665298162828549,0.042385219336210866,0.6314583246130496,0.7801637460797792,0.75341796875,32.33869714848697,0.5200223834253848,0.00146484375,0.165771484375,0.29869025864172727,0.29600503062829375,0.30005012993933633,0.2982425391674042,0.29476407170295715,0.30000001192092896,5.0
440,2,1802240,77.74315430517869,405.61378967721413,10.09827600599965,22.965272600005846,8,2,0,6,0.25,0.0,0.75,0.09386361994620529,0.3002045452740276,0.0375614378190221,0.6308820443227887,0.5714376336836722,0.701171875,37.99327186914161,0.526644628494978,0.000732421875,0.343994140625,0.2986244751373306,0.29584754374809563,0.3000280268024653,0.29908686876296997,0.29740944504737854,0.30000001192092896,5.0
441,2,1806336,77.80767454963967,389.4301548863729,10.517932287999429,22.89972053200472,16,7,0,9,0.4375,0.0,0.5625,0.07216489939310122,0.8520491934032179,0.043432864933492965,0.632856811163947,0.5185914382818737,0.66510009765625,31.414170912699774,0.5433994163759053,0.00244140625,0.4560546875,0.2988122757524252,0.2964718125294894,0.3000206922297366,0.2983700633049011,0.29555749893188477,0.30000001192092896,5.0
442,2,1810432,77.87217702599267,392.7638579509154,10.42865812900709,22.93990557201323,13,1,1,11,0.07692307692307693,0.07692307692307693,0.8461538461538461,0.0892032255705999,0.3502242608665256,0.04351083027177083,0.6325583111029118,0.5017777669345378,0.678466796875,36.39859320176765,0.5675455220043659,0.000732421875,0.47802734375,0.29878460988402367,0.29643635399406776,0.3000141083612107,0.29873520135879517,0.29623034596443176,0.30000001192092896,5.0
443,2,1814528,77.93656846476871,392.9076972496774,10.424840308987768,22.921538550028345,12,1,0,11,0.08333333333333333,0.0,0.9166666666666666,0.09158812486384704,0.23670521757594543,0.03836314318323275,0.6276446327101439,0.5085701638890896,0.6798095703125,34.13625929085538,0.5629743421450257,0.000732421875,0.43701171875,0.2983026892179623,0.29496423981618136,0.3000344629981555,0.29828161001205444,0.2948448061943054,0.30000001192092896,5.0
444,2,1818624,78.00088485363894,394.6105152874593,10.379855176986894,22.93393824400846,12,5,0,7,0.4166666666666667,0.0,0.5833333333333334,0.07789467223847168,0.6003876879112795,0.043337265677109826,0.6290583293884993,0.5463763282023137,0.676513671875,34.22561386669986,0.5461398242041469,0.001220703125,0.5302734375,0.29843935125973076,0.29551262402674183,0.300025682663545,0.2984508275985718,0.2954038977622986,0.30000001192092896,5.0
445,2,1822720,78.06482977972732,392.0230877559224,10.44836421101354,22.921608356991783,11,5,0,6,0.45454545454545453,0.0,0.5454545454545454,0.10205933683391777,0.8146568187657977,0.038372535063899704,0.6277840684633702,0.5581085013145639,0.68292236328125,35.40789359831251,0.5505625624209642,0.001220703125,0.5087890625,0.29831099981674924,0.29501257865922526,0.3000154867186211,0.29831284284591675,0.29542091488838196,0.30000001192092896,5.0
446,2,1826816,78.12946629676881,403.19254535311194,10.158917983993888,22.949355110002216,11,3,0,8,0.2727272727272727,0.0,0.7272727272727273,0.10128701747453306,0.5279605755349621,0.03979567042370036,0.6297112847678363,0.5332300595982815,0.70556640625,38.7485378771089,0.5385391730815172,0.0009765625,0.452392578125,0.29850542708300054,0.29556935164146125,0.3000231354380958,0.2985721826553345,0.29574286937713623,0.30000001192092896,5.0
447,2,1830912,78.19184265854098,379.30941116388436,10.798572034982499,22.93172229998163,19,6,0,13,0.3157894736842105,0.0,0.6842105263157895,0.08329482103818009,0.7024376250919886,0.04020574277274136,0.6289561153389513,0.5037591104155581,0.67498779296875,34.906015834305435,0.5614773579873145,0.00146484375,0.475341796875,0.298428064212203,0.2953037329716608,0.3000225172727369,0.2980773150920868,0.2943207323551178,0.2999914288520813,5.0
448,2,1835008,78.25583718964185,400.10139819784797,10.237404863990378,22.95451384599437,12,3,0,9,0.25,0.0,0.75,0.081938858533249,0.485146283172071,0.027194029145903187,0.6287610053550452,0.45283360723988153,0.66595458984375,30.516205271705985,0.5197561467066407,0.000732421875,0.507080078125,0.2984140876797028,0.2952540654805489,0.30002356407931075,0.2990710139274597,0.29721295833587646,0.30000001192092896,5.0
449,2,1839104,78.31946815707327,400.07593429531806,10.238056450994918,23.00860031400225,11,4,0,7,0.36363636363636365,0.0,0.6363636363636364,0.07804698333347915,0.7228795871487819,0.04097317087871488,0.6288512572646141,0.45894947787746787,0.69317626953125,31.8083802012261,0.5082060983404517,0.00341796875,0.451416015625,0.2984227249980904,0.2952267741202377,0.300032414321322,0.29765772819519043,0.292973130941391,0.30000001192092896,5.0
450,2,1843200,78.3831552608903,402.3459055417887,10.180294974008575,22.995453017996624,11,3,0,8,0.2727272727272727,0.0,0.7272727272727273,0.07968784964941733,0.5264629752055043,0.029048002950730734,0.6203192039392889,0.440501734141435,0.66265869140625,31.732736602192745,0.49882030114531517,0.00146484375,0.508056640625,0.2975751693593338,0.2930440582567826,0.2999567401711829,0.29738280177116394,0.2921483814716339,0.30000001192092896,5.0
451,2,1847296,78.4463606648749,397.63210782646155,10.300979018997168,22.96444779698504,12,5,0,7,0.4166666666666667,0.0,0.5833333333333334,0.09106730712665012,0.4596653834814788,0.031220894472426153,0.6204477387946099,0.5059968360947096,0.673583984375,32.34793379041366,0.5084278821013868,0.00244140625,0.474609375,0.29759712395025417,0.2928332966985181,0.30002936214441434,0.2964586019515991,0.2893758714199066,0.30000001192092896,5.0
452,2,1851392,78.50993674691436,402.63904184354027,10.172883338003885,22.928541076980764,11,5,0,6,0.45454545454545453,0.0,0.5454545454545454,0.07694844604702666,0.435328717372613,0.03245760865684133,0.6061501137446612,0.45055443327873945,0.670654296875,30.546543621458113,0.5094310669228435,0.00244140625,0.329345703125,0.2962043196312152,0.2888236354338005,0.3000208343146369,0.29619455337524414,0.2885836064815521,0.30000001192092896,5.0
453,2,1855488,78.57144719229021,381.8302870164466,10.727278948994353,22.941620050987694,21,9,0,12,0.42857142857142855,0.0,0.5714285714285714,0.07735184742705314,1.0811990230286028,0.049234793537834776,0.6035204865038395,0.5433230766866473,0.6800537109375,31.829070097068325,0.5411255741491914,0.002197265625,0.37890625,0.29594711342360824,0.2881305729970336,0.2999879310373217,0.29532790184020996,0.28739407658576965,0.29976463317871094,5.0
454,2,1859584,78.63424478494956,398.666971019166,10.274239648017101,22.954722793016117,11,5,0,6,0.45454545454545453,0.0,0.5454545454545454,0.09872279318551591,0.42475677702896064,0.03911258437256038,0.5970980061683804,0.48900050269730855,0.6820068359375,36.060608555329964,0.5573072573170066,0.00146484375,0.41845703125,0.29533866880228743,0.28629309200914577,0.3000099688069895,0.2952122092247009,0.2856365740299225,0.30000001192092896,5.0
455,2,1863680,78.69674297250177,397.338714188767,10.308585229009623,22.95763926298241,12,5,0,7,0.4166666666666667,0.0,0.5833333333333334,0.08358401819896244,0.7948518462726497,0.03683013355657749,0.5990108798723668,0.5049638230921119,0.68597412109375,31.771393977338448,0.5181312598288059,0.001220703125,0.5380859375,0.2955278331646696,0.28667874314123765,0.3000290268100798,0.29584604501724243,0.2875380218029022,0.30000001192092896,5.0
456,2,1867776,78.75916813175249,398.9021840651002,10.268181432998972,22.967100231995573,10,4,0,6,0.4,0.0,0.6,0.08003158343126415,0.5175957331230165,0.029262322441354627,0.5987265154253691,0.4801927177904872,0.70135498046875,32.95731517020613,0.49671692168340087,0.00146484375,0.458984375,0.2954962075455114,0.28667040553409606,0.30001930362777784,0.29534435272216797,0.286033034324646,0.30000001192092896,5.0
457,2,1871872,78.82213832755659,405.77544377610747,10.094253023009514,22.92435533599928,6,1,0,5,0.16666666666666666,0.0,0.8333333333333334,0.09278969673323445,0.32044484798097983,0.028152995631899103,0.5952836310025305,0.4589576383223175,0.67193603515625,34.21545329038054,0.48599077109247446,0.001220703125,0.5341796875,0.29517079814104363,0.28552764863707125,0.3000224397983402,0.2950367331504822,0.2852695882320404,0.30000001192092896,5.0
458,2,1875968,78.88391304187498,394.43880854782475,10.384373726003105,22.93971910799155,15,4,0,11,0.26666666666666666,0.0,0.7333333333333333,0.07199920779748936,0.5422259493934689,0.035314585634296236,0.6011424693278968,0.4239106714230729,0.65606689453125,31.21937224874273,0.5011393576860428,0.00146484375,0.542236328125,0.29572832060512155,0.2874308572500013,0.29994202277157456,0.2967216670513153,0.29021573066711426,0.30000001192092896,5.0
459,2,1880064,78.94474320826059,387.0445017998285,10.582762398000341,22.976114835008048,18,3,0,15,0.16666666666666666,0.0,0.8333333333333334,0.08094468446870451,0.6388182208902435,0.04495684949142742,0.6101961778476834,0.4978262504628219,0.68646240234375,36.21215524384752,0.555840905290097,0.001220703125,0.441162109375,0.29659835080383345,0.2898551424150355,0.30002520186826587,0.29629144072532654,0.2888742983341217,0.30000001192092896,5.0
460,2,1884160,79.00605680411002,395.0139207379149,10.369254816003377,22.99200214497978,12,5,0,7,0.4166666666666667,0.0,0.5833333333333334,0.08508739904937102,0.6291176038503181,0.050799345730411005,0.6045707263983786,0.5350738154593273,0.69647216796875,35.65645491168834,0.5756178414449096,0.001953125,0.44140625,0.29605448863003403,0.2881953706382774,0.3000121430377476,0.29598090052604675,0.2879426181316376,0.30000001192092896,5.0
461,2,1888256,79.06745366615017,396.50402624588116,10.330286022013752,22.953169596003136,12,4,0,8,0.3333333333333333,0.0,0.6666666666666666,0.08204002311686054,0.48646637089404976,0.03648115584746847,0.6146703085396439,0.5535019192502659,0.6954345703125,30.278514299774542,0.5388795174658298,0.0009765625,0.47900390625,0.2970429008710198,0.2911926217493601,0.30003841465804726,0.29768106341362,0.2930431067943573,0.30000001192092896,5.0
462,2,1892352,79.12947513367887,405.65458512845487,10.097260453010676,22.946846859995276,7,1,0,6,0.14285714285714285,0.0,0.8571428571428571,0.08534782280912623,0.2398352014424745,0.03211188775185292,0.60836868500337,0.47188336392719066,0.66497802734375,33.726845854427665,0.49546263134106994,0.0009765625,0.54443359375,0.2964153559296392,0.28979447175515816,0.30002451012842357,0.29632437229156494,0.2890022099018097,0.30000001192092896,5.0
463,2,1896448,79.1909510515926,402.26113909025406,10.182440215983661,22.974656878999667,9,3,0,6,0.3333333333333333,0.0,0.6666666666666666,0.12640893576099188,0.4204724039300345,0.04621552199932921,0.6027883931528777,0.7510959123173961,0.74969482421875,37.93924994720146,0.4824643577449024,0.001708984375,0.406494140625,0.2958933801855892,0.2876459560939111,0.30003710492746904,0.2956300675868988,0.2868901491165161,0.30000001192092896,5.0
464,2,1900544,79.25074493486596,384.53935847356433,10.65170550098992,22.963271171989618,17,1,0,16,0.058823529411764705,0.0,0.9411764705882353,0.0908165607816045,0.2671912566293031,0.04508491488741129,0.5993886892683804,0.5720086183137028,0.682373046875,38.466128688072786,0.562946755439043,0.0009765625,0.362548828125,0.2955528218881227,0.28733547584852204,0.3000289323972538,0.29574355483055115,0.28752467036247253,0.30000001192092896,5.0
465,2,1904640,79.31090554314554,390.85771222659343,10.479516898019938,22.973685956996633,13,1,0,12,0.07692307692307693,0.0,0.9230769230769231,0.1493197274985505,0.19724519246665295,0.043727450611186214,0.6044335239566863,0.7021579289867077,0.7354736328125,43.210027071647346,0.5438233171589673,0.00048828125,0.11767578125,0.2960545278037898,0.28816056065261364,0.3000353755778633,0.2965771555900574,0.28973138332366943,0.30000001192092896,5.0
466,2,1908736,79.37175933902708,400.7651977428515,10.220448339998256,22.971931471984135,12,2,0,10,0.16666666666666666,0.0,0.8333333333333334,0.0760304536561307,0.4423488972388441,0.03470144933271513,0.6093511630315334,0.5103197669595829,0.67364501953125,33.508995373384096,0.5219948864541948,0.0009765625,0.471435546875,0.2965149621013552,0.2897684135241434,0.3000255954102613,0.29659104347229004,0.2897827625274658,0.30000001192092896,5.0
467,2,1912832,79.43192847677223,395.13152707628495,10.366168526990805,22.982883238990325,14,4,0,10,0.2857142857142857,0.0,0.7142857142857143,0.0921159663466824,0.4777802975877421,0.03572279872605577,0.6180950824636966,0.463190637412481,0.67236328125,33.187189545016736,0.506762323435396,0.001708984375,0.456298828125,0.29736779641825706,0.2923084601643495,0.30002925294684246,0.2975611090660095,0.29344886541366577,0.30000001192092896,5.0
468,2,1916928,79.49293163264528,407.4984458356689,10.051572078024037,22.993986156012397,8,4,0,4,0.5,0.0,0.5,0.0820221618123469,0.40649398521054536,0.03393794992189214,0.6232713228091598,0.46653073360357666,0.66986083984375,30.148473801789805,0.502884897403419,0.00146484375,0.410400390625,0.29787819233024493,0.29360428859945387,0.3000340044964105,0.29786035418510437,0.2935809791088104,0.30000001192092896,5.0
469,2,1921024,79.55304849724533,399.3883160447802,10.255683091992978,23.00820655102143,9,3,0,6,0.3333333333333333,0.0,0.6666666666666666,0.08445172085157537,0.4869053768343292,0.03989507246478752,0.6267398076597601,0.5456087325728731,0.69970703125,37.99857952212915,0.48488557804375887,0.001708984375,0.358642578125,0.2982116880011745,0.2946669108350761,0.30000836693216115,0.29810914397239685,0.2949976921081543,0.2998190224170685,5.0
470,2,1925120,79.61200555173852,388.088231600275,10.5543009719986,23.011276644014288,21,6,0,15,0.2857142857142857,0.0,0.7142857142857143,0.08786854623940599,0.40365536313765915,0.047252371534341364,0.6340283516328782,0.5440185810803086,0.6986083984375,32.68756301095709,0.5221209917217493,0.0029296875,0.24609375,0.2989391557057388,0.2967776305740699,0.3000318788108416,0.2993236184120178,0.2979707717895508,0.30000001192092896,5.0
471,2,1929216,79.67232570111722,403.28214287094295,10.156660969019867,22.944512096000835,9,1,0,8,0.1111111111111111,0.0,0.8888888888888888,0.1152314143946569,0.2996802405396011,0.05261184526170837,0.6398527615237981,0.6614794175075076,0.74652099609375,42.02461715834215,0.5479225721210241,0.0009765625,0.176513671875,0.2995104463188909,0.2985786237404682,0.3000298974220641,0.29972654581069946,0.2991796135902405,0.30000001192092896,5.0
472,2,1933312,79.7328715299672,408.9131719760389,10.016796426993096,22.966353541007265,9,2,0,7,0.2222222222222222,0.0,0.7777777777777778,0.11780937030016503,0.2937535001547076,0.035606514486062224,0.6445047270972282,0.5983289549367328,0.718017578125,35.519815216888674,0.5244018253870308,0.002197265625,0.206787109375,0.2999872312066145,0.2998949595494196,0.30004510591970757,0.30000001192092896,0.30000001192092896,0.30000001192092896,5.0
473,2,1937408,79.79192530807144,392.60289610329824,10.432933736999985,22.95404624499497,14,4,0,10,0.2857142857142857,0.0,0.7142857142857143,0.08562897787123802,0.44223826813686173,0.04517377332922479,0.640290814684704,0.4975467547737935,0.69573974609375,30.393959324341267,0.515566092915833,0.00146484375,0.329345703125,0.29955647338647395,0.2986211783136241,0.3000357909477316,0.2989004850387573,0.29670143127441406,0.30000001192092896,5.0
474,2,1941504,79.85177320112527,404.9072733437031,10.115896328992676,22.979838653001934,9,2,0,7,0.2222222222222222,0.0,0.7777777777777778,0.07847801798016008,0.5752770008548396,0.03469311613298487,0.6412257442716509,0.5002969098131871,0.6937255859375,28.280129184946418,0.5345242111943662,0.001220703125,0.469970703125,0.29964959854260087,0.298926034651231,0.3000285188900307,0.29998624324798584,0.29997363686561584,0.30000001192092896,5.0
475,2,1945600,79.91027033952766,390.05642681224833,10.501044767996063,22.95681350500672,16,8,0,8,0.5,0.0,0.5,0.1004051265281305,0.6758449147746433,0.04985108892287826,0.6440580612979829,0.6422365203761728,0.7188720703125,35.368192333495244,0.5367230726405978,0.001953125,0.47021484375,0.29993067122995853,0.29977392905857414,0.3000309481867589,0.29996925592422485,0.2999076843261719,0.30000001192092896,5.0
476,2,1949696,79.9688232445287,393.60727971946307,10.406311597995227,22.985837490006816,18,3,0,15,0.16666666666666666,0.0,0.8333333333333334,0.1108282603090629,0.46272988464625087,0.03835467128374148,0.6439432115294039,0.5554599169408903,0.7091064453125,41.75303436163813,0.5837973756715655,0.0009765625,0.421142578125,0.2999239300843328,0.29974082740955055,0.300039560708683,0.2999701499938965,0.29991042613983154,0.30000001192092896,5.0
477,2,1953792,80.0276724663237,397.1137150437671,10.314425930992002,22.938336052990053,13,6,0,7,0.46153846153846156,0.0,0.5384615384615384,0.09885999829384673,0.5198450139650959,0.054298743254548754,0.6430388209410012,0.5835280969549785,0.69598388671875,37.751164166023955,0.5798295959830284,0.001708984375,0.4736328125,0.2998241296154447,0.29956240113824606,0.30000758939422667,0.30000001192092896,0.30000001192092896,0.30000001192092896,5.0
478,2,1957888,80.08646766812554,399.23388689718854,10.25965013098903,22.960774736013263,13,7,0,6,0.5384615384615384,0.0,0.46153846153846156,0.08559377502751886,0.8700402533577289,0.03623974412948883,0.6412036074325442,0.4837605713000812,0.69488525390625,32.47170252795331,0.5707091763615608,0.00244140625,0.446533203125,0.29963708587456495,0.29899844084866345,0.30000517080770805,0.2990507483482361,0.2972428798675537,0.30000001192092896,5.0
479,2,1961984,80.14488329917279,396.5659865654983,10.328671995986952,22.959107847011182,13,5,0,8,0.38461538461538464,0.0,0.6153846153846154,0.08700130515444471,0.4972888356423937,0.024837995057168882,0.6312954446766526,0.5269213657811633,0.67724609375,32.5102373608388,0.5416567986831069,0.001220703125,0.5283203125,0.2986551442882046,0.2965695330640301,0.3000193181214854,0.29888755083084106,0.2972809374332428,0.30000001192092896,5.0
480,2,1966080,80.20401366018365,406.1204895628585,10.085676801012596,22.934802356990986,4,1,0,3,0.25,0.0,0.75,0.10764006171484652,0.4523166424041847,0.031294233915104996,0.6412152103148401,0.4783351728692651,0.6859130859375,35.61893022013828,0.49710894329473376,0.001220703125,0.3505859375,0.2996517707942985,0.29898109432542697,0.3000339962891303,0.2999926209449768,0.2999778091907501,0.30000001192092896,5.0
481,2,1970176,80.26110871103914,385.757290199693,10.618075417005457,22.975560143007897,16,5,0,11,0.3125,0.0,0.6875,0.09408931795405806,0.47119191341334954,0.04517480998401879,0.643504133913666,0.4155604820480221,0.6737060546875,31.31828317977488,0.47074316907674074,0.00244140625,0.2783203125,0.2998748199897818,0.2996045656618662,0.3000292389187962,0.30000001192092896,0.30000001192092896,0.30000001192092896,5.0
482,2,1974272,80.31922594398684,400.7145107180249,10.221741140994709,23.0122229809931,13,2,0,11,0.15384615384615385,0.0,0.8461538461538461,0.10886428637968493,0.4628077831293922,0.045487436078474275,0.6446740233805031,0.5438082424880122,0.7041015625,34.8760824482888,0.5549913113936782,0.00146484375,0.26220703125,0.29999366245465353,0.2999437924590893,0.3000322296866216,0.2999926209449768,0.2999778091907501,0.30000001192092896,5.0
483,2,1978368,80.37624984581736,386.84893691886583,10.588112333003664,22.932321494998178,13,2,0,11,0.15384615384615385,0.0,0.8461538461538461,0.11112424500606721,0.25957165780710056,0.042948102516675135,0.642047772416845,0.5071869119565235,0.68560791015625,41.48710439866409,0.5418181638233364,0.000732421875,0.503173828125,0.29972708493005484,0.2992523447028361,0.3000255365623161,0.2995409369468689,0.2986227571964264,0.30000001192092896,5.0
484,2,1982464,80.43278973712609,383.68998508650776,10.675285150005948,22.94582875299966,17,6,0,11,0.35294117647058826,0.0,0.6470588235294118,0.10325040051429824,0.7483721639291616,0.03240798660226574,0.6318723359145224,0.5117674091161462,0.68768310546875,32.47491132142022,0.5489145833998919,0.001708984375,0.53271484375,0.2987127368687652,0.29623818630352616,0.3000223439303227,0.29840967059135437,0.2952464818954468,0.30000001192092896,5.0
485,2,1986560,80.48998567670768,393.8002671039771,10.401211837976007,22.971291284018662,12,4,0,8,0.3333333333333333,0.0,0.6666666666666666,0.08704323838719574,0.5512064786162227,0.03531778113938344,0.631613954436034,0.488992959180905,0.66448974609375,36.03274242556654,0.5272194687277079,0.00146484375,0.5478515625,0.2986883010598831,0.2963419160223566,0.2999969709198922,0.2989252507686615,0.29712334275245667,0.30000001192092896,5.0
486,2,1990656,80.54845313024008,410.52293474664936,9.977518071013037,22.958037899021292,3,1,0,2,0.3333333333333333,0.0,0.6666666666666666,0.10218629505288845,0.27707488198939245,0.022632447793512256,0.6387032272759825,0.4355881602714362,0.65948486328125,35.14117013057694,0.4775809869170189,0.000732421875,0.51806640625,0.2994006359949708,0.2982543213875033,0.30003526172367856,0.2999632656574249,0.2998897433280945,0.30000001192092896,5.0
487,2,1994752,80.60510026571076,389.3936359104139,10.518918704008684,22.927736602985533,16,2,0,14,0.125,0.0,0.875,0.08715729214782186,0.41267175386019517,0.03650054774880118,0.6432127268053591,0.4642681270961475,0.6539306640625,32.596117914654315,0.4699779748916626,0.0009765625,0.44580078125,0.29984434600919485,0.2995834634057246,0.30001532391179353,0.29984962940216064,0.2995550334453583,0.30000001192092896,5.0
488,2,1998848,80.66214809961996,396.7459228739021,10.323987629992189,22.952377176989103,15,7,0,8,0.4666666666666667,0.0,0.5333333333333333,0.07558865347164101,0.9884120768547291,0.03770169451854599,0.6441512256860733,0.40344824819476344,0.644775390625,28.690323607530445,0.5326255611144006,0.002197265625,0.4677734375,0.299937927571591,0.29982583911623806,0.3000260287662968,0.29990342259407043,0.29971402883529663,0.30000001192092896,5.0
489,2,2002944,80.71928383446081,399.4243363447896,10.254758229013532,22.947889652015874,12,6,0,6,0.5,0.0,0.5,0.08291944139637053,0.855995781312231,0.05121695780508162,0.6429357978049666,0.5679943835057202,0.70709228515625,38.63390078628436,0.5436427444219589,0.001708984375,0.4736328125,0.2998120418051258,0.29953174787806347,0.3000199354137294,0.2998097240924835,0.2994993329048157,0.30000001192092896,5.0
490,2,2007040,80.77624560329804,399.2573565973636,10.259047033992829,22.94989549499587,15,2,0,13,0.13333333333333333,0.0,0.8666666666666667,0.0921999809161207,0.2741384884575382,0.03735688265260251,0.640109263593331,0.5642805853713071,0.69317626953125,37.32357186707668,0.5679258685559034,0.0009765625,0.385498046875,0.2995346772368066,0.29859462520107627,0.3000260643311776,0.29968178272247314,0.2990453243255615,0.30000001192092896,5.0
491,2,2011136,80.83333001387453,402.52172177748184,10.175848354003392,22.94773547400837,7,0,0,7,0.0,0.0,1.0,0.11452583238769876,0.241789348248858,0.04790401015634416,0.6439078645780683,0.5984172401804244,0.71429443359375,39.4625974544324,0.5295338574796915,0.00048828125,0.21923828125,0.29991921928012744,0.29972203995566815,0.3000348971108906,0.2996889352798462,0.29906678199768066,0.30000001192092896,5.0
492,2,2015232,80.89051367231181,406.0708408003675,10.08690993898199,22.960333538998384,8,4,0,4,0.5,0.0,0.5,0.08740795880294172,0.36215998882835265,0.031081012877621106,0.6444453119765967,0.41193079788354225,0.66778564453125,32.436313471524045,0.49103132961317897,0.002197265625,0.396240234375,0.29997153591830283,0.2998850332805887,0.3000308340997435,0.2998468279838562,0.2995896637439728,0.30000001192092896,5.0
493,2,2019328,80.94615084547435,389.3959020794407,10.5188574870117,22.958281077997526,14,0,0,14,0.0,0.0,1.0,0.08638764464922133,0.29138519395201,0.04347456893810886,0.6438683569431305,0.4386361896904418,0.67620849609375,33.849298250861466,0.5235309787094593,0.00146484375,0.328369140625,0.29991298529785126,0.2997443238273263,0.3000348255154677,0.30000001192092896,0.30000001192092896,0.30000001192092896,5.0
494,2,2023424,81.00185440052081,391.43353959961513,10.464100762008457,22.946044134994736,16,2,0,14,0.125,0.0,0.875,0.09543402088274888,0.28109610981482547,0.045671822801523376,0.6444780766032636,0.49977769768156577,0.6754150390625,32.06481320154853,0.5479803690686822,0.000732421875,0.29931640625,0.299978626484517,0.29988831764785573,0.3000368928187527,0.29999226331710815,0.29997673630714417,0.30000001192092896,5.0
495,2,2027520,81.05743958700093,392.3323941546876,10.440126945992233,22.961083838017657,14,5,0,9,0.35714285714285715,0.0,0.6428571428571429,0.0876323143929767,0.6761298390629236,0.031203209921841335,0.6441080642398447,0.5068668131061713,0.691650390625,30.68476292374544,0.5493959127925336,0.001708984375,0.519287109375,0.29993461607955396,0.2997761052683927,0.30002680013421923,0.29997363686561584,0.29992085695266724,0.30000001192092896,5.0
496,2,2031616,81.11217740964601,384.303114915099,10.658253448986216,22.958654521004064,15,5,0,10,0.3333333333333333,0.0,0.6666666666666666,0.08008822010015137,0.5684838352026418,0.04346184725545754,0.6425050208345056,0.4663248525757808,0.66766357421875,34.284041862236336,0.567992702126503,0.00146484375,0.372802734375,0.29977223195601255,0.29933651199098676,0.30002680409234017,0.2998526692390442,0.2996065318584442,0.30000001192092896,5.0
497,2,2035712,81.16800728452438,401.4660259982418,10.202606783015653,23.03150457100128,7,3,1,3,0.42857142857142855,0.14285714285714285,0.42857142857142855,0.13846263781488233,0.46208779330481775,0.04330735043367895,0.6439639043528587,0.6233363274441217,0.7396240234375,31.246019549667835,0.554171190597117,0.001220703125,0.208984375,0.2999287417042069,0.2997343625756912,0.30004131712485105,0.30000001192092896,0.30000001192092896,0.30000001192092896,5.0
498,2,2039808,81.22375328581018,400.8056935386668,10.219415706989821,22.995208034000825,9,1,2,6,0.1111111111111111,0.2222222222222222,0.6666666666666666,0.1020095460844459,0.3076385998137994,0.03502122577083355,0.6419864178169519,0.5160429994284641,0.6876220703125,26.733762179501355,0.511591793037951,0.00244140625,0.210205078125,0.2997322830487974,0.29914953181287274,0.30004699825076386,0.299809068441391,0.2994271516799927,0.30000001192092896,5.0
499,2,2043904,81.27865357765526,393.19576076066056,10.41720285100746,23.013267531001475,17,6,0,11,0.35294117647058826,0.0,0.6470588235294118,0.08472904624795774,0.5333203660775325,0.041593822092181654,0.6398045318201184,0.46378976725100074,0.67376708984375,30.829962698626332,0.5206084768287838,0.00244140625,0.39111328125,0.29949886724352837,0.2986651776591316,0.2999960014712997,0.2990354001522064,0.2972699701786041,0.30000001192092896,5.0
500,2,2048000,81.3334220642846,391.3016908969261,10.467626630008454,22.95869168601348,14,3,0,11,0.21428571428571427,0.0,0.7857142857142857,0.09825165448819462,0.5132285625295481,0.05065247336278844,0.6326116807758808,0.5367195481012459,0.6961669921875,38.73878868902102,0.5440695350989699,0.001708984375,0.485107421875,0.2987857237458229,0.2964717405848205,0.3000201014219783,0.29875409603118896,0.29652562737464905,0.30000001192092896,5.0
501,2,2052096,81.38859153585656,398.94659072215495,10.267038483987562,22.989127393986564,15,3,0,12,0.2,0.0,0.8,0.1049374852245819,0.3985764238459524,0.04842812516471895,0.630364844808355,0.578787908933009,0.71405029296875,39.299313442083076,0.5655553210526705,0.00146484375,0.465087890625,0.2985658003599383,0.2958181839203462,0.30001679016277194,0.298408567905426,0.2952256202697754,0.30000001192092896,5.0
502,2,2056192,81.44368733086056,400.1006873688872,10.237423052021768,22.997350363992155,10,2,0,8,0.2,0.0,0.8,0.09124063419585582,0.35271358441968914,0.04357536647148663,0.6286550890654325,0.5346814789518248,0.690185546875,32.3838124407921,0.5659885974600911,0.0009765625,0.436279296875,0.29840128746582195,0.29529698356054723,0.3000290665659122,0.2983018755912781,0.29513877630233765,0.30000001192092896,5.0
503,2,2060288,81.49948889315104,408.94352300301506,10.016052999009844,22.954380338982446,6,1,0,5,0.16666666666666666,0.0,0.8333333333333334,0.0953014991391683,0.27466321164683904,0.025931341066097957,0.6250269936863333,0.49502528757147957,0.6895751953125,33.767078129108995,0.51771868346259,0.00048828125,0.448974609375,0.29804899950977415,0.29414988617645577,0.3000378095312044,0.297836035490036,0.29350805282592773,0.30000001192092896,5.0
504,2,2064384,81.55453543887789,400.9053083945102,10.216876439983025,22.942949402000522,11,4,0,7,0.36363636363636365,0.0,0.6363636363636364,0.08881566068157554,0.6042445257480722,0.04506757380477211,0.6250265662092716,0.4812662674667081,0.675537109375,36.27379069302697,0.4815383907407522,0.001708984375,0.521728515625,0.29803758417256176,0.29448287206469104,0.2999784972635098,0.29845938086509705,0.2962460517883301,0.30000001192092896,5.0
505,2,2068480,81.60910907456471,396.6737669300502,10.32586558899493,22.93622262700228,16,5,0,11,0.3125,0.0,0.6875,0.08832118835016445,0.5859760400198866,0.043073687365904334,0.6325281953904778,0.473516698970343,0.6728515625,33.473747845273465,0.5507812728174031,0.00146484375,0.475341796875,0.29878054943401366,0.29654518712777644,0.300023541378323,0.2989153265953064,0.29675960540771484,0.30000001192092896,5.0
506,2,2072576,81.66319401024421,393.3759905220046,10.412430088996189,22.957421729021007,14,5,0,9,0.35714285714285715,0.0,0.6428571428571429,0.08243449942165171,0.5765949290580465,0.03652018769207643,0.6362314336001873,0.4955925747563015,0.67730712890625,33.727921481011435,0.5528652700595558,0.001953125,0.46044921875,0.2991512686130591,0.29756320849992335,0.30003254988696426,0.29895421862602234,0.2968626320362091,0.30000001192092896,5.0
507,2,2076672,81.71727614231406,396.14372636134567,10.339681604004,22.986576559982495,15,4,0,11,0.26666666666666666,0.0,0.7333333333333333,0.12174782585861976,0.6361908621183829,0.045868953224271536,0.6371644954197109,0.5963832733468735,0.697265625,42.90956993191503,0.545716957654804,0.00146484375,0.503662109375,0.2992395592154935,0.2977616729331203,0.3000207595177926,0.29938390851020813,0.298186719417572,0.30000001192092896,5.0
508,2,2080768,81.77126594933144,396.41996071741505,10.33247668101103,22.97881063100067,13,6,0,7,0.46153846153846156,0.0,0.5384615384615384,0.0720096486111288,0.630051264713984,0.03266210288711591,0.6254811680410057,0.48904344685797696,0.68902587890625,30.702124041039497,0.5292252954095602,0.002197265625,0.412841796875,0.29808292107190937,0.2943367084953934,0.3000117260380648,0.2966879606246948,0.29017236828804016,0.29995813965797424,5.0
509,2,2084864,81.82616967448652,407.8397353171302,10.043160695990082,22.93954804702662,5,1,0,4,0.2,0.0,0.8,0.09702812195610022,0.3331317112024408,0.04092292986388202,0.6121378587558866,0.694782698963536,0.72357177734375,33.48260303703137,0.5151418843306601,0.000732421875,0.362548828125,0.296792350593023,0.2904007952311076,0.3000318339909427,0.29682493209838867,0.2904747724533081,0.30000001192092896,5.0
510,2,2088960,81.88095859661803,408.3736242353189,10.03003072901629,22.943992971995613,9,3,0,6,0.3333333333333333,0.0,0.6666666666666666,0.11069721376952657,0.23700369524158305,0.040199721976023284,0.6145569023210555,0.6363299991971871,0.7264404296875,39.166572577436455,0.5039249965921044,0.00146484375,0.20361328125,0.29702502058353275,0.29106152814347297,0.3000298636034131,0.2971896529197693,0.29173803329467773,0.30000001192092896,5.0
511,2,2093056,81.93483709218968,398.4173499911385,10.28067678300431,22.93232869100757,12,2,0,10,0.16666666666666666,0.0,0.8333333333333334,0.11541133041464491,0.17610753838380333,0.04477669569860154,0.6188976198900491,0.7471942257834598,0.737548828125,36.12226076959632,0.5222261482849717,0.002197265625,0.12060546875,0.2974521414726041,0.2923757049138658,0.3000422150362283,0.29735368490219116,0.2920609414577484,0.30000001192092896,5.0
512,2,2097152,81.98770933170275,389.4935211643076,10.516221137018874,22.967743588000303,19,6,0,13,0.3157894736842105,0.0,0.6842105263157895,0.08720460705444566,0.6758006023374037,0.045018481692750356,0.6141523739788681,0.5389131626798189,0.690185546875,36.05343280057423,0.5706847505643964,0.001953125,0.323974609375,0.2969760684645735,0.2913407952291891,0.3000165811390616,0.2967996597290039,0.29039889574050903,0.30000001192092896,5.0
513,2,2101248,82.04034428775479,389.06663554371806,10.527759581018472,22.987258778011892,16,3,0,13,0.1875,0.0,0.8125,0.09220146932602802,0.3435424331109971,0.04660082266127574,0.6114698713645339,0.5653672811749857,0.68994140625,38.87648975569755,0.5971654430031776,0.001708984375,0.309326171875,0.29672628856496885,0.2901561330072582,0.3000264804577455,0.2970466613769531,0.2911399304866791,0.30000001192092896,5.0
514,2,2105344,82.09407712337968,404.28378003664335,10.131497235997813,22.997403638990363,11,3,0,8,0.2727272727272727,0.0,0.7272727272727273,0.09838982469864277,0.2155734436455532,0.04006165387909277,0.6235860844608396,0.5209977391350549,0.6873779296875,32.54852754820604,0.5595296062529087,0.0009765625,0.212158203125,0.2979066871921532,0.29381478362483904,0.3000301212305203,0.29830610752105713,0.29491832852363586,0.30000001192092896,5.0
515,2,2109440,82.14817101718492,409.92052653358525,9.992180764005752,22.980656537984032,5,2,0,3,0.4,0.0,0.6,0.12493499608899583,0.21622921710877563,0.03882411190716084,0.6300300164148211,0.7065377005346818,0.74658203125,35.8922932757996,0.4930533464066684,0.00244140625,0.087158203125,0.2985445004887879,0.2955830292776227,0.30003965931246057,0.29887235164642334,0.2966170012950897,0.30000001192092896,5.0
516,2,2113536,82.20142917278415,401.4960127250219,10.201844775991049,22.988604209996993,9,2,0,7,0.2222222222222222,0.0,0.7777777777777778,0.08897123967835796,0.24047193166188663,0.04211174219744862,0.6329350813757628,0.6244533857534407,0.70556640625,34.91023236885667,0.48899900121614337,0.00146484375,0.197998046875,0.298821997421328,0.29650390101596713,0.30002530850470066,0.2989950180053711,0.2969849705696106,0.30000001192092896,5.0
517,2,2117632,82.25435909107031,396.22003804718014,10.337690188986016,22.913024256005883,12,0,0,12,0.0,0.0,1.0,0.1363914250596281,0.13108982479388942,0.04408059420893551,0.6390200017485768,0.7989060126274126,0.76025390625,34.366239614319056,0.5369585193693638,0.000732421875,0.112548828125,0.29943766904762015,0.29826227319426835,0.30004560615634546,0.29988664388656616,0.299705445766449,0.30000001192092896,5.0
518,2,2121728,82.30661346675032,392.7456325847918,10.429142071021488,22.99025441100821,15,0,0,15,0.0,0.0,1.0,0.10094397648208542,0.23361799400299788,0.042112141660254565,0.6447209289763123,0.5826332183132763,0.71112060546875,38.90572965564206,0.552889995276928,0.00048828125,0.19873046875,0.30000131600536406,0.2999562013428658,0.3000320532009937,0.29998886585235596,0.2999664843082428,0.30000001192092896,5.0
519,2,2125824,82.35885382908457,391.8376077196357,10.453310042998055,22.928305395995267,17,2,0,15,0.11764705882352941,0.0,0.8823529411764706,0.08693033627150726,0.4283252689783694,0.0413198051173822,0.6444698800332844,0.5512744345833198,0.6771240234375,38.871250979369506,0.5578346969559789,0.0009765625,0.35302734375,0.2999681388027966,0.29988415114348754,0.30002092983340845,0.29983603954315186,0.2995219826698303,0.30000001192092896,5.0
520,2,2129920,82.4113432937598,397.60542825861546,10.301670221000677,22.959106950002024,11,3,0,8,0.2727272727272727,0.0,0.7272727272727273,0.07805434112378862,0.3756147925450932,0.030631269117293414,0.641691310564056,0.49009309810207924,0.66668701171875,32.783009975915775,0.5423950674012303,0.001220703125,0.5234375,0.2996861527208239,0.29931468528229743,0.2999800309771672,0.2998027205467224,0.29967188835144043,0.30000001192092896,5.0
521,2,2134016,82.4641832386233,404.0002552398026,10.13860745599959,22.969134709011996,11,4,0,7,0.36363636363636365,0.0,0.6363636363636364,0.08032086300408992,0.5633715433505131,0.03357033337579196,0.6439310552086681,0.4464197031738877,0.669921875,33.13820284791291,0.4887252990156412,0.00146484375,0.50390625,0.29992279573343694,0.29974405362736434,0.3000343977473676,0.29994601011276245,0.29983800649642944,0.30000001192092896,5.0
522,2,2138112,82.51636067338706,398.59618087949656,10.276064339006552,22.99788429698674,14,6,0,8,0.42857142857142855,0.0,0.5714285714285714,0.09473153791441291,0.669744111088221,0.047098663069846225,0.6421273385640234,0.5482357772489195,0.68572998046875,36.31757731549442,0.5133548364974558,0.002197265625,0.4765625,0.2997295933892019,0.29926425317535177,0.3000086817191914,0.2989513576030731,0.29750964045524597,0.2998291254043579,5.0
523,2,2142208,82.56839758778771,398.5217823787517,10.27798273798544,22.998545840004226,12,4,0,8,0.3333333333333333,0.0,0.6666666666666666,0.06817683178087464,0.5228714948752895,0.03938463830672845,0.6382104067597538,0.48206320909957867,0.67071533203125,31.129107521963306,0.5381043269298971,0.001953125,0.50537109375,0.29934767627855763,0.2981651565642096,0.30002770939609036,0.2998119592666626,0.2994357943534851,0.30000001192092896,5.0
524,2,2146304,82.6211231378003,407.21815239922864,10.058490702998824,22.959492828988004,8,2,0,6,0.25,0.0,0.75,0.06958632474379556,0.3154682859167224,0.02706419969581475,0.6370684246066958,0.44304691705474397,0.6507568359375,28.9947775300825,0.5139232268556952,0.000732421875,0.47021484375,0.29922936408547685,0.2981002380256541,0.3000198510126211,0.29876983165740967,0.29650071263313293,0.30000001192092896,5.0
525,2,2150400,82.6717091697838,383.87846984603334,10.6700435730163,22.978882109979168,18,5,0,13,0.2777777777777778,0.0,0.7222222222222222,0.09647246977510804,0.5288311321564834,0.03264236440554669,0.6340791946277022,0.43129107149434276,0.64483642578125,36.3683076845482,0.5067888339981437,0.001953125,0.454833984375,0.29893512738635764,0.2968543762108311,0.30002585030160844,0.2986264228820801,0.29587918519973755,0.30000001192092896,5.0
526,2,2154496,82.72326661028593,397.315908441523,10.309176936978474,22.99290769797517,12,5,0,7,0.4166666666666667,0.0,0.5833333333333334,0.06601570647580957,0.5648988077009562,0.035199359324906254,0.6269914538133889,0.4461266133293975,0.6632080078125,25.097799598937854,0.5202492484822869,0.001953125,0.409423828125,0.2982378178858198,0.29478287807432935,0.3000294132507406,0.2976667284965515,0.29315054416656494,0.30000001192092896,5.0
527,2,2158592,82.77398388793732,387.36861625782427,10.573907715006499,22.95125267500407,15,9,0,6,0.6,0.0,0.4,0.07739231617779296,1.2994115545006935,0.03428087179236172,0.6274974851403385,0.4457259583832638,0.65374755859375,28.82518912293017,0.5287945922464132,0.00244140625,0.51806640625,0.29828753747278824,0.29489563580136746,0.3000203141127713,0.2986392378807068,0.2959747314453125,0.30000001192092896,5.0
528,2,2162688,82.82435335657416,385.9498102159425,10.612778893992072,22.98110622999957,13,4,0,9,0.3076923076923077,0.0,0.6923076923076923,0.10650862996772048,0.3946811336572864,0.03799938832526095,0.628897895803675,0.48228270218533,0.67864990234375,37.329327697865665,0.5227279127575457,0.00146484375,0.544921875,0.298425147018861,0.2952681264723651,0.30003090569516644,0.29761767387390137,0.2929674983024597,0.30000001192092896,5.0
529,2,2166784,82.87607592667882,403.8506580109882,10.142363070975989,22.98384366001119,7,1,0,6,0.14285714285714285,0.0,0.8571428571428571,0.14661109457847488,0.2057891177610145,0.03820064781757537,0.6236219494603574,0.6541423282615142,0.730224609375,45.97280634054914,0.5153034557588398,0.001220703125,0.16650390625,0.2979112539906055,0.29371056257514283,0.3000337657285854,0.29796338081359863,0.293890118598938,0.30000001192092896,5.0
530,2,2170880,82.92693423938354,395.4602947395082,10.357550566986902,23.00013547501294,10,0,0,10,0.0,0.0,1.0,0.15060142718175484,0.12989854832994752,0.03030234957986977,0.6204432731028646,0.6708981249248609,0.75616455078125,34.28497205278836,0.4830480059608817,0.001953125,0.03125,0.29760865797288716,0.2927514775074087,0.3000458276947029,0.2974826991558075,0.2924480140209198,0.30000001192092896,5.0
531,2,2174976,82.97712808786461,387.3749605954141,10.573734537989367,22.952140837005572,15,3,0,12,0.2,0.0,0.8,0.07108632766357914,0.43710098391602514,0.03670738222899672,0.6258458183147013,0.4676040715785348,0.70635986328125,30.28387276106514,0.4988434910774231,0.001708984375,0.18359375,0.2981349434121512,0.2943872230243869,0.30003755894722417,0.298969566822052,0.2969086468219757,0.30000001192092896,5.0
532,2,2179072,83.02821505866963,401.5046710242914,10.201624776993413,23.001880415016785,13,4,0,9,0.3076923076923077,0.0,0.6923076923076923,0.09267939497658517,0.37267083410552004,0.04574094869713008,0.6352476915344596,0.5509131868020631,0.6875,37.71365545759909,0.5257815937511623,0.001953125,0.3466796875,0.2990516517893411,0.2971701942733489,0.30002502747811377,0.2991226315498352,0.2975386679172516,0.30000001192092896,5.0
533,2,2183168,83.07857368561315,393.64762330674176,10.40524509100942,22.988061555981403,12,2,0,10,0.16666666666666666,0.0,0.8333333333333334,0.09226229885098292,0.2743149564776104,0.03833733935607597,0.638775342842564,0.6032838089158759,0.72625732421875,35.41564519656822,0.5488029196858406,0.001220703125,0.147705078125,0.2994071010616608,0.2981814874801785,0.3000330768409185,0.2993665933609009,0.2980997860431671,0.30000001192092896,5.0
534,2,2187264,83.1289382131206,394.64684368198454,10.378899681003531,22.971757544000866,12,1,0,12,0.08333333333333333,0.0,1.0,0.08578222465621366,0.33134994936699513,0.04213976804203412,0.6428327842149884,0.5028415997367119,0.69036865234375,34.20436746021733,0.5447007529437542,0.001953125,0.283935546875,0.29981150082312524,0.29940131719922647,0.3000330387731083,0.30000001192092896,0.30000001192092896,0.30000001192092896,5.0
535,2,2191360,83.1801465503001,407.1067056770514,10.061244245996932,22.982110408018343,6,1,0,5,0.16666666666666666,0.0,0.8333333333333334,0.07941499785829365,0.524281965350383,0.027774484274232236,0.6432494656182826,0.4637681729327596,0.67510986328125,32.783236799994484,0.5278852661140263,0.001220703125,0.3837890625,0.29984533588867635,0.2995771736605093,0.300024448428303,0.29982051253318787,0.29968681931495667,0.30000001192092896,5.0
536,2,2195456,83.22970738111341,388.252026537321,10.549848346010549,22.974656985985348,15,4,0,12,0.26666666666666666,0.0,0.8,0.07065406081528636,0.41926588365458883,0.028412252593625453,0.644261070061475,0.46671119265738525,0.6622314453125,29.29481565277092,0.4816581569612026,0.002685546875,0.44580078125,0.29995268111815676,0.29983783967327327,0.300029426231049,0.30000001192092896,0.30000001192092896,0.30000001192092896,5.0
537,2,2199552,83.27960945565285,393.03864152095696,10.421367181988899,22.954868589993566,16,5,0,11,0.3125,0.0,0.6875,0.08412479191702005,0.6143992468132637,0.040833370558175375,0.644117922289297,0.46351442545710597,0.653076171875,31.88693224499002,0.5435924106277525,0.00146484375,0.435791015625,0.29993772390298545,0.2997791027883068,0.30002906429581344,0.30000001192092896,0.30000001192092896,0.30000001192092896,5.0
538,2,2203648,83.32948474226335,394.75760504957856,10.375987562001683,22.9691397449933,15,6,0,9,0.4,0.0,0.6,0.07750246014256845,0.8461086216557305,0.05155117637332296,0.6386520208325237,0.45976260739553254,0.6724853515625,34.327129466691986,0.5455946465954185,0.001708984375,0.5234375,0.2993874522508122,0.2981771826162003,0.30002464848803356,0.298605740070343,0.29581719636917114,0.30000001192092896,5.0
539,2,2207744,83.37926947424259,396.1611068743387,10.3392279780237,22.994782341993414,12,4,1,7,0.3333333333333333,0.08333333333333333,0.5833333333333334,0.07838375935443764,0.9087849081333843,0.037714689193308004,0.629906069021672,0.5645475740820984,0.703857421875,34.00404342554975,0.5698718950152397,0.00146484375,0.4697265625,0.298521556367632,0.2956227885442786,0.30002617242280394,0.29807838797569275,0.29439038038253784,0.2999575138092041,5.0
540,2,2211840,83.42886652607041,393.76684507658433,10.40209466899978,22.951880398002686,13,4,0,9,0.3076923076923077,0.0,0.6923076923076923,0.07972832660561835,0.6979259053696296,0.02593405736479326,0.6267798759508878,0.48650936281774193,0.66558837890625,30.08820448804181,0.5231326417997479,0.001220703125,0.48681640625,0.29821781226200983,0.2946963126305491,0.3000188702135347,0.2986559271812439,0.2959677577018738,0.30000001192092896,5.0
541,2,2215936,83.47878338609036,401.3397439060777,10.205817047011806,23.004723616002593,9,6,0,3,0.6666666666666666,0.0,0.3333333333333333,0.07077434732127585,0.7516187290893868,0.038757607673687744,0.6369173931889236,0.4339043227082584,0.65948486328125,30.45797310397029,0.5033159591257572,0.001708984375,0.517822265625,0.29921395902056247,0.2981509859091602,0.29997264564735815,0.29970264434814453,0.2992478907108307,0.30000001192092896,5.0
542,2,2220032,83.52734002806493,384.4892985098283,10.65309233800508,22.952209868992213,17,6,0,11,0.35294117647058826,0.0,0.6470588235294118,0.0621583018464662,0.6415542007525801,0.0494585297692538,0.6440038648433983,0.4805297087877989,0.66375732421875,31.72119663655758,0.5472054337151349,0.002197265625,0.482421875,0.29992126702563837,0.2997957061743364,0.3000180800445378,0.29981040954589844,0.29954084753990173,0.30000001192092896,5.0
543,2,2224128,83.57664892729204,394.8292519950344,10.374104702990735,22.95293425899581,14,6,1,7,0.42857142857142855,0.07142857142857142,0.5,0.08063538137503201,0.8913587165807257,0.047156884294963675,0.6358254717197269,0.5436809220555006,0.6968994140625,30.181166144786403,0.5859534377232194,0.001953125,0.460205078125,0.2991082551307045,0.2973324896884151,0.30002928694011644,0.2988004684448242,0.29640132188796997,0.30000001192092896,5.0
544,2,2228224,83.62532147286589,388.9130488409717,10.531917126994813,22.958463930001017,12,3,0,9,0.25,0.0,0.75,0.087916669284823,0.44197589963732753,0.04667220985356835,0.6358526481781155,0.5215960699570132,0.6837158203125,38.5578942745924,0.563950540497899,0.00146484375,0.348876953125,0.29911254346370697,0.2973692666273564,0.3000184819684364,0.2995837330818176,0.29875117540359497,0.30000001192092896,5.0
545,2,2232320,83.67423840063874,393.4373463406132,10.410806289990433,22.962784170988016,11,3,0,8,0.2727272727272727,0.0,0.7272727272727273,0.0862929923896445,0.3720413358969381,0.038683519705955405,0.6429758097510785,0.5198025535646593,0.67486572265625,32.39868953637779,0.551393823698163,0.001708984375,0.50732421875,0.2998241215245798,0.29946886689867824,0.30003004375612363,0.2999110221862793,0.29975104331970215,0.30000001192092896,5.0
546,2,2236416,83.72372308747029,401.8152541684675,10.193739430018468,22.959771447989624,11,3,1,7,0.2727272727272727,0.09090909090909091,0.6363636363636364,0.09306234628547827,0.6912035428540548,0.030319100864289794,0.64113067695871,0.5706063887337223,0.6943359375,32.210017991717905,0.5376966595649719,0.000732421875,0.532470703125,0.29963661497458816,0.2992427003919147,0.30003627680707723,0.29941439628601074,0.2984490692615509,0.30000001192092896,5.0
547,2,2240512,83.77311036944944,404.15705674892274,10.134673963009845,23.010878562025027,8,2,0,6,0.25,0.0,0.75,0.0923256505138852,0.43801763879309874,0.040734663385592285,0.6392240873537958,0.4793643614939356,0.66571044921875,37.38484299881384,0.5088223996572196,0.00146484375,0.490234375,0.29944323108065873,0.2985027643153444,0.3000098103657365,0.2995321750640869,0.29884594678878784,0.30000001192092896,5.0
548,2,2244608,83.82072688006785,383.89644440114563,10.669543987023644,23.002700966986595,19,5,0,14,0.2631578947368421,0.0,0.7368421052631579,0.09007014176313533,0.4375889306465979,0.041493845705190324,0.6440118125174195,0.554798981273052,0.6875,37.20318551664241,0.5851522451266646,0.001953125,0.3896484375,0.2999252734007314,0.29981574160046875,0.3000167849822901,0.2999403476715088,0.2998209595680237,0.30000001192092896,5.0
549,2,2248704,83.86876063954212,390.1485943345799,10.498564032983268,23.00189880601829,17,7,0,10,0.4117647058823529,0.0,0.5882352941176471,0.08999390569078969,1.0960852964344667,0.0355435477449646,0.6391189766582102,0.5061016972395009,0.70233154296875,36.87596112047322,0.5436555678024888,0.00244140625,0.3544921875,0.2994325623149052,0.29837281041545793,0.300004692398943,0.2994091808795929,0.2984444499015808,0.30000001192092896,5.0
550,2,2252800,83.91729111532956,396.94634945308275,10.318774831015617,22.98463908600388,10,3,0,7,0.3,0.0,0.7,0.08020994793514546,0.5725942255085101,0.028594791367140715,0.6337656897958368,0.4788425263177487,0.6876220703125,33.46284248435404,0.5273212688043714,0.001220703125,0.415771484375,0.2989043602719903,0.29672256793128327,0.3000301289721392,0.29796385765075684,0.293914258480072,0.30000001192092896,5.0
551,2,2256896,83.96615854821613,402.684917298544,10.171724402986001,22.984465569024906,9,2,0,7,0.2222222222222222,0.0,0.7777777777777778,0.09546276294713607,0.3477337214280851,0.03868007295022835,0.6228430881164968,0.4497062968657701,0.6790771484375,35.4218669757247,0.4908597134053707,0.001220703125,0.427001953125,0.2978315778891556,0.2934936573728919,0.3000320394639857,0.2978475093841553,0.29354244470596313,0.30000001192092896,5.0
552,2,2260992,84.01433815789464,395.5614998629825,10.354900568985613,22.98329778498737,11,3,0,8,0.2727272727272727,0.0,0.7272727272727273,0.08374316178742447,0.3927419776591705,0.028116277911976795,0.6285425627138466,0.41596752708937856,0.64935302734375,30.793307064799592,0.5065285726450384,0.001220703125,0.492919921875,0.298392211610917,0.29517501970985904,0.3000278268591501,0.29865992069244385,0.2960047125816345,0.30000001192092896,5.0
553,2,2265088,84.06312920805742,403.9146178815793,10.140757028013468,22.96384870397742,8,1,0,7,0.125,0.0,0.875,0.10298687025078834,0.2884041987126693,0.0397536680502526,0.6329192875418812,0.6154419994709315,0.71856689453125,36.77228365279734,0.48973741848021746,0.0009765625,0.304443359375,0.2988241179846227,0.296445619140286,0.3000324408058077,0.29877030849456787,0.2963109314441681,0.30000001192092896,5.0
554,2,2269184,84.11131467240709,397.2487247342078,10.310920451011043,22.94946418699692,13,1,0,12,0.07692307692307693,0.0,0.9230769230769231,0.14863972483726684,0.17694625234071282,0.04899953445965366,0.6346585450228304,0.72930112593167,0.7537841796875,42.03832683048677,0.5284128757193685,0.001708984375,0.09375,0.29899882478639483,0.2969691153266467,0.30003572831628844,0.29902589321136475,0.2971165180206299,0.30000001192092896,5.0
555,2,2273280,84.15886521679288,391.2707665076673,10.468453947018133,22.957415304990718,17,3,0,14,0.17647058823529413,0.0,0.8235294117647058,0.09035079491513898,0.43167116078257095,0.04054778560021077,0.635791870765388,0.5530582920036977,0.704345703125,38.27269623638131,0.5611728131771088,0.001220703125,0.267822265625,0.2991045308881439,0.2973544913693331,0.3000219729728997,0.2991938591003418,0.2977001368999481,0.30000001192092896,5.0
556,2,2277376,84.20659688232845,395.1336251841023,10.366113483993104,22.963988309988054,12,4,0,8,0.3333333333333333,0.0,0.6666666666666666,0.06675392045690387,0.6260500458447495,0.04056583194687846,0.6332362066023052,0.44039264339517104,0.6705322265625,29.087339621502906,0.5225710403174162,0.001953125,0.425048828125,0.29884983896045014,0.2966243520495482,0.30002046044683084,0.2983018755912781,0.2949056029319763,0.30000001192092896,5.0
557,2,2281472,84.25493387009105,403.94510967789586,10.139991552976426,22.9573634910048,10,2,0,8,0.2,0.0,0.8,0.08740708324330626,0.38214866393536795,0.03873089789522055,0.6290062181651592,0.44280116783920676,0.663330078125,33.388900766381994,0.5410709357820451,0.0009765625,0.466064453125,0.2984345545992255,0.2954694396466948,0.3000274808728136,0.298653781414032,0.29611966013908386,0.30000001192092896,5.0
558,2,2285568,84.30179738588532,387.20331613048995,10.578421799000353,22.954937581991544,16,6,0,10,0.375,0.0,0.625,0.09469620222262165,0.6285129583993694,0.04915125053412339,0.6387307280674577,0.48301548809104133,0.6763916015625,35.224321328569204,0.5557343102991581,0.002197265625,0.498291015625,0.29939870815724134,0.2982213224750012,0.30001883720979095,0.2997922897338867,0.29937684535980225,0.30000001192092896,5.0
559,2,2289664,84.34936800960523,398.59067876436546,10.276206189009827,22.99254950901377,11,4,0,7,0.36363636363636365,0.0,0.6363636363636364,0.08887521684664534,0.7333873309980845,0.040585604609077564,0.6441207728348672,0.4673337068343244,0.6993408203125,34.38712799199857,0.5669008190743625,0.0009765625,0.4267578125,0.29993747861590236,0.2998014900367707,0.3000278199906461,0.2999340295791626,0.2998020052909851,0.30000001192092896,5.0
560,2,2293760,84.39677415535371,398.30673819262245,10.283531779015902,23.000471154024126,9,2,0,7,0.2222222222222222,0.0,0.7777777777777778,0.11566299785772571,0.3530848979135044,0.04350897967196943,0.6442381569650024,0.5987971905487939,0.72821044921875,36.38489444833249,0.5208499818108976,0.001220703125,0.247802734375,0.2999519139993936,0.29982024076161906,0.3000360601581633,0.2999991774559021,0.299997478723526,0.30000001192092896,5.0
561,2,2297856,84.4437899021717,394.0469786762245,10.394699672004208,22.97635132301366,14,1,0,13,0.07142857142857142,0.0,0.9285714285714286,0.1141449139413453,0.22847064226152725,0.037411658609926235,0.6438236820977181,0.5197162921249401,0.68731689453125,40.71092841291102,0.5264445277862251,0.001220703125,0.283935546875,0.29990765469847247,0.2997196433134377,0.3000314953387715,0.29963576793670654,0.29890725016593933,0.30000001192092896,5.0
562,2,2301952,84.49009060296457,386.6488716212683,10.59359098301502,22.972108652000315,13,4,0,9,0.3076923076923077,0.0,0.6923076923076923,0.08747969043724879,0.6889115699887043,0.04321067636010412,0.6400589861441404,0.5267649202651228,0.6982421875,30.97679034876637,0.5490337433293462,0.001220703125,0.3798828125,0.29952863248763606,0.2986027644947171,0.3000232204212807,0.2992810606956482,0.2981396019458771,0.30000001192092896,5.0
563,2,2306048,84.5374023516696,401.4540283450206,10.20291169299162,22.999912200990366,10,2,0,8,0.2,0.0,0.8,0.08769433532688709,0.44497620296897367,0.038595097275901935,0.6410037458408624,0.4784675204209634,0.675048828125,33.07052154978737,0.5299301058985293,0.001220703125,0.460205078125,0.2996255948673934,0.2988924828241579,0.300026080920361,0.2999906539916992,0.29997187852859497,0.30000001192092896,5.0
564,2,2310144,84.58340817727284,385.9603172255864,10.612489981984254,22.975230881012976,13,2,0,11,0.15384615384615385,0.0,0.8461538461538461,0.0817915942898253,0.5199022043379955,0.0377898992419432,0.6416584649123251,0.5114989993599011,0.66998291015625,35.48183393967338,0.5587429823353887,0.001220703125,0.50927734375,0.2996814563521184,0.299426052486524,0.29997619485948235,0.2996886968612671,0.2993432283401489,0.30000001192092896,5.0
565,2,2314240,84.62994023905017,391.9521127979131,10.450256207986968,22.9306923020049,13,2,1,10,0.15384615384615385,0.07692307692307693,0.7692307692307693,0.11095469333849906,0.41015180133399554,0.042557675389616634,0.6407560189254582,0.5401111811224837,0.67547607421875,35.29455817467533,0.5392463654279709,0.00048828125,0.499755859375,0.2995995845994912,0.2988671307102777,0.3000320780556649,0.2992047965526581,0.2978389263153076,0.30000001192092896,5.0
566,2,2318336,84.67704282321996,401.07981319811375,10.21243120500003,22.947680778976064,10,3,0,7,0.3,0.0,0.7,0.07664529244721052,0.5143087492324412,0.037409448606922524,0.639820217853412,0.4651116383756744,0.66357421875,31.961253094952554,0.5354557055979967,0.000732421875,0.4775390625,0.2995034501655027,0.2985421621706337,0.3000206989236176,0.29938724637031555,0.2981629967689514,0.30000001192092896,5.0
567,2,2322432,84.72352833333149,396.23758571131265,10.337232377001783,22.985512957995525,13,3,0,10,0.23076923076923078,0.0,0.7692307692307693,0.09448379785317229,0.5681444211659255,0.03229077680771297,0.6396107713226229,0.5216872018791037,0.68267822265625,33.31687642401084,0.5303481626324356,0.00146484375,0.54296875,0.2994870162801817,0.29843193339183927,0.3000288612674922,0.29959818720817566,0.29879453778266907,0.30000001192092896,5.0
568,2,2326528,84.7693982399257,390.6188142156817,10.485926051012939,22.999546550010564,15,3,0,12,0.2,0.0,0.8,0.096756607061252,0.5057393713650526,0.039004545973511995,0.6402213256806135,0.5137501636636443,0.6773681640625,36.11068260576576,0.5486547537147999,0.001708984375,0.48095703125,0.2995484209386632,0.29861867922591045,0.3000318683334626,0.2996455430984497,0.29893654584884644,0.30000001192092896,5.0
569,2,2330624,84.81587294287836,398.4644362785905,10.279461922007613,22.973840839986224,11,4,0,7,0.36363636363636365,0.0,0.6363636363636364,0.1260559542915871,0.579959540933487,0.0396618531558488,0.6404018586035818,0.45180558549327543,0.66680908203125,45.816691700951196,0.5074037462472916,0.00146484375,0.46923828125,0.29956186295021325,0.29868070577504113,0.30001675366656855,0.29947906732559204,0.2985016405582428,0.30000001192092896,5.0
570,2,2334720,84.86208242814396,397.18342817657486,10.312615556002129,22.989926779991947,13,4,0,9,0.3076923076923077,0.0,0.6923076923076923,0.0786652680089901,0.7113737919135019,0.03562247359332105,0.6422620129305869,0.4698412707693933,0.70556640625,37.49786741286516,0.5241483361460268,0.001953125,0.387939453125,0.29974529379978776,0.2992918162490241,0.3000032304553315,0.29939723014831543,0.29819169640541077,0.30000001192092896,5.0
571,2,2338816,84.90809451294305,395.1791149250537,10.36492022301536,22.96499228599714,12,2,0,10,0.16666666666666666,0.0,0.8333333333333334,0.08559171060187509,0.5146417187352199,0.03836719418177381,0.6431532111018896,0.4509482755602221,0.67437744140625,36.7240587065462,0.5425379779189825,0.001220703125,0.419921875,0.29983788647223264,0.2995039533707313,0.30002040724502876,0.2999960780143738,0.2999882102012634,0.30000001192092896,5.0
572,2,2342912,84.95394658814864,395.0442609842946,10.368458434997592,22.97812842699932,10,4,0,6,0.4,0.0,0.6,0.09142352708659018,0.5008307501702802,0.02657499796623597,0.6431311045307666,0.4361773072887445,0.66729736328125,30.70565021596849,0.5182391065172851,0.00146484375,0.4716796875,0.2998360692872666,0.2995060886023566,0.30002873839112,0.2996271252632141,0.2988813519477844,0.30000001192092896,5.0
573,2,2347008,85.00024397796122,402.2798359970977,10.181966962991282,22.98382750301971,9,0,0,9,0.0,0.0,1.0,0.08079205101057596,0.31924572099524084,0.03518596853064082,0.6411601200234145,0.4269173771208443,0.64263916015625,34.15585094993003,0.48501203395426273,0.00048828125,0.553955078125,0.2996375828515738,0.29897472949232906,0.3000251689227298,0.299427330493927,0.2982819080352783,0.30000001192092896,5.0
574,2,2351104,85.04532421557866,387.40339992024064,10.572958319011377,22.9522228630085,16,3,0,13,0.1875,0.0,0.8125,0.09941460364643717,0.6742469046876067,0.04585599564597942,0.6351136260200292,0.4883292399899801,0.66802978515625,33.19671314465813,0.5159846292808652,0.00146484375,0.52734375,0.29903369658859447,0.29719777271384373,0.2999982639448717,0.2984529733657837,0.295832097530365,0.29982832074165344,5.0
575,2,2355200,85.09116139461432,399.77802321323253,10.245685761008644,22.997943060006946,11,0,1,10,0.0,0.09090909090909091,0.9090909090909091,0.16490783668359654,0.3262600098241819,0.049114295121398754,0.6366097657009959,1.168020575772971,0.82318115234375,26.549988377839327,0.5812865123152733,0.001708984375,0.1455078125,0.2992028679000214,0.2976013640873134,0.3000557426130399,0.299799382686615,0.2993980944156647,0.30000001192092896,5.0
576,2,2359296,85.13649496594357,393.963705835178,10.396896819001995,22.975017485994613,14,2,1,11,0.14285714285714285,0.07142857142857142,0.7857142857142857,0.09327731383655191,0.41449786860175664,0.049359816179276095,0.6433955642860383,0.5393724102614215,0.70880126953125,35.46387710981071,0.5366618190892041,0.00146484375,0.15625,0.2998592921649106,0.29966547357616946,0.3000226921867579,0.2998214662075043,0.2996515929698944,0.30000001192092896,5.0
577,2,2363392,85.1816646629744,393.4552696184062,10.410332040977664,22.9793925290287,12,2,0,10,0.16666666666666666,0.0,0.8333333333333334,0.09585090623841097,0.35096588716987753,0.03277401300147176,0.6385966395027936,0.5449938325691619,0.6949462890625,34.98732861597091,0.5805347571149468,0.0009765625,0.3310546875,0.29938383400440216,0.29816710914019495,0.3000301054562442,0.29873156547546387,0.2961947023868561,0.30000001192092896,5.0
578,2,2367488,85.22722768408032,399.41096789487807,10.255101460003061,22.97104184498312,10,2,0,8,0.2,0.0,0.8,0.09322805151896318,0.35156637415639125,0.04833079256604833,0.6273033220786601,0.5130014763053623,0.69354248046875,37.02937957178801,0.5374842341989279,0.00048828125,0.499267578125,0.29826774017419666,0.29481891746399924,0.30002753058215603,0.29806646704673767,0.2942027747631073,0.30000001192092896,5.0
579,2,2371584,85.27166805651578,386.5414785975617,10.596534206008073,22.959993625991046,13,3,0,10,0.23076923076923078,0.0,0.7692307692307693,0.09454584468221583,0.4670192573321401,0.04532147145800991,0.6333793648518622,0.6372991605021525,0.71112060546875,35.62350748083554,0.5398626890964806,0.0009765625,0.424072265625,0.29887739766854793,0.29662208136869594,0.3000300521380268,0.2998533844947815,0.2995601296424866,0.30000001192092896,5.0
580,2,2375680,85.31603532687633,388.42092900151727,10.545260809012689,23.000399912009016,14,4,0,10,0.2857142857142857,0.0,0.7142857142857143,0.13907956048751657,0.6346599070820957,0.033470400845544646,0.6442672263365239,0.849168788510724,0.76837158203125,33.7307061473839,0.5911679686978459,0.001953125,0.39453125,0.2999491836526431,0.2998435320914723,0.30002791387960315,0.2996552884578705,0.29896584153175354,0.30000001192092896,5.0
581,2,2379776,85.36176432301951,405.87586839479076,10.091755433008075,22.97332717300742,9,1,0,8,0.1111111111111111,0.0,0.8888888888888888,0.11866576913234894,0.253926194171072,0.040582556666777236,0.6430596031714231,0.5528367267179419,0.707275390625,32.81622253987007,0.5166702591814101,0.001220703125,0.244140625,0.2998400363721885,0.2994663870194927,0.3000463383505121,0.2997414469718933,0.29922428727149963,0.30000001192092896,5.0
582,2,2383872,85.40645258741706,394.40677482346274,10.385217144998023,22.985382459999528,15,4,0,11,0.26666666666666666,0.0,0.7333333333333333,0.08961125723544683,0.6196160666659125,0.05065503102741786,0.6424690019339323,0.5075624928358593,0.67095947265625,33.16810962976888,0.5320596010424197,0.001953125,0.2666015625,0.29976711136987433,0.29928849439602345,0.30001990433083847,0.2995242774486542,0.29869958758354187,0.30000001192092896,5.0
583,2,2387968,85.45111817176857,395.19224059340286,10.364575969026191,22.978808501997264,14,4,0,10,0.2857142857142857,0.0,0.7142857142857143,0.08874621460381604,0.2773047411974403,0.04586509355249291,0.6428500812035054,0.6562441099667922,0.7197265625,35.734323099954054,0.568126242607832,0.00146484375,0.354736328125,0.2998083731508814,0.2994089923449792,0.3000259736436419,0.2997744083404541,0.299426406621933,0.30000001192092896,5.0
584,2,2392064,85.4958175223727,396.9150371788079,10.319588869984727,22.977819782012375,13,7,0,6,0.5384615384615384,0.0,0.46153846153846156,0.09489646601832646,0.7275560224516084,0.04279224930178316,0.6441807942464948,0.6074302196648205,0.7381591796875,36.19799489644356,0.566330368630588,0.001953125,0.354736328125,0.2999423948931508,0.2998204021132551,0.30002797569613904,0.2998330593109131,0.2994990944862366,0.30000001192092896,5.0
585,2,2396160,85.54012474808077,393.23642885230595,10.416125515010208,22.974798076000297,14,7,0,7,0.5,0.0,0.5,0.10102453418585355,0.7476733143412275,0.0461336560692871,0.6438609738834202,0.5976413326861802,0.7015380859375,36.899711212841794,0.5726809082552791,0.001953125,0.400634765625,0.29990935238311067,0.2997152807074599,0.30002932739444077,0.29993051290512085,0.2998400330543518,0.30000001192092896,5.0
586,2,2400256,85.58360587609697,384.705820032711,10.64709652599413,22.97979339401354,16,4,0,12,0.25,0.0,0.75,0.08028098044451326,0.5334497652511345,0.044463491220085416,0.6402291890699416,0.564879688237852,0.69708251953125,33.131084572291,0.5972266048192978,0.00146484375,0.381103515625,0.299542956170626,0.2988008933025412,0.30002059310209006,0.298919677734375,0.29735639691352844,0.30000001192092896,5.0
587,2,2404352,85.62770540095521,394.9979681872946,10.369673592998879,23.020164681976894,9,5,0,4,0.5555555555555556,0.0,0.4444444444444444,0.08211028128698672,0.5507414693347528,0.04557007558287296,0.636004560161382,0.5576907206777832,0.69189453125,37.43002474401146,0.5715451501309872,0.001220703125,0.423828125,0.2991208099992946,0.2978774046059698,0.30000249663135037,0.2993290424346924,0.29798704385757446,0.30000001192092896,5.0
588,2,2408448,85.67195752536202,397.4109421105985,10.30671168299159,22.99874778499361,12,1,0,11,0.08333333333333333,0.0,0.9166666666666666,0.08894857763880282,0.3695285990688717,0.03957284988609899,0.6427010886836797,0.6782455128559377,0.72088623046875,35.2827368658036,0.5938997520133853,0.000732421875,0.431640625,0.2997995223850012,0.29935906711034477,0.3000348845962435,0.30000001192092896,0.30000001192092896,0.30000001192092896,5.0
589,2,2412544,85.71528945954202,386.9588202903846,10.585105662990827,22.98824372899253,13,6,0,7,0.46153846153846156,0.0,0.5384615384615384,0.07832732146925991,0.7127885682493798,0.04329514712662785,0.6439928761683404,0.6498512446996756,0.72113037109375,36.67544892511796,0.5693182116374373,0.001953125,0.399169921875,0.2999205908854492,0.29975772358011454,0.30002499418333173,0.2997205853462219,0.2991616725921631,0.30000001192092896,5.0
590,2,2416640,85.7591209320453,393.05416659383815,10.420955553010572,22.95419783599209,13,3,0,10,0.23076923076923078,0.0,0.7692307692307693,0.07655351910943864,0.5090020462230314,0.027377329899536562,0.6429993649944663,0.5443468644698441,0.69512939453125,32.01914550247602,0.5519661088474095,0.00146484375,0.446044921875,0.29982405027840286,0.2995131676434539,0.3000281468266621,0.2999657690525055,0.2998972535133362,0.30000001192092896,5.0
591,2,2420736,85.80278662070789,391.98836134227463,10.449289835989475,22.945386686973507,12,3,0,9,0.25,0.0,0.75,0.1018727048758592,0.502903610933572,0.029710083405007026,0.64291040902026,0.570534608545131,0.70440673828125,39.44997700024396,0.5140762366354465,0.002197265625,0.2841796875,0.2998148868791759,0.29944531817454845,0.30002941976999864,0.299999475479126,0.29999837279319763,0.30000001192092896,5.0
592,2,2424832,85.84681447662678,397.852204276988,10.295280398015166,22.94753979399684,11,2,0,9,0.18181818181818182,0.0,0.8181818181818182,0.10317669938376639,0.4189290882641217,0.04012384702764393,0.6439327942207456,0.4575038356852019,0.6751708984375,36.972849849727936,0.5209448989480734,0.000732421875,0.505126953125,0.2999228732660413,0.2997280963463709,0.30003783671418205,0.29999926686286926,0.2999977469444275,0.30000001192092896,5.0
593,2,2428928,85.89121792796081,404.01910089688806,10.138134535984136,22.946847131999675,10,3,0,7,0.3,0.0,0.7,0.08478523486883205,0.4189086840779055,0.02413479914321215,0.642710973508656,0.4979721782365232,0.6705322265625,29.329368335776962,0.49741387320682406,0.0009765625,0.534423828125,0.2997946754330769,0.2993857760448009,0.30002078448887914,0.29972195625305176,0.2994750440120697,0.30000001192092896,5.0
594,2,2433024,85.9347003464997,395.67890589408285,10.351828058017418,23.0020915500063,14,5,0,9,0.35714285714285715,0.0,0.6428571428571429,0.07254723610094516,0.5166912027198123,0.03704002159975062,0.6421154299750924,0.44257372765787295,0.6549072265625,34.78046071343124,0.5078716613352299,0.001708984375,0.4599609375,0.29972736712079495,0.2993354530772194,0.30000800488051027,0.2996489703655243,0.2993658781051636,0.30000001192092896,5.0
595,2,2437120,85.97848277081218,398.3112520126732,10.283415241981857,22.93792543897871,13,4,0,9,0.3076923076923077,0.0,0.6923076923076923,0.08543871938672964,0.38438939357729396,0.04290266770294693,0.6404915517196059,0.49398251812090166,0.66876220703125,35.97478962689638,0.5314762154594064,0.0009765625,0.43408203125,0.2995680764433928,0.2988365711644292,0.3000218645320274,0.29948851466178894,0.29847273230552673,0.30000001192092896,5.0
596,2,2441216,86.02183604830789,394.0876227386965,10.393627618992468,22.93568075398798,13,4,0,9,0.3076923076923077,0.0,0.6923076923076923,0.08479520590390166,0.5436049082491081,0.03950298757990822,0.639413071796298,0.483959680688713,0.6617431640625,35.13463162723929,0.536642246413976,0.001220703125,0.43701171875,0.2994591849274002,0.2987607705872506,0.2999995874706656,0.2995281219482422,0.2991982698440552,0.30000001192092896,5.0
597,2,2445312,86.06438865192938,388.02071038514765,10.55613757300307,23.00333802201203,15,3,0,12,0.2,0.0,0.8,0.09372355037885427,0.42896874055441003,0.04970138966018567,0.6423822613433003,0.6382516960948124,0.70989990234375,41.07774011231959,0.5662388326600194,0.001953125,0.380126953125,0.29976143513340503,0.29938447644235566,0.3000234958017245,0.29999807476997375,0.29999417066574097,0.30000001192092896,5.0
598,2,2449408,86.10795865564849,402.2606602454472,10.18245233700145,23.00830911201774,10,4,0,6,0.4,0.0,0.6,0.11688603474431147,0.4024596885719802,0.044986579991018516,0.6372830669861287,0.5149633419059683,0.68450927734375,42.17222326004412,0.5570282097905874,0.00146484375,0.357666015625,0.29925563000142574,0.29778565996093675,0.30002975481329486,0.2994224429130554,0.29826730489730835,0.30000001192092896,5.0
599,2,2453504,86.151379457472,399.71816691713997,10.24722001401824,22.95925710699521,11,4,0,7,0.36363636363636365,0.0,0.6363636363636364,0.08110753277833282,0.39739743169775466,0.040830993913914426,0.6409453963860869,0.5258487523678923,0.6832275390625,32.95641648955643,0.5584998000413179,0.001220703125,0.505126953125,0.2996184015646577,0.29900689428905025,0.30001757736317813,0.29991215467453003,0.2998087406158447,0.30000001192092896,5.0
600,2,2457600,86.19358337644978,387.3958673434721,10.573163901019143,23.001973623991944,14,2,0,12,0.14285714285714285,0.0,0.8571428571428571,0.08667056620652147,0.5741537648573285,0.041843350356430165,0.643792420392856,0.5678572846554744,0.6976318359375,31.685431824065745,0.5655089197680354,0.000732421875,0.474853515625,0.2999061392620206,0.2997048123506829,0.3000337517587468,0.2999431788921356,0.29982951283454895,0.30000001192092896,5.0
601,2,2461696,86.23636701576868,395.82591782235824,10.347983332001604,23.00156070900266,13,5,0,8,0.38461538461538464,0.0,0.6153846153846154,0.10986640709961648,0.4159528910240624,0.03845203045239032,0.6432940177619457,0.5775208385457518,0.70831298828125,30.953298798878677,0.5345864151604474,0.001708984375,0.329833984375,0.299857578065712,0.29958192398771644,0.30004381481558084,0.2997392416000366,0.2994883358478546,0.30000001192092896,5.0
602,2,2465792,86.2792291660111,398.0524680472727,10.29010075001861,23.001296583999647,10,1,1,8,0.1,0.1,0.8,0.10878775263154239,0.34586087990464875,0.0451811462871774,0.6434626681730151,0.5270338806221844,0.69134521484375,42.92788022116292,0.5605253567919135,0.000732421875,0.243896484375,0.29986888921121135,0.29961971839657053,0.3000225618015975,0.29978278279304504,0.2995668053627014,0.30000001192092896,5.0
603,2,2469888,86.32127533178591,387.03095226700475,10.583132889005356,22.946043558011297,12,0,0,12,0.0,0.0,1.0,0.12021621740677801,0.17037097301363247,0.03596987255696149,0.6424931541550905,0.5210402633674676,0.696533203125,40.02075966063421,0.5503407055512071,0.000732421875,0.261962890625,0.29977209318894893,0.2993685510009527,0.30002805177355185,0.29987776279449463,0.2996332049369812,0.30000001192092896,5.0
604,2,2473984,86.36494987968307,411.2126940256295,9.960781998001039,22.99532860700856,7,0,0,7,0.0,0.0,1.0,0.14616905157527071,0.29992069625586737,0.04936502037708124,0.6444678702391684,0.5185863853257615,0.6826171875,50.78926532622427,0.5341140385717154,0.00146484375,0.283447265625,0.29997056163847446,0.29988157225307077,0.3000244441209361,0.30000001192092896,0.30000001192092896,0.30000001192092896,5.0
605,2,2478080,86.4074729626437,400.1681417042794,10.23569738099468,23.069173044990748,14,2,0,12,0.14285714285714285,0.0,0.8571428571428571,0.08288060965605837,0.5524350385530852,0.04291179898609698,0.6441120759118348,0.48545339252450503,0.67724609375,36.47350998292677,0.5364932995289564,0.0009765625,0.420654296875,0.2999326547724195,0.2998253559344448,0.300006746489089,0.30000001192092896,0.30000001192092896,0.30000001192092896,5.0
606,2,2482176,86.45014511962844,398.5300551279912,10.277769386011641,22.945109611027874,11,2,0,9,0.18181818181818182,0.0,0.8181818181818182,0.06987348287293571,0.4016114881960675,0.029046557045148802,0.6424013436771929,0.43248670358298114,0.64605712890625,30.577961490722373,0.5413824440911412,0.001220703125,0.46923828125,0.2997601867537014,0.2993987927911803,0.3000162224052474,0.2999873757362366,0.2999621033668518,0.30000001192092896,5.0
607,2,2486272,86.49194459639753,389.1791388313864,10.524716232990613,22.95567822601879,14,1,0,13,0.07142857142857142,0.0,0.9285714285714286,0.0956308269942383,0.3464703281788388,0.028494847696492798,0.643013838911429,0.48328452557325363,0.67877197265625,32.94759239722043,0.5018691373988986,0.000732421875,0.56396484375,0.29982545180246234,0.29953009611926973,0.30003352102357894,0.299824059009552,0.2995573580265045,0.30000001192092896,5.0
608,2,2490368,86.53392894637787,394.0830158133269,10.393749123002635,22.992384056997253,13,2,0,11,0.15384615384615385,0.0,0.8461538461538461,0.07903553306459798,0.3257325483864406,0.029973838822115795,0.6410949095152318,0.43768805619038176,0.66876220703125,32.4628057689406,0.5352171841077507,0.0009765625,0.4765625,0.29963284998666495,0.29904777026968077,0.3000295010278933,0.2995748221874237,0.2988107204437256,0.2999959886074066,5.0
609,2,2494464,86.5753111582893,387.5732266149113,10.568325464002555,22.985917501006043,13,2,0,11,0.15384615384615385,0.0,0.8461538461538461,0.11895426161208889,0.3917254207772203,0.03543999021894706,0.6422640052624047,0.5985837862026528,0.7099609375,35.19138380023651,0.5477979118004441,0.000732421875,0.352294921875,0.2997596188215539,0.29921483213547617,0.30004404328064993,0.2995971143245697,0.2987912595272064,0.30000001192092896,5.0
610,2,2498560,86.61694518251147,396.0731202846164,10.341524810006376,23.09695755399298,12,4,0,8,0.3333333333333333,0.0,0.6666666666666666,0.08067042153561488,0.5142558986699441,0.030637855548775406,0.6433045594021678,0.42332192490357556,0.6678466796875,29.681391560472548,0.4939777934923768,0.001708984375,0.506103515625,0.2998517664964311,0.29954972804989666,0.3000191851751879,0.2999822795391083,0.29994675517082214,0.30000001192092896,5.0
611,2,2502656,86.65831586352166,394.6728031664657,10.378217012010282,23.114599210995948,13,5,0,8,0.38461538461538464,0.0,0.6153846153846154,0.07777175455885299,0.5845428332831943,0.03164652619852859,0.6430227612145245,0.3983176593974349,0.65350341796875,30.727323513943702,0.5297158872708678,0.001953125,0.476806640625,0.2998254814883694,0.29948731465265155,0.300028691184707,0.29970139265060425,0.29937124252319336,0.30000001192092896,5.0
612,2,2506752,86.69942642068106,395.300366399814,10.361740964988712,23.18708993101609,13,2,0,11,0.15384615384615385,0.0,0.8461538461538461,0.08681553020505817,0.3683891777327517,0.038226520526222885,0.6390265827067196,0.584280529525131,0.70843505859375,33.58836099086329,0.5294778724201024,0.001708984375,0.398681640625,0.29942866298370063,0.2982771865208633,0.30003160203341395,0.29917222261428833,0.2975166141986847,0.30000001192092896,5.0
613,2,2510848,86.74065723017911,395.9382544251709,10.345047376002185,23.131920311017893,13,4,0,9,0.3076923076923077,0.0,0.6923076923076923,0.08748979192023398,0.668887878426176,0.03291158463252941,0.6341644776985049,0.5421499027725076,0.68505859375,35.34536149981432,0.5541112329810858,0.0009765625,0.46240234375,0.29893976968014613,0.2969037068542093,0.300009744707495,0.2990710437297821,0.29721304774284363,0.30000001192092896,5.0
614,2,2514944,86.78149812356743,392.69772795652773,10.430414306989405,23.142743570992025,10,3,0,7,0.3,0.0,0.7,0.09573970171004476,0.4338798650423996,0.029935257003671722,0.6348564666695893,0.4592622317650239,0.66741943359375,37.077191145857796,0.5181087399832904,0.001953125,0.440673828125,0.2990080610034056,0.29746774409431964,0.29999647149816155,0.2988266348838806,0.2982342541217804,0.2996353209018707,5.0
615,2,2519040,86.82137502343171,382.4164952260913,10.710835047997534,23.155177256005118,15,6,0,9,0.4,0.0,0.6,0.08644450368592516,0.7037168288079556,0.04827134062179539,0.6336721363477409,0.566621772304643,0.6973876953125,31.560396062675864,0.51665242575109,0.002685546875,0.360107421875,0.29890024301130325,0.29677648830693215,0.30002895079087466,0.29857152700424194,0.29571452736854553,0.30000001192092896,5.0
616,2,2523136,86.86136994150036,386.405116521711,10.600273714982904,23.194909469020786,14,4,0,10,0.2857142857142857,0.0,0.7142857142857143,0.08530002964289451,0.3723481994384201,0.03800518158823252,0.6328947162255645,0.46986952776569524,0.67559814453125,32.5976343289949,0.5467178393155336,0.00146484375,0.3955078125,0.2988203616114333,0.2965540156583302,0.3000306970789097,0.2978763282299042,0.29362890124320984,0.30000001192092896,5.0
617,2,2527232,86.9019443280465,395.09650039274277,10.36708752400591,23.203146914980607,8,2,0,6,0.25,0.0,0.75,0.08200191687319602,0.39677572491928004,0.03806187677764683,0.6264809868298471,0.5001563706318848,0.67706298828125,32.286537603707984,0.5318664647638798,0.0009765625,0.5419921875,0.2981894126278348,0.29455377720296383,0.30002117389813066,0.29854270815849304,0.29568833112716675,0.30000001192092896,5.0
618,2,2531328,86.94331310429865,398.491375318349,10.278767003997928,22.993776988994796,10,2,0,8,0.2,0.0,0.8,0.075731095559604,0.35854484201263404,0.038532001455678255,0.6288005469832569,0.4549208226126211,0.665771484375,30.408637061947957,0.5010144473053515,0.000732421875,0.511474609375,0.29841259360546246,0.2953963491600007,0.3000203889096156,0.2986863851547241,0.29620036482810974,0.30000001192092896,5.0
619,2,2535424,86.98423645693066,394.1089265788888,10.393065784010105,22.997411443997407,14,3,0,11,0.21428571428571427,0.0,0.7857142857142857,0.09647003115060215,0.4341128359083086,0.03839082490230794,0.6311357596423477,0.5144415733011556,0.67462158203125,33.47285715513863,0.5161929843015969,0.001708984375,0.384765625,0.2986480501713231,0.295988189347554,0.3000325910979882,0.29878005385398865,0.29634007811546326,0.30000001192092896,5.0
620,2,2539520,87.02597906189705,406.851785557269,10.067548294988228,23.016748819994973,10,4,0,6,0.4,0.0,0.6,0.09834967635015346,0.4542216051413561,0.04217300663003698,0.6337663219310343,0.587745197735785,0.698974609375,38.03301240876317,0.5212746821343899,0.002197265625,0.35791015625,0.2989047603914514,0.2966897382866591,0.30002287885872647,0.29921016097068787,0.2976304292678833,0.30000001192092896,5.0
621,2,2543616,87.06643539120206,390.67048691772624,10.484539112017956,22.998678233998362,15,5,0,10,0.3333333333333333,0.0,0.6666666666666666,0.08312349101743166,0.8023608992007212,0.027872403130459134,0.6304907978046685,0.5193332556555106,0.67333984375,30.74415191472508,0.5421435292810202,0.002197265625,0.48486328125,0.2985790249076672,0.29583963827462867,0.30002159043215215,0.2984929382801056,0.2954787611961365,0.30000001192092896,5.0
622,2,2547712,87.10677426727392,389.9990062124739,10.502590864984086,22.990018757001963,13,1,0,12,0.07692307692307693,0.0,0.9230769230769231,0.12776277107695933,0.41504831524798647,0.034358283826804836,0.6324069525580853,0.4681666707911063,0.689208984375,43.9398241500603,0.49514495115727186,0.00146484375,0.269287109375,0.298767858708743,0.2963536622701213,0.30000629770802334,0.29890674352645874,0.2971678376197815,0.30000001192092896,5.0
623,2,2551808,87.14750382505142,396.2649697384049,10.336518019001232,22.99348229498719,11,5,0,6,0.45454545454545453,0.0,0.5454545454545454,0.08910503370316292,0.5498951540503185,0.035420965523371706,0.6409392994828522,0.4728310016944306,0.66937255859375,35.58253935875837,0.508894422557205,0.002197265625,0.34228515625,0.2996180043555796,0.29898223478812724,0.3000198435038328,0.29995739459991455,0.29988667368888855,0.30000001192092896,5.0
624,2,2555904,87.18821894719116,396.59230060263667,10.32798668500618,22.976038688007975,11,2,0,9,0.18181818181818182,0.0,0.8181818181818182,0.07585768345052202,0.40781911976228,0.03803565087946481,0.6365199047140777,0.46284756100794766,0.6727294921875,32.33473741239868,0.5225305128842592,0.0009765625,0.542724609375,0.29917382093844935,0.29760354972677305,0.30001954355975613,0.29807132482528687,0.2942247986793518,0.30000001192092896,5.0
625,2,2560000,87.2285246576553,393.0205876480652,10.421845900011249,22.98869084502803,13,4,0,9,0.3076923076923077,0.0,0.6923076923076923,0.08956231164484052,0.8575242115184665,0.042158547754297615,0.6201147839892656,0.44333805059068254,0.6669921875,31.837831551209092,0.528886592015624,0.001220703125,0.4755859375,0.2975565933738835,0.29277782095596194,0.3000111424480565,0.2969861328601837,0.29180997610092163,0.30000001192092896,5.0
626,2,2564096,87.26879612337915,393.1008832180842,10.419717112992657,22.97143012698507,11,0,0,11,0.0,0.0,1.0,0.13898462776705856,0.2812881075806217,0.039813335011785966,0.6132675732951611,0.590729304269189,0.7120361328125,36.27624309982639,0.5103347082622349,0.000244140625,0.3095703125,0.29689753538696095,0.29091933177551255,0.3000319405691698,0.2969306707382202,0.29085999727249146,0.30000001192092896,5.0
627,2,2568192,87.30947065379388,400.8521440147627,10.218231487990124,23.00612578401342,11,3,0,8,0.2727272727272727,0.0,0.7272727272727273,0.07851875485539495,0.4252516825654311,0.03168210833064222,0.6127864858135581,0.46428868092334596,0.676513671875,32.90065721469,0.5066582094877958,0.001953125,0.320556640625,0.29684598941821605,0.2907479690038599,0.3000179411028512,0.2968824803829193,0.29110339283943176,0.30000001192092896,5.0
628,2,2572288,87.3495761793218,393.32517936647866,10.413775204011472,22.971534734009765,14,3,0,11,0.21428571428571427,0.0,0.7857142857142857,0.08210820797376073,0.6068467065779259,0.03886474856335553,0.6094245295971632,0.5072000242325885,0.6737060546875,33.58876605145633,0.5242455606348813,0.001220703125,0.46728515625,0.29651504615321755,0.28987068647984415,0.2999564891215414,0.2960087060928345,0.28916358947753906,0.2998109459877014,5.0
629,2,2576384,87.38994099730441,397.6834076997883,10.299650226021186,22.96766045500408,14,9,0,5,0.6428571428571429,0.0,0.35714285714285715,0.0814247421149048,0.9160226616440923,0.04179326952362317,0.6143608610145748,0.5171416790326475,0.68402099609375,33.443953327136114,0.5389585252851248,0.00244140625,0.38427734375,0.29699943511513993,0.2917250299360603,0.30002502480056137,0.29767322540283203,0.2930195927619934,0.30000001192092896,5.0
630,2,2580480,87.4305490330765,402.91674080720514,10.165871965989936,22.988563090999378,9,1,0,8,0.1111111111111111,0.0,0.8888888888888888,0.13798851498359,0.1875542986781511,0.039436343153283815,0.6154432867188007,0.6871806882554665,0.7421875,36.77615572302602,0.5177015019580722,0.001953125,0.119140625,0.29711725329980254,0.2912927360739559,0.30004222493153065,0.29684317111968994,0.2905876934528351,0.30000001192092896,5.0
631,2,2584576,87.4708882523812,401.5622423351572,10.20016218701494,23.013550184987253,8,0,0,8,0.0,0.0,1.0,0.14396630452938552,0.09911615823148168,0.03644380753939913,0.616888961289078,0.6873457918263739,0.74200439453125,39.68992459774017,0.49530857615172863,0.0009765625,0.070556640625,0.29725707101169974,0.29174975224304944,0.30003457772545516,0.2977818548679352,0.2935600280761719,0.30000001192092896,5.0
632,2,2588672,87.51025716936432,390.02363462139033,10.501927669014549,23.010129917995073,14,4,0,10,0.2857142857142857,0.0,0.7142857142857143,0.08664965033767658,0.5362585155817214,0.0410695453392691,0.6182513334788382,0.4694134292185481,0.65972900390625,36.40586696611717,0.5127305733039975,0.002197265625,0.41455078125,0.2973763580666855,0.2922000536345877,0.30000974953873083,0.2970266342163086,0.2910827100276947,0.30000001192092896,5.0
633,2,2592768,87.54930142581574,386.1692447534177,10.606748351012357,22.98500205099117,14,6,0,8,0.42857142857142855,0.0,0.5714285714285714,0.07451605931964878,0.7695642990875058,0.04357945196898072,0.606999546289444,0.4808757973733009,0.666259765625,33.77663395158015,0.5433354475535452,0.00244140625,0.499267578125,0.2962781892856583,0.28949315240606666,0.3000198967056349,0.29512959718704224,0.2885166108608246,0.30000001192092896,5.0
634,2,2596864,87.58878199799435,395.3158980245872,10.361333861015737,23.053044569998747,16,4,0,12,0.25,0.0,0.75,0.09937072056891338,0.5702289054024732,0.05725186575728003,0.5967078197281808,0.5846396954075317,0.724609375,39.04318114905618,0.5934409433975816,0.0009765625,0.403076171875,0.2952984326402657,0.2863934363122098,0.30002650822279975,0.29483211040496826,0.28450921177864075,0.30000001192092896,5.0
635,2,2600960,87.62781393148636,389.869972524803,10.506066864996683,23.0299961460114,16,6,0,10,0.375,0.0,0.625,0.07832331062127196,0.7044466588995419,0.047228815319613204,0.5938753341324627,0.5226890211779391,0.712890625,34.99878817109857,0.5502810482867062,0.00146484375,0.408935546875,0.2950376342632808,0.28517349786125124,0.3000280485721305,0.29526451230049133,0.28584349155426025,0.30000001192092896,5.0
636,2,2605056,87.66770297117411,400.0105043386115,10.239731095993193,22.975918031006586,8,2,0,6,0.25,0.0,0.75,0.08706094711124024,0.3695968517131405,0.034468058600396034,0.6008488377556205,0.5916780283878325,0.69915771484375,33.27694452460855,0.5579004469327629,0.00048828125,0.4970703125,0.29570822295499966,0.2871058491291478,0.3000309591880068,0.2963094413280487,0.28893616795539856,0.30000001192092896,5.0
637,2,2609152,87.70816346642782,407.9104468805585,10.041419707005844,22.95020743200439,9,3,0,6,0.3333333333333333,0.0,0.6666666666666666,0.09003173930250341,0.42522740735148545,0.03877182132055168,0.60161860473454,0.5324395435964107,0.68170166015625,34.821739595150575,0.5046543823555112,0.001708984375,0.49658203125,0.29577321489341557,0.2873600186430849,0.30002177407732233,0.2953508794307709,0.28605255484580994,0.30000001192092896,5.0
638,2,2613248,87.74740788935024,394.2104565791539,10.390389020991279,22.98350524099078,11,3,0,8,0.2727272727272727,0.0,0.7272727272727273,0.08962148718273966,0.3741530862826039,0.04016289109677018,0.5949302059598267,0.4786482693234575,0.666259765625,35.41755030746572,0.5150896273553371,0.00244140625,0.485595703125,0.2951329372008331,0.28559151955414563,0.3000111026340164,0.29528725147247314,0.28639838099479675,0.2998320162296295,5.0
639,2,2617344,87.7865307716304,394.49330383856534,10.382939228991745,23.00255460498738,12,0,0,12,0.0,0.0,1.0,0.11152543270509341,0.27948456852755044,0.045645795835298486,0.5994360477197915,0.5253864506084938,0.7042236328125,38.92393847974017,0.5224325582385063,0.0009765625,0.428466796875,0.2955697497818619,0.2867208285606466,0.3000225084251724,0.2959180474281311,0.2877540588378906,0.30000001192092896,5.0
640,2,2621440,87.82604672702558,401.43808065213085,10.203317018022062,23.018799807003234,12,3,0,9,0.25,0.0,0.75,0.10598643896992144,0.35095302895933855,0.04703490225074347,0.6075502207968384,0.515366031366284,0.6883544921875,45.24394012847915,0.5751356575638056,0.001220703125,0.43994140625,0.29634696297580376,0.2891194366966374,0.3000237451051362,0.29649898409843445,0.28949686884880066,0.30000001192092896,5.0
641,2,2625536,87.86463390427176,388.9572822585054,10.530719405011041,22.976343524002004,16,2,0,14,0.125,0.0,0.875,0.10221401654416695,0.39290649550093804,0.05106655605050037,0.6067989785224199,0.5640259174615494,0.697265625,42.296708962647244,0.5635255398228765,0.000732421875,0.3955078125,0.29626580845797434,0.2892068448709324,0.30002356198383495,0.29616692662239075,0.28872793912887573,0.30000001192092896,5.0
642,2,2629632,87.9042060472795,402.67780251054177,10.171904123999411,22.97153225800139,9,3,0,6,0.3333333333333333,0.0,0.6666666666666666,0.11313847686142253,0.38793308512686053,0.043942142810919904,0.6064704526215792,0.5954369677783689,0.70745849609375,44.83347554411739,0.5429044282063842,0.001220703125,0.32666015625,0.2962411448825151,0.2887093617464416,0.30002139118732885,0.2962498664855957,0.2887495458126068,0.30000001192092896,5.0
643,2,2633728,87.94397489865909,407.4122843192208,10.053697833005572,22.992949479987146,7,1,0,6,0.14285714285714285,0.0,0.8571428571428571,0.13239376115961932,0.29975434044899885,0.04409048941124638,0.6062472981866449,0.6099493213041569,0.70770263671875,50.188121277606115,0.5300542348995805,0.000732421875,0.343505859375,0.29622265009675175,0.288633824151475,0.3000283260480501,0.2960275411605835,0.28808262944221497,0.30000001192092896,5.0
644,2,2637824,87.98308653307505,399.0347504875927,10.264770160982152,22.975942594988737,10,1,0,9,0.1,0.0,0.9,0.1048064288970636,0.3161583388427971,0.02877604008608614,0.6049833616707474,0.5017255203783861,0.675537109375,36.452452996978536,0.5000122832134366,0.0009765625,0.5986328125,0.296092860866338,0.28865148522891104,0.30002670641988516,0.29581350088119507,0.2874969244003296,0.30000001192092896,5.0
645,2,2641920,88.0206460881837,381.20419557375754,10.744897478987696,22.99564780900255,15,3,0,12,0.2,0.0,0.8,0.10860205007338664,0.35737965643784264,0.040327415237698006,0.604796274099499,0.6082855185522931,0.71820068359375,33.24952208332252,0.515556225553155,0.0009765625,0.364501953125,0.29608537757303566,0.28833642916288227,0.3000339684076607,0.29636844992637634,0.28910526633262634,0.30000001192092896,5.0
646,2,2646016,88.05912172120854,392.7539629298876,10.42892086802749,22.9701498580107,16,1,0,15,0.0625,0.0,0.9375,0.08092571322958975,0.44610523738811025,0.03593144373917312,0.6066963728517294,0.5058232814408257,0.69219970703125,31.658035666681826,0.567629583645612,0.00048828125,0.208984375,0.29626264452235773,0.2888292584102601,0.3000185199198313,0.29578638076782227,0.28745412826538086,0.30000001192092896,5.0
647,2,2650112,88.09740362631486,391.3935063480155,10.465171070973156,22.970624065987067,14,4,0,10,0.2857142857142857,0.0,0.7142857142857143,0.07655382396933419,0.6094776823811117,0.03343507859608508,0.6071768859401345,0.5556008314961218,0.70343017578125,35.039285650709644,0.5151386586949229,0.001708984375,0.3642578125,0.29631547490134835,0.28890497144311666,0.3000288979965262,0.2966686487197876,0.2900059223175049,0.30000001192092896,5.0
648,2,2654208,88.13623229769884,398.7864750761161,10.271160773991141,22.948799234989565,10,3,0,7,0.3,0.0,0.7,0.09353663932961354,0.5355319342779694,0.03275772330653126,0.6092554784845561,0.5177172995972796,0.69927978515625,35.181273142341524,0.5445726476609707,0.00146484375,0.4482421875,0.2965055028325878,0.2899261259008199,0.3000253228819929,0.29710638523101807,0.2913191020488739,0.30000001192092896,5.0
649,2,2658304,88.17531700480772,404.85847431013957,10.117115633998765,22.986087128985673,8,1,1,6,0.125,0.125,0.75,0.24074966956686694,0.3041078439709963,0.04290007734653045,0.6224630540236831,0.6289736264297972,0.73565673828125,54.18664708978031,0.5142256240360439,0.0009765625,0.193603515625,0.29780809505609795,0.29337525519076735,0.30004387348890305,0.29887259006500244,0.296617716550827,0.30000001192092896,5.0
650,2,2662400,88.21381777598035,398.0589653202859,10.289932790998137,22.983529160992475,10,4,1,5,0.4,0.1,0.5,0.07511628664542513,0.5438450097717578,0.032456152610393474,0.6358517780900002,0.4001733757359034,0.64404296875,32.31284211203456,0.4922760115005076,0.001953125,0.429443359375,0.2991106002009474,0.29740951501298696,0.3000162125681527,0.29912590980529785,0.29737770557403564,0.30000001192092896,5.0
651,2,2666496,88.25087264307577,379.41785486896646,10.795485629991163,22.943391502980376,22,7,0,15,0.3181818181818182,0.0,0.6818181818181818,0.08378716397419339,1.1818576157384086,0.041115852240181994,0.6405552010983229,0.47329335254471516,0.66583251953125,34.37219095765613,0.529655231628567,0.002197265625,0.495849609375,0.29958009941037744,0.2987272726604715,0.3000240986002609,0.2998497188091278,0.29972386360168457,0.30000001192092896,5.0
652,2,2670592,88.28947673361482,399.05756332802764,10.264183357008733,22.915981051017297,9,3,0,6,0.3333333333333333,0.0,0.6666666666666666,0.0750805445768492,0.5617834556032903,0.03826573202240979,0.6428993893787265,0.46324428195657674,0.6590576171875,33.81424537720159,0.5426591038703918,0.0009765625,0.497314453125,0.2998096931842156,0.2994250011979602,0.30002006550785154,0.2999008297920227,0.29970237612724304,0.30000001192092896,5.0
653,2,2674688,88.3279083607766,399.5589222234006,10.251304056000663,22.95938756200485,11,2,0,9,0.18181818181818182,0.0,0.8181818181818182,0.06047517490696919,0.4968844226023066,0.030100598636636278,0.6409751435276121,0.4762098841747502,0.66156005859375,30.43216482945718,0.5405067941173911,0.0009765625,0.45458984375,0.2996227964758873,0.2988447087700479,0.30003250151639804,0.29925084114074707,0.29792913794517517,0.30000001192092896,5.0
654,2,2678784,88.36633066352259,401.7273273892806,10.195970552013023,22.989153104979778,9,2,0,7,0.2222222222222222,0.0,0.7777777777777778,0.08065623675429379,0.34549902891740203,0.039525499367300654,0.6342650349251926,0.44539809917478124,0.67657470703125,36.45381922123488,0.5046042664907873,0.0009765625,0.484130859375,0.29895373131148517,0.29688717174576595,0.3000197018845938,0.2989625632762909,0.2968876361846924,0.30000001192092896,5.0
655,2,2682880,88.4048142527498,402.49077449800757,10.176630769012263,22.958559764985694,8,1,0,7,0.125,0.0,0.875,0.12760167635315156,0.2584356876614038,0.04098063891433412,0.6358544633258134,0.7937263259518659,0.75531005859375,36.150536911562085,0.5023083398118615,0.001708984375,0.19580078125,0.29912122298264876,0.29735486063873395,0.30002772220177576,0.2991257309913635,0.2973771393299103,0.30000001192092896,5.0
656,2,2686976,88.44272059949238,396.20860495098265,10.337988496001344,22.96682216899353,11,0,0,11,0.0,0.0,1.0,0.15413368038571207,0.13220512273619534,0.03771841840352863,0.6369718650821596,0.689875881500484,0.735595703125,43.29333427129313,0.5063119302503765,0.001953125,0.0478515625,0.2992244853521697,0.2976632781792432,0.3000299307750538,0.299272358417511,0.2978169620037079,0.30000001192092896,5.0
657,2,2691072,88.4795889429971,384.3989190716873,10.655597081000451,22.977319780999096,21,4,0,17,0.19047619047619047,0.0,0.8095238095238095,0.08348611726069066,0.461451871022291,0.04546834649227094,0.6357913175597787,0.5457012102997396,0.67694091796875,33.81614949903451,0.5694123646244407,0.00146484375,0.361572265625,0.29910356510663405,0.2973316478310153,0.3000266845920123,0.29861247539520264,0.29593953490257263,0.30000001192092896,5.0
658,2,2695168,88.51732585959351,399.33119294173395,10.257150136021664,23.04891857400071,11,1,0,10,0.09090909090909091,0.0,0.9090909090909091,0.08078793307322485,0.28046666933369124,0.03907351111593016,0.6275027573574334,0.5182311209791806,0.7039794921875,33.0006231314037,0.582722881808877,0.0009765625,0.373046875,0.29828505142359063,0.2949927769950591,0.3000203844276257,0.2982814908027649,0.29498863220214844,0.30000001192092896,5.0
659,2,2699264,88.55524006197894,400.2152054090964,10.234493703988846,22.98237703900668,11,2,0,9,0.18181818181818182,0.0,0.8181818181818182,0.09115585829022166,0.5490413462393917,0.042819321588467574,0.6377060781233013,0.47498326011918834,0.663330078125,37.768277027178556,0.5403033960610628,0.000732421875,0.459228515625,0.2993028854834847,0.2978915473795496,0.3000309397466481,0.29997891187667847,0.2999366223812103,0.30000001192092896,5.0
660,2,2703360,88.59351642288996,405.26921876039205,10.106861835025484,22.956699686998036,8,2,0,6,0.25,0.0,0.75,0.0819348431268736,0.5096222684223903,0.03865010124991386,0.6435447360854596,0.49734679693938233,0.66851806640625,31.87126000621356,0.5478525734506547,0.001220703125,0.40673828125,0.2998770670965314,0.29961453861324117,0.30002572265220806,0.2994460463523865,0.2984432280063629,0.29995864629745483,5.0
661,2,2707456,88.63080275081293,393.9324402395135,10.397721999004716,22.977538565988652,12,4,0,8,0.3333333333333333,0.0,0.6666666666666666,0.1104796673716919,0.3659381458455755,0.03403492933466623,0.6377910687588155,0.7386538205100805,0.74267578125,30.133119073929265,0.5592817314900458,0.001220703125,0.240478515625,0.29931527690496296,0.2978938822634518,0.30004702013684437,0.2996010184288025,0.2988029718399048,0.30000001192092896,5.0
662,2,2711552,88.6684090792609,399.554650222382,10.25141366198659,22.986318031995324,11,2,0,9,0.18181818181818182,0.0,0.8181818181818182,0.10430394862760295,0.41489785599696916,0.04286902651983837,0.6366534957196563,0.5688336056264234,0.7056884765625,33.73704697843641,0.5349624096415937,0.002197265625,0.1875,0.29919270117534325,0.2976798075833358,0.3000243183923885,0.29960981011390686,0.2988293766975403,0.30000001192092896,5.0
663,2,2715648,88.70509138041201,388.20836155742353,10.551034974021604,22.977584134991048,19,5,0,14,0.2631578947368421,0.0,0.7368421052631579,0.09077843600516644,0.5946744152461179,0.04498075181436434,0.6390851724427193,0.6180133586240117,0.7073974609375,38.31089240661822,0.5737827690318227,0.001708984375,0.41796875,0.29942315502557904,0.29861194686964154,0.2999990948010236,0.29916951060295105,0.297813355922699,0.30000001192092896,5.0
664,2,2719744,88.74247793598742,398.36639232494156,10.281991852010833,22.975527663977118,12,3,0,9,0.25,0.0,0.75,0.0877609068138554,0.6137117412217776,0.04126432005614333,0.6425892217084765,0.5323846044921083,0.705810546875,35.026010104920715,0.5698590073734522,0.00146484375,0.3818359375,0.2997809512889944,0.29934893921017647,0.3000201875693165,0.299948513507843,0.29984551668167114,0.30000001192092896,5.0
665,2,2723840,88.77974695322266,397.5910631127932,10.302042425028048,22.967884915997274,11,2,0,9,0.18181818181818182,0.0,0.8181818181818182,0.13330793102977623,0.35919938258302864,0.04793536902980122,0.6437932881526649,0.6399417590291705,0.7139892578125,38.9837964407634,0.5467304699122906,0.00146484375,0.294921875,0.299902391852811,0.2996790785691701,0.3000267437309958,0.29949161410331726,0.29848501086235046,0.30000001192092896,5.0
666,2,2727936,88.81796346176203,410.8092688446538,9.970563740003854,22.944188263994874,5,1,0,4,0.2,0.0,0.8,0.09540007471150602,0.31099183396145236,0.03516088723699795,0.6428159321658313,0.538923536267248,0.697509765625,34.303111703833565,0.5163086787797511,0.000732421875,0.52880859375,0.2998054071213119,0.2994070977438241,0.3000272622448392,0.2998576760292053,0.29968422651290894,0.30000001192092896,5.0
667,2,2732032,88.85463393914475,393.11136139182736,10.419439380988479,23.00158465199638,13,4,0,9,0.3076923076923077,0.0,0.6923076923076923,0.06828511439744034,0.8426452983840136,0.04083049948349071,0.6443414073437452,0.5394620265979029,0.69256591796875,31.212407200131565,0.5533716091886163,0.0009765625,0.43701171875,0.29996177967404947,0.2998431325540878,0.3000338613637723,0.30000001192092896,0.30000001192092896,0.30000001192092896,5.0
668,2,2736128,88.89063174083927,384.88342558458766,10.642183393007144,22.984424524009228,14,4,0,10,0.2857142857142857,0.0,0.7142857142857143,0.10007745342227281,0.590300752868643,0.04254103645507712,0.6437616976909339,0.529890381199948,0.7120361328125,36.148000942659564,0.5408062594942749,0.001953125,0.415771484375,0.29989973828196526,0.2997105261310935,0.30002561112632975,0.29980069398880005,0.2994519770145416,0.30000001192092896,5.0
669,2,2740224,88.92621906545413,381.0716046194994,10.748636083997553,22.99306293699192,17,0,1,16,0.0,0.058823529411764705,0.9411764705882353,0.11488528387599217,0.28367660944059025,0.04750680927281792,0.6443304170388728,0.6680574901110958,0.729248046875,30.176973923807964,0.610044770874083,0.00048828125,0.25048828125,0.2999684326350689,0.2998576934915036,0.3000438659801148,0.29999348521232605,0.29998043179512024,0.30000001192092896,5.0
670,2,2744320,88.96233460885006,390.4707754091058,10.489901569992071,23.041497496014927,15,7,0,8,0.4666666666666667,0.0,0.5333333333333333,0.0869475191921083,0.7236042482836638,0.0415139050783182,0.6425755291711539,0.4724962681029865,0.6917724609375,34.66875407425687,0.5572432931512594,0.001708984375,0.31982421875,0.2997749490314163,0.29935207177186385,0.3000169268925674,0.2996066212654114,0.29893654584884644,0.30000001192092896,5.0
671,2,2748416,88.99966158174077,405.2025115411281,10.108525696006836,22.974271283019334,8,1,0,7,0.125,0.0,0.875,0.08125155859488586,0.33743486845924053,0.04051141903801181,0.6438709846697748,0.47516901112976484,0.6910400390625,35.42775246221572,0.5689373570494354,0.0009765625,0.311279296875,0.29991079249884933,0.2997744451276958,0.3000244448776357,0.29990705847740173,0.29972773790359497,0.30000001192092896,5.0
672,2,2752512,89.03641268391158,399.2013406839182,10.260486582992598,22.99550935300067,12,6,0,6,0.5,0.0,0.5,0.07996309592999751,0.7769575877464376,0.02516664719405526,0.6431870306842029,0.5034874015836976,0.68035888671875,32.82555149914697,0.5203415430150926,0.001953125,0.484619140625,0.299837370403111,0.2995440023369156,0.30001945688854903,0.29944944381713867,0.29845091700553894,0.30000001192092896,5.0
673,2,2756608,89.07215528513167,385.7767111834323,10.61754087600275,22.96147335699061,17,7,0,10,0.4117647058823529,0.0,0.5882352941176471,0.06764808773004916,0.9653887935564853,0.04714971471912577,0.641792634036392,0.49452253226627363,0.67706298828125,30.16246630914975,0.5588221279904246,0.001953125,0.382080078125,0.29969778476515785,0.29931785981170833,0.2999592902488075,0.29989099502563477,0.29970628023147583,0.2999926507472992,5.0
674,2,2760704,89.10814892332934,390.8489299538447,10.479752370010829,22.985184279998066,13,3,0,10,0.23076923076923078,0.0,0.7692307692307693,0.12032770585210528,0.406353059632238,0.05562877255761123,0.6443812497891486,0.6542163769190665,0.7232666015625,42.76212477334775,0.5753504168242216,0.001220703125,0.244384765625,0.2999661154462956,0.2998579889535904,0.3000308701884933,0.30000001192092896,0.30000001192092896,0.30000001192092896,5.0
675,2,2764800,89.1444830796558,396.92854947982465,10.319237568997778,23.000097069016192,11,2,0,9,0.18181818181818182,0.0,0.8181818181818182,0.09638652532157721,0.35846601966477465,0.05125619796126557,0.6432024058885872,0.5757038236479275,0.69525146484375,41.54208755248692,0.5871892888098955,0.000732421875,0.265380859375,0.2998438965296373,0.299534305348061,0.3000250430777669,0.29990312457084656,0.29972004890441895,0.30000001192092896,5.0
676,2,2768896,89.17957205782206,380.480476311384,10.765335556003265,22.96022943800199,17,6,0,11,0.35294117647058826,0.0,0.6470588235294118,0.10223934191162698,0.7442000872979406,0.052002543829075876,0.6391326333396137,0.6073781092527497,0.7078857421875,39.135882480535656,0.561417281627655,0.001953125,0.422119140625,0.2994363024481572,0.2983138630515896,0.30002067232271656,0.29901689291000366,0.2970938980579376,0.30000001192092896,5.0
677,2,2772992,89.21649780922098,407.90778236811616,10.041485299007036,23.01790560397785,5,3,0,2,0.6,0.0,0.4,0.09220748484949581,0.4693661964702187,0.04677630970218161,0.6307156439870596,0.6044521933108626,0.71197509765625,44.74128838483011,0.5772369746118784,0.001708984375,0.4736328125,0.2985972253372893,0.29586241190554574,0.30001612269552425,0.2982942461967468,0.29491665959358215,0.30000001192092896,5.0
678,2,2777088,89.25259428332183,395.7686766833291,10.349479989992687,22.971687899989774,13,3,0,10,0.23076923076923078,0.0,0.7692307692307693,0.10691230011434527,0.3469322384771658,0.034386112700303784,0.6239920882508159,0.6412174950819463,0.7166748046875,39.40081344079226,0.5466117905452847,0.0009765625,0.551025390625,0.2979409382096492,0.2938567824312486,0.3000250296900049,0.2977423667907715,0.2933533489704132,0.30000001192092896,5.0
679,2,2781184,89.28810577964583,389.5959454368309,10.513456436019624,22.984670702018775,17,5,0,12,0.29411764705882354,0.0,0.7058823529411765,0.09314308830653317,0.5193316964359838,0.03152297584892949,0.6202812902629375,0.639915662817657,0.715576171875,33.46174318064004,0.5394622720777988,0.001953125,0.504150390625,0.29757680132752284,0.2929333448410034,0.3000200735987164,0.29741811752319336,0.2925170361995697,0.30000001192092896,5.0
680,2,2785280,89.32406283914894,395.961950946314,10.344428271986544,22.971638876013458,9,2,0,7,0.2222222222222222,0.0,0.7777777777777778,0.06489639520805213,0.5204135584644973,0.0331829520428073,0.6250133842695504,0.4684661986466381,0.6697998046875,29.113471957622096,0.5124735436402261,0.002197265625,0.351806640625,0.29804337670793757,0.29435315006412566,0.30001414351863787,0.29898208379745483,0.29743802547454834,0.30000001192092896,5.0
681,2,2789376,89.36071811774273,409.19428362236374,10.009915005997755,23.03434896399267,8,2,0,6,0.25,0.0,0.75,0.09347535572123888,0.23972698819852667,0.03424941384764679,0.6438774345442653,0.46415105031701387,0.672119140625,37.795923219877295,0.5197446867823601,0.000732421875,0.4853515625,0.2999156358418986,0.29974406148539856,0.3000315828830935,0.299773633480072,0.29932087659835815,0.30000001192092896,5.0
682,2,2793472,89.39564373491876,384.94778393259054,10.64040415600175,22.98235629199189,19,4,0,15,0.21052631578947367,0.0,0.7894736842105263,0.08743125309956667,0.5072913601034088,0.04118691320218204,0.6392881330102682,0.5128787920548348,0.68231201171875,35.60984545829706,0.5385401993989944,0.001708984375,0.4189453125,0.29944639932364225,0.29868864885065705,0.3000085444073193,0.29929018020629883,0.2980659604072571,0.30000001192092896,5.0
683,2,2797568,89.43134574067717,396.11190035723854,10.340512355993269,22.98430950200418,9,4,0,5,0.4444444444444444,0.0,0.5555555555555556,0.10355959286061989,0.5571205727974302,0.045594556439027656,0.6426135895308107,0.5472588967859338,0.69140625,43.45063423097599,0.581990166567266,0.0009765625,0.404052734375,0.2997812198009342,0.2994390680687502,0.30001320980954915,0.29997575283050537,0.29992714524269104,0.30000001192092896,5.0
684,2,2801664,89.46686075481804,393.42690187262974,10.411082670005271,22.952795370016247,13,2,0,11,0.15384615384615385,0.0,0.8461538461538461,0.12031345948162198,0.38108526887663174,0.03478338668901415,0.6427532990928739,0.6645656569162384,0.73638916015625,40.57256017031614,0.5777625218033791,0.000732421875,0.389404296875,0.2998007332207635,0.2994014425203204,0.30002914334181696,0.29982513189315796,0.2994753122329712,0.30000001192092896,5.0
685,2,2805760,89.50274329250145,400.80636577104195,10.219398566987365,22.989124918007292,10,0,0,10,0.0,0.0,1.0,0.09882990534788405,0.25457262905547395,0.0420197100538644,0.6430252362042665,0.4809102118451847,0.66363525390625,38.16495728143491,0.5306582450866699,0.0009765625,0.39208984375,0.29982940026093274,0.29949432209832594,0.30003544979263097,0.29975777864456177,0.299273282289505,0.30000001192092896,5.0
686,2,2809856,89.53810201763453,393.6481008563038,10.405232468008762,22.960417922004126,12,4,0,8,0.3333333333333333,0.0,0.6666666666666666,0.09432953318719228,0.5438268579964642,0.04550790046596376,0.6383778464514762,0.5964580741274403,0.70501708984375,36.17425074148923,0.5583880292251706,0.001708984375,0.2802734375,0.2993652240256779,0.2980599857401103,0.3000336415716447,0.2991226315498352,0.29736778140068054,0.30000001192092896,5.0
687,2,2813952,89.57357057990379,396.4443471742038,10.331841100007296,22.96872780099511,11,1,1,9,0.09090909090909091,0.09090909090909091,0.8181818181818182,0.21668542695806536,0.20865437624161132,0.04441075707109121,0.6347263380885124,0.9855292749416549,0.79132080078125,44.55994884017855,0.5885458448901772,0.001708984375,0.106201171875,0.2990093036205508,0.29702005663421005,0.3000396193820052,0.2992022633552551,0.2976066768169403,0.30000001192092896,5.0
688,2,2818048,89.60819707022267,387.4265938312427,10.572325351997279,22.99749015000998,14,1,0,13,0.07142857142857142,0.0,0.9285714285714286,0.10939306621185096,0.2706658287133905,0.054443031154733035,0.6323740002699196,0.6169867395547044,0.7000732421875,42.420663645956665,0.5629983805119991,0.001220703125,0.290283203125,0.29876693489495665,0.296332553611137,0.30002537788823247,0.29907023906707764,0.2972106635570526,0.30000001192092896,5.0
689,2,2822144,89.64354430725973,397.459307632146,10.305457492999267,22.985346758010564,9,3,0,6,0.3333333333333333,0.0,0.6666666666666666,0.10671845385513734,0.4167159284406807,0.04654068461422867,0.6391925963107497,0.5717436836857814,0.70440673828125,43.11854659719393,0.596379172988236,0.000732421875,0.408447265625,0.2994429119862616,0.2984454853576608,0.3000086554675363,0.2999589443206787,0.2998768091201782,0.30000001192092896,5.0
690,2,2826240,89.67783409256326,383.0964718918764,10.691823862987803,22.943947674008086,19,7,0,12,0.3684210526315789,0.0,0.631578947368421,0.10378238370321924,0.6332555831759237,0.0363083696065587,0.6433876843657345,0.6025613049278036,0.70965576171875,38.88405506499112,0.5616955049335957,0.001953125,0.437744140625,0.29986026242841035,0.2995741985505447,0.3000255720107816,0.29982706904411316,0.2995605766773224,0.30000001192092896,5.0
691,2,2830336,89.71330996326228,401.10454646240646,10.21180147700943,22.980738615005976,9,3,0,6,0.3333333333333333,0.0,0.6666666666666666,0.12239215786939894,0.29971843641396845,0.042129898676648736,0.6371458214707673,0.6605039976639091,0.736572265625,38.130243750754744,0.5391080141998827,0.00146484375,0.2216796875,0.29924460407346487,0.29773393931100145,0.30003912752727047,0.2990201711654663,0.2970605194568634,0.30000001192092896,5.0
692,2,2834432,89.74893090013144,403.93968998875505,10.140127602004213,22.975875656004064,10,3,0,7,0.3,0.0,0.7,0.09868013205596071,0.3581904044658586,0.045173234217145364,0.6373259106185287,0.7159352809248958,0.73822021484375,35.49256585817784,0.510992597322911,0.001708984375,0.167724609375,0.29925907676806673,0.29787593928631395,0.30002939788391814,0.2991815507411957,0.2978229820728302,0.30000001192092896,5.0
693,2,2838528,89.78418488862567,399.3670332056331,10.256229631981114,22.962778342014644,8,0,0,8,0.0,0.0,1.0,0.09853677591854648,0.18755919756222283,0.03210929590022715,0.6367022870108485,0.6026551178219961,0.69488525390625,37.35264189494774,0.52524084597826,0.000732421875,0.2822265625,0.29919957963284105,0.2976302396855317,0.30003194749588147,0.2994804382324219,0.29844123125076294,0.30000001192092896,5.0
694,2,2842624,89.81845405777118,388.56007996153045,10.541484344983473,22.998379447002662,14,4,0,10,0.2857142857142857,0.0,0.7142857142857143,0.08787740539810329,0.3238625671219779,0.04591473174878047,0.6338461013510823,0.6750968212581938,0.72125244140625,34.8804117126856,0.5268015055917203,0.001953125,0.19873046875,0.29891412518918514,0.29671414592303336,0.30003071564715356,0.29863277077674866,0.2958982586860657,0.30000001192092896,5.0
695,2,2846720,89.85263803471527,387.4861947922846,10.570699175994378,22.97354502597591,16,6,0,10,0.375,0.0,0.625,0.0875274400204944,0.392524860901176,0.03629593511868734,0.6274028271436691,0.531234681038768,0.67498779296875,33.5919315435458,0.5448968634009361,0.001708984375,0.3720703125,0.2982786073698662,0.2948560764780268,0.30002532934304327,0.29814863204956055,0.2944459021091461,0.30000001192092896,5.0
696,2,2850816,89.8861607732849,379.9285329195428,10.780974960012827,22.971311027009506,19,4,0,15,0.21052631578947367,0.0,0.7894736842105263,0.06702588942425791,0.4226265349352616,0.042681300299591385,0.6261772580910474,0.5404201741912402,0.68231201171875,31.971186315407977,0.5550389569252729,0.001708984375,0.4384765625,0.2981530781253241,0.2946010203449987,0.30001348309451714,0.2981301546096802,0.2948424518108368,0.2999849021434784,5.0
697,2,2854912,89.92096719157273,399.3439683365571,10.256821999995736,23.016942941001616,9,2,0,7,0.2222222222222222,0.0,0.7777777777777778,0.1027720287675038,0.40310662716365186,0.036560236310833716,0.6386808252427727,0.5993970897579857,0.7198486328125,29.56902591092512,0.5858019851148129,0.00048828125,0.424560546875,0.29940343275666237,0.2982168010203168,0.30004063638625666,0.2997467517852783,0.2992401719093323,0.30000001192092896,5.0
698,2,2859008,89.95622617945442,407.0878293344145,10.061710777983535,23.026426283002365,5,2,0,3,0.4,0.0,0.6,0.08441996874717006,0.4181570943474071,0.02968004463946272,0.6435645713936538,0.4627908292677603,0.68524169921875,31.76609716657549,0.4955501016229391,0.002197265625,0.412109375,0.29988542723003775,0.2996129744569771,0.30003525962820277,0.29981863498687744,0.299455851316452,0.30000001192092896,5.0
699,2,2863104,89.9905949520301,395.20970816775235,10.364117872988572,23.012458856974263,12,4,0,8,0.3333333333333333,0.0,0.6666666666666666,0.07676095191163768,0.6935478414670797,0.02703372004270932,0.6441273738164455,0.4902199068601476,0.696044921875,31.012468765489757,0.4905693721957505,0.00146484375,0.485107421875,0.29993965046014637,0.2997766090556979,0.3000293013174087,0.299858033657074,0.2997127175331116,0.2999313771724701,5.0
700,2,2867200,90.02531761368463,400.7168431819453,10.221681643015472,23.004423536011018,10,3,0,7,0.3,0.0,0.7,0.10123784414645343,0.30626997191575356,0.03726086062124523,0.6391620447393507,0.6145838980155531,0.7137451171875,32.77558804908767,0.5079214083962142,0.0009765625,0.3017578125,0.2994380319141783,0.2983859688974917,0.30002659506862983,0.29928481578826904,0.29802119731903076,0.30000001192092896,5.0
701,3,2871296,90.06171728597359,431.2144181420521,9.498754743981408,22.995266932004597,1,1,0,0,1.0,0.0,0.0,0.13282212571357377,0.20302295298824902,0.0775842827570159,0.6282838978804648,0.6502404632883554,0.7388916015625,42.8323583076708,0.8066410208120942,0.000732421875,0.10888671875,0.29836143634747714,0.29531426989706233,0.3000312055228278,0.298196017742157,0.2945892810821533,0.30000001192092896,5.0
702,3,2875392,90.09778888317977,421.56476069716336,9.716182142990874,22.980249581014505,2,2,0,0,1.0,0.0,0.0,0.09383670946590428,0.22830461426565307,0.022624782232014695,0.6235838499851525,0.6189720025140559,0.7301025390625,33.23407532973215,0.567533943336457,0.0009765625,0.404296875,0.29790595080703497,0.29375820339191705,0.30003385146846995,0.29772496223449707,0.29379504919052124,0.30000001192092896,4.983333333333333
703,3,2879488,90.13317738948716,412.96362448333707,9.918549134017667,22.994018086988945,4,4,0,0,1.0,0.0,0.0,0.09506619676176342,0.6012661896529607,0.025174556567435502,0.6240258764009923,0.5419721744765411,0.74688720703125,28.739940713800024,0.4928038720972836,0.00244140625,0.278076171875,0.29794698883779347,0.29386929207248613,0.30002332938602194,0.29775023460388184,0.2933151423931122,0.30000001192092896,4.966666666666667
704,3,2883584,90.1688674238263,417.32295787547804,9.814940498006763,22.96460382998339,2,2,0,0,1.0,0.0,0.0,0.07804656724147208,0.542929691815516,0.04290146005041606,0.6188471587374806,0.45237561044632457,0.682373046875,29.076058429433033,0.48043058440089226,0.001953125,0.303955078125,0.2974387700087391,0.2923291970510036,0.3000231548794545,0.297362744808197,0.2920922338962555,0.30000001192092896,4.95
705,3,2887680,90.2035215380564,405.3056286735915,10.10595390299568,23.015554510988295,5,5,0,0,1.0,0.0,0.0,0.07630029930078308,0.7160102471098071,0.020026814775519597,0.6170742814429104,0.3962720844356227,0.6502685546875,30.095308678399306,0.5057466644793749,0.001220703125,0.5859375,0.29726080293767154,0.2919607445364818,0.30000358243705705,0.2967684864997864,0.29112935066223145,0.2996625006198883,4.933333333333334
706,3,2891776,90.23804904945781,403.7632993321429,10.144557483989047,22.996474634011975,53,7,0,46,0.1320754716981132,0.0,0.8679245283018868,0.07205660602812713,0.8253209697722923,0.045661046971872565,0.6102909429464489,0.5354119702096796,0.647705078125,28.256835014093667,0.5150537514127791,0.00244140625,0.559326171875,0.2966002559987828,0.29021672339877114,0.29999948776094243,0.29622137546539307,0.2890717685222626,0.30000001192092896,4.916666666666666
707,3,2895872,90.27357981628857,418.20610083441505,9.794213885994395,22.965032962994883,3,2,0,1,0.6666666666666666,0.0,0.3333333333333333,0.08346873897426121,0.25055070121379686,0.04391970620963548,0.6117491559125483,0.43534313023701543,0.6834716796875,31.436481895972975,0.6696855761110783,0.001220703125,0.22900390625,0.2967466068221256,0.29037564218742773,0.30001179210375994,0.2972347140312195,0.29170703887939453,0.30000001192092896,4.9
708,3,2899968,90.30902520071334,418.64668410482034,9.783906466996996,22.97962873301003,3,1,0,2,0.3333333333333333,0.0,0.6666666666666666,0.08385833884494787,0.21010747964464827,0.02142637693123106,0.6094101723283529,0.45673228175292024,0.66357421875,29.187093337997794,0.4948820495046675,0.000244140625,0.542236328125,0.29651490843389183,0.2900623437599279,0.3000224808929488,0.2960827350616455,0.2890205979347229,0.30000001192092896,4.883333333333334
709,3,2904064,90.34381581754013,409.61371054884006,9.999665281007765,22.97145525398082,8,6,0,2,0.75,0.0,0.25,0.09492414143824135,0.7327079039096134,0.039720408125504036,0.6036765677854419,0.5675235323469678,0.7376708984375,33.23667036136612,0.47778872353956103,0.0029296875,0.321044921875,0.29597030306467786,0.2879620346939191,0.30002323508961126,0.29578733444213867,0.2873619496822357,0.30000001192092896,4.866666666666667
710,3,2908160,90.3790983438225,420.00167629643886,9.752342029009014,23.018078869994497,3,2,0,1,0.6666666666666666,0.0,0.3333333333333333,0.08603341498746886,0.3006816215929575,0.025245199281926034,0.603022872004658,0.44209781964309514,0.665283203125,29.49871760699898,0.4921893272548914,0.000732421875,0.566650390625,0.29590921802446246,0.28781052760314196,0.300024799304083,0.2960206866264343,0.2880620062351227,0.30000001192092896,4.85
711,3,2912256,90.41234330871727,392.3448306579017,10.439796015998581,23.03011606200016,13,8,0,5,0.6153846153846154,0.0,0.38461538461538464,0.10619958517781924,0.681864312136895,0.04624831773890037,0.6085550263524055,0.6218085455475375,0.7105712890625,35.842448691139,0.5109977852553129,0.00244140625,0.580322265625,0.29644626163644716,0.2893376082065515,0.30002695170696825,0.2971600890159607,0.291480153799057,0.30000001192092896,4.833333333333333
712,3,2916352,90.4461172181489,398.2100523481422,10.28602863199194,22.971570038003847,40,3,0,37,0.075,0.0,0.925,0.10156707569694845,0.3395969039047486,0.062390353332375525,0.6223681103438139,0.6289234589057742,0.6956787109375,39.428743607131764,0.6259340709075332,0.001220703125,0.397705078125,0.29778692638501525,0.29335778986569494,0.3000232442864217,0.2982882559299469,0.2948647141456604,0.30000001192092896,4.816666666666666
713,3,2920448,90.47953119204536,397.4962407409005,10.30449996801326,23.05708471100661,9,6,0,3,0.6666666666666666,0.0,0.3333333333333333,0.0923739962563559,0.27019508342345944,0.04944313124360633,0.6273424006067216,0.5278487162395322,0.6932373046875,37.97783840203192,0.6404856964945793,0.001708984375,0.23681640625,0.29826551413862035,0.29494920570869,0.30001112312311307,0.2981436252593994,0.29443082213401794,0.30000001192092896,4.8
714,3,2924544,90.51437649666461,414.2100309375848,9.888703058997635,22.937070499989204,4,3,0,1,0.75,0.0,0.25,0.08974768234838848,0.4296724497107789,0.02728556881993427,0.635977634228766,0.5407658473122865,0.69964599609375,37.36901421920629,0.5156020671129227,0.00146484375,0.43994140625,0.2991289934143424,0.2973789300303906,0.30002183542819694,0.2994951903820038,0.29848551750183105,0.30000001192092896,4.783333333333333
715,3,2928640,90.54765771475826,394.7676386131499,10.37572384197847,22.983262538997224,10,7,0,3,0.7,0.0,0.3,0.08914738267685607,0.6078395530494163,0.03955599393157172,0.6364389704540372,0.5497351035301108,0.690185546875,35.13922888599336,0.5012654680758715,0.00244140625,0.53759765625,0.29916114738443866,0.2979195101070218,0.3000119063653983,0.2987462282180786,0.2969890534877777,0.29986923933029175,4.766666666666667
716,3,2932736,90.5814021431521,400.09824740720467,10.237485483987257,22.931655794993276,7,3,0,4,0.42857142857142855,0.0,0.5714285714285714,0.11657437376925373,0.3777720107755158,0.04199905496989231,0.6344871001783758,0.6212832671299111,0.71685791015625,39.674168488476425,0.5304185952991247,0.0009765625,0.492431640625,0.2989727854728699,0.2973510582232848,0.3000184862758033,0.29884111881256104,0.297101765871048,0.299995094537735,4.75
717,3,2936832,90.6136859240925,382.3580119337725,10.712473316001706,22.954230713978177,16,7,0,9,0.4375,0.0,0.5625,0.09439677669070079,0.45900586953939637,0.04576653875847114,0.6312687227036804,0.6085500390618108,0.693359375,34.349253942025825,0.5249773436225951,0.002197265625,0.47705078125,0.2986570683424361,0.29602639633230865,0.3000240622786805,0.29821765422821045,0.29465293884277344,0.30000001192092896,4.733333333333333
718,3,2940928,90.6466317181761,392.7376431627764,10.429354230000172,22.976363702997332,28,6,0,22,0.21428571428571427,0.0,0.7857142857142857,0.09651825865694263,0.5528440618945751,0.04566263900051126,0.6260288809426129,0.5432418619820965,0.70538330078125,34.10827044164762,0.6087238742038608,0.00146484375,0.322265625,0.2981394667294808,0.2947079075383954,0.30001012852881104,0.2980641722679138,0.29419246315956116,0.30000001192092896,4.716666666666667
719,3,2945024,90.6802044434566,402.3818496111165,10.179385586001445,22.977564481989248,7,2,0,5,0.2857142857142857,0.0,0.7142857142857143,0.09186971345479833,0.25097239410388283,0.0360996850686206,0.629767827456817,0.4672384852383402,0.67327880859375,35.96225084946491,0.5541138225235045,0.001708984375,0.370361328125,0.298511519911699,0.2955957019585185,0.3000272220815532,0.298539936542511,0.29623040556907654,0.30000001192092896,4.699999999999999
720,3,2949120,90.71427013911654,411.7527854517073,9.947716554015642,23.00785952300066,3,1,0,2,0.3333333333333333,0.0,0.6666666666666666,0.08495466822023445,0.29135642178880516,0.025340837221847323,0.6354117533192039,0.46639377623796463,0.67413330078125,36.96355181164108,0.48748995224013925,0.001220703125,0.55029296875,0.2990679278736934,0.2972392013762146,0.30002066178712994,0.29950904846191406,0.2985270619392395,0.30000001192092896,4.683333333333334
721,3,2953216,90.74722051490544,396.027330727366,10.342720520013245,22.987329160998343,10,1,0,9,0.1,0.0,0.9,0.1159065327647113,0.2795379018934909,0.03523708600005193,0.6429908543359488,0.636715494125383,0.7305908203125,28.65200452017598,0.48196646431460977,0.001953125,0.1826171875,0.29983783047646284,0.29943608096800745,0.3000511171412654,0.299983948469162,0.29995179176330566,0.30000001192092896,4.666666666666667
722,3,2957312,90.78085489806415,406.8986557736081,10.06638862498221,22.994804758985993,7,2,0,5,0.2857142857142857,0.0,0.7142857142857143,0.11473405420474592,0.16981787882832577,0.0419141753045551,0.6385845290496945,0.7079486748552881,0.740478515625,29.934730202308856,0.5029792301356792,0.001953125,0.055419921875,0.2993888648925349,0.29811544122640043,0.3000383906182833,0.2988734841346741,0.2966204285621643,0.30000001192092896,4.6499999999999995
723,3,2961408,90.8138822186547,398.3913627118806,10.281347396987258,22.972834115993464,11,1,0,10,0.09090909090909091,0.0,0.9090909090909091,0.09668501993837708,0.1660586923972005,0.03451148159001605,0.6346457239706069,0.5378518306097249,0.69171142578125,33.80619623151142,0.5156870419159532,0.002197265625,0.127685546875,0.29899478727020323,0.297032822156325,0.3000328006455675,0.29910632967948914,0.2973189353942871,0.30000001192092896,4.633333333333333
724,3,2965504,90.8460468619999,388.4737782168978,10.543826198001625,22.996626603009645,31,5,0,26,0.16129032258064516,0.0,0.8387096774193549,0.11174235711041547,0.3261522646425874,0.05091344739412307,0.6299929872620851,0.5720072118056123,0.6910400390625,46.414582314901054,0.5978080295026302,0.00146484375,0.354248046875,0.2985211323830299,0.2959725204273127,0.2999347478034906,0.2980651259422302,0.29511287808418274,0.29999855160713196,4.616666666666667
725,3,2969600,90.87916097196984,403.394249982981,10.153838336002082,23.021472899999935,8,1,1,6,0.125,0.125,0.75,0.0844224283391668,0.30732720119704027,0.029040319635896594,0.6329751301091164,0.5151295988143829,0.6815185546875,33.84742199035827,0.5362556455656886,0.002197265625,0.337890625,0.29882423841627315,0.2976856794557534,0.3000149021972902,0.2999642789363861,0.2999381422996521,0.30000001192092896,4.6000000000000005
726,3,2973696,90.91239082490632,404.6215495246353,10.123039676982444,22.986356196022825,9,5,0,4,0.5555555555555556,0.0,0.4444444444444444,0.084034933563089,0.5219989425531821,0.019976567160483683,0.6429306196514517,0.44835111407155637,0.67352294921875,29.203983664046973,0.4970780764706433,0.002197265625,0.49365234375,0.2998146188328974,0.29944952798541635,0.3000226223375648,0.2995342016220093,0.2989111542701721,0.30000001192092896,4.583333333333333
727,3,2977792,90.94477988583282,392.55529637312344,10.434198794013355,22.95383709599264,14,7,0,7,0.5,0.0,0.5,0.0835992452557548,0.863123622169951,0.033071220790588995,0.6419449578970671,0.42105139305931516,0.655029296875,25.821677099680528,0.5026910165324807,0.00244140625,0.5322265625,0.29972249577986076,0.29913480347022414,0.3000342802843079,0.2994708716869354,0.2984720766544342,0.30000001192092896,4.566666666666666
728,3,2981888,90.97806917931968,406.12463215902955,10.085573924006894,22.954826789005892,7,4,0,3,0.5714285714285714,0.0,0.42857142857142855,0.09528332345507806,0.5059227228048258,0.03018137711296731,0.6371383189689368,0.4282049906287284,0.6658935546875,28.839666288229637,0.50596490688622,0.001220703125,0.3642578125,0.29923729633446783,0.29785331105813384,0.3000244637951255,0.29932647943496704,0.29797932505607605,0.30000001192092896,4.55
729,3,2985984,91.00988371949558,389.4801618621924,10.516581846983172,23.031098932988243,14,2,0,12,0.14285714285714285,0.0,0.8571428571428571,0.11431722842280578,0.3839865695190383,0.048009182817622786,0.6356667750515044,0.5307069877162576,0.71826171875,33.85663162556011,0.5231794901192188,0.000732421875,0.290283203125,0.29909717926057056,0.2972845477052033,0.3000373962568119,0.2992144525051117,0.2976432740688324,0.30000001192092896,4.533333333333333
730,3,2990080,91.04269419748029,402.31576272907137,10.18105771500268,22.983940728008747,20,3,0,17,0.15,0.0,0.85,0.09842379269502999,0.2614615282873274,0.03907933991285972,0.635725645814091,0.42504788486257894,0.659423828125,32.52712041034829,0.5751841235905886,0.001708984375,0.373291015625,0.2990977556910366,0.29786819755099714,0.30002714070724323,0.29954642057418823,0.29870304465293884,0.30000001192092896,4.516666666666667
731,3,2994176,91.07541216506961,402.89808511398206,10.166342684009578,23.007118182023987,10,4,0,6,0.4,0.0,0.6,0.06646184210876527,0.6837391194712836,0.029628498166857753,0.6435784101486206,0.42237504437434836,0.6644287109375,28.701677411911078,0.5127339707687497,0.001708984375,0.41259765625,0.2998790581477806,0.29968648887006566,0.30001738719874993,0.2999638319015503,0.29993540048599243,0.29999029636383057,4.5
732,3,2998272,91.1080183234387,401.9077283885467,10.191393971006619,22.999545703001786,11,6,0,5,0.5454545454545454,0.0,0.45454545454545453,0.0884300921788963,0.5875614679680439,0.03128232024755562,0.6443460478913039,0.4384850937713054,0.66717529296875,32.44676596485078,0.5109917013905942,0.002197265625,0.52392578125,0.2999588483944535,0.2998442748794332,0.3000290399068035,0.299975723028183,0.2999372184276581,0.30000001192092896,4.483333333333333
733,3,3002368,91.14023655929465,397.31261668726427,10.30926234900835,22.998084541992284,13,4,1,8,0.3076923076923077,0.07692307692307693,0.6153846153846154,0.09459300649541547,0.5626223819417646,0.029011792342316767,0.6392852640710771,0.4121486637959606,0.6519775390625,35.016160485334694,0.507903890684247,0.001220703125,0.56689453125,0.2994452263228595,0.29840624902863055,0.29999322001822293,0.29895347356796265,0.29686039686203003,0.30000001192092896,4.466666666666667
734,3,3006464,91.17301885694062,408.1771801894951,10.03485789700062,23.044909855001606,9,3,0,6,0.3333333333333333,0.0,0.6666666666666666,0.07991832535844878,0.49226246535545215,0.026294666045941995,0.6338113078381866,0.34526547919449513,0.62738037109375,27.424515222897753,0.4771273424848914,0.00146484375,0.506591796875,0.29890973068540916,0.2967144995345734,0.30002284358488396,0.29920268058776855,0.29760804772377014,0.30000001192092896,4.45
735,3,3010560,91.20505957899988,395.2177859773022,10.363906042010058,22.96063310498721,15,4,0,11,0.26666666666666666,0.0,0.7333333333333333,0.09008475450173137,0.4102278872160241,0.04756278297463723,0.6381756672635674,0.4793382666030084,0.64971923828125,29.480889041908085,0.5031612641178071,0.0009765625,0.33837890625,0.29934855474857613,0.29799037921475247,0.3000362782040611,0.2990102171897888,0.29703062772750854,0.30000001192092896,4.433333333333334
736,3,3014656,91.23715770206444,398.087367472329,10.289198640006362,22.990755831997376,16,3,0,13,0.1875,0.0,0.8125,0.07483376596246671,0.49480845838115783,0.05780053831404075,0.6342660626396537,0.4921928039038903,0.6700439453125,31.371641337056644,0.6037066923454404,0.0009765625,0.261962890625,0.29895349021535367,0.29688429849920794,0.30002792918821797,0.2984747588634491,0.2956482470035553,0.30000001192092896,4.416666666666666
737,3,3018752,91.26975073432767,405.3753821573204,10.104214958002558,22.972993261006195,10,1,0,9,0.1,0.0,0.9,0.1196331446262775,0.37852320831734687,0.04697569726522488,0.6295791466254741,0.48594949219113914,0.67584228515625,39.460148772923276,0.5769509742967784,0.0009765625,0.353515625,0.2984877385897562,0.2955072103650309,0.30000965477665886,0.2984858751296997,0.29575419425964355,0.30000001192092896,4.4
738,3,3022848,91.30138581780419,392.69085045419223,10.430596983002033,22.970730830013053,12,4,0,8,0.3333333333333333,0.0,0.6666666666666666,0.0851755882067664,0.5843205490818946,0.04050061865200405,0.6395092892926186,0.5471455060178414,0.692138671875,28.34525627689436,0.5511320438235998,0.001708984375,0.3798828125,0.29947877558879554,0.29844985844101757,0.3000264910515398,0.30000001192092896,0.30000001192092896,0.30000001192092896,4.383333333333334
739,3,3026944,91.33268980240693,388.02133104190494,10.556120688008377,22.94182932798867,14,5,0,9,0.35714285714285715,0.0,0.6428571428571429,0.09767665129584202,0.5361779321974609,0.039364745791317546,0.6411996770184487,0.5021896562830079,0.68328857421875,33.002706435276195,0.5425358852371573,0.001708984375,0.4365234375,0.2996388375759125,0.29929208289831877,0.30001510703004897,0.29982811212539673,0.29972603917121887,0.30000001192092896,4.366666666666666
740,3,3031040,91.364344291801,395.38333895413376,10.359566517989151,22.988402243994642,10,4,0,6,0.4,0.0,0.6,0.07312486960290698,0.5434033948331489,0.03404350400251133,0.6433794908225536,0.4542291382676922,0.6710205078125,26.693134303204715,0.5370998182334006,0.00146484375,0.434814453125,0.29986225109314546,0.2995695633580908,0.3000284343142994,0.29938003420829773,0.2982267737388611,0.2999671995639801,4.35
741,3,3035136,91.39623416281506,398.1719840997153,10.287012054002844,22.951723217003746,16,0,0,16,0.0,0.0,1.0,0.10288746005062421,0.21951140770397615,0.041428967779211234,0.6420298321172595,0.5646352078329073,0.70196533203125,33.74839270324446,0.5058055710978806,0.0009765625,0.29638671875,0.29973283858271316,0.2991575351334177,0.3000332418596372,0.30000001192092896,0.30000001192092896,0.30000001192092896,4.333333333333334
742,3,3039232,91.42819641928945,400.6617019965567,10.223088404978625,22.967007333994843,9,1,0,8,0.1111111111111111,0.0,0.8888888888888888,0.08418944697041297,0.30266460141865537,0.03570553079407546,0.6443617069162428,0.48652656903868774,0.6800537109375,30.168290897505358,0.5414838092401624,0.001708984375,0.300048828125,0.2999640859197825,0.2998547801980749,0.30003280070377514,0.30000001192092896,0.30000001192092896,0.30000001192092896,4.316666666666666
743,3,3043328,91.4600554362384,402.31473242878786,10.181083787989337,23.023277896019863,10,4,0,6,0.4,0.0,0.6,0.07765120244948776,0.5898158455092926,0.03465810594661889,0.6437713636551052,0.4667131293899729,0.6583251953125,28.349318349268287,0.5442033684812486,0.001220703125,0.51171875,0.2998992658103816,0.2997076871106401,0.3000261880806647,0.29977795481681824,0.2996663749217987,0.30000001192092896,4.3
744,3,3047424,91.49164699419917,396.15761107916745,10.339319213991985,22.939369076979347,12,2,0,10,0.16666666666666666,0.0,0.8333333333333334,0.07805009807270835,0.42705186651437543,0.039137097641287255,0.6444404895883054,0.4484354797168635,0.655029296875,31.339843933470547,0.5189795489422977,0.00146484375,0.53466796875,0.29996850044699386,0.29988427145872265,0.3000276524107903,0.29991254210472107,0.2997375726699829,0.30000001192092896,4.283333333333333
745,3,3051520,91.52295722184402,394.9856522833295,10.369996926019667,22.988186303991824,13,3,0,10,0.23076923076923078,0.0,0.7692307692307693,0.07642207750723173,0.38209073874895694,0.029577602780591405,0.6403496232815087,0.44344018006449915,0.65447998046875,27.807780217844993,0.5392434955574572,0.001708984375,0.515380859375,0.2995588586782105,0.29868597828317434,0.30002424167469144,0.29995593428611755,0.29986777901649475,0.30000001192092896,4.266666666666667
746,3,3055616,91.55353482697657,386.11404347764204,10.608264758018777,22.994028546992922,15,5,0,10,0.3333333333333333,0.0,0.6666666666666666,0.08612361343330122,0.6309820603346452,0.04615968089819944,0.6439841692335904,0.5313195412454661,0.68426513671875,32.694581505144015,0.5322873704135418,0.00146484375,0.400390625,0.29992366052465513,0.29977175837848336,0.30003180424682796,0.30000001192092896,0.30000001192092896,0.30000001192092896,4.25
747,3,3059712,91.58549585999617,406.5287783790275,10.075547458982328,22.999732900992967,12,2,0,10,0.16666666666666666,0.0,0.8333333333333334,0.07914512325351097,0.3682865219525411,0.0364501442436449,0.6404796319548041,0.4580509535735473,0.6630859375,30.830215788912028,0.5140761095099151,0.001220703125,0.45947265625,0.29956603836035356,0.29874377622036263,0.3000152197200805,0.2993130385875702,0.2979891002178192,0.30000001192092896,4.233333333333333
748,3,3063808,91.61685806476585,396.19530794163677,10.338335457025096,22.932388202025322,11,3,0,8,0.2727272727272727,0.0,0.7272727272727273,0.08584755868650973,0.36811726515588816,0.044269412943322095,0.6414775224402547,0.5106865305133397,0.68035888671875,31.414582842262462,0.5197590598836541,0.00146484375,0.40185546875,0.29967807279899716,0.299208932032343,0.3000444283243269,0.2997789978981018,0.2993369996547699,0.30000001192092896,4.216666666666667
749,3,3067904,91.64903372988348,407.9625976872391,10.040136088995496,22.91088910601684,7,1,0,6,0.14285714285714285,0.0,0.8571428571428571,0.08770505537540885,0.21088583931850735,0.03313913859528839,0.644317656988278,0.46848824397238786,0.67279052734375,34.73700525937602,0.5577813028357923,0.0009765625,0.412841796875,0.2999603286734782,0.29986208520131186,0.30003176449099556,0.30000001192092896,0.30000001192092896,0.30000001192092896,4.2
750,3,3072000,91.68010874312704,394.9499579378977,10.370934133999981,22.958919760014396,12,4,0,8,0.3333333333333333,0.0,0.6666666666666666,0.07838420966618287,0.9263154748186935,0.03445732852742367,0.6417090632021427,0.49694467330846237,0.6885986328125,29.15219389856793,0.5322755384258926,0.002197265625,0.478271484375,0.2996910022920929,0.29911885573528707,0.3000199763919227,0.2998110055923462,0.2994644045829773,0.30000001192092896,4.183333333333334
751,3,3076096,91.7103921687343,386.40607948619027,10.600247297988972,22.995940089022042,15,2,0,13,0.13333333333333333,0.0,0.8666666666666667,0.07336459341422596,0.573105213654344,0.04923484270875633,0.6352158833760768,0.4906188004933938,0.6798095703125,31.475063677760772,0.5474669365212321,0.000732421875,0.470947265625,0.29904363595414907,0.2973359599709511,0.30001817643642426,0.29885122179985046,0.296667218208313,0.30000001192092896,4.166666666666667
752,3,3080192,91.74139832839396,396.5681207057227,10.32861641200725,22.981505717994878,12,2,0,10,0.16666666666666666,0.0,0.8333333333333334,0.09927832351240795,0.5097604798502289,0.04969760513449728,0.6377511161845177,0.5605130707881472,0.69952392578125,33.104912526439875,0.5620160913094878,0.00048828125,0.368408203125,0.2993016065447591,0.29790010128635913,0.30002607469214126,0.29924440383911133,0.2977331280708313,0.30000001192092896,4.1499999999999995
753,3,3084288,91.77229992006924,395.4832468207715,10.356949461012846,22.969102954986738,12,2,0,10,0.16666666666666666,0.0,0.8333333333333334,0.12000945253930695,0.3489082639789558,0.045930937318189535,0.638542101951316,0.7322876318939961,0.75341796875,32.131392143666744,0.5767462239600718,0.00146484375,0.163818359375,0.29938292398583144,0.2981119333417155,0.3000330345821567,0.2993927597999573,0.29817822575569153,0.30000001192092896,4.133333333333333
754,3,3088384,91.80320951216368,393.8265713878044,10.400517125002807,22.900236560992198,14,3,0,11,0.21428571428571427,0.0,0.7857142857142857,0.07383436154668743,0.5599757761665387,0.03413151336371811,0.6384966850746423,0.40065736152610043,0.6583251953125,28.456828224938363,0.5295154750347137,0.000732421875,0.344482421875,0.29937087307916954,0.2982885658275336,0.3000112621230073,0.299127995967865,0.29738396406173706,0.30000001192092896,4.116666666666667
755,3,3092480,91.83454291223225,402.26994961389653,10.182217199995648,22.94075918701128,9,2,0,7,0.2222222222222222,0.0,0.7777777777777778,0.06398951733171998,0.3878248941109632,0.03594571720714157,0.6319618248380721,0.45949136249691946,0.66802978515625,26.707906891126186,0.5339197651483119,0.0009765625,0.466796875,0.29872559424256906,0.2961961325490847,0.300029075355269,0.29859229922294617,0.2957768142223358,0.30000001192092896,4.1000000000000005
756,3,3096576,91.86542518180467,398.11621298757973,10.288453135988675,22.977425592020154,13,5,0,8,0.38461538461538464,0.0,0.6153846153846154,0.08840116084957117,0.5952176231367048,0.05158296367699222,0.6373297907412052,0.6817530997213908,0.71405029296875,31.99808169482276,0.5621386133134365,0.00244140625,0.37646484375,0.2992638609139249,0.29778002988314256,0.3000300829880871,0.29992935061454773,0.2997879683971405,0.30000001192092896,4.083333333333333
757,3,3100672,91.89631807733188,398.6797513693452,10.27391028997954,22.965806881984463,12,1,0,11,0.08333333333333333,0.0,0.9166666666666666,0.09732584498851793,0.20740618924901355,0.0345330018299137,0.6438214385416359,0.5919672438321868,0.70941162109375,32.60734691563994,0.5780964959412813,0.00146484375,0.218017578125,0.299914481875021,0.2997025483637117,0.3000406357459724,0.29998719692230225,0.29996156692504883,0.30000001192092896,4.066666666666666
758,3,3104768,91.9273333326006,400.47277590655074,10.227911224996205,22.944418862985913,12,1,0,11,0.08333333333333333,0.0,0.9166666666666666,0.08636764478069381,0.2801415964277112,0.0315444902425952,0.6445096447132528,0.517101151184761,0.69488525390625,28.81438688491471,0.5214629033580422,0.001220703125,0.247314453125,0.299981958756689,0.29989225981989875,0.30003824207233265,0.2998768985271454,0.29963061213493347,0.30000001192092896,4.050000000000001
759,3,3108864,91.95849467415587,405.4203546925045,10.103094115998829,22.99317410297226,10,3,0,7,0.3,0.0,0.7,0.08637819478826714,0.42378749189083464,0.03647490261209896,0.6436585891060531,0.49253626306017395,0.6710205078125,30.166578000877053,0.48846632800996304,0.001953125,0.417724609375,0.29988772311480716,0.29968359222402796,0.3000258420361206,0.29988133907318115,0.29964402318000793,0.30000001192092896,4.033333333333333
760,3,3112960,91.98932310014425,399.148747977999,10.261838526988868,22.93426993198227,14,3,0,11,0.21428571428571427,0.0,0.7857142857142857,0.09346790812560357,0.4569682546425611,0.039082512876120745,0.6441755671985447,0.5331524060602533,0.68017578125,29.574347010347992,0.5577928237617016,0.0009765625,0.494140625,0.29994376946706325,0.2997976709739305,0.3000299575505778,0.29997438192367554,0.2999231219291687,0.30000001192092896,4.016666666666667
761,3,3117056,92.01930600488626,390.3795909236358,10.492351791006513,22.992060641001444,17,7,1,9,0.4117647058823529,0.058823529411764705,0.5294117647058824,0.09458456344327715,0.9242783696681727,0.04156799838983716,0.6440369461197406,0.5165554260602221,0.6871337890625,29.30599041772075,0.554771926254034,0.002685546875,0.458251953125,0.2999277366907336,0.2997529947315343,0.30002729216357693,0.2998812198638916,0.2996436059474945,0.30000001192092896,4.0
762,3,3121152,92.04955519057827,394.9240380600473,10.37161480501527,22.99354074697476,15,5,0,10,0.3333333333333333,0.0,0.6666666666666666,0.07936838630030252,0.6646591714961687,0.036993467876527575,0.6399313297588378,0.5580550948579912,0.69439697265625,26.186275559244677,0.5853867419064045,0.00146484375,0.393310546875,0.2995139821432531,0.29864603927126154,0.3000250667100772,0.2990874946117401,0.29726243019104004,0.30000001192092896,3.9833333333333334
763,3,3125248,92.0801559420148,397.7681223276404,10.297456658998271,22.91613128798781,10,4,0,6,0.4,0.0,0.6,0.0925717607151455,0.5376513732044259,0.031767670951012406,0.6413627206347883,0.4315319283377903,0.65362548828125,27.59095429140143,0.5160049968399107,0.001220703125,0.4912109375,0.29966133151901886,0.2990063382894732,0.30002079566475004,0.2998860776424408,0.2996595501899719,0.30000001192092896,3.966666666666667
764,3,3129344,92.11051762036553,397.4788148947196,10.30495172701194,22.975039324024692,11,5,0,6,0.45454545454545453,0.0,0.5454545454545454,0.08608755139903224,0.5654319315508474,0.04193755461346882,0.6435797729063779,0.47880609584171907,0.67437744140625,30.500271253520623,0.5481172264553607,0.001708984375,0.433349609375,0.29987962532322854,0.2996481630834751,0.3000233839266002,0.2998637557029724,0.29959121346473694,0.30000001192092896,3.95
765,3,3133440,92.14179595841439,410.78883216450527,9.971059773990419,22.94861796000623,6,3,0,3,0.5,0.0,0.5,0.14725773336067505,0.2994634874921758,0.02857283472076233,0.6438998552039266,0.624063100454805,0.7230224609375,33.858008114853874,0.527608344797045,0.002685546875,0.205322265625,0.29992011218564585,0.2997377229621634,0.30003958055749536,0.29986572265625,0.29969534277915955,0.30000001192092896,3.933333333333333
766,3,3137536,92.17194810204424,394.6376445317869,10.379141617013374,22.933890804008115,14,3,0,11,0.21428571428571427,0.0,0.7857142857142857,0.0868835279961786,0.4267355633855914,0.04177213312141248,0.6376761898864061,0.4805992335168412,0.66876220703125,26.13361452636309,0.5158908404409885,0.001953125,0.263671875,0.29929712443845347,0.2979289691429585,0.3000391267123632,0.29908883571624756,0.2972664535045624,0.30000001192092896,3.9166666666666665
767,3,3141632,92.20179547216294,393.20431109906633,10.416976325999713,22.986796594021143,16,1,0,15,0.0625,0.0,0.9375,0.08583620775243617,0.33324352660565637,0.03938868780824123,0.6425444537308067,0.5263997249312524,0.67608642578125,32.042691869311966,0.5463037141598761,0.00048828125,0.3505859375,0.2997827304643579,0.2993198072654195,0.3000309884082526,0.29990968108177185,0.2997675836086273,0.30000001192092896,3.9000000000000004
768,3,3145728,92.23165747490467,393.13723815563696,10.418753561010817,22.958330534020206,11,1,0,10,0.09090909090909091,0.0,0.9090909090909091,0.11396690924448194,0.26953126917942427,0.05045652941043954,0.6429864801466465,0.5838754378528392,0.71746826171875,32.88219833187759,0.5857064155861735,0.000732421875,0.271240234375,0.29982426785863936,0.2994592872564681,0.30003276345087215,0.2999257445335388,0.2998819351196289,0.30000001192092896,3.883333333333333
769,3,3149824,92.26229393715724,404.21772518124476,10.133152864989825,22.93568633700488,10,0,0,10,0.0,0.0,1.0,0.08706201892164245,0.28679302711680066,0.034171877057815436,0.643693845719099,0.48826785080018453,0.66650390625,26.859372697537765,0.533800536300987,0.0009765625,0.31982421875,0.2999005760066211,0.29964111535809934,0.30004175630165264,0.29955101013183594,0.2986530363559723,0.30000001192092896,3.8666666666666667
770,3,3153920,92.29175635457224,389.52749661238056,10.51530388899846,22.964015714009292,14,3,0,11,0.21428571428571427,0.0,0.7857142857142857,0.06537538663542364,0.59976096880564,0.02987899788604409,0.6424072403460741,0.45863433187332703,0.66448974609375,27.227706857025623,0.5191531009040773,0.001220703125,0.44189453125,0.2997622338589281,0.2992887847358361,0.30001849331893027,0.30000001192092896,0.30000001192092896,0.30000001192092896,3.85
771,3,3158016,92.32203184233335,399.42506802499054,10.254739444004372,22.903034393006237,9,3,0,6,0.3333333333333333,0.0,0.6666666666666666,0.07249373805279902,0.4373472702791332,0.03316110138712247,0.6433507734909654,0.42092937733832514,0.65264892578125,26.271305922651663,0.5159130897372961,0.001220703125,0.483154296875,0.29985993017908186,0.2995601730654016,0.3000327571062371,0.29982006549835205,0.2995432913303375,0.30000001192092896,3.833333333333333
772,3,3162112,92.3519731998805,396.57992985002926,10.328308852011105,22.932456835987978,13,5,0,8,0.38461538461538464,0.0,0.6153846153846154,0.06383612299032393,0.9279407271533273,0.0334822570457618,0.6358476206660271,0.42305500141810626,0.654541015625,23.982009686995298,0.5435237176716328,0.00146484375,0.448974609375,0.2991037809406407,0.29755016189301386,0.3000004529603757,0.2987027168273926,0.2967270016670227,0.2997828722000122,3.8166666666666664
773,3,3166208,92.38149806516427,391.7828117740985,10.45477207499789,22.939402636984596,17,2,0,15,0.11764705882352941,0.0,0.8823529411764706,0.08058621604686778,0.3166107032884611,0.031015331122034695,0.6422152214217931,0.41173758308650577,0.64239501953125,25.910932675004005,0.5165787497535348,0.0009765625,0.342041015625,0.299751779763028,0.2992865979904309,0.30002828838769346,0.2995002567768097,0.2985007166862488,0.30000001192092896,3.8
774,3,3170304,92.41118055593621,395.0994064280698,10.367011271999218,22.94723622998572,11,1,0,10,0.09090909090909091,0.0,0.9090909090909091,0.0762449166541046,0.2846464556205319,0.02486326815051143,0.6370579940266907,0.38343689203611575,0.63494873046875,28.102036653086543,0.5238364902324975,0.001220703125,0.284423828125,0.2992260186583735,0.2978498286101967,0.3000085786334239,0.2988211512565613,0.29741358757019043,0.29959172010421753,3.783333333333333
775,3,3174400,92.44128991966772,401.7485723297349,10.195431377011118,22.938594442995964,11,2,0,9,0.18181818181818182,0.0,0.8181818181818182,0.08130837115095346,0.3788032106385799,0.04299748238554457,0.6427075555548072,0.36776612610265147,0.64898681640625,24.04205629066564,0.4992280234582722,0.001953125,0.26611328125,0.2998042499530129,0.29939712083432823,0.3000204101554118,0.2999609708786011,0.2998828887939453,0.30000001192092896,3.7666666666666666
776,3,3178496,92.47142062946942,403.2664387785469,10.157056491996627,22.94790227600606,9,0,0,9,0.0,0.0,1.0,0.07684524682917981,0.31150127538421657,0.027798269774393702,0.6414572095964104,0.3326388773675717,0.62158203125,24.75198443653062,0.5199450999498367,0.0009765625,0.26318359375,0.2996742529794574,0.2989836147171445,0.30003623524680734,0.29980406165122986,0.29941216111183167,0.30000001192092896,3.75
777,3,3182592,92.50192743138969,409.23959672457914,10.008806656987872,22.93436286097858,9,2,0,7,0.2222222222222222,0.0,0.7777777777777778,0.08490540999537188,0.3918553080147831,0.034752223041323305,0.6431745463050902,0.3620794386624766,0.63641357421875,27.25499139400199,0.4796455008909106,0.0009765625,0.232666015625,0.2998421377269551,0.29955803172197193,0.30003284267149866,0.29993683099746704,0.2998165786266327,0.30000001192092896,3.733333333333333
778,3,3186688,92.53142492501567,395.7994923881432,10.348674212000333,22.948485877976054,16,0,4,12,0.0,0.25,0.75,0.17795099113391188,0.35944121520151384,0.08186332255718298,0.6435346598736942,0.830616598490451,0.77532958984375,28.772027019411325,0.6064933612942696,0.00146484375,0.043212890625,0.29988675710046664,0.29961506061954424,0.30005101673305035,0.29985833168029785,0.29957494139671326,0.30000001192092896,3.716666666666667
779,3,3190784,92.56041521228073,388.8085692637506,10.53474723501131,22.930245113006094,18,1,3,14,0.05555555555555555,0.16666666666666666,0.7777777777777778,0.10326897366030607,0.2559868401622225,0.050400170010107104,0.6384706299286336,0.8585395328045706,0.76544189453125,21.83435064344667,0.6168698417022824,0.0009765625,0.111328125,0.29937948507722467,0.29811193491332233,0.30004559736698866,0.2992303967475891,0.29769113659858704,0.30000001192092896,3.7
780,3,3194880,92.5905647799895,404.7120438301404,10.12077614798909,22.89103100198554,8,2,1,5,0.25,0.125,0.625,0.09942677451726922,0.34424093145207735,0.03584081028930086,0.6412672153674066,0.5752200632705353,0.7254638671875,21.71803765837103,0.5329435979947448,0.000732421875,0.103515625,0.29965911561157554,0.2990414804080501,0.30003951175604016,0.2999013662338257,0.29970407485961914,0.30000001192092896,3.6833333333333336
781,3,3198976,92.6202796064002,397.8738862103154,10.294719361991156,22.856987626000773,11,1,0,10,0.09090909090909091,0.0,0.9090909090909091,0.08549849820701638,0.1978516722447239,0.04321271118988079,0.6433674704749137,0.4401369600673206,0.6483154296875,24.311590182362124,0.49888844741508365,0.00146484375,0.199951171875,0.29986202518921345,0.2995548917679116,0.3000316499383189,0.2995411455631256,0.298642098903656,0.30000001192092896,3.666666666666667
782,3,3203072,92.65004512997095,402.83304023138555,10.167984229017748,22.94441061798716,7,1,0,6,0.14285714285714285,0.0,0.8571428571428571,0.1115612934827368,0.11977228538489726,0.04816554061744682,0.6423932339530438,0.4824449442203331,0.70343017578125,24.072566287126392,0.5317039806395769,0.001220703125,0.097900390625,0.29976503195939586,0.2994705103337765,0.3000349155627191,0.29995298385620117,0.29985883831977844,0.30000001192092896,3.65
783,3,3207168,92.67963307939122,400.7395361670953,10.221102812007302,22.93614220499876,10,0,0,10,0.0,0.0,1.0,0.10936446655068721,0.14750264711983618,0.03931076222761476,0.6437018024735153,0.42678678069569287,0.658447265625,25.99925450515002,0.5242326576262712,0.001220703125,0.08447265625,0.2998967979801819,0.2997038915636949,0.30003624252276495,0.2999609112739563,0.2998826503753662,0.30000001192092896,3.6333333333333333
784,3,3211264,92.70856177319419,390.8827054057747,10.47884683398297,22.903519174986286,13,1,0,12,0.07692307692307693,0.0,0.9230769230769231,0.07318195457446564,0.28852453638683073,0.03297365486105264,0.6444653626531363,0.37582916790415766,0.630859375,24.75771621707827,0.5189059106633067,0.00244140625,0.229736328125,0.299970289808698,0.299884288047906,0.3000217449734919,0.30000001192092896,0.30000001192092896,0.30000001192092896,3.616666666666667
785,3,3215360,92.73723788873517,390.0894484254742,10.500155839981744,22.95607136300532,20,2,0,18,0.1,0.0,0.9,0.06989342972519808,0.29158523945807246,0.047253915121473256,0.6432537604123354,0.4647183694105479,0.64923095703125,24.534754351479933,0.5682257693260908,0.001708984375,0.257568359375,0.2998478477820754,0.29951688717119396,0.3000247838208452,0.29999029636383057,0.29997187852859497,0.30000001192092896,3.5999999999999996
786,3,3219456,92.76624667460318,395.4956887863511,10.356623639992904,22.95400491898181,11,3,0,8,0.2727272727272727,0.0,0.7272727272727273,0.06965907094354407,0.4173832452579518,0.03099020699846733,0.6445201386231929,0.40154308287310414,0.65350341796875,24.07247327384539,0.5709198480471969,0.00146484375,0.3134765625,0.29997689643641934,0.2999026444158517,0.30002712784335017,0.30000001192092896,0.30000001192092896,0.30000001192092896,3.5833333333333335
787,3,3223552,92.79510116566358,393.54698551972973,10.407905919011682,22.939881281985436,13,3,0,10,0.23076923076923078,0.0,0.7692307692307693,0.06665583454741864,0.5182442124933004,0.03173663235429558,0.6442191870883107,0.3964654756200616,0.64263916015625,22.905038241297007,0.5350594292394817,0.00146484375,0.3974609375,0.29994661029195413,0.29980808310210705,0.3000291822827421,0.299755722284317,0.2992989420890808,0.30000001192092896,3.566666666666667
788,3,3227648,92.82522983789306,414.477961661708,9.882310710992897,22.967565341998124,6,3,0,3,0.5,0.0,0.5,0.07026804750421434,0.5600246735994006,0.03685532970484928,0.6357285387348384,0.5311081813415512,0.69378662109375,25.474593949271366,0.5254337973892689,0.001953125,0.46826171875,0.2990968235535547,0.29732699238229543,0.3000161327654496,0.29904234409332275,0.29712703824043274,0.30000001192092896,3.55
789,3,3231744,92.85443893131182,399.52077903886817,10.252282772009494,22.92100737101282,13,6,0,7,0.46153846153846156,0.0,0.5384615384615384,0.0736010419750528,0.6727955116512021,0.038968495737208286,0.6343340885359794,0.47096080292976694,0.6541748046875,24.96417099284008,0.5496375053189695,0.002197265625,0.46142578125,0.2989586419425905,0.2968944914173335,0.3000150265870616,0.2983816862106323,0.29550087451934814,0.30000001192092896,3.533333333333333
790,3,3235840,92.8831500201239,394.2943269010382,10.388178881985368,22.950872752000578,14,1,0,13,0.07142857142857142,0.0,0.9285714285714286,0.07884393216954777,0.331822581923916,0.031858873069722904,0.6312120305374265,0.5040429378859699,0.67962646484375,27.020758461672813,0.5500948457047343,0.001220703125,0.454833984375,0.29865639813942835,0.295952140877489,0.3000299394479953,0.2987428903579712,0.2962590754032135,0.30000001192092896,3.5166666666666666
791,3,3239936,92.91199229116407,396.44434057423115,10.331841272010934,22.936591209989274,15,3,0,12,0.2,0.0,0.8,0.0954068767860008,0.5273229548984091,0.032168610548978904,0.6259399212431163,0.5846459562162636,0.68560791015625,22.957137746969238,0.5549931540153921,0.000732421875,0.525146484375,0.29813550581457093,0.294404910877347,0.30002695886651054,0.29723167419433594,0.29169905185699463,0.30000001192092896,3.5
792,3,3244032,92.94102485282521,399.6919860361139,10.247891234001145,22.929292081971653,12,4,0,8,0.3333333333333333,0.0,0.6666666666666666,0.07215886834183038,0.5319798954878934,0.030302331419079565,0.6204171194694936,0.6087382235273253,0.66839599609375,23.88083750102669,0.5044939825311303,0.00244140625,0.436767578125,0.297592093993444,0.29287164157722145,0.30001725209876895,0.2977312207221985,0.2931935489177704,0.30000001192092896,3.4833333333333334
793,3,3248128,92.96981678205105,397.40708583937305,10.306811694987118,22.94007005300955,9,0,0,9,0.0,0.0,1.0,0.08617649263214844,0.24016664212103933,0.03148367241192318,0.6202395686414093,0.47637724030573736,0.6680908203125,23.066118500195444,0.5045447247102857,0.001708984375,0.203369140625,0.2975881139864214,0.2926997327595018,0.30004472559085116,0.29812395572662354,0.2944594919681549,0.30000001192092896,3.466666666666667
794,3,3252224,92.99925400575253,407.2290682208805,10.058221084007528,22.92564575301367,7,1,0,6,0.14285714285714285,0.0,0.8571428571428571,0.08249394122503872,0.23759628889820306,0.03204711664693605,0.6205234541557729,0.42723924341771635,0.64581298828125,22.41482384549454,0.47893682727590203,0.0009765625,0.31689453125,0.2976096300408244,0.2927815387956798,0.3000372583628632,0.29714691638946533,0.2914406657218933,0.30000001192092896,3.4499999999999997
795,3,3256320,93.02757185880749,392.361779214376,10.43934505598736,22.944700310006738,15,5,0,10,0.3333333333333333,0.0,0.6666666666666666,0.06344156205523177,0.6214350149966776,0.045448512228176696,0.6172807614784688,0.46087643994542304,0.65167236328125,21.92376038210932,0.5109338806942105,0.001953125,0.419189453125,0.297286290617194,0.2918514800257981,0.3000215491047129,0.29722860455513,0.2916857600212097,0.30000001192092896,3.433333333333333
796,3,3260416,93.0559762293895,394.21180576540115,10.39035345998127,22.940165441017598,14,2,0,12,0.14285714285714285,0.0,0.8571428571428571,0.11504816729575396,0.15319488366003498,0.042506136080191936,0.627223740098998,0.538871651275258,0.70550537109375,23.674157787580043,0.5522316163405776,0.002197265625,0.092529296875,0.29826677666278556,0.29488178907195106,0.30003643344389275,0.2986076772212982,0.29582297801971436,0.30000001192092896,3.416666666666667
797,3,3264512,93.08404224284452,389.2653303055164,10.522385841002688,22.916025488986634,16,1,0,15,0.0625,0.0,0.9375,0.0650405550513824,0.23261579141762923,0.039343913425909705,0.6307084818836302,0.4173064399001305,0.64093017578125,22.011789784301072,0.5660100448876619,0.0009765625,0.207275390625,0.2986004793201573,0.29585639521246776,0.30000677466159686,0.2978808581829071,0.29364249110221863,0.30000001192092896,3.3999999999999995
798,3,3268608,93.11221583895514,390.493933666612,10.48927946598269,22.88803666998865,15,7,0,8,0.4666666666666667,0.0,0.5333333333333333,0.05961779061362904,0.7192952787008835,0.028293954005675914,0.6204108642414212,0.39269629894261016,0.61932373046875,20.331881157821044,0.5585749917663634,0.002197265625,0.375,0.29758820141432807,0.2928601850871928,0.30000251927413046,0.29746633768081665,0.2925907075405121,0.2999730110168457,3.3833333333333337
799,3,3272704,93.14057220669734,396.5954166143874,10.327905539015774,22.960426691017346,12,8,0,4,0.6666666666666666,0.0,0.3333333333333333,0.058046508667757735,1.0385754552989965,0.03753373994732101,0.6134713259525597,0.4421339387554326,0.6494140625,19.38953417027369,0.5299694007262588,0.002685546875,0.334716796875,0.29691334802191705,0.29092227877117693,0.3000249243923463,0.2966829240322113,0.29034459590911865,0.30000001192092896,3.3666666666666667
800,3,3276800,93.16941490728398,403.212857062327,10.15840623198892,22.926197110995417,10,4,0,6,0.4,0.0,0.6,0.060175074791914085,0.43425432141521014,0.029397459212304966,0.6109001140575856,0.3831901717603614,0.62249755859375,21.017047343077138,0.5135765285231173,0.001708984375,0.535888671875,0.2966680891113356,0.29005275981035084,0.3000240296823904,0.29685235023498535,0.29055705666542053,0.30000001192092896,3.3499999999999996
801,3,3280896,93.19745798150883,391.85302838277966,10.452898671996081,22.912247911008308,17,4,0,13,0.23529411764705882,0.0,0.7647058823529411,0.08174323808634654,0.4464506162330508,0.03844454371392203,0.611483721062541,0.5111661332193762,0.66326904296875,23.52075785724446,0.5155359185300767,0.00146484375,0.448974609375,0.296721869148314,0.29020216286880895,0.3000182031537406,0.2962791323661804,0.288907915353775,0.30000001192092896,3.333333333333334
802,3,3284992,93.22654103232387,407.34632197135096,10.055325847002678,22.897723138012225,9,2,0,7,0.2222222222222222,0.0,0.7777777777777778,0.06264891253522364,0.2784583553657285,0.029635308841534425,0.6106506087817252,0.3954247198453231,0.64398193359375,19.96090851491317,0.539596208371222,0.001953125,0.292724609375,0.2966459156596102,0.2900244308402762,0.3000159366056323,0.2970739006996155,0.29122161865234375,0.30000001192092896,3.3166666666666664
803,3,3289088,93.25469594392273,395.4767670718343,10.357119156018598,22.92647738600499,13,5,0,8,0.38461538461538464,0.0,0.6153846153846154,0.0618543433593004,0.4392074286879506,0.02950184561086644,0.6070786914788187,0.38126225477753906,0.61907958984375,19.619676674716175,0.5055376249365509,0.001953125,0.290771484375,0.296297668654006,0.28898907179245725,0.3000246632145718,0.296093612909317,0.28836971521377563,0.30000001192092896,3.3
804,3,3293184,93.28284088448301,395.1812133096898,10.364865186013049,22.902009913988877,10,3,0,7,0.3,0.0,0.7,0.07556239623590955,0.26007155858678743,0.03393689735821681,0.603793322108686,0.42005749357122113,0.6356201171875,24.4195462197531,0.4931780658662319,0.003173828125,0.360107421875,0.2959797675139271,0.2880499491584487,0.29999897023662925,0.295856237411499,0.28763145208358765,0.30000001192092896,3.2833333333333337
805,3,3297280,93.3110549220052,397.45977021577556,10.305445498990593,22.91502823299379,12,2,0,10,0.16666666666666666,0.0,0.8333333333333334,0.08119421807714389,0.3152839365429827,0.04354670867178356,0.5973661269526929,0.4450125349976588,0.64324951171875,24.892929371912032,0.5313407499343157,0.001708984375,0.2177734375,0.29536649119108915,0.28614202147582546,0.3000165986013599,0.2950899004936218,0.28528061509132385,0.30000001192092896,3.2666666666666666
806,3,3301376,93.33990203136744,408.67372062013345,10.02266549898195,22.93825193698285,7,0,0,7,0.0,0.0,1.0,0.08119461203750689,0.17722363674693042,0.03082721130158461,0.5931621070485562,0.4029312620841665,0.6405029296875,22.282341666519642,0.4941911082714796,0.000732421875,0.1875,0.29497859679395333,0.284883588377852,0.30004193453351036,0.29500460624694824,0.28501376509666443,0.30000001192092896,3.25
807,3,3305472,93.36798441391399,396.8380636402016,10.321590530977119,22.908938757987926,15,2,0,14,0.13333333333333333,0.0,0.9333333333333333,0.07853446987974166,0.30887366343085887,0.03860051049196045,0.5983451516367495,0.48453608314230223,0.64239501953125,23.811528821242973,0.5147056453861296,0.00048828125,0.33642578125,0.2954612371395342,0.286409908963833,0.30001595336943865,0.29579469561576843,0.28743526339530945,0.30000001192092896,3.2333333333333334
808,3,3309568,93.39589692349838,395.58640672606623,10.354248604999157,22.920831738010747,16,6,0,10,0.375,0.0,0.625,0.06624186603767157,0.358331896000891,0.04048630938814313,0.605267820879817,0.39910143292945577,0.63055419921875,21.175480394857004,0.5500850765965879,0.002197265625,0.35595703125,0.2961292914696969,0.2883748138556257,0.30002801603404805,0.29654186964035034,0.28962552547454834,0.30000001192092896,3.216666666666667
809,3,3313664,93.42445863609488,405.80012315430383,10.093639124999754,22.91496806399664,11,3,0,8,0.2727272727272727,0.0,0.7272727272727273,0.06292359439066786,0.518318694725167,0.025006276969179453,0.6117654747795314,0.3961004711527494,0.62921142578125,19.18051616405137,0.5309348762966692,0.00146484375,0.44921875,0.29675269150175154,0.2903235638514161,0.2999977634754032,0.2974793612957001,0.2924380302429199,0.30000001192092896,3.2
810,3,3317760,93.45216576343434,394.55687232715985,10.381266395997955,22.931735814985586,12,3,0,9,0.25,0.0,0.75,0.047852115696514375,0.493360729640699,0.034522690987614624,0.6179591233376414,0.36146375793396146,0.608154296875,17.702133898390457,0.5233482792973518,0.0009765625,0.5478515625,0.2973399432376027,0.293124997173436,0.29997667693533003,0.2977534532546997,0.2934008836746216,0.30000001192092896,3.1833333333333336
811,3,3321856,93.47940363279871,389.3131863961153,10.521092383016367,22.949904426001012,14,7,0,7,0.5,0.0,0.5,0.04803295889905712,0.679550178203499,0.031747521513352694,0.6194863428827375,0.3955576365806337,0.60198974609375,15.386203869013116,0.5354617005214095,0.001953125,0.497314453125,0.29749454639386386,0.2927689988282509,0.2999932517996058,0.29761803150177,0.2934824526309967,0.30000001192092896,3.1666666666666665
812,3,3325952,93.50700560360201,394.3648036657909,10.386322414997267,22.92726850300096,13,4,0,9,0.3076923076923077,0.0,0.6923076923076923,0.052308864887891104,0.35204625783808297,0.023036349638459797,0.6188869490288198,0.3503541221834894,0.5970458984375,16.558084937976673,0.5217175967991352,0.00146484375,0.515625,0.297440079622902,0.29243586567463353,0.2999977606232278,0.2970585823059082,0.291221559047699,0.29998916387557983,3.15
813,3,3330048,93.53478686596172,397.26554767941514,10.310483815992484,22.91540953499498,15,2,0,13,0.13333333333333333,0.0,0.8666666666666667,0.052251143444664194,0.4835445603093831,0.03350352530105738,0.6185706555843353,0.37726320735600893,0.6190185546875,17.60251441341825,0.5313279237598181,0.0009765625,0.466796875,0.2974137091077864,0.29226357414154336,0.3000232072081417,0.29770731925964355,0.2931697964668274,0.30000001192092896,3.1333333333333337
814,3,3334144,93.5623292933538,394.73030870854393,10.376705080998363,22.920274024974788,13,6,0,7,0.46153846153846156,0.0,0.5384615384615384,0.06008928726441809,0.6155970889521996,0.02756313181544101,0.6315703901927918,0.48177473614850896,0.64208984375,14.912073571700603,0.5647260150872171,0.00146484375,0.49462890625,0.2986887965234928,0.29611035459674895,0.30001322901807725,0.29924535751342773,0.2977669835090637,0.29999491572380066,3.1166666666666663
815,3,3338240,93.59091779174923,410.81823307516134,9.970346178015461,22.90846515202429,7,2,0,5,0.2857142857142857,0.0,0.7142857142857143,0.05691217492676515,0.43210014668875374,0.027660568491228332,0.6423244033940136,0.36285366047741263,0.59869384765625,16.536092897644266,0.5080549148842692,0.000732421875,0.478759765625,0.2997618655790575,0.2992733597639017,0.3000342214945704,0.29999643564224243,0.299989253282547,0.30000001192092896,3.1
816,3,3342336,93.61878971814986,400.7348265896997,10.22122293402208,22.910465452994686,12,3,0,9,0.25,0.0,0.75,0.06472638542254572,0.43146835720108356,0.029302038818059373,0.644461739808321,0.49440321049041813,0.6163330078125,17.817772978916764,0.49399694753810763,0.0009765625,0.50537109375,0.2999803241691552,0.2998812417499721,0.30004013457801193,0.30000001192092896,0.30000001192092896,0.30000001192092896,3.0833333333333335
817,3,3346432,93.64602051959525,392.978702143685,10.422956708993297,22.93360894799116,12,3,0,9,0.25,0.0,0.75,0.07677797485484916,0.35504445785772987,0.041699828159835306,0.6440316180232912,0.4674869352711539,0.63336181640625,20.66367534128949,0.5519660674035549,0.0009765625,0.402099609375,0.299925088591408,0.2997860651812516,0.3000221907859668,0.29998716711997986,0.29997190833091736,0.30000001192092896,3.0666666666666664
818,3,3350528,93.67286531506177,388.8843272625582,10.532694975991035,22.952172831981443,15,5,0,10,0.3333333333333333,0.0,0.6666666666666666,0.0939945942027407,0.6788755125162425,0.04334435968303296,0.6425110409036279,1.0605433197779348,0.70294189453125,17.32259682903532,0.6049462677910924,0.002197265625,0.425048828125,0.29977521719411016,0.29933011200046167,0.3000192883773707,0.2998211979866028,0.29946357011795044,0.30000001192092896,3.05
819,3,3354624,93.6999666060353,392.28576956562785,10.441367793013342,22.92629108001711,15,4,0,11,0.26666666666666666,0.0,0.7333333333333333,0.05457534295055666,0.42282545409398153,0.02858206955170317,0.6441294748801738,0.3562612692039693,0.59783935546875,17.211842571850866,0.5120878960005939,0.001953125,0.330078125,0.29993390262825415,0.29980599629925564,0.300019190646708,0.2999493479728699,0.2998480200767517,0.30000001192092896,3.033333333333333
820,3,3358720,93.72772858544624,404.56705471898533,10.124403241003165,22.97145306499442,9,1,0,8,0.1111111111111111,0.0,0.8888888888888888,0.052646708081738325,0.25836347762378864,0.035128804566738836,0.6428379632998258,0.27917793195229024,0.56439208984375,16.9188462884631,0.5254241498187184,0.00146484375,0.22802734375,0.29980810917913914,0.2994048837572336,0.3000300962594338,0.2995198667049408,0.2985595166683197,0.30000001192092896,3.0166666666666666
821,3,3362816,93.75538471417772,402.0576936622879,10.187592637987109,22.928084259008756,8,4,0,4,0.5,0.0,0.5,0.056080771108099725,0.5243103587199585,0.029175025997574267,0.6433443606365472,0.33810191794327693,0.57891845703125,16.303678120370023,0.5084404582157731,0.001220703125,0.387939453125,0.29985594656318426,0.2995969480252825,0.3000199470552616,0.29968172311782837,0.29912498593330383,0.30000001192092896,3.0
822,3,3366912,93.78219329455146,391.6025341881198,10.459585019008955,22.96205061598448,14,1,0,13,0.07142857142857142,0.0,0.9285714285714286,0.06191639267854043,0.3039327588849119,0.03572433087538229,0.63610451342538,0.5260129534544831,0.642822265625,16.18124744319357,0.5664583444595337,0.00146484375,0.287841796875,0.2991384422057308,0.2974263929645531,0.3000308406772092,0.2988938093185425,0.29668137431144714,0.30000001192092896,2.9833333333333334
823,3,3371008,93.80980771405777,402.4999775557443,10.176398082985543,22.917363877990283,10,1,0,9,0.1,0.0,0.9,0.07918297637115757,0.21706554540651268,0.04045921622582682,0.6386312125250697,0.46325585644081,0.64129638671875,17.951090497197583,0.5688996268436313,0.001708984375,0.166259765625,0.29939423594623804,0.2981626374530606,0.30003260110970587,0.2999374568462372,0.29981231689453125,0.30000001192092896,2.9666666666666663
824,3,3375104,93.83642825501929,388.5556214159443,10.541605304984841,22.91368563802098,13,0,1,12,0.0,0.07692307692307693,0.9230769230769231,0.2041699176224938,0.1809462469536811,0.04313956092300941,0.6442989511415362,0.49307620582112577,0.6441650390625,39.84174454584718,0.553787368349731,0.001953125,0.118408203125,0.29995922470698133,0.29985200095688924,0.3000359155703336,0.29998165369033813,0.2999449074268341,0.30000001192092896,2.95
825,3,3379200,93.86325517160215,392.31570042311023,10.440571191982599,22.91675768600544,13,0,0,13,0.0,0.0,1.0,0.06407285911700455,0.17705575425497955,0.033406405266759975,0.6439558861311525,0.3925480132456869,0.60394287109375,16.072071072179824,0.5476055913604796,0.00146484375,0.133544921875,0.29992229043273255,0.29976083448855206,0.3000346514163539,0.29995137453079224,0.2998540699481964,0.30000001192092896,2.9333333333333336
826,3,3383296,93.89014812199265,392.98919559742365,10.42267839901615,22.890007584006526,11,4,0,7,0.36363636363636365,0.0,0.6363636363636364,0.05461712210671976,0.35981458010792267,0.029921102567641356,0.6444145957939327,0.29805485954057076,0.55609130859375,15.352988158352673,0.49500107066705823,0.001708984375,0.253173828125,0.29996576672419906,0.29989055829355493,0.30002566694747657,0.2999492287635803,0.29984769225120544,0.30000001192092896,2.916666666666666
827,3,3387392,93.91707875890263,395.2650095151539,10.362667833978776,22.916433926991886,13,6,0,7,0.46153846153846156,0.0,0.5384615384615384,0.051563537745096255,0.4246065188635839,0.029336419790524815,0.6436548873316497,0.3566010705399094,0.5703125,15.623109295265749,0.5092130638659,0.001953125,0.513916015625,0.29988835245603696,0.29967682057758793,0.300023601972498,0.2997530400753021,0.2992590665817261,0.30000001192092896,2.9000000000000004
828,3,3391488,93.94389844475388,393.76940145086473,10.402027137984987,22.900671903975308,14,6,0,8,0.42857142857142855,0.0,0.5714285714285714,0.06670291581031051,0.6623280153071391,0.03608188393081946,0.636730557307601,0.3689106674064533,0.58843994140625,17.128543659346178,0.5132789127528667,0.001953125,0.404541015625,0.2991908481926657,0.2980211439426057,0.3000025804503821,0.29878056049346924,0.29718127846717834,0.30000001192092896,2.8833333333333333
829,3,3395584,93.97135383816523,404.792178134776,10.118772598012583,22.920401259005303,9,4,0,5,0.4444444444444444,0.0,0.5555555555555556,0.043981540698950994,0.46411655118572526,0.028580401073668327,0.6334699306171387,0.3520281721430365,0.59783935546875,15.928546897368506,0.5268920403905213,0.001953125,0.3955078125,0.2988760440493934,0.2967130502220243,0.3000258160755038,0.29886138439178467,0.296653687953949,0.30000001192092896,2.8666666666666663
830,3,3399680,93.99757909430093,385.89443337415776,10.614301855006488,22.878907853009878,18,6,0,12,0.3333333333333333,0.0,0.6666666666666666,0.06295779566789861,0.705313438338635,0.05078383090585703,0.6358398743905127,0.6986712228972465,0.66571044921875,16.112680236576125,0.5231752516701818,0.00146484375,0.3837890625,0.29910918994573876,0.297389101178851,0.30001789395464584,0.29942506551742554,0.29827508330345154,0.30000001192092896,2.8500000000000005
831,3,3403776,94.0242290404413,395.9152410817598,10.3456487020012,22.96437026798958,14,4,0,10,0.2857142857142857,0.0,0.7142857142857143,0.05499110017808562,0.5725720199843636,0.038717280613127514,0.6405725884251297,0.48740398234440363,0.6328125,17.793538801604882,0.5956465201452374,0.001220703125,0.414306640625,0.2995775230228901,0.29881462937919423,0.30001385835930705,0.29972660541534424,0.2991798222064972,0.30000001192092896,2.833333333333333
832,3,3407872,94.05157048828023,403.306352702708,10.156051280995598,22.869929042004514,10,3,0,7,0.3,0.0,0.7,0.05045319860437303,0.41883392017916776,0.03638922753452789,0.6387576984707266,0.34974040189990774,0.57757568359375,16.599900658940896,0.5481340824626386,0.001220703125,0.40283203125,0.299392947810702,0.29845264030154794,0.2999706023838371,0.29894763231277466,0.2968428134918213,0.30000001192092896,2.816666666666667
833,3,3411968,94.07867928938622,402.5080828152951,10.176193162013078,22.919829926016973,11,5,0,6,0.45454545454545453,0.0,0.5454545454545454,0.04854169176360301,0.33942398012732156,0.024176347897991946,0.626963049871847,0.33410512609771104,0.5828857421875,14.222049765987322,0.526025696657598,0.00244140625,0.34228515625,0.2982361775939353,0.29470533918356523,0.3000334110110998,0.2977219223976135,0.29316574335098267,0.30000001192092896,2.8000000000000003
834,3,3416064,94.105230420289,394.37449622165235,10.386067149986047,22.906335728010163,13,5,0,8,0.38461538461538464,0.0,0.6153846153846154,0.06429455933175632,0.5873660255601862,0.02495841640211438,0.6137707838788629,0.4110276677420188,0.58282470703125,15.676798290805891,0.5109517103992403,0.002197265625,0.424560546875,0.29694141005165875,0.29090777825331315,0.30000799271510914,0.29623669385910034,0.2887100279331207,0.30000001192092896,2.783333333333333
835,3,3420160,94.13225098324135,400.96604898969247,10.215328730002511,22.876808936998714,9,0,0,9,0.0,0.0,1.0,0.04379785288256244,0.24690636278683087,0.029910743357504543,0.6110981486272067,0.324379923473316,0.5545654296875,15.474156227544881,0.5245974822901189,0.000244140625,0.42724609375,0.29669052094686776,0.2901240799110383,0.3000167952850461,0.2970608174800873,0.29128342866897583,0.30000001192092896,2.7666666666666666
836,3,3424256,94.15822184846935,386.30568662906177,10.603002082993044,22.87574556202162,19,5,0,14,0.2631578947368421,0.0,0.7368421052631579,0.049221397996007,0.5061285762349144,0.03870874905078381,0.618704424938187,0.3681215909564344,0.5682373046875,15.091385032399558,0.5402784692123532,0.00146484375,0.34619140625,0.297428161080461,0.29232139833038673,0.3000242140260525,0.2976541519165039,0.2929624021053314,0.30000001192092896,2.75
837,3,3428352,94.18497295708393,400.07667496789907,10.238037497008918,22.92095917201368,12,5,0,7,0.4166666666666667,0.0,0.5833333333333334,0.045689282509556506,0.38493049556564074,0.02428701951976109,0.6290657890494913,0.3191281410836382,0.569091796875,13.498954117763788,0.537570483982563,0.00146484375,0.28271484375,0.29844484507339075,0.2953621738124639,0.3000220963731408,0.29915937781333923,0.2974780797958374,0.30000001192092896,2.7333333333333334
838,3,3432448,94.21196780018154,404.36434740476005,10.129478590999497,22.916221209976356,12,3,0,9,0.25,0.0,0.75,0.04787229809335258,0.4336343252143706,0.034613485112458875,0.6323463697917759,0.25822884152512415,0.53424072265625,13.260348618263379,0.46334606781601906,0.001708984375,0.4541015625,0.29876642912859097,0.2962842180277221,0.3000319238053635,0.29840171337127686,0.29520508646965027,0.30000001192092896,2.716666666666667
839,3,3436544,94.23865342051512,401.36448517043544,10.205187931016553,22.940972504002275,11,5,0,6,0.45454545454545453,0.0,0.5454545454545454,0.050044083127431804,0.7134655250265496,0.02691197246349475,0.6347662634216249,0.3332405563996872,0.55535888671875,13.699681809172034,0.5090767643414438,0.001708984375,0.451171875,0.29900335194543004,0.2970636695972644,0.30000520357862115,0.2996864318847656,0.29905930161476135,0.30000001192092896,2.7
840,3,3440640,94.2650859325897,396.84102161053204,10.321513595990837,22.904165160027333,12,2,0,10,0.16666666666666666,0.0,0.8333333333333334,0.06448203789113904,0.3371318698809773,0.027525469613465248,0.6396698062308133,0.4669139542602352,0.60272216796875,15.518387672724202,0.5329124447889626,0.000732421875,0.434326171875,0.29948753776261583,0.2985190862091258,0.3000060937483795,0.29898306727409363,0.2970234453678131,0.30000001192092896,2.683333333333333
841,3,3444736,94.291389287921,396.5199155448992,10.329872068017721,22.925487937987782,11,5,0,6,0.45454545454545453,0.0,0.5454545454545454,0.04151803416516486,0.5644972262380179,0.03830201531218336,0.631946621928364,0.33422819002953474,0.5604248046875,13.155059751705267,0.4959329320117831,0.002685546875,0.408203125,0.29872347932541743,0.2961619747802615,0.3000232010381296,0.2985485792160034,0.2957184910774231,0.29996785521507263,2.6666666666666665
842,3,3448832,94.31763379544037,396.17390850025123,10.338893885025755,22.922410897008376,14,1,0,13,0.07142857142857142,0.0,0.9285714285714286,0.059357885642384645,0.25808092427178053,0.04361099290417769,0.6326523858588189,0.5362639369050157,0.61163330078125,14.604301650775596,0.5467153205536306,0.000732421875,0.40087890625,0.2987968221423216,0.2963923257193528,0.30002944986335933,0.29890793561935425,0.29672372341156006,0.30000001192092896,2.6500000000000004
843,3,3452928,94.34419184073586,400.80263263529264,10.219493751996197,22.901804294990143,8,0,0,8,0.0,0.0,1.0,0.08688917696599674,0.18106910950882593,0.04631080744002247,0.6263700383715332,0.6058414057552,0.6893310546875,16.012216744478792,0.5542680593207479,0.001953125,0.13330078125,0.29818057612283155,0.2945382265606895,0.30003881332231686,0.2978082597255707,0.2934247553348541,0.30000001192092896,2.633333333333333
844,3,3457024,94.37080885641265,403.42347246675246,10.153102830023272,22.926196331973188,10,0,0,10,0.0,0.0,1.0,0.0828310977176443,0.15924242460096139,0.03274979470734252,0.6227608409244567,0.4451375103526516,0.62799072265625,16.31823679781519,0.5247150333598256,0.000732421875,0.120849609375,0.2978216632618569,0.29352360765915364,0.3000281269196421,0.2977202236652374,0.2931632399559021,0.30000001192092896,2.6166666666666667
845,3,3461120,94.39656112015562,390.7164119218688,10.483306754002115,22.9136628700071,14,5,0,9,0.35714285714285715,0.0,0.6428571428571429,0.0696673048860248,0.47591662233753596,0.040140664254067815,0.6272249815519899,0.6564992537314538,0.66314697265625,13.78047444857657,0.5586017910391092,0.001708984375,0.35791015625,0.298264509474393,0.29477468732511625,0.30003208230482414,0.29849737882614136,0.295492023229599,0.30000001192092896,2.6
846,3,3465216,94.42216080800982,388.6124007266664,10.540065094013698,22.897944058000576,15,7,0,8,0.4666666666666667,0.0,0.5333333333333333,0.056594207755551906,0.6804752980024205,0.0455083317719982,0.6267746589146554,0.6029076598751999,0.63531494140625,14.053638599812984,0.5453696441836655,0.00390625,0.334716796875,0.2982120430096984,0.29469798906939104,0.30001504631945863,0.29818055033683777,0.2946338653564453,0.30000001192092896,2.583333333333333
847,3,3469312,94.44767205289268,388.61550056175605,10.539981020003324,22.9143810950045,12,3,0,9,0.25,0.0,0.75,0.05632601304205309,0.36094376182882115,0.031245175103322254,0.6242307082284242,0.3686625087430002,0.585205078125,15.978512701112777,0.5689363349229097,0.001220703125,0.387939453125,0.29795972286956385,0.29414811689639464,0.3000065883388743,0.29794859886169434,0.293981671333313,0.30000001192092896,2.5666666666666664
848,3,3473408,94.47385780359386,398.0538318233029,10.290065495006274,22.8835745100223,12,2,0,10,0.16666666666666666,0.0,0.8333333333333334,0.04347161969781155,0.37305133664267487,0.022686376320962154,0.624771123751998,0.30705193830362987,0.560791015625,13.41658762912266,0.5074257454834878,0.001708984375,0.396728515625,0.2980215363204479,0.2940566708566621,0.30003245844272897,0.29792171716690063,0.2938287556171417,0.30000001192092896,2.55
849,3,3477504,94.49978879259363,396.6122586965347,10.327466966002248,22.926968126994325,10,4,0,6,0.4,0.0,0.6,0.04023768384831783,0.7028815313242376,0.027478205623538088,0.611694643041119,0.3649485884270689,0.5643310546875,12.380745627218857,0.5044681327417493,0.001220703125,0.47119140625,0.29673091089352965,0.29087630956200883,0.30000707076396793,0.2959994375705719,0.2883896231651306,0.2998058795928955,2.533333333333333
850,3,3481600,94.5253187844218,390.322876627894,10.493876339984126,22.898713379981928,15,6,0,9,0.4,0.0,0.6,0.04078133005350537,0.8391617991146632,0.03642287626826146,0.6081505711190403,0.4959956749880803,0.61322021484375,11.73331893980503,0.5172028094530106,0.001708984375,0.375,0.2964016527403146,0.28932127595180646,0.30000416812254116,0.2968382239341736,0.29051458835601807,0.30000001192092896,2.516666666666667
851,3,3485696,94.55086622481377,396.2052719254459,10.338075462990673,23.028908700012835,13,2,0,11,0.15384615384615385,0.0,0.8461538461538461,0.04972370323048381,0.2786956667769118,0.032601490021988866,0.6080926975701004,0.40834997878118884,0.58038330078125,14.599528428632766,0.5564481047913432,0.001708984375,0.338623046875,0.29639261413831264,0.28932981786783785,0.2999979085288942,0.2961144745349884,0.28846627473831177,0.29994338750839233,2.5
852,3,3489792,94.577237675302,404.4352551030011,10.12770263798302,22.900615049002226,11,5,0,6,0.45454545454545453,0.0,0.5454545454545454,0.053249596452587866,0.4249412560093333,0.02893944860807096,0.6042030684184283,0.3502341390885704,0.55975341796875,12.867983161937445,0.5093317916616797,0.001953125,0.422607421875,0.296018672932405,0.2881753091933206,0.29999242653138936,0.29589277505874634,0.28767821192741394,0.30000001192092896,2.4833333333333334
853,3,3493888,94.60293746096468,396.99304599614317,10.317561078991275,22.954380928975297,11,1,0,10,0.09090909090909091,0.0,0.9090909090909091,0.0338076101616025,0.30423310527112335,0.021983206778713793,0.6019530459307134,0.3408014023625583,0.5377197265625,11.128128378652036,0.49735676404088736,0.000732421875,0.526611328125,0.2958083453704603,0.287473710719496,0.30002941575367004,0.29578492045402527,0.2873546779155731,0.30000001192092896,2.4666666666666663
854,3,3497984,94.62847137458633,392.4487869226626,10.437030604982283,22.881709737994242,13,4,0,9,0.3076923076923077,0.0,0.6923076923076923,0.038808663655800046,0.5072662471211515,0.033249101089495525,0.5991016563493758,0.3109133340549306,0.53021240234375,11.215845570899546,0.5091337566263974,0.001708984375,0.49462890625,0.29553582856897265,0.2866514493362047,0.3000237509259023,0.2957797050476074,0.28733912110328674,0.30000001192092896,2.45
855,3,3502080,94.65421856686628,398.24320602148265,10.285172322008293,22.932160761993146,15,8,0,7,0.5333333333333333,0.0,0.4666666666666667,0.040663067487912485,1.0620551126703504,0.03741597278894915,0.593229144345969,0.39575483252701815,0.55169677734375,11.704102978575975,0.5246053524315357,0.002197265625,0.4140625,0.29494910273933783,0.28575884929159656,0.2997759412974119,0.29454654455184937,0.2848741412162781,0.29974380135536194,2.4333333333333336
856,3,3506176,94.68000801576996,397.5294855408001,10.303638217999833,22.87920625100378,13,3,0,11,0.23076923076923078,0.0,0.8461538461538461,0.04271374442942033,0.5298205734870862,0.028184173404042667,0.5895094678271562,0.5020390330973896,0.61224365234375,11.498699501622468,0.5442925016395748,0.00146484375,0.399169921875,0.2946153582306579,0.2840636323671788,0.29997183475643396,0.29472991824150085,0.28418970108032227,0.30000001192092896,2.4166666666666665
857,3,3510272,94.70588515699718,401.8285521412881,10.193402081989916,22.937091239000438,10,2,1,7,0.2,0.1,0.7,0.0454007529624505,0.45350923435762525,0.03669289270965237,0.5916602336801589,0.361574379108788,0.55889892578125,11.743776712333784,0.5284920143894851,0.000732421875,0.47802734375,0.29482523549813777,0.2845524767180905,0.3000097526819445,0.2947314381599426,0.2841942012310028,0.30000001192092896,2.4
858,3,3514368,94.7313050374198,395.2164935423421,10.363939934002701,22.927471025992418,13,5,0,8,0.38461538461538464,0.0,0.6153846153846154,0.029781503244521446,0.7902663362183375,0.03441700603798381,0.5877933131996542,0.307876720034983,0.53533935546875,10.754453418776393,0.517556588165462,0.001708984375,0.433837890625,0.29444896517088637,0.28362188657047227,0.29995581874391064,0.29443198442459106,0.28349772095680237,0.29992836713790894,2.3833333333333333
859,3,3518464,94.75656413515973,394.4748375736535,10.383425278007053,22.9531725429988,14,5,0,10,0.35714285714285715,0.0,0.7142857142857143,0.04527639240404824,0.6196117883955594,0.0340117847899819,0.5837284170556813,0.448950384685304,0.5697021484375,9.949468513485044,0.5434918664395809,0.001220703125,0.361083984375,0.29407873831223696,0.28224471892463043,0.3000279413536191,0.29382064938545227,0.28148525953292847,0.30000001192092896,2.366666666666667
860,3,3522560,94.78183134985709,393.9809365433349,10.396442111989018,22.918894583010115,13,3,1,9,0.23076923076923078,0.07692307692307693,0.6923076923076923,0.03588164683060313,0.47637210958782816,0.03359010804160789,0.5826686576474458,0.3814849080699787,0.5501708984375,10.52866456611082,0.5440392922610044,0.00146484375,0.22412109375,0.29398296616273,0.2819165322580375,0.3000316511024721,0.29414060711860657,0.2824217677116394,0.30000001192092896,2.3499999999999996
861,3,3526656,94.80678695736204,388.2659680629138,10.549469530989882,22.869906590000028,17,5,0,12,0.29411764705882354,0.0,0.7058823529411765,0.05717033582368458,0.543180902779568,0.032800394791593135,0.5781834127847105,0.4566304472537013,0.5611572265625,11.600175339262933,0.5233653793111444,0.002685546875,0.236328125,0.2935534493299201,0.2806935961707495,0.3000210209283978,0.2929716110229492,0.27891474962234497,0.30000001192092896,2.3333333333333335
862,3,3530752,94.83264697914929,403.63134957143257,10.147873806999996,22.899559443991166,10,3,0,7,0.3,0.0,0.7,0.032094414955281536,0.39944457917590626,0.0281259027096894,0.5690473774448037,0.27461470883645234,0.5091552734375,10.549896446987987,0.5059423525817692,0.00390625,0.283447265625,0.29271084791980684,0.2781106785987504,0.3000353950774297,0.2925909757614136,0.2777729332447052,0.30000001192092896,2.316666666666667
863,3,3534848,94.85890050957356,409.5929534038236,10.000172038999153,22.874719240004197,6,2,0,4,0.3333333333333333,0.0,0.6666666666666666,0.04482972604455426,0.3477931755624013,0.025812703904193768,0.5752484628465027,0.2784770542966726,0.5419921875,11.312428455101326,0.48783378349617124,0.001708984375,0.293212890625,0.29329107253579423,0.27983493567444384,0.3000346776098013,0.2937217354774475,0.28116512298583984,0.30000001192092896,2.3
864,3,3538944,94.88455345813657,401.77388908255114,10.194788938009879,22.897525528009282,13,3,0,10,0.23076923076923078,0.0,0.7692307692307693,0.047421779425349087,0.21200772322845296,0.03424687030928908,0.5802428999450058,0.29025773993271287,0.50604248046875,11.626919097267091,0.49026304949074984,0.002197265625,0.19189453125,0.2937533557997085,0.2812458532862365,0.3000273599755019,0.293972909450531,0.28193584084510803,0.30000001192092896,2.283333333333333
865,3,3543040,94.90997954472773,397.72208377957867,10.298648647003574,22.865201069012983,12,0,0,12,0.0,0.0,1.0,0.04303872207310633,0.173227765262709,0.030013806224815198,0.5802796720527112,0.2758991807459097,0.515380859375,12.122684739297256,0.5054247532971203,0.000244140625,0.19970703125,0.2937493418576196,0.2813743857550435,0.300015140674077,0.2936047911643982,0.2808142602443695,0.30000001192092896,2.2666666666666666
866,3,3547136,94.93492581565492,392.96189421533035,10.423402524000267,22.91166120598791,12,3,0,9,0.25,0.0,0.75,0.04353116983656946,0.48003672422782984,0.03334560832445277,0.576475604204461,0.2877987922402099,0.5048828125,12.184190875384957,0.5024254536256194,0.001953125,0.3095703125,0.29339752258965746,0.28017909300979227,0.300022033858113,0.29302385449409485,0.2792302966117859,0.29998424649238586,2.25
867,3,3551232,94.95900337177203,379.3476237575624,10.797484268987319,22.862293446989497,20,2,0,18,0.1,0.0,0.9,0.04793419485758932,0.33501177596190246,0.040751380223809974,0.5746501272078604,0.5309533623221796,0.570556640625,11.798242316581309,0.5524720386601985,0.00146484375,0.248046875,0.2932209158898331,0.2799098681425676,0.30000496190041304,0.29365748167037964,0.280972421169281,0.30000001192092896,2.2333333333333334
868,3,3555328,94.98507133395151,409.82750684658845,9.994448717014166,22.86367514700396,7,1,0,6,0.14285714285714285,0.0,0.8571428571428571,0.04987180698935845,0.21496194091741927,0.030706737785294536,0.5844311818946153,0.27532245673864963,0.54052734375,11.35244979779236,0.5119742634706199,0.00048828125,0.21240234375,0.2941474137478508,0.2824420813121833,0.30002773489104584,0.29466676712036133,0.28401824831962585,0.30000001192092896,2.216666666666667
869,3,3559424,95.01058389773237,401.55164036070215,10.200431496981764,22.858561407017987,12,6,0,6,0.5,0.0,0.5,0.044803445402067155,0.4434938029371551,0.036552031338032975,0.5906517871189862,0.36356605826949817,0.52484130859375,10.177285934332758,0.48877849243581295,0.002197265625,0.296630859375,0.29473163664806634,0.28418844705447555,0.3000213553896174,0.29464614391326904,0.2839861512184143,0.30000001192092896,2.1999999999999997
870,3,3563520,95.03563129124618,396.68287834656707,10.3256284139934,22.899408836994553,15,4,0,11,0.26666666666666666,0.0,0.7333333333333333,0.04783244684585952,0.3257788556365995,0.05008519481089024,0.5936523519922048,0.3690036493499065,0.5565185546875,13.36896945280023,0.5909028714522719,0.001708984375,0.30859375,0.29502296389546245,0.28503835637820885,0.3000341503066011,0.29553472995758057,0.2866041660308838,0.30000001192092896,2.183333333333333
871,3,3567616,95.06093944563352,400.86226930369486,10.217973388003884,22.885645900008967,11,3,0,8,0.2727272727272727,0.0,0.7272727272727273,0.046780446893535554,0.3452426799776731,0.039081530116163776,0.6071700947359204,0.4409265164322278,0.5765380859375,10.670306264422834,0.5443832380697131,0.00244140625,0.231689453125,0.2963120325584896,0.28895749716321006,0.3000249397591688,0.2968885898590088,0.29078882932662964,0.29999828338623047,2.166666666666667
872,3,3571712,95.08617437004695,400.77011276519033,10.220322996989125,22.895436210994376,8,0,0,8,0.0,0.0,1.0,0.041871452703162504,0.19940077759383712,0.04568120752446703,0.6178920378442854,0.2593164030149637,0.494873046875,11.496759042376652,0.5174725521355867,0.001220703125,0.203857421875,0.29735321004409343,0.29202891752356663,0.3000329178175889,0.2977030873298645,0.2931097447872162,0.30000001192092896,2.1500000000000004
873,3,3575808,95.11108467020907,397.21760202699767,10.311728330008918,22.914770261995727,13,1,0,12,0.07692307692307693,0.0,0.9230769230769231,0.04443949774213252,0.24964882231870433,0.03906871093386144,0.6334131483454257,0.3232278756368032,0.52972412109375,12.869441499235108,0.5382677637971938,0.00146484375,0.32763671875,0.29887901298934594,0.29661534761544317,0.30002933205105364,0.2995953857898712,0.29878610372543335,0.30000001192092896,2.1333333333333333
874,3,3579904,95.13601116528477,397.6470039665258,10.30059313698439,22.901998273009667,12,4,0,8,0.3333333333333333,0.0,0.6666666666666666,0.03580424387291714,0.4372885393386241,0.03259182443434838,0.6441038246266544,0.2969416403102514,0.5126953125,9.874436168232933,0.5179996066726744,0.002685546875,0.368896484375,0.29993898910470307,0.29979655472561717,0.3000300732674077,0.30000001192092896,0.30000001192092896,0.30000001192092896,2.1166666666666667
875,3,3584000,95.1609207870082,399.29897410954675,10.257977770001162,22.934100448997924,11,2,0,9,0.18181818181818182,0.0,0.8181818181818182,0.04461057978733152,0.33998742818948813,0.030606852703385812,0.6439220863394439,0.3765964038175298,0.54718017578125,10.519082066370174,0.5087421438656747,0.001220703125,0.41748046875,0.29991410236107185,0.2997549794963561,0.3000195666681975,0.29987776279449463,0.29982346296310425,0.2999156713485718,2.1
876,3,3588096,95.18545442175132,392.3881410827645,10.4386437079811,22.88489672698779,15,3,0,12,0.2,0.0,0.8,0.04101540146712068,0.278103694152378,0.03790402696358797,0.6445596185512841,0.356742035903153,0.54736328125,10.898643562104553,0.5440075141377747,0.001220703125,0.30078125,0.29998196655651554,0.29991219914518297,0.30002913263160735,0.30000001192092896,0.30000001192092896,0.30000001192092896,2.083333333333333
877,3,3592192,95.2101750935693,396.63982612587233,10.326749182015192,22.905600751022575,11,0,0,11,0.0,0.0,1.0,0.04747240269534814,0.19769601300504291,0.03883783624769421,0.642360424157232,0.3292907012764772,0.52825927734375,12.267878237646073,0.550504800863564,0.0009765625,0.24462890625,0.29976454557618126,0.2992629107902758,0.30003633262822405,0.29977670311927795,0.29933005571365356,0.30000001192092896,2.0666666666666664
878,3,3596288,95.23529010082423,402.831605281062,10.168020448996685,22.890618644974893,8,1,0,7,0.125,0.0,0.875,0.043991752829242614,0.2117709344747709,0.037088838251293055,0.6394465032499284,0.28773677508797846,0.5426025390625,10.749813192058355,0.5296979430131614,0.00146484375,0.171875,0.2994694991502911,0.29840299452189356,0.30003067472716793,0.29951927065849304,0.29870280623435974,0.30000001192092896,2.0500000000000003
879,3,3600384,95.2597995245686,394.8372708714575,10.373894011980155,22.907739457994467,11,1,0,10,0.09090909090909091,0.0,0.9090909090909091,0.054813022981761605,0.1493533870925603,0.04913358809244528,0.6428745167795569,0.2616350607240747,0.533203125,10.799989581806585,0.49837044114246964,0.001953125,0.1181640625,0.29981591913383454,0.29945439723087475,0.30003037123242393,0.29999637603759766,0.29998910427093506,0.30000001192092896,2.033333333333333
880,3,3604480,95.28456238099217,399.7489088488109,10.246431970997946,22.91731537002488,10,0,1,9,0.0,0.1,0.9,0.08340843131009024,0.17021898276652792,0.06870430792696425,0.6443779389373958,0.4261697688853019,0.6083984375,12.829992457060143,0.5227056639268994,0.001220703125,0.0419921875,0.299967109283898,0.29987781000090763,0.3000362869934179,0.30000001192092896,0.30000001192092896,0.30000001192092896,2.0166666666666666
881,3,3608576,95.30906746494546,396.36330221549,10.333953666005982,22.914377086999593,15,0,1,14,0.0,0.06666666666666667,0.9333333333333333,0.049766749050832004,0.14426672679292096,0.063825146680756,0.644594190409407,0.5397450157615822,0.62548828125,9.475879040313885,0.5217502382583916,0.001220703125,0.07666015625,0.29998810891993344,0.2999134537531063,0.3000364769832231,0.30000001192092896,0.30000001192092896,0.30000001192092896,2.0
882,3,3612672,95.33342273038575,394.88273218114995,10.372699706000276,22.91859599700547,16,3,0,13,0.1875,0.0,0.8125,0.044571555931725015,0.3809408719316707,0.03763041796992184,0.6428256276994944,0.34680694339840556,0.54827880859375,10.551581101957709,0.5528716994449496,0.00146484375,0.1767578125,0.29980293731205165,0.29943459667265415,0.3000154786859639,0.29981547594070435,0.29949939250946045,0.29999586939811707,1.983333333333333
883,3,3616768,95.35795313280447,399.4471804333666,10.254171766981017,22.950534581003012,9,1,0,8,0.1111111111111111,0.0,0.8888888888888888,0.04360615548102942,0.24662307191465516,0.024852212796758977,0.6434939575847238,0.30972462887802976,0.51873779296875,11.164777246187441,0.5311479694209993,0.00146484375,0.299072265625,0.2998724377830513,0.2996114377165213,0.3000261660781689,0.2998003363609314,0.29941996932029724,0.30000001192092896,1.9666666666666666
884,3,3620864,95.3829171913233,405.6129715240574,10.098296375013888,22.91684259500471,8,3,0,5,0.375,0.0,0.625,0.036076665859582135,0.70571743392793,0.02946840005188278,0.6363427881151438,0.2541555775242159,0.49627685546875,10.456277348217554,0.4753709938377142,0.001708984375,0.4072265625,0.29914857540279627,0.2985540570807643,0.29988540324848145,0.2989922761917114,0.29835668206214905,0.2999747097492218,1.9500000000000002
885,3,3624960,95.40730626142468,397.16561621548925,10.313078053004574,22.913663462008117,11,0,0,11,0.0,0.0,1.0,0.03126914083986776,0.29249407921452075,0.031190115043500555,0.6437452989630401,0.2928062246173795,0.4678955078125,9.055964243365452,0.47033150121569633,0.001220703125,0.318603515625,0.2999108586809598,0.29973537381738424,0.3000434713321738,0.2998255491256714,0.29947665333747864,0.30000001192092896,1.9333333333333336
886,3,3629056,95.43159245232226,396.88604857414884,10.320342613995308,22.93056047501159,13,2,0,11,0.15384615384615385,0.0,0.8461538461538461,0.03233454619839904,0.41629561375884805,0.025887209794746013,0.6382627543061972,0.3057764055374719,0.4996337890625,9.784872607793659,0.5001112716272473,0.001220703125,0.28662109375,0.29934842797229066,0.29814366513164714,0.3000191274913959,0.2991527318954468,0.29745811223983765,0.30000001192092896,1.9166666666666665
887,3,3633152,95.45560391320507,392.38179588820606,10.438812510983553,22.904273927997565,16,2,0,14,0.125,0.0,0.875,0.04960534729434585,0.28896929613983957,0.045180125347542344,0.6373010266106576,0.36227373858127976,0.551025390625,10.651085747638717,0.4970848420634866,0.001953125,0.1416015625,0.29925766098313034,0.2977509124320932,0.3000304038869217,0.2993146777153015,0.2980037331581116,0.30000001192092896,1.9
888,3,3637248,95.48037403308149,405.7320427101152,10.095332803000929,22.928682683006627,11,1,0,10,0.09090909090909091,0.0,0.9090909090909091,0.05546742618571443,0.21293079257156933,0.030648035472040647,0.6405458427034318,0.32976620032422943,0.52703857421875,12.13975435832981,0.5013841115869582,0.001708984375,0.249267578125,0.2995779571356252,0.2987611214630306,0.30000587773974985,0.29980385303497314,0.29941806197166443,0.30000001192092896,1.8833333333333335
889,3,3641344,95.50480733027536,400.13561455662847,10.236529443995096,22.904760536999675,12,5,0,7,0.4166666666666667,0.0,0.5833333333333334,0.0352706196526924,0.4590033991407836,0.03186241429466463,0.6441730714868754,0.31506706770596793,0.512939453125,8.833527927286923,0.49760885816067457,0.001708984375,0.38623046875,0.2999428855837323,0.2998214286053553,0.30003182822838426,0.299965500831604,0.2998964488506317,0.30000001192092896,1.8666666666666665
890,3,3645440,95.53020356394815,414.53120912545086,9.881041306012776,22.85840829499648,9,0,0,9,0.0,0.0,1.0,0.025473245957982726,0.27801298374834005,0.02246646497405891,0.6440156989265233,0.2502818175453285,0.473388671875,9.609145220601931,0.49639941146597266,0.001220703125,0.390625,0.299928285588976,0.2997774022514932,0.30003213830059394,0.30000001192092896,0.30000001192092896,0.30000001192092896,1.85
891,3,3649536,95.55368442000244,386.1614266112498,10.606963092985097,22.878928972990252,18,6,0,12,0.3333333333333333,0.0,0.6666666666666666,0.038711140157829504,0.8266963019414106,0.03780141883180477,0.6440087917726487,0.2961491790410946,0.46978759765625,8.302818334894255,0.4872393845580518,0.001708984375,0.4765625,0.29992322414182127,0.299785015755333,0.30002403567777947,0.29981014132499695,0.29943040013313293,0.30000001192092896,1.8333333333333335
892,3,3653632,95.57790033622001,399.38679610005346,10.255722122004954,22.921582328999648,13,4,0,9,0.3076923076923077,0.0,0.6923076923076923,0.03265040954283904,0.7526165804083575,0.034240390927152475,0.6418190998956561,0.3105129630639567,0.49957275390625,8.117816274985671,0.5275590983219445,0.00146484375,0.423095703125,0.29969827621243894,0.2992962063290179,0.30000698840012774,0.2996519207954407,0.2989943027496338,0.30000001192092896,1.8166666666666664
893,3,3657728,95.60184410722839,395.633173005756,10.353024668991566,22.91659951399197,11,2,0,9,0.18181818181818182,0.0,0.8181818181818182,0.033923927119758446,0.3568169452410075,0.03196427599505114,0.6381510307546705,0.32067335027386434,0.51605224609375,8.979582999134436,0.5178348259069026,0.00146484375,0.431396484375,0.2993369000614621,0.298060555185657,0.3000053936848417,0.29896366596221924,0.29689091444015503,0.30000001192092896,1.7999999999999998
894,3,3661824,95.62557528596871,391.66295763673537,10.457971375988564,22.879881505999947,14,5,0,9,0.35714285714285715,0.0,0.6428571428571429,0.034659459297472495,0.8130214126576902,0.01961156146171561,0.6292309549171478,0.314897428106633,0.51904296875,7.590729311690666,0.49077729461714625,0.002685546875,0.476806640625,0.29845422419020906,0.29541970329592004,0.3000234023784287,0.2982863187789917,0.2949136793613434,0.30000001192092896,1.7833333333333334
895,3,3665920,95.65012996807057,405.4459347497698,10.102456699998584,22.88869530998636,10,4,0,6,0.4,0.0,0.6,0.04043299525801558,0.643393921884126,0.0296801262761619,0.6217913120053709,0.3133623484609416,0.5159912109375,9.186863875598647,0.4940351895056665,0.001220703125,0.45654296875,0.2977205868810415,0.2935167226823978,0.30001756257843226,0.29751309752464294,0.292675256729126,0.30000001192092896,1.766666666666667
896,3,3670016,95.67469448079454,406.29979569880504,10.081225842004642,22.88922297299723,10,4,0,6,0.4,0.0,0.6,0.027639936157356715,0.47156977118720533,0.01979160877999675,0.6197194827254862,0.2968563832982909,0.512939453125,8.087980201467872,0.5082316426560283,0.0009765625,0.447021484375,0.2975231292657554,0.2926812377409078,0.3000065587111749,0.2974795997142792,0.2924387454986572,0.30000001192092896,1.75
897,3,3674112,95.69882650922162,400.86823412715734,10.217821347003337,22.90951968601439,13,4,0,9,0.3076923076923077,0.0,0.6923076923076923,0.03591511102604272,0.6424520795117132,0.033608120638746186,0.6223590327426791,0.3182637526697363,0.51123046875,9.928501941030845,0.5192996580153704,0.001708984375,0.302001953125,0.2977788022835739,0.29349796212045476,0.29996996239060536,0.298048198223114,0.29416242241859436,0.30000001192092896,1.7333333333333334
898,3,3678208,95.72270497729997,396.45056538973995,10.331679047987564,22.880517187993973,13,5,0,8,0.38461538461538464,0.0,0.6153846153846154,0.05059055527453893,0.7049533516619704,0.0451422982459917,0.6194815998896956,0.367656159978651,0.5582275390625,11.07172936561983,0.5600082147866488,0.00244140625,0.353271484375,0.2974969891947694,0.29257062898250297,0.29999642830807716,0.29702043533325195,0.29133370518684387,0.29993516206741333,1.7166666666666668
899,3,3682304,95.74681275130816,401.04666156413805,10.21327539300546,22.890202968992526,11,1,0,10,0.09090909090909091,0.0,0.9090909090909091,0.052883251604725956,0.2307277681247797,0.04211492641843506,0.6152806985192001,0.41643985830887686,0.5748291015625,10.435666953446344,0.5862480727955699,0.00146484375,0.35791015625,0.29709283652482554,0.2913745973492041,0.3000227740849368,0.2972879111766815,0.29186370968818665,0.30000001192092896,1.6999999999999997
900,3,3686400,95.77034486547358,392.9155335934944,10.424632395006483,22.89367350799148,12,3,0,9,0.25,0.0,0.75,0.04598394902313885,0.26954076822585193,0.026433034176989167,0.6215820447541773,0.3442961189757625,0.53424072265625,9.510461061028764,0.5474180867895484,0.001708984375,0.374755859375,0.2977094476809725,0.2931356423650868,0.30002325773239136,0.29802051186561584,0.2942348122596741,0.30000001192092896,1.6833333333333333
901,3,3690496,95.79387088588958,393.0853869711707,10.420127880002838,22.88298530501197,13,3,0,10,0.23076923076923078,0.0,0.7692307692307693,0.036937889070031815,0.3418968894839054,0.03198077703746094,0.6214207587763667,0.34486305366590386,0.520751953125,8.82806818280369,0.5331993610598147,0.001220703125,0.422119140625,0.2976890897843987,0.29316562361782417,0.30002252297708765,0.2975066900253296,0.29252415895462036,0.30000001192092896,1.666666666666667
902,3,3694592,95.8182110941471,407.0027026075966,10.063815236993833,22.896733915025834,9,2,0,7,0.2222222222222222,0.0,0.7777777777777778,0.04488850603229366,0.361687119511771,0.04628054623390199,0.6243712303694338,0.30677394584563444,0.50897216796875,8.49452938651666,0.537083463743329,0.00244140625,0.2158203125,0.29798986960668117,0.2939757024287246,0.3000420142780058,0.29864734411239624,0.2959419786930084,0.30000001192092896,1.65
903,3,3698688,95.84177129908723,395.6460423822726,10.352687910984969,22.90470128299785,13,1,0,12,0.07692307692307693,0.0,0.9230769230769231,0.0389528424020682,0.18530756929976633,0.04799159544563736,0.6393238988239318,0.30796059692147537,0.5069580078125,9.772011555498466,0.540932129137218,0.00146484375,0.1708984375,0.29946383758215234,0.2983597721904516,0.30003201169893146,0.30000001192092896,0.30000001192092896,0.30000001192092896,1.6333333333333333
904,3,3702784,95.86529170515921,394.56898221750794,10.380947779980488,22.87615845099208,14,3,0,11,0.21428571428571427,0.0,0.7857142857142857,0.0470916346021113,0.25571953105099965,0.036724977631820366,0.6410406527575105,0.39494876207754714,0.52789306640625,9.60152640612796,0.5521123660728335,0.001708984375,0.31640625,0.29962441948009655,0.2990449503995478,0.30001413117861375,0.29961833357810974,0.2988549768924713,0.30000001192092896,1.6166666666666667
905,3,3706880,95.88836153033404,389.0856953397544,10.527243866992649,22.894961129000876,14,5,0,9,0.35714285714285715,0.0,0.6428571428571429,0.03815359227155568,0.3305871152479085,0.035484547644955455,0.6389578834641725,0.4069455207318242,0.525146484375,8.084373158751987,0.5252783987671137,0.002197265625,0.341064453125,0.29942195350304246,0.29826175380731,0.30002934188814834,0.29972636699676514,0.2991790771484375,0.30000001192092896,1.5999999999999996
906,3,3710976,95.91161749997974,391.46100718605373,10.463366529002087,22.868253527005436,15,5,0,10,0.3333333333333333,0.0,0.6666666666666666,0.035988423494472954,0.7116556682085502,0.031131639843806624,0.6425519725307822,0.3246116704358428,0.504150390625,8.197718219831586,0.5333999171853065,0.002197265625,0.36962890625,0.29977629362838343,0.2994348166976124,0.3000131397857331,0.2999374270439148,0.2998122274875641,0.30000001192092896,1.5833333333333333
907,3,3715072,95.93531456973841,398.52219090403844,10.277972202020464,22.859410850011045,12,5,0,7,0.4166666666666667,0.0,0.5833333333333334,0.031649054105400865,0.5650491417909507,0.02540544528164901,0.6426845698151737,0.29413464062236017,0.50677490234375,7.883064963156357,0.5273846406489611,0.00146484375,0.41015625,0.2997868957463652,0.2994841762119904,0.3000162945827469,0.2996000349521637,0.2988000512123108,0.30000001192092896,1.5666666666666669
908,3,3719168,95.9593793191006,406.7871374816314,10.069148265989497,22.903281427017646,7,1,0,6,0.14285714285714285,0.0,0.8571428571428571,0.025421173992072,0.43936173531983513,0.022539166013302747,0.6385295311920345,0.2310374101434718,0.4520263671875,7.435871730558574,0.470050310716033,0.0009765625,0.34814453125,0.29937204206362367,0.29851172625785694,0.3000007615191862,0.2993152141571045,0.2979722321033478,0.30000001192092896,1.5500000000000003
909,3,3723264,95.98331364802782,404.0684035612668,10.136897525022505,22.871730379003566,13,3,1,9,0.23076923076923078,0.07692307692307693,0.6923076923076923,0.03714280253916513,0.5133529553131666,0.025954104858101346,0.6426152235362679,0.2856373366485059,0.501708984375,9.227896627038717,0.4944954067468643,0.001953125,0.34521484375,0.29978396062506363,0.2994287663605064,0.3000200730166398,0.2999464273452759,0.2998392581939697,0.30000001192092896,1.5333333333333332
910,3,3727360,96.00582296516365,385.0475483143246,10.637647267023567,22.930807062017266,18,6,0,12,0.3333333333333333,0.0,0.6666666666666666,0.13161084193052375,0.7151547324610874,0.030168472551849845,0.6403291197493672,0.48768517554344726,0.54595947265625,11.450289532076567,0.5263472041115165,0.00146484375,0.328369140625,0.2995551416533999,0.2987563672941178,0.30002630228409544,0.29925549030303955,0.29776638746261597,0.30000001192092896,1.5166666666666666
911,3,3731456,96.0296122408339,403.4874096913976,10.151493954006582,22.882417857996188,12,5,1,6,0.4166666666666667,0.08333333333333333,0.5,0.032161418884243176,0.6600281021892442,0.037208271089184564,0.6413637581281364,0.27078523989621317,0.49945068359375,7.999544017366134,0.5109211346134543,0.001953125,0.3125,0.2996608968824148,0.2989658207516186,0.3000256206141785,0.2999412417411804,0.29982370138168335,0.30000001192092896,1.5000000000000002
912,3,3735552,96.05304793997551,397.8146563498668,10.296252122992883,22.8653746030177,14,3,0,11,0.21428571428571427,0.0,0.7857142857142857,0.03161010235089634,0.3179293421198963,0.0403585681488039,0.6438197032548487,0.3804429907577287,0.5145263671875,8.848107867059298,0.5376026085577905,0.001220703125,0.308837890625,0.2999029785278253,0.29976898938184604,0.30000256857601926,0.29986703395843506,0.2996062934398651,0.30000001192092896,1.4833333333333332
913,3,3739648,96.07662347041699,401.79679682223826,10.194207699998515,22.894707314000698,12,7,0,5,0.5833333333333334,0.0,0.4166666666666667,0.037188452246482484,0.48227606528962497,0.03092867452869541,0.6407031023409218,0.3444109059200855,0.49761962890625,7.605833737878129,0.5167741822078824,0.0029296875,0.32421875,0.2995940203545615,0.2987729093292728,0.3000284240115434,0.29947134852409363,0.298414021730423,0.30000001192092896,1.4666666666666668
914,3,3743744,96.10058081862995,411.29774124391133,9.958722329989541,22.959134617995005,10,5,0,5,0.5,0.0,0.5,0.05248812284480664,0.7087077122050687,0.022415060494495265,0.6382121969945729,0.30367988948273705,0.47216796875,9.435553658637218,0.47465083422139287,0.001953125,0.517822265625,0.299341021804139,0.298139366786927,0.3000092438887805,0.2992130219936371,0.29763904213905334,0.30000001192092896,1.4500000000000002
915,3,3747840,96.12387952618671,400.78347651081685,10.21998220999376,22.948414521000814,12,3,0,9,0.25,0.0,0.75,0.025278857312514447,0.39312755210266914,0.026489661558116495,0.6383669159840792,0.27937334126909263,0.478759765625,7.293251585913822,0.49848396331071854,0.001220703125,0.4775390625,0.2993624958326109,0.29810321086551994,0.300027237739414,0.2994062900543213,0.29821881651878357,0.30000001192092896,1.4333333333333331
916,3,3751936,96.14729537090572,399.97418033831804,10.240661026007729,22.863972591003403,14,5,0,9,0.35714285714285715,0.0,0.6428571428571429,0.032398948666013894,0.7076507598758326,0.021273154925438575,0.636679869145155,0.3015818113744899,0.47967529296875,7.151117724250071,0.5020009633153677,0.001953125,0.5048828125,0.29918537044432014,0.2985029920237139,0.2999404291040264,0.29898929595947266,0.29842206835746765,0.30000001192092896,1.4166666666666665
917,3,3756032,96.17064395728633,400.16081884853855,10.235884692025138,22.880156229017302,15,5,0,10,0.3333333333333333,0.0,0.6666666666666666,0.037563252471045416,0.6981829847427434,0.03629100620128156,0.6409907524939626,0.3662857724666537,0.49609375,7.535621725721285,0.5032148249447346,0.00146484375,0.377197265625,0.29961887624813244,0.2992795433383435,0.30001576530048624,0.2998780906200409,0.2996959388256073,0.30000001192092896,1.4000000000000001
918,3,3760128,96.19378904543154,398.89315637262877,10.268413821002468,22.914212922973093,14,2,0,12,0.14285714285714285,0.0,0.8571428571428571,0.03635024053073721,0.30807528677541995,0.04386758872624341,0.6394684726838022,0.3848436963126005,0.54974365234375,8.327200341969728,0.5285050696693361,0.00048828125,0.330810546875,0.2994682058924809,0.29847375460667536,0.300024532538373,0.29901787638664246,0.29727405309677124,0.30000001192092896,1.383333333333333
919,3,3764224,96.2177979006901,414.06218804193475,9.892233867984032,22.923552037012996,7,3,0,4,0.42857142857142855,0.0,0.5714285714285714,0.05163581711531151,0.4254089853930054,0.035819126806018176,0.6367412905674428,0.3876701113767922,0.5684814453125,9.68319164996501,0.5462228721007705,0.0009765625,0.271240234375,0.29920068802312016,0.29760413483018056,0.30002699873875827,0.29936328530311584,0.29808980226516724,0.30000001192092896,1.3666666666666667
920,3,3768320,96.24107339299874,402.3565489473353,10.180025678011589,22.91722233800101,11,2,0,9,0.18181818181818182,0.0,0.8181818181818182,0.045697578561885166,0.265518175343459,0.027756531155318953,0.6416683953721076,0.3365214199584443,0.53717041015625,8.109055826556869,0.5063400748185813,0.002197265625,0.24853515625,0.29969439562410116,0.29907599824946374,0.3000343263265677,0.29992973804473877,0.29983583092689514,0.30000001192092896,1.35
921,3,3772416,96.26499973986441,410.5181944274872,9.97763328300789,22.837955080991378,8,2,0,6,0.25,0.0,0.75,0.038554054546693806,0.2477047543579829,0.03412588460196275,0.6413960289210081,0.2432586327813624,0.48431396484375,8.661935793468729,0.4719370808452368,0.0009765625,0.22216796875,0.29966437770053744,0.29902130184927955,0.3000303121516481,0.29947933554649353,0.2985170781612396,0.30000001192092896,1.3333333333333335
922,3,3776512,96.28813584347789,400.10000737950213,10.23744045101921,22.88452254998265,16,0,0,16,0.0,0.0,1.0,0.03764370183671417,0.23033080151071772,0.04026105139746505,0.6352106730919331,0.2803309049559175,0.462646484375,8.932127601467073,0.4829676980152726,0.001220703125,0.3310546875,0.29904619592707604,0.2973893562448211,0.30002901144325733,0.29876527190208435,0.29629576206207275,0.30000001192092896,1.3166666666666664
923,3,3780608,96.31115329250419,399.7239119440958,10.247072735975962,22.907557221973548,14,4,0,10,0.2857142857142857,0.0,0.7142857142857143,0.03391744951341025,0.43520815508964006,0.04254871428202023,0.6372487905900925,0.3283294937755272,0.50079345703125,7.294775496004149,0.5511310175061226,0.0009765625,0.394287109375,0.2992469441378489,0.2978586651152,0.3000052261049859,0.2996485233306885,0.2991914451122284,0.2999144494533539,1.3
924,3,3784704,96.33413615086613,400.0364805914467,10.239066182024544,22.913922136009205,15,5,0,10,0.3333333333333333,0.0,0.6666666666666666,0.04141997614351567,0.5803403141035233,0.041301530163764255,0.6432198723778129,0.33713405274102115,0.5133056640625,7.787871518637985,0.5391860902309418,0.001708984375,0.33984375,0.29983967723092064,0.29963191371643916,0.2999984030611813,0.2999178469181061,0.2998141646385193,0.30000001192092896,1.2833333333333337
925,3,3788800,96.35746143738628,406.5244950329625,10.075653620006051,22.921283161005704,10,6,0,4,0.6,0.0,0.4,0.040217568594016484,0.552641315094661,0.0252728870818828,0.6447074771858752,0.2725410996354185,0.50567626953125,7.003074814332649,0.5193233494646847,0.002197265625,0.439697265625,0.2999996949802153,0.2999521958408877,0.3000369576038793,0.2999212145805359,0.2997880280017853,0.30000001192092896,1.2666666666666666
926,3,3792896,96.37977358185401,389.8906652109564,10.505509276001249,22.88724225401529,18,7,0,11,0.3888888888888889,0.0,0.6111111111111112,0.037393291564512765,0.5871568471120554,0.03127457469327055,0.6430100873112679,0.3432201369723771,0.4814453125,7.568609333597124,0.5146292643621564,0.001708984375,0.397216796875,0.2998170030186884,0.29959595296531916,0.300000025134068,0.29985880851745605,0.2996636629104614,0.30000001192092896,1.25
927,3,3796992,96.40275718768534,401.0621790673374,10.21288023100351,22.892050030000973,7,3,0,4,0.42857142857142855,0.0,0.5714285714285714,0.036640712916778284,0.2895379170731758,0.028877166833808587,0.6394360675476491,0.3231643867184175,0.52996826171875,7.132804616470821,0.5493431738577783,0.001220703125,0.330810546875,0.2994622175465338,0.2985290270880796,0.30000521935289726,0.29926857352256775,0.29784470796585083,0.30000001192092896,1.2333333333333334
928,3,3801088,96.42532117323954,395.2601132886221,10.362796200002776,22.898214488988742,12,4,0,8,0.3333333333333333,0.0,0.6666666666666666,0.0343673810511973,0.33090934110077797,0.032046947484559496,0.6348084099590778,0.3500090380766778,0.49322509765625,6.584751420014072,0.49696658086031675,0.0029296875,0.3369140625,0.2990060589509085,0.2970413906732574,0.30001782660838217,0.2986508011817932,0.29595237970352173,0.30000001192092896,1.2166666666666663
929,3,3805184,96.44760494416958,391.8544848518982,10.452859820012236,22.907067450985778,14,5,0,9,0.35714285714285715,0.0,0.6428571428571429,0.037692256228183396,0.5206059649717645,0.03421662439177453,0.6360089285299182,0.36990258132573217,0.52197265625,7.287864706246182,0.5378412771970034,0.00146484375,0.364013671875,0.29912278964184225,0.2975227903807536,0.2999899987480603,0.2995748221874237,0.29885849356651306,0.2999373972415924,1.2
930,3,3809280,96.47005449681235,399.79159067432846,10.2453380599909,23.031296255998313,13,3,0,10,0.23076923076923078,0.0,0.7692307692307693,0.0389918009750545,0.3577382032162859,0.03977813350138604,0.6417338293977082,0.4040116452379152,0.56280517578125,7.620808330480941,0.5808141697198153,0.00146484375,0.4208984375,0.29969640832860023,0.2990913473186083,0.3000247224699706,0.2995702028274536,0.2988295257091522,0.30000001192092896,1.1833333333333336
931,3,3813376,96.49366807124483,413.29686106887897,9.910551920009311,22.87320097599877,7,1,0,6,0.14285714285714285,0.0,0.8571428571428571,0.03695889181472012,0.26397976226871833,0.036285749689341174,0.6370700483676046,0.4236321399002918,0.51641845703125,7.147120468202047,0.5432163598015904,0.00146484375,0.248779296875,0.29923755215713754,0.2976807578234002,0.30003485654015094,0.29934120178222656,0.29804983735084534,0.30000001192092896,1.1666666666666665
932,3,3817472,96.51585484853574,391.87091062322077,10.452421674999641,22.900775304005947,16,0,1,15,0.0,0.0625,0.9375,0.03276479047417524,0.2904710626025917,0.05100255137949716,0.6401613564230502,0.29146679439145373,0.46551513671875,7.6621363358572125,0.4911290039308369,0.000732421875,0.11328125,0.2995409317081794,0.2986912386259064,0.30002544418675825,0.2996237874031067,0.29935207962989807,0.2999700903892517,1.15
933,3,3821568,96.53964910246313,418.31797350600885,9.791594574984629,22.887162628991064,4,0,0,4,0.0,0.0,1.0,0.031980917243345175,0.22053039257298224,0.05295407920493744,0.6419510189443827,0.25882479007486836,0.43743896484375,7.443716934416443,0.5046938438899815,0.000732421875,0.19580078125,0.29971531609771773,0.2992135205422528,0.3000208590528928,0.2994111180305481,0.2982332408428192,0.30000001192092896,1.1333333333333333
934,3,3825664,96.56225402721867,398.7116610374517,10.273088048998034,22.877417109993985,13,4,0,9,0.3076923076923077,0.0,0.6923076923076923,0.03848712491890183,0.4344976386491908,0.0405162741226377,0.6379342332947999,0.3088672589728958,0.46807861328125,7.324620192404836,0.5138500398024917,0.00146484375,0.227294921875,0.29932419245596975,0.2979370094835758,0.30004000006010756,0.2991821765899658,0.29769963026046753,0.30000001192092896,1.116666666666667
935,3,3829760,96.58404109559646,388.04825134350875,10.555388371984009,22.915520572976675,19,2,0,17,0.10526315789473684,0.0,0.8947368421052632,0.03388758025539573,0.265092651519808,0.05564587899061735,0.6363869265187532,0.31326477957190946,0.48284912109375,7.466753180138767,0.5063638454303145,0.001220703125,0.158203125,0.2991660592961125,0.29754500702256337,0.3000344393658452,0.2990432381629944,0.2971752882003784,0.30000001192092896,1.0999999999999999
936,3,3833856,96.60674054318376,404.0181568979549,10.138158223999199,22.942632368009072,11,1,0,10,0.09090909090909091,0.0,0.9090909090909091,0.03400647659691458,0.30639274361965363,0.054884141120055574,0.6364520844072104,0.28750684473197907,0.4322509765625,7.788700867444277,0.5051474194042385,0.001953125,0.131591796875,0.2991622153786011,0.2982754037948325,0.29970003804191947,0.2999432682991028,0.2998431622982025,0.30000001192092896,1.0833333333333335
937,3,3837952,96.63018024705963,414.7734852774669,9.875269623997156,22.885525215009693,6,0,0,6,0.0,0.0,1.0,0.025855716350633884,0.17585878864701954,0.04352707723592175,0.6439156865235418,0.19575947483826894,0.42181396484375,6.716679739183746,0.46168677508831024,0.00146484375,0.159423828125,0.2999156194855459,0.2997276811511256,0.3000267608440481,0.30000001192092896,0.30000001192092896,0.30000001192092896,1.0666666666666669
938,3,3842048,96.6528766279752,403.72590985590415,10.14549698200426,22.905533879995346,12,1,0,11,0.08333333333333333,0.0,0.9166666666666666,0.029750408244581195,0.1530112986183667,0.054002707642212044,0.6443892098031938,0.24468057783451513,0.43505859375,7.037539645796642,0.48375769052654505,0.001953125,0.115234375,0.29996997985290363,0.29986795963486657,0.300037766515743,0.2999398708343506,0.2998195290565491,0.30000001192092896,1.0499999999999998
939,3,3846144,96.67632401052215,413.8833475517196,9.896508337988053,22.829591004003305,7,0,0,7,0.0,0.0,1.0,0.03882233571857796,0.09049894053896423,0.06654406997404294,0.6410940480418503,0.17507978816865943,0.4132080078125,8.006239275913686,0.4553469433449209,0.002197265625,0.031005859375,0.2996289369184524,0.2991153614711948,0.29999436205253005,0.2994043827056885,0.29821306467056274,0.30000001192092896,1.0333333333333332
940,3,3850240,96.69898534817135,402.4971747794438,10.176468946010573,22.857560333010042,13,0,0,13,0.0,0.0,1.0,0.06360461095573555,0.10559030044532847,0.10894357827055501,0.6321790707297623,0.39895356405031634,0.50543212890625,9.205507161852438,0.46717649744823575,0.001953125,0.000732421875,0.29874721239320934,0.29632159700850025,0.30002662545302883,0.29776647686958313,0.2940508723258972,0.29974377155303955,1.0166666666666668
941,3,3854336,96.72071121462545,390.4711415393053,10.489891734003322,22.913198754016776,17,0,0,17,0.0,0.0,1.0,0.07514046574215172,0.0487963647910874,0.0902724798215786,0.6210814516525716,0.39207828266444267,0.53668212890625,10.854582792613655,0.5230752620846033,0.001953125,0.002685546875,0.2976472430746071,0.2941520372405648,0.3000237818923779,0.29717981815338135,0.2931901514530182,0.2999959886074066,0.9999999999999998
942,3,3858432,96.74313196717145,400.736026380302,10.221192332013743,22.881078067002818,11,0,0,11,0.0,0.0,1.0,0.05046702929212188,0.07010950732819765,0.08089352202659938,0.6197904550936073,0.293290993267874,0.508056640625,8.797243302920833,0.49525641091167927,0.00146484375,0.02001953125,0.2975273393676616,0.2927538114017807,0.3000029844697565,0.2976735830307007,0.29302072525024414,0.30000001192092896,0.9833333333333333
943,3,3862528,96.76634743469764,415.3752385400342,9.860963340994203,22.898237472982146,6,0,0,6,0.0,0.0,1.0,0.04529599550005514,0.03896671585334843,0.08249675112892874,0.6225659139454365,0.26647963901996263,0.46990966796875,9.762835404719226,0.4557690750807524,0.002197265625,0.01318359375,0.2977991359657608,0.29374062846181914,0.300013754167594,0.2979319095611572,0.29421213269233704,0.30000001192092896,0.9666666666666668
944,3,3866624,96.78924322353923,409.1586852884037,10.010785905993544,22.864910198986763,11,0,0,11,0.0,0.0,1.0,0.05299645818195131,0.013824644852093115,0.06649345520418137,0.6165703791193664,0.24556817142729415,0.44189453125,9.136630210909061,0.4855864872224629,0.00146484375,0.0,0.29721250367583707,0.2918412230210379,0.299991931184195,0.29677367210388184,0.29032102227211,0.30000001192092896,0.9499999999999997
945,3,3870720,96.81195529052438,407.5171217966902,10.05111142800888,22.88488211200456,9,0,0,9,0.0,0.0,1.0,0.05314079516938364,0.04479852784925242,0.06358388420630945,0.6180906619410962,0.321950987305172,0.52984619140625,6.230660506873392,0.5057824752293527,0.002685546875,0.0068359375,0.2973720709560439,0.2921107152942568,0.3000314853270538,0.2980656623840332,0.2941969931125641,0.30000001192092896,0.9333333333333332
946,3,3874816,96.83384195097038,394.47532568039895,10.383412430004682,22.877736315014772,13,0,0,13,0.0,0.0,1.0,0.03382641213465831,0.08418625646208966,0.0781275629560696,0.6336563492659479,0.20108337838610169,0.48748779296875,5.196496017160825,0.45459181908518076,0.00146484375,0.0009765625,0.29890483897179365,0.29667731595691293,0.3000392128014937,0.2996615767478943,0.29898470640182495,0.30000001192092896,0.9166666666666667
947,3,3878912,96.85542108985514,389.19918636543804,10.52417410799535,22.84943224201561,17,0,0,17,0.0,0.0,1.0,0.049922518556741124,0.0693810268562629,0.08719980459864018,0.6431502988561988,0.42277068870316725,0.5045166015625,5.394195251632482,0.4787170705385506,0.001220703125,0.017333984375,0.29984082496957853,0.2996279437793419,0.30002307042013854,0.2999640107154846,0.2999122738838196,0.30000001192092896,0.9000000000000002
948,3,3883008,96.87796395482474,406.3003760582358,10.081211441982305,22.878946376004023,9,0,0,9,0.0,0.0,1.0,0.046701989202119876,0.12690326339179592,0.08335356997486087,0.6436654813587666,0.3459543048738851,0.5146484375,5.3886828860268,0.46734094293788075,0.000732421875,0.04833984375,0.2998976758099161,0.2996727164136246,0.300043489492964,0.2999042868614197,0.2997209429740906,0.30000001192092896,0.8833333333333332
949,3,3887104,96.90052534697499,406.9531564040126,10.065040498011513,22.87165502802236,11,0,3,8,0.0,0.2727272727272727,0.7272727272727273,0.04460122490490903,0.32421599951067037,0.07439075687580043,0.6444611889310181,0.20034156433757744,0.42803955078125,7.298528533778153,0.48074594466015697,0.0029296875,0.02197265625,0.2999739697552286,0.2998916921787895,0.30003184435190633,0.29998642206192017,0.2999591529369354,0.30000001192092896,0.8666666666666667
950,3,3891200,96.92304419311208,407.15258047366177,10.06011062298785,22.879316819977248,9,0,4,5,0.0,0.4444444444444444,0.5555555555555556,0.10164947789235157,0.3130056583559053,0.08362048245180631,0.6424718992784619,0.1882154376799008,0.46551513671875,20.192498806514777,0.4670716403052211,0.0009765625,0.002685546875,0.29976431478280574,0.2994659226969816,0.2999886072357185,0.2997417449951172,0.29941827058792114,0.30000001192092896,0.8500000000000002
951,3,3895296,96.94557417884346,408.46068233452456,10.027892957994482,22.889886364981066,8,0,2,6,0.0,0.25,0.75,0.02564630939377821,0.17565194351800528,0.0652620941400528,0.6403776574879885,0.20822330939336098,0.4749755859375,6.557641874009278,0.4943605703301728,0.001953125,0.024169921875,0.29955596185754985,0.2987612916622311,0.29999447957379743,0.29957181215286255,0.29902610182762146,0.30000001192092896,0.8333333333333331
952,3,3899392,96.9676291456782,400.84524286967263,10.218407409993233,22.88281055301195,15,0,1,14,0.0,0.06666666666666667,0.9333333333333333,0.02574420438213565,0.12183306871338573,0.07138327135180589,0.6412953697144985,0.24557537593136658,0.44610595703125,5.372414471930824,0.5233361022546887,0.001953125,0.02880859375,0.29965470056049526,0.2989730062545277,0.30001734575489536,0.2999725937843323,0.29991769790649414,0.30000001192092896,0.8166666666666667
953,3,3903488,96.98923856892107,394.53217515562227,10.381916248996276,22.888878039026167,15,0,0,15,0.0,0.0,1.0,0.030711442814208567,0.0669020925724908,0.07049545080735697,0.6422537069302052,0.2655515891019604,0.48138427734375,6.561003648326732,0.516397372353822,0.0009765625,0.068115234375,0.2997526631806977,0.29922296380391344,0.30003191652940586,0.29983407258987427,0.2995021343231201,0.30000001192092896,0.8000000000000002
954,3,3907584,97.0117150359473,409.5295069894857,10.00172131700674,22.89454713498708,8,1,0,7,0.125,0.0,0.875,0.029379429051914485,0.14955009043114842,0.05878684683557367,0.6445736805908382,0.1841392560454551,0.43804931640625,6.991414268733934,0.4962516841478646,0.001220703125,0.15771484375,0.2999846204183996,0.29991549195256084,0.3000303062144667,0.30000001192092896,0.30000001192092896,0.30000001192092896,0.7833333333333331
955,3,3911680,97.03342671359717,397.8395157642449,10.29560875101015,22.90302390398574,14,0,2,12,0.0,0.14285714285714285,0.8571428571428571,0.04434416551339382,0.2689611909136147,0.07077212396688992,0.6414900731761009,0.23338885918201413,0.42236328125,7.969649791019037,0.47967428155243397,0.002197265625,0.100341796875,0.2996636096504517,0.2993082490283996,0.29999827267602086,0.29923057556152344,0.2986849844455719,0.30000001192092896,0.7666666666666666
956,3,3915776,97.05593274977998,411.08625274898253,9.963845719990786,22.889504019985907,7,1,0,6,0.14285714285714285,0.0,0.8571428571428571,0.039507179988504504,0.23573907459285692,0.07041438502710662,0.6425529362168163,0.25051525949675124,0.48193359375,8.095618148916401,0.5197326117195189,0.002197265625,0.06103515625,0.29977834707824513,0.2993926227209158,0.30002138286363333,0.29998642206192017,0.2999592125415802,0.30000001192092896,0.7500000000000001
957,3,3919872,97.07812978635117,405.9763739994507,10.08925706599257,22.87780185500742,9,0,0,9,0.0,0.0,1.0,0.036479189397141454,0.06143829719803762,0.053631193291948875,0.6432373488787562,0.2321076284861192,0.43353271484375,7.157126763719134,0.4845459694042802,0.00146484375,0.073974609375,0.29984983120812103,0.29953392065363005,0.3000302452710457,0.2999213635921478,0.2997640371322632,0.30000001192092896,0.7333333333333331
958,3,3923968,97.09946889561937,392.3144270489638,10.440605079988018,22.868202413985273,15,0,0,15,0.0,0.0,1.0,0.03806115078259609,0.08165557472329965,0.07579568879373255,0.6432059949729592,0.21130300856384565,0.45135498046875,8.37522375874687,0.47669584956020117,0.00146484375,0.07861328125,0.29984364949632436,0.2995160045684315,0.3000283924629912,0.2996559739112854,0.2994711101055145,0.30000001192092896,0.7166666666666666
959,3,3928064,97.12109843262407,398.85731364393047,10.269336576981004,22.90391211901442,13,0,0,13,0.0,0.0,1.0,0.03787967359130562,0.09946069270336011,0.09981710719148396,0.6332000957336277,0.41120322319693514,0.512939453125,6.8489948022179306,0.4893386196345091,0.001708984375,0.040283203125,0.2988353644614108,0.29790150379994884,0.2999287348357029,0.2987913489341736,0.2974347174167633,0.2999188303947449,0.7000000000000001
960,3,3932160,97.14329735017785,408.32718593388927,10.031171426002402,22.89020982000511,7,0,0,7,0.0,0.0,1.0,0.031916433854348725,0.11687298830474901,0.06195982409553835,0.6404700535349548,0.2635087431372085,0.49005126953125,7.56134680705145,0.4954251488670707,0.001708984375,0.088623046875,0.29957052337704226,0.2988170963944867,0.30001168767921627,0.29992279410362244,0.2998732030391693,0.29998937249183655,0.6833333333333336
961,3,3936256,97.16503470626176,399.6712513106863,10.248422888980713,22.849350368982414,13,1,0,12,0.07692307692307693,0.0,0.9230769230769231,0.04275864392548101,0.10411703502177261,0.06157480848560226,0.6437858259305358,0.30858807886761497,0.501708984375,6.643747837166302,0.5032516838982701,0.001708984375,0.17333984375,0.2999017324182205,0.29972823266871274,0.30002560652792454,0.29989856481552124,0.29969558119773865,0.30000001192092896,0.6666666666666665
962,3,3940352,97.18716651175991,407.0774667257249,10.061966909997864,22.857127576018684,8,1,0,7,0.125,0.0,0.875,0.03617747289536055,0.2092708162163035,0.05877749508363195,0.6437598699703813,0.22695206502612564,0.4644775390625,6.037563322053757,0.4856860488653183,0.0009765625,0.186767578125,0.29989957268116996,0.2997614149353467,0.3000271425116807,0.2999959886074066,0.29998791217803955,0.30000001192092896,0.65
963,3,3944448,97.20877370749353,399.7996693270747,10.245131034986116,22.87816032001865,13,2,0,11,0.15384615384615385,0.0,0.8461538461538461,0.038325521105434746,0.22292951366762281,0.042297402633266756,0.6431744205765426,0.28667000325003755,0.48358154296875,6.168669543869328,0.46074308548122644,0.002197265625,0.19189453125,0.2998413069290109,0.299540419888217,0.3000265854643658,0.29984956979751587,0.29955345392227173,0.30000001192092896,0.6333333333333335
964,3,3948544,97.23040951180786,400.36975448729413,10.230543027020758,22.866093724005623,13,1,0,12,0.07692307692307693,0.0,0.9230769230769231,0.04757215823701699,0.1747677409712196,0.0735676664262428,0.6429348066449165,0.48137518135627033,0.5125732421875,5.866226944257505,0.4759870101697743,0.00146484375,0.182861328125,0.2998186682234518,0.29949894308811054,0.3000316634424962,0.29993686079978943,0.2998105585575104,0.30000001192092896,0.6166666666666665
965,3,3952640,97.25163044347913,393.41575130188914,10.411377751006512,22.843790963001084,14,3,0,11,0.21428571428571427,0.0,0.7857142857142857,0.028933949341080734,0.35490820309496485,0.044515129429782974,0.6441240259446204,0.3683599658361345,0.51678466796875,4.716676969546825,0.4855995955877006,0.002197265625,0.137939453125,0.29993606248172,0.29979503311915323,0.30002706637606025,0.2999822497367859,0.29995498061180115,0.2999987006187439,0.6
966,3,3956736,97.27346763359661,407.3599376013128,10.054989757016301,22.928070160996867,7,1,0,6,0.14285714285714285,0.0,0.8571428571428571,0.02540703107479203,0.20147583956713788,0.04906695880345069,0.6431637397035956,0.16357212695584167,0.37481689453125,4.970234364038333,0.4652524762786925,0.001708984375,0.19091796875,0.29983742971671745,0.29958777426509187,0.3000164211844094,0.2997699975967407,0.2993696331977844,0.2999764680862427,0.5833333333333335
967,3,3960832,97.29457317271068,394.2162140071823,10.390237271989463,22.883894047990907,15,1,0,14,0.06666666666666667,0.0,0.9333333333333333,0.026628914169123163,0.22616258048219606,0.06693258001178037,0.6437194184400141,0.28779616810788866,0.39642333984375,5.6163340313360095,0.46244418201968074,0.001708984375,0.127685546875,0.2998943227576092,0.2997113260207698,0.30001515039475635,0.30000001192092896,0.30000001192092896,0.30000001192092896,0.5666666666666664
968,3,3964928,97.31651182859427,407.6842131178823,10.046991932002129,22.86412225101958,8,4,0,4,0.5,0.0,0.5,0.02597276044798491,0.27679815360170323,0.0657233300153166,0.6405895964708179,0.23528766103845555,0.40216064453125,5.2360084529500455,0.47569344751536846,0.00146484375,0.111328125,0.29957631445722654,0.29900715802796185,0.2999865385936573,0.2995654046535492,0.29878631234169006,0.2999875843524933,0.5499999999999999
969,3,3969024,97.33813074546607,402.18123503438693,10.184463229990797,22.845673771982547,13,1,0,12,0.07692307692307693,0.0,0.9230769230769231,0.03251946033196873,0.15141126015078044,0.06952719114269712,0.6365373895969242,0.22651486847098568,0.39617919921875,6.379699254175648,0.4911547638475895,0.001220703125,0.05126953125,0.29917303880210966,0.29765371861867607,0.2999954600818455,0.29893574118614197,0.297583669424057,0.29989105463027954,0.5333333333333334
970,3,3973120,97.35916752135626,395.33259600583125,10.360896221012808,22.89825583199854,13,1,0,12,0.07692307692307693,0.0,0.9230769230769231,0.021552253419940826,0.12737526764431095,0.07944927936478052,0.63928511319682,0.21730478780227713,0.40869140625,5.336929558892734,0.47597560519352555,0.002685546875,0.0419921875,0.2994442867930047,0.29888871061848477,0.2999395771767013,0.29921603202819824,0.2980617582798004,0.30000001192092896,0.5166666666666669
971,3,3977216,97.38015186115638,395.6899330297091,10.351539572002366,22.914532310998766,13,0,0,13,0.0,0.0,1.0,0.04639856949324894,0.04210170807664326,0.1471377358029713,0.6372378985397518,0.4134295475523686,0.45550537109375,6.19922313047573,0.4564739069901407,0.00244140625,0.00439453125,0.2992396427434869,0.2985870562843047,0.2999187146197073,0.2994907796382904,0.2990080416202545,0.30000001192092896,0.4999999999999999
972,3,3981312,97.40188525025417,408.8713692634577,10.01782053700299,22.92029531201115,6,0,0,6,0.0,0.0,1.0,0.06640201207301288,0.053804776875949756,0.11676484677445842,0.6411631079390645,0.30971929017687216,0.428955078125,11.772842965263408,0.48078187042847276,0.00146484375,0.012939453125,0.29963993973797187,0.29921282443683594,0.3000340095022693,0.29951533675193787,0.29890045523643494,0.30000001192092896,0.4833333333333334
973,3,3985408,97.42252674615929,390.19549905138336,10.497302019008202,22.88513097501709,12,1,0,11,0.08333333333333333,0.0,0.9166666666666666,0.040058674225292634,0.1061516978443251,0.06632453436031938,0.6367898576427251,0.23061067000890034,0.4102783203125,8.384980211383663,0.5041937222704291,0.001953125,0.04931640625,0.2991916903411038,0.29852386022685096,0.2997914975276217,0.29896730184555054,0.29871150851249695,0.2994244694709778,0.4666666666666669
974,3,3989504,97.44361453146496,397.8095713810493,10.296383734006668,22.884069888998056,13,1,2,10,0.07692307692307693,0.15384615384615385,0.7692307692307693,0.031217002848279662,0.39453089227026794,0.08046214735804824,0.6356341105420142,0.23432828125805827,0.37567138671875,6.372016352252103,0.4992819894105196,0.00244140625,0.088134765625,0.2990836043609306,0.2979347424698062,0.2998182015144266,0.2989823520183563,0.2971452474594116,0.30000001192092896,0.44999999999999984
975,3,3993600,97.46445794938363,394.38869731273036,10.385693169984734,22.88287807998131,14,0,5,9,0.0,0.35714285714285715,0.6428571428571429,0.04793015984250815,0.5008058392704697,0.09646869257994695,0.6259844389278442,0.2562286693137139,0.44268798828125,8.988261734251864,0.5238202209584415,0.001953125,0.0302734375,0.2981323800631799,0.29459557571681216,0.3000252603669651,0.29728060960769653,0.2923405170440674,0.30000001192092896,0.43333333333333335
976,3,3997696,97.48486390336346,386.6295978264811,10.59411908200127,22.844685705000302,17,1,7,9,0.058823529411764705,0.4117647058823529,0.5294117647058824,0.04677512328453304,0.6940267963836959,0.11890632154972991,0.6191161065362394,0.35508198040770367,0.48284912109375,8.655377665301785,0.5384257128462195,0.0009765625,0.040283203125,0.29746358015108854,0.2924965976853855,0.30001386551884934,0.2975303530693054,0.2928250730037689,0.30000001192092896,0.41666666666666685
977,3,4001792,97.50566334887588,394.4532824183007,10.383992687013233,22.87476643701666,14,1,8,5,0.07142857142857142,0.5714285714285714,0.35714285714285715,0.06989699293808371,0.6030866575492837,0.12067694625147851,0.6184654789976776,0.3193218562810216,0.484619140625,10.21025061875116,0.5843958463519812,0.001953125,0.058349609375,0.29740250267786905,0.29221628623781726,0.30001951818121597,0.29772472381591797,0.29323700070381165,0.30000001192092896,0.3999999999999998
978,3,4005888,97.52619901792703,391.7145428531337,10.456594156974461,22.899302356992848,12,2,5,5,0.16666666666666666,0.4166666666666667,0.4166666666666667,0.04027992028386507,0.5761383882709197,0.09991676937352167,0.6227488645818084,0.22525544731252012,0.426513671875,7.067472836817615,0.4898062637075782,0.0029296875,0.018798828125,0.29781485541025177,0.2937387525453232,0.3000055219163187,0.29753726720809937,0.2932380735874176,0.30000001192092896,0.3833333333333333
979,3,4009984,97.54728855589018,401.9547604843162,10.190201491990592,22.918661943025654,13,1,5,7,0.07692307692307693,0.38461538461538464,0.5384615384615384,0.024234768245150917,0.41746163142215664,0.09033054392784834,0.6173218844924122,0.16190877415647265,0.39471435546875,6.283585847297218,0.4601099258288741,0.001708984375,0.0458984375,0.2972867555799894,0.29227242956403643,0.300019376038108,0.2978414297103882,0.29352420568466187,0.30000001192092896,0.3666666666666668
980,3,4014080,97.56948207347801,420.1313353860215,9.749332303996198,22.879416991985636,5,1,0,4,0.2,0.0,0.8,0.01677822242527327,0.11847046384355053,0.07547372195404023,0.6166549322661012,0.15990177688217955,0.37066650390625,4.817415423924103,0.4584940611384809,0.001220703125,0.09521484375,0.2972191688022576,0.2920052092522383,0.3000097203766927,0.29714980721473694,0.2917742133140564,0.30000001192092896,0.34999999999999976
981,3,4018176,97.59092862941928,407.40336076702454,10.053918043995509,22.874343080999097,10,0,0,10,0.0,0.0,1.0,0.028473800699430285,0.09972536781424424,0.0879560833927826,0.622192184207961,0.16420761016343022,0.39788818359375,5.524536860990338,0.46564999921247363,0.002685546875,0.079345703125,0.2977698849281296,0.2933626369340345,0.30002242245245725,0.29856154322624207,0.2956845462322235,0.30000001192092896,0.33333333333333326
982,3,4022272,97.61182731578266,398.3555497001523,10.282271711999783,22.86349574799533,16,0,0,16,0.0,0.0,1.0,0.03158650048499112,0.10463672774494626,0.08508614033416961,0.6314819632098079,0.24307340262748767,0.4415283203125,6.231889653718099,0.499972861725837,0.000732421875,0.0830078125,0.2986798646161333,0.2960977564798668,0.3000204840209335,0.298576682806015,0.29586803913116455,0.30000001192092896,0.31666666666666676
983,3,4026368,97.63317957200067,406.6834858111945,10.07171459600795,22.868633782985853,9,0,0,9,0.0,0.0,1.0,0.039991854204345145,0.13179158186903805,0.11038781561364885,0.6282915372867137,0.2214758131049166,0.4248046875,7.056372574705165,0.47689031064510345,0.0009765625,0.093017578125,0.2983606787165627,0.29510967491660267,0.30001707148039714,0.29821449518203735,0.29465168714523315,0.30000001192092896,0.30000000000000027
984,3,4030464,97.65354119468803,390.82578700185684,10.48037293399102,22.864021246990887,14,1,0,13,0.07142857142857142,0.0,0.9285714285714286,0.03345732544948987,0.09174402118878788,0.09455489908214076,0.6176532842218876,0.18428499407309573,0.39129638671875,5.43300169473514,0.4505453831516206,0.001953125,0.05810546875,0.2973169857286848,0.29226915282197297,0.3000202679540962,0.29684507846832275,0.29053518176078796,0.30000001192092896,0.2833333333333332
985,3,4034560,97.67421331070464,396.6313207184868,10.326970630005235,22.872429744020337,12,0,0,12,0.0,0.0,1.0,0.018618386782691232,0.07383331575601915,0.09387433266965672,0.6196100511588156,0.15276562401413685,0.35455322265625,5.2379101905971766,0.4567850227467716,0.0029296875,0.069091796875,0.2975120114861056,0.2928456506342627,0.29999763960950077,0.2982209324836731,0.2946627140045166,0.30000001192092896,0.2666666666666667
986,3,4038656,97.6958140394125,412.788123209832,9.922766110976227,22.869456653977977,8,0,0,8,0.0,0.0,1.0,0.026356814880273305,0.12634448105745832,0.11683268164779292,0.6287799342535436,0.14179213861643802,0.39105224609375,5.469046702142805,0.44104178389534354,0.001708984375,0.081787109375,0.2984156252932735,0.29522110417019576,0.30003144196234643,0.2984886169433594,0.2954657971858978,0.30000001192092896,0.2500000000000002
987,3,4042752,97.71750776533429,414.7408218963926,9.876047361991368,22.862284314003773,8,0,0,8,0.0,0.0,1.0,0.017826903571403818,0.09332884934156027,0.08675270375533728,0.6293507928494364,0.08559988761044224,0.30010986328125,5.245490977424197,0.440371650736779,0.00146484375,0.0712890625,0.2984696239582263,0.2954086119425483,0.30002351093571633,0.298506498336792,0.2955194413661957,0.30000001192092896,0.23333333333333317
988,3,4046848,97.73788764555248,395.32596712355297,10.361069954000413,22.91921538702445,14,1,0,13,0.07142857142857142,0.0,0.9285714285714286,0.018370401980064344,0.17003566733183106,0.07923090484473505,0.6198234702460468,0.15597609512406052,0.34429931640625,4.810157579835504,0.468577248044312,0.001220703125,0.08447265625,0.29753409809200093,0.29260661656735465,0.30002474633511156,0.29685789346694946,0.2905736267566681,0.30000001192092896,0.21666666666666667
989,3,4050944,97.75878961542921,404.6060544880548,10.1234273549926,22.921700970997335,9,0,0,9,0.0,0.0,1.0,0.037983320053172065,0.06642999582618359,0.0685678969239234,0.6117864479310811,0.16423668921197532,0.38189697265625,7.56944717769511,0.46492945589125156,0.0009765625,0.021484375,0.2967517683864571,0.29032559727784246,0.30001948185963556,0.2965667247772217,0.29010629653930664,0.30000001192092896,0.20000000000000018
990,3,4055040,97.7791379183891,394.77683834556046,10.37548204997438,22.89040186800412,14,0,0,14,0.0,0.0,1.0,0.031029530122395954,0.06450061893974635,0.08647231096256291,0.6136777738574892,0.19254187899423414,0.32708740234375,5.395213778014295,0.46772074047476053,0.001220703125,0.010986328125,0.2969307053135708,0.2910856568487361,0.2999801094410941,0.2972661554813385,0.2921522855758667,0.30000001192092896,0.18333333333333313
991,3,4059136,97.79985536186796,401.06246118561563,10.212873046984896,22.88030163999065,11,0,0,11,0.0,0.0,1.0,0.048161112106754445,0.06261464469389466,0.10061900047730887,0.6073362338356674,0.15957096050624386,0.3726806640625,7.431452762975823,0.4929451080970466,0.0009765625,0.000732421875,0.2962983967154287,0.2901850483031012,0.29985044430941343,0.2952706515789032,0.288339227437973,0.29875168204307556,0.16666666666666663
992,3,4063232,97.82100509402785,408.50453455078906,10.026816481986316,22.871172924002167,10,0,0,10,0.0,0.0,1.0,0.021809078264595883,0.06979383294765285,0.07581569927424425,0.5891082107555121,0.1325270647648722,0.35638427734375,5.006740126234945,0.46844420954585075,0.00048828125,0.0,0.2945560333901085,0.2848548348993063,0.29980042000534013,0.29407280683517456,0.28244832158088684,0.30000001192092896,0.15000000000000013
993,3,4067328,97.84247979469589,414.8946594857733,9.872385450988077,22.873018302983837,10,0,0,10,0.0,0.0,1.0,0.023734735854304745,0.031142312325755483,0.0976481509351288,0.5747793288901448,0.10178432963220985,0.29412841796875,5.295602414989844,0.44617879716679454,0.002197265625,0.00732421875,0.2932099073077552,0.2804601899115369,0.29985158931231126,0.2924611568450928,0.2780263423919678,0.29998400807380676,0.13333333333333308
994,3,4071424,97.86312172068872,400.33077337994115,10.231539197993698,22.853696657984983,14,0,0,14,0.0,0.0,1.0,0.021012804462770873,0.04482027602080052,0.14902266470744507,0.5658852532505989,0.11395927859848598,0.34442138671875,4.825803168234415,0.4639473115094006,0.0029296875,0.001953125,0.2923648190917447,0.27893000573385507,0.29994428460486233,0.2926149368286133,0.2795066833496094,0.2999533712863922,0.11666666666666659
995,3,4075520,97.88422939636067,410.0575234446611,9.988842457009014,22.884302354999818,6,0,0,6,0.0,0.0,1.0,0.030268507289292756,0.07424584530235734,0.13460482329537626,0.570645177969709,0.10996239138330566,0.37579345703125,5.2260715460870415,0.44516659574583173,0.00146484375,0.0,0.2928317346377298,0.27921659318963066,0.2999306130222976,0.29315775632858276,0.2798483967781067,0.2998751699924469,0.10000000000000009
996,3,4079616,97.90435390782528,392.51442385115047,10.435285307001323,22.841052614996443,13,0,0,13,0.0,0.0,1.0,0.028664057257628883,0.04388032293081778,0.1441465285679442,0.5790127047803253,0.11166607994528022,0.34405517578125,4.829473971039988,0.4582336121238768,0.001953125,0.003173828125,0.2936290137004107,0.2810225152061321,0.2999994172132574,0.2935970723628998,0.28079119324684143,0.30000001192092896,0.08333333333333359
997,3,4083712,97.92491127482397,400.7421316537849,10.221036612987518,22.85862603201531,11,0,0,11,0.0,0.0,1.0,0.034675465987675125,0.013913777081825174,0.17734148894669488,0.5713618446607143,0.19539193688251544,0.38861083984375,5.587934220093302,0.4751103166490793,0.001708984375,0.001708984375,0.2929088131641038,0.27901298989309,0.30001302249729633,0.2928963899612427,0.27905938029289246,0.30000001192092896,0.06666666666666654
998,3,4087808,97.94548743775661,401.0297068245212,10.213707190006971,22.84392775699962,14,0,0,14,0.0,0.0,1.0,0.029779166985463235,0.026346871127316263,0.14130636566551402,0.5653268815949559,0.13962636218275293,0.3819580078125,4.36389315710403,0.45827698707580566,0.003173828125,0.00341796875,0.29230074875522405,0.2790791152510792,0.29982470307732,0.2918025255203247,0.27859926223754883,0.29974135756492615,0.050000000000000044
999,3,4091904,97.96624769439248,407.3376226074533,10.055540594999911,22.909500059002312,9,1,0,8,0.1111111111111111,0.0,0.8888888888888888,0.01499680895358324,0.11212172033924617,0.1378184019267792,0.568211697274819,0.1430683926337224,0.37060546875,3.084860134200426,0.4435704522766173,0.00244140625,0.0078125,0.2925977037521079,0.27896934503223747,0.2999846371822059,0.2930092215538025,0.27924928069114685,0.30000001192092896,0.03333333333333355
1000,3,4096000,97.98647085899088,398.30175191241614,10.28366051701596,22.896626331988955,13,0,0,13,0.0,0.0,1.0,0.020215889448081725,0.02791418729475481,0.20521123776416061,0.5758409476839006,0.12429610165781924,0.343505859375,4.152701052604243,0.4464933555573225,0.00146484375,0.01416015625,0.2933300524018705,0.2802471261820756,0.29997892933897674,0.2935361862182617,0.2814922332763672,0.2996070683002472,0.016666666666666496
1001,4,4100096,98.00863524121635,435.8981927412141,9.396689566987334,22.83068311601528,0,0,0,0,0.0,0.0,0.0,0.030613815485594387,0.05559577800295301,0.0,0.5860171704553068,0.19813009996869368,0.46954345703125,4.894674124836456,0.5071531855501235,0.001220703125,0.0,0.29429074563086033,0.2830462081474252,0.2999874802771956,0.2948702573776245,0.2849034368991852,0.29993319511413574,0.0
1002,4,4104192,98.0309080806384,433.60871550683936,9.446304591023363,22.830664168985095,0,0,0,0,0.0,0.0,0.0,0.016589066839515,0.003993387511854962,0.0,0.5757090938277543,0.10346608634426957,0.3660888671875,3.698853694018908,0.41890583420172334,0.0029296875,0.0,0.29325762897497043,0.282518002029974,0.2994357458082959,0.2917070984840393,0.27977028489112854,0.2992877960205078,0.0
1003,4,4108288,98.05336869442831,436.7828176556924,9.377658265002538,22.80423854998662,0,0,0,0,0.0,0.0,0.0,0.013214668929322215,0.0038125500157093484,0.0,0.5626486681867391,0.07023406171356328,0.30413818359375,3.2557164640165865,0.4000461199320853,0.00244140625,0.0,0.2920280079706572,0.2798215731745586,0.2999559525051154,0.29196056723594666,0.27962037920951843,0.30000001192092896,0.0
1004,4,4112384,98.07549241174657,431.48962555101417,9.492696364992298,22.819050694000907,0,0,0,0,0.0,0.0,0.0,0.016563245917495806,0.0009841632541451872,0.0,0.5479538852814585,0.07448986608505948,0.317138671875,4.503688165685162,0.4051622115075588,0.001953125,0.0,0.290601086220704,0.27828548912657425,0.2997196756186895,0.2896568179130554,0.2774909436702728,0.29998451471328735,0.0
1005,4,4116480,97.98330790330611,432.56486957460424,9.469099984999048,70.76551634300267,0,0,0,0,0.0,0.0,0.0,0.050594691709193285,0.13914365084752944,0.0,0.5383303377311677,0.8415309621777851,0.55816650390625,5.447036615980323,0.3877135715447366,0.002685546875,0.001708984375,0.2897201357409358,0.27571156376507133,0.29997501272009686,0.2895716428756714,0.274343878030777,0.2997860312461853,0.0
1006,4,4120576,98.00523231545706,425.0452439185796,9.63662117999047,22.757778422994306,64,0,0,64,0.0,0.0,1.0,0.004353379234089516,0.02353195569048694,0.0,0.5241685684304684,0.020926035696902545,0.22894287109375,3.224969868431799,0.39069729298353195,0.00244140625,0.012451171875,0.28844818484503776,0.27091450738953426,0.29990351549349725,0.2877279222011566,0.2689765989780426,0.30000001192092896,0.0
1007,4,4124672,98.02770411579209,436.0245194860691,9.393967120995512,22.750570027012145,0,0,0,0,0.0,0.0,0.0,0.007050134303426603,0.0742736206968857,0.0,0.5329456883482635,0.0179543207414099,0.2003173828125,3.592468891234603,0.3926584995351732,0.003173828125,0.0,0.28934991848655045,0.2701352292788215,0.29983318090671673,0.29065561294555664,0.2719667851924896,0.30000001192092896,0.0
1008,4,4128768,98.0500058367365,435.4259197569476,9.406881432980299,22.79622888599988,0,0,0,0,0.0,0.0,0.0,0.002470910934789572,0.06392891130565204,0.0,0.5524791022762656,0.017180572540382855,0.20355224609375,3.0897927454207093,0.3946562563069165,0.00244140625,0.0,0.29117680550552905,0.2738062863354571,0.30001428874675184,0.29160547256469727,0.27565452456474304,0.29999840259552,0.0
1009,4,4132864,98.07244504844364,437.4736037589621,9.362850614998024,22.766669341013767,0,0,0,0,0.0,0.0,0.0,0.004473469736694824,0.11937104371372698,0.0,0.5624341312795877,0.021669058751285775,0.23211669921875,3.205110010516364,0.3896837420761585,0.001708984375,0.0,0.2920589846908115,0.2774490626179613,0.2999706020927988,0.29222598671913147,0.27851545810699463,0.29995912313461304,0.0
1010,4,4136960,97.98161906462965,435.5951975533977,9.403225800022483,70.44391471100971,0,0,0,0,0.0,0.0,0.0,0.011120172592200106,0.08075906348040007,0.0,0.5602122033014894,0.07649316970127984,0.33416748046875,4.218819223577157,0.3928435896523297,0.002197265625,0.00439453125,0.291840854100883,0.27703464217484,0.29956058296374977,0.29141560196876526,0.2763303518295288,0.29918524622917175,0.0
1011,4,4141056,98.00394205920225,439.23944948567004,9.32520975699299,22.79167031898396,0,0,0,0,0.0,0.0,0.0,0.001110717115807347,0.06239303786628625,0.0,0.5499565559439361,0.013509279448044254,0.16986083984375,2.817823500430677,0.38752703042700887,0.002197265625,0.01171875,0.29085646476596594,0.27573765540728346,0.29983573860954493,0.28989148139953613,0.2746622860431671,0.29941031336784363,0.0
1012,4,4145152,98.0258804385428,430.32081801313973,9.51847976798308,22.809184341982473,64,0,0,64,0.0,0.0,1.0,-0.0029726974717050325,0.0417286294852488,0.0,0.5262613818049431,0.01540775314788334,0.197265625,2.2811660714360187,0.39139864407479763,0.0029296875,0.00244140625,0.28858517861226574,0.2729789590812288,0.2984616723260842,0.28810903429985046,0.27151572704315186,0.29906731843948364,0.0
1013,4,4149248,98.04813802152077,437.841433983695,9.354984891979257,22.82028793799691,0,0,0,0,0.0,0.0,0.0,0.003684663015519618,0.040472547460638,0.0,0.5237314430996776,0.012668515471887076,0.1634521484375,2.7535485791158862,0.3973458968102932,0.001708984375,0.0,0.28838815732160583,0.2715856998693198,0.2998791484278627,0.2884652316570282,0.2713339030742645,0.299993634223938,0.0
1014,4,4153344,98.07037037879653,436.8134713130636,9.377000181993935,22.794484893995104,0,0,0,0,0.0,0.0,0.0,0.003490809234790504,0.1124122184035059,0.0,0.5436237228568643,0.010984402124449844,0.1312255859375,2.759417734690942,0.39210078213363886,0.002685546875,0.006103515625,0.29030085721751675,0.27368183428188786,0.2999303862452507,0.2919204831123352,0.27576884627342224,0.30000001192092896,0.0
1015,4,4157440,97.98006781441916,438.1051148669791,9.349354438018054,70.46849254501285,0,0,0,0,0.0,0.0,0.0,0.0026396511748316698,0.10890479700219657,0.0,0.5504727766383439,0.01518093325648806,0.16363525390625,3.39080368966097,0.3984803524799645,0.001220703125,0.00341796875,0.29090069665107876,0.27611437294399366,0.29989999311510473,0.29074645042419434,0.2774723172187805,0.2997252345085144,0.0
1016,4,4161536,98.00221913462639,436.7347606907321,9.378690154000651,22.824719251017086,0,0,0,0,0.0,0.0,0.0,0.0022887694685778115,0.06778869347112959,0.0,0.5521627760026604,0.011841876152175246,0.14019775390625,2.820031422423199,0.4051901209168136,0.001953125,0.009765625,0.29102261416846886,0.2782568672555499,0.29994881188031286,0.2911982536315918,0.27852949500083923,0.29999250173568726,0.0
1017,4,4165632,98.02410590578283,430.78462489325165,9.508231638988946,22.79518197500147,1,0,1,0,0.0,1.0,0.0,8.523268661519978e-05,0.1867511086329614,0.0,0.5502722263336182,0.012512798839452444,0.13861083984375,2.574998499418143,0.4008679483085871,0.001708984375,0.0146484375,0.2908130899304524,0.2794150526751764,0.29986151470802724,0.29070937633514404,0.2796098291873932,0.2999509572982788,0.0
1018,4,4169728,98.04594303716142,430.3538738355674,9.517748646001564,22.792438876000233,63,0,0,63,0.0,0.0,1.0,0.004094620755495271,0.10234983474674664,0.0,0.5516716125421226,0.01071713587953127,0.1602783203125,2.9200095232808962,0.3944967738352716,0.002685546875,0.005126953125,0.29094152932520956,0.28025098668877035,0.2999971524113789,0.29125940799713135,0.2813796103000641,0.30000001192092896,0.0
1019,4,4173824,98.06803835416413,437.36758688185245,9.365120148024289,22.818737427005544,0,0,0,0,0.0,0.0,0.0,0.0042465969163458794,0.0417383731917198,0.0,0.5694616015534848,0.007694916086620651,0.1207275390625,2.6975691436673515,0.39107287488877773,0.00341796875,0.0,0.2926361876889132,0.2837708306615241,0.29991123359650373,0.2934539020061493,0.2860518991947174,0.30000001192092896,0.0
1020,4,4177920,97.97814333285714,437.8594748046304,9.354599445010535,70.482470293995,0,0,0,0,0.0,0.0,0.0,0.0040673724324733485,0.1214097742067679,0.0,0.5701259083580226,0.007928380644443678,0.1097412109375,3.2066394178546034,0.4030386973172426,0.001708984375,0.0,0.2926966348895803,0.28326915157958865,0.2995215217815712,0.29240021109580994,0.2814699709415436,0.2994026839733124,0.0
1021,4,4182016,98.00022260615677,438.286045183771,9.345494899986079,22.78321575699374,0,0,0,0,0.0,0.0,0.0,0.004225662327371538,0.11622572116357333,0.0,0.5676841945387423,0.007927099552034633,0.11968994140625,2.9275214878143743,0.408064475748688,0.0009765625,0.010498046875,0.2924924347898923,0.28123290720395744,0.29974282532930374,0.29318714141845703,0.28225505352020264,0.29996711015701294,0.0
1022,4,4186112,98.02168504298194,425.6287189851339,9.623410773987416,22.818791967991274,2,2,0,0,1.0,0.0,0.0,0.0014781569007027429,0.09747602807146905,0.0,0.5766571876592934,0.01031012758903671,0.1387939453125,2.451351402589353,0.40385997481644154,0.002197265625,0.009521484375,0.2933475229656324,0.28296629420947284,0.298995835124515,0.29347437620162964,0.2835342288017273,0.298611044883728,0.0
1023,4,4190208,98.04356425600686,433.568211463032,9.447187067009509,22.79891168701579,1,0,0,1,0.0,0.0,1.0,-9.593758659320883e-05,0.05268883288533743,0.0,0.5751757549587637,0.01916714105391293,0.16180419921875,2.541927359183319,0.40049302531406283,0.003173828125,0.0,0.29323813534574583,0.2812305708648637,0.299838864360936,0.29350072145462036,0.280502051115036,0.30000001192092896,0.0
1024,4,4194304,98.06523237821217,431.04285166789265,9.502535500010708,22.82153999901493,61,0,0,61,0.0,0.0,1.0,-0.001100361958378926,0.10208157580188981,0.0,0.5644518726039678,0.010107757210789714,0.16864013671875,2.7545987087651156,0.39481622725725174,0.00244140625,0.0,0.29220237175468355,0.2795761664165184,0.2998507581651211,0.2912841737270355,0.27876460552215576,0.30000001192092896,0.0
1025,4,4198400,97.97579980444851,439.199118160458,9.326066084002377,70.50030803197296,0,0,0,0,0.0,0.0,0.0,0.002733657680437318,0.11492168594122631,0.0,0.5581684466451406,0.012384085312078241,0.15606689453125,2.8884053208166733,0.39514001784846187,0.00244140625,0.0,0.2915987634914927,0.2788951783441007,0.29979043937055394,0.2916014790534973,0.27838441729545593,0.2998078763484955,0.0
1026,4,4202496,97.99781478481059,438.7700778833296,9.33518534299219,22.83439308599918,0,0,0,0,0.0,0.0,0.0,-0.0006126637636043597,0.052929815047207285,0.0,0.5566605175845325,0.01051047797955107,0.162353515625,2.55739221139811,0.3974957652390003,0.00146484375,0.0,0.291517480451148,0.27601184812374413,0.2997546341503039,0.290982723236084,0.2732097804546356,0.30000001192092896,0.0
1027,4,4206592,98.01958434102353,434.20596222473705,9.433311277010944,22.828939993982203,1,0,0,1,0.0,0.0,1.0,0.001496286076871911,0.06662560029656106,0.0,0.5567571993451566,0.008632720291643636,0.14373779296875,2.5581003444676753,0.3962597609497607,0.001708984375,0.0,0.2915648320922628,0.27494461328024045,0.29998615867225453,0.29246991872787476,0.2775546610355377,0.30000001192092896,0.0
1028,4,4210688,98.04129519846238,432.0739804917351,9.479858045000583,22.793745019997004,1,0,0,1,0.0,0.0,1.0,-0.001094931438274216,0.019686289165179005,0.0,0.5320770642720163,0.010479877317266073,0.12823486328125,2.203080471692374,0.39260375453159213,0.001953125,0.0,0.28918217722093686,0.2724732863716781,0.2999803139246069,0.2866155505180359,0.2686223089694977,0.30000001192092896,0.0
1029,4,4214784,98.06287567838781,430.91446204031774,9.505366750992835,22.81140619298094,1,0,0,1,0.0,0.0,1.0,-0.0010253503442072542,0.011881226654963939,0.0,0.4617970963008702,0.01054565835147514,0.1219482421875,1.7934403515100712,0.38412235816940665,0.002685546875,0.0,0.28259317635092884,0.2647551982081495,0.29940018604975194,0.27931028604507446,0.26184237003326416,0.2988423705101013,0.0
1030,4,4218880,97.97872911975736,430.5785369025891,9.5127825679956,68.18614430300659,61,0,0,61,0.0,0.0,1.0,0.00301704775847611,0.0807523638238763,0.0,0.4347115303389728,0.010877293469093274,0.13525390625,2.7427259445248637,0.37537807412445545,0.00146484375,0.0,0.28013965662103146,0.2615690376260318,0.29964811622630805,0.28090792894363403,0.261327862739563,0.2992894649505615,0.0
1031,4,4222976,98.0006026293542,440.8792235117043,9.290526252007112,22.83556820001104,0,0,0,0,0.0,0.0,0.0,0.003450599153438816,0.09213810565961467,0.0,0.4578116910997778,0.012163179617346032,0.1168212890625,2.7071210985595826,0.3721391330473125,0.00341796875,0.0,0.2822503986535594,0.2632694389903918,0.29866487940307707,0.28358763456344604,0.2656187117099762,0.29819244146347046,0.0
1032,4,4227072,98.02232806886805,436.3163839346552,9.387683228997048,22.84683904799749,0,0,0,0,0.0,0.0,0.0,0.0043169841410417575,0.09312455459689772,0.0,0.47424365440383554,0.010889339224377181,0.1370849609375,2.8173759611090645,0.3744383645243943,0.003662109375,0.0,0.2837767041637562,0.2650650531286374,0.2997491641435772,0.2838021218776703,0.2649962604045868,0.29981011152267456,0.0
1033,4,4231168,98.04395301589801,433.685227859445,9.444638039014535,22.81993288701051,1,0,0,1,0.0,0.0,1.0,-0.0003462766071606893,0.07770721248505197,0.0,0.4779424180742353,0.009954869350622175,0.134521484375,2.5232508872286417,0.38570568850263953,0.001953125,0.0,0.2841932676383294,0.2633205316378735,0.2999754655174911,0.2847738265991211,0.2628679871559143,0.2999235987663269,0.0
1034,4,4235264,98.0654171558853,432.7555898814974,9.464926845015725,22.856302025000332,1,0,0,1,0.0,0.0,1.0,-0.0018745230991044082,0.05449261168701014,0.0,0.4867578628472984,0.010918074167420855,0.135009765625,2.3581101397576276,0.38124805875122547,0.002197265625,0.00048828125,0.28501817595679313,0.2639683419256471,0.29991855623666197,0.28507423400878906,0.2641059458255768,0.29958975315093994,0.0
1035,4,4239360,97.97694933572309,433.68266772610895,9.44469379298971,70.33917693898547,1,0,0,1,0.0,0.0,1.0,-0.0024013319343794137,0.04486352586980047,0.0,0.5062038882169873,0.007848204528272618,0.14093017578125,2.3433038552757353,0.38117889128625393,0.003173828125,0.0,0.28683187114074826,0.2665760228410363,0.2998075162176974,0.2878410220146179,0.2686156928539276,0.30000001192092896,0.0
1036,4,4243456,97.99836983296971,432.344201761542,9.473932999011595,22.864035901991883,61,0,0,61,0.0,0.0,1.0,0.0029903952963650227,0.05930278389598698,0.0,0.514122647466138,0.012661408989515621,0.1475830078125,2.6389891690050717,0.37723489524796605,0.001708984375,0.0,0.28755898523377255,0.2676370754488744,0.2983854078920558,0.2878109812736511,0.26770320534706116,0.2979026138782501,0.0
1037,4,4247552,98.02013604428309,440.05727283626294,9.30787934397813,22.86323054600507,0,0,0,0,0.0,0.0,0.0,0.0032537328006583266,0.04731521964373542,0.0,0.5154728211928159,0.008277311819256283,0.11322021484375,2.709421179955825,0.38667734060436487,0.001953125,0.0,0.2876504295854829,0.26875396916875616,0.29733809060417116,0.2873610854148865,0.26985591650009155,0.2968672513961792,0.0
1038,4,4251648,98.04180062613206,435.7760815308304,9.399322665005457,22.802551048021996,0,0,0,0,0.0,0.0,0.0,0.0014750005029782187,0.05309877129934648,0.0,0.5198282888159156,0.009920765398419462,0.11602783203125,2.5360411629080772,0.3849193840287626,0.001953125,0.0,0.2880413186503574,0.27002091106260195,0.29791986849159,0.2882729470729828,0.2703741490840912,0.29902639985084534,0.0
1039,4,4255744,98.0632393762743,432.1048427195546,9.479180965019623,22.8080600190151,1,0,0,1,0.0,0.0,1.0,0.0026453129285073373,0.08253019059895905,0.0,0.5515444995835423,0.008013449376448989,0.09228515625,2.3482404947280884,0.3835372803732753,0.001953125,0.0,0.29106467665405944,0.27449632983189076,0.2998247480718419,0.29226818680763245,0.27680450677871704,0.30000001192092896,0.0
1040,4,4259840,97.97526637830434,432.3377610521102,9.474074136000127,70.28072352698655,1,0,0,1,0.0,0.0,1.0,0.0034796610198100097,0.07621848124153985,0.0,0.5600557075813413,0.00794004914132529,0.08111572265625,2.6698750715586357,0.3949801782146096,0.002685546875,0.009765625,0.2918533598422073,0.2761227813316509,0.2998415581532754,0.291840523481369,0.27617141604423523,0.30000001192092896,0.0
1041,4,4263936,97.9960867741665,423.10552610907547,9.680800053989515,22.81879707198823,62,1,0,61,0.016129032258064516,0.0,0.9838709677419355,0.0005657401416101493,0.05283496458241643,0.0,0.552583041600883,0.00866586862684926,0.13055419921875,2.38772911480919,0.39419720973819494,0.0029296875,0.001708984375,0.2911534179584123,0.27443891688017175,0.29976100084604695,0.29053348302841187,0.27256298065185547,0.2999509871006012,0.0
1042,4,4268032,98.01774764641867,437.9199814127701,9.353306937002344,22.818740135000553,0,0,0,0,0.0,0.0,0.0,0.0025961236460716464,0.0904404879829599,0.0,0.5317514622583985,0.005946358596702339,0.0794677734375,2.582759111566702,0.38511178689077497,0.001220703125,0.0,0.28915061365114525,0.2721014589769766,0.298311349877622,0.2883910536766052,0.2715900242328644,0.2981613576412201,0.0
1043,4,4272128,98.0393607917499,437.30592730466583,9.366440618003253,22.81244457300636,0,0,0,0,0.0,0.0,0.0,0.005903527329792269,0.05928407265662372,0.0,0.5302927368320525,0.015901024373306427,0.16644287109375,2.724257599678822,0.38251902582123876,0.002685546875,0.0,0.2889881294686347,0.2730701951077208,0.29915137734496966,0.28950703144073486,0.2746416926383972,0.29989001154899597,0.0
1044,4,4276224,98.06088554798612,436.9166199763646,9.374786430009408,22.82916513798409,0,0,0,0,0.0,0.0,0.0,0.0038753255794290453,0.0964053504903859,0.0,0.5431885982397944,0.009598001350241248,0.10198974609375,2.56635913439095,0.3956333459354937,0.003662109375,0.0,0.2901951949461363,0.27593046810943633,0.3000046325614676,0.2909228205680847,0.27683785557746887,0.30000001192092896,0.0
1045,4,4280320,97.97333207244256,432.3851748139882,9.473035244009225,70.28561930000433,1,0,0,1,0.0,0.0,1.0,-0.0005803059975733049,0.11322711667889962,0.0,0.5386834465898573,0.010509245195862604,0.12530517578125,2.5872904970892705,0.39892063150182366,0.002685546875,0.0,0.28975876746699214,0.2751821934361942,0.2998375566676259,0.2892259955406189,0.2751304507255554,0.2999936640262604,0.0
1046,4,4284416,97.99438771772074,427.8565347100478,9.57330242198077,22.836933644022793,3,0,0,3,0.0,0.0,1.0,0.0024950579609139822,0.07330324470967753,0.0,0.5345997523982078,0.008595584080467233,0.09381103515625,2.475169740326237,0.39900859305635095,0.001953125,0.008056640625,0.28940093639539555,0.2737562127877027,0.29995939193759114,0.28934913873672485,0.2728232443332672,0.30000001192092896,0.0
1047,4,4288512,98.01544253353924,430.4505338785353,9.515611383016221,22.88102086802246,60,0,0,60,0.0,0.0,1.0,0.0039202124389703386,0.09219673086658986,0.0,0.5354909631423652,0.010256502631818876,0.13031005859375,2.71472529345192,0.40727552585303783,0.001953125,0.0048828125,0.2894798630150035,0.27385395992314443,0.29977217473788187,0.2892257571220398,0.27298852801322937,0.30000001192092896,0.0
1048,4,4292608,98.03700373993433,440.28260793059667,9.303115603979677,22.853346606978448,0,0,0,0,0.0,0.0,0.0,-0.0022280575994955143,0.07521720490683492,0.0,0.5348374056629837,0.008486838367389282,0.154541015625,2.2721466792281717,0.4019198091700673,0.001953125,0.0,0.2894437000504695,0.2729259228799492,0.2999371329206042,0.2898124158382416,0.2736065685749054,0.30000001192092896,0.0
1049,4,4296704,98.0584987024373,438.0086165924773,9.351414207019843,22.820827974996064,0,0,0,0,0.0,0.0,0.0,-0.0014800944190938026,0.08058827176137129,0.0,0.5394195129629225,0.009188682706735563,0.13433837890625,2.655329107423313,0.4119337066076696,0.001953125,0.0,0.2898767968872562,0.2736267626751214,0.29991928581148386,0.29022401571273804,0.2735151946544647,0.2998296916484833,0.0
1050,4,4300800,97.97159005148544,437.66858259164536,9.358679518976714,70.30023483198602,0,0,0,0,0.0,0.0,0.0,-0.002047301495622378,0.10161859677373286,0.0,0.5404977747239172,0.01066421739233192,0.14947509765625,2.6675901456619613,0.39369202638044953,0.00146484375,0.00634765625,0.2900199818541296,0.2722944099805318,0.2998844222165644,0.29004549980163574,0.27186518907546997,0.2999996542930603,0.0
1051,4,4304896,97.99266349868643,432.92640584933076,9.461192351998761,22.83289771398995,1,0,0,1,0.0,0.0,1.0,0.0012612713580892887,0.04840543549130416,0.0,0.5336306188255548,0.010652958237187704,0.12420654296875,2.3868369121919386,0.4001596770249307,0.0029296875,0.01708984375,0.28935974568594247,0.27152955037308857,0.2997051097336225,0.2890734374523163,0.2716176211833954,0.29994460940361023,0.0
1052,4,4308992,98.01355839968696,427.46095479809935,9.58216172500397,22.84160170800169,3,0,0,3,0.0,0.0,1.0,0.001555097373056924,0.04154515513641854,0.0,0.5204573862720281,0.0058609894185792655,0.08404541015625,2.3519087448948994,0.3970886738970876,0.00244140625,0.006591796875,0.28808169515104964,0.27072332717943937,0.29900882887886837,0.2879452407360077,0.2699166536331177,0.29980894923210144,0.0
1053,4,4313088,98.03462077921222,432.26975096206166,9.475564715976361,22.859571039007278,60,0,0,60,0.0,0.0,1.0,0.0015938913238642272,0.0787548770297235,0.0,0.5274710762314498,0.010566013806965202,0.1505126953125,2.5227805871982127,0.3908247696235776,0.002685546875,0.000244140625,0.2887770510860719,0.27087813144316897,0.29977939650416374,0.2894437313079834,0.2718524932861328,0.30000001192092896,0.0
1054,4,4317184,98.05605960552487,438.42518275395014,9.342529036017368,22.809300817985786,0,0,0,0,0.0,0.0,0.0,0.0012244770841789432,0.07584703272323168,0.0,0.5491096160840243,0.008785367022937862,0.11749267578125,2.513057127071079,0.39550983626395464,0.00244140625,0.0,0.29083738289773464,0.2738537960103713,0.2999267323757522,0.29151928424835205,0.27472567558288574,0.30000001192092896,0.0
1055,4,4321280,97.96938732953036,432.98131940414254,9.459992421005154,70.28056586900493,1,1,0,0,1.0,0.0,0.0,-0.002454485298585496,0.08040499179412564,0.0,0.5551989229861647,0.008606829276686767,0.1253662109375,2.3063808894366957,0.39677856815978885,0.0029296875,0.001708984375,0.2913951948285103,0.2752652175258845,0.2999522843165323,0.291788250207901,0.276273250579834,0.30000001192092896,0.0
1056,4,4325376,97.99081381624714,438.2332003403416,9.346621837001294,22.80772744299611,0,0,0,0,0.0,0.0,0.0,0.001255488026799867,0.04580075909689185,0.0,0.5525387006346136,0.007168015265051508,0.09912109375,2.183864154125331,0.3952094819396734,0.002197265625,0.000244140625,0.29114394407952204,0.27460855862591416,0.29979963751975447,0.2907780110836029,0.27422723174095154,0.2997755706310272,0.0
1057,4,4329472,98.01195864511755,432.43231912057803,9.472002481983509,22.795174678001786,1,0,0,1,0.0,0.0,1.0,0.0013228862662799656,0.12317117673205757,0.0,0.5596191526856273,0.008085064921033336,0.09539794921875,2.3604781667818315,0.39769217232242227,0.0029296875,0.0,0.2917908650706522,0.277106819790788,0.29991759557742625,0.29224061965942383,0.2792016565799713,0.2998659312725067,0.0
1058,4,4333568,98.03276534093192,425.06595775478286,9.636151579004945,22.769683289981913,3,0,0,3,0.0,0.0,1.0,-0.0009716109379951376,0.05459084854373941,0.0,0.5614203326404095,0.008872279682691442,0.12884521484375,2.3928313032374717,0.4012715765275061,0.001708984375,0.000244140625,0.29188406094908714,0.28039839142002165,0.299444651347585,0.29085004329681396,0.28051862120628357,0.29845505952835083,0.0
1059,4,4337664,98.05345275803096,424.9861403857297,9.637961361004272,22.807914333010558,59,0,1,58,0.0,0.01694915254237288,0.9830508474576272,-0.0010165667117689736,0.1538983115078736,0.0,0.5519096103962511,0.010480759927304462,0.13671875,2.170983371848706,0.3988473401404917,0.001708984375,0.0,0.29092403227696195,0.28162572358269244,0.2972991662682034,0.291218101978302,0.283261775970459,0.2959740459918976,0.0
1060,4,4341760,97.96732771786684,437.7031713039253,9.357939966022968,70.32235729601234,0,0,0,0,0.0,0.0,0.0,1.2508957297541201e-05,0.07760911754348854,0.0,0.5633308785036206,0.010861800423299428,0.12884521484375,2.549608124361839,0.39501667162403464,0.003662109375,0.000244140625,0.29206671862630174,0.2809525996563025,0.29847961250925437,0.2926400303840637,0.27934756875038147,0.29959458112716675,0.0
1061,4,4345856,97.98823384757561,432.0768377570337,9.479795355990063,22.80384699301794,1,0,0,1,0.0,0.0,1.0,0.0020883854012936354,0.08395667733498158,0.0,0.5684607871808112,0.008041592664085329,0.0904541015625,2.358030955394497,0.3960160301066935,0.001708984375,0.0,0.29258153220871463,0.2805543508147821,0.2995055511710234,0.2925908863544464,0.2816775441169739,0.30000001192092896,0.0
1062,4,4349952,98.00936353304355,435.0565293064271,9.414868469000794,22.814746713003842,1,0,0,1,0.0,0.0,1.0,-0.002999783304403536,0.07988023525820154,0.0,0.5655241401400417,0.009114998083532555,0.13067626953125,2.2837822511210106,0.3989795851521194,0.001708984375,0.0,0.29227401356911287,0.2816063375794329,0.29991438175784424,0.2923763692378998,0.2821020781993866,0.2997882068157196,0.0
1063,4,4354048,98.03027562019926,430.3205834234217,9.518484956992324,22.795705967000686,1,0,0,1,0.0,0.0,1.0,-0.0015542289984296076,0.11609592663194235,0.0,0.5721971064340323,0.01250647575216135,0.15863037109375,2.4282380481017753,0.3946411465294659,0.002685546875,0.0,0.29289783304557204,0.2836817760253325,0.29943651269422844,0.2930515706539154,0.2846699655056,0.29964348673820496,0.0
1064,4,4358144,98.05106425165971,430.0018947971946,9.525539421010762,22.830869440018432,2,0,0,2,0.0,0.0,1.0,4.9698923248797655e-05,0.024712700976806445,0.0,0.5550241402816027,0.008179073567589512,0.084228515625,2.1926542262663133,0.40042203990742564,0.002685546875,0.0,0.29121851542731747,0.28189756406936795,0.2970980867394246,0.2894551753997803,0.27927476167678833,0.2956503927707672,0.0
1065,4,4362240,97.96981579064395,426.9170690483232,9.594369250989985,68.05910427399795,59,0,0,59,0.0,0.0,1.0,0.002261765464936616,0.07516195094433442,0.0,0.5437651663087308,0.013408266615442699,0.14306640625,2.2800060053996276,0.3938293973915279,0.002197265625,0.0,0.2901744050323032,0.2789867797982879,0.29804783524014056,0.29072830080986023,0.27898454666137695,0.30000001192092896,0.0
1066,4,4366336,97.9906774344615,431.78880344661627,9.486119064007653,22.833272915013367,1,0,0,1,0.0,0.0,1.0,0.0028359379211906344,0.08869723923453421,0.0,0.5527105554938316,0.007877179770730436,0.093994140625,2.4636678873794153,0.39662588899955153,0.001953125,0.0,0.29104556009406224,0.27964243188034743,0.299570077622775,0.29108038544654846,0.27901118993759155,0.2995263338088989,0.0
1067,4,4370432,98.01182670273202,438.8981285127634,9.33246175799286,22.84257373699802,0,0,0,0,0.0,0.0,0.0,0.0033425846886530053,0.07032305873701716,0.0,0.558957640780136,0.005888055056857411,0.07623291015625,2.4030736478162,0.40675584180280566,0.00341796875,0.0,0.2916602781624533,0.2795350151718594,0.2991627888404764,0.29184573888778687,0.27926105260849,0.29859426617622375,0.0
1068,4,4374528,98.03274950957464,433.46697156040995,9.449393538001459,22.81496898899786,1,0,0,1,0.0,0.0,1.0,0.0008460890694550471,0.011500094463940513,0.0,0.5409791935235262,0.006711119636747753,0.07452392578125,2.287846530060051,0.4126701117493212,0.0009765625,0.0,0.28996091324370354,0.27580786164617166,0.2986490321927704,0.28829121589660645,0.27332305908203125,0.2985670268535614,0.0
1069,4,4378624,98.0533322589644,427.6246841353898,9.57849289799924,22.826729010994313,2,0,1,1,0.0,0.5,0.5,0.00025774601817829534,0.14434847460188394,0.0,0.5318862905260175,0.007867340253142174,0.10791015625,2.097693536168663,0.4081703615374863,0.001708984375,0.0,0.2891235729912296,0.27387328998884186,0.29898901464184746,0.2899382710456848,0.2754967212677002,0.2993648946285248,0.0
1070,4,4382720,97.9677060575982,424.5315827572988,9.648280991008505,70.17279175602016,4,0,1,3,0.0,0.25,0.75,0.000679423646943178,0.16486294279002323,0.0,0.5450510859955102,0.00894411787885474,0.08441162109375,2.1816408382728696,0.41318686585873365,0.002197265625,0.0,0.2903747903765179,0.27558023208985105,0.2986966340104118,0.2907722592353821,0.2755417227745056,0.2985774576663971,0.0
1071,4,4386816,97.98832543408703,432.271119639029,9.475534714001697,22.852398043993162,56,0,0,56,0.0,0.0,1.0,-0.0006722850339428987,0.07252566307647612,0.0,0.5696367092896253,0.008386773748497944,0.10650634765625,2.353074668033514,0.4026677622459829,0.0029296875,0.0,0.29272085754200816,0.27985748142236844,0.29950832173926756,0.29403653740882874,0.28299885988235474,0.2997748553752899,0.0
1072,4,4390912,98.00931312225137,435.5142341000579,9.404973889002576,22.798894128995016,1,0,0,1,0.0,0.0,1.0,-0.0025534474552841857,0.07407388638876,0.0,0.5880854248534888,0.011730046713637421,0.1422119140625,2.2646334533928894,0.41242212569341063,0.00244140625,0.0,0.2944495765841566,0.28544263483490795,0.2998333743889816,0.2947447597980499,0.2873379588127136,0.29960039258003235,0.0
1073,4,4395008,98.0303259385922,437.1773435150176,9.369195500999922,22.809674037998775,0,0,0,0,0.0,0.0,0.0,-0.00027382600092096254,0.04435336337962781,0.0,0.6016608022619039,0.008271797560155392,0.12567138671875,2.107158792874543,0.41556472005322576,0.00146484375,0.0,0.2957541868672706,0.28878103860188276,0.2997291373903863,0.2963612675666809,0.2895495891571045,0.29984256625175476,0.0
1074,4,4399104,98.05105619047538,432.2728653301303,9.475496447994374,22.81860337598482,1,0,0,1,0.0,0.0,1.0,0.0006030933473084588,0.07018368837952949,0.0,0.6094577291514724,0.007725891755399061,0.12249755859375,2.4163729426654754,0.42603435879573226,0.00244140625,0.0,0.2965138893923722,0.2902502662036568,0.29982608591672033,0.2966111898422241,0.2906465232372284,0.29998815059661865,0.0
1075,4,4403200,97.96571960716552,422.06538358478525,9.704657522990601,70.16936131598777,3,0,1,2,0.0,0.3333333333333333,0.6666666666666666,0.000631817922112532,0.13386027801834643,0.0,0.6077675053384155,0.00828097326666466,0.09637451171875,1.967690454039257,0.42648107558488846,0.00146484375,0.0,0.29634944756980985,0.2897007258143276,0.2998630538932048,0.29611849784851074,0.28863638639450073,0.299934446811676,0.0
1076,4,4407296,97.9854164152374,412.39372827998756,9.93225580098806,22.83315379699343,59,0,1,58,0.0,0.01694915254237288,0.9830508474576272,0.0026763758887682343,0.19054231632071605,0.0,0.6039288300089538,0.004686245367338415,0.06622314453125,2.444922224676702,0.42222583293914795,0.003662109375,0.0,0.2959635626175441,0.28988001885591075,0.2994375742855482,0.2958279848098755,0.2903786599636078,0.2995166480541229,0.0
1077,4,4411392,98.00641296661584,437.7074006950222,9.35784954400151,22.798381957021775,0,0,0,0,0.0,0.0,0.0,0.0029825657220499124,0.049545081696919624,0.0,0.6143501093611121,0.006517144265671959,0.0882568359375,2.2644820023560897,0.4286118345335126,0.001953125,0.0,0.2969938649912365,0.2917188953142613,0.299980454321485,0.29791995882987976,0.2937708795070648,0.30000001192092896,0.0
1078,4,4415488,98.02706015328886,432.53496239750626,9.46975471600308,22.832770431006793,1,0,0,1,0.0,0.0,1.0,-0.0012576941262523178,0.06719402639123473,0.0,0.6280630836263299,0.007123063103790628,0.0994873046875,2.2301709761086386,0.42389968736097217,0.00244140625,0.0,0.298334339808207,0.2955184591701254,0.29988677956862375,0.29874879121780396,0.29698747396469116,0.2998981475830078,0.0
1079,4,4419584,98.04789811603723,438.5115612599264,9.340688734024297,22.860707764979452,0,0,0,0,0.0,0.0,0.0,0.001665992363996338,0.05445325701225556,0.0,0.6393813532777131,0.005999936031003017,0.1051025390625,2.3403972831874853,0.42174733616411686,0.001953125,0.0,0.299454870459158,0.29878290748456493,0.2998886472196318,0.2997036576271057,0.29943859577178955,0.2999040484428406,0.0
1080,4,4423680,97.96306071298316,423.97990420313073,9.660835240996676,70.17064281698549,3,0,2,1,0.0,0.6666666666666666,0.3333333333333333,0.0025038837993633933,0.24486855843997546,0.0,0.6434279973618686,0.006834192856331356,0.108642578125,2.069844356388785,0.4205901911482215,0.001953125,0.0,0.29985996446339414,0.29972059099236503,0.2999836814124137,0.29984772205352783,0.29966825246810913,0.29995882511138916,0.0
1081,4,4427776,97.98262123113734,414.9350834369357,9.871423659991706,22.855973415018525,5,0,2,3,0.0,0.4,0.6,0.0001590305837453343,0.23385721317163188,0.0,0.6385161557700485,0.007271769551152829,0.09808349609375,2.037089655525051,0.42567457677796483,0.00146484375,0.0,0.29936771327629685,0.2983595186378807,0.29997486277716234,0.29910269379615784,0.29733002185821533,0.30000001192092896,0.0
1082,4,4431872,98.00234422399437,414.2375083725901,9.888047115993686,22.808477469021454,55,0,0,55,0.0,0.0,1.0,0.0018572991939436179,0.0736616229005449,0.0,0.6367531013675034,0.00512428548609023,0.078857421875,2.31223728749319,0.41986049758270383,0.001953125,0.0,0.29919251339742914,0.2980522542493418,0.2999403554131277,0.2994573712348938,0.29841887950897217,0.29999369382858276,0.0
1083,4,4435968,98.02320560115216,438.0628988532248,9.35025543300435,22.810569408989977,0,0,0,0,0.0,0.0,0.0,0.00034660883829928935,0.06741883812151173,0.0,0.631260080030188,0.007590044137032237,0.08416748046875,2.316124238539487,0.42063069250434637,0.003662109375,0.0,0.2986457436927594,0.29647650744300336,0.2999604952055961,0.297835111618042,0.29402878880500793,0.30000001192092896,0.0
1084,4,4440064,98.0435503931137,427.505555653318,9.58116203598911,22.80450312499306,2,0,1,1,0.0,0.5,0.5,0.0007403698855341645,0.17086696821093028,0.0,0.6203953875228763,0.0072542275629530195,0.106201171875,2.2750385949912015,0.4167904909700155,0.00146484375,0.0,0.2975731927435845,0.2937864610576071,0.29972151201218367,0.2977129817008972,0.2938400208950043,0.2999054491519928,0.0
1085,4,4444160,97.95940818698854,436.26111264697806,9.388872584007913,70.30789534098585,0,0,0,0,0.0,0.0,0.0,0.0015590461189276539,0.07087844405168653,0.0,0.624822631245479,0.0076687564214807935,0.08935546875,2.4904178226424847,0.41193916788324714,0.001708984375,0.0,0.29801436117850244,0.29468897701008245,0.29988967801909894,0.29829269647598267,0.29617467522621155,0.29981836676597595,0.0
1086,4,4448256,97.97899873509962,413.81354159614,9.898177773982752,22.834468971006572,6,0,3,3,0.0,0.5,0.5,0.0012976436300959904,0.24603016275818845,0.0,0.6363381275441498,0.00511587250730372,0.0899658203125,2.053745175653603,0.4129339442588389,0.001708984375,0.0,0.2991534307366237,0.2980331131257117,0.29992556129582226,0.29929354786872864,0.29881173372268677,0.30000001192092896,0.0
1087,4,4452352,97.99855781189396,412.9546953220191,9.918763599009253,22.815681807987858,8,0,4,4,0.0,0.5,0.5,-0.0011797440383816138,0.38079196437865903,0.0,0.6381464467849582,0.009958821578038624,0.1201171875,2.1130436099192593,0.4139168756082654,0.002197265625,0.0,0.2993291417369619,0.2986117155523971,0.2998708501108922,0.2991527020931244,0.2989172637462616,0.29943397641181946,0.0
1088,4,4456448,98.01828426150851,417.1779067668284,9.81835311400937,22.825329367013182,48,0,2,46,0.0,0.041666666666666664,0.9583333333333334,-0.0008421267957601231,0.1937608386518832,0.0,0.6259381747804582,0.009536974252114305,0.118408203125,2.0378194615768734,0.41981039149686694,0.003173828125,0.0,0.2981121175689623,0.2968110050424002,0.2997840095194988,0.29738354682922363,0.29466888308525085,0.30000001192092896,0.0
1089,4,4460544,98.03900904532351,438.04132832050743,9.350715868989937,22.816682176024187,0,0,0,0,0.0,0.0,0.0,-1.0600131645333022e-05,0.05501216682546328,0.0,0.624441254651174,0.006251173588680103,0.10107421875,2.3264284373726696,0.41496551176533103,0.001708984375,0.0,0.2979700259747915,0.29590947699034587,0.2997742322040722,0.298406720161438,0.2969645857810974,0.2996453046798706,0.0
1090,4,4464640,97.95498335868425,427.37920998024003,9.583994504995644,70.23967246900429,2,0,0,2,0.0,0.0,1.0,-0.0031127027723414358,0.06174793544039403,0.0,0.6371364295482635,0.010045731865830021,0.1319580078125,1.9603822017961647,0.4173214980401099,0.001953125,0.0,0.2992312822025269,0.2982167958980426,0.29996413592016324,0.29859644174575806,0.2973284125328064,0.30000001192092896,0.0
1091,4,4468736,97.97530798537328,432.20305544457875,9.47702694000327,22.813089097006014,3,0,1,2,0.0,0.3333333333333333,0.6666666666666666,-0.0017631750633881893,0.10733729252365265,0.0,0.6307964127045125,0.006435857412725454,0.06451416015625,1.559583258407656,0.42405799916014075,0.00146484375,0.0,0.29860034660669044,0.29754504800075665,0.29992442147340626,0.2985520362854004,0.2968679368495941,0.30000001192092896,0.0
1092,4,4472832,97.99477494237031,413.9272809812117,9.89545794200967,22.840673227008665,6,0,3,3,0.0,0.5,0.5,2.3694925403106026e-05,0.26492419949624946,0.0,0.6406462963204831,0.004876565730228322,0.07135009765625,1.9081519362080144,0.4289745343849063,0.00146484375,0.0,0.29958508675917983,0.2991320014698431,0.2999563852790743,0.29981887340545654,0.29955723881721497,0.2999798059463501,0.0
1093,4,4476928,98.01422354171058,412.84812839408255,9.921323891991051,22.810432810976636,7,0,0,7,0.0,0.0,1.0,0.0015103797304618638,0.09394677802561091,0.0,0.6398996042553335,0.006239648093469441,0.08868408203125,2.3172561536484864,0.4218860478140414,0.002685546875,0.0,0.2995047055883333,0.2990066899219528,0.2998366235406138,0.2987191379070282,0.29809293150901794,0.29920849204063416,0.0
1094,4,4481024,98.03390883903965,418.6579946111057,9.783642144000623,22.82478922099108,46,0,0,46,0.0,0.0,1.0,0.0006565287512785289,0.04967917055353155,0.0,0.6160464810673147,0.010381109550507972,0.1324462890625,2.305849740281701,0.4239840288646519,0.001708984375,0.0,0.29712793428916484,0.29605766385793686,0.2989421356469393,0.2957293391227722,0.2939069867134094,0.2991020381450653,0.0
1095,4,4485120,97.95036282566825,433.1032919192234,9.457328254997265,70.32884445899981,1,0,1,0,0.0,1.0,0.0,0.0015766744982101955,0.12442264596182895,0.0,0.6052387286908925,0.006254508221900323,0.09539794921875,1.8133279604662675,0.4284803569316864,0.001708984375,0.0,0.2960766138858162,0.2934367530979216,0.2997974891331978,0.29624319076538086,0.2932141423225403,0.2999938428401947,0.0
1096,4,4489216,97.97058370871868,431.14797806103195,9.500218506000238,22.85627168699284,2,0,1,1,0.0,0.5,0.5,0.0018848232066375203,0.14429689661596967,0.0,0.616215574555099,0.0037814706774952356,0.07763671875,2.1081444690644275,0.4370221709832549,0.001708984375,0.0,0.29715639405185357,0.29476005624746904,0.29947071278002113,0.29763519763946533,0.2963228225708008,0.29998335242271423,0.0
1097,4,4493312,97.98979416470323,413.8222111777532,9.89797040700796,22.91803180502029,9,0,6,3,0.0,0.6666666666666666,0.3333333333333333,0.00015610913760610856,0.5399424031147646,0.0,0.6262119684834033,0.0101626341456722,0.0909423828125,2.1388338010874577,0.43779676826670766,0.00146484375,0.0,0.29814513539895415,0.2966014455887489,0.2999177142046392,0.29842203855514526,0.29618850350379944,0.30000001192092896,0.0
1098,4,4497408,98.00921265282003,415.53162607708737,9.857252115005394,22.84846362299868,9,0,5,4,0.0,0.5555555555555556,0.4444444444444444,0.0002467624799464829,0.456912693747654,0.0,0.6403492877725512,0.006200316896865843,0.10626220703125,2.1369166969088838,0.4407873754389584,0.00146484375,0.0,0.29955727577907965,0.2989059900864959,0.30000665260013193,0.2999819815158844,0.2999458909034729,0.30000001192092896,0.0
1099,4,4501504,98.02799704191933,403.2564452443227,10.157308205001755,22.832462479011156,13,0,5,8,0.0,0.38461538461538464,0.6153846153846154,-0.0032280620143865235,0.31323405295177054,0.0,0.6404459017794579,0.010410283026430989,0.11309814453125,1.7745034784602467,0.43512175139039755,0.00146484375,0.0,0.2995579766575247,0.29912237980170175,0.2999153012642637,0.2992560863494873,0.2983596920967102,0.30000001192092896,0.0
1100,4,4505600,97.94679879444895,418.0587260585235,9.797666558995843,69.07307966399821,34,0,2,32,0.0,0.058823529411764705,0.9411764705882353,-0.0008161024597939104,0.24081822329526403,0.0,0.6393055086955428,0.006652643503912259,0.111572265625,2.11212119818083,0.43093030247837305,0.00146484375,0.0,0.29944394587073475,0.2990484838373959,0.2997642626869492,0.29911574721336365,0.2990138530731201,0.29923760890960693,0.0
1101,4,4509696,97.96623359358195,420.23780391209493,9.746862280997448,22.87886360200355,4,0,3,1,0.0,0.75,0.25,0.0015383073478005826,0.3180766430041331,0.0,0.6395064699463546,0.008728539007279323,0.08087158203125,2.1964338686375413,0.4411925203166902,0.001220703125,0.0,0.2994645113358274,0.29902394593227655,0.29987555305706337,0.29892027378082275,0.29780036211013794,0.30000001192092896,0.0
1102,4,4513792,97.98623260515045,429.0938572574414,9.545697125984589,22.859678164997604,3,0,1,2,0.0,0.3333333333333333,0.6666666666666666,0.0006070761482988019,0.15998381809549755,0.0,0.6304935594089329,0.007119209461961873,0.1134033203125,2.131906594528118,0.43142374278977513,0.002197265625,0.0,0.2985683236620389,0.29746139486087486,0.2999613808351569,0.2981996238231659,0.2968146502971649,0.30000001192092896,0.0
1103,4,4517888,98.0056853113888,417.2229214108452,9.817293800995685,22.831614305003313,7,0,2,5,0.0,0.2857142857142857,0.7142857142857143,0.00041490152761980426,0.19154466370889622,0.0,0.6242768291849643,0.0056092796512530185,0.0750732421875,1.7863571774505544,0.4300316129811108,0.001708984375,0.0,0.29794616799335927,0.29708220378961414,0.29897385742515326,0.2978823482990265,0.29676511883735657,0.2989281415939331,0.0
1104,4,4521984,98.02471651400111,409.33777322839836,10.006406122003682,22.827871591987787,10,0,1,9,0.0,0.1,0.9,-0.0033922974344022805,0.05654939785665647,0.0,0.6148594571277499,0.0076943302774452604,0.11114501953125,1.5486716519517358,0.42856206046417356,0.001953125,0.0,0.29701693897368386,0.2941811378696002,0.2990085528581403,0.2962190806865692,0.29147833585739136,0.29914215207099915,0.0
1105,4,4526080,97.9410951597556,399.66752786298036,10.248518367006909,69.9413433719892,13,0,4,9,0.0,0.3076923076923077,0.6923076923076923,-0.0017948706081369892,0.34026446215852957,0.0,0.6022686618380249,0.010236238791549113,0.130859375,1.9318786074290983,0.43375204503536224,0.001708984375,0.0,0.295793890429195,0.2906151168863289,0.29991862166207284,0.2955031394958496,0.2904604375362396,0.30000001192092896,0.0
1106,4,4530176,97.96036289415285,415.4865927737563,9.858320511993952,22.864097214012872,28,0,2,26,0.0,0.07142857142857142,0.9285714285714286,0.0006764392201148439,0.15612634812919168,0.0,0.6061282136943191,0.007177575535024516,0.0823974609375,1.9155751097132452,0.428282315377146,0.001708984375,0.0,0.2961784432409331,0.29076011368306354,0.2997401953325607,0.2966638505458832,0.29047736525535583,0.30000001192092896,0.0
1107,4,4534272,97.97978722071709,417.14096554349123,9.819222608988639,22.816257992992178,6,0,3,3,0.0,0.5,0.5,-0.001358515288302442,0.31532658710102623,0.0,0.6138900506775826,0.009873408471321454,0.11260986328125,1.9166547798668034,0.4208920821547508,0.001708984375,0.0,0.2969532906427048,0.29112775216344744,0.29997672874014825,0.29683661460876465,0.29050973057746887,0.30000001192092896,0.0
1108,4,4538368,97.99836119022638,402.3964696204962,10.17901574500138,22.845548370998586,10,0,7,3,0.0,0.7,0.3,0.000327933859807672,0.6442948354415421,0.0,0.6132777642924339,0.004779311148013221,0.09869384765625,2.351920683286153,0.42523047467693686,0.00244140625,0.0,0.29688892053673044,0.2912506081047468,0.2999967156210914,0.29672497510910034,0.29117339849472046,0.30000001192092896,0.0
1109,4,4542464,98.01754939371521,415.05379962179205,9.868600176007021,22.85270972698345,7,0,3,4,0.0,0.42857142857142855,0.5714285714285714,0.00010172164911637083,0.23346593616952305,0.0,0.6055075714830309,0.009310344317782437,0.1163330078125,2.14585337927565,0.42158121056854725,0.002685546875,0.0,0.2961145982844755,0.2904926047776826,0.29955034964950755,0.2958410680294037,0.29003334045410156,0.29903972148895264,0.0
1110,4,4546560,97.93434783051013,401.1528386683256,10.210572144016623,69.96779899601825,11,0,2,9,0.0,0.18181818181818182,0.8181818181818182,0.00037453842742252164,0.1979874915343771,0.0,0.608724684920162,0.009954627545084804,0.115234375,1.953435560746584,0.4083650214597583,0.001708984375,0.0,0.29643610533094034,0.29069484054343775,0.29991107078967616,0.2961185872554779,0.2896772623062134,0.29969775676727295,0.0
1111,4,4550656,97.95264454602619,399.6443693149569,10.249112247023731,22.834882139984984,13,0,6,7,0.0,0.46153846153846156,0.5384615384615384,0.000791734317317605,0.4493656852209824,0.0,0.6117799782659858,0.006882050300191622,0.0826416015625,2.092944546689978,0.4222524375654757,0.001708984375,0.0,0.29674684099154547,0.29061610653297976,0.29993587569333613,0.2966896593570709,0.29006892442703247,0.30000001192092896,0.0
1112,4,4554752,97.97243167654254,427.14581864546824,9.589231174002634,22.83464535800158,17,0,0,17,0.0,0.0,1.0,0.0013038543438597117,0.06867147727848533,0.0,0.6136916712857783,0.007696900971495779,0.091064453125,2.2343492733780295,0.4238667031750083,0.001953125,0.0,0.29692800709744915,0.29125559178646654,0.29985175299225375,0.29750126600265503,0.2926941514015198,0.30000001192092896,0.0
1113,4,4558848,97.99167798139183,414.6439660892835,9.878354287007824,22.789242316008313,9,0,3,6,0.0,0.3333333333333333,0.6666666666666666,-0.0008652033357066102,0.31244858762693184,0.0,0.6156261877622455,0.007283522543730214,0.094970703125,2.087692041241098,0.4272467354312539,0.002197265625,0.0,0.29710698523558676,0.29236165451584384,0.2998207693453878,0.2967597544193268,0.2919483780860901,0.30000001192092896,0.0
1114,4,4562944,98.01012989315826,399.74134310903236,10.24662590099615,22.785276323003927,12,0,3,9,0.0,0.25,0.75,-0.0011165769683429971,0.2284111847384338,0.0,0.6076165421400219,0.007844637231755769,0.09503173828125,1.7973861607315484,0.43592132488265634,0.00146484375,0.0,0.2963331784703769,0.2898290432058275,0.2999413781799376,0.2957665026187897,0.2884867787361145,0.30000001192092896,0.0
1115,4,4567040,97.92746234889681,409.3827397204142,10.005307020997861,70.10442746197805,7,0,3,4,0.0,0.42857142857142855,0.5714285714285714,-0.00017291660333285108,0.2783457193977483,0.0,0.5852773312944919,0.010276296801748686,0.133544921875,2.151696341810748,0.43777270149439573,0.001708984375,0.0,0.2941367148887366,0.287071417842526,0.29873654735274613,0.2925373315811157,0.2865792214870453,0.29692313075065613,0.0
1116,4,4571136,97.94574895746037,397.83600751868977,10.295699540991336,22.815238498005783,12,0,3,9,0.0,0.25,0.75,0.001991300654481165,0.27925259332096175,0.0,0.5776557528879493,0.005905135720240651,0.08148193359375,2.0406031381862704,0.42372756265103817,0.001953125,0.0,0.2933975894120522,0.287361774710007,0.29930381051963195,0.2938782572746277,0.2884458601474762,0.2999941110610962,0.0
1117,4,4575232,97.96403582840222,398.2636464196938,10.284644448023755,22.813709629990626,26,0,2,24,0.0,0.07692307692307693,0.9230769230769231,0.0007101280061760917,0.25282970756575196,0.0,0.5829992480576038,0.007586522202473134,0.10504150390625,2.1448586717015132,0.420509647578001,0.00146484375,0.0,0.2939370410749689,0.2862268589087762,0.2998515631770715,0.29452353715896606,0.285356730222702,0.2999214828014374,0.0
1118,4,4579328,97.98382204030865,430.413259410014,9.516435450001154,22.854596899996977,4,0,0,4,0.0,0.0,1.0,-0.0005713607461075298,0.12338039395217493,0.0,0.592218432109803,0.0059484047269506846,0.09295654296875,2.3685329024738166,0.4239450292661786,0.001220703125,0.0,0.294859733839985,0.2853342891903594,0.2998272956465371,0.29492491483688354,0.28515297174453735,0.30000001192092896,0.0
1119,4,4583424,98.00299044936293,415.9382614708631,9.847615330014378,22.80512162001105,8,0,2,6,0.0,0.25,0.75,-0.00034268635863554664,0.2224377130016819,0.0,0.5835573547519743,0.007228227459563641,0.10992431640625,2.0848860764235724,0.4245200608856976,0.001953125,0.0,0.2940251793479547,0.2833396424539387,0.29971298831515014,0.29348108172416687,0.282977432012558,0.2991575598716736,0.0
1120,4,4587520,97.92072737325663,405.0165492966024,10.113166998024099,69.98926539698732,13,0,4,9,0.0,0.3076923076923077,0.6923076923076923,0.0012318630870140623,0.18427915915435733,0.0,0.5899824735242873,0.009178524094750173,0.1182861328125,1.8745740393496817,0.41784024611115456,0.001708984375,0.0,0.2946413292083889,0.28510894475039095,0.2996515603736043,0.29494377970695496,0.28533804416656494,0.29992663860321045,0.0
1121,4,4591616,97.93910721336935,404.7969345558605,10.118653701007133,22.85236204499961,9,0,2,7,0.0,0.2222222222222222,0.7777777777777778,-0.00018249333515996113,0.21977526195496466,0.0,0.5991073721088469,0.008630367738078348,0.0723876953125,1.9039890745771118,0.4256145544350147,0.001220703125,0.0,0.2955300719477236,0.2869435695465654,0.30001791601534933,0.2961364686489105,0.2891414761543274,0.30000001192092896,0.0
1122,4,4595712,97.95710239840884,395.7898426747684,10.348926522012334,22.851812334003625,15,0,2,13,0.0,0.13333333333333333,0.8666666666666667,-0.001303362174439826,0.21011093142215032,0.0,0.6039969737175852,0.009527854137559189,0.12603759765625,1.9735229904181324,0.41883193887770176,0.001708984375,0.0,0.2959939223364927,0.2882505980669521,0.29996931191999465,0.2958996891975403,0.28770938515663147,0.30000001192092896,0.0
1123,4,4599808,97.97595297971658,412.0844227823991,9.939710829989053,22.83915778499795,18,0,1,17,0.0,0.05555555555555555,0.9444444444444444,0.00020139866683166474,0.07769704091219864,0.0,0.5969327744096518,0.011170879359269748,0.11712646484375,1.8444767200562637,0.42425235640257597,0.001220703125,0.0,0.2953054483514279,0.28672259795712307,0.2998472795006819,0.29480355978012085,0.2857966125011444,0.29977330565452576,0.0
1124,4,4603904,97.99563704087248,428.7968136844707,9.552309787017293,22.814136033004615,4,0,0,4,0.0,0.0,1.0,0.0007661339986952953,0.06740796461372156,0.0,0.5927421322558075,0.006172036617499543,0.0977783203125,2.3403040576376952,0.41708351904526353,0.001708984375,0.0,0.2949112012865953,0.28541798662627116,0.29990644997451454,0.29462990164756775,0.28434592485427856,0.29982513189315796,0.0
1125,4,4608000,97.91389986635842,406.51435312773054,10.075904992001597,69.955472836009,13,0,1,12,0.0,0.07692307692307693,0.9230769230769231,0.0010000064576161094,0.1222832460432528,0.0,0.5897458014078438,0.006444744554755744,0.0867919921875,1.8294007524091285,0.41497655399143696,0.001220703125,0.0,0.29460325080435723,0.28592838952317834,0.29954181634821,0.2953340411186218,0.28825175762176514,0.2997405529022217,0.0
1126,4,4612096,97.93257800294772,409.7074919228973,9.997376373998122,22.850215858983574,9,0,1,8,0.0,0.1111111111111111,0.8888888888888888,0.0007281244506884832,0.12590483721919554,0.0,0.5927104137372226,0.007375393834081478,0.087158203125,2.011681318108458,0.423878270201385,0.003662109375,0.0,0.2948695748928003,0.2877392541267909,0.2991933771991171,0.2944431006908417,0.28701066970825195,0.298566997051239,0.0
1127,4,4616192,97.95116740491642,407.9667857912116,10.040033019002294,22.837871507013915,11,0,4,7,0.0,0.36363636363636365,0.6363636363636364,-0.0005251115435385145,0.3140848516668484,0.0,0.5880135078914464,0.008056776343437377,0.0947265625,2.2336659025459085,0.4126978344283998,0.00244140625,0.0,0.2944181876955554,0.2865962091018446,0.29912338679423556,0.2937464416027069,0.28574466705322266,0.2990444600582123,0.0
1128,4,4620288,97.96904487270552,394.71279189385285,10.377165584999602,22.831445182004245,17,0,3,14,0.0,0.17647058823529413,0.8235294117647058,0.0004108687935513444,0.2645107561943405,0.0,0.579624007223174,0.00510261265662848,0.0931396484375,2.132666277961107,0.40187613293528557,0.002197265625,0.0,0.2936196578084491,0.2844637584639713,0.29979080689372495,0.29344290494918823,0.28362762928009033,0.30000001192092896,0.0
1129,4,4624384,97.98809280431486,418.5790298084455,9.785487825021846,22.84703958898899,13,0,1,12,0.0,0.07692307692307693,0.9230769230769231,-0.0008659282775624888,0.14677758173729671,0.0,0.5718462446238846,0.008907102099328768,0.108642578125,2.1101608847966418,0.40626785811036825,0.003173828125,0.0,0.29284916317556053,0.28420856822049245,0.29887738422257826,0.2918478846549988,0.2843319773674011,0.297970175743103,0.0
1130,4,4628480,97.90676771202787,408.5416481841128,10.025905604008585,69.99159723101184,10,0,2,8,0.0,0.2,0.8,-0.0007116548913472798,0.18472655123184722,0.0,0.5612924271263182,0.00878596775146434,0.1097412109375,1.8739675508259097,0.4038262418471277,0.001953125,0.0,0.2918261311715469,0.2843043658649549,0.2997244376456365,0.29124388098716736,0.28444716334342957,0.29999467730522156,0.0
1131,4,4632576,97.92570548621697,417.7202402798478,9.805605773988646,22.820242337998934,6,0,1,5,0.0,0.16666666666666666,0.8333333333333334,0.0014933975689928047,0.12345443651031474,0.0,0.5725543322041631,0.00874948187629343,0.1138916015625,1.9604579137230758,0.4016177514567971,0.0009765625,0.0,0.29290584864793345,0.28762572014238685,0.29981696751201525,0.294017493724823,0.28926414251327515,0.30000001192092896,0.0
1132,4,4636672,97.94454315048152,414.0216455576218,9.893202551000286,22.826645935012493,9,0,1,8,0.0,0.1111111111111111,0.8888888888888888,-0.002253259197459556,0.07776263055200161,0.0,0.5908878927584738,0.00904767086103675,0.1279296875,1.8145752532291226,0.39787085354328156,0.00244140625,0.0,0.29468484449898824,0.28924505558097735,0.29976341570727527,0.29503509402275085,0.2892375588417053,0.30000001192092896,0.0
1133,4,4640768,97.96248236631486,399.58117582924615,10.250733137014322,22.891448938986287,14,0,1,13,0.0,0.07142857142857142,0.9285714285714286,0.0008503099670633674,0.11001838185961788,0.0,0.5943024142179638,0.006359672584949294,0.05712890625,1.641254845802905,0.4003886068239808,0.00341796875,0.0,0.29500803380506113,0.28972824080847204,0.29858827422140166,0.29473677277565,0.28982463479042053,0.29844439029693604,0.0
1134,4,4644864,97.98048719955689,399.3946635238965,10.255520100996364,22.84263442599331,15,0,1,14,0.0,0.06666666666666667,0.9333333333333333,-0.002535471105147735,0.2117509411955325,0.0,0.5860426870640367,0.008648317631013924,0.09442138671875,2.2066482916125096,0.40798527048900723,0.001953125,0.0,0.2941988045931794,0.2886736177606508,0.2977892551571131,0.2943970561027527,0.28818294405937195,0.2992229759693146,0.0
1135,4,4648960,97.90026395206459,422.3004870184161,9.69925473901094,69.96655233600177,10,0,0,10,0.0,0.0,1.0,0.002002294102567248,0.06611204286696193,0.0,0.5951377600431442,0.009525986144581111,0.10870361328125,2.3092155745835043,0.4114987747743726,0.0029296875,0.0,0.2951328700874001,0.286603765678592,0.29973281518323347,0.2948853373527527,0.28467610478401184,0.30000001192092896,0.0
1136,4,4653056,97.91833569272299,400.7678454003732,10.220380818995181,22.845008449978195,13,0,3,10,0.0,0.23076923076923078,0.7692307692307693,-0.0016784905856184196,0.28660720513676097,0.0,0.5888288759160787,0.010418328416562872,0.12469482421875,2.0277519226656295,0.4191282126121223,0.00048828125,0.0,0.29454469186021015,0.284184550808277,0.2999502483289689,0.2944974899291992,0.28349238634109497,0.30000001192092896,0.0
1137,4,4657152,97.93681826697313,409.6380051491726,9.999072225997224,22.854825175978476,9,0,4,5,0.0,0.4444444444444444,0.5555555555555556,0.0019542633162927814,0.3759218060404237,0.0,0.5903965556062758,0.004062147625518264,0.05157470703125,2.1457934893551283,0.42926335567608476,0.001220703125,0.0,0.294701412669383,0.28435343148885295,0.29999287228565663,0.29496079683303833,0.2848868668079376,0.30000001192092896,0.0
1138,4,4661248,97.95490844421545,402.2497791257184,10.182727778999833,22.849522179021733,14,0,4,10,0.0,0.2857142857142857,0.7142857142857143,0.0008710105830687098,0.3705358896463622,0.0,0.6005028334911913,0.0071769683781894855,0.072998046875,2.1870167412271257,0.4301119539886713,0.001708984375,0.0,0.2956581598846242,0.2872658169362694,0.2999416114180349,0.29595986008644104,0.2884485125541687,0.299943745136261,0.0
1139,4,4665344,97.97335289783413,409.0579088920463,10.013252184988232,22.834502637007972,9,0,2,7,0.0,0.2222222222222222,0.7777777777777778,6.415076131816022e-05,0.239546503494239,0.0,0.6033632545731962,0.0072568899995530955,0.0811767578125,2.0960380497854203,0.42393421614542603,0.001220703125,0.0,0.29593405994819477,0.2880799464182928,0.29999097023392096,0.2957502603530884,0.28754720091819763,0.29986366629600525,0.0
1140,4,4669440,97.89230580239706,390.2996518515941,10.49450077797519,69.75393632997293,16,0,4,12,0.0,0.25,0.75,0.0028105323581257835,0.34254277565833036,0.0,0.6084915804676712,0.010917568113654852,0.12066650390625,2.144879418949131,0.43966601230204105,0.002197265625,0.0,0.29643564694561064,0.2894225060590543,0.29999525530729443,0.29736706614494324,0.2921660840511322,0.30000001192092896,0.0
1141,4,4673536,97.91115920700452,418.61947447694376,9.784542406006949,22.80252577000647,12,0,3,9,0.0,0.25,0.75,-0.00015633508883183822,0.32117896412455593,0.0,0.6146498622838408,0.004260341858753236,0.06884765625,2.130084411794087,0.4290738203562796,0.0029296875,0.0,0.2970237532281317,0.29134819767205045,0.29999905423028395,0.29681551456451416,0.290505975484848,0.30000001192092896,0.0
1142,4,4677632,97.92906624087777,399.4792637602014,10.253348225000082,22.84381573498831,14,0,5,9,0.0,0.35714285714285715,0.6428571428571429,0.00045686740668315906,0.5117928053441574,0.0,0.6188930955249816,0.006407488079275936,0.0634765625,2.2040737865609117,0.4374919277615845,0.00244140625,0.0,0.29744248039787635,0.292438933334779,0.3000121805816889,0.2980981171131134,0.2942942976951599,0.30000001192092896,0.0
1143,4,4681728,97.94775544189702,414.3171718663926,9.886145875992952,22.816910825989908,6,0,1,5,0.0,0.16666666666666666,0.8333333333333334,0.00010514807036088314,0.12083405031057737,0.0,0.6240550130605698,0.006656683930486906,0.07733154296875,1.987465849990258,0.44167724484577775,0.0009765625,0.0,0.29793594137299806,0.2944484096369706,0.29985590366413817,0.29809123277664185,0.29492950439453125,0.2998395264148712,0.0
1144,4,4685824,97.96567100351997,399.5834445215241,10.250674937007716,22.818017314973986,15,0,5,10,0.0,0.3333333333333333,0.6666666666666666,5.558289558393881e-05,0.4348340194046614,0.0,0.6262997384183109,0.006052185890439432,0.08001708984375,2.062349457410164,0.43551401142030954,0.001953125,0.0,0.2981604947708547,0.294738216442056,0.2999516793061048,0.29784002900123596,0.2935200333595276,0.30000001192092896,0.0
1145,4,4689920,97.88531422962888,399.1749688402713,10.261164451017976,69.83094052001252,13,0,3,10,0.0,0.23076923076923078,0.7692307692307693,0.0011464487579360139,0.2634039651400144,0.0,0.6205826853401959,0.006291436835454078,0.0679931640625,2.004102828534087,0.4381791460327804,0.001220703125,0.0,0.2975973425200209,0.2933303148020059,0.29998528643045574,0.2972719073295593,0.29278039932250977,0.30000001192092896,0.0
1146,4,4694016,97.9033376946318,403.16827108582595,10.159529639990069,22.856345177977346,15,0,6,9,0.0,0.4,0.6,0.0020335817644081544,0.5543607900690404,0.0,0.6165119900833815,0.007445335962984245,0.0662841796875,2.2993035877589136,0.4281863672658801,0.001708984375,0.0,0.2972007262869738,0.29208719939924777,0.2999230252462439,0.2967919111251831,0.2909772992134094,0.30000001192092896,0.0
1147,4,4698112,97.92235312418019,423.5220353627673,9.671279550995678,22.846487172006164,10,0,1,9,0.0,0.1,0.9,0.0014424573400901863,0.10605114405393579,0.0,0.6087674489244819,0.00832169529167004,0.0943603515625,1.7644557948660804,0.4305001827888191,0.001708984375,0.0,0.2964422983932309,0.2903554472140968,0.2997103122761473,0.2963670492172241,0.2895834147930145,0.2998950183391571,0.0
1148,4,4702208,97.94022254211706,399.30163757863244,10.257909346022643,22.8088352449995,13,0,4,9,0.0,0.3076923076923077,0.6923076923076923,0.0005484795037773438,0.37841729901902,0.0,0.6119325691834092,0.006643817287113052,0.08013916015625,2.0767900258651935,0.42112426832318306,0.003173828125,0.0,0.2967611041967757,0.2906847062986344,0.2999371865298599,0.2972862422466278,0.2920694053173065,0.2999918460845947,0.0
1149,4,4706304,97.9588455180198,414.87354080125004,9.872887993988115,22.81249476701487,6,0,2,4,0.0,0.3333333333333333,0.6666666666666666,0.0009226505098922644,0.17026464790978935,0.0,0.6036677355878055,0.006500412440800574,0.088623046875,1.9522828951303381,0.42045428697019815,0.00244140625,0.0,0.2959192951093428,0.29158184793777764,0.2990386103047058,0.2953784763813019,0.29088976979255676,0.2997223734855652,0.0
1150,4,4710400,97.87917718998541,407.6580613061529,10.047636460018111,69.88653595600044,13,0,1,12,0.0,0.07692307692307693,0.9230769230769231,0.0005880458156752866,0.18471536644119624,0.0,0.5889097666367888,0.005374393487727502,0.09759521484375,2.295005598338321,0.4140377859584987,0.001953125,0.0,0.2944845951278694,0.2893759186845273,0.29991255735512823,0.29343879222869873,0.28823456168174744,0.2997419238090515,0.0
1151,4,4714496,97.89675222033186,396.96250839959475,10.318354790011654,22.8230946350086,15,0,3,12,0.0,0.2,0.8,0.0012040765141136944,0.34671110387898807,0.0,0.5773739486467093,0.0040359718950639945,0.07220458984375,2.275207978062099,0.4128123507834971,0.001953125,0.0,0.2933638815302402,0.2877506293589249,0.2995333110447973,0.29356420040130615,0.2872767448425293,0.29979515075683594,0.0
1152,4,4718592,97.91496918076477,407.50299606182307,10.05145984099363,22.820083792001242,13,0,1,12,0.0,0.07692307692307693,0.9230769230769231,-0.0009722087816044223,0.13941930254577528,0.0,0.5719080937560648,0.003479242244793568,0.07379150390625,2.2242592020193115,0.4128060666844249,0.001953125,0.00537109375,0.2928511658683419,0.28467495494987816,0.29883039044216275,0.2928868532180786,0.28358492255210876,0.2980997860431671,0.0
1153,4,4722688,97.93349276944922,415.3307340498184,9.862019986001542,22.846136129985098,7,0,0,7,0.0,0.0,1.0,-0.003853585189062869,0.06783355528477841,0.0,0.577731802361086,0.009524210443487391,0.14453125,2.020122015848756,0.41755805956199765,0.001220703125,0.004150390625,0.29348195769125596,0.28169403231004253,0.29964508407283574,0.2934248447418213,0.2808564305305481,0.2997240126132965,0.0
1154,4,4726784,97.95103609496506,397.7352073657595,10.298308834986528,22.88031687302282,12,0,1,11,0.0,0.08333333333333333,0.9166666666666666,0.0009577393866493367,0.14573263206034426,0.0,0.5823518198449165,0.005234242209553486,0.070556640625,2.0638026867236476,0.41629192931577563,0.001708984375,0.0,0.2939253680524416,0.28281845891615376,0.2999455105746165,0.29449307918548584,0.2847636938095093,0.29978445172309875,0.0
1155,4,4730880,97.87166387937951,413.38649637349374,9.908402998000383,70.05786043699482,7,0,0,7,0.0,0.0,1.0,-0.00032138414826476946,0.06875658898570691,0.0,0.5922051637899131,0.007332571516599273,0.0897216796875,2.004539294008282,0.4200727050192654,0.001220703125,0.0,0.2948664141003974,0.28492253058357164,0.2999657069449313,0.2951236069202423,0.28548282384872437,0.30000001192092896,0.0
1156,4,4734976,97.88951599867056,400.17427804756284,10.235540424997453,22.791122869006358,13,0,0,13,0.0,0.0,1.0,-0.0004696192718256498,0.0899843190024967,0.0,0.5833504523616284,0.009763151709194062,0.11773681640625,2.3583600145648234,0.4272639243863523,0.00146484375,0.0,0.2940155213000253,0.28282383119221777,0.2998628194909543,0.29308852553367615,0.2800183892250061,0.2996300458908081,0.0
1157,4,4739072,97.90706946158232,396.6057314531549,10.3276369330124,22.834911862009903,15,0,0,15,0.0,0.0,1.0,-0.0020153412842773832,0.06661774359872652,0.0,0.5700041737873107,0.007450853649061173,0.10382080078125,2.1747995926707517,0.4310336485505104,0.002197265625,0.000732421875,0.29277959460159764,0.27866442973027006,0.29994303302373737,0.29228997230529785,0.2772289514541626,0.2999001145362854,0.0
1158,4,4743168,97.92523546859096,410.5797064501411,9.976138458994683,22.871557170001324,11,0,1,10,0.0,0.09090909090909091,0.9090909090909091,-0.0005074698237876873,0.1389661067396446,0.0,0.5676094642840326,0.007952994888910325,0.10418701171875,1.9922246263886336,0.4350559487938881,0.001220703125,0.00537109375,0.29254814161686227,0.27842749416595325,0.29996187140932307,0.2928203344345093,0.279549241065979,0.29999077320098877,0.0
1159,4,4747264,97.94324954420809,406.63411555021565,10.072937423014082,22.837628426990705,10,0,1,9,0.0,0.1,0.9,-0.00048396789861726575,0.12668890773920793,0.0,0.5756725773680955,0.00808669986872701,0.115234375,1.9041721699468326,0.4335149279795587,0.002197265625,0.0,0.2933030971325934,0.2804802772589028,0.29989864298840985,0.29324090480804443,0.2806600034236908,0.29984742403030396,0.0
1160,4,4751360,97.86381783068377,399.108294398241,10.262878665991593,69.91357291702298,11,0,2,9,0.0,0.18181818181818182,0.8181818181818182,0.0003715499260579236,0.23996397156361127,0.0,0.5811772891320288,0.010434191863168962,0.14373779296875,2.156004233227577,0.4241126379929483,0.001220703125,0.0068359375,0.2938226642436348,0.2819894549320452,0.29996792116435245,0.2940462529659271,0.28325316309928894,0.29985520243644714,0.0
1161,4,4755456,97.88163461356842,404.6432860141528,10.122495891002472,22.825478034996195,9,0,0,9,0.0,0.0,1.0,0.002110725843522232,0.11474364993773634,0.0,0.5863229914102703,0.006196778038429329,0.05255126953125,2.234169408038724,0.42055520648136735,0.001708984375,0.0,0.2943049770547077,0.28364999149926007,0.2999413029756397,0.29424476623535156,0.28370827436447144,0.30000001192092896,0.0
1162,4,4759552,97.8998316704975,410.757213729114,9.971827305998886,22.83527435801807,9,0,0,9,0.0,0.0,1.0,0.0015579323699057568,0.0876698594672689,0.0,0.5765785069670528,0.007296750136447372,0.07684326171875,2.351004977186676,0.4132156535051763,0.001953125,0.0,0.29331150476355106,0.2844966987031512,0.2984982578782365,0.292539119720459,0.28579577803611755,0.29694923758506775,0.0
1163,4,4763648,97.91731535753733,397.6022635490818,10.301752216997556,22.847614119993523,16,0,1,15,0.0,0.0625,0.9375,0.0015890852228039876,0.1747851964992151,0.0,0.5744488509371877,0.005534603882551892,0.05615234375,2.17281457214267,0.4023252669721842,0.002685546875,0.0029296875,0.2930987022118643,0.28508411603979766,0.29880223085638136,0.2935279607772827,0.28430405259132385,0.30000001192092896,0.0
1164,4,4767744,97.93571343772388,416.16759292907886,9.842188747017644,22.841020202991785,9,0,0,9,0.0,0.0,1.0,0.0018604975812195335,0.06232680889684161,0.0,0.592097075888887,0.004804766773304436,0.0614013671875,2.248286772344727,0.4016206404194236,0.002197265625,0.008544921875,0.2948260639095679,0.2868264782591723,0.2995409408467822,0.29495397210121155,0.2875923216342926,0.29897356033325195,0.0
1165,4,4771840,97.85691249023425,403.4392591283982,10.152705537009751,69.88795180199668,12,0,1,11,0.0,0.08333333333333333,0.9166666666666666,0.0008719810102775227,0.15941178512912302,0.0,0.5900902959983796,0.006854933613794856,0.09368896484375,2.1131313376827165,0.407306126318872,0.002685546875,0.0048828125,0.29463663866044953,0.28586952661862597,0.29959940939443186,0.2945348024368286,0.28557392954826355,0.29983389377593994,0.0
1166,4,4775936,97.87502624711595,409.01735931189717,10.014244888996473,22.80959099699976,10,0,0,10,0.0,0.0,1.0,-0.0007104301657818723,0.06413699309109688,0.0,0.580066901864484,0.007215629506390542,0.1103515625,2.199115143099334,0.40587852615863085,0.00146484375,0.0,0.29366650903830305,0.28428555582650006,0.29993417049990967,0.29275187849998474,0.28248095512390137,0.30000001192092896,0.0
1167,4,4780032,97.89290632333298,405.85828005284094,10.092192771000555,22.836001942981966,9,0,0,9,0.0,0.0,1.0,0.0011422741554270033,0.09762103932871469,0.0,0.5792557902168483,0.008307693926326465,0.0965576171875,2.1716687170555815,0.40560415340587497,0.00244140625,0.0,0.29359214595751837,0.2843297854415141,0.299872181029059,0.29408466815948486,0.28531232476234436,0.29993221163749695,0.0
1168,4,4784128,97.91077643529192,406.3114569517475,10.080936507991282,22.839741367992247,10,0,0,10,0.0,0.0,1.0,-0.0018918412388302386,0.11511994541660897,0.0,0.5808089105412364,0.010022142148955027,0.13031005859375,2.202827240806073,0.40528968535363674,0.002685546875,0.0,0.29373864486115053,0.28447121067438275,0.2998542388668284,0.2938656210899353,0.2836935520172119,0.29982876777648926,0.0
1169,4,4788224,97.92828414187211,398.70212215274455,10.27333383099176,22.816745110991178,17,0,0,17,0.0,0.0,1.0,0.0012844461416534614,0.07161007810634601,0.0,0.583625047467649,0.005606037153484067,0.07647705078125,2.1491046059527434,0.4070594343356788,0.000732421875,0.0,0.29401732108090073,0.2843590504489839,0.29923324927221984,0.2946171462535858,0.28584739565849304,0.2995125353336334,0.0
1170,4,4792320,97.85046347066259,425.02390182491234,9.637105072004488,70.09174098001677,7,0,1,6,0.0,0.14285714285714285,0.8571428571428571,-0.0002459827337588649,0.13353302467839967,0.0,0.5916623759549111,0.008957430720329285,0.1163330078125,1.9294946859008633,0.40855457354336977,0.002197265625,0.0,0.29480874666478485,0.2850296524120495,0.29990231845295057,0.2945195436477661,0.2844546139240265,0.2996753752231598,0.0
1171,4,4796416,97.86793235004157,400.59949836189014,10.224675809004111,22.8245531799912,15,0,1,14,0.0,0.06666666666666667,0.9333333333333333,0.0008655009423819138,0.22526143646246055,0.0,0.5870661176741123,0.005372254188841907,0.08233642578125,2.2864232204155996,0.4103165934793651,0.00244140625,0.0,0.2943433338077739,0.2853620005771518,0.2995094209909439,0.29445239901542664,0.2869212031364441,0.2992210388183594,0.0
1172,4,4800512,97.88596062306873,411.1962913888066,9.961179334000917,22.856281302985735,9,0,0,9,0.0,0.0,1.0,0.0014692779805045575,0.10437626355087559,0.0,0.6106999085750431,0.006264560739509761,0.06903076171875,2.2312282511556987,0.40592774329707026,0.00146484375,0.001220703125,0.2966493592830375,0.29052247252548113,0.2999048848869279,0.29783621430397034,0.2935623526573181,0.29999905824661255,0.0
1173,4,4804608,97.90402872299596,411.0491032594466,9.964746225014096,22.82067026599543,9,0,0,9,0.0,0.0,1.0,0.0020455434096220415,0.08815643629714032,0.0,0.6244871455710381,0.0071365995609085076,0.07733154296875,2.4643979019019753,0.4263542303815484,0.0009765625,0.006591796875,0.29797927290201187,0.2950784650747664,0.29989710269728675,0.29840201139450073,0.296113520860672,0.29994997382164,0.0
1174,4,4808704,97.92152942844741,400.7637069036686,10.220486360020004,22.83707383100409,11,0,0,11,0.0,0.0,1.0,0.00269199342437787,0.06989628930409708,0.0,0.6363707981072366,0.005936244317126693,0.080322265625,2.1647757106402423,0.42549282032996416,0.002685546875,0.0,0.29915727995103225,0.2978969725081697,0.2999837310053408,0.29950177669525146,0.29878389835357666,0.30000001192092896,0.0
1175,4,4812800,97.84344326871329,397.94486941127764,10.292883046990028,69.74283710101736,15,0,1,14,0.0,0.06666666666666667,0.9333333333333333,-0.0006036779941496206,0.14837075926925536,0.0,0.6380766774527729,0.010616864688927308,0.09405517578125,2.00268063461408,0.4317425019107759,0.001953125,0.0,0.29931980109540746,0.2988608255982399,0.2997391968383454,0.2994256913661957,0.2989700138568878,0.29978641867637634,0.0
1176,4,4816896,97.86179118034589,417.0384929836968,9.821635338012129,22.809967031993438,10,0,0,10,0.0,0.0,1.0,0.0027556660752452444,0.11958740821410174,0.0,0.6310045702848583,0.005805979508295422,0.080810546875,2.47475269169081,0.4362721177749336,0.001708984375,0.0,0.2986115414532833,0.29801891680108383,0.29912275925744325,0.2977319359779358,0.29683050513267517,0.2987368702888489,0.0
1177,4,4820992,97.87950718219709,404.8496261837922,10.11733674700372,22.820359245000873,10,0,1,9,0.0,0.1,0.9,0.0004332655153120868,0.1649282775933898,0.0,0.6254257429391146,0.006859569301013835,0.07025146484375,2.145047049270943,0.44098665937781334,0.001220703125,0.000244140625,0.29806159221334383,0.2974131279042922,0.2988711704965681,0.2985483407974243,0.29763439297676086,0.2992650270462036,0.0
1178,4,4825088,97.89748517711386,411.0483678923377,9.964764051983366,22.828974595002364,10,0,1,9,0.0,0.1,0.9,0.001022029075102182,0.14197006794074696,0.0,0.6307682797778398,0.004277372019714676,0.0672607421875,2.0944764143787324,0.43855259846895933,0.00244140625,0.005859375,0.298593424144201,0.2971626148209907,0.29951775452354923,0.2982490062713623,0.29617783427238464,0.2995489835739136,0.0
1179,4,4829184,97.9150620657329,403.02636313720967,10.163106870022602,22.8205210249871,10,0,1,9,0.0,0.1,0.9,0.0007200837644631974,0.1820523342657907,0.0,0.6290351192001253,0.00333636224604561,0.06304931640625,2.0192195268464275,0.43398173013702035,0.001220703125,0.0,0.29842353565618396,0.296293109015096,0.2997226375155151,0.2984001636505127,0.2957945466041565,0.299953818321228,0.0
1180,4,4833280,97.83682695902199,393.91771714243595,10.398110625013942,69.88932327300427,14,0,0,14,0.0,0.0,1.0,0.00020711142860818654,0.10142304754208453,0.0,0.6370197073556483,0.005439055181341246,0.1029052734375,2.184169612417463,0.4367071967571974,0.00146484375,0.0,0.2992245529894717,0.2978663262911141,0.2999975947313942,0.2998162806034088,0.29950204491615295,0.29997628927230835,0.0
1181,4,4837376,97.8547531106843,413.66938880278224,9.901627026003553,22.84666006898624,11,0,0,11,0.0,0.0,1.0,5.796173354610801e-06,0.09373964158248782,0.0,0.6311829707119614,0.006733506146701984,0.0950927734375,2.3672442119568586,0.43942777533084154,0.001953125,0.0,0.29863057285547256,0.29708230739925057,0.2996473304810934,0.2976306080818176,0.295423686504364,0.29959046840667725,0.0
1182,4,4841472,97.87234218434071,406.9533149798433,10.065036576008424,22.900145496008918,12,0,1,11,0.0,0.08333333333333333,0.9166666666666666,-0.0002585717047622893,0.1575179772635238,0.0,0.6202421500347555,0.007650144900253508,0.0694580078125,2.138620354759041,0.4291692445985973,0.00244140625,0.0,0.29754647274967283,0.2963546672835946,0.2988805592758581,0.297465980052948,0.2959640920162201,0.2998737394809723,0.0
1183,4,4845568,97.88952933504693,396.9858827850798,10.31774724900606,22.83891824100283,14,0,2,12,0.0,0.14285714285714285,0.8571428571428571,-0.0008422557839367073,0.25304698278159776,0.0,0.6151830879971385,0.005587347459368175,0.08404541015625,2.202544156287331,0.4376072711311281,0.00146484375,0.0,0.2970465120743029,0.2953619353356771,0.299091232707724,0.2968083322048187,0.29445430636405945,0.29857656359672546,0.0
1184,4,4849664,97.9077761117973,419.36206111269735,9.767216398002347,22.841487929981668,6,0,1,5,0.0,0.16666666666666666,0.8333333333333334,-0.0008372021820832742,0.1469310206434784,0.0,0.6154806432314217,0.005840360314323334,0.0970458984375,2.0513513080659322,0.42131629632785916,0.0009765625,0.002685546875,0.29707749775843695,0.29521910508628935,0.2985421810299158,0.2971910536289215,0.2939055562019348,0.29922693967819214,0.0
1185,4,4853760,97.83004982505746,399.5140407570314,10.252455689013004,69.95178920999751,12,0,2,10,0.0,0.16666666666666666,0.8333333333333334,-0.0005523582112800796,0.22868885436400888,0.0,0.611387946177274,0.008963768599642208,0.1099853515625,2.1758127050707117,0.423300763592124,0.0009765625,0.019287109375,0.29668191995006055,0.29257551685441285,0.29938091576332226,0.2964985966682434,0.29152268171310425,0.29993757605552673,0.0
1186,4,4857856,97.84708601238003,393.63744719601675,10.405514081998263,22.816465907002566,13,0,0,13,0.0,0.0,1.0,0.0015375495131593198,0.0828693745640976,0.0,0.6206278693862259,0.006739842010574648,0.08966064453125,2.1526960072806105,0.4148141238838434,0.001953125,0.0107421875,0.29760742268990725,0.2934332043514587,0.2999262391240336,0.29859277606010437,0.2960357964038849,0.29992401599884033,0.0
1187,4,4861952,97.86474461013631,406.8050675875994,10.068704464007169,22.82575945701683,11,0,0,11,0.0,0.0,1.0,0.0006081856517994311,0.04111619685295409,0.0,0.6161494131665677,0.007504556921048788,0.09368896484375,2.173159041092731,0.42238328559324145,0.00244140625,0.0,0.29714168526697904,0.2947342279367149,0.2986950343474746,0.29659202694892883,0.294506311416626,0.2988458275794983,0.0
1188,4,4866048,97.88239488695736,408.1330732525084,10.035942363989307,22.85082635699655,9,0,1,8,0.0,0.1111111111111111,0.8888888888888888,0.0014617578090110328,0.1770265943305276,0.0,0.6018219485413283,0.004865344370045932,0.07098388671875,2.2832921491062734,0.41667317785322666,0.00146484375,0.0,0.2957250164472498,0.29368503036675975,0.2977969188359566,0.29446396231651306,0.291635662317276,0.29649263620376587,0.0
1189,4,4870144,97.89991181179303,403.6731250488811,10.146823619987117,22.79559071100084,15,0,0,15,0.0,0.0,1.0,0.0007533885691373143,0.08101766873528504,0.0,0.5755380487535149,0.004920605992083438,0.076171875,2.196845430531539,0.4136669705621898,0.00244140625,0.001953125,0.29314903472550213,0.290084813721478,0.2955153700313531,0.2919533848762512,0.289287805557251,0.2946533262729645,0.0
1190,4,4874240,97.82283182257801,408.439918107058,10.028402755007846,70.02255798701663,9,0,2,7,0.0,0.2222222222222222,0.7777777777777778,0.0012034047322231345,0.23644939970745327,0.0,0.5754895636346191,0.006935422952665249,0.08209228515625,2.070391101122368,0.41178991412743926,0.000732421875,0.0078125,0.29314705944852903,0.2911115439492278,0.29475321498466656,0.2936331629753113,0.2916695177555084,0.2955525815486908,0.0
1191,4,4878336,97.8403287967733,407.18843508481507,10.059224789001746,22.83273275900865,11,0,0,11,0.0,0.0,1.0,-0.0009584203326085117,0.08490559616984683,0.0,0.5841769189573824,0.009168889027932892,0.1114501953125,2.287274230242474,0.41207461478188634,0.003173828125,0.004638671875,0.29400441161124036,0.29025393386837095,0.2969206086709164,0.2942933738231659,0.28938084840774536,0.2990528345108032,0.0
1192,4,4882432,97.85789176201494,406.03145096849414,10.087888488022145,22.81909198401263,9,0,0,9,0.0,0.0,1.0,0.0016102251393022016,0.04863133716685297,0.0,0.5906480215489864,0.002967001659271773,0.05072021484375,2.126464762026444,0.4083615983836353,0.001220703125,0.0,0.29464923369232565,0.29037722951034084,0.29953400685917586,0.29424721002578735,0.29016807675361633,0.29934555292129517,0.0
1193,4,4886528,97.87566654620005,408.84706764809977,10.018415990023641,22.769042838015594,12,0,0,12,0.0,0.0,1.0,-0.0028694819047814235,0.07265417819144204,0.0,0.5953730237670243,0.010021313089964679,0.12164306640625,2.0896941226092167,0.3993188878521323,0.001708984375,0.0,0.2951154285110533,0.29144691838882864,0.299920171382837,0.2954048812389374,0.29218077659606934,0.30000001192092896,0.0
1194,4,4890624,97.89313610000663,404.5956018698742,10.123688891006168,22.80750104400795,9,0,0,9,0.0,0.0,1.0,0.001698418924206635,0.09809656925199306,0.0,0.593841883353889,0.007513255564845167,0.0701904296875,2.194657704036217,0.39889300568029284,0.00244140625,0.00146484375,0.2949501133989543,0.29226210940396413,0.2987757207592949,0.29469579458236694,0.29252907633781433,0.29730451107025146,0.0
1195,4,4894720,97.81668311122866,404.13479731763636,10.13523217299371,69.76999880600488,14,0,0,14,0.0,0.0,1.0,-0.0011789093878178392,0.07768263373645823,0.0,0.6032804225105792,0.004645963337679859,0.093505859375,2.222105194814503,0.3948035379871726,0.001708984375,0.0078125,0.2958734937128611,0.2945919390185736,0.2979810898541473,0.295817494392395,0.2940032184123993,0.2991037964820862,0.0
1196,4,4898816,97.83427739282828,406.7608468331872,10.069799076998606,22.797026034008013,10,0,0,10,0.0,0.0,1.0,-0.0004887538198090624,0.07671355533102542,0.0,0.6156608695164323,0.009091483945667278,0.09228515625,2.1752231244172435,0.3983272258192301,0.001708984375,0.0009765625,0.2971049802727066,0.2943609014037065,0.2997367904172279,0.29786166548728943,0.2944522798061371,0.29999250173568726,0.0
1197,4,4902912,97.8518229941707,406.57062951429896,10.074510312988423,22.8052271810011,10,0,0,10,0.0,0.0,1.0,-0.001190906492411159,0.036931620410882715,0.0,0.6235582595691085,0.010067470717331162,0.1258544921875,1.9766464115527924,0.39604015555232763,0.003173828125,0.0,0.2978844294557348,0.29491796833463013,0.29980402678484097,0.2984212040901184,0.2960267961025238,0.29978784918785095,0.0
1198,4,4907008,97.86909584952083,402.4596370626928,10.177418113016756,22.830245774996,10,0,0,10,0.0,0.0,1.0,-0.0015196206040855031,0.06616688342637644,0.0,0.6351127587258816,0.006600735792744672,0.09222412109375,2.002633052470628,0.39629937428981066,0.003662109375,0.0,0.29903270781505853,0.2975072048138827,0.2999288206920028,0.29942232370376587,0.2990153431892395,0.2996460795402527,0.0
1199,4,4911104,97.88653620477665,405.56851861651694,10.099403212981997,22.810975479980698,12,0,0,12,0.0,0.0,1.0,-0.0008548780606361106,0.07091371986984996,0.0,0.6422676211223006,0.00641610796446912,0.08978271484375,2.0586704532033764,0.4027833244763315,0.001708984375,0.0,0.2997466893866658,0.299415111890994,0.29999711050186306,0.299994558095932,0.2999836206436157,0.30000001192092896,0.0
1200,4,4915200,97.81021636020147,406.0674049161069,10.086995288002072,69.92294051797944,10,0,0,10,0.0,0.0,1.0,-0.0007413896055368241,0.039433346666896796,0.0,0.6288245264440775,0.011041532874514814,0.11944580078125,2.075505229222472,0.40167437912896276,0.001220703125,0.0,0.2983947438769974,0.2974599855369888,0.2991917167091742,0.29682573676109314,0.2951469123363495,0.29879990220069885,0.0
1201,4,4919296,97.82773313910728,412.5250070775544,9.929095036000945,22.88096586399479,12,0,0,12,0.0,0.0,1.0,-0.004718634936580202,0.06616361514329583,0.0,0.6065149907954037,0.007121484315575799,0.14776611328125,2.0023744420614094,0.4004611885175109,0.001953125,0.0,0.29619795619510114,0.2936826450750232,0.29973907390376553,0.29584163427352905,0.29247573018074036,0.29999199509620667,0.0
1202,4,4923392,97.84481938909336,399.75751006142735,10.246211507997941,22.833941297983984,12,0,0,12,0.0,0.0,1.0,0.000758609839976998,0.05563330751590456,0.0,0.5994678447023034,0.007737691907095723,0.08599853515625,1.9387075854756404,0.39457846572622657,0.002197265625,0.0,0.2955058762454428,0.2917541684000753,0.2990489417570643,0.29521453380584717,0.2911498248577118,0.29887282848358154,0.0
1203,4,4927488,97.86257387526517,414.85745311658553,9.873270852986025,22.851562347001163,9,0,0,9,0.0,0.0,1.0,-0.0035354747633391526,0.06455254382035491,0.0,0.6065511200577021,0.005265516476356424,0.09130859375,2.0145758247817867,0.3997568357735872,0.00244140625,0.0,0.29620081739267334,0.2932447324274108,0.2980895117507316,0.2964722514152527,0.2937259376049042,0.29847484827041626,0.0
1204,4,4931584,97.8794913315081,398.3951387923022,10.281249948020559,22.86262932102545,13,0,0,13,0.0,0.0,1.0,-0.0019429605235927738,0.0946270118256507,0.0,0.6123768286779523,0.008830558985209791,0.10430908203125,2.1767704285448417,0.39999333396553993,0.002197265625,0.0,0.2967788815149106,0.29365902714198455,0.29951310547767207,0.2966178357601166,0.293465256690979,0.30000001192092896,0.0
1205,4,4935680,97.80390047084347,418.77710364491844,9.780859469989082,70.02117438800633,8,0,0,8,0.0,0.0,1.0,-0.0017167694059025962,0.10566381198168528,0.0,0.6086773802526295,0.010539356841036351,0.1400146484375,2.234079386922531,0.4022171311080456,0.002197265625,0.0,0.296417796285823,0.29298993170959875,0.29997378506232053,0.2961583137512207,0.29238951206207275,0.30000001192092896,0.0
1206,4,4939776,97.82101080701977,401.437100559635,10.203341929009184,22.840877381997416,12,0,0,12,0.0,0.0,1.0,-0.0019579880972742103,0.058598523223395205,0.0,0.6085449492093176,0.008088298196526011,0.1361083984375,1.9454054262751015,0.3985400781966746,0.001953125,0.0,0.2964007759001106,0.2937186486669816,0.2996456091059372,0.2969827651977539,0.29524916410446167,0.2998570203781128,0.0
1207,4,4943872,97.83839614096011,406.3104614218326,10.080961208004737,22.809809804020915,14,0,0,14,0.0,0.0,1.0,-0.0007012131172814406,0.03521193149595092,0.0,0.6018001728225499,0.007916319922514958,0.09759521484375,1.9685980649082921,0.3981534792110324,0.00341796875,0.0,0.29572092986200005,0.2940984040615149,0.2973804729990661,0.29455602169036865,0.29234182834625244,0.29586532711982727,0.0
1208,4,4947968,97.85572703135702,405.96506629480865,10.089538091007853,22.817441803985275,9,0,0,9,0.0,0.0,1.0,0.00020452252829272766,0.057547283210851674,0.0,0.5848676892928779,0.008950755174737424,0.09368896484375,2.136291926697595,0.39179181354120374,0.002685546875,0.0,0.2940627229982056,0.2910787627915852,0.29569039487978444,0.2932647466659546,0.2889433801174164,0.2954344153404236,0.0
1209,4,4952064,97.87330788492302,411.463151191501,9.954718880995642,22.811716837983113,11,0,0,11,0.0,0.0,1.0,0.00019957026233896613,0.060551561347665483,0.0,0.5761585996951908,0.004024497247883119,0.06915283203125,2.2334261466457974,0.3917052815668285,0.003173828125,0.0,0.29323119728360325,0.28776645025936887,0.2966974644223228,0.2932330071926117,0.28726547956466675,0.2966754734516144,0.0
1210,4,4956160,97.79740234510571,400.64304825087436,10.223564387008082,69.9111381029943,12,0,0,12,0.0,0.0,1.0,-0.002625278961204458,0.08118029342574573,0.0,0.5825769631192088,0.005699969566194341,0.1025390625,2.0271530378086027,0.3953839740715921,0.00390625,0.0,0.2938851563958451,0.2863533000345342,0.2982589487801306,0.2946738302707672,0.2863829731941223,0.30000001192092896,0.0
1211,4,4960256,97.81485000295115,411.35220201058496,9.957403849984985,22.81768892801483,10,0,0,10,0.0,0.0,1.0,-0.0015032650371722411,0.08548814726918863,0.0,0.5941839150618762,0.010526082744036103,0.13232421875,2.218234937841771,0.4049460804089904,0.001708984375,0.0,0.29503971652593464,0.28639152902178466,0.2997889298130758,0.295548677444458,0.28671887516975403,0.30000001192092896,0.0
1212,4,4964352,97.832139499959,406.52768168029047,10.075574640010018,22.82921756801079,12,0,0,12,0.0,0.0,1.0,-0.00637252827436896,0.05779055238303954,0.0,0.5973689621314406,0.007532399245974375,0.13385009765625,1.712209698947845,0.4078529900871217,0.003173828125,0.0,0.29536822118097916,0.2861018222756684,0.30002464581048116,0.2950010299682617,0.2850029766559601,0.30000001192092896,0.0
1213,4,4968448,97.84937772223347,406.1981515731006,10.08374849599204,22.836224507977022,13,0,2,11,0.0,0.15384615384615385,0.8461538461538461,0.0012117765727452934,0.2395214570369717,0.0,0.5909279342740774,0.004611223004758358,0.05889892578125,2.014912098820787,0.403257736004889,0.000732421875,0.0,0.29473170096753165,0.28524753055535257,0.2999642812064849,0.29446864128112793,0.285657674074173,0.30000001192092896,0.0
1214,4,4972544,97.86643751461693,404.40160217462153,10.128545431012753,22.872213575989008,10,0,1,9,0.0,0.1,0.9,0.001459463583159959,0.14228209009206694,0.0,0.600731257814914,0.00471326279148343,0.03790283203125,1.959794893002254,0.40076299756765366,0.002197265625,0.0,0.2956629485706799,0.28906345169525594,0.2999682145891711,0.29657137393951416,0.2920266091823578,0.29971811175346375,0.0
1215,4,4976640,97.79100960976143,408.3638684418692,10.030270345974714,70.02600233099656,10,0,2,8,0.0,0.2,0.8,0.0003575864539016038,0.1560441433299502,0.0,0.6228935911785811,0.0070213760300248396,0.07275390625,1.7656269367143977,0.4075031625106931,0.002197265625,0.0,0.2978239404037595,0.29486446897499263,0.29993106273468584,0.2988312542438507,0.29812946915626526,0.299627423286438,0.0
1216,4,4980736,97.80858862113105,414.73963958219724,9.876075516018318,22.854125417012256,9,0,0,9,0.0,0.0,1.0,-0.00252677424941794,0.04514723406464327,0.0,0.6287124727386981,0.0067104719346389174,0.09765625,2.0936243249161635,0.40691510727629066,0.001953125,0.0,0.29839078773511574,0.29679355217376724,0.299946544051636,0.29780054092407227,0.29603418707847595,0.30000001192092896,0.0
1217,4,4984832,97.82597960812062,410.4482396797354,9.97933382098563,22.837112716020783,13,0,1,12,0.0,0.07692307692307693,0.9230769230769231,-0.000605888355494244,0.110971687214942,0.0,0.6058510036673397,0.005865262090082979,0.0579833984375,1.696614249929553,0.40377490455284715,0.0009765625,0.0,0.2961223922902718,0.2938259685761295,0.2976763703627512,0.2949272692203522,0.2917909026145935,0.2967914938926697,0.0
1218,4,4988928,97.84329649036935,410.76198910516774,9.971711377002066,22.871838633000152,12,0,0,12,0.0,0.0,1.0,0.0005897318096685922,0.04504003991326044,0.0,0.5846099546179175,0.00617632425201009,0.11181640625,2.194705721718492,0.40376677131280303,0.002685546875,0.0,0.2940363092930056,0.29172573768300936,0.29633342853048816,0.2937098443508148,0.29146936535835266,0.29720786213874817,0.0
1219,4,4993024,97.86033945414448,404.3052625527527,10.130958905006992,22.843762317992514,11,0,1,10,0.0,0.09090909090909091,0.9090909090909091,0.0008547992147214245,0.11837079089559666,0.0,0.5684955804608762,0.004193960863631219,0.04876708984375,1.7797030327201355,0.3959457785822451,0.00146484375,0.0,0.29247149609727785,0.28826556890271604,0.2955634719110094,0.29165852069854736,0.28623172640800476,0.29475104808807373,0.0
1220,4,4997120,97.78503409836033,401.11211734575124,10.211608732002787,69.94896506800433,11,0,2,9,0.0,0.18181818181818182,0.8181818181818182,-2.0281651814002544e-05,0.1893386763118201,0.0,0.5543641205877066,0.005609252915746765,0.09075927734375,1.8949447480554227,0.3953131507150829,0.001708984375,0.0,0.29110735544236377,0.2856703454745002,0.29492293699877337,0.2906273901462555,0.28517821431159973,0.29460984468460083,0.0
1221,4,5001216,97.80162600896588,397.0944705777094,10.31492580100894,22.83671981599764,14,0,3,11,0.0,0.21428571428571427,0.7857142857142857,0.001005998234177241,0.3459349567619938,0.0,0.5644400201272219,0.006333913141133962,0.06982421875,2.1526470278622583,0.3999476386234164,0.002197265625,0.0,0.2920995579333976,0.2871525810332969,0.2973232159856707,0.2933585047721863,0.2887151539325714,0.30000001192092896,0.0
1222,4,5005312,97.8190081885672,411.94105566448223,9.943170129990904,22.842462656990392,7,0,0,7,0.0,0.0,1.0,-0.0016946904761425685,0.03965708702617121,0.0,0.5745887006632984,0.006643008160608588,0.08172607421875,1.9808917056943756,0.3989668400026858,0.002197265625,0.0,0.2930704012978822,0.28980637626955286,0.2976159485988319,0.29270124435424805,0.28941139578819275,0.2963936924934387,0.0
1223,4,5009408,97.83585123651062,400.89245676490606,10.217203968000831,22.838293036998948,13,0,3,10,0.0,0.23076923076923078,0.7692307692307693,-0.002948693301732419,0.2703102445143486,0.0,0.5818682559765875,0.009802855380257824,0.10675048828125,1.7413900924148038,0.3996466831304133,0.00244140625,0.0,0.29378452635137364,0.29034177254652604,0.29812513635260984,0.2939756214618683,0.28838303685188293,0.2992214262485504,0.0
1224,4,5013504,97.85262513245395,400.5733052084233,10.225344392005354,22.855590140999993,12,0,4,8,0.0,0.3333333333333333,0.6666666666666666,0.002029119665166945,0.36668854135677975,0.0,0.5963298010174185,0.0056364648044109344,0.0452880859375,2.005386452394305,0.4031274663284421,0.001953125,0.0,0.2952154162339866,0.2900610164506361,0.2996396254748106,0.29639285802841187,0.2918837070465088,0.29950496554374695,0.0
1225,4,5017600,97.77817393021152,414.89369844193874,9.872408319002716,70.00949493201915,9,0,2,7,0.0,0.2222222222222222,0.7777777777777778,-0.00040896920108934864,0.24139437205030845,0.0,0.6175577302929014,0.00666166799783241,0.07440185546875,1.8644653031369671,0.40672913286834955,0.002197265625,0.0,0.29730426776222885,0.29247157141799107,0.2999498815042898,0.29733806848526,0.29201412200927734,0.30000001192092896,0.0
1226,4,5021696,97.79489119809902,399.73056988517743,10.2469020599965,22.86341039801482,13,0,1,12,0.0,0.07692307692307693,0.9230769230769231,-0.0028816074518545065,0.16155991314053608,0.0,0.59748440166004,0.004980709603842115,0.1002197265625,2.129689016903285,0.41014297120273113,0.001220703125,0.0,0.295323496859055,0.28981495898915455,0.299867685593199,0.29381024837493896,0.288802832365036,0.2993829548358917,0.0
1227,4,5025792,97.8119418222964,405.9122661165,10.09085051601869,22.83314759802306,10,0,0,10,0.0,0.0,1.0,-0.0024626611811982,0.08977269527849785,0.0,0.5847022444941103,0.005002452235203236,0.11859130859375,2.011083126824815,0.4044942422769964,0.002685546875,0.0,0.29407744901254773,0.2896619485109113,0.2999302036478184,0.2942505478858948,0.2899981737136841,0.30000001192092896,0.0
1228,4,5029888,97.82886734457219,405.14278967418227,10.110015787999146,22.86835685398546,10,0,0,10,0.0,0.0,1.0,-7.814002310624346e-05,0.033147265514799074,0.0,0.5870117822196335,0.005267717209790135,0.05194091796875,1.7447547167394077,0.40422863932326436,0.00341796875,0.0,0.29429303854703903,0.2912048691068776,0.2996578984311782,0.2944977879524231,0.2917636036872864,0.2997915744781494,0.0
1229,4,5033984,97.84587707602729,407.2366822215436,10.05803302800632,22.864736830990296,11,0,1,10,0.0,0.09090909090909091,0.9090909090909091,0.0019279789976280881,0.11624273087954862,0.0,0.5963188726454973,0.002632822266605217,0.02667236328125,1.851628581964178,0.40282249357551336,0.001708984375,0.0,0.2952073815395124,0.29259186889976263,0.29997907689539716,0.29557210206985474,0.29333925247192383,0.2999507486820221,0.0
1230,4,5038080,97.77119260566332,399.1965645579629,10.260609343007673,69.91446923298645,13,0,0,13,0.0,0.0,1.0,0.001319577697358909,0.09509501198908765,0.0,0.5911399011965841,0.005409817986219423,0.04290771484375,2.3493493138230406,0.4084551250562072,0.002197265625,0.0,0.29467351047787815,0.2933601881377399,0.29656179499579594,0.29388296604156494,0.2936132550239563,0.29419347643852234,0.0
1231,4,5042176,97.7883220308703,410.0001086092249,9.990241256018635,22.811282220005523,10,0,1,9,0.0,0.1,0.9,-0.0001907937476062216,0.132030440679614,0.0,0.5927877463400364,0.005962958664895268,0.069091796875,1.7279235489986604,0.40321350609883666,0.000732421875,0.0,0.2948436347069219,0.2928089331253432,0.29656430875184014,0.2958095669746399,0.292049765586853,0.29858162999153137,0.0
1232,4,5046272,97.80512237210218,403.00920907684446,10.163539461995242,22.857761598017532,11,0,1,10,0.0,0.09090909090909091,0.9090909090909091,-0.0018668640368559863,0.16132369867818852,0.0,0.6106441267766058,0.007809963288309518,0.098876953125,1.9722259269910865,0.4062962783500552,0.002197265625,0.0,0.2966041755862534,0.29420918819960207,0.2990811635972932,0.2969418168067932,0.29519784450531006,0.2987835109233856,0.0
1233,4,5050368,97.82221852108637,408.08262250784026,10.037183095002547,22.816195927996887,12,0,2,10,0.0,0.16666666666666666,0.8333333333333334,0.0012317180044192355,0.2283846118098154,0.0,0.6237596997525543,0.00642696528302622,0.07623291015625,1.9207769481581636,0.41053731413558125,0.002197265625,0.0,0.2979000231134705,0.2964562110719271,0.29960645514074713,0.29815053939819336,0.29688751697540283,0.2996918857097626,0.0
1234,4,5054464,97.83914161176895,405.5636153435035,10.099525314988568,22.83406094799284,12,0,1,11,0.0,0.08333333333333333,0.9166666666666666,0.002074722568067955,0.149099432919229,0.0,0.6299457733985037,0.005606541941233445,0.059326171875,1.921895926236175,0.4068414643406868,0.0009765625,0.0,0.29851317073917016,0.29752929630922154,0.2996260378276929,0.29851219058036804,0.2976064085960388,0.29912421107292175,0.0
1235,4,5058560,97.76492002758863,404.8754034870609,10.11669260400231,69.9839399830089,11,0,2,9,0.0,0.18181818181818182,0.8181818181818182,0.0007473584919353016,0.2629547867072688,0.0,0.6183547989930958,0.005167613122466719,0.05096435546875,2.0303766309225466,0.4161676415242255,0.001220703125,0.0,0.2973615605151281,0.2953266612603329,0.29965835117036477,0.2967265844345093,0.29445889592170715,0.29929235577583313,0.0
1236,4,5062656,97.78186131807846,405.00638225511085,10.113420873007271,22.807466357015073,10,0,1,9,0.0,0.1,0.9,0.0014782892340008402,0.14560914980984307,0.0,0.6163256403524429,0.00637221961733303,0.0419921875,1.8542938023456372,0.42127339262515306,0.001220703125,0.0,0.2971698932815343,0.2943220812594518,0.29992381535703316,0.2971782386302948,0.29426729679107666,0.29999780654907227,0.0
1237,4,5066752,97.7987099645548,403.24403192273377,10.157620883983327,22.803548096999293,14,0,2,12,0.0,0.14285714285714285,0.8571428571428571,-0.003882393426465569,0.1929328829944552,0.0,0.6202856979798526,0.009393325464770896,0.12469482421875,1.686440278077498,0.43075046269223094,0.001953125,0.0,0.29756446479586884,0.2943020586390048,0.2999926171032712,0.29765695333480835,0.29368793964385986,0.2998226284980774,0.0
1238,4,5070848,97.81595412947308,413.4599907383568,9.90664173499681,22.83371520298533,8,0,1,7,0.0,0.125,0.875,-0.0008606026131019462,0.14882789487251102,0.0,0.622846351005137,0.007587362360936822,0.08135986328125,2.0128917387046386,0.42925754887983203,0.00146484375,0.0,0.29781932244077325,0.29409676510840654,0.2999610040569678,0.29810965061187744,0.2947947084903717,0.2998502552509308,0.0
1239,4,5074944,97.83218850457598,393.05855105783,10.420839310012525,22.842954092018772,17,0,3,14,0.0,0.17647058823529413,0.8235294117647058,0.00118653457138862,0.27976194836287505,0.0,0.6221873436588794,0.003595911392039852,0.05670166015625,1.8944706059410237,0.4246716881170869,0.002197265625,0.0,0.2977521494613029,0.29404586064629257,0.29987843288108706,0.2976653575897217,0.2932111918926239,0.30000001192092896,0.0
1240,4,5079040,97.7581313023029,403.81514437219954,10.143255044007674,70.03495272799046,9,0,4,5,0.0,0.4444444444444444,0.5555555555555556,-0.002097131477057701,0.35676048817686024,0.0,0.6222905006725341,0.00835642364108935,0.09423828125,1.9322580530424602,0.431680113542825,0.0009765625,0.0,0.29776760225649923,0.29354704648721963,0.29997421335428953,0.29791325330734253,0.2943013906478882,0.29990917444229126,0.0
1241,4,5083136,97.7744798581032,397.7539542319541,10.297823456989136,22.845115670992527,13,0,3,10,0.0,0.23076923076923078,0.7692307692307693,-0.0010010130554292118,0.25994335979771677,0.0,0.6246581708546728,0.00893944569179439,0.09307861328125,1.66050885344157,0.4311501211486757,0.002197265625,0.0,0.2980038467794657,0.2943097350653261,0.3000221966067329,0.2978436350822449,0.2935308516025543,0.30000001192092896,0.0
1242,4,5087232,97.79141383719161,408.19203252957647,10.034492771985242,22.846910874010064,12,0,7,5,0.0,0.5833333333333334,0.4166666666666667,0.0014475603566097561,0.5842183696149732,0.0,0.6313991460483521,0.005083359948912403,0.06292724609375,2.1546757708129007,0.43121211882680655,0.0009765625,0.0,0.298665547859855,0.29677482129773125,0.29992583085549995,0.2996861934661865,0.29917436838150024,0.30000001192092896,0.0
1243,4,5091328,97.80804727811612,402.6395942182946,10.172869381989585,22.857300546980696,11,0,3,8,0.0,0.2727272727272727,0.7272727272727273,-0.0014510040637105703,0.27169578578650544,0.0,0.6408078297972679,0.009391098818014143,0.08526611328125,1.751943509108969,0.42553015844896436,0.002685546875,0.0,0.29960001463769004,0.29904003837145865,0.299991070991382,0.29946422576904297,0.29886382818222046,0.29992181062698364,0.0
1244,4,5095424,97.82505350156364,411.190450822797,9.961320823000278,22.85915050600306,9,0,2,7,0.0,0.2222222222222222,0.7777777777777778,0.00016985706315608695,0.11947938999242069,0.0,0.6346286619082093,0.005464872858283343,0.07470703125,1.6438886746036587,0.42081439262256026,0.00244140625,0.0,0.29897654260275885,0.2983037779922597,0.2996038183919154,0.2990070581436157,0.297914057970047,0.30000001192092896,0.0
1245,4,5099520,97.75124835413605,395.79379758175963,10.348823111999081,69.86420579400146,14,0,3,11,0.0,0.21428571428571427,0.7857142857142857,0.0014252113214752171,0.23140840197288526,0.0,0.6347217978909612,0.0051137812006345484,0.07177734375,1.8974710555339698,0.4193063513375819,0.0009765625,0.0,0.2989865536801517,0.29810791328782216,0.29983990045730025,0.29897215962409973,0.2982027232646942,0.2998625934123993,0.0
1246,4,5103616,97.76824965263965,410.5952534964915,9.975760715984507,22.846569138986524,10,0,3,7,0.0,0.3,0.7,-0.004869290480201016,0.3004091556908861,0.0,0.630408548982814,0.00787608397877193,0.1434326171875,1.8564065818791278,0.42285065073519945,0.0029296875,0.0,0.29855912656057626,0.2974468838656321,0.2998933252529241,0.2984517216682434,0.2969644069671631,0.29996955394744873,0.0
1247,4,5107712,97.78472494233222,400.0296413762308,10.23924123699544,22.852427454985445,17,0,7,10,0.0,0.4117647058823529,0.5882352941176471,-0.002790181863019825,0.5595612318684289,0.0,0.6374035037588328,0.01051785031449981,0.101806640625,2.032309287809767,0.4252405697479844,0.00146484375,0.0,0.29925958247622475,0.29816639504861087,0.2999548796797171,0.2996402978897095,0.29932186007499695,0.2999897301197052,0.0
1248,4,5111808,97.80161891869845,409.26031418394496,10.00829999402049,22.848579983983655,11,0,2,9,0.0,0.18181818181818182,0.8181818181818182,0.0009262659059459111,0.29461353435999627,0.0,0.6399711838457733,0.00405382044846192,0.06103515625,2.0121701436000876,0.423568167258054,0.001953125,0.0,0.2995139743434265,0.29893406317569315,0.2999770546448417,0.2992631793022156,0.298112690448761,0.2999734580516815,0.0
1249,4,5115904,97.81872443593926,414.05315430290966,9.89244969500578,22.840145243011648,9,0,2,7,0.0,0.2222222222222222,0.7777777777777778,-0.0001369780147797428,0.19852339139379183,0.0,0.6298292423598468,0.007158976044593146,0.0753173828125,2.0123570168507285,0.4286897135898471,0.00146484375,0.0,0.29849619598826393,0.29746468423400074,0.2994656980736181,0.2979784309864044,0.2973260283470154,0.29910725355148315,0.0
1250,4,5120000,97.74537684220458,399.5367745282857,10.2518723209796,69.87968882601126,13,0,7,6,0.0,0.5384615384615384,0.46153846153846156,0.0012516482347564306,0.6212327701541653,0.0,0.6350410336162895,0.006821012491855072,0.07843017578125,2.1437522880150937,0.4366173455491662,0.001708984375,0.0,0.29902712668990716,0.29766363627277315,0.29991911380784586,0.29909464716911316,0.2975972294807434,0.30000001192092896,0.0
1251,4,5124096,97.76208306654054,407.8162231371824,10.043739722983446,22.84073967099539,12,0,5,7,0.0,0.4166666666666667,0.5833333333333334,0.0008157280826708302,0.48301882057967305,0.0,0.6316942370031029,0.00574896074613207,0.08599853515625,2.1311151765694376,0.42779788793995976,0.001220703125,0.0,0.2986861083190888,0.29736241785576567,0.29991189762949944,0.29773402214050293,0.2956045866012573,0.30000001192092896,0.0
1252,4,5128192,97.77879080551597,406.77372287250563,10.069480326987104,22.864159691001987,9,0,1,8,0.0,0.1111111111111111,0.8888888888888888,0.0005361664079828188,0.10117454022122274,0.0,0.6337498112116009,0.005069500952231465,0.05767822265625,1.465741430001799,0.42819021083414555,0.002197265625,0.0,0.29889566998463124,0.2979317473946139,0.2998033272451721,0.29965364933013916,0.29914993047714233,0.30000001192092896,0.0
1253,4,5132288,97.79516242206292,399.13763651414325,10.262124202999985,22.840448119997745,16,0,6,10,0.0,0.375,0.625,-0.0024006631138036028,0.526359606981714,0.0,0.6360295359045267,0.004982465732609853,0.08074951171875,2.1904041278758086,0.43600279465317726,0.0009765625,0.0,0.29911484819604084,0.29857242718571797,0.2997245595906861,0.2984161972999573,0.29771751165390015,0.2998059093952179,0.0
1254,4,5136384,97.81139768813469,397.2806403223312,10.310092121973867,22.854692709021037,15,0,3,12,0.0,0.2,0.8,0.0006451063854910899,0.23802270814098847,0.0,0.6318304501473904,0.003744358960830141,0.04541015625,1.8102702238538768,0.429602628108114,0.003173828125,0.0,0.2987016611150466,0.2973479896900244,0.29988978954497725,0.2985478937625885,0.29737865924835205,0.2999955415725708,0.0
1255,4,5140480,97.7385208386396,403.86002729076785,10.142127775005065,69.90150060501765,11,0,5,6,0.0,0.45454545454545453,0.5454545454545454,-0.00038743469121982343,0.4294867445678392,0.0,0.6342429572250694,0.007460354459908558,0.10443115234375,2.006239729525987,0.4275452741421759,0.002197265625,0.0,0.29894409386906773,0.29726035927888006,0.2999917198321782,0.2986386716365814,0.2960001528263092,0.30000001192092896,0.0
1256,4,5144576,97.7551430430844,405.3638004484535,10.104503647016827,22.852097809984116,11,0,1,10,0.0,0.09090909090909091,0.9090909090909091,-0.003837101274257293,0.138835694701811,0.0,0.6195023660548031,0.00928585620931699,0.1123046875,1.8567146444111131,0.4405018975958228,0.0009765625,0.0,0.2974905256414786,0.2929490961250849,0.2999239832861349,0.2972445785999298,0.2920013666152954,0.30000001192092896,0.0
1257,4,5148672,97.77159514086463,400.27952148342956,10.23284924699692,22.8038827549899,12,0,5,7,0.0,0.4166666666666667,0.5833333333333334,0.00031269655301002786,0.4732200226972054,0.0,0.6076060051564127,0.0049211632504011504,0.051513671875,2.2128132565994747,0.44787408178672194,0.000732421875,0.0,0.29630969936260954,0.29213176283519715,0.2997746728360653,0.2957172095775604,0.29158493876457214,0.2996184527873993,0.0
1258,4,5152768,97.78773847523091,396.35237635719415,10.33423853199929,22.858117786003277,12,0,4,8,0.0,0.3333333333333333,0.6666666666666666,0.0020696610736195,0.2867321287651521,0.0,0.602265499997884,0.0052599933769670315,0.05621337890625,1.8872477308759699,0.4569713384844363,0.00048828125,0.0,0.2957758452394046,0.2931693933205679,0.29860155773349106,0.2954596281051636,0.29405951499938965,0.2977336347103119,0.0
1259,4,5156864,97.80378739203361,395.09707639793356,10.367072410008404,22.86504150199471,21,0,12,9,0.0,0.5714285714285714,0.42857142857142855,-0.002116829997248715,0.8502626333065564,0.0,0.6140316775999963,0.006738844323990634,0.0625,2.1058375166612677,0.4511818904429674,0.00146484375,0.0,0.29693780961679295,0.295912932313513,0.2978844736935571,0.29831811785697937,0.29716625809669495,0.2989976108074188,0.0
1260,4,5160960,97.7313019564397,409.554004504926,10.001123063004343,69.99779178199242,9,0,3,6,0.0,0.3333333333333333,0.6666666666666666,-0.0004051553987665102,0.2580387256816721,0.0,0.6128128943964839,0.005069002392701805,0.07110595703125,2.0085574013355654,0.4439682741649449,0.001953125,0.0,0.29680693813133985,0.29595494375098497,0.29790933069307357,0.296321839094162,0.29491764307022095,0.2987065017223358,0.0
1261,4,5165056,97.74745947475625,398.54049733317845,10.277500096999574,22.837829418014735,13,0,9,4,0.0,0.6923076923076923,0.3076923076923077,-2.989954373333603e-05,0.6049896526928933,0.0,0.6183811484370381,0.006722012170939706,0.063232421875,2.0682722068740986,0.4415295785292983,0.0009765625,0.0,0.2973719223518856,0.2958746211370453,0.29980827687541023,0.29772210121154785,0.29638680815696716,0.30000001192092896,0.0
1262,4,5169152,97.76389051870858,403.43819882670164,10.15273221998359,22.86217064099037,11,0,5,6,0.0,0.45454545454545453,0.5454545454545454,0.0010534667817410082,0.39038901533695025,0.0,0.6322334206197411,0.00503935233791708,0.07220458984375,1.9651597291231155,0.4271274474449456,0.001953125,0.0,0.29874541150638834,0.2975698481895961,0.29980255162809044,0.29949596524238586,0.29902857542037964,0.2998772859573364,0.0
1263,4,5173248,97.78022637147129,401.16822105603774,10.210180630005198,22.844995729014045,13,0,5,8,0.0,0.38461538461538464,0.6153846153846154,-0.001952449323653127,0.44811283638046007,0.0,0.6397306281141937,0.007822134393791202,0.0928955078125,2.05339051381452,0.42544203251600266,0.001953125,0.0,0.2994870143593289,0.29903986799763516,0.2998540185508318,0.299498051404953,0.2985621988773346,0.2999959886074066,0.0
1264,4,5177344,97.79692801036715,411.03122490559866,9.96517965500243,22.881005390983773,11,0,4,7,0.0,0.36363636363636365,0.6363636363636364,0.0005152181620360352,0.3583633257585461,0.0,0.6315119997598231,0.004355934350314783,0.06085205078125,2.083746598305879,0.41888783872127533,0.00244140625,0.0,0.2986674461280927,0.2971384325064719,0.29979636310599744,0.29837507009506226,0.2969619333744049,0.30000001192092896,0.0
1265,4,5181440,97.72465701698506,406.4767366095927,10.076837445027195,69.96970262000104,11,0,0,11,0.0,0.0,1.0,0.0023322519646171713,0.08876250235880434,0.0,0.632302762940526,0.005632838619931135,0.053466796875,2.1619695890985895,0.4109888249076903,0.001220703125,0.0,0.2987465066835284,0.2975835814140737,0.2997722498839721,0.2986430525779724,0.29756075143814087,0.29959264397621155,0.0
1266,4,5185536,97.74125984296042,406.6382684305488,10.072834550985135,22.8261609429901,10,0,2,8,0.0,0.2,0.8,-0.0017259581127291312,0.20007152423590924,0.0,0.6298465803265572,0.006322808094409993,0.07073974609375,1.8482738884631544,0.42421887535601854,0.0009765625,0.0,0.2985050575225614,0.29637726658256724,0.29993250517873093,0.29804977774620056,0.2955150306224823,0.30000001192092896,0.0
1267,4,5189632,97.75756743948794,400.122714158963,10.236859480995918,22.81159008599934,15,0,5,10,0.0,0.3333333333333333,0.6666666666666666,-0.0009106001198233571,0.32536383913793543,0.0,0.6253698109649122,0.005103357103507733,0.08843994140625,1.8660432331380434,0.4317219597287476,0.001220703125,0.0,0.29806973156519234,0.2945557169150561,0.29999084753217176,0.29797738790512085,0.2941102981567383,0.29995909333229065,0.0
1268,4,5193728,97.77401679026585,405.17184309452324,10.109290835011052,22.851053334015887,13,0,5,8,0.0,0.38461538461538464,0.6153846153846154,2.6803169021150097e-05,0.3591129584824557,0.0,0.6225415980443358,0.007279904279130278,0.05938720703125,1.9786824382899795,0.43182598147541285,0.001220703125,0.0,0.2977886652806774,0.29383376747136936,0.29993971524527296,0.29751095175743103,0.29298317432403564,0.30000001192092896,0.0
1269,4,5197824,97.78982529097851,391.34276832277834,10.466527892043814,22.831167341966648,16,0,4,12,0.0,0.25,0.75,0.001079654732166091,0.3094239100901177,0.0,0.6237515478860587,0.005709804470825475,0.07684326171875,1.833904705621535,0.42702427692711353,0.001708984375,0.0,0.29791310150176287,0.2940160176367499,0.2999827077728696,0.298238605260849,0.29558953642845154,0.30000001192092896,0.0
1270,4,5201920,97.7177459363301,403.3561219353226,10.154798147967085,69.94901354500325,12,0,4,8,0.0,0.3333333333333333,0.6666666666666666,0.0017131771001004381,0.3022684679881422,0.0,0.6304195795673877,0.00633709560133866,0.09619140625,1.8225230213138275,0.43022565450519323,0.002197265625,0.0,0.2985695450915955,0.29604157811263576,0.2999884754535742,0.2988603115081787,0.2965809106826782,0.30000001192092896,0.0
1271,4,5206016,97.73390000588725,401.429673594201,10.203530703962315,22.845238086010795,11,0,6,5,0.0,0.5454545454545454,0.45454545454545453,0.0002708017564145848,0.474505263048286,0.0,0.6381949058268219,0.005239547299424885,0.05072021484375,1.8289355143206194,0.42974077723920345,0.001708984375,0.0,0.2993487969506532,0.298088688403368,0.3000223937560804,0.29997891187667847,0.2999528646469116,0.30000001192092896,0.0
1272,4,5210112,97.74998863245774,397.8334674306196,10.295765276998281,22.838939876994118,13,0,7,6,0.0,0.5384615384615384,0.46153846153846156,0.001014862944430206,0.5449851050543657,0.0,0.6423402545042336,0.005513062638783595,0.07855224609375,2.042806046898477,0.4346874738112092,0.001953125,0.0,0.2997509878478013,0.29941955662798136,0.3000048843678087,0.2997905910015106,0.299454927444458,0.2999843657016754,0.0
1273,4,5214208,97.76597916419912,396.882024470584,10.320447254984174,22.856981750985142,13,0,5,8,0.0,0.38461538461538464,0.6153846153846154,0.0023015640290395822,0.4446596658717681,0.0,0.6330285482108593,0.003134314756607637,0.04296875,2.2222210118197836,0.4330064710229635,0.00146484375,0.0,0.2988166080904193,0.29741059750085697,0.2997126886039041,0.2982044517993927,0.2960377335548401,0.29940998554229736,0.0
1274,4,5218304,97.78249488468903,407.8704930023962,10.042403337021824,22.837477569002658,13,0,6,7,0.0,0.46153846153846156,0.5384615384615384,0.0002873370212910231,0.4557278983565993,0.0,0.6342865007463843,0.006448433196055703,0.0770263671875,1.9381710654997732,0.42950927931815386,0.001708984375,0.0,0.2989534179796465,0.29732161946594715,0.2999526600469835,0.29979586601257324,0.2993972897529602,0.30000001192092896,0.0
1275,4,5222400,97.71081981706702,409.1818807706549,10.010218419949524,70.03736511804163,10,0,4,6,0.0,0.4,0.6,0.0009152606216957793,0.3304702757859559,0.0,0.6428927544038743,0.003837353749986505,0.06475830078125,1.8508034837723244,0.42615999933332205,0.00146484375,0.0,0.29980893596075475,0.2995384049718268,0.3000147365964949,0.2994266450405121,0.29918456077575684,0.2998174726963043,0.0
1276,4,5226496,97.72713353699005,403.32462501220823,10.155591168964747,22.83399447699776,13,0,3,10,0.0,0.23076923076923078,0.7692307692307693,0.0015657350086257793,0.29454218176897484,0.0,0.6415181097108871,0.0052185629356245045,0.05194091796875,1.9991259068483487,0.4282646058127284,0.0009765625,0.0,0.29966665932442993,0.2993919907603413,0.29989195259986445,0.2998209595680237,0.2996090352535248,0.30000001192092896,0.0
1277,4,5230592,97.74303722659187,394.7665938004526,10.375751302985009,22.827300789998844,18,0,10,8,0.0,0.5555555555555556,0.4444444444444444,0.00023657029669266194,0.6624674291124393,0.0,0.6363234797026962,0.004514023792580701,0.09332275390625,2.194977852748707,0.4259497271850705,0.001953125,0.0,0.29914492880925536,0.2983498242101632,0.29973027820233256,0.2990463972091675,0.2975199818611145,0.30000001192092896,0.0
1278,4,5234688,97.75957773765204,410.13652173162774,9.98691845999565,22.856596380996052,9,0,4,5,0.0,0.4444444444444444,0.5555555555555556,-0.0022261307422013488,0.34998768086825294,0.0,0.6321907960809767,0.007811732670234051,0.10516357421875,1.8048669293057173,0.4209050075151026,0.001220703125,0.0,0.2987400456913747,0.2967612400534563,0.29999369464349,0.29839515686035156,0.296143501996994,0.30000001192092896,0.0
1279,4,5238784,97.7760243788028,408.57619157711537,10.02505795599427,22.858989591011778,9,0,2,7,0.0,0.2222222222222222,0.7777777777777778,-0.0006382407191267703,0.1873129341074673,0.0,0.6343610910698771,0.006480817337433109,0.0743408203125,1.6474908468080685,0.41510950261726975,0.002197265625,0.0,0.29895565257174894,0.2979668496409431,0.2999486642074771,0.2994523346424103,0.29918569326400757,0.29988402128219604,0.0
1280,4,5242880,97.70441541058607,401.7200746189145,10.196154633013066,69.97611946199322,12,0,1,11,0.0,0.08333333333333333,0.9166666666666666,-0.001170682940937695,0.14388892107808715,0.0,0.6408840664662421,0.006020607834216207,0.09869384765625,1.8881305789400358,0.4093001978471875,0.001708984375,0.0,0.2996061177109368,0.29914073570398614,0.29997663566609845,0.29937776923179626,0.2990369498729706,0.30000001192092896,0.0
1281,4,5246976,97.72105882179015,413.949601139746,9.894924379012082,22.82250606600428,6,0,0,6,0.0,0.0,1.0,-0.003949189220293192,0.11041533692014127,0.0,0.6400490016676486,0.008253064581367653,0.1220703125,1.974050928489305,0.40801430866122246,0.004150390625,0.0,0.2995243787881918,0.2988248055917211,0.30001395771978423,0.29940590262413025,0.2983267307281494,0.30000001192092896,0.0
1282,4,5251072,97.736810619925,392.6303985847428,10.43220294394996,22.821820495009888,19,0,2,17,0.0,0.10526315789473684,0.8947368421052632,-0.0026097527843376156,0.20106867849858645,0.0,0.6337052111048251,0.00684460555203259,0.1082763671875,1.6851373332901858,0.4071133485995233,0.00244140625,0.0,0.29889268171973526,0.2967904157121666,0.30001601605908945,0.2980586886405945,0.29449835419654846,0.29999515414237976,0.0
1283,4,5255168,97.7529814943007,403.4063631714083,10.153533444041386,22.859012153057847,12,0,0,12,0.0,0.0,1.0,0.000276319871773012,0.05519333234451551,0.0,0.6167289987206459,0.005794582179078134,0.04827880859375,2.044515466201119,0.400910472497344,0.002197265625,0.0,0.29720531369093806,0.2938408494228497,0.29972202226053923,0.296603262424469,0.29317593574523926,0.29949769377708435,0.0
1284,4,5259264,97.7696232576048,414.5136196167759,9.881460599019192,22.86153396399459,9,0,2,7,0.0,0.2222222222222222,0.7777777777777778,-0.00062015171351959,0.2306861346878577,0.0,0.6121386094018817,0.008242154071922414,0.08648681640625,1.854724760632962,0.40343982726335526,0.00341796875,0.0,0.2967570809996687,0.2932035077828914,0.2998403257224709,0.29636871814727783,0.29285764694213867,0.2997826635837555,0.0
1285,4,5263360,97.69811707688802,399.8788115708072,10.24310336401686,70.03504605701892,10,0,2,8,0.0,0.2,0.8,0.0008997890399768949,0.2254543203416688,0.0,0.606168766040355,0.005984732142678695,0.0770263671875,1.9739129659283208,0.4035124806687236,0.00390625,0.0,0.29616995726246387,0.2920392983360216,0.299740974791348,0.29568737745285034,0.2911165952682495,0.2995506823062897,0.0
1286,4,5267456,97.71397250186871,396.879224053972,10.320520077017136,22.854923090024386,13,0,3,10,0.0,0.23076923076923078,0.7692307692307693,-0.0006811468265368603,0.30675457749384805,0.0,0.6022007190622389,0.005808051810163306,0.0693359375,1.9005811535171233,0.4081989508122206,0.001953125,0.0,0.2957853900734335,0.29080317518673837,0.29948302084812894,0.2954712212085724,0.2900637090206146,0.30000001192092896,0.0
1287,4,5271552,97.7303844908464,408.2207995355163,10.033785648993216,22.823744438996073,9,0,5,4,0.0,0.5555555555555556,0.4444444444444444,0.0005107893211970804,0.4534066552832883,0.0,0.6037767853122205,0.0058401457135914825,0.071533203125,2.0910322228446603,0.4213196700438857,0.002197265625,0.0,0.29594619350973517,0.29057852912228554,0.2998429216677323,0.2961883842945099,0.2904646098613739,0.29993265867233276,0.0
1288,4,5275648,97.74601039264039,393.189678007237,10.417364008026198,22.86324432498077,17,0,2,15,0.0,0.11764705882352941,0.8823529411764706,-0.00174716858418833,0.2718571908940248,0.0,0.600049948785454,0.0051150266954209656,0.07208251953125,1.864847688091686,0.41925497306510806,0.00146484375,0.0,0.2955868462449871,0.28898521728115156,0.2995702794287354,0.2951698303222656,0.2877793312072754,0.2991386950016022,0.0
1289,4,5279744,97.76234307283,408.40320341076756,10.029304289957508,22.850091703992803,10,0,4,6,0.0,0.4,0.6,5.057977250544354e-05,0.3304880933437744,0.0,0.6044591199606657,0.004743095178127987,0.0625,1.9277812189830001,0.4160728738643229,0.0029296875,0.0,0.2960324801970273,0.288949640118517,0.2998591606155969,0.29636597633361816,0.2893545627593994,0.30000001192092896,0.0
1290,4,5283840,97.69193196484801,415.9594486920114,9.847113733994775,69.98698819900164,8,0,1,7,0.0,0.125,0.875,0.00013470001431414858,0.12259944726133654,0.0,0.6072648521512747,0.007079535658704117,0.08837890625,1.8100657608010806,0.3998981355689466,0.00146484375,0.0,0.2962963627069257,0.2898927935748361,0.29983847099356353,0.29591745138168335,0.28922441601753235,0.299955815076828,0.0
1291,4,5287936,97.70771199446501,398.6417336365935,10.274890094005968,22.850912153022364,12,0,2,10,0.0,0.16666666666666666,0.8333333333333334,-0.0009687462006695569,0.1770290729430144,0.0,0.6029715221375227,0.008266629029094474,0.1263427734375,1.5615845607535448,0.4111338434740901,0.001953125,0.0,0.2958897218341008,0.2883934827405028,0.2999410609481856,0.29562899470329285,0.28727707266807556,0.29987281560897827,0.0
1292,4,5292032,97.72402357522034,408.593272349022,10.024638869974297,22.855174136988353,13,0,1,12,0.0,0.07692307692307693,0.9230769230769231,-0.0010859166868613102,0.08713778116270987,0.0,0.6026202572975308,0.007869601275160676,0.09051513671875,1.6484162976848893,0.40489180432632565,0.001953125,0.0,0.2958684911718592,0.28773235116386786,0.3000175278284587,0.29588258266448975,0.287757009267807,0.2999487519264221,0.0
1293,4,5296128,97.74038737126297,408.25946258262735,10.03283542796271,22.806769123999402,8,0,3,5,0.0,0.375,0.625,-0.0019254326416557888,0.19768237673042677,0.0,0.6059364872053266,0.003718272750120377,0.0633544921875,1.5354833976889495,0.4072838379070163,0.001708984375,0.0,0.29616982711013407,0.2896039022016339,0.29980582755524665,0.2961033582687378,0.29117369651794434,0.2995359003543854,0.0
1294,4,5300224,97.75610975286725,396.6225640051442,10.327198630955536,22.857463754015043,19,0,2,17,0.0,0.10526315789473684,0.8947368421052632,-0.003354798951477278,0.18237872994427562,0.0,0.5896671866066754,0.01039682851114776,0.1014404296875,1.8466275112587027,0.4077885430306196,0.001708984375,0.0,0.2945360332960263,0.2907982566393912,0.29693136626156047,0.2930746078491211,0.28977710008621216,0.29517486691474915,0.0
1295,4,5304320,97.68581040256248,415.6321361491983,9.854868389025796,70.07484138000291,6,0,1,5,0.0,0.16666666666666666,0.8333333333333334,-0.005289955734042451,0.1230782352300821,0.0,0.5720248960424215,0.009247924637747929,0.1529541015625,1.6142574525729287,0.3959066653624177,0.002685546875,0.0,0.29282799299107864,0.28745390282711014,0.2964875234756619,0.29272496700286865,0.2855762839317322,0.2984011769294739,0.0
1296,4,5308416,97.70201211841334,407.0900686764259,10.061655430006795,22.85652036796091,10,0,1,9,0.0,0.1,0.9,-0.0023865531547926366,0.1403146726001978,0.0,0.5725580265279859,0.005850852438015863,0.09210205078125,1.727657213283237,0.39369230391457677,0.001708984375,0.0,0.2929286720464006,0.28400564775802195,0.2996896831318736,0.2922343611717224,0.2822697162628174,0.2995409071445465,0.0
1297,4,5312512,97.71791801175318,400.2468486485711,10.233684571983758,22.838255484995898,10,0,0,10,0.0,0.0,1.0,-0.0026900513507825963,0.033215040989716726,0.0,0.5554329233709723,0.0040004416150623,0.09832763671875,1.8692584962846013,0.3895527087152004,0.003173828125,0.0,0.29128149611642584,0.2811450705630705,0.2992384679382667,0.2903265953063965,0.2797278165817261,0.2993232309818268,0.0
1298,4,5316608,97.73376108850523,399.44331913552037,10.25427089096047,22.841658735997044,13,0,0,13,0.0,0.0,1.0,-0.0010041107598226517,0.09675827329510867,0.0,0.5500547776464373,0.005220297836785903,0.0748291015625,2.1205122966202907,0.392862091306597,0.001953125,0.0,0.29078776092501357,0.2795395499560982,0.2995857268688269,0.29084670543670654,0.27931228280067444,0.29992812871932983,0.0
1299,4,5320704,97.7499233653582,406.55805655357483,10.074821871006861,22.83257464901544,9,0,0,9,0.0,0.0,1.0,0.0007514468525187112,0.08252621103292768,0.0,0.5589241578709334,0.0064939930161926895,0.05499267578125,2.028613645758014,0.3877295986749232,0.001708984375,0.0,0.29163150844397023,0.2815353640471585,0.29992627626052126,0.2920331656932831,0.2823314368724823,0.30000001192092896,0.0
1300,4,5324800,97.67984596234254,401.2444909811301,10.20823984395247,69.75651079200907,16,0,0,16,0.0,0.0,1.0,0.0008076808117039036,0.053889874087644785,0.0,0.5631168209947646,0.007142356800613925,0.08624267578125,2.1443325394939166,0.39368874998763204,0.002197265625,0.0,0.2919916271348484,0.2847316396655515,0.2989771283464506,0.29200419783592224,0.2859315872192383,0.298604279756546,0.0
1301,4,5328896,97.69612405895126,410.91246798262364,9.96805967000546,22.81650787201943,8,0,0,8,0.0,0.0,1.0,-0.0028993695341341663,0.14001101379835745,0.0,0.5755752937402576,0.011182244252267992,0.0927734375,2.188781777047552,0.3937991317361593,0.002197265625,0.0,0.29319702088832855,0.2875386060331948,0.29984111775411293,0.2935029864311218,0.2878130376338959,0.29985105991363525,0.0
1302,4,5332992,97.71217872253844,405.8691521660087,10.091922429041006,22.86425811605295,12,0,0,12,0.0,0.0,1.0,-0.002861322744138306,0.0586484361984958,0.0,0.573153980076313,0.007803101700119441,0.07379150390625,1.9638224981317762,0.3928509051911533,0.00244140625,0.0,0.29296088189585134,0.2870153172989376,0.29996995837427676,0.2924855053424835,0.2857547402381897,0.30000001192092896,0.0
1303,4,5337088,97.72863073693335,414.7645673052562,9.875481955008581,22.847720520047005,7,0,0,7,0.0,0.0,1.0,-0.0044444949890021235,0.11433325453981524,0.0,0.5704478265251964,0.004613681223418098,0.1102294921875,2.047755812469404,0.39234723756089807,0.002197265625,0.0,0.2927060115034692,0.28670453355880454,0.2999905346077867,0.2928925156593323,0.28702500462532043,0.2999732792377472,0.0
1304,4,5341184,97.74444786254602,401.402401401909,10.20422395505011,22.86283729900606,13,0,0,13,0.0,0.0,1.0,-0.002209655041951919,0.05461515001718453,0.0,0.5723505353089422,0.005256089014437748,0.06842041015625,1.9069438931182958,0.3896236107684672,0.003173828125,0.0,0.2928946188185364,0.2854886950808577,0.29986379586625844,0.2925710678100586,0.2837716341018677,0.29991987347602844,0.0
1305,4,5345280,97.67413851327163,401.80984240632495,10.193876724049915,70.05793805897702,10,0,0,10,0.0,0.0,1.0,-0.00021363697305787355,0.06255692275169622,0.0,0.5668657103087753,0.007241047951538349,0.138427734375,2.0451251627819147,0.3882308262400329,0.003173828125,0.0,0.2923509686952457,0.28471267939312384,0.2981898837024346,0.2913687229156494,0.28503257036209106,0.295941025018692,0.0
1306,4,5349376,97.69018651423372,405.8537780248969,10.092304721008986,22.84532629197929,16,0,0,16,0.0,0.0,1.0,-0.0021915110246482072,0.044326193919005163,0.0,0.5568183120340109,0.004752356300741667,0.07757568359375,1.8245753501396393,0.38759732665494084,0.003173828125,0.0,0.29135195672279224,0.2855116897262633,0.29553051432594657,0.2915106415748596,0.2861562669277191,0.29581937193870544,0.0
1307,4,5353472,97.70653957671419,414.43696200097276,9.883288353972603,22.872602621035185,7,0,0,7,0.0,0.0,1.0,-0.0013241880042187404,0.07387384024787025,0.0,0.576834772946313,0.007768145384034142,0.1002197265625,2.103813667257782,0.3905446198768914,0.002685546875,0.0,0.29331905563594773,0.28654948784969747,0.29761546110967174,0.29456669092178345,0.2865329384803772,0.30000001192092896,0.0
1308,4,5357568,97.72252354270418,407.04359631638977,10.062804173969198,22.888952790992334,12,0,0,12,0.0,0.0,1.0,-0.001450329553335905,0.0617452002296659,0.0,0.606125027872622,0.007858779303205665,0.07464599609375,1.87841148377629,0.3877156302332878,0.00439453125,0.0,0.2962036306853406,0.2891898167436011,0.3000041010091081,0.29718101024627686,0.2918607294559479,0.30000001192092896,0.0
1309,4,5361664,97.7388147933021,413.3195421645702,9.910008074017242,22.858642970968504,7,0,0,7,0.0,0.0,1.0,0.00018677019943424966,0.07393827160103683,0.0,0.6148045938462019,0.00630902938064537,0.06817626953125,2.0880453111894894,0.39097292395308614,0.002685546875,0.0,0.2970222948351875,0.2931948457262479,0.2998551173368469,0.29679471254348755,0.29465216398239136,0.29943788051605225,0.0
1310,4,5365760,97.66912220451039,403.93172490755506,10.140327553963289,69.92112151999027,12,0,0,12,0.0,0.0,1.0,-0.004079197016835678,0.102974114734252,0.0,0.6146427888888866,0.009656037011154694,0.107666015625,1.9479027212946676,0.3947933311574161,0.002197265625,0.0,0.29700087680248544,0.29535392770776525,0.2998898173100315,0.2969849705696106,0.2953803539276123,0.30000001192092896,0.0
1311,4,5369856,97.68477048649007,400.5141143491347,10.226855567016173,22.84294383402448,12,0,0,12,0.0,0.0,1.0,-0.0007681615043111378,0.03773488234094202,0.0,0.6025442655663937,0.0065146519082190935,0.06378173828125,1.8773323030618485,0.3984722071327269,0.001953125,0.0,0.2958022436941974,0.2937375464825891,0.2990301938261837,0.2952345609664917,0.2924204468727112,0.2981667220592499,0.0
1312,4,5373952,97.70074330950519,406.70915694704735,10.071078877954278,22.864680344995577,16,0,0,16,0.0,0.0,1.0,0.001716462164040422,0.03512775038939253,0.0,0.5978815141133964,0.0029448116474668495,0.04290771484375,1.9693081382865785,0.39058638270944357,0.002197265625,0.0,0.2953477061819285,0.29280699673108757,0.29920653416775167,0.2948823571205139,0.291257381439209,0.2991452217102051,0.0
1313,4,5378048,97.71681406050695,408.3353282796476,10.030971401021816,22.83913834101986,9,0,0,9,0.0,0.0,1.0,-0.001676326555752894,0.08737458015912125,0.0,0.6146074968855828,0.007184911872172961,0.0882568359375,1.8986296559742186,0.3944041798822582,0.002197265625,0.0,0.29701615893281996,0.29310568410437554,0.2999529271037318,0.29801905155181885,0.29457151889801025,0.2999882102012634,0.0
1314,4,5382144,97.7327718906578,407.4952193862215,10.05165166396182,22.87109838501783,9,0,0,9,0.0,0.0,1.0,-0.003104192302998854,0.0183714664267427,0.0,0.625611960189417,0.005170942029508296,0.1148681640625,1.7462417448550696,0.3995262593962252,0.00244140625,0.0,0.29808906599646434,0.2946833294117823,0.29993044037837535,0.29805687069892883,0.2948894500732422,0.2997733950614929,0.0
1315,4,5386240,97.66329968197348,407.9671177310476,10.040024849993642,70.05479838798055,9,0,0,9,0.0,0.0,1.0,-0.001547397039757925,0.022806998611258678,0.0,0.6233584152068943,0.008052550394495483,0.076416015625,1.769549554315745,0.3955055275000632,0.002685546875,0.0,0.29786230385070667,0.29554007190745324,0.29990339843789116,0.29768460988998413,0.29547908902168274,0.30000001192092896,0.0
1316,4,5390336,97.67911739537381,402.88012910050946,10.166795788973104,22.83463594695786,11,0,0,11,0.0,0.0,1.0,0.0021040601859567687,0.0687410899462293,0.0,0.6251931597944349,0.005806251494504977,0.03314208984375,2.1226216463837773,0.39819811284542084,0.00341796875,0.0,0.29804292443441227,0.29656668478855863,0.2994493350270204,0.2989853024482727,0.29696330428123474,0.30000001192092896,0.0
1317,4,5394432,97.69449899151482,394.5036484572954,10.382666969031561,22.85474754398456,15,0,2,13,0.0,0.13333333333333333,0.8666666666666667,0.001298189006774919,0.2208703094190696,0.0,0.6242427157703787,0.004325641657487722,0.0679931640625,1.869585806678515,0.40218035550788045,0.002197265625,0.0,0.297944106918294,0.29644705139799044,0.29980550456093624,0.29746752977371216,0.295992910861969,0.2997610867023468,0.0
1318,4,5398528,97.71045448522756,406.5304720369181,10.075505482964218,22.82662262499798,13,0,0,13,0.0,0.0,1.0,0.0004956810025760205,0.051997755716456595,0.0,0.6021211156621575,0.006423575396183878,0.05548095703125,1.9158201664686203,0.39647490764036775,0.001953125,0.0,0.2957536564208567,0.2934866370051168,0.2978980818297714,0.2941240966320038,0.29106563329696655,0.29594093561172485,0.0
1319,4,5402624,97.72671957375621,416.095808014121,9.84388672298519,22.87192813900765,7,0,0,7,0.0,0.0,1.0,-0.0007695633175899275,0.06175522691603419,0.0,0.5836249645799398,0.00555733482906362,0.07574462890625,2.042289826000342,0.39398502139374614,0.002685546875,0.0,0.2939454613951966,0.2904993134434335,0.2961974071804434,0.2940092086791992,0.2903639078140259,0.2959139943122864,0.0
1320,4,5406720,97.65763754779859,408.42284481925907,10.028821972024161,70.00403671397362,9,0,0,9,0.0,0.0,1.0,-0.0006145276493043639,0.0805333914104267,0.0,0.5975162021350116,0.0044562130387930665,0.06402587890625,2.1072716377093457,0.3977744453586638,0.0029296875,0.0,0.295320616918616,0.2915322592598386,0.2987544003408402,0.2956882119178772,0.29063162207603455,0.2995678782463074,0.0
1321,4,5410816,97.67345069428208,408.3802882253858,10.029867057979573,22.882545006053988,11,0,0,11,0.0,0.0,1.0,-0.00036118858770350926,0.05506001783339798,0.0,0.6106446026824415,0.006072894524550065,0.071044921875,2.0081385677622166,0.40443646581843495,0.002197265625,0.0,0.2966140700154938,0.2924338052398525,0.29935988993383944,0.29746749997138977,0.2939034700393677,0.29995232820510864,0.0
1322,4,5414912,97.68967716468072,413.8828761430149,9.896519610018004,22.82969588896958,11,0,1,10,0.0,0.09090909090909091,0.9090909090909091,0.001110536404667073,0.17163822186694233,0.0,0.6312657361850142,0.005156921779416734,0.05328369140625,1.8742552761395928,0.39990619383752346,0.001220703125,0.0,0.29866150993620977,0.2961361945490353,0.3000252808560617,0.29925984144210815,0.2977794408798218,0.30000001192092896,0.0
1323,4,5419008,97.70464552174934,389.15762613508366,10.525298041000497,22.904265589953866,16,0,1,15,0.0,0.0625,0.9375,-0.0019585643531172536,0.16362031521566678,0.0,0.6395043742377311,0.005158390064025298,0.0831298828125,2.007036793685984,0.4069582740776241,0.001220703125,0.0,0.2994657947565429,0.2987144238431938,0.29992504755500704,0.29950928688049316,0.29877087473869324,0.30000001192092896,0.0
1324,4,5423104,97.72053530352825,408.2342222823678,10.033455737982877,22.862171016982757,11,0,2,9,0.0,0.18181818181818182,0.8181818181818182,0.0022051163141441066,0.23944278171484257,0.0,0.641883130883798,0.003509980197122786,0.04034423828125,1.9717430282616988,0.4161187941208482,0.001953125,0.0,0.2997081092908047,0.29922047402942553,0.300001940689981,0.29988211393356323,0.2996567189693451,0.30000001192092896,0.0
1325,4,5427200,97.65149502223024,404.4658752425963,10.126935918990057,70.03378009196604,8,0,1,7,0.0,0.125,0.875,-0.0032814291298564058,0.13887108137646464,0.0,0.6347978587727994,0.010617611766065238,0.14068603515625,1.7681645621341886,0.4090639101341367,0.002197265625,0.0,0.2989937487291172,0.29819703445537016,0.29993206093786284,0.29787376523017883,0.2966567873954773,0.30000001192092896,0.0
1326,4,5431296,97.66722275343065,404.06809503546805,10.136905265040696,22.850284120009746,12,0,2,10,0.0,0.16666666666666666,0.8333333333333334,-0.00414180381631013,0.2733161521009606,0.0,0.6263479529879987,0.00585802112982492,0.10595703125,1.9776413866784424,0.40926365181803703,0.00244140625,0.0,0.2981586797395721,0.2963439203449525,0.2999707520357333,0.29793214797973633,0.29512888193130493,0.2999025285243988,0.0
1327,4,5435392,97.68307735401383,408.30505822191896,10.031715055985842,22.873124226985965,12,0,2,10,0.0,0.16666666666666666,0.8333333333333334,-0.00040689266097615473,0.22729838076475062,0.0,0.6287200564984232,0.006767938655684702,0.046875,1.7666569479042664,0.4080049293115735,0.00146484375,0.0,0.29839556908700615,0.2957511979038827,0.29987401654943824,0.2986482083797455,0.29614198207855225,0.30000001192092896,0.0
1328,4,5439488,97.69906650331767,411.039055748945,9.96498980501201,22.852105611993466,9,0,1,8,0.0,0.1111111111111111,0.8888888888888888,-0.004704397073510336,0.16749792952487041,0.0,0.6261361709330231,0.008725914412934799,0.12139892578125,1.7900476945505943,0.39917115680873394,0.002685546875,0.0,0.29814020288176835,0.29501795483520254,0.29995205654995516,0.29776978492736816,0.2940016984939575,0.30000001192092896,0.0
1329,4,5443584,97.71468220610505,403.2566820629445,10.157302239967976,22.862270934972912,13,0,1,12,0.0,0.07692307692307693,0.9230769230769231,-0.00248884081520373,0.19197139260131735,0.0,0.62683119578287,0.005480782278027618,0.08447265625,1.9129498215625063,0.4011871377006173,0.001220703125,0.0,0.2982031388091855,0.2968212656560354,0.2990691252052784,0.29841047525405884,0.2980670928955078,0.2987038195133209,0.0
1330,4,5447680,97.64597006937646,405.69924279715656,10.096148988988716,70.03442869900027,11,0,0,11,0.0,0.0,1.0,-0.0030658224895887543,0.07054398981267695,0.0,0.633012818172574,0.005871943183592521,0.086181640625,1.8787679358501919,0.4016642328351736,0.00146484375,0.0,0.29881786392070353,0.2981253752950579,0.2996199632762,0.29876333475112915,0.2976660132408142,0.30000001192092896,0.0
1331,4,5451776,97.66173462174888,408.8699454988995,10.017855420999695,22.858040982973762,8,0,1,7,0.0,0.125,0.875,-0.0013981830070406431,0.13146746013308075,0.0,0.628145287046209,0.009458729338803096,0.09808349609375,1.7192694423429202,0.4026197651401162,0.001708984375,0.0,0.2983377260970883,0.29570941178826615,0.29995524178957567,0.2976326644420624,0.29366979002952576,0.29971054196357727,0.0
1332,4,5455872,97.67731999410266,402.76522441440756,10.169696268974803,22.856429560983088,13,0,0,13,0.0,0.0,1.0,1.5473866369575262e-05,0.047643577509461466,0.0,0.6175775309093297,0.004430343844433082,0.050048828125,1.8282460286427522,0.407703738193959,0.00244140625,0.0,0.29728630679892376,0.29492895217845216,0.2995144360465929,0.2969987392425537,0.2935390770435333,0.2991510331630707,0.0
1333,4,5459968,97.69276782007681,399.48076430443757,10.25330971099902,22.840811258007307,14,0,1,13,0.0,0.07142857142857142,0.9285714285714286,-0.004694492199632805,0.15780853095975544,0.0,0.6252354690805078,0.009169522454612888,0.11578369140625,1.7194062290654983,0.4152555922046304,0.0009765625,0.0,0.2980525026214309,0.2964872914017178,0.29993739834753796,0.2987048625946045,0.29798558354377747,0.30000001192092896,0.0
1334,4,5464064,97.70864486198457,409.64405504516026,9.998924553045072,22.8391147510265,8,0,0,8,0.0,0.0,1.0,-0.0022810202499385923,0.09928074445110724,0.0,0.6360175798181444,0.00875180606089998,0.11883544921875,1.9442077387939207,0.4114419315010309,0.002685546875,0.0,0.29911842197179794,0.29814320988953114,0.29990853351773694,0.2991493344306946,0.29840654134750366,0.30000001192092896,0.0
1335,4,5468160,97.64020629425727,395.8045731807005,10.348541370010935,69.77993887901539,16,0,2,14,0.0,0.125,0.875,-0.0004245752206770703,0.1771531812792091,0.0,0.634398200083524,0.0068656868825200945,0.07427978515625,1.7001649597950745,0.4063073662109673,0.003662109375,0.0,0.29895531135844067,0.29786278307437897,0.2998984152218327,0.298356294631958,0.29708680510520935,0.30000001192092896,0.0
1336,4,5472256,97.65629356824446,415.89335906974003,9.84867853904143,22.867993513005786,6,0,0,6,0.0,0.0,1.0,-0.0013516332837752998,0.08006428050612158,0.0,0.6354215811006725,0.007762040768284351,0.09381103515625,2.0048685747024138,0.40580474818125367,0.001220703125,0.0,0.29905849118949845,0.29840901121497154,0.29971495654899627,0.299540251493454,0.29886990785598755,0.2999209761619568,0.0
1337,4,5476352,97.67179789471243,400.5805418190989,10.225159668014385,22.815307402983308,13,0,2,11,0.0,0.15384615384615385,0.8461538461538461,-0.0029032705206191167,0.20654061089726383,0.0,0.635412618983537,0.008527900608896744,0.07855224609375,1.6976783733989578,0.4049418685026467,0.00146484375,0.0,0.2990570816327818,0.297463916009292,0.29994802648434415,0.29862600564956665,0.2960938811302185,0.30000001192092896,0.0
1338,4,5480448,97.68730137026226,402.49028019540077,10.176643267041072,22.85387356102001,10,0,1,9,0.0,0.1,0.9,0.00048106395661307033,0.13929125996764924,0.0,0.6355301013682038,0.006305582486675121,0.06292724609375,1.737566566793248,0.40158242965117097,0.004150390625,0.0,0.29907387087587267,0.2976337853469886,0.2999957891879603,0.2992783784866333,0.2983740270137787,0.29982078075408936,0.0
1339,4,5484544,97.70281240004006,403.3712387038482,10.154417586047202,22.86107959097717,12,0,0,12,0.0,0.0,1.0,-0.002404075210506562,0.036295416874054354,0.0,0.6419413359835744,0.004538003351626685,0.1234130859375,1.885959643375827,0.405543886590749,0.00244140625,0.0,0.29971363296499476,0.2992871197639033,0.299994601868093,0.30000001192092896,0.30000001192092896,0.30000001192092896,0.0
1340,4,5488640,97.63452720920594,400.32818709296333,10.23160529800225,69.96131694398355,12,0,2,10,0.0,0.16666666666666666,0.8333333333333334,-0.0003562295296433149,0.23174951334476646,0.0,0.6378019691910595,0.006766109847376356,0.07745361328125,1.894076810014667,0.39988622162491083,0.002197265625,0.0,0.2993013699306175,0.29807983309729025,0.30002247350057587,0.29891711473464966,0.29728788137435913,0.30000001192092896,0.0
1341,4,5492736,97.64968643182854,396.87322341677515,10.320676121045835,22.835342277016025,13,0,1,12,0.0,0.07692307692307693,0.9230769230769231,0.0001221959901158698,0.06382933662348478,0.0,0.6299060287419707,0.006562357713846723,0.0755615234375,1.8895760589512065,0.39688396407291293,0.002197265625,0.0,0.2985133914044127,0.29611634550383314,0.299966289952863,0.2983570992946625,0.2956109344959259,0.2998526990413666,0.0
1342,4,5496832,97.66595123265442,420.18489168157186,9.748089665023144,22.82215251098387,5,0,0,5,0.0,0.0,1.0,-0.0009713242143334355,0.058933502034733465,0.0,0.6290984754450619,0.005543235085497145,0.0806884765625,1.980560049036285,0.3976993332616985,0.0029296875,0.0,0.2984381875721738,0.29557585972361267,0.2999630908598192,0.29816934466362,0.29468193650245667,0.30000001192092896,0.0
1343,4,5500928,97.68114703569812,396.5996929634231,10.327794178039767,22.848251199000515,13,0,0,13,0.0,0.0,1.0,0.002093689974572044,0.04356190896544376,0.0,0.6305848730262369,0.0043516420664673205,0.05694580078125,2.0682947963650804,0.40212101861834526,0.0009765625,0.0,0.29857673100195825,0.2970122440601699,0.299802664143499,0.29865044355392456,0.29707351326942444,0.29955756664276123,0.0
1344,4,5505024,97.69672841243892,406.50946677781855,10.076026107009966,22.867325629049446,10,0,0,10,0.0,0.0,1.0,-0.0008950180417741649,0.12049758777993702,0.0,0.6392697766423225,0.006881703760882374,0.09375,2.0373875952209346,0.4037855505011976,0.002685546875,0.0,0.2994486299576238,0.29879568790784106,0.3000032748677768,0.29991957545280457,0.2997618615627289,0.30000001192092896,0.0
1345,4,5509120,97.62894889748345,403.1344575696285,10.16038178600138,69.89498017402366,13,0,0,13,0.0,0.0,1.0,0.00010206353545072488,0.1350191675246606,0.0,0.6408190350048244,0.004046020138048334,0.0582275390625,2.0996449660742655,0.40780045790597796,0.001953125,0.0,0.299600001773797,0.29899929091334343,0.29999472288182005,0.2994733154773712,0.2985118627548218,0.30000001192092896,0.0
1346,4,5513216,97.6443095657519,400.45091629587205,10.228469541005325,22.841825907002203,13,0,0,13,0.0,0.0,1.0,-0.005366098579543177,0.08859668210334348,0.0,0.6335328903514892,0.009228320344845997,0.126708984375,1.939776637707837,0.3992097405716777,0.001220703125,0.0,0.2988780002342537,0.29670685826567933,0.30000900581944734,0.2985585629940033,0.2956756353378296,0.30000001192092896,0.0
1347,4,5517312,97.65986120606956,405.9118382770035,10.090861151984427,22.858611484989524,13,0,0,13,0.0,0.0,1.0,0.00018335238928557374,0.04383574649489219,0.0,0.6275389811489731,0.005320409134583315,0.06304931640625,2.0018704427056946,0.3979432820342481,0.0009765625,0.0,0.2982704031164758,0.2969271134934388,0.299373839457985,0.29739511013031006,0.2967935800552368,0.2984044849872589,0.0
1348,4,5521408,97.67579983630299,414.5699994730254,9.880116760032251,22.834757781994995,7,0,1,6,0.0,0.14285714285714285,0.8571428571428571,-0.0013800909036945086,0.17212435679175542,0.0,0.6362178309354931,0.005657693378452677,0.061767578125,1.8616192928748205,0.4018004294484854,0.0009765625,0.0,0.2991439738543704,0.2981740001705475,0.2998052827315405,0.2996785044670105,0.29931315779685974,0.29995113611221313,0.0
1349,4,5525504,97.69144420717896,406.89638146717715,10.066444890049752,22.80832609400386,11,0,0,11,0.0,0.0,1.0,-0.0014285170909715816,0.10732613235984445,0.0,0.640094019472599,0.005663017811457394,0.0885009765625,1.9275650019408204,0.3988189548254013,0.001708984375,0.0,0.29952737753046677,0.29869580297963694,0.300000315066427,0.2994266152381897,0.2985778748989105,0.30000001192092896,0.0
1350,4,5529600,97.62390670430797,405.5298401466232,10.100366469996516,69.9670752910315,10,0,0,10,0.0,0.0,1.0,0.00072055630334944,0.04452157996877304,0.0,0.6371391788125038,0.004765021221828647,0.05682373046875,1.959544158744393,0.3978675785474479,0.002685546875,0.0,0.29922794352751225,0.29838830727385357,0.29988238582154736,0.2986331880092621,0.29684674739837646,0.29983627796173096,0.0
1351,4,5533696,97.63958161631307,411.0505041258826,9.9647122650058,22.831260704959277,11,0,0,11,0.0,0.0,1.0,-0.0008671696177771082,0.05400309641322565,0.0,0.632963040843606,0.005136091967870016,0.0821533203125,1.9258392789633945,0.4020137912593782,0.0009765625,0.0,0.29881663143169135,0.29680107976309955,0.2999433312797919,0.29881709814071655,0.2971390187740326,0.30000001192092896,0.0
1352,4,5537792,97.6549335909028,402.17255460019,10.184683049970772,22.848424697993323,14,0,0,14,0.0,0.0,1.0,-0.00047747822100063786,0.0507438941754117,0.0,0.636499373242259,0.008939618684962625,0.07476806640625,1.864616982114967,0.40183121524751186,0.002197265625,0.0,0.29916669602971524,0.29821562027791515,0.2998081590048969,0.2995087802410126,0.2992708384990692,0.29969048500061035,0.0
1353,4,5541888,97.67046017233474,406.6675880978063,10.072108326014131,22.84935278003104,12,0,0,12,0.0,0.0,1.0,0.0003768015703826677,0.04241972774821079,0.0,0.6234419420361519,0.005136969281011261,0.06524658203125,2.0304402147594374,0.3966475552879274,0.001708984375,0.0,0.2978584566153586,0.29707483923994005,0.29845069779548794,0.2965657413005829,0.29527705907821655,0.2976158857345581,0.0
1354,4,5545984,97.68642141570831,416.84380713676353,9.826222507981583,22.831653911969624,7,0,0,7,0.0,0.0,1.0,-0.00010715447388065513,0.08621865030318077,0.0,0.6132153393700719,0.006026402468705783,0.05120849609375,2.116186435276177,0.40010842960327864,0.003173828125,0.0,0.2968620254541747,0.29382927261758596,0.2996722123352811,0.296196848154068,0.29168760776519775,0.30000001192092896,0.0
1355,4,5550080,97.61920561238682,406.05200677472453,10.087377802992705,69.94568278203951,10,0,0,10,0.0,0.0,1.0,0.0008523744181729853,0.11877799129979394,0.0,0.6025902640540153,0.006230859409697587,0.06982421875,2.112310295808129,0.3941627503372729,0.0029296875,0.0,0.29581921006320044,0.2926398954587057,0.29992462880909443,0.2954159379005432,0.29247528314590454,0.30000001192092896,0.0
1356,4,5554176,97.63447776412917,400.9402502666198,10.215986041002907,22.841940306010656,11,0,0,11,0.0,0.0,1.0,-0.000545609655091539,0.05961956147325509,0.0,0.591677900403738,0.00409373153524939,0.05755615234375,2.0900051625067135,0.40094594564288855,0.003173828125,0.0,0.2947408466716297,0.29199204477481544,0.2990360807743855,0.2950604557991028,0.29289326071739197,0.2987819314002991,0.0
1357,4,5558272,97.65023849564871,413.6135032190302,9.902964889013674,22.860239694011398,10,0,0,10,0.0,0.0,1.0,-0.0013182028887968045,0.04501974943252662,0.0,0.61476083798334,0.007812052426743321,0.1016845703125,1.8189092320681084,0.39486241713166237,0.0029296875,0.013671875,0.2970156546216458,0.2954573792521842,0.2990336298244074,0.2984389364719391,0.29700738191604614,0.2999502420425415,0.0
1358,4,5562368,97.66510167846637,393.6550223341283,10.40504951699404,22.87055827898439,16,0,0,16,0.0,0.0,1.0,0.0006630770258198027,0.0703361679632053,0.0,0.6361215780489147,0.0055957430304260924,0.08367919921875,1.9336988512804965,0.4020902127958834,0.003173828125,0.010986328125,0.29913066083099693,0.29791610955726355,0.2999604713404551,0.2994207739830017,0.2986217737197876,0.29999852180480957,0.0
1359,4,5566464,97.68070372589413,410.03956499696363,9.989279936999083,22.84502132300986,10,0,0,10,0.0,0.0,1.0,0.0008682757652422879,0.07640039833813717,0.0,0.6397601440548897,0.003996247141913045,0.03814697265625,2.1355161115934607,0.4025628329254687,0.002197265625,0.002197265625,0.2994916737661697,0.29894007433904335,0.29989486356498674,0.29960036277770996,0.29917198419570923,0.30000001192092896,0.0
1360,4,5570560,97.61367878898342,405.9886135447286,10.088952900026925,69.98335490899626,10,1,0,9,0.1,0.0,0.9,0.0013020545284234686,0.08767427400596262,0.0,0.642002436099574,0.005021306293201633,0.06243896484375,1.8070646283158567,0.39810965536162257,0.00439453125,0.004150390625,0.29971828626003116,0.2994210434262641,0.29998866526875645,0.2999603748321533,0.2998889684677124,0.30000001192092896,0.0
1361,4,5574656,97.62888024276006,403.07095771293825,10.161982454010285,22.84661116404459,9,0,0,9,0.0,0.0,1.0,-0.0013098003655613866,0.08243362942903332,0.0,0.6429506852291524,0.004979188812285429,0.09527587890625,2.017739183967933,0.4066623426042497,0.002685546875,0.003173828125,0.2998150381608866,0.2995669992524199,0.3000076350290328,0.2999156415462494,0.2997749149799347,0.30000001192092896,0.0
1362,4,5578752,97.6441949306641,403.9815329447472,10.13907732401276,22.852585151034873,12,0,0,12,0.0,0.0,1.0,-0.0011633132999122608,0.040515299865887755,0.0,0.6368849691934884,0.007697694665694144,0.08465576171875,1.9467416436527856,0.40339481784030795,0.001708984375,0.0,0.29920075077097863,0.2984359957044944,0.2998570195049979,0.29864245653152466,0.2973737418651581,0.2999412715435028,0.0
1363,4,5582848,97.65964837303106,406.41115522358075,10.078463514975738,22.821660266024992,10,0,0,10,0.0,0.0,1.0,-0.00036076368269277737,0.09841847683674132,0.0,0.631384928477928,0.006036359860445373,0.0643310546875,2.062569632253144,0.3974932702258229,0.002197265625,0.0,0.2986547857290134,0.2974137184792198,0.29973099200287834,0.29854315519332886,0.29718977212905884,0.30000001192092896,0.0
1364,4,5586944,97.67493909186146,402.03817102400365,10.188087338989135,22.796952017990407,14,0,0,14,0.0,0.0,1.0,0.0005069882608950138,0.08716897795829937,0.0,0.6370422979816794,0.00494377174982219,0.056640625,2.0646768921869807,0.39753389032557607,0.001708984375,0.0,0.29922060610260814,0.2983849343727343,0.29986491601448506,0.29923364520072937,0.29842036962509155,0.29975074529647827,0.0
1365,4,5591040,97.60843122893255,413.81751877982146,9.89808264299063,70.02031036402332,9,0,0,9,0.0,0.0,1.0,0.0007757773018965963,0.10733120641634741,0.0,0.634866401553154,0.005642285803332925,0.06427001953125,2.152798109455034,0.400249260943383,0.00244140625,0.0,0.29899767407914624,0.29831211670534685,0.2995704197091982,0.29819440841674805,0.2964884340763092,0.29939979314804077,0.0
1366,4,5595136,97.62400258520536,411.06658370892603,9.96432247798657,22.855370167992078,10,0,0,10,0.0,0.0,1.0,-0.0015702381970186252,0.06581502790095328,0.0,0.626757068792358,0.008163862617948325,0.09283447265625,1.8177351803169586,0.39475072734057903,0.001953125,0.0,0.2981960017932579,0.29632496915291995,0.2996480778674595,0.2985018193721771,0.2956395149230957,0.30000001192092896,0.0
1367,4,5599232,97.63938690310509,407.122557498499,10.060852498980239,22.85822796903085,10,0,0,10,0.0,0.0,1.0,-0.0001922590563481208,0.048912252951822666,0.0,0.6212778966873884,0.006361613668559585,0.05462646484375,2.013590062764706,0.3975781067274511,0.00146484375,0.0,0.2976619746768847,0.29379273881204426,0.2998788331169635,0.2969907224178314,0.2918352782726288,0.2999544143676758,0.0
1368,4,5603328,97.65461562891608,402.89102960676115,10.166520719008986,22.8333103969926,14,0,0,14,0.0,0.0,1.0,-0.00032589706825092435,0.11087220139779674,0.0,0.6055585741996765,0.0035580944932007696,0.058837890625,2.105567208956927,0.396023937035352,0.00244140625,0.0,0.2961305131902918,0.28954439918743446,0.29989330761600286,0.2958921790122986,0.28880417346954346,0.2996136248111725,0.0
1369,4,5607424,97.66986769472597,403.685938509995,10.1465015480062,22.829561053949874,10,0,0,10,0.0,0.0,1.0,0.0013973004533909261,0.07923186348307354,0.0,0.5976141768041998,0.0026780895532283466,0.04638671875,2.010530412895605,0.38985022716224194,0.00244140625,0.0,0.2953429837943986,0.28935271204682067,0.29975934379035607,0.2946089506149292,0.2900948226451874,0.29913750290870667,0.0
1370,4,5611520,97.60311158053752,397.1248990731792,10.314135450986214,69.90223853703355,15,0,0,15,0.0,0.0,1.0,0.0021428981017379556,0.09329227569992327,0.0,0.6052127087023109,0.0039047109239618294,0.04443359375,1.9963031117222272,0.3889193879440427,0.0029296875,0.0,0.2960837122518569,0.29311688523739576,0.2999712254968472,0.2969202697277069,0.2939993441104889,0.30000001192092896,0.0
1371,4,5615616,97.61891707971104,420.83338348686294,9.733068146975711,22.856193304993212,5,0,0,5,0.0,0.0,1.0,-0.0017782667491701432,0.08429898376016354,0.0,0.6047724110540003,0.009343325611553155,0.0811767578125,1.9956371794396546,0.3917068080045283,0.003662109375,0.0,0.2960279794642702,0.29315345734357834,0.2997788720531389,0.29574841260910034,0.2923584282398224,0.29963600635528564,0.0
1372,4,5619712,97.63405641624284,401.497873448729,10.201797496003564,22.829413916973863,12,0,0,12,0.0,0.0,1.0,-0.00011097579408669844,0.10074902473206748,0.0,0.6018324194010347,0.005664048807375366,0.0531005859375,2.0482000425690785,0.3946427325718105,0.001953125,0.0,0.29574326309375465,0.2917417572462,0.2995913502527401,0.2958327531814575,0.29179078340530396,0.2989720106124878,0.0
1373,4,5623808,97.64966053396351,413.1979087668775,9.912925290991552,22.83439987001475,10,0,0,10,0.0,0.0,1.0,9.720661910250783e-05,0.08646590405783172,0.0,0.6071165895555168,0.008139206536725396,0.07452392578125,2.0533965611539315,0.39583572559058666,0.0029296875,0.0,0.29625346179818735,0.2944633543957025,0.29819520883029327,0.2970697283744812,0.29697635769844055,0.29712092876434326,0.0
1374,4,5627904,97.6649660269766,407.0767358701013,10.061984975007363,22.8510455529904,13,0,0,13,0.0,0.0,1.0,-0.0009813129909161944,0.08005455072543555,0.0,0.6111471329350024,0.00641748117050156,0.06756591796875,2.0822795850690454,0.3954932978376746,0.003173828125,0.0,0.2966430688975379,0.29582481691613793,0.29735838616034016,0.2958466410636902,0.29534685611724854,0.29671511054039,0.0
1375,4,5632000,97.59856936515517,401.34905178364534,10.205580359033775,69.94486825895729,12,0,0,12,0.0,0.0,1.0,-0.00016400829554186203,0.05292839984224429,0.0,0.6066720278467983,0.008139176115946611,0.08392333984375,1.8779142645653337,0.3955628969706595,0.001220703125,0.0,0.2962071134825237,0.29434353118995205,0.2980805108672939,0.29596027731895447,0.29302987456321716,0.29960933327674866,0.0
1376,4,5636096,97.61347200617861,396.1338659642324,10.339938974997494,22.81055485905381,12,0,0,12,0.0,0.0,1.0,0.0017616644327063113,0.015452314427477631,0.0,0.586262495489791,0.0055222979208338074,0.068359375,1.9077675512962742,0.39236852433532476,0.001708984375,0.0,0.2942268037586473,0.2894788716221228,0.2999798413948156,0.29322192072868347,0.2869853377342224,0.30000001192092896,0.0
1377,4,5640192,97.62915082972147,416.08751482543437,9.844082925003022,22.836899243004154,6,0,0,6,0.0,0.0,1.0,0.0012345345676294528,0.037280575587146814,0.0,0.582929078489542,0.0051604091822810005,0.06414794921875,2.001202864921652,0.3945896318182349,0.00244140625,0.0,0.2939170802710578,0.28725699963979423,0.299789788085036,0.29445958137512207,0.28880444169044495,0.2995814383029938,0.0
1378,4,5644288,97.64408169019879,399.6968029250885,10.247767733002547,22.865667220961768,14,0,0,14,0.0,0.0,1.0,-0.004409040691825794,0.07533190226990882,0.0,0.5889760756399482,0.006525258144392865,0.09283447265625,1.9853799220873043,0.3940772754140198,0.002685546875,0.0,0.2944852653890848,0.28927501261932775,0.2980142371961847,0.29482710361480713,0.2906267046928406,0.29744815826416016,0.0
1379,4,5648384,97.65944455171889,409.60385547690703,9.999905873031821,22.84740003501065,8,0,0,8,0.0,0.0,1.0,0.0010704058040573727,0.05487815706726451,0.0,0.5966776846908033,0.005784946701169247,0.05926513671875,1.9381545060314238,0.3935534115880728,0.002197265625,0.0,0.2952462495304644,0.28958662395598367,0.29832284164149314,0.29567259550094604,0.2890414297580719,0.29943013191223145,0.0
1380,4,5652480,97.5933084837006,401.16012770655135,10.210386618971825,69.9349582750001,13,0,0,13,0.0,0.0,1.0,-0.0005015349415771198,0.038835483670709436,0.0,0.6037838845513761,0.004297329203836853,0.08367919921875,1.9573696605075384,0.4003537595272064,0.00244140625,0.0,0.29595760646043345,0.28928495792206377,0.29974084038985893,0.29587894678115845,0.28863489627838135,0.30000001192092896,0.0
1381,4,5656576,97.60809998012955,398.80450649702595,10.270696376974229,22.855497992015444,13,0,0,13,0.0,0.0,1.0,-0.002137367206159979,0.06645094696250453,0.0,0.6078192831482738,0.007279132190888049,0.0552978515625,1.9200541445316048,0.3959188708104193,0.00244140625,0.0,0.2963492211420089,0.29055291903205216,0.2999587894883007,0.2962544858455658,0.291597455739975,0.2999234199523926,0.0
1382,4,5660672,97.62317648746865,402.18220079554357,10.18443877401296,22.822002861008514,14,0,0,14,0.0,0.0,1.0,-0.003701563351569348,0.027549173668603544,0.0,0.6015542584937066,0.005361616309528472,0.1151123046875,1.8661056503478903,0.4014611463062465,0.00146484375,0.0,0.29572319018188864,0.2901062596356496,0.2995219738804735,0.2948104739189148,0.28872808814048767,0.299119234085083,0.0
1383,4,5664768,97.63885331670646,417.96521205453416,9.799858652986586,22.839555484009907,5,0,0,5,0.0,0.0,1.0,-0.00279983405926032,0.1027768042590651,0.0,0.5995417812373489,0.009485921778832562,0.1129150390625,1.9819100564345717,0.3973691249266267,0.0009765625,0.0,0.2955301571637392,0.29027439636411145,0.2998278536833823,0.2958832383155823,0.29142966866493225,0.30000001192092896,0.0
1384,4,5668864,97.65396064197341,404.51328292591165,10.125749073980842,22.841732873988803,13,0,0,13,0.0,0.0,1.0,-0.0024770781710685696,0.05200188394678662,0.0,0.6047533799428493,0.008260506099759368,0.10919189453125,2.0021848289761692,0.40866793878376484,0.00146484375,0.0,0.2960253279306926,0.2925444392603822,0.2984192091971636,0.2965730130672455,0.29416361451148987,0.2981550395488739,0.0
1385,4,5672960,97.58789392377865,400.9473913482324,10.215804088977166,70.03917812602594,8,0,0,8,0.0,0.0,1.0,-0.0004421238463692134,0.07334834173161653,0.0,0.6163443920668215,0.007987607143149944,0.11114501953125,1.9282733450818341,0.40278124576434493,0.00244140625,0.0,0.29717093554791063,0.2945073063019663,0.2996826249291189,0.29748135805130005,0.2946230173110962,0.2999765872955322,0.0
1386,4,5677056,97.60276919493998,399.3766891728827,10.255981661030091,22.84923496400006,13,0,1,12,0.0,0.07692307692307693,0.9230769230769231,-0.0023366401001112536,0.1908258105031564,0.0,0.6166443913243711,0.004082361403561663,0.06976318359375,1.9616650251555257,0.40369674237444997,0.004150390625,0.0,0.297194539103657,0.2951836583088152,0.2996706455014646,0.2970811128616333,0.29599785804748535,0.29866600036621094,0.0
1387,4,5681152,97.61789088548957,404.73156971057244,10.120287880999967,22.828009807970375,14,0,0,14,0.0,0.0,1.0,-0.003363875371633185,0.02516352086263396,0.0,0.604440281400457,0.0048923301401373465,0.0767822265625,1.7135113359545358,0.39908485673367977,0.001708984375,0.0,0.29597995994845405,0.29483234870713204,0.29765197477536276,0.29475006461143494,0.2932998239994049,0.29642611742019653,0.0
1388,4,5685248,97.63274422026012,398.67918372769685,10.273924918030389,22.823978172033094,12,0,0,12,0.0,0.0,1.0,-0.0018987279581779148,0.06109664510739776,0.0,0.6072687124833465,0.009040406155691016,0.07098388671875,1.8581926825281698,0.40004665311425924,0.001220703125,0.0,0.29627772088861093,0.29368659935425967,0.2991657060338184,0.29659512639045715,0.29283061623573303,0.30000001192092896,0.0
1389,4,5689344,97.64790838368617,406.8413740642181,10.067805933998898,22.834793242975138,10,0,2,8,0.0,0.2,0.8,0.0011039127057301812,0.21432724153635263,0.0,0.6200868987943977,0.005287036903609987,0.04241943359375,1.7638649737345986,0.39902574196457863,0.002685546875,0.0,0.2975460271118209,0.29415600624633953,0.2999802741105668,0.2980484366416931,0.2942413091659546,0.30000001192092896,0.0
1390,4,5693440,97.58272440130754,417.7713838854599,9.804405370960012,70.06880490097683,7,0,0,7,0.0,0.0,1.0,-0.0009789901960175484,0.06898993109041385,0.0,0.6291978610679507,0.005259794688754482,0.0863037109375,1.9037410480668768,0.4019547360949218,0.001708984375,0.0,0.29844554467126727,0.2962825221475214,0.2999583334894851,0.29914769530296326,0.29791173338890076,0.2999972701072693,0.0
1391,4,5697536,97.59765638173387,405.6116453933575,10.098329390981235,22.88164366700221,12,0,1,11,0.0,0.08333333333333333,0.9166666666666666,0.0005775309182354249,0.1533320728601666,0.0,0.64083346654661,0.005066929435997736,0.05072021484375,1.8380080834322143,0.4027516837231815,0.00341796875,0.0,0.2995978628168814,0.2992297427263111,0.29986843129154295,0.29968973994255066,0.29955482482910156,0.29989251494407654,0.0
1392,4,5701632,97.61270124346882,407.2541242864677,10.057602257991675,22.905496347986627,11,0,1,10,0.0,0.09090909090909091,0.9090909090909091,0.0014720817671332043,0.12747203366143367,0.0,0.6414841250516474,0.0027125342421641108,0.0675048828125,1.9367130340251606,0.39995707431808114,0.001708984375,0.0,0.29966192453866825,0.2994179644738324,0.2998969626496546,0.299432635307312,0.2991567552089691,0.29971933364868164,0.0
1393,4,5705728,97.62733617782955,395.99311102677956,10.343614285055082,22.854827207047492,13,0,1,12,0.0,0.07692307692307693,0.9230769230769231,0.00011862821338581853,0.13801668478254214,0.0,0.6291611436754465,0.006302333666099003,0.0621337890625,1.7672488111420535,0.4051122050732374,0.001953125,0.0,0.2984303011908196,0.296901713591069,0.29953557695262134,0.2972090244293213,0.2947867810726166,0.29892727732658386,0.0
1394,4,5709824,97.64262934236596,412.12009181798663,9.938850547012407,22.855650626996066,11,0,0,11,0.0,0.0,1.0,0.00041905223770299926,0.07048225272581021,0.0,0.622573209926486,0.004308507825044217,0.05523681640625,1.8491449338325765,0.3926026104018092,0.00244140625,0.0,0.2977872601477429,0.29501226014690474,0.29994986311066896,0.2972966432571411,0.2938501238822937,0.30000001192092896,0.0
1395,4,5713920,97.57733497900804,401.57766735723584,10.199770388018806,69.88883021002403,11,0,0,11,0.0,0.0,1.0,2.923632928286679e-05,0.033092024346728977,0.0,0.6111831753514707,0.005241606835625134,0.0477294921875,1.898783728480339,0.3989075687713921,0.00146484375,0.0,0.29666445776820183,0.29294779896736145,0.2999778605881147,0.2963714003562927,0.2922222316265106,0.30000001192092896,0.0
1396,4,5718016,97.59297032093627,422.03900567146707,9.705264075018931,22.88272789499024,7,0,0,7,0.0,0.0,1.0,0.0009554528296575882,0.0688778418923448,0.0,0.610845556249842,0.006085980938223656,0.04644775390625,2.169013249440468,0.39928922755643725,0.002197265625,0.0,0.2966297984821722,0.29293977009365335,0.29952550411690027,0.2965998351573944,0.2933143675327301,0.2991586923599243,0.0
1397,4,5722112,97.60767659392432,397.92767095417923,10.293327905994374,22.842133347992785,15,0,0,15,0.0,0.0,1.0,-0.00022196094869286753,0.12108045025888714,0.0,0.6080957863014191,0.005454957670735894,0.0531005859375,2.1267140923882835,0.3990250355564058,0.001953125,0.0,0.29635280498769134,0.29283024749020115,0.2989122796570882,0.29596811532974243,0.2915714383125305,0.29934370517730713,0.0
1398,4,5726208,97.62262380292636,404.6988628149133,10.121105780999642,22.859485007997137,9,0,0,9,0.0,0.0,1.0,-0.0017541782544867601,0.07408369153972671,0.0,0.6057071490213275,0.006753946174285375,0.07257080078125,1.9614406261825934,0.3947919919155538,0.00244140625,0.0,0.2961424248642288,0.29015128390165046,0.2999315725173801,0.2963021397590637,0.28927528858184814,0.30000001192092896,0.0
1399,4,5730304,97.63729541571364,396.71210650628376,10.32486766303191,22.811299333989155,13,0,1,12,0.0,0.07692307692307693,0.9230769230769231,-0.0018997484476130921,0.1334259957438917,0.0,0.5923616345971823,0.0077479468782257754,0.07916259765625,1.8116548777761636,0.39996626507490873,0.0029296875,0.0,0.2948235054500401,0.2883923758054152,0.29870095365913585,0.29310154914855957,0.28616639971733093,0.2975221574306488,0.0
1400,4,5734400,97.57255425872866,411.2388535325212,9.960148378042504,69.94258587999502,10,0,0,10,0.0,0.0,1.0,-0.0014916099244146608,0.039139658905355645,0.0,0.577489948598668,0.005585085622442421,0.07666015625,1.8364506532088853,0.39003851544111967,0.002197265625,0.0,0.2933838173048571,0.28650182159617543,0.2994584799162112,0.2924882173538208,0.2855483889579773,0.2999780476093292,0.0
1401,4,5738496,97.58713240204185,398.2758408584817,10.284329552028794,22.850290521979332,11,0,0,11,0.0,0.0,1.0,-0.00046829075654386543,0.08752081888610519,0.0,0.5771715689916164,0.007579453296784777,0.09027099609375,1.9798911214165855,0.3876871899701655,0.002685546875,0.0,0.2933660979033448,0.28602160461014137,0.2999747690046206,0.29385310411453247,0.28591370582580566,0.30000001192092896,0.0
1402,4,5742592,97.60246075136699,415.6920508927524,9.853447981993668,22.876613239001017,8,0,0,8,0.0,0.0,1.0,-0.0029980949038872495,0.07443856271402183,0.0,0.5951647311449051,0.0071597092028241605,0.0865478515625,1.871545657661045,0.3981944536790252,0.001220703125,0.0,0.2951422350597568,0.2864944158936851,0.2999744091066532,0.2955097556114197,0.2866400480270386,0.2999936640262604,0.0
1403,4,5746688,97.61708964417437,397.1871907160465,10.312517864978872,22.829172535974067,15,0,0,15,0.0,0.0,1.0,-0.002535804971557809,0.09431716187555139,0.0,0.5938086037058383,0.01138894354517106,0.12060546875,2.1224714867421426,0.3951129587367177,0.00244140625,0.0,0.29501819115830585,0.28534053277689964,0.29996363690588623,0.29491138458251953,0.2847861051559448,0.30000001192092896,0.0
1404,4,5750784,97.63232866524996,411.7446293418218,9.947913604963105,22.815851894032676,10,0,0,10,0.0,0.0,1.0,0.000221945079829311,0.06175744439906339,0.0,0.592975927516818,0.003728507483174326,0.05126953125,1.996305830325582,0.39307326916605234,0.00390625,0.0,0.29491092183161527,0.2867369019659236,0.2993021276779473,0.2943996787071228,0.2866270840167999,0.29887261986732483,0.0
1405,4,5754880,97.56757233349886,402.049504556241,10.187800142972264,69.87014697800623,14,0,0,14,0.0,0.0,1.0,-0.0003252454298490193,0.1293539813850657,0.0,0.5930447820574045,0.0064091786080098245,0.071533203125,2.0880587446154095,0.39321434358134866,0.00244140625,0.0,0.2949063616688363,0.287718225910794,0.2992312563001178,0.2953457832336426,0.28835630416870117,0.2997429668903351,0.0
1406,4,5758976,97.58311981148502,419.6393323769199,9.760762836027425,22.814964500954375,6,0,0,6,0.0,0.0,1.0,0.0007636053196620196,0.07738753799242204,0.0,0.6118170092813671,0.007232823711092351,0.0703125,1.9886704418167938,0.389666760340333,0.0029296875,0.0,0.29674640437588096,0.291019655240234,0.29987884004367515,0.2971510887145996,0.2916678488254547,0.2999125123023987,0.0
1407,4,5763072,97.59812975221243,408.2279338320686,10.033610295969993,22.857106935000047,11,0,0,11,0.0,0.0,1.0,-0.0009274119511246681,0.08383294544796627,0.0,0.6099125116597861,0.0020001029115519486,0.060791015625,1.9900101968669333,0.39453028654679656,0.00244140625,0.0,0.296559541427996,0.2900737961754203,0.2999348801677115,0.2958105504512787,0.2877388894557953,0.29999440908432007,0.0
1408,4,5767168,97.61308197413842,406.6819224322506,10.07175331399776,22.843920197046828,10,0,0,10,0.0,0.0,1.0,0.0005111793143441901,0.047856993487073396,0.0,0.6066644967067987,0.007020086297416128,0.0509033203125,1.9196669485827442,0.3987700305879116,0.001708984375,0.0,0.296243506425526,0.28956173814367503,0.2997770808869973,0.29690033197402954,0.2910851240158081,0.2998819351196289,0.0
1409,4,5771264,97.62757773430842,396.3445995309799,10.334441303974018,22.847579615947325,14,0,0,14,0.0,0.0,1.0,-0.00010516999464016408,0.04696864829998049,0.0,0.6228479424025863,0.006313463465630775,0.0682373046875,1.7914999783679377,0.3942545964382589,0.00341796875,0.0,0.2978278578957543,0.29375031974632293,0.29993259033653885,0.2985648810863495,0.29569458961486816,0.30000001192092896,0.0
1410,4,5775360,97.56344556635874,410.72157535576656,9.972692562965676,69.85056735598482,11,0,0,11,0.0,0.0,1.0,0.00021823274437338114,0.07729230985364666,0.0,0.6311397331301123,0.00509008067092509,0.05926513671875,2.002888256480219,0.40145388431847095,0.00244140625,0.0,0.2986397925997153,0.29635877505643293,0.3000175538472831,0.29822105169296265,0.2956441342830658,0.30000001192092896,0.0
1411,4,5779456,97.57785091501071,394.7925431273665,10.375069315021392,22.801032883988228,13,0,0,13,0.0,0.0,1.0,0.00174326973137795,0.10624051341937957,0.0,0.6296197499614209,0.005177067672775593,0.04656982421875,2.151703214040026,0.40128050185739994,0.00146484375,0.0,0.2984880509902723,0.2958509644959122,0.2999740036902949,0.29859936237335205,0.2962130010128021,0.30000001192092896,0.0
1412,4,5783552,97.59309277306635,414.95853488168785,9.870865774981212,22.848204896959942,7,0,0,7,0.0,0.0,1.0,0.0009718130095279776,0.0733675648980352,0.0,0.6245756840799004,0.004723083413409768,0.04425048828125,1.981519141321769,0.3975904490798712,0.001708984375,0.0,0.2979903874802403,0.2942011224804446,0.29999785649124533,0.29775047302246094,0.29326295852661133,0.30000001192092896,0.0
1413,4,5787648,97.6080169396331,407.22425321888863,10.058340011979453,22.843307495990302,12,0,0,12,0.0,0.0,1.0,-0.004378167341201333,0.06036514192805953,0.0,0.6083100729156286,0.011902965281478828,0.10479736328125,1.766111117816763,0.3948172749951482,0.0029296875,0.0,0.296401773695834,0.2898177784518339,0.29994179628556594,0.29586899280548096,0.2878905236721039,0.2999366819858551,0.0
1414,4,5791744,97.62316867954364,414.31320539628086,9.886240522027947,22.867143703973852,9,0,0,9,0.0,0.0,1.0,-0.0020478651094890665,0.06493072887155904,0.0,0.6137537858448923,0.007897726824012352,0.07757568359375,1.7057817328022793,0.3996970010921359,0.00244140625,0.0,0.2969471390824765,0.2909042006940581,0.3000222770497203,0.2973797023296356,0.2922805845737457,0.30000001192092896,0.0
1415,4,5795840,97.55897888301863,403.3066676896236,10.156043349008542,69.84717127698241,12,0,0,12,0.0,0.0,1.0,-0.004472709610126913,0.0303200824207579,0.0,0.6112357315141708,0.009195434369758004,0.10888671875,1.704067541169934,0.39312499994412065,0.001220703125,0.0,0.2966644181869924,0.2925530642387457,0.2990276107448153,0.29563993215560913,0.2917226254940033,0.29821106791496277,0.0
1416,4,5799936,97.5737963997879,404.40046258566156,10.12857397296466,22.82711937703425,14,0,0,14,0.0,0.0,1.0,0.0006604279897146625,0.09622401505066591,0.0,0.6027311424259096,0.004204017724987352,0.041015625,2.05439950019354,0.39526047417894006,0.001953125,0.0,0.2958346607047133,0.2910112753743306,0.29875297693070024,0.2961444556713104,0.29047033190727234,0.29991379380226135,0.0
1417,4,5804032,97.58827321651968,397.31474091342375,10.309207230980974,22.84441350697307,12,0,0,12,0.0,0.0,1.0,0.00027113490432384424,0.030033993975450812,0.0,0.6008486307691783,0.003087345412495779,0.04779052734375,1.6577226933732163,0.4001445723697543,0.001220703125,0.0,0.29566994233755395,0.2886150910053402,0.2994790746597573,0.29562270641326904,0.28733736276626587,0.29993101954460144,0.0
1418,4,5808128,97.60314117390962,408.81379971690217,10.01923125598114,22.885934541991446,7,0,0,7,0.0,0.0,1.0,-0.005533741888939403,0.03926971755413433,0.0,0.6008633160963655,0.005769163813965861,0.12451171875,1.6101565264252713,0.39164069667458534,0.00244140625,0.0,0.295694264175836,0.28732284175930545,0.2999876451212913,0.295681893825531,0.28707611560821533,0.30000001192092896,0.0
1419,4,5812224,97.61791971022058,405.5988715335147,10.098647425998934,22.850816560036037,11,0,0,11,0.0,0.0,1.0,-0.0023502996846218593,0.0777908177358313,0.0,0.5966369183734059,0.004472699140023906,0.08251953125,1.8922643839323428,0.3972896309569478,0.002197265625,0.0,0.2952623382443562,0.2878899227362126,0.2998784676892683,0.29510635137557983,0.288166344165802,0.30000001192092896,0.0
1420,4,5816320,97.55402077066917,409.50090352351134,10.002419933036435,69.96840700198663,9,0,0,9,0.0,0.0,1.0,-0.0036544453250826336,0.05623355921318307,0.0,0.5974051314406097,0.008087731090199668,0.10479736328125,1.743116527912207,0.39423716999590397,0.001953125,0.0,0.2953534652478993,0.2870314493775368,0.2999212272115983,0.29502925276756287,0.28548523783683777,0.2998359799385071,0.0
1421,4,5820416,97.56868417983134,403.5810920848726,10.149137509986758,22.809089293004945,14,0,0,14,0.0,0.0,1.0,-0.00039379356167046353,0.06427918493943707,0.0,0.5962847883347422,0.007952795353048714,0.0556640625,1.9948144688096363,0.40139362635090947,0.00244140625,0.0,0.2952248596120626,0.28811135416617617,0.2996710045263171,0.29527127742767334,0.2898814082145691,0.29948702454566956,0.0
1422,4,5824512,97.58319618212394,400.74839233725106,10.220876935054548,22.881412210001145,12,0,0,12,0.0,0.0,1.0,-5.195802805246785e-05,0.10933621965978091,0.0,0.6040407381951809,0.005394647680077469,0.05352783203125,2.012419965612935,0.3918794533237815,0.0029296875,0.0,0.2959780436940491,0.29004252527374774,0.2998391867149621,0.2964269518852234,0.29014211893081665,0.29958319664001465,0.0
1423,4,5828608,97.59791955877544,404.1707717585742,10.134330056025647,22.828550623962656,13,0,0,13,0.0,0.0,1.0,0.0016277236391033512,0.10058660764343585,0.0,0.620023523690179,0.005126116637256928,0.061767578125,2.022980381909292,0.3991833399049938,0.002197265625,0.0,0.29754728748230264,0.29367750888923183,0.2999063323950395,0.29811519384384155,0.29702502489089966,0.29955121874809265,0.0
1424,4,5832704,97.61287615217222,409.08116101303443,10.012683033011854,22.797060667013284,10,0,0,10,0.0,0.0,1.0,0.0005471593867696356,0.07057845793417528,0.0,0.6296859888825566,0.00718525615229737,0.072509765625,1.8722364209534135,0.3947677821852267,0.00146484375,0.0,0.29848871077410877,0.2973786703078076,0.2999047657940537,0.2984845042228699,0.29770928621292114,0.30000001192092896,0.0
1425,4,5836800,97.54942325762752,416.4437396783263,9.835662322991993,70.00618188397493,7,0,0,7,0.0,0.0,1.0,-0.0017178085472551174,0.0746505908459767,0.0,0.6330753616057336,0.008528874863259261,0.08367919921875,1.962244807247771,0.4046576567925513,0.002197265625,0.0,0.29883094038814306,0.29704491078155115,0.2999728053691797,0.2986854910850525,0.2961978018283844,0.30000001192092896,0.0
1426,4,5840896,97.56441409502337,411.0185052151749,9.965488045010716,22.822615105018485,12,0,0,12,0.0,0.0,1.0,-0.0019195933055016212,0.06726986976025273,0.0,0.6259974765125662,0.006896193903230596,0.0697021484375,1.707635841172305,0.4021804970689118,0.003662109375,0.0,0.2981295964564197,0.2945986710838042,0.299983871052973,0.29707640409469604,0.29236525297164917,0.29985880851745605,0.0
1427,4,5844992,97.57908239612628,405.0960841334761,10.111181421962101,22.864665764034726,11,0,0,11,0.0,0.0,1.0,-0.003882859367877245,0.04143318605963486,0.0,0.6179260895587504,0.007851137292163912,0.097412109375,1.7799854212353239,0.40135329915210605,0.001708984375,0.0,0.29732965328730643,0.2944400431588292,0.29995224461890757,0.29736608266830444,0.29552340507507324,0.30000001192092896,0.0
1428,4,5849088,97.59348417072884,398.8686348654301,10.269045098975766,22.86066960595781,13,0,0,13,0.0,0.0,1.0,-0.0037345635228120955,0.034759802862708966,0.0,0.6132193342782557,0.008773804995144019,0.0814208984375,1.4272394965519197,0.39254104997962713,0.00244140625,0.0,0.2968591339304112,0.29409171832958236,0.29990802775137126,0.2962438464164734,0.2929910123348236,0.30000001192092896,0.0
1429,4,5853184,97.6081665882914,406.0757184213334,10.086788779008202,22.860838780994527,12,0,0,12,0.0,0.0,1.0,0.00014917762018740177,0.06350808550416787,0.0,0.6176145614590496,0.005024585181672592,0.0526123046875,1.7982754176046,0.396928608417511,0.002197265625,0.0,0.297304228937719,0.2938299657544121,0.299924984050449,0.2985458970069885,0.2956376075744629,0.30000001192092896,0.0
1430,4,5857280,97.54476446242015,407.6075081954582,10.0488826080109,69.90228785004001,9,0,0,9,0.0,0.0,1.0,-7.534514861617936e-05,0.02824635388466845,0.0,0.6243511708453298,0.004886140039161546,0.06494140625,1.7130138021166204,0.4033975424245,0.00146484375,0.0,0.2979568655719049,0.29572926135733724,0.29947857471415773,0.2975591719150543,0.29558223485946655,0.2999841570854187,0.0
1431,4,5861376,97.55971365147855,415.046424626743,9.868775531998836,22.854690171021502,7,0,0,7,0.0,0.0,1.0,0.0003752184229597333,0.009631925541157216,0.0,0.6118853073567152,0.003580648550268961,0.04443359375,1.5648546431475552,0.40349143324419856,0.003173828125,0.0,0.29672387265600264,0.2943826587870717,0.2997560004587285,0.29605990648269653,0.29403606057167053,0.2992081344127655,0.0
1432,4,5865472,97.57418988342275,400.2759352208489,10.232940927962773,22.830888341006357,15,0,1,14,0.0,0.06666666666666667,0.9333333333333333,-0.0030878975903760875,0.11997469507082315,0.0,0.6079458135645837,0.006786406978790183,0.0633544921875,1.5038228085759329,0.395488821901381,0.001953125,0.0,0.29633616597857326,0.2942731765797362,0.29932420555269346,0.2959858179092407,0.2934720516204834,0.2987460494041443,0.0
1433,4,5869568,97.58921134554146,415.302894200145,9.862681086990051,22.855105397000443,9,0,0,9,0.0,0.0,1.0,-0.0008789516359684058,0.04262467835502548,0.0,0.6210920808371156,0.009409886235516751,0.1099853515625,1.723756367660826,0.3965985872782767,0.002685546875,0.0,0.297640556236729,0.29578433162532747,0.2994071557186544,0.2984369397163391,0.29690781235694885,0.30000001192092896,0.0
1434,4,5873664,97.60328794921944,393.4310632684284,10.410972549987491,22.87957693298813,15,0,1,14,0.0,0.06666666666666667,0.9333333333333333,0.00033888853795360774,0.15133176049005215,0.0,0.6393012404441833,0.006059673934942111,0.07391357421875,1.830677123478381,0.40200454788282514,0.00341796875,0.0,0.2994534445460886,0.29863128007855266,0.3000129457213916,0.2997836768627167,0.29942622780799866,0.30000001192092896,0.0
1435,4,5877760,97.54034742529227,413.58622242774027,9.903618103999179,69.90341385098873,9,0,0,9,0.0,0.0,1.0,-0.000793693292507669,0.0498303365029642,0.0,0.6349513055756688,0.005335008067049785,0.08184814453125,1.9815736501768697,0.40088832285255194,0.001953125,0.0,0.29901178571162745,0.2974509683554061,0.29991906497161835,0.29850348830223083,0.29560622572898865,0.30000001192092896,0.0
1436,4,5881856,97.55495843154033,403.77499152725574,10.144263725960627,22.816052585025318,11,0,0,11,0.0,0.0,1.0,-0.0031682103690400254,0.041820043808343144,0.0,0.6297528783325106,0.007773998819175176,0.1201171875,1.7895876688708086,0.39920713659375906,0.00146484375,0.0,0.2984997352468781,0.2958937752409838,0.29994696140056476,0.29843080043792725,0.29529502987861633,0.30000001192092896,0.0
1437,4,5885952,97.56999187667597,416.9406522884798,9.823940115980804,22.86553366604494,8,0,0,8,0.0,0.0,1.0,-0.004470547246455681,0.09502683616983632,0.0,0.6244026289787143,0.009232711858203402,0.12481689453125,1.933156784856692,0.39463361632078886,0.002197265625,0.0,0.29796767770312726,0.29466273117577657,0.299868953647092,0.29764851927757263,0.293626993894577,0.30000001192092896,0.0
1438,4,5890048,97.5843501250582,399.4909678678528,10.25304782699095,22.843912402982824,15,0,0,15,0.0,0.0,1.0,-0.0017887951944430824,0.10968773064610104,0.0,0.6133800323586911,0.007949330138217192,0.0938720703125,2.04805504437536,0.3965859403833747,0.001953125,0.0,0.2968895435333252,0.29173106321832165,0.29987019393593073,0.2964600920677185,0.29018253087997437,0.2999115586280823,0.0
1439,4,5894144,97.59927433602093,414.24102203134163,9.887963243993,22.849216957984027,9,0,0,9,0.0,0.0,1.0,-0.0010666410526027903,0.1180337865475849,0.0,0.6134004578925669,0.005468770566949388,0.0888671875,2.0829041282995604,0.3979746582917869,0.00244140625,0.0,0.2968993201502599,0.2912234942195937,0.29989018000196666,0.29695796966552734,0.29154402017593384,0.2998623847961426,0.0
1440,4,5898240,97.53624810618315,400.7748472483997,10.22020226099994,69.78209008002887,12,0,0,12,0.0,0.0,1.0,-0.0004485184654186014,0.0782761178659257,0.0,0.6177359852008522,0.006105557527916972,0.0714111328125,1.9579762189823668,0.39251319924369454,0.002685546875,0.0,0.29732497449731454,0.29232502105878666,0.29993378272047266,0.2974523603916168,0.2935982346534729,0.2994953691959381,0.0
1441,4,5902336,97.55099937483163,411.3190094957632,9.958207389980089,22.82455977302743,9,0,0,9,0.0,0.0,1.0,-0.003109566321654711,0.0868682564878327,0.0,0.6312408144585788,0.006942311541934032,0.063232421875,1.9563514402834699,0.3948025652207434,0.001708984375,0.0,0.29864951979834586,0.29641992785036564,0.29989806353114545,0.29955634474754333,0.29897940158843994,0.29993006587028503,0.0
1442,4,5906432,97.5654431268182,403.82672096657944,10.142964264960028,22.88077304599574,11,0,0,11,0.0,0.0,1.0,-0.0014365460519911721,0.041881736965706295,0.0,0.6352008334361017,0.00231157632151735,0.08660888671875,1.8676708406419493,0.4020005790516734,0.001708984375,0.0,0.29903607768937945,0.29741369507974014,0.2999457992846146,0.29848846793174744,0.2959166169166565,0.30000001192092896,0.0
1443,4,5910528,97.58010872133222,409.03513099207413,10.013809791998938,22.86270749097457,10,0,0,10,0.0,0.0,1.0,-0.0019405525490583386,0.05045445657799519,0.0,0.6240666445810348,0.005422093996457988,0.0855712890625,1.8600708280864637,0.39505942771211267,0.00048828125,0.0,0.29792920872569084,0.29584484902443364,0.2998149290215224,0.2978392541408539,0.29661092162132263,0.2998338043689728,0.0
1444,4,5914624,97.59439585829739,399.50035781483894,10.25280683703022,22.84876633499516,15,0,0,15,0.0,0.0,1.0,-0.0009866283035080414,0.10135115399293682,0.0,0.6390904488507658,0.008142245449562324,0.06427001953125,1.881768537714379,0.39837481547147036,0.001953125,0.0,0.299433701322414,0.2988626665319316,0.3000123673118651,0.29976606369018555,0.29929816722869873,0.30000001192092896,0.0
1445,4,5918720,97.5318442635883,410.1756498180408,9.985965772997588,69.86365818197373,12,0,0,12,0.0,0.0,1.0,-0.0027626018891169224,0.07267660302625245,0.0,0.6306730594951659,0.008031571604078636,0.09661865234375,1.8604731276864186,0.40059741400182247,0.003173828125,0.0,0.2985818177112378,0.29756176145747304,0.2996959667070769,0.2981819808483124,0.2965334951877594,0.2999877631664276,0.0
1446,4,5922816,97.54604232199365,398.50999657390275,10.278286706015933,22.87850236298982,12,0,1,11,0.0,0.08333333333333333,0.9166666666666666,-0.0009074278495972976,0.10856783823095384,0.0,0.6348446696065366,0.005273287981253816,0.04876708984375,1.4043020360695664,0.4041101192124188,0.002197265625,0.0,0.29900184681173414,0.29812112991930917,0.2998676377465017,0.2994782626628876,0.299395352602005,0.29952147603034973,0.0
1447,4,5926912,97.56117791604582,422.17566015078137,9.702122567978222,22.860892620985396,5,0,0,5,0.0,0.0,1.0,0.0002969151391880587,0.0534329101478761,0.0,0.6390858381055295,0.004845109415327897,0.055908203125,1.8762440643913578,0.4167485083453357,0.001953125,0.0,0.29942546028178185,0.298926540534012,0.29993479943368584,0.29951992630958557,0.29870861768722534,0.30000001192092896,0.0
1448,4,5931008,97.57556674834326,402.8511367853303,10.167527471028734,22.850699463044293,12,0,0,12,0.0,0.0,1.0,-0.0042715032504929695,0.07249057830142647,0.0,0.6421955220866948,0.004990547149645863,0.11083984375,1.8183219782367814,0.4022534298710525,0.001953125,0.0,0.2997361409943551,0.29941497679101303,0.29996447905432433,0.2997630834579468,0.29950451850891113,0.29990556836128235,0.0
1449,4,5935104,97.59028304594605,411.70546342689255,9.948859959025867,22.855445889988914,11,0,2,9,0.0,0.18181818181818182,0.8181818181818182,-0.0024452635625493713,0.29975255835961434,0.0,0.6392229308839887,0.006967664583498845,0.073486328125,1.8774163062334992,0.4123871335759759,0.0029296875,0.0,0.29944117431296036,0.29848717455752194,0.3000061211641878,0.2993244230747223,0.2979731857776642,0.30000001192092896,0.0
1450,4,5939200,97.52771590476358,400.7500600138082,10.220834402018227,69.77520395000465,14,0,2,12,0.0,0.14285714285714285,0.8571428571428571,0.0001892165601020679,0.242265897213656,0.0,0.6258384536486119,0.006772436528990511,0.0863037109375,1.8403723310329951,0.4100501104258001,0.0009765625,0.0,0.2981047165230848,0.295682669559028,0.29990167974028736,0.29727184772491455,0.29421254992485046,0.2999851405620575,0.0
1451,4,5943296,97.54192576289819,401.07412479986704,10.21257604699349,22.84545387997059,12,0,1,11,0.0,0.08333333333333333,0.9166666666666666,0.00036548468233377207,0.08846608427825231,0.0,0.6263840321917087,0.005472352509968914,0.064697265625,1.7738417489745189,0.4047242761589587,0.001953125,0.0,0.29816065687919036,0.2968937025871128,0.29947259183973074,0.29835253953933716,0.29624393582344055,0.29997488856315613,0.0
1452,4,5947392,97.55644223836904,407.96296655469354,10.040127011016011,22.878413720987737,11,0,0,11,0.0,0.0,1.0,-0.0010034687584266067,0.08676649518088198,0.0,0.6302111248951405,0.008044952897762414,0.060791015625,1.8866784929123241,0.40059432853013277,0.002197265625,0.0,0.29854123922996223,0.29647900455165654,0.299916694581043,0.2986030876636505,0.2970859706401825,0.29964596033096313,0.0
1453,4,5951488,97.5713590185905,417.49927784453257,9.810795412980951,22.8475723459851,6,0,0,6,0.0,0.0,1.0,-0.0025871228099276777,0.0615163674606265,0.0,0.6343533480539918,0.005394089257606538,0.07080078125,1.8628513652365655,0.40044122794643044,0.0029296875,0.0,0.29894981416873634,0.29806240153266117,0.29978876665700227,0.2985456883907318,0.2975538372993469,0.29963183403015137,0.0
1454,4,5955584,97.58589438912193,410.1212569408042,9.987290174991358,22.899928219034337,12,0,1,11,0.0,0.08333333333333333,0.9166666666666666,0.00017856605518318247,0.10305896284478422,0.0,0.627810071920976,0.005609921925497474,0.0421142578125,1.6377951756148832,0.4046754539012909,0.001953125,0.0,0.2982989000156522,0.29657696827780455,0.29947769409045577,0.2978673577308655,0.2966807186603546,0.2990875542163849,0.0
1455,4,5959680,97.52310567008995,397.4190762239554,10.30650073196739,69.967973841005,11,0,2,9,0.0,0.18181818181818182,0.8181818181818182,-0.0007306103398150299,0.2639117568942311,0.0,0.6327372759114951,0.008749240441829897,0.07061767578125,1.8229868403577711,0.39686688082292676,0.001953125,0.0,0.2987913599354215,0.2976222318247892,0.2996665247483179,0.29894691705703735,0.29815107583999634,0.29997479915618896,0.0
1456,4,5963776,97.53721599071055,398.32086485628287,10.283167068031617,22.869514185003936,15,0,0,15,0.0,0.0,1.0,0.0014295970613602549,0.06744886018839225,0.0,0.6391511831898242,0.005744276768382406,0.06634521484375,1.8444487931992626,0.39859488466754556,0.00244140625,0.0,0.2994329450884834,0.29878313024528325,0.2999280190560967,0.2996470630168915,0.2993481159210205,0.2999175786972046,0.0
1457,4,5967872,97.55167587419199,406.55639495008575,10.074863046989776,22.849140292964876,10,0,0,10,0.0,0.0,1.0,-0.00036706094761029817,0.09007328793677516,0.0,0.637779752491042,0.0028178137763461564,0.05780029296875,2.022221471328521,0.4010319425724447,0.00244140625,0.0,0.29929460817947984,0.29855734953889623,0.30000943125924096,0.29883626103401184,0.29760852456092834,0.30000001192092896,0.0
1458,4,5971968,97.56630913462129,412.2847766965128,9.934880528016947,22.870598917012103,12,0,0,12,0.0,0.0,1.0,-0.0003239128418499604,0.08859099109986346,0.0,0.6382684998679906,0.004785478584381053,0.04803466796875,2.0505751082091592,0.4029443981125951,0.003173828125,0.0,0.2993453365052119,0.2983991719665937,0.29997002240270376,0.29945820569992065,0.2986178994178772,0.30000001192092896,0.0
1459,4,5976064,97.58080423824049,408.3064485461355,10.031680896994658,22.85038182500284,10,0,1,9,0.0,0.1,0.9,0.0007976298365974799,0.13585093399922243,0.0,0.639393950579688,0.003236267002648674,0.04083251953125,1.7941994358261582,0.4078940940089524,0.001953125,0.0,0.29945560061605647,0.29885700391605496,0.2999562124023214,0.29967236518859863,0.29948800802230835,0.2998109459877014,0.0
1460,4,5980160,97.51873491453387,414.692997767845,9.877186309022363,70.08613095199689,8,0,0,8,0.0,0.0,1.0,0.0006667783127340954,0.050732330542700765,0.0,0.6301402831450105,0.004820234291400993,0.04083251953125,1.8825584965816233,0.4011960458010435,0.002197265625,0.0,0.29853294807253405,0.29711752315051854,0.29994068446103483,0.2979387938976288,0.29586467146873474,0.29997044801712036,0.0
1461,4,5984256,97.53295638757007,403.9384755199883,10.140158088994212,22.85566232597921,12,0,0,12,0.0,0.0,1.0,0.001522724505775841,0.06535118137458085,0.0,0.6331718012224883,0.007677435642108321,0.070068359375,1.9327168864256237,0.3975776880979538,0.0029296875,0.0,0.2988368603400886,0.29772152908844873,0.29976784758036956,0.29909563064575195,0.29850494861602783,0.29965752363204956,0.0
1462,4,5988352,97.54714131374591,402.01539212270853,10.188664613990113,22.877953858987894,13,0,0,13,0.0,0.0,1.0,-0.0023761082302371506,0.043432966477212176,0.0,0.6350174881517887,0.005856012117874343,0.0992431640625,1.8815542195516173,0.400463898666203,0.002197265625,0.0,0.2990157305612229,0.2979151761974208,0.2998478211229667,0.2990342974662781,0.2976435124874115,0.2999369204044342,0.0
1463,4,5992448,97.56133188442888,402.70379619497265,10.171247548947576,22.882524122018367,12,0,0,12,0.0,0.0,1.0,-0.0016084908420452848,0.07959214170318774,0.0,0.6259425573516637,0.004071158677106723,0.0634765625,1.954412221966777,0.3934147534891963,0.00146484375,0.0,0.2981134991860017,0.29677139676641673,0.2998783510993235,0.2973417639732361,0.29571428894996643,0.2999231815338135,0.0
1464,4,5996544,97.57562308374904,405.974591402082,10.08930136699928,22.891332104976755,10,0,0,10,0.0,0.0,1.0,-0.0010809769482875708,0.05707492238116174,0.0,0.617948716506362,0.008054190111579373,0.07568359375,1.9593383797910064,0.39580433908849955,0.001953125,0.0,0.2973202597349882,0.29602715658256784,0.2990673712338321,0.29736489057540894,0.2963106036186218,0.29945695400238037,0.0
1465,4,6000640,97.5140034288415,412.88185405121925,9.920513482997194,69.90028143901145,11,0,0,11,0.0,0.0,1.0,0.0013314659991010558,0.055348374106074516,0.0,0.6150201908312738,0.0062129053549142554,0.04998779296875,2.0842130199598614,0.3939048466272652,0.001220703125,0.0,0.29702841251855716,0.29581949941348284,0.2982870146515779,0.29679974913597107,0.2959686815738678,0.29761800169944763,0.0
1466,4,6004736,97.52895847207985,419.8452678494401,9.755975150037557,22.80500094895251,6,0,0,6,0.0,0.0,1.0,0.0004915002718917094,0.07039548757734337,0.0,0.6153743581380695,0.00653525925372378,0.0533447265625,2.013171051396057,0.3942128252238035,0.00341796875,0.0,0.29706579085905105,0.29517055570613593,0.2983834511251189,0.296816349029541,0.29435995221138,0.2981809973716736,0.0
1467,4,6008832,97.54280934948709,395.9714574649034,10.344179922016338,22.904165040003136,14,0,0,14,0.0,0.0,1.0,-0.0037848910833417904,0.11066014867810736,0.0,0.6227081122342497,0.00555019231615006,0.1087646484375,1.93540585442679,0.40235564205795527,0.001220703125,0.0,0.2977991590159945,0.2963717324892059,0.29976079193875194,0.2977800667285919,0.2962503731250763,0.30000001192092896,0.0
1468,4,6012928,97.5571681511686,408.2834969694402,10.032244825968519,22.885817906004377,11,0,0,11,0.0,0.0,1.0,-0.0007778026010782924,0.05978857571221852,0.0,0.6287164206150919,0.0070596193145320285,0.07611083984375,1.8343945310916752,0.40120834531262517,0.001220703125,0.0,0.2983902951818891,0.29715430218493566,0.29959511617198586,0.29853081703186035,0.29729095101356506,0.2996580898761749,0.0
1469,4,6017024,97.57104653388377,396.00924284538945,10.343192927946802,22.86871870199684,15,0,0,15,0.0,0.0,1.0,9.877488628262654e-05,0.049203359659372836,0.0,0.6254393181297928,0.004746466776850866,0.048583984375,1.9217361238406738,0.40309363370761275,0.002685546875,0.0,0.29806067171739414,0.29697160463547334,0.29928767238743603,0.29735392332077026,0.2955310344696045,0.29841330647468567,0.0
1470,4,6021120,97.5095608328188,416.09440517867046,9.843919911014382,70.03149166499497,7,0,0,7,0.0,0.0,1.0,-0.0006403875049727503,0.08708842147598261,0.0,0.627411819761619,0.00585878525453154,0.050048828125,1.9279302062641364,0.401826414745301,0.001953125,0.0,0.2982660934794694,0.296199961041566,0.2995583643205464,0.29844313859939575,0.2959652841091156,0.2996971309185028,0.0
1471,4,6025216,97.52385202225341,408.0554315172003,10.037851928034797,22.852848043025006,13,0,0,13,0.0,0.0,1.0,-0.001274870093766367,0.09646327181508241,0.0,0.6328797466121614,0.006299944430793403,0.0877685546875,1.9971043980040122,0.39790828386321664,0.001953125,0.0,0.2988071426516399,0.29699557315325364,0.299881128303241,0.2989458739757538,0.29772257804870605,0.2998770773410797,0.0
1472,4,6029312,97.53884002645783,424.3563752984722,9.652264555043075,22.846671845996752,5,0,0,5,0.0,0.0,1.0,-0.0037446044916578103,0.026172036692798883,0.0,0.6242849121335894,0.006520086564705707,0.09619140625,1.6460784839291591,0.3991681272163987,0.001953125,0.0,0.297948531457223,0.29562010773224756,0.2995907612494193,0.29728543758392334,0.2944059371948242,0.2990311086177826,0.0
1473,4,6033408,97.5525441154677,391.56472595404927,10.460594962991308,22.84241868800018,17,0,0,17,0.0,0.0,1.0,-0.0037226518943498377,0.041052777274330765,0.0,0.6002767973113805,0.0066894305346067995,0.1224365234375,1.7891232031979598,0.3852203171700239,0.004150390625,0.0,0.29557597293751314,0.2923439071746543,0.2977266443776898,0.2939995229244232,0.291262149810791,0.29636579751968384,0.0
1474,4,6037504,97.56690453230648,407.6757079180555,10.047201538982335,22.830057525949087,10,0,0,10,0.0,0.0,1.0,0.0008638790204713587,0.07155929714633658,0.0,0.5926348217763007,0.00431774353273795,0.04156494140625,2.0132690364553127,0.39065801072865725,0.002197265625,0.0,0.29484176699770615,0.29153030802262947,0.29923501989105716,0.29486894607543945,0.2907942235469818,0.2992575168609619,0.0
1475,4,6041600,97.50543060484209,403.3117629941631,10.155915040988475,69.84889795497293,12,0,0,12,0.0,0.0,1.0,-0.0003723453810380306,0.0585026675954623,0.0,0.5927928148303181,0.0047502676243311726,0.0521240234375,1.9476173292496242,0.39211900904774666,0.001953125,0.0,0.29484718799358234,0.29186558024957776,0.29851758730364963,0.29437896609306335,0.2919728457927704,0.2983834445476532,0.0
1476,4,6045696,97.51990736906804,412.56617275937026,9.928104315011296,22.874313840991817,7,0,0,7,0.0,0.0,1.0,0.0015806159299245337,0.05914246815382285,0.0,0.5893266657367349,0.004462427903490607,0.03143310546875,2.1123345096129924,0.39298116182908416,0.00244140625,0.0,0.29452025616774336,0.2915628337068483,0.2996781966648996,0.29478132724761963,0.2917453646659851,0.29966792464256287,0.0
1477,4,6049792,97.53412674747509,405.9001814064518,10.091150947031565,22.86552972102072,13,0,0,13,0.0,0.0,1.0,-0.004340811232395936,0.08595708685402315,0.0,0.5901067589875311,0.011389461422368186,0.1103515625,1.8204882143763825,0.3939014496281743,0.002685546875,0.0,0.2946057468652725,0.29137692926451564,0.3000101962243207,0.2945645749568939,0.2913679778575897,0.30000001192092896,0.0
1478,4,6053888,97.54856616955725,411.33752318140154,9.957759185985196,22.849257025984116,7,0,0,7,0.0,0.0,1.0,-0.0042639097446226515,0.08866038227188255,0.0,0.597688703564927,0.00886397524664062,0.1038818359375,1.8517901260056533,0.39117548894137144,0.002197265625,0.0,0.29533418180653825,0.2926125677768141,0.29943842568900436,0.29593026638031006,0.29276448488235474,0.2995598018169403,0.0
1479,4,6057984,97.56209906051117,390.35716195071706,10.492954656016082,22.881350110983476,18,0,0,18,0.0,0.0,1.0,-0.0007969786056492012,0.10273938552779782,0.0,0.6098374761641026,0.006449931290262612,0.08709716796875,1.9797561838640831,0.397060458548367,0.00244140625,0.0,0.29653883312130347,0.29198085190728307,0.29982097167521715,0.2964117228984833,0.2906578481197357,0.29972782731056213,0.0
1480,4,6062080,97.50071145979324,404.82260600376566,10.118012036022265,69.96940008795355,9,0,0,9,0.0,0.0,1.0,0.0019513201314111939,0.07171055986748343,0.0,0.6042878462467343,0.003133032427285798,0.02392578125,1.9476505234488286,0.40186727931723,0.0029296875,0.0,0.295988870493602,0.2908186419517733,0.29944179975427687,0.2953345775604248,0.2898901104927063,0.29977282881736755,0.0
1481,4,6066176,97.5146970600748,403.4172022205077,10.153260638006032,22.872902372968383,13,0,0,13,0.0,0.0,1.0,0.00047594391435268335,0.04510253135151743,0.0,0.6044531862717122,0.004875810951489257,0.04180908203125,1.765359382290626,0.4028881252743304,0.001953125,0.0,0.2960114614106715,0.2911239330423996,0.2997674447251484,0.29695868492126465,0.29266175627708435,0.2999087870121002,0.0
1482,4,6070272,97.52936717332419,417.6409690832161,9.807466947007924,22.831631940964144,7,0,2,5,0.0,0.2857142857142857,0.7142857142857143,-0.0011787425464717671,0.14326857515379743,0.0,0.6262442064471543,0.0038794619977124967,0.08441162109375,1.5578117820841726,0.40425018267706037,0.002197265625,0.0,0.29815608385251835,0.2954004782368429,0.29988876794232056,0.2994447946548462,0.2983371615409851,0.30000001192092896,0.0
1483,4,6074368,97.54359023666451,407.9776440157545,10.039765805995557,22.875273247016594,11,0,1,10,0.0,0.09090909090909091,0.9090909090909091,-0.005888565770874266,0.163495859969089,0.0,0.6275333436205983,0.008479351454298012,0.10552978515625,1.6116431016998831,0.408153188880533,0.001220703125,0.0,0.29828213283326477,0.29503810458118096,0.30000003753229976,0.2974206209182739,0.29274168610572815,0.29987478256225586,0.0
1484,4,6078464,97.557821926747,406.3148900334079,10.080851331003942,22.819036504020914,9,0,1,8,0.0,0.1111111111111111,0.8888888888888888,-0.0012261659030627925,0.12198886220676286,0.0,0.6200378192588687,0.006467848590546055,0.06292724609375,1.6504926438938128,0.40159696247428656,0.00341796875,0.0,0.2975406922050752,0.29351874854182824,0.299741800641641,0.2979050874710083,0.29404616355895996,0.30000001192092896,0.0
1485,4,6082560,97.49668320977102,392.42273038575985,10.437723614973947,69.62985271902289,19,0,2,17,0.0,0.10526315789473684,0.8947368421052632,0.00030462166978395544,0.16924084745278378,0.0,0.6259741217363626,0.004691540598287247,0.05902099609375,1.4037262331548845,0.3994473102502525,0.00146484375,0.0,0.29812810238217935,0.29469286545645446,0.29996258130995557,0.2981249690055847,0.2947937846183777,0.29998475313186646,0.0
1486,4,6086656,97.5109345162937,408.5095829759857,10.026692569022998,22.860015304002445,10,0,2,8,0.0,0.2,0.8,-0.003165081336192088,0.2311218205913974,0.0,0.6158831606153399,0.006940404036868131,0.0916748046875,1.8100576490396634,0.40449119824916124,0.00146484375,0.0,0.29712797375395894,0.2928726026439108,0.2999043012387119,0.29596567153930664,0.2908722162246704,0.29963433742523193,0.0
1487,4,6090752,97.52505502313622,403.7288319208624,10.145423552021384,22.81560133298626,11,0,1,10,0.0,0.09090909090909091,0.9090909090909091,-0.0018562304612714797,0.14604894592412165,0.0,0.5994267179630697,0.006113437557360157,0.078369140625,1.7398671026458032,0.394897966645658,0.002197265625,0.0,0.2955324535141699,0.28854668798157945,0.29995486774714664,0.2949138581752777,0.2863370478153229,0.29998859763145447,0.0
1488,4,6094848,97.5396387916854,416.70816974872827,9.829420916968957,22.825029733998235,5,0,0,5,0.0,0.0,1.0,-0.0031473512171942275,0.09342932102526902,0.0,0.6032279336359352,0.007082984324370045,0.09716796875,1.8596321732620709,0.39634846709668636,0.001708984375,0.0,0.2959183618077077,0.28835086605977267,0.29991651081945747,0.29642805457115173,0.28943678736686707,0.2999250292778015,0.0
1489,4,6098944,97.55367386705159,405.0883181617959,10.11137526400853,22.885028118966147,14,0,1,13,0.0,0.07142857142857142,0.9285714285714286,0.00013745826072408818,0.11940020548297525,0.0,0.6146548285614699,0.004117722983210115,0.03424072265625,1.518464700639015,0.4064324367791414,0.002685546875,0.0,0.2970268230419606,0.2913257352192886,0.29998777428409085,0.2973465919494629,0.29218733310699463,0.2999804615974426,0.0
1490,4,6103040,97.49262534696581,403.6586305202684,10.147187970986124,69.99638673599111,10,0,1,9,0.0,0.1,0.9,-0.0032249693795165513,0.0827600924849321,0.0,0.6200656620785594,0.007557148866908392,0.09869384765625,1.5998069708730327,0.400468101259321,0.003173828125,0.0,0.29754600167507306,0.2933107746648602,0.29981880012201145,0.2975676655769348,0.29321810603141785,0.30000001192092896,0.0
1491,4,6107136,97.50652908225553,403.1292984212725,10.160511816036887,22.858359478996135,14,0,0,14,0.0,0.0,1.0,-0.004421550071128877,0.10977366559973234,0.0,0.6132713456172496,0.005963203911960591,0.08544921875,1.9196715290891007,0.39548478042706847,0.000732421875,0.0,0.296874143416062,0.2920879443990998,0.29986741696484387,0.2968360185623169,0.29204919934272766,0.2997264564037323,0.0
1492,4,6111232,97.52031357659658,398.5334677493298,10.2776813780074,22.86971617100062,12,0,1,11,0.0,0.08333333333333333,0.9166666666666666,-0.0003135900115012191,0.11700503926022066,0.0,0.6023511353414506,0.00583899452976766,0.06878662109375,1.5532906265289057,0.3985992348752916,0.00146484375,0.0,0.2957980207283981,0.2904135752469301,0.29919050680473447,0.29507285356521606,0.28890570998191833,0.2991134226322174,0.0
1493,4,6115328,97.53438601131991,405.8210536802198,10.093118537974078,22.859703297028318,11,0,0,11,0.0,0.0,1.0,0.0007509711467719171,0.06677776026822357,0.0,0.6048710912000388,0.004185542500636075,0.06048583984375,1.9803564246976748,0.396967388689518,0.00146484375,0.0,0.2960616377531551,0.28993193863425404,0.29969756898935884,0.29662424325942993,0.2902243435382843,0.2998405992984772,0.0
1494,4,6119424,97.54895219142594,421.0927814000148,9.727072466979735,22.898971024958882,5,0,0,5,0.0,0.0,1.0,0.0007500442734453827,0.06956297187946348,0.0,0.608375194715336,0.00786180117938784,0.0692138671875,1.918071682099253,0.39795350283384323,0.00146484375,0.0,0.29641423892462626,0.2895366997108795,0.2999600570765324,0.29584550857543945,0.2879238724708557,0.30000001192092896,0.0
1495,4,6123520,97.4884092075415,404.81254951662373,10.118263391021173,69.83799277798971,14,0,0,14,0.0,0.0,1.0,0.001764582109899493,0.08242908661941328,0.0,0.6049329929519445,0.00566581184102688,0.046142578125,2.044297958520474,0.3937712195329368,0.002197265625,0.0,0.29608579800697044,0.2885105441091582,0.2999570278916508,0.2963077127933502,0.28914186358451843,0.30000001192092896,0.0
1496,4,6127616,97.50245571006286,405.9541020936682,10.089810594043229,22.869451667007525,10,0,0,10,0.0,0.0,1.0,-0.0019468671489448752,0.06024784223473034,0.0,0.5984289678744972,0.006374135547957849,0.09332275390625,1.914951077196747,0.39772758819162846,0.002685546875,0.0,0.2954425433999859,0.28746606840286404,0.29964989161817357,0.29531097412109375,0.28754082322120667,0.29926204681396484,0.0
1497,4,6131712,97.51631473701869,400.49523508208387,10.22733765898738,22.84336733497912,13,0,0,13,0.0,0.0,1.0,-0.006211874428117881,0.08681015377851509,0.0,0.598665245808661,0.009873328413959825,0.1199951171875,1.8252981020195875,0.39686648081988096,0.002197265625,0.0,0.2954600768862292,0.28814100043382496,0.2994883928913623,0.2959701418876648,0.2881162464618683,0.30000001192092896,0.0
1498,4,6135808,97.53010265916961,400.4437353009463,10.228652963996865,22.87830209499225,13,0,0,13,0.0,0.0,1.0,-0.0035051765153184533,0.042430230038917216,0.0,0.5984739088453352,0.00858674745541066,0.1019287109375,1.6634315291885287,0.4014472523704171,0.001708984375,0.0,0.2954498213948682,0.28727447445271537,0.29978786956053227,0.2948637902736664,0.28575369715690613,0.29945316910743713,0.0
1499,4,6139904,97.54429785977453,410.7750049780433,9.971395411994308,22.863523184962105,9,0,0,9,0.0,0.0,1.0,-0.002898726026614895,0.046185086239688644,0.0,0.5941219790838659,0.007622934997925768,0.0865478515625,1.892337260345812,0.3983889049850404,0.0029296875,0.0,0.2950514199328609,0.2855170250986703,0.2999944776529446,0.2949782609939575,0.285078227519989,0.30000001192092896,0.0
1500,4,6144000,97.48392700251101,410.2523255239029,9.984099407040048,69.99617729202146,11,0,0,11,0.0,0.0,1.0,0.0006910020820214413,0.042928342726668234,0.0,0.5912254475988448,0.005196291433094302,0.0537109375,1.8935765807691496,0.39863233687356114,0.0029296875,0.0,0.2947734866756946,0.28456801921129227,0.2999741374514997,0.2943241596221924,0.2837134897708893,0.2998315691947937,0.0
1501,4,6148096,97.49815087615924,414.7158259806738,9.876642615010496,22.877866735041607,8,0,0,8,0.0,0.0,1.0,-0.004836806620005518,0.07529380605387814,0.0,0.5833023735322058,0.008965394637925783,0.1087646484375,1.9882094853383023,0.3937816438265145,0.002685546875,0.0,0.2940250423271209,0.28235919919097796,0.2999526070198044,0.29329872131347656,0.2806946337223053,0.299986332654953,0.0
1502,4,6152192,97.51196491498443,401.1825239618567,10.209816618007608,22.861189691000618,13,0,0,13,0.0,0.0,1.0,-0.0033612988809181843,0.11828899914871727,0.0,0.5748050392139703,0.007113382875104435,0.09051513671875,1.9566504117683508,0.3916017273440957,0.0029296875,0.0,0.29320243059191853,0.28117570892209187,0.29997272382024676,0.29297029972076416,0.2808292508125305,0.2999032139778137,0.0
1503,4,6156288,97.52586642093821,404.18496092596706,10.133974283991847,22.871116033988073,13,0,0,13,0.0,0.0,1.0,-0.0014848347709630616,0.13406700020732387,0.0,0.5775465732440352,0.005152589830686338,0.064453125,2.0251117337029427,0.3965041758492589,0.00244140625,0.0,0.29348377883434296,0.2808992806239985,0.29986382828792557,0.29348766803741455,0.2806161344051361,0.30000001192092896,0.0
1504,4,6160384,97.53941031544912,393.3317021879537,10.41360250703292,22.813361861975864,13,0,0,13,0.0,0.0,1.0,0.001695222130365437,0.05670154522260873,0.0,0.5800779683049768,0.0033182837869389914,0.04693603515625,1.9680584078014363,0.39932377031072974,0.00146484375,0.0,0.2937096285750158,0.2821250107954256,0.29995604511350393,0.2937382757663727,0.28378376364707947,0.30000001192092896,0.0
1505,4,6164480,97.47936288082052,416.15109130520943,9.842579018964898,70.0643231360009,8,0,0,8,0.0,0.0,1.0,-0.00011210643424419686,0.06180106165822963,0.0,0.5879768570885062,0.005176879214559449,0.05950927734375,1.9351787899213377,0.40304069640114903,0.001708984375,0.0,0.29444389877608046,0.2850035968585871,0.29975034744711593,0.29493096470832825,0.28481727838516235,0.29999762773513794,0.0
1506,4,6168576,97.49351158970002,411.4048009378426,9.95613077597227,22.8786175379646,10,0,0,10,0.0,0.0,1.0,-0.006830645270383684,0.07516239077006048,0.0,0.591860065003857,0.007168885691498872,0.1417236328125,1.7561717677745037,0.392583753913641,0.001708984375,0.0,0.2948322417214513,0.2850161403766833,0.29996277356985956,0.29492688179016113,0.2854704260826111,0.30000001192092896,0.0
1507,4,6172672,97.50783275903822,414.56382506286315,9.880263912025839,22.832828463986516,7,0,0,7,0.0,0.0,1.0,-0.003201154422640684,0.031218023655242177,0.0,0.585585429565981,0.008312847450724803,0.10601806640625,1.62476838749717,0.39515584893524647,0.002197265625,0.0,0.29419361922191456,0.2853303291485645,0.29891769640380517,0.29364198446273804,0.28507596254348755,0.29844388365745544,0.0
1508,4,6176768,97.52126585253379,393.2895959364937,10.414717404986732,22.865390833001584,16,0,0,16,0.0,0.0,1.0,-0.00045207627408672124,0.05479304687798958,0.0,0.5820863684639335,0.004411672482092399,0.05865478515625,1.9650868466997053,0.39401026628911495,0.001220703125,0.0,0.2938592117279768,0.28480979712912813,0.29966835561208427,0.2940444350242615,0.2851240336894989,0.29982659220695496,0.0
1509,4,6180864,97.53541458228655,411.80909801899855,9.946356259984896,22.859888429986313,12,0,0,12,0.0,0.0,1.0,2.535482417442836e-05,0.03350242859721675,0.0,0.5974930324591696,0.005350641229597386,0.04986572265625,1.833532344782725,0.39711428293958306,0.00390625,0.0,0.2953613646677695,0.2874120846972801,0.29995438701007515,0.2962661385536194,0.2896421551704407,0.30000001192092896,0.0
1510,4,6184960,97.47500550031619,391.09769258680655,10.47308659099508,69.80234255502,14,0,2,12,0.0,0.14285714285714285,0.8571428571428571,0.00217410351979197,0.23375275877356216,0.0,0.6118489711079746,0.006216535781277344,0.064697265625,1.808574090100592,0.40712731005623937,0.001953125,0.0,0.29675056983251125,0.29070941993268207,0.2999819563701749,0.297127366065979,0.29138198494911194,0.30000001192092896,0.0
1511,4,6189056,97.4887569358009,401.67246313096433,10.197363214974757,22.805437890987378,9,0,2,7,0.0,0.2222222222222222,0.7777777777777778,-0.0015334892686951207,0.22318930128994907,0.0,0.6150984559208155,0.006999996130616637,0.0718994140625,1.6493214555666782,0.40227782167494297,0.001708984375,0.0,0.29706924880156294,0.2913290707510896,0.30000349337933585,0.29688408970832825,0.29065221548080444,0.30000001192092896,0.0
1512,4,6193152,97.50288819760807,411.46067756174335,9.954778727027588,22.852488017000724,9,0,1,8,0.0,0.1111111111111111,0.8888888888888888,0.00042474006113479845,0.1327235990383997,0.0,0.6123663859907538,0.004667332239478128,0.03900146484375,1.705622598194168,0.40685117011889815,0.002197265625,0.0,0.2967996342340484,0.29079991375328973,0.29996078280964866,0.2964094281196594,0.2902600169181824,0.2999257743358612,0.0
1513,4,6197248,97.51731008804559,421.097567120326,9.726961920037866,22.88113292498747,6,0,1,5,0.0,0.16666666666666666,0.8333333333333334,-0.0016211251240747515,0.12019864109669243,0.0,0.6092887886334211,0.005465171259857016,0.08099365234375,1.4944422107073478,0.4005905236117542,0.001708984375,0.0,0.2964957896620035,0.29022563982289284,0.29982049512909725,0.2958819270133972,0.289362370967865,0.29964056611061096,0.0
1514,4,6201344,97.53065851212243,392.415919354239,10.437904779042583,22.860455855028704,17,0,0,17,0.0,0.0,1.0,0.0008534400440112222,0.07051293454333063,0.0,0.6073320859577507,0.005861276535142679,0.08111572265625,1.9278584210842382,0.398520119022578,0.00244140625,0.0,0.29630686109885573,0.28993806784274057,0.2998769626719877,0.2963868975639343,0.29098373651504517,0.299155056476593,0.0
1515,4,6205440,97.47089687135052,409.35826628915476,10.005905186990276,69.98326814296888,10,0,0,10,0.0,0.0,1.0,-0.0014190501024131663,0.11568340840767632,0.0,0.6137616590131074,0.004827507556910859,0.0826416015625,1.983335045806598,0.4007411892525852,0.00390625,0.0,0.2969301366247237,0.29156200046418235,0.2997447929228656,0.29700466990470886,0.29115593433380127,0.2999437153339386,0.0
1516,4,6209536,97.48449290941912,397.2042350897797,10.312075346009806,22.824869641975965,13,0,0,13,0.0,0.0,1.0,-0.0023734439637337346,0.04525641915279266,0.0,0.6094624523539096,0.007871212106692838,0.0924072265625,1.7263058997050393,0.4025926189497113,0.002197265625,0.0,0.2965160785242915,0.28996035415912047,0.29992296831915155,0.2962076961994171,0.28892481327056885,0.30000001192092896,0.0
1517,4,6213632,97.49855544423689,411.5206952323618,9.95332688599592,22.86923463997664,9,0,0,9,0.0,0.0,1.0,0.001382763100991724,0.0521352920631557,0.0,0.6115229134447873,0.003155259484628914,0.0478515625,1.8894105714862235,0.3946478655561805,0.001220703125,0.0,0.2967189415358007,0.2905087305116467,0.2999421390122734,0.2968294024467468,0.2904881536960602,0.30000001192092896,0.0
1518,4,6217728,97.51255192024833,409.75162350828543,9.996299623977393,22.859880099014845,9,0,0,9,0.0,0.0,1.0,0.0007159640626923647,0.05567099395625519,0.0,0.612427833257243,0.005384178199165035,0.045654296875,2.016386160161346,0.39388601016253233,0.003173828125,0.0,0.2967997658997774,0.29116686165798455,0.2998231879901141,0.29668158292770386,0.2912563681602478,0.2998703122138977,0.0
1519,4,6221824,97.52640302249007,407.3070721695474,10.056294819980394,22.88588775199605,8,0,0,8,0.0,0.0,1.0,-0.004919971070194151,0.14319473533305427,0.0,0.6071651708334684,0.007072444524965249,0.08892822265625,1.978466822882183,0.39605509443208575,0.001708984375,0.0,0.2962859057588503,0.2899509340059012,0.2996274049510248,0.295667827129364,0.2886580526828766,0.2992727756500244,0.0
1520,4,6225920,97.46661967994359,392.0436381871721,10.447816520987544,69.69143914699089,18,0,0,18,0.0,0.0,1.0,0.0014356674764712807,0.05438820915242104,0.0,0.5974097710568458,0.003436004790273728,0.0357666015625,1.9350909752974985,0.3939549932256341,0.00244140625,0.0,0.29533030529273674,0.28852402203483507,0.29990541172446683,0.29460233449935913,0.2881444990634918,0.29997190833091736,0.0
1521,4,6230016,97.48046093592842,409.1286807329816,10.011520073981956,22.87906640098663,10,0,0,10,0.0,0.0,1.0,-0.00015015214557934087,0.0678310124270638,0.0,0.6025047092698514,0.004374730477138655,0.05267333984375,1.8686620754888281,0.39336787397041917,0.002685546875,0.0,0.295821487379726,0.29074260347988456,0.2997023075586185,0.29663729667663574,0.2917082905769348,0.29978147149086,0.0
1522,4,6234112,97.49399104524016,399.9215371520718,10.24200904299505,22.900454747956246,13,0,0,13,0.0,0.0,1.0,-0.0006702168811898446,0.07765406519774842,0.0,0.6176642403006554,0.004959809135471005,0.065673828125,1.928662344289478,0.39572341088205576,0.00244140625,0.0,0.29730215203016996,0.2945584152475931,0.2995999514241703,0.29776307940483093,0.296774297952652,0.2992216944694519,0.0
1523,4,6238208,97.50829616079399,419.51115758115844,9.763745078002103,22.86120609700447,6,0,0,6,0.0,0.0,1.0,0.0012268314203538466,0.08383713120304037,0.0,0.6188657730817795,0.004148760854150169,0.03753662109375,1.9498270072508603,0.39746584510430694,0.0029296875,0.0,0.2974126169574447,0.29512486717430875,0.29939729964826256,0.2968222200870514,0.29378408193588257,0.2988884449005127,0.0
1524,4,6242304,97.52207704268632,406.2769451973496,10.081792847020552,22.877511848986614,12,0,0,12,0.0,0.0,1.0,0.0013719658363697818,0.05014544117761943,0.0,0.6208513439632952,0.005255712560028769,0.06317138671875,1.847631753218593,0.39138877438381314,0.001708984375,0.0,0.2976190222543664,0.2944215302122757,0.2995797334006056,0.2983812987804413,0.2954982817173004,0.30000001192092896,0.0
1525,4,6246400,97.46257507548205,407.9414297944072,10.040657067031134,70.04591242497554,8,0,0,8,0.0,0.0,1.0,-0.0004171546934230719,0.07402025181522731,0.0,0.6199602452106774,0.004595881771820132,0.068359375,2.07941667601699,0.39667424838989973,0.0029296875,0.0,0.2975225889822468,0.2951071780989878,0.29976419877493754,0.2969609498977661,0.2946242690086365,0.29966312646865845,0.0
1526,4,6250496,97.4759908711241,397.49761771803503,10.30446427204879,22.894182075047866,15,0,0,15,0.0,0.0,1.0,-0.0015701725424150936,0.0662232953052353,0.0,0.6154402026440948,0.004452198259969009,0.06781005859375,1.858549000142375,0.39662658609449863,0.00244140625,0.0,0.2970712755341083,0.2960113302106038,0.29839913896285,0.2971740663051605,0.29584816098213196,0.29819488525390625,0.0
1527,4,6254592,97.48952070594311,399.4211976484267,10.254838812048547,22.859553635003977,12,0,0,12,0.0,0.0,1.0,-0.002682391797861783,0.07202016958444801,0.0,0.6294694566167891,0.007751909430226078,0.0657958984375,1.861722176836338,0.39594816416502,0.00146484375,0.0,0.29846931429347023,0.29769857705105096,0.2992956821108237,0.29953569173812866,0.2988817095756531,0.2999855875968933,0.0
1528,4,6258688,97.50333070386165,407.6785075215235,10.047132542997133,22.87379272200633,11,0,0,11,0.0,0.0,1.0,-0.0014310965925687924,0.058066149066917205,0.0,0.6416900143958628,0.008003876293514622,0.0926513671875,1.8039942416362464,0.402807027567178,0.002197265625,0.0,0.29968761396594346,0.2992901961551979,0.2999456542893313,0.2996969521045685,0.2991478145122528,0.30000001192092896,0.0
1529,4,6262784,97.51750415827578,417.6196383268452,9.807967882952653,22.864421018981375,6,0,0,6,0.0,0.0,1.0,-0.0010629018943291157,0.07912805354749253,0.0,0.6429269940126687,0.0031012101790111046,0.06256103515625,1.8842227401037235,0.40395571989938617,0.001708984375,0.0,0.29981123784091324,0.2995481861871667,0.2999974144040607,0.29966825246810913,0.29924464225769043,0.2999972701072693,0.0
1530,4,6266880,97.45833274938352,403.84716586328346,10.142450774030294,69.86135468300199,13,0,0,13,0.0,0.0,1.0,-0.0002615639823488891,0.07165603554699373,0.0,0.6433545050676912,0.004687388394813752,0.07830810546875,1.7566613797098398,0.4005450396798551,0.001220703125,0.0078125,0.2998542757704854,0.29964527720585465,0.30001622874988243,0.29968512058258057,0.2990553379058838,0.30000001192092896,0.0
1531,4,6270976,97.47197095821704,405.5364454933715,10.100201955996454,22.86324156296905,10,0,0,10,0.0,0.0,1.0,-0.0025919491054082755,0.032607334989052106,0.0,0.6380705197807401,0.007978130193805555,0.0709228515625,1.878748346120119,0.4023045455105603,0.001708984375,0.0,0.2993186887470074,0.29872171219903976,0.29975182528141886,0.29895907640457153,0.2977277636528015,0.2998618185520172,0.0
1532,4,6275072,97.4854267824902,400.4573961418916,10.228304032993037,22.906972103985026,13,0,0,13,0.0,0.0,1.0,0.0003846584149869159,0.11210206422174451,0.0,0.6361712040379643,0.0029538272392528597,0.0220947265625,2.003824101004284,0.397374433465302,0.002685546875,0.0,0.29913728369865566,0.2982626771554351,0.2999452525982633,0.2995073199272156,0.29852190613746643,0.30000001192092896,0.0
1533,4,6279168,97.49916396276559,406.3420482809987,10.080177567957435,22.860011950018816,13,0,0,13,0.0,0.0,1.0,1.6116562619572505e-05,0.1062199074262935,0.0,0.6369147161021829,0.0063654766672698315,0.0631103515625,2.0104699844960123,0.3969253022223711,0.00244140625,0.0,0.29920472169760615,0.2985684489249252,0.2998251229291782,0.29933691024780273,0.298953652381897,0.29983243346214294,0.0
1534,4,6283264,97.51277222834827,404.9658130812433,10.114434027986135,22.90184138697805,12,0,0,12,0.0,0.0,1.0,-0.0010582345530565362,0.09601622678314925,0.0,0.6387542467564344,0.0026211499425699003,0.06591796875,1.8605206266220193,0.3980441689491272,0.0009765625,0.0,0.2993903322494589,0.29863015125738457,0.29989369719987735,0.29906657338142395,0.2971997857093811,0.30000001192092896,0.0
1535,4,6287360,97.45380239105663,414.9811077887353,9.87032884900691,70.13296709302813,7,0,0,7,0.0,0.0,1.0,0.0008056994774960913,0.06642924814423168,0.0,0.6401578763034195,0.004359110604127636,0.05328369140625,1.9356836103834212,0.399901295080781,0.001953125,0.0,0.29953743307851255,0.2987851131474599,0.3000189392478205,0.2999228835105896,0.2997685670852661,0.30000001192092896,0.0
1536,4,6291456,97.46759263197333,408.1244628177596,10.036154097993858,22.858987935003825,10,0,0,10,0.0,0.0,1.0,0.00078288943041116,0.030326394274993618,0.0,0.637103782268241,0.004830773450521519,0.041259765625,1.8587012880743714,0.4019817542284727,0.001220703125,0.0,0.29922176111722365,0.298536574235186,0.2997254975489341,0.29883772134780884,0.2981715500354767,0.29928332567214966,0.0
1537,4,6295552,97.48123690179175,404.218242122271,10.133139906043652,22.849378475977574,12,0,0,12,0.0,0.0,1.0,0.0012008954890916357,0.05060034810048819,0.0,0.6299231324810535,0.0037474403106898535,0.0517578125,1.8165583586524008,0.3945733499713242,0.001953125,0.0,0.2985075371689163,0.2975214457255788,0.2995473695336841,0.2984253764152527,0.2972557246685028,0.2997633218765259,0.0
1538,4,6299648,97.49484380205588,404.22944714098145,10.132859020959586,22.865294856019318,12,0,0,12,0.0,0.0,1.0,-0.0012673846722464077,0.06810843855873827,0.0,0.6372978803701699,0.007022690089797834,0.05950927734375,1.9080101249273866,0.3943991707637906,0.003173828125,0.0,0.29924427915830165,0.29878470057155937,0.2996883281157352,0.29926782846450806,0.29882627725601196,0.2996341586112976,0.0
1539,4,6303744,97.50789979301629,389.690591032238,10.5109029939631,22.84336958604399,15,0,0,15,0.0,0.0,1.0,-0.001344105457974365,0.0470947571883471,0.0,0.6318179261870682,0.008239718390541384,0.08026123046875,2.0372108705923893,0.40655186399817467,0.000732421875,0.0,0.2986936626257375,0.29799019038910046,0.2996002263389528,0.2973901629447937,0.2961161434650421,0.2990873157978058,0.0
1540,4,6307840,97.44905111981092,413.00465133876764,9.917563850001898,70.14129065501038,9,0,0,9,0.0,0.0,1.0,-0.002127510993886972,0.057283686240225506,0.0,0.6321255802176893,0.007201066528068623,0.07257080078125,1.7659909047652036,0.39413814013823867,0.00244140625,0.0,0.29873128898907453,0.2979185250005685,0.2996075570117682,0.2990948557853699,0.2982012629508972,0.2997643053531647,0.0
1541,4,6311936,97.46306288115757,418.1841741831314,9.794727426022291,22.86369038099656,8,0,0,8,0.0,0.0,1.0,0.0024340353156731,0.0779529194129509,0.0,0.6400506824720651,0.006657212361460552,0.05755615234375,1.906708240188891,0.39801960391923785,0.001953125,0.0,0.29952066706027836,0.2988397124572657,0.29997166438261047,0.29922282695770264,0.29780516028404236,0.30000001192092896,0.0
1542,4,6316032,97.47682128298618,411.41776997048385,9.955816931033041,22.922487545991316,8,0,0,8,0.0,0.0,1.0,-0.0034464556410966907,0.11181891235628427,0.0,0.6391266367863864,0.007054833447909914,0.06658935546875,2.00957381085027,0.4036427498795092,0.00244140625,0.0,0.29943084972910583,0.2985495346947573,0.2999982128967531,0.29962554574012756,0.29892095923423767,0.30000001192092896,0.0
1543,4,6320128,97.49002229285409,394.8857375954261,10.372620760987047,22.867378623981494,14,0,0,14,0.0,0.0,1.0,-0.0031186810119834263,0.08972611260264785,0.0,0.6333066658116877,0.006785996010876261,0.1092529296875,1.9189473421429284,0.4002257641404867,0.003173828125,0.0,0.2988483222434297,0.29699007887393236,0.2998846414848231,0.29812222719192505,0.2953592836856842,0.29989856481552124,0.0
1544,4,6324224,97.50367249879335,406.94247227803595,10.0653047519736,22.86668199399719,11,0,0,11,0.0,0.0,1.0,-0.0011492138728499413,0.04973796114364859,0.0,0.6253919180016965,0.005209439910686342,0.091064453125,1.8823628584796097,0.39691451378166676,0.00244140625,0.0,0.2980589739163406,0.29671466327272356,0.2994873419520445,0.2979836165904999,0.29683351516723633,0.29935523867607117,0.0
1545,4,6328320,97.44506243410764,397.8444285343702,10.295481615990866,69.73004593595397,16,0,0,16,0.0,0.0,1.0,0.0013922103935328778,0.04304944118405274,0.0,0.6291015567258,0.004084796957613435,0.0465087890625,1.9516292664920911,0.396938846912235,0.00146484375,0.0,0.29842963872943074,0.29692455561598763,0.29957695939810947,0.2989647090435028,0.29689404368400574,0.30000001192092896,0.0
1546,4,6332416,97.45877958578609,404.93432352035484,10.115220573032275,22.771417053998448,9,0,0,9,0.0,0.0,1.0,-0.0020898713082715403,0.09682048241393204,0.0,0.63533178367652,0.0024575586248829495,0.0650634765625,1.943848056049319,0.39789405558258295,0.003173828125,0.0,0.2990468755015172,0.2980834619374946,0.2996824154397473,0.2986779808998108,0.2980975806713104,0.29946187138557434,0.0
1547,4,6336512,97.47275533212577,413.02923223903764,9.916973619023338,22.78796632803278,9,0,0,9,0.0,0.0,1.0,-0.0052534076348820236,0.0405746108939411,0.0,0.6377851765137166,0.006138113309134496,0.09130859375,1.6221238081343472,0.3949459111317992,0.001953125,0.0,0.29929630761034787,0.29856814577942714,0.2999402668210678,0.2994062900543213,0.29899534583091736,0.29998254776000977,0.0
1548,4,6340608,97.48684694132815,418.5336188447764,9.78654955199454,22.8317960970453,6,0,0,6,0.0,0.0,1.0,5.726758172386326e-05,0.05577055720937096,0.0,0.6411209856159985,0.007077429043420125,0.0750732421875,1.8075864742859267,0.39657884510234,0.003173828125,0.0,0.2996275666519068,0.29929040238494053,0.29996762587688863,0.29957905411720276,0.2992830276489258,0.30000001192092896,0.0
1549,4,6344704,97.5000192055311,394.86537260176095,10.373155723966192,22.84933075803565,16,0,0,16,0.0,0.0,1.0,0.0005564088169194292,0.054320899472941164,0.0,0.6409287233836949,0.00482257504700101,0.05072021484375,1.838193836112623,0.39698369847610593,0.0048828125,0.0,0.29960953537374735,0.2992445630370639,0.29999987804330885,0.29921573400497437,0.29863712191581726,0.30000001192092896,0.0
1550,4,6348800,97.44176921840572,407.7325275743456,10.04580140899634,69.87045823299559,11,0,0,11,0.0,0.0,1.0,0.0008700020844116807,0.05838494035157282,0.0,0.6383108389563859,0.0031368947893497534,0.06475830078125,1.8669809672574047,0.3928359607234597,0.003173828125,0.0,0.2993461001315154,0.29857283807359636,0.29991468077059835,0.29920560121536255,0.2983805537223816,0.2999204993247986,0.0
1551,4,6352896,97.45503630072302,399.4362089355987,10.254453423025552,22.84442797896918,13,0,0,13,0.0,0.0,1.0,-0.00201710177861969,0.08499045885537271,0.0,0.6413175140041858,0.006251200251426781,0.0882568359375,1.8902835338376462,0.394761661067605,0.001708984375,0.0,0.2996471149963327,0.29917793825734407,0.2999858499970287,0.2992972731590271,0.29828453063964844,0.29985520243644714,0.0
1552,4,6356992,97.46871605121189,408.2870869741097,10.032156614004634,22.84133666701382,9,0,0,9,0.0,0.0,1.0,-0.001531050911580678,0.11851447139133597,0.0,0.6364203942939639,0.005580056880717166,0.05877685546875,1.9263675160182174,0.3993600965477526,0.002197265625,0.0,0.29915877152234316,0.298392225347925,0.2999507245840505,0.2989669144153595,0.2983643710613251,0.30000001192092896,0.0
1553,4,6361088,97.48254674115235,413.06684720807533,9.91607055295026,22.847429019981064,9,0,0,9,0.0,0.0,1.0,7.284561252163257e-05,0.07258212068529701,0.0,0.6315991953015327,0.004983705632184865,0.0789794921875,1.876900295697851,0.40135112777352333,0.001708984375,0.0,0.29868030617944896,0.2977667762315832,0.29997786838794127,0.29808399081230164,0.29687920212745667,0.30000001192092896,0.0
1554,4,6365184,97.49668744604287,420.4579077431029,9.741759934986476,22.804922305047512,7,0,0,7,0.0,0.0,1.0,-0.003538844412105391,0.08884866886046439,0.0,0.6340720371808857,0.005488380593305919,0.07928466796875,1.8658289209706709,0.39584088744595647,0.003662109375,0.0,0.2989298913744278,0.2980324664968066,0.29993501177523285,0.29979002475738525,0.2993699610233307,0.30000001192092896,0.0
1555,4,6369280,97.43833489698773,390.0351345725446,10.50161802599905,69.61553640500642,18,0,0,18,0.0,0.0,1.0,-0.0001920798749779351,0.09125384309572837,0.0,0.6343447067774832,0.004198254904622445,0.051513671875,2.0682509255129844,0.4004432186484337,0.00146484375,0.0,0.29894868249539286,0.2982889524428174,0.2997933250153437,0.2983945310115814,0.29756084084510803,0.29972726106643677,0.0
1556,4,6373376,97.45219010535003,412.6806413441125,9.92535047599813,22.81107840401819,10,0,0,10,0.0,0.0,1.0,0.00036661652848124504,0.03143520561917512,0.0,0.6403333302587271,0.003143006095342571,0.0184326171875,1.6282718860020395,0.40158866066485643,0.001953125,0.0,0.2995559888659045,0.29915815335698426,0.2998860116349533,0.2999476194381714,0.299873024225235,0.30000001192092896,0.0
1557,4,6377472,97.46553463975528,400.15324833693603,10.236078345042188,22.83400186698418,14,0,0,14,0.0,0.0,1.0,-0.0002632557225297205,0.03728378395896925,0.0,0.6401813032571226,0.004825559113669442,0.0411376953125,1.8314600766752847,0.4014334254898131,0.001708984375,0.0,0.29953163786558434,0.2990435578976758,0.29993735748576,0.29903894662857056,0.2975507378578186,0.30000001192092896,0.0
1558,4,6381568,97.47953718386626,419.2160171632173,9.7706190419849,22.848410928971134,6,0,0,6,0.0,0.0,1.0,-0.00041798514939728193,0.08312013488421144,0.0,0.642362498678267,0.004452173674508231,0.03851318359375,1.7616463617887348,0.39534914307296276,0.0029296875,0.0,0.29975737491622567,0.29944351373706013,0.29996536538237706,0.2997455298900604,0.2992539405822754,0.30000001192092896,0.0
1559,4,6385664,97.49324804914518,410.7926805962937,9.970966362045147,22.83485780301271,10,0,0,10,0.0,0.0,1.0,-0.002183936696383171,0.06378729685525286,0.0,0.6405038090888411,0.009119184967858018,0.07562255859375,1.7254237205488607,0.3940274650231004,0.001953125,0.0,0.29956400772789493,0.2990961008472368,0.2999101612367667,0.29931941628456116,0.29818543791770935,0.29995197057724,0.0
1560,4,6389760,97.43503736545767,404.4568150643172,10.127162771008443,70.02569635299733,9,0,0,9,0.0,0.0,1.0,-0.0012656907201744616,0.09999513351090172,0.0,0.6354086995124817,0.004773368858877802,0.0635986328125,1.9304233362781815,0.39957330096513033,0.004150390625,0.0,0.2990593679714948,0.2974341994849965,0.29995376255828887,0.29851779341697693,0.2964337170124054,0.299612820148468,0.0
1561,4,6393856,97.44815362313858,397.16447891547875,10.313107585010584,22.83060003799619,16,0,0,16,0.0,0.0,1.0,0.0003786482775467448,0.0735712271466582,0.0,0.6388575450982898,0.004975755960913375,0.0487060546875,1.9639648292213678,0.4018180980347097,0.002685546875,0.0,0.2994057543692179,0.2985647999448702,0.29996518715051934,0.2993250787258148,0.29845309257507324,0.2999294698238373,0.0
1562,4,6397952,97.46144708956322,400.0417671732389,10.23893087200122,22.837646097003017,12,0,0,12,0.0,0.0,1.0,0.0009251236551790498,0.06644053811066897,0.0,0.6373080729972571,0.002756649562797975,0.04986572265625,2.023502286931034,0.39879652857780457,0.00244140625,0.0,0.29924336390104145,0.2984449081122875,0.29984272725414485,0.29867619276046753,0.29810407757759094,0.29977935552597046,0.0
1563,4,6402048,97.47511487988768,412.2841574536352,9.934895450016484,22.88030754396459,11,0,0,11,0.0,0.0,1.0,0.00022151091252453625,0.023489623269313142,0.0,0.6254496150650084,0.004033841938507976,0.049072265625,1.61052369751269,0.3985196235589683,0.002685546875,0.0,0.29806167527567595,0.2965223413775675,0.29913713317364454,0.2973635196685791,0.2946585416793823,0.29889029264450073,0.0
1564,4,6406144,97.48918987637913,422.3380852258093,9.69839127297746,22.83335396402981,6,0,0,6,0.0,0.0,1.0,-0.0032157003042811994,0.031909072950270456,0.0,0.616601072717458,0.003895946396369254,0.07806396484375,1.4386178218119312,0.3976566353812814,0.002197265625,0.0,0.2971985600888729,0.29362366220448166,0.2998320354381576,0.29688403010368347,0.2926288843154907,0.29993683099746704,0.0
1565,4,6410240,97.43149852224803,405.3634907854344,10.104511365992948,69.82771777600283,12,0,0,12,0.0,0.0,1.0,-0.004779779752425384,0.030829471228969396,0.0,0.617790041025728,0.00511880543854204,0.1090087890625,1.6112457976996666,0.4010813878849149,0.001220703125,0.0,0.29731356276897714,0.29454305180115625,0.2995851715095341,0.29780203104019165,0.2956447899341583,0.30000001192092896,0.0
1566,4,6414336,97.44510896669159,408.77536213408,10.02017337497091,22.823420236003585,10,0,0,10,0.0,0.0,1.0,-0.00039617318907403387,0.030349297896520966,0.0,0.6275169907603413,0.0051846644637407735,0.04595947265625,1.6157765260577435,0.3935624985024333,0.001708984375,0.0,0.29827737831510603,0.2958205405739136,0.2998889339505695,0.2989276647567749,0.29703718423843384,0.30000001192092896,0.0
1567,4,6418432,97.4583824756559,400.8294506689423,10.218810003018007,22.84325232199626,14,0,0,14,0.0,0.0,1.0,-0.002005479644139996,0.06789774082938038,0.0,0.6315052032005042,0.0052853828710794915,0.04840087890625,1.8322263746813405,0.39901171950623393,0.00244140625,0.0,0.2986676550353877,0.29704195633530617,0.29973513341974467,0.2986110746860504,0.29584553837776184,0.30000001192092896,0.0
1568,4,6422528,97.4719729704469,410.52990034846584,9.97734877903713,22.861342893040273,12,0,0,12,0.0,0.0,1.0,-0.0016297692091029603,0.06336280358584645,0.0,0.6278401783201844,0.006162913152365945,0.06988525390625,1.7902042573550716,0.4044750137254596,0.002685546875,0.0,0.2983023006818257,0.29679767176276073,0.29957902879687026,0.2981721758842468,0.2968170642852783,0.29978787899017334,0.0
1569,4,6426624,97.48509425825137,398.096481961214,10.288963066996075,22.85802694002632,13,0,0,13,0.0,0.0,1.0,-0.0012320081477810163,0.05086813697744219,0.0,0.6255596054252237,0.006279463505052263,0.06488037109375,1.83119677065406,0.4022632366977632,0.001220703125,0.0,0.2980806889827363,0.2963459115708247,0.29993479332188144,0.29796499013900757,0.2965511381626129,0.2999991178512573,0.0
1570,4,6430720,97.42776535882524,423.73453649418167,9.666429443983361,70.15050417504972,4,0,0,4,0.0,0.0,1.0,-0.003711895005835686,0.06049071687698415,0.0,0.6336749133188277,0.006110556569183245,0.08428955078125,1.8244544055196457,0.39510769257321954,0.0029296875,0.0,0.29888913431204855,0.29745516524417326,0.29994471289683133,0.29898977279663086,0.29734981060028076,0.30000001192092896,0.0
1571,4,6434816,97.44093390089392,401.13991345547817,10.210901140992064,22.84322440199321,13,0,0,13,0.0,0.0,1.0,-0.0008753395559324417,0.05488841950580081,0.0,0.6398718610871583,0.005130940440722043,0.05230712890625,1.8296563695912482,0.398663850966841,0.001220703125,0.0,0.299502145498991,0.29906186333391815,0.299859406251926,0.29945528507232666,0.2993682324886322,0.29953014850616455,0.0
1572,4,6438912,97.45447088458711,409.2952736105015,10.007445148017723,22.848445367999375,10,0,0,10,0.0,0.0,1.0,-0.000494302394145052,0.05464998875720539,0.0,0.6401360430754721,0.00646962022074149,0.074462890625,1.835532350174617,0.40128490095958114,0.0029296875,0.0,0.2995297434972599,0.2988531496375799,0.2999550943495706,0.2992655038833618,0.2979561686515808,0.2999817430973053,0.0
1573,4,6443008,97.46784133779032,405.4023309705465,10.103543287958018,22.856159040995408,12,0,0,12,0.0,0.0,1.0,-0.0019429880449024495,0.09960610101825296,0.0,0.6338784834370017,0.0057876049577316735,0.060791015625,1.894484139571432,0.40195110021159053,0.003662109375,0.0,0.2989071948104538,0.2971089266357012,0.2999424375593662,0.2986389398574829,0.2961282432079315,0.30000001192092896,0.0
1574,4,6447104,97.48091651269758,397.13694559616516,10.313822587952018,22.83737037301762,14,0,0,14,0.0,0.0,1.0,-0.0039001671539153904,0.08402107673123282,0.0,0.6226554426830262,0.009035383725858992,0.0946044921875,1.834277095622383,0.39597062626853585,0.002197265625,0.0,0.29779936058912426,0.2938281485112384,0.2999129122472368,0.29745376110076904,0.2924988269805908,0.29999661445617676,0.0
1575,4,6451200,97.42354380168139,408.9504846791066,10.015882492996752,69.95814122399315,12,0,0,12,0.0,0.0,1.0,-0.002665134561539162,0.0922857056129942,0.0,0.6166512568015605,0.008843496954796137,0.09136962890625,1.8777061562868766,0.3941986160352826,0.00341796875,0.0,0.29721224831882864,0.29246925230836496,0.2999190195114352,0.29692721366882324,0.2917143404483795,0.2999998927116394,0.0
1576,4,6455296,97.43715356847426,411.8120345889315,9.94628533400828,22.841048970003612,8,0,0,8,0.0,0.0,1.0,0.0006195965470396914,0.06818014028533526,0.0,0.6088806677144021,0.006617904495215043,0.07269287109375,2.0005003724072594,0.39540010783821344,0.00244140625,0.0,0.2964609544724226,0.28986741800326854,0.29997415834804997,0.29604387283325195,0.2888113558292389,0.30000001192092896,0.0
1577,4,6459392,97.45084021538506,414.87584060840186,9.872833264991641,22.85295504395617,8,0,0,8,0.0,0.0,1.0,-0.00016842530749272555,0.04321116907829037,0.0,0.6171467106323689,0.0031947793540894054,0.05133056640625,1.7318227225041483,0.4003665945492685,0.001708984375,0.0,0.29726804787060246,0.2922515766695142,0.2999015207751654,0.29767486453056335,0.29389023780822754,0.29969486594200134,0.0
1578,4,6463488,97.46401089670911,400.5323207132505,10.226390701020136,22.84152981697116,14,0,0,14,0.0,0.0,1.0,-0.0035874769564543385,0.06656898033565994,0.0,0.6233029982540756,0.005871241166460095,0.102783203125,1.8243120496917982,0.3959219763055444,0.002685546875,0.0,0.2978704709094018,0.2937452715123072,0.2999896283727139,0.2975071370601654,0.2925213575363159,0.30000001192092896,0.0
1579,4,6467584,97.4774069751577,406.7743163013383,10.0694656369742,22.835803622030653,11,0,0,11,0.0,0.0,1.0,-0.0033789337539928965,0.08204770226461733,0.0,0.6086771530099213,0.007789108418364776,0.08447265625,1.8077747742354404,0.3971673874184489,0.001220703125,0.0,0.29644605523208156,0.2894932173076086,0.3000121336663142,0.29559534788131714,0.2875586152076721,0.30000001192092896,0.0
1580,4,6471680,97.42029470068132,400.0772948554123,10.238021633995231,69.68813208903885,15,0,0,15,0.0,0.0,1.0,-0.0015366973511845572,0.12617753616905247,0.0,0.6056257535237819,0.005588291605818085,0.06121826171875,1.9857330175000243,0.3935179803520441,0.002685546875,0.0,0.29613233741838485,0.2905686775338836,0.29982771910727024,0.2968040704727173,0.2924184203147888,0.2999992072582245,0.0
1581,4,6475776,97.43373860849351,410.810056716138,9.970544617972337,22.840848958003335,9,0,0,9,0.0,0.0,1.0,0.0002653368028404657,0.06316088703079004,0.0,0.6232105304952711,0.0037930826874799095,0.0546875,1.7426621559134219,0.39349712850525975,0.001953125,0.0,0.29785297252237797,0.2950069918879308,0.2997852905537002,0.29864585399627686,0.2966044843196869,0.2997187376022339,0.0
1582,4,6479872,97.44739512632344,414.94807855862615,9.871114512032364,22.84671036101645,9,0,0,9,0.0,0.0,1.0,-0.0020046114586875774,0.08497504250658494,0.0,0.6313402582891285,0.003921196755982237,0.06536865234375,1.8416086826473475,0.39595225965604186,0.001953125,0.0,0.29865468107163906,0.29661022016080096,0.29991773545043543,0.2980940043926239,0.2955305874347687,0.2997935116291046,0.0
1583,4,6483968,97.46134713359498,423.7475522768354,9.666132531012408,22.840727795963176,6,0,0,6,0.0,0.0,1.0,-0.0035099636661470868,0.10133190971100703,0.0,0.623643039027229,0.007206978913018247,0.0770263671875,1.93197319569299,0.3973065074533224,0.000732421875,0.0,0.2978917798609473,0.2949847411364317,0.2999144070199691,0.2974821925163269,0.2944287359714508,0.30000001192092896,0.0
1584,4,6488064,97.47424034718232,393.49786857794203,10.409205048053991,22.811194297042675,17,0,0,17,0.0,0.0,1.0,-0.005275458152027568,0.06849689063113829,0.0,0.6136170863173902,0.01044230119077838,0.1246337890625,1.7547167540469673,0.396485626231879,0.002685546875,0.0,0.29689744889037684,0.29413319448940456,0.2998397654155269,0.29619812965393066,0.2935613989830017,0.29984405636787415,0.0
1585,4,6492160,97.41732544283148,411.173892575705,9.961721972038504,69.95623227703618,10,0,0,10,0.0,0.0,1.0,-0.0007906816244940273,0.09756994815097642,0.0,0.6133790358435363,0.005669967616995564,0.08917236328125,1.9633475886366796,0.3919896916486323,0.001953125,0.0,0.2968814741470851,0.2931743020308204,0.29982261022087187,0.29728126525878906,0.29246240854263306,0.29989615082740784,0.0
1586,4,6496256,97.43033223614806,397.823448510883,10.29602456901921,22.846547638007905,14,0,0,14,0.0,0.0,1.0,-0.0014049076053197496,0.09361437334473521,0.0,0.6220629757735878,0.004800046241143718,0.0828857421875,1.7060056426853407,0.39327251026406884,0.002197265625,0.0,0.2977548405760899,0.2933141322573647,0.30001992726465687,0.2978004217147827,0.29340121150016785,0.30000001192092896,0.0
1587,4,6500352,97.44371872444148,408.2505040337271,10.033055586041883,22.840808070031926,9,0,0,9,0.0,0.0,1.0,-0.0012786949846486095,0.06699217756977305,0.0,0.6180922181811184,0.005337572700227611,0.053466796875,1.8218374215066433,0.3949142647907138,0.0029296875,0.0,0.29735716426512226,0.29233122523874044,0.29997979645850137,0.2970178723335266,0.29111701250076294,0.30000001192092896,0.0
1588,4,6504448,97.45723169339924,413.16456109728506,9.913725390972104,22.863931485044304,9,0,0,9,0.0,0.0,1.0,-0.0033422074702684768,0.08496554599605588,0.0,0.6112140496261418,0.006796747140469961,0.07550048828125,1.8659759222646244,0.397088544908911,0.0009765625,0.0,0.29669272451428697,0.29026028799125925,0.3000019880128093,0.29649460315704346,0.2894836962223053,0.30000001192092896,0.0
1589,4,6508544,97.47100581434438,420.40964087832754,9.74287837796146,22.847534203960095,7,0,0,7,0.0,0.0,1.0,-0.0021039616513007786,0.09144648949404655,0.0,0.595527853583917,0.005387865152442828,0.0587158203125,2.060956355649978,0.3917170106433332,0.003173828125,0.0,0.29516287945443764,0.28676487086340785,0.29981298762140796,0.29425761103630066,0.2848535478115082,0.29931071400642395,0.0
1590,4,6512640,97.41394046297971,391.7620959687324,10.455324908019975,69.68963071500184,17,0,0,17,0.0,0.0,1.0,-0.0025568030032445677,0.06838458983656892,0.0,0.5865525433328003,0.007579714703751961,0.07763671875,1.8977570496499538,0.3935431968420744,0.002685546875,0.0,0.2942985438858159,0.28485154488589615,0.2994026131927967,0.29392147064208984,0.2841205298900604,0.2993818521499634,0.0
1591,4,6516736,97.42715212936436,405.7134676745999,10.095795003988314,22.81835829099873,10,0,0,10,0.0,0.0,1.0,-0.0013171659702493344,0.060817872840289056,0.0,0.5765046714805067,0.005964155774563551,0.084716796875,2.006682135659503,0.39318892266601324,0.003173828125,0.0,0.29331859754165635,0.28366752539295703,0.29918965353863314,0.2927669286727905,0.2826290726661682,0.2987019717693329,0.0
1592,4,6520832,97.4400542522571,395.7398121121623,10.35023486299906,22.828091073024552,14,0,0,14,0.0,0.0,1.0,-0.000255385890341131,0.09520041879750352,0.0,0.5687195581849664,0.0044359480671118945,0.05340576171875,2.0557614358258434,0.3959126938134432,0.000244140625,0.0,0.2925443415879272,0.28381145070306957,0.297550922841765,0.29209104180336,0.2854619324207306,0.2956131100654602,0.0
1593,4,6524928,97.45356027022719,410.84882928866546,9.969603679026477,22.78529414604418,7,0,0,7,0.0,0.0,1.0,-0.0025612517347326502,0.1085972921962366,0.0,0.572277324507013,0.006171094883029582,0.070556640625,1.8990705035394058,0.3924821661785245,0.001953125,0.0,0.29286925023188815,0.2862727889441885,0.2976387448143214,0.29325419664382935,0.28656205534935,0.29973676800727844,0.0
1594,4,6529024,97.46712487778998,414.3369049670466,9.885675041005015,22.81975190900266,9,0,0,9,0.0,0.0,1.0,-0.0017474323740316322,0.05868942467236593,0.0,0.5902936493512243,0.004733525347546674,0.0841064453125,1.7717999623855576,0.3898795936256647,0.0048828125,0.0,0.29463270638370886,0.2881826591328718,0.29946009878767654,0.2950645089149475,0.2886338531970978,0.29877540469169617,0.0
1595,4,6533120,97.41059913926827,413.1502993472941,9.914067608013283,69.98790164402453,9,0,0,9,0.0,0.0,1.0,-0.0015902236191323027,0.08190321934034728,0.0,0.6039325611200184,0.009577614262525458,0.0771484375,1.891271522443276,0.39207939244806767,0.001953125,0.0,0.2959731317241676,0.28938533645123243,0.29949215188389644,0.29647862911224365,0.29087159037590027,0.30000001192092896,0.0
1596,4,6537216,97.42332655593745,390.8784571173817,10.478960724023636,22.801361723977607,17,0,0,17,0.0,0.0,1.0,-0.0004812772313016467,0.07430045047942713,0.0,0.6075338765513152,0.004786062352650333,0.06103515625,1.877117946598446,0.395992218516767,0.001708984375,0.0,0.2963178225327283,0.2904698860947974,0.29976830183295533,0.29622113704681396,0.2902020514011383,0.30000001192092896,0.0
1597,4,6541312,97.43656039040832,405.72624027140654,10.095477180031594,22.827531357994303,11,0,0,11,0.0,0.0,1.0,-0.002119729841069784,0.08024583297969912,0.0,0.6080539945978671,0.006829847996414173,0.06695556640625,1.9427464242035057,0.39598052809014916,0.001708984375,0.0,0.29636583535466343,0.29107307392405346,0.29989616404054686,0.29631397128105164,0.2917441129684448,0.30000001192092896,0.0
1598,4,6545408,97.4496301004651,400.9412140804884,10.215961483016144,22.81056772399461,12,0,0,12,0.0,0.0,1.0,-0.003439423016970977,0.04396510531432796,0.0,0.6085279928520322,0.00815022987080738,0.0987548828125,1.7180915350618307,0.39442477421835065,0.002197265625,0.0,0.2964152777567506,0.2909485113923438,0.29974794515874237,0.2967395484447479,0.2903088629245758,0.30000001192092896,0.0
1599,4,6549504,97.46338145274501,420.5791562505208,9.738951488980092,22.809355450968724,6,0,0,6,0.0,0.0,1.0,-0.00014465201820712537,0.0833999289473013,0.0,0.6153772377874702,0.006914310768479481,0.06463623046875,1.9739309518481605,0.3990425793454051,0.001953125,0.0,0.29709771857596934,0.29145064123440534,0.30000965268118307,0.2972900867462158,0.29199668765068054,0.2999976575374603,0.0
1600,4,6553600,97.40707751037498,406.15938872589305,10.084710864000954,69.79285535297822,12,0,0,12,0.0,0.0,1.0,-0.0014845267796772532,0.09667758220393807,0.0,0.6241168645210564,0.007015676354058087,0.0794677734375,1.9225777797109913,0.39880793914198875,0.00244140625,0.0,0.29795472050318494,0.2939054984599352,0.30001372122205794,0.2979586124420166,0.2946479916572571,0.29975080490112305,0.0
1601,4,6557696,97.42021918757841,405.09465220437426,10.111217162979301,22.799019936996046,8,0,0,8,0.0,0.0,1.0,-0.0021341186911740806,0.06389759010039597,0.0,0.6255823264364153,0.00848725782634574,0.08074951171875,1.8237297054874944,0.40196774899959564,0.001953125,0.0,0.2980861793621443,0.29527438012883067,0.2999589948449284,0.29822462797164917,0.2950719892978668,0.30000001192092896,0.0
1602,4,6561792,97.43311600410092,396.2152102329136,10.337816151964944,22.790160296019167,15,0,0,15,0.0,0.0,1.0,-0.004128594704525312,0.09094438018155415,0.0,0.6223144943360239,0.007848870816815179,0.0897216796875,1.7706005931831896,0.39560271752998233,0.00244140625,0.0,0.2977593810646795,0.2944445658940822,0.2997002491611056,0.2972385883331299,0.2936413884162903,0.29944077134132385,0.0
1603,4,6565888,97.44637641547737,407.3590790890677,10.055010947980918,22.812840167956892,13,0,0,13,0.0,0.0,1.0,-0.0007702130715188105,0.04090507351077122,0.0,0.6263651137705892,0.005372954765334725,0.08160400390625,1.87760758260265,0.3988367314450443,0.00146484375,0.0,0.2981655402109027,0.2955532126943581,0.29975830513285473,0.29910802841186523,0.29796692728996277,0.30000001192092896,0.0
1604,4,6569984,97.45973327448448,409.5420583994125,10.00141478999285,22.79083382204408,11,0,0,11,0.0,0.0,1.0,-0.003553663769707782,0.09571457129368355,0.0,0.6388673868495971,0.007637087568582501,0.0738525390625,1.8841209308593534,0.40446689957752824,0.002197265625,0.0,0.2994036755990237,0.29865986661752686,0.2999437003163621,0.29991450905799866,0.2997434437274933,0.30000001192092896,0.0
1605,4,6574080,97.40354399115405,416.58561575267714,9.832312603015453,70.09088788798545,6,0,0,6,0.0,0.0,1.0,-0.0017837587583926506,0.0594796370955919,0.0,0.6373337530530989,0.0049920407982426696,0.08941650390625,1.7173390522948466,0.40191674418747425,0.00146484375,0.0,0.2992523404536769,0.2979261105065234,0.3000023763743229,0.2987040579319,0.2965697944164276,0.30000001192092896,0.0
1606,4,6578176,97.41672058260505,406.5743885829359,10.074417166993953,22.841600425017532,13,0,0,13,0.0,0.0,1.0,-0.004694630337326089,0.05489300121769247,0.0,0.6350357430055737,0.005035677837440744,0.0869140625,1.7114580728812143,0.3982247393578291,0.001708984375,0.0,0.29902189335552976,0.29786551918368787,0.2999568714876659,0.299396812915802,0.298224538564682,0.30000001192092896,0.0
1607,4,6582272,97.42997284561035,409.052168946986,10.013392694003414,22.841117548989132,9,0,0,9,0.0,0.0,1.0,0.001894255565275671,0.05759875691819616,0.0,0.6421203105710447,0.005470190539199393,0.0469970703125,1.9273978612036444,0.39817838091403246,0.002197265625,0.0,0.2997295968234539,0.2993663541856222,0.29998071712907404,0.2999172806739807,0.2998679578304291,0.2999870181083679,0.0
1608,4,6586368,97.44288354340088,399.9332381359238,10.241709389025345,22.84118003101321,13,0,0,13,0.0,0.0,1.0,-0.004669611182180233,0.05183345524608285,0.0,0.6343618051614612,0.012696275509370025,0.099365234375,1.6618671340984292,0.3985888841561973,0.000732421875,0.0,0.29895106406183913,0.2982397835003212,0.29988886252976954,0.29816365242004395,0.29668939113616943,0.30000001192092896,0.0
1609,4,6590464,97.45574624759313,398.80308037814035,10.270733104960527,22.836574719985947,14,0,0,14,0.0,0.0,1.0,0.0005166523951629642,0.08453693897035919,0.0,0.6312191823963076,0.004841283414862119,0.034912109375,2.043420644244179,0.40219699358567595,0.0029296875,0.0,0.29864052310585976,0.2978984304354526,0.2994166002026759,0.29956650733947754,0.2990133762359619,0.30000001192092896,0.0
1610,4,6594560,97.39988835213794,408.80148344316285,10.019533112994395,69.79997430200456,11,0,0,11,0.0,0.0,1.0,0.0007796100617269985,0.0754549450250579,0.0,0.6429641812574118,0.0037313501416065264,0.0504150390625,1.9313132930838037,0.4024158762767911,0.002197265625,0.0,0.2998162774601951,0.29952195420628414,0.3000082531943917,0.2999950051307678,0.29998496174812317,0.30000001192092896,0.0
1611,4,6598656,97.41334124028666,416.21113225141823,9.841159168048762,22.79432371299481,9,0,0,9,0.0,0.0,1.0,-0.0007782830252835993,0.06661795555714889,0.0,0.6289510992355645,0.005572073489020113,0.05816650390625,1.948324177559698,0.4037733757868409,0.003662109375,0.0,0.2984149203984998,0.29744200978893787,0.2999962048488669,0.2970846891403198,0.29541099071502686,0.2999860942363739,0.0
1612,4,6602752,97.42690131703668,416.87036511535433,9.825596498965751,22.787053261010442,8,0,0,8,0.0,0.0,1.0,0.001331233033852186,0.0354330399374021,0.0,0.6245312511455268,0.004079249578353483,0.02618408203125,1.8006395502598025,0.3962600384838879,0.00244140625,0.0,0.2979805276845582,0.29608239413937554,0.29984484653687105,0.2989344596862793,0.296956866979599,0.2999318242073059,0.0
1613,4,6606848,97.43977353731188,399.5380280691463,10.251840155979153,22.83074184600264,13,0,0,13,0.0,0.0,1.0,0.0001351705868728459,0.0699255995546082,0.0,0.6340156337246299,0.004228703808621503,0.0614013671875,1.897117258355138,0.39997447188943624,0.001708984375,0.0,0.29891921195667237,0.29748176311841235,0.2999295574845746,0.29878127574920654,0.2969915568828583,0.30000001192092896,0.0
1614,4,6610944,97.45276556503534,404.38652984755896,10.12892294296762,22.861340857984032,12,0,0,12,0.0,0.0,1.0,-0.00211543600744335,0.07377613835751617,0.0,0.6294804827775806,0.0044765545972040854,0.06292724609375,1.842763616645243,0.3978079599328339,0.002685546875,0.0,0.29846943251322955,0.29667907155817375,0.2999969228403643,0.2977830171585083,0.2951667010784149,0.299986869096756,0.0
1615,4,6615040,97.39669458255614,398.1261549446948,10.288196214009076,69.8026098459959,14,0,0,14,0.0,0.0,1.0,-0.00027468090047477745,0.08225088579274598,0.0,0.6278129362035543,0.008084190394583857,0.06689453125,1.8783441854757257,0.39774818858131766,0.003173828125,0.0,0.29830491211032495,0.29612657107645646,0.2998824762762524,0.29862380027770996,0.2968596816062927,0.29982835054397583,0.0
1616,4,6619136,97.40979850822934,405.454749160457,10.10223707696423,22.809468493971508,9,0,0,9,0.0,0.0,1.0,-3.7000714655732736e-05,0.06887930210518789,0.0,0.6378945603501052,0.0033268546721956227,0.037353515625,1.907556076621404,0.3964167977683246,0.0029296875,0.0,0.2993077054270543,0.2983809802099131,0.29997909924713895,0.2995137572288513,0.2991630434989929,0.29976096749305725,0.0
1617,4,6623232,97.4231429279477,413.80694630532207,9.898335531994235,22.83636639697943,9,0,0,9,0.0,0.0,1.0,-0.002965894902445143,0.08453398629762887,0.0,0.6350461826659739,0.004950688195094699,0.0809326171875,1.84064838415361,0.39859514916315675,0.0029296875,0.0,0.2990262540988624,0.29720858723158017,0.30000087450025603,0.2981792688369751,0.2946595549583435,0.30000001192092896,0.0
1618,4,6627328,97.43658129955057,417.24126094487224,9.81686228903709,22.843391863978468,7,0,0,7,0.0,0.0,1.0,0.00011497331433929503,0.04838369155481814,0.0,0.6213927508797497,0.0037826519437658135,0.0479736328125,1.826089782785857,0.39734845235943794,0.002685546875,0.0,0.29767570039257407,0.2937374467146583,0.29998743819305673,0.2970348298549652,0.29224246740341187,0.29995226860046387,0.0
1619,4,6631424,97.44926464365139,395.79401806501824,10.348817347025033,22.829529248003382,15,0,0,15,0.0,0.0,1.0,-0.0032228250238404144,0.053948069326679615,0.0,0.6067568229045719,0.006643225235166028,0.06536865234375,1.9083229781244881,0.3959745690226555,0.002197265625,0.0,0.2962271283613518,0.2917598256608471,0.2995635663392022,0.29574674367904663,0.29188641905784607,0.2998585104942322,0.0
1620,4,6635520,97.39373502576,411.8601529332848,9.94512329204008,69.89334287599195,10,0,0,10,0.0,0.0,1.0,0.0010318861277482938,0.02907001683274757,0.0,0.6219903882592916,0.004678837532992475,0.03936767578125,1.8236200687824748,0.39444188633933663,0.003662109375,0.0,0.2977392238099128,0.29489948973059654,0.29985354258678854,0.2993345260620117,0.298545241355896,0.2999382019042969,0.0
1621,4,6639616,97.40623511093624,392.0958410650662,10.446425519010518,22.802818805037532,16,0,0,16,0.0,0.0,1.0,0.0008507183065376012,0.023798616001840855,0.0,0.6334679103456438,0.0024939739414548967,0.0330810546875,1.7187189587275498,0.398489682469517,0.00341796875,0.0,0.2988631917978637,0.29752465442288667,0.29989789513638243,0.298290491104126,0.29557108879089355,0.2999967634677887,0.0
1622,4,6643712,97.41944201855533,410.0938200501132,9.987958364014048,22.81540658598533,9,0,0,9,0.0,0.0,1.0,-0.0007299879107449669,0.06590137944567687,0.0,0.6380631206557155,0.00397047203296097,0.053466796875,1.7514862381503917,0.3934921151958406,0.00146484375,0.0,0.29932710237335414,0.2982622150448151,0.29997465980704874,0.29995039105415344,0.29985108971595764,0.30000001192092896,0.0
1623,4,6647808,97.43277455811945,413.04202474832937,9.916666475997772,22.789900590025354,9,0,0,9,0.0,0.0,1.0,0.000960382789344294,0.08567672645267521,0.0,0.6434704277198762,0.004753896624606568,0.060302734375,1.8584620695619378,0.4021878819912672,0.001953125,0.0,0.2998671267996542,0.29967555892653763,0.3000057805911638,0.2996296286582947,0.2989225387573242,0.30000001192092896,0.0
1624,4,6651904,97.44630971041741,420.8508370636237,9.732664495997597,22.822947827982716,6,0,0,6,0.0,0.0,1.0,-0.0021006345778005198,0.055882063220224154,0.0,0.6405353653244674,0.004491552881518146,0.08880615234375,1.7424254981451668,0.39601446269080043,0.0029296875,0.0,0.29956942301942036,0.2989320674678311,0.29999095026869327,0.29904207587242126,0.29767945408821106,0.2999195456504822,0.0
1625,4,6656000,97.3905633183747,393.3297181656555,10.413655035023112,69.69902120600455,17,0,0,17,0.0,0.0,1.0,-0.0019040355618926696,0.060304825750222335,0.0,0.6323581822216511,0.0053105720653547905,0.08648681640625,1.8286706180952024,0.39634376112371683,0.001953125,0.0,0.29874938644934446,0.29800849076127633,0.2994246743619442,0.2987520098686218,0.29818037152290344,0.29922571778297424,0.0
1626,4,6660096,97.40371545710084,409.7724662224025,9.995791171037126,22.826802138995845,10,0,0,10,0.0,0.0,1.0,-0.0016997352468024474,0.09488530168073339,0.0,0.6362914661876857,0.006695430209219921,0.06475830078125,1.9839882137603126,0.39587299479171634,0.001708984375,0.0,0.29914483695756644,0.2983857048675418,0.29977127007441595,0.29913264513015747,0.297568678855896,0.30000001192092896,0.0
1627,4,6664192,97.41651695051044,401.0412686808303,10.213412732991856,22.846504303975962,13,0,0,13,0.0,0.0,1.0,0.0017102222955145407,0.0835426691091925,0.0,0.6343311078380793,0.004208516824292019,0.0379638671875,2.0606634487048723,0.3944071847945452,0.002197265625,0.0,0.2989477710798383,0.29756717110285535,0.29982483392814174,0.2983849048614502,0.29706814885139465,0.29907935857772827,0.0
1628,4,6668288,97.42969245194969,411.64016211925394,9.950438215048052,22.838409547985066,9,0,0,9,0.0,0.0,1.0,8.29474811325781e-06,0.043039377986360705,0.0,0.6146480105817318,0.005193016902921954,0.05755615234375,1.8080950054572895,0.39640236273407936,0.0029296875,0.0,0.29698679788270965,0.2960752999642864,0.297723060764838,0.2955974042415619,0.29481950402259827,0.2961336076259613,0.0
1629,4,6672384,97.44282786998531,411.3585897268279,9.95724922802765,22.850496434024535,9,0,0,9,0.0,0.0,1.0,-0.00040894965786719695,0.06510022541283433,0.0,0.6016888942103833,0.003536037420417415,0.04095458984375,1.8628668070887215,0.39082892518490553,0.002197265625,0.0,0.2957119978964329,0.29487828467972577,0.2966054674470797,0.2959307134151459,0.2948618233203888,0.2973315119743347,0.0
1630,4,6676480,97.38717871481563,404.3738436518303,10.129240712034516,70.03888154396554,8,0,0,8,0.0,0.0,1.0,-0.002797105786157772,0.09446554727924195,0.0,0.6159263288136572,0.0045409998201648705,0.0760498046875,1.8812771122320555,0.3948988779447973,0.002197265625,0.0,0.29712302138796076,0.29583444027230144,0.2981322524137795,0.2979174554347992,0.2953445315361023,0.29971107840538025,0.0
1631,4,6680576,97.3995331868412,389.0747401113711,10.527540283976123,22.768846834020223,18,0,0,18,0.0,0.0,1.0,-0.000936154363444075,0.08718073309705687,0.0,0.6257984524127096,0.008103100415610243,0.07977294921875,1.989932383672567,0.4011422377079725,0.001708984375,0.005615234375,0.2981033126125112,0.29650482279248536,0.2998701006290503,0.29874175786972046,0.2981099486351013,0.29964765906333923,0.0
1632,4,6684672,97.41259545973782,408.04408489542124,10.038131054025143,22.81179254798917,10,0,0,10,0.0,0.0,1.0,-0.001432086504792096,0.1345610881335233,0.0,0.6306167605798692,0.004653475534723839,0.05859375,1.9968488172162324,0.3953871610574424,0.002685546875,0.007568359375,0.29857560916570947,0.297469419776462,0.2994745938340202,0.2977902889251709,0.29615893959999084,0.29897668957710266,0.0
1633,4,6688768,97.42522876736466,398.70791446487084,10.27318458299851,22.870021570008248,13,0,0,13,0.0,0.0,1.0,-0.001371998994727619,0.11855903395553469,0.0,0.6143536069430411,0.006172626995976316,0.06610107421875,1.9059562831535004,0.393258367665112,0.00244140625,0.0,0.2969639470684342,0.295026715262793,0.29895523231243715,0.29664701223373413,0.29404813051223755,0.29923000931739807,0.0
1634,4,6692864,97.43845548442685,415.53520543957535,9.857167206006125,22.85924071999034,6,0,0,6,0.0,0.0,1.0,-0.0022763225097151008,0.07748489572406925,0.0,0.6183063921052963,0.003798770521825645,0.09051513671875,1.8319738032878377,0.395770066883415,0.001708984375,0.0,0.29736507672350854,0.29482735821511596,0.2997832686523907,0.297920823097229,0.2959328889846802,0.30000001192092896,0.0
1635,4,6696960,97.38343982513513,411.1676422591599,9.96187340398319,69.8869809799944,11,0,0,11,0.0,0.0,1.0,3.980199835496023e-05,0.028790469954742548,0.0,0.6301106754690409,0.004842202386498684,0.04998779296875,1.4910285107034724,0.39592952746897936,0.00244140625,0.0,0.29853708419250324,0.29632696241606027,0.2999800937832333,0.2983028292655945,0.29490840435028076,0.30000001192092896,0.0
1636,4,6701056,97.39636706566291,404.06894440048956,10.136883956962265,22.789613156055566,9,0,0,9,0.0,0.0,1.0,-0.0033947792580875102,0.056076312265304296,0.0,0.6110315059777349,0.005621960775897605,0.0821533203125,1.8785726177447941,0.3972883247770369,0.00244140625,0.0,0.29664410126861185,0.29337013099575415,0.2997831190004945,0.2956411838531494,0.29166820645332336,0.29996711015701294,0.0
1637,4,6705152,97.40900845168797,398.2876240096889,10.284025294997264,22.835766406962648,15,0,0,15,0.0,0.0,1.0,-0.0019306196300021838,0.0904595477491057,0.0,0.6202320551965386,0.007032472454739036,0.0767822265625,1.8517332534538582,0.39672382501885295,0.00146484375,0.011474609375,0.29756093001924455,0.2957243646378629,0.2996737857465632,0.29935842752456665,0.29807525873184204,0.30000001192092896,0.0
1638,4,6709248,97.42200509392242,408.0587788848681,10.037769586022478,22.821983742003795,12,0,0,12,0.0,0.0,1.0,-0.0007064881683618296,0.07110564318645629,0.0,0.6325483820401132,0.004870574815868167,0.06549072265625,1.9447497849760111,0.39562992891296744,0.002685546875,0.0107421875,0.298770816239994,0.297893253271468,0.2999399211839773,0.2983211874961853,0.2963288724422455,0.30000001192092896,0.0
1639,4,6713344,97.43480615608935,403.35749294028597,10.154763631988317,22.834521566983312,11,0,0,11,0.0,0.0,1.0,0.0005526565873879008,0.08133575724627917,0.0,0.6102751484140754,0.0032216693107329775,0.03778076171875,1.9497432719508652,0.39152028737589717,0.003173828125,0.0,0.2965632114210166,0.2938699853839353,0.29944942164001986,0.29550880193710327,0.29212358593940735,0.29960739612579346,0.0
1640,4,6717440,97.3800709967972,421.03425967549776,9.72842448297888,70.04126660205657,6,0,0,6,0.0,0.0,1.0,-0.0004963983155903406,0.06417166761457338,0.0,0.6077922573313117,0.003823138747975463,0.05242919921875,1.9359442637651227,0.39518754836171865,0.00244140625,0.0,0.29633063985966146,0.2938251507584937,0.29995463346131146,0.2967578172683716,0.2936767637729645,0.30000001192092896,0.0
1641,4,6721536,97.39301902266433,408.90907377986,10.016896818007808,22.808048512029927,12,0,0,12,0.0,0.0,1.0,-0.000481566723465221,0.10650898080984916,0.0,0.6144594303332269,0.005615911777567817,0.06182861328125,1.9577360049879644,0.394856761675328,0.00146484375,0.0,0.2969913026317954,0.2930660013225861,0.2999863438308239,0.2969043254852295,0.29259082674980164,0.30000001192092896,0.0
1642,4,6725632,97.40584129574688,404.11932538378625,10.13562020601239,22.829575458017644,11,0,0,11,0.0,0.0,1.0,-0.0007692322797083762,0.042484050458710954,0.0,0.6106035532429814,0.0038111513531475794,0.04205322265625,1.8556732327851932,0.3967220620252192,0.00341796875,0.0,0.2966051595285535,0.2927025014651008,0.2997224948485382,0.29595834016799927,0.2922201454639435,0.29975518584251404,0.0
1643,4,6729728,97.41854814577962,402.5963985469517,10.173960857035127,22.864315346989315,13,0,0,13,0.0,0.0,1.0,-0.0003171393254888244,0.040767863478436084,0.0,0.6183431774843484,0.0044105173110438045,0.04803466796875,1.745786954270443,0.38885786570608616,0.00390625,0.0,0.29737607517745346,0.2940974041703157,0.29972135910065845,0.2985495924949646,0.2963196337223053,0.2997852861881256,0.0
1644,4,6733824,97.43142807546009,406.39491509487596,10.078866264957469,22.828071794006974,12,0,0,12,0.0,0.0,1.0,-0.0010379175655543804,0.04450386148675989,0.0,0.6358642897102982,0.003760095394682139,0.07952880859375,1.673470547189936,0.39475065330043435,0.001708984375,0.0,0.29910702269989997,0.29791153682162985,0.2999698911444284,0.2994324266910553,0.29854661226272583,0.29989370703697205,0.0
1645,4,6737920,97.37649312512707,401.15024096324936,10.210638264019508,69.82734229398193,13,0,0,13,0.0,0.0,1.0,0.0005230455899436492,0.03359741787528492,0.0,0.6424035644158721,0.004362383140687598,0.04296875,1.8016308096703142,0.39792407769709826,0.001953125,0.0,0.29975812503835186,0.2993980454048142,0.3000015857978724,0.29984205961227417,0.29965388774871826,0.30000001192092896,0.0
1646,4,6742016,97.38984855395694,420.10484357085596,9.749947096977849,22.81784782599425,6,0,0,6,0.0,0.0,1.0,-0.00037786630491609685,0.06256651201726982,0.0,0.636355860857293,0.006420127770979889,0.06475830078125,1.9948642852250487,0.40187611849978566,0.00390625,0.0,0.2991501890937798,0.29794380406383425,0.2999227493419312,0.2983904182910919,0.29580315947532654,0.2997913360595703,0.0
1647,4,6746112,97.40284230364786,409.7217163990313,9.997029291000217,22.819000586983748,11,0,0,11,0.0,0.0,1.0,0.0004963594401488081,0.09186667827839301,0.0,0.6188923253212124,0.003945249922253424,0.0362548828125,1.928315970551921,0.3997200094163418,0.002197265625,0.0,0.2974180245073512,0.2945534720784053,0.2997727522160858,0.29690641164779663,0.29349491000175476,0.30000001192092896,0.0
1648,4,6750208,97.4156203936991,403.7451103491622,10.145014502981212,22.815976685029455,12,0,0,12,0.0,0.0,1.0,-0.0013317701559572015,0.05781240546320987,0.0,0.60964160785079,0.00583258567712619,0.05511474609375,1.714610754410387,0.3940634881146252,0.00146484375,0.0,0.2965068644261919,0.29357131221331656,0.29984525172039866,0.2957976460456848,0.29307225346565247,0.30000001192092896,0.0
1649,4,6754304,97.42832907812037,401.39878358342577,10.20431592600653,22.79722256003879,12,0,0,12,0.0,0.0,1.0,-0.002855061487935018,0.10270768617874637,0.0,0.6053397317882627,0.0068294565462565515,0.06494140625,1.894705235667061,0.3953963369131088,0.00146484375,0.0,0.2960849338560365,0.2936773042893037,0.29973844555206597,0.2962936460971832,0.2927503287792206,0.29985931515693665,0.0
1650,4,6758400,97.37352418085915,398.7969147262857,10.270891896972898,69.7952200580039,13,0,0,13,0.0,0.0,1.0,-0.004827636996196816,0.08586297875456239,0.0,0.5932262090500444,0.00828591547178803,0.1387939453125,1.7966079993348103,0.3976978282444179,0.00146484375,0.0,0.2948959453497082,0.29019246477400884,0.2983117178082466,0.29393428564071655,0.2875208556652069,0.29798218607902527,0.0
1651,4,6762496,97.38637312958754,408.9792639128234,10.015177690947894,22.826845606963616,11,0,0,11,0.0,0.0,1.0,-0.0025643033841333818,0.07657191846465139,0.0,0.6045989952981472,0.004611073592968751,0.07977294921875,1.8769924509106204,0.39158835308626294,0.004150390625,0.0,0.29603122908156365,0.29082307271892205,0.299215046572499,0.29756391048431396,0.2930108308792114,0.30000001192092896,0.0
1652,4,6766592,97.39944712811457,414.31375824860964,9.8862273300183,22.845639700011816,8,0,0,8,0.0,0.0,1.0,-0.0002636531899042893,0.060522677583094264,0.0,0.6181425268296152,0.005306727765855612,0.05670166015625,1.7718670300673693,0.39659459702670574,0.001708984375,0.0,0.29735284042544663,0.2936671262723394,0.2998538257670589,0.29756683111190796,0.2945554852485657,0.30000001192092896,0.0
1653,4,6770688,97.41259107972597,414.6576104707774,9.878029238025192,22.795208228053525,8,0,0,8,0.0,0.0,1.0,-0.0013323742932698224,0.05088419996650373,0.0,0.6283213223796338,0.00471054172157892,0.05267333984375,1.8224376735161059,0.39817106258124113,0.002685546875,0.0,0.2983568395720795,0.29590818291762844,0.29983366606757045,0.29825010895729065,0.296979159116745,0.29894477128982544,0.0
1654,4,6774784,97.42509077569093,396.58314719261705,10.328225061995909,22.795470223005395,14,0,0,14,0.0,0.0,1.0,-0.0003745704743778333,0.065703841043387,0.0,0.6194621454924345,0.0054926761258684564,0.06988525390625,1.998383639875101,0.4009676384739578,0.001953125,0.0,0.29747550730826333,0.2943923220736906,0.2997286421013996,0.2961804270744324,0.29240894317626953,0.299452543258667,0.0
1655,4,6778880,97.37061638101278,405.4419373015816,10.102556305006146,69.84974207502091,11,0,0,11,0.0,0.0,1.0,0.00017317956007900648,0.043859403950307296,0.0,0.6141178894322366,0.004851014102314366,0.0462646484375,1.7592752408090746,0.3963104006834328,0.00244140625,0.0,0.2969462074106559,0.2946282455814071,0.299062758742366,0.2969921827316284,0.2955564260482788,0.29951608180999756,0.0
1656,4,6782976,97.3829548365111,393.2344792013978,10.416177158011124,22.822723878955003,16,0,0,16,0.0,0.0,1.0,-0.0009186541028611828,0.05384803564061258,0.0,0.6239954193588346,0.0070421167110907845,0.09521484375,1.7500240680237766,0.40442413790151477,0.002197265625,0.0,0.29793076269561425,0.29635302867973223,0.2999303392134607,0.299018919467926,0.297583669424057,0.299777626991272,0.0
1657,4,6787072,97.39591846682508,409.9924005287718,9.990429077995941,22.79283781402046,9,0,0,9,0.0,0.0,1.0,-0.0006243395728233736,0.07131496206966403,0.0,0.6422158803325146,0.006114262872870313,0.06793212890625,1.9210439882590435,0.40701219206675887,0.001708984375,0.0,0.29974336677696556,0.2994011167320423,0.299994929227978,0.2999935746192932,0.29998070001602173,0.30000001192092896,0.0
1658,4,6791168,97.40892013362738,411.73268990034256,9.94820207497105,22.79923621600028,11,0,2,9,0.0,0.18181818181818182,0.8181818181818182,0.0011261603576713242,0.27685620775810094,0.0,0.6434778869152069,0.004132750113058137,0.038330078125,1.8301356668234803,0.406872283667326,0.002197265625,0.0,0.29986811883281916,0.2996705947443843,0.3000047321547754,0.2999991774559021,0.2999975085258484,0.30000001192092896,0.0
1659,4,6795264,97.42217400741939,421.40926619386056,9.719767287024297,22.838406750990544,6,0,0,6,0.0,0.0,1.0,-0.000995877886452945,0.056652887259701856,0.0,0.6435708643402904,0.005958434649073752,0.059814453125,1.7680695267918054,0.4047959833405912,0.002685546875,0.0,0.29987737187184393,0.2996375142247416,0.3000185174169019,0.2996365427970886,0.299147367477417,0.2998930811882019,0.0
1660,4,6799360,97.36754419020015,394.7816867221767,10.375354627030902,69.80864441004815,14,0,1,13,0.0,0.07142857142857142,0.9285714285714286,4.414832801558077e-06,0.17571746080830053,0.0,0.6335792043246329,0.005635571815219009,0.07373046875,1.7989377833728213,0.3993283607997,0.001953125,0.0,0.2988699298584834,0.2981393366935663,0.2996270106523298,0.29818472266197205,0.29690754413604736,0.29982155561447144,0.0
1661,4,6803456,97.38014946460456,403.6391448993529,10.147677825007122,22.816172652004752,11,0,0,11,0.0,0.0,1.0,-0.00036236696905689314,0.06649477659186687,0.0,0.6169985770247877,0.006044855897926027,0.05804443359375,2.0188207873434294,0.402433168143034,0.0009765625,0.0,0.2972309263423085,0.2941791776102036,0.29937711311504245,0.2965048551559448,0.29110464453697205,0.30000001192092896,0.0
1662,4,6807552,97.39247820514112,394.1845170605746,10.391072765982244,22.820676951960195,13,0,0,13,0.0,0.0,1.0,0.0007731737496214919,0.10434903833902354,0.0,0.615496281767264,0.0039737450824759435,0.0400390625,1.9454620715114288,0.4001269694417715,0.001708984375,0.0,0.29710438451729715,0.29194552212720737,0.299955851980485,0.2974642217159271,0.2923925817012787,0.30000001192092896,0.0
1663,4,6811648,97.40524649225235,408.27505102455365,10.032452362007461,22.85528209101176,9,0,0,9,0.0,0.0,1.0,-0.0025654386154201347,0.04745871243369493,0.0,0.6275076901074499,0.006995661085966276,0.08282470703125,1.705519852854195,0.39786581695079803,0.002197265625,0.0,0.2982823286438361,0.2952443449757993,0.29992447880795226,0.29911431670188904,0.29761558771133423,0.2998690903186798,0.0
1664,4,6815744,97.41783972848602,403.85502177225817,10.142253480036743,22.862207376980223,11,0,0,11,0.0,0.0,1.0,-0.0035938148394052405,0.044435323648201575,0.0,0.6293309282045811,0.006108922385465121,0.09368896484375,1.7895532901166007,0.404213962610811,0.00244140625,0.0,0.29845417418982834,0.2965572434477508,0.29996648244559765,0.2979937195777893,0.29486775398254395,0.30000001192092896,0.0
1665,4,6819840,97.3636076109143,409.53744712682396,10.001527403015643,70.02070255501894,7,0,0,7,0.0,0.0,1.0,-0.0018906571349361911,0.1103086149887531,0.0,0.6264611145015806,0.008545525968656875,0.0889892578125,1.8834994707722217,0.3967176368460059,0.003173828125,0.0,0.29816725075943395,0.2968524607713334,0.2995243660407141,0.2986705005168915,0.2984180748462677,0.2988736629486084,0.0
1666,4,6823936,97.37587005902844,390.6394317862786,10.485372613999061,22.756778127979487,16,0,0,16,0.0,0.0,1.0,0.0009851802806224441,0.06873303564088928,0.0,0.6369462106376886,0.0037634572872775607,0.0313720703125,1.9613785669498611,0.39667281368747354,0.001220703125,0.0,0.2992128425394185,0.29829232895281166,0.29991625720867887,0.2990504205226898,0.2977796494960785,0.30000001192092896,0.0
1667,4,6828032,97.38853323593179,404.12316023247234,10.135524026001804,22.809937825019006,10,0,0,10,0.0,0.0,1.0,-0.00020069231686647981,0.06752439005958877,0.0,0.6305800888221711,0.005206748221098678,0.06024169921875,1.9288721002812963,0.4024158394895494,0.002197265625,0.0,0.29857850715052336,0.2968485429883003,0.29980575549416244,0.2985835373401642,0.29702550172805786,0.2994568943977356,0.0
1668,4,6832128,97.40105330648376,400.35327204017244,10.23096421599621,22.808721042005345,13,0,0,13,0.0,0.0,1.0,0.0006564655377587769,0.0802657032187426,0.0,0.635356867685914,0.005020339991460787,0.0361328125,1.9601795726048294,0.3996036518365145,0.002197265625,0.0,0.2990503231412731,0.29834798781666905,0.2996305272099562,0.2993313670158386,0.29885804653167725,0.2999722957611084,0.0
1669,4,6836224,97.4139750439395,411.8020686109151,9.946526043000631,22.795225914975163,7,0,0,7,0.0,0.0,1.0,-0.0008734101538721006,0.06858709468951929,0.0,0.6352012681309134,0.0034736556190182455,0.05487060546875,1.9174502613313962,0.40256634494289756,0.001708984375,0.0,0.299038412515074,0.2974100251449272,0.29995718435384333,0.29817527532577515,0.29459816217422485,0.30000001192092896,0.0
1670,4,6840320,97.3600772329197,408.6747804866314,10.02263950597262,69.8791794689605,11,0,0,11,0.0,0.0,1.0,-0.0009678248898126185,0.11587174731948835,0.0,0.6227851023431867,0.007948838760057697,0.07373046875,1.9323834906390402,0.39228246500715613,0.00341796875,0.0,0.29781421745428815,0.2938012218219228,0.29993368120631203,0.2974002957344055,0.2926200330257416,0.30000001192092896,0.0
1671,4,6844416,97.37262582209262,402.70794947447484,10.171142649021931,22.781902357994113,11,0,0,11,0.0,0.0,1.0,-0.001212488208693685,0.06413609952812749,0.0,0.614094891352579,0.004536989956250181,0.05682373046875,1.8076321655826177,0.39277329249307513,0.000732421875,0.0,0.29696342145325616,0.2915192464715801,0.2998576275422238,0.2970341444015503,0.2912484407424927,0.2999945282936096,0.0
1672,4,6848512,97.38495903188164,395.29636774850724,10.36184577998938,22.79535283095902,13,0,0,13,0.0,0.0,1.0,-0.0020542548554658424,0.05759178851883462,0.0,0.6134609645232558,0.005655886794556864,0.074951171875,1.72032479554764,0.3992302408441901,0.002685546875,0.0,0.29691328172339126,0.290838350658305,0.30002267588861287,0.2967529892921448,0.29048657417297363,0.30000001192092896,0.0
1673,4,6852608,97.39789103903618,412.01356674007565,9.941420211980585,22.77464203699492,11,0,0,11,0.0,0.0,1.0,-0.003701585766975768,0.07127371629735535,0.0,0.609517561038956,0.009168908647552598,0.1065673828125,1.7899162954709027,0.3995860703289509,0.002685546875,0.00048828125,0.2965253641596064,0.2899038148461841,0.29999054846121,0.29630738496780396,0.289153516292572,0.29999735951423645,0.0
1674,4,6856704,97.41049002790662,404.08500039598357,10.13648117595585,22.81173757603392,12,0,0,12,0.0,0.0,1.0,-0.00016589711594861,0.09631561755895746,0.0,0.6064770470838994,0.0049880402693815995,0.08233642578125,2.0257908946368843,0.3956501120701432,0.001220703125,0.0,0.2962204903597012,0.2898102220497094,0.299865989247337,0.29623645544052124,0.29017874598503113,0.29997995495796204,0.0
1675,4,6860800,97.35672119945801,413.17639254609907,9.913441508018877,70.01448374800384,6,0,0,6,0.0,0.0,1.0,-0.002472153126291232,0.13030958166109485,0.0,0.6012758095748723,0.004982351099897642,0.08587646484375,2.008818326954497,0.39579744869843125,0.002685546875,0.001953125,0.2956997797009535,0.2899128973367624,0.29960677068447694,0.29542720317840576,0.2903004288673401,0.299990713596344,0.0
1676,4,6864896,97.36935330324229,404.28684078992444,10.131420532998163,22.791910185012966,14,0,0,14,0.0,0.0,1.0,0.0002416024035483133,0.05303648050767151,0.0,0.6128811920061707,0.004527062264969572,0.0430908203125,1.7343697105243336,0.39707071240991354,0.002197265625,0.00537109375,0.2968343961983919,0.29339707182953134,0.29918540397193283,0.29844361543655396,0.29665669798851013,0.2994985282421112,0.0
1677,4,6868992,97.38203263041945,406.3881053501774,10.079035154019948,22.801210492034443,10,0,0,10,0.0,0.0,1.0,-0.00042821896204259247,0.039621441356757714,0.0,0.6359368544071913,0.004832867529330542,0.03973388671875,1.7320790217490867,0.39807439502328634,0.002685546875,0.0,0.29911686514969915,0.29750033147865906,0.2999976998544298,0.29880696535110474,0.29705774784088135,0.30000001192092896,0.0
1678,4,6873088,97.3945375635522,402.98612260372244,10.164121715992223,22.834376187005546,11,0,0,11,0.0,0.0,1.0,0.00022420746245188639,0.05199256201888147,0.0,0.6317775330971926,0.003340759220009204,0.031494140625,1.7757862604921684,0.39753600815311074,0.00146484375,0.0,0.298696503858082,0.2972286095027812,0.299926215026062,0.2983853220939636,0.29547882080078125,0.30000001192092896,0.0
1679,4,6877184,97.40695934231785,400.79196876665975,10.21976566198282,22.830222057003994,13,0,0,13,0.0,0.0,1.0,-0.0025465583348704968,0.07920969428073477,0.0,0.6273666333872825,0.0048722908104537055,0.07659912109375,1.7947334214113653,0.3957125595770776,0.003662109375,0.0,0.29826185607817024,0.2964755689026788,0.2999740138184279,0.2983449697494507,0.2971908152103424,0.299996942281723,0.0
1680,4,6881280,97.35321496137541,403.4229882302826,10.153115016990341,69.87962119601434,12,0,0,12,0.0,0.0,1.0,-0.0005368225647544023,0.06132789632351887,0.0,0.6308132058475167,0.006459349682700122,0.05157470703125,1.820952721973299,0.39644396118819714,0.002197265625,0.0,0.2986037095542997,0.2973451874568127,0.30000010557705536,0.29866111278533936,0.29760172963142395,0.2999238967895508,0.0
1681,4,6885376,97.36621772205173,420.57748515835755,9.738990185025614,22.829176702012774,6,0,0,6,0.0,0.0,1.0,-0.00024695501451788004,0.027566109542533468,0.0,0.6418530880473554,0.004566554445773363,0.04180908203125,1.6749622805946274,0.3991806646808982,0.001220703125,0.0,0.299704831559211,0.29939961404306814,0.2999880544957705,0.29977041482925415,0.29960620403289795,0.30000001192092896,0.0
1682,4,6889472,97.37881705665285,405.8201968958175,10.093139846983831,22.818757245026063,14,0,0,14,0.0,0.0,1.0,-0.0010827924306795467,0.13300953580255737,0.0,0.6406314275227487,0.007622914443345508,0.069091796875,1.9150806606630795,0.39940558886155486,0.003662109375,0.0,0.299583108688239,0.2987948038498871,0.30000726162688807,0.29928624629974365,0.29785871505737305,0.30000001192092896,0.0
1683,4,6893568,97.39138291643049,404.1582854536811,10.134643152006902,22.79299219697714,10,0,0,10,0.0,0.0,1.0,-0.0035853931367455516,0.061326133955731166,0.0,0.6315302152652293,0.00591079588411958,0.08746337890625,1.7091967901942553,0.39923226460814476,0.002197265625,0.0,0.2986731436685659,0.2971451597404666,0.30000471946550533,0.2984481751918793,0.2966119349002838,0.30000001192092896,0.0
1684,4,6897664,97.40385485125566,403.31143505120093,10.155923299025744,22.831693537998945,10,0,0,10,0.0,0.0,1.0,-0.0037614162210957147,0.061335727125083395,0.0,0.6204241530504078,0.006488497674581595,0.10968017578125,1.8426193700288422,0.4013637895695865,0.002685546875,0.0,0.2975704761920497,0.295012928545475,0.2999106177012436,0.2966994643211365,0.2934209704399109,0.2998141646385193,0.0
1685,4,6901760,97.35029923071133,399.7369316018166,10.246738983027171,69.76737382798456,14,0,0,14,0.0,0.0,1.0,-0.0010856004446395673,0.10512948850646353,0.0,0.6069452117662877,0.00406765379011631,0.08868408203125,1.8358879938023165,0.39585800655186176,0.00244140625,0.0,0.29624902084469795,0.2923251192551106,0.2999931736267172,0.295443594455719,0.29113829135894775,0.30000001192092896,0.0
1686,4,6905856,97.36294921932667,407.4188593852536,10.053535582963377,22.803641238017008,11,0,0,11,0.0,0.0,1.0,-0.002013890241869376,0.028036808937258684,0.0,0.5888972526881844,0.003972215607063845,0.05950927734375,1.6532635423645843,0.3943224223330617,0.002197265625,0.0,0.2944790128967725,0.2889395992970094,0.2988759695435874,0.2930431365966797,0.2861481010913849,0.29825520515441895,0.0
1687,4,6909952,97.37579491720341,413.91147276367207,9.895835871982854,22.810279250028543,11,0,0,11,0.0,0.0,1.0,0.0008971530551207252,0.06934807156994793,0.0,0.5877161617390811,0.0030476715000986587,0.03759765625,1.9577909415529575,0.39952722005546093,0.002197265625,0.0,0.2943609867943451,0.29055430565495044,0.2974177559954114,0.29629823565483093,0.29529350996017456,0.2975428104400635,0.0
1688,4,6914048,97.38859605386904,413.34348165691296,9.909434119006619,22.820645505038556,8,0,0,8,0.0,0.0,1.0,-0.0016492304766870802,0.019580893806619315,0.0,0.5900888878386468,0.008360859108506702,0.06524658203125,1.7891135106910951,0.39813942555338144,0.001708984375,0.0,0.2945768174249679,0.2916535916738212,0.29782232554862276,0.29316437244415283,0.2888754606246948,0.29765066504478455,0.0
1689,4,6918144,97.40101575312002,401.9763644128021,10.18965382699389,22.809908555995207,11,0,0,11,0.0,0.0,1.0,-0.0028291007947700564,0.10192950099826703,0.0,0.5894756980706006,0.008928936516895192,0.09686279296875,1.7726965173205826,0.3929835790768266,0.00146484375,0.0,0.29453812894644216,0.29136190336430445,0.29934442113153636,0.29599785804748535,0.29307687282562256,0.30000001192092896,0.0
1690,4,6922240,97.34785649895385,411.9728116667164,9.942403682973236,69.9028295900207,12,0,1,11,0.0,0.08333333333333333,0.9166666666666666,-0.001167303227703087,0.15078001471965763,0.0,0.6100139748305082,0.004476941947359592,0.0484619140625,1.6567297441652045,0.40189779829233885,0.00146484375,0.0,0.29655722982715815,0.29254358261823654,0.30000757332891226,0.296661376953125,0.29139742255210876,0.29962459206581116,0.0
1691,4,6926336,97.35989257044686,393.81321928449756,10.400869750999846,22.819621608010493,15,0,1,14,0.0,0.06666666666666667,0.9333333333333333,-0.0033367167161486577,0.12170251670647758,0.0,0.6090688409749418,0.008174603266525082,0.09161376953125,1.3942948597832583,0.4043901120312512,0.0009765625,0.0,0.296464990649838,0.2909562279237434,0.29990135971456766,0.2957499027252197,0.29010963439941406,0.29978373646736145,0.0
1692,4,6930432,97.3725008086687,407.25532043020104,10.057572717953008,22.79511313000694,9,0,0,9,0.0,0.0,1.0,-0.003831533686025068,0.0329979426539353,0.0,0.6070810675155371,0.006157588035421213,0.09149169921875,1.6074674663832411,0.4016998787410557,0.001220703125,0.0,0.29627934604650363,0.28997796768089756,0.29981701530050486,0.2963365316390991,0.2890145778656006,0.30000001192092896,0.0
1693,4,6934528,97.38512239318774,409.44319959183315,10.003829600987956,22.83057828695746,11,0,1,10,0.0,0.09090909090909091,0.9090909090909091,-0.003236636759538669,0.11815222837191186,0.0,0.6072306078858674,0.0056542050260759424,0.08209228515625,1.307090389324003,0.403058887924999,0.002197265625,0.0,0.2962993641849607,0.2894033830380067,0.2999169062823057,0.2963614761829376,0.28961241245269775,0.30000001192092896,0.0
1694,4,6938624,97.39788286761669,413.50346289124843,9.905600236961618,22.818594268988818,7,0,0,7,0.0,0.0,1.0,-0.0016782762722868938,0.04644028922064081,0.0,0.6096953933592886,0.003979978402639972,0.0789794921875,1.7548833889595699,0.40881361858919263,0.002685546875,0.0,0.29653500724816695,0.2903365875245072,0.2998370550922118,0.29651767015457153,0.2904990613460541,0.29991480708122253,0.0
1695,4,6942720,97.34462448545094,398.3675846011852,10.281961078988388,69.75688509299653,14,0,2,12,0.0,0.14285714285714285,0.8571428571428571,-0.0022362185882229824,0.24679500208821992,0.0,0.5941490184050053,0.0034285473011550494,0.065673828125,1.7604979025491048,0.40365656930953264,0.001708984375,0.0,0.2949943350395188,0.2895908603677526,0.29952294344548136,0.29404133558273315,0.288093626499176,0.2996888756752014,0.0
1696,4,6946816,97.3573050768846,413.0812048846025,9.91572589497082,22.865896072005853,11,0,0,11,0.0,0.0,1.0,0.0003049180140806129,0.08906001895911686,0.0,0.5860243290662766,0.003448191400821088,0.0390625,1.9499568554456346,0.3907427657395601,0.002197265625,0.0,0.2942068859701976,0.28866988484514877,0.29973283177241683,0.294008731842041,0.2886708080768585,0.30000001192092896,0.0
1697,4,6950912,97.36949014575504,395.56920946825824,10.354698752984405,22.781565524986945,13,0,0,13,0.0,0.0,1.0,-0.0020055497698194813,0.06524929271324709,0.0,0.5842624511569738,0.008612338220700622,0.06671142578125,1.708140034112148,0.39060983108356595,0.00244140625,0.0,0.29404062958201393,0.28744889271911234,0.2993009882629849,0.29380667209625244,0.28610047698020935,0.2978961169719696,0.0
1698,4,6955008,97.38197661781703,406.1242625804307,10.085583102016244,22.821179854043294,10,0,1,9,0.0,0.1,0.9,-0.001402135714670294,0.10837427876276706,0.0,0.5818079258315265,0.004934242024319246,0.06976318359375,1.468799548005336,0.39427954191341996,0.004150390625,0.0,0.29379906511167064,0.28714164556004107,0.29888147400924936,0.2933892011642456,0.28783297538757324,0.29917463660240173,0.0
1699,4,6959104,97.3945429164891,410.65760406065687,9.97424608602887,22.86356450902531,11,0,1,10,0.0,0.09090909090909091,0.9090909090909091,-0.0007488381779694464,0.1693222263224925,0.0,0.5837718890979886,0.004660672588215675,0.0517578125,1.7163909531082027,0.3890931671485305,0.002197265625,0.0,0.2939710345235653,0.2899906307575293,0.2976875938475132,0.29519689083099365,0.29212242364883423,0.2978716492652893,0.0
1700,4,6963200,97.34176447847179,419.28225724498645,9.769075435993727,70.03357558004791,6,0,0,6,0.0,0.0,1.0,0.00037688443626393564,0.09797489814081928,0.0,0.6116452715359628,0.005134467250172747,0.04388427734375,1.876244179875357,0.39312666235491633,0.00341796875,0.0,0.2967138435342349,0.29374862130498514,0.29976276319939643,0.29801878333091736,0.29459527134895325,0.30000001192092896,0.0
1701,4,6967296,97.3536865538433,392.39375773916004,10.438494291040115,22.81553870998323,15,0,0,15,0.0,0.0,1.0,0.0005452988189063035,0.08379071739250321,0.0,0.6253003990277648,0.005105862550408347,0.04345703125,1.9138983414450195,0.39815791277214885,0.00146484375,0.0,0.29805904551176354,0.29482902749441564,0.29980878258356825,0.2983485460281372,0.2952292561531067,0.29991012811660767,0.0
1702,4,6971392,97.36620414992471,408.55391685729785,10.025604530994315,22.840505175001454,11,0,0,11,0.0,0.0,1.0,-0.00020942469927831553,0.07339043932256573,0.0,0.6313646570779383,0.004211553245113464,0.02459716796875,1.8863434341619723,0.401277847122401,0.00146484375,0.0,0.2986569168861024,0.2967071919119917,0.29989893635502085,0.2988277077674866,0.29786792397499084,0.29953405261039734,0.0
1703,4,6975488,97.37845683246296,402.64887319226403,10.172634949965868,22.880070369981695,11,0,0,11,0.0,0.0,1.0,0.0007835246979084332,0.10900166961050672,0.0,0.6431863997131586,0.00632225562367239,0.0379638671875,1.8336480794823729,0.3989075217396021,0.0029296875,0.0,0.29984009853797033,0.29958594642812386,0.30000923661282286,0.29992133378982544,0.2998083531856537,0.30000001192092896,0.0
1704,4,6979584,97.39087919982633,407.94662744355617,10.040529138990678,22.878989793010987,10,0,0,10,0.0,0.0,1.0,-0.0003837336480501108,0.156642214538806,0.0,0.6405569086782634,0.005865437200554879,0.0621337890625,1.9353580552851781,0.401875888928771,0.001220703125,0.0,0.2995689934468828,0.29904568986967206,0.2999149313545786,0.2992561459541321,0.2985200583934784,0.29969123005867004,0.0
1705,4,6983680,97.33821325695092,413.23441131836154,9.912049644975923,69.92451428499771,11,0,0,11,0.0,0.0,1.0,-0.0009378683535032906,0.09620521240321978,0.0,0.6386654898524284,0.007211458738311194,0.04986572265625,1.9929637477034703,0.40217813290655613,0.001708984375,0.0,0.2993789539905265,0.2988316437113099,0.29982917045708746,0.2981904149055481,0.2974535822868347,0.29864951968193054,0.0
1706,4,6987776,97.35074706427199,411.6102409474748,9.951161541976035,22.88530843402259,8,0,0,8,0.0,0.0,1.0,-0.002500803027942311,0.034726868040877434,0.0,0.6208109620492905,0.00500465439108666,0.07183837890625,1.5456004795996705,0.3956885035149753,0.002685546875,0.0,0.2976032991427928,0.2960582859814167,0.2992678422597237,0.29730719327926636,0.295227974653244,0.30000001192092896,0.0
1707,4,6991872,97.36276628840204,395.75805415497996,10.349757780029904,22.85799978201976,17,0,0,17,0.0,0.0,1.0,-0.000417442643083632,0.03449199614652798,0.0,0.619597208686173,0.0038641467726847623,0.0469970703125,1.769320771069033,0.4032932766713202,0.001953125,0.0,0.29748324502725154,0.29655689821811393,0.2986574950045906,0.29745960235595703,0.2969541847705841,0.297879695892334,0.0
1708,4,6995968,97.37531604469086,412.84911701711644,9.921300134039484,22.886713120969944,9,0,0,9,0.0,0.0,1.0,0.0010542308446019888,0.08252056768833427,0.0,0.6352615023497492,0.0027782933684648015,0.03192138671875,1.8718151018256322,0.39953008107841015,0.001953125,0.0,0.299046324507799,0.29821579583222046,0.2996461900183931,0.29944130778312683,0.2983247637748718,0.30000001192092896,0.0
1709,4,7000064,97.38765310910247,404.9709598432329,10.114305483992212,22.84199421602534,12,0,1,11,0.0,0.08333333333333333,0.9166666666666666,-0.00022730252385372296,0.1636409921077302,0.0,0.6296794721856713,0.0051175189728382975,0.04962158203125,1.822127981169615,0.4001659853383899,0.00390625,0.0,0.29848407045938075,0.2968971634982154,0.299730003986042,0.29730087518692017,0.29517829418182373,0.2996981143951416,0.0
1710,4,7004160,97.33497282701751,408.40286225046253,10.029312667960767,69.93803013005527,9,0,0,9,0.0,0.0,1.0,7.870180706959218e-05,0.04822178200544158,0.0,0.6320346684660763,0.0032932232970779296,0.02587890625,1.6328542234841734,0.3984102918766439,0.00244140625,0.0,0.29872516269097105,0.29762356798164546,0.2996201546047814,0.29909548163414,0.2972995936870575,0.30000001192092896,0.0
1711,4,7008256,97.34727994455513,406.5335510043912,10.075429174001329,22.844067047990393,12,0,0,12,0.0,0.0,1.0,0.0011223517103644554,0.06945423696208763,0.0,0.6322558696847409,0.004330521587689873,0.02740478515625,1.93510283640353,0.40342045295983553,0.00146484375,0.0,0.298744635831099,0.2975684371194802,0.29995609063189477,0.29919132590293884,0.2985774576663971,0.2999128997325897,0.0
1712,4,7012352,97.35974518530465,408.6608703472826,10.022980660025496,22.829611045017373,8,0,0,8,0.0,0.0,1.0,-0.004846183976042084,0.0660886208413558,0.0,0.6388889467343688,0.007196318547357805,0.09393310546875,1.7501502396189608,0.40939942421391606,0.002197265625,0.0,0.299405149591621,0.29889374040067196,0.29996648238739,0.299490362405777,0.2986754775047302,0.30000001192092896,0.0
1713,4,7016448,97.37185097882667,398.74117415305034,10.27232767897658,22.83792540797731,14,0,0,14,0.0,0.0,1.0,-0.0034193092524219537,0.02751573683787001,0.0,0.6299337283708155,0.00520625901845051,0.058837890625,1.6051300098915817,0.40428264578804374,0.001708984375,0.0,0.2985066132969223,0.29744616273092106,0.29938981420127675,0.29766136407852173,0.29581719636917114,0.2996137738227844,0.0
1714,4,7020544,97.38431082770543,409.70576501071497,9.997418512997683,22.841870968055446,11,0,0,11,0.0,0.0,1.0,-0.000928546316572465,0.03131486802294603,0.0,0.6188004680443555,0.00423275558205205,0.07073974609375,1.5610746720485622,0.40458199102431536,0.001708984375,0.0,0.29740983730880544,0.29453998227836564,0.29947262664791197,0.29722461104393005,0.29297730326652527,0.2998834550380707,0.0
1715,4,7024640,97.3317453035942,407.191088385213,10.05915924202418,69.93781759298872,10,0,1,9,0.0,0.1,0.9,-0.002267808335091104,0.09768361295863315,0.0,0.623682459583506,0.004410124998685205,0.083984375,1.3798184375627898,0.4014560142531991,0.001708984375,0.0,0.29789906460791826,0.29550402046879753,0.2999511272646487,0.29827094078063965,0.29694288969039917,0.30000001192092896,0.0
1716,4,7028736,97.34431252141601,413.2751007817012,9.911073743016459,22.847814255044796,9,0,0,9,0.0,0.0,1.0,-0.0027169221721123904,0.12899823830184687,0.0,0.6258025299757719,0.004448705145478016,0.070556640625,1.9271255104104057,0.40006057219579816,0.001708984375,0.0,0.29810356500092894,0.2957866931101307,0.2999253767193295,0.2977820634841919,0.29531121253967285,0.29965269565582275,0.0
1717,4,7032832,97.35641080714146,399.99788313536345,10.24005419202149,22.858398956013843,14,0,1,13,0.0,0.07142857142857142,0.9285714285714286,-0.0015916200973151717,0.20468305540362053,0.0,0.6307513881474733,0.00525607064992073,0.05157470703125,1.7565043048816733,0.40060508577153087,0.00341796875,0.0,0.2986037588561885,0.2960556411999278,0.2999953487305902,0.2986098527908325,0.29584428668022156,0.29999473690986633,0.0
1718,4,7036928,97.3691066024214,418.02888077520566,9.798366066010203,22.848392498970497,8,0,0,8,0.0,0.0,1.0,-0.00024349387967959046,0.03580873469547896,0.0,0.6324264747090638,0.007574958210170735,0.06072998046875,1.6814977848553099,0.4042039052583277,0.00146484375,0.0,0.29876559489639476,0.2966356156975962,0.29998409416293725,0.299029678106308,0.29744744300842285,0.2999614179134369,0.0
1719,4,7041024,97.38131060580048,402.6034308002107,10.17378314898815,22.82955178798875,12,0,0,12,0.0,0.0,1.0,-0.005181178708880907,0.12070617012432194,0.0,0.6282791311386973,0.007006288975389907,0.0843505859375,1.8924105511396192,0.4032737659290433,0.001953125,0.0,0.29835007910151035,0.2961348868557252,0.2999620494665578,0.29765117168426514,0.2942149341106415,0.30000001192092896,0.0
1720,4,7045120,97.32889996754722,402.0435683375039,10.187950566993095,69.8145048940205,14,0,0,14,0.0,0.0,1.0,-0.00035768177986028604,0.11281807967043278,0.0,0.6208288571797311,0.004306625054596225,0.05987548828125,1.884741549496539,0.400661769323051,0.003173828125,0.0,0.29761964455246925,0.2935337475501001,0.2999472277588211,0.29714810848236084,0.2924799919128418,0.2996467649936676,0.0
1721,4,7049216,97.34121919701454,409.35423296976455,10.006003774004057,22.850588120985776,11,0,0,11,0.0,0.0,1.0,-0.005397972177888732,0.12861281486220832,0.0,0.6135457558557391,0.007788911345414817,0.12127685546875,1.842070775514003,0.3974456898868084,0.00341796875,0.0,0.29691307368921116,0.2911141978111118,0.2999480722937733,0.296286940574646,0.2893889844417572,0.30000001192092896,0.0
1722,4,7053312,97.35364974580094,410.2150890987597,9.985005692986306,22.84078062500339,8,0,1,7,0.0,0.125,0.875,-0.00010782382378238253,0.17004791028239197,0.0,0.6089561325497925,0.0052348552308103535,0.05133056640625,1.7922089066705666,0.4023112514987588,0.0009765625,0.0,0.2964642221922986,0.29032008413923904,0.2999832260538824,0.2961222529411316,0.2901094853878021,0.29999473690986633,0.0
1723,4,7057408,97.36588994857217,406.6625793239576,10.072232381964568,22.8867406710051,12,0,0,12,0.0,0.0,1.0,-0.0009685535551398061,0.09226039010104614,0.0,0.600570403970778,0.006788249022065429,0.05908203125,1.8891684636764694,0.4068016530945897,0.003173828125,0.0,0.29565118870232254,0.28829836641671136,0.299971827713307,0.29505881667137146,0.28738200664520264,0.30000001192092896,0.0
1724,4,7061504,97.37828366690621,409.4356051359155,10.00401515798876,22.83251801104052,12,0,2,10,0.0,0.16666666666666666,0.8333333333333334,-0.0015154222837736597,0.2568930141706005,0.0,0.6027839696034789,0.0038379549878300168,0.05731201171875,1.5944243526028004,0.39858306432142854,0.002197265625,0.0,0.29586933756945655,0.2886354942456819,0.29987389617599547,0.2965812087059021,0.2902376353740692,0.29999038577079773,0.0
1725,4,7065600,97.32611782387674,408.21880933439,10.033834567002486,69.90081321902107,10,0,0,10,0.0,0.0,1.0,-0.006783041360904463,0.06818579116702495,0.0,0.6054079479072243,0.008123542665998684,0.1097412109375,1.7261563777865376,0.39915678603574634,0.002685546875,0.0,0.29612601682310924,0.28874733590055257,0.2999304927652702,0.2956298291683197,0.28749367594718933,0.2999706268310547,0.0
1726,4,7069696,97.33821658654213,399.54546864571415,10.251649240031838,22.803753287997097,15,0,0,15,0.0,0.0,1.0,0.00012931883247802034,0.034207703591619065,0.0,0.5953491015825421,0.0027581421709328424,0.0408935546875,1.8022273021706496,0.3960259761661291,0.002197265625,0.0,0.29513612849405035,0.28749475424410775,0.2993388757458888,0.295090913772583,0.2886238396167755,0.29936158657073975,0.0
1727,4,7073792,97.35071666606483,411.48847611941454,9.954106220975518,22.79376767197391,8,0,0,8,0.0,0.0,1.0,0.0003266906896897126,0.11476670390629806,0.0,0.5956862103193998,0.005435091330582509,0.029052734375,1.902496954833623,0.38987682666629553,0.00390625,0.0,0.29515507392352447,0.2888283386128023,0.29895010410109535,0.2956241965293884,0.28967851400375366,0.2998400032520294,0.0
1728,4,7077888,97.36288824860287,404.7075371246062,10.120888850011397,22.86383751296671,10,0,1,9,0.0,0.1,0.9,-0.0013656927312695188,0.13368355121383502,0.0,0.6105114803649485,0.00446107179595856,0.05975341796875,1.607442460139282,0.3943461002781987,0.002197265625,0.0,0.29660053696716204,0.2923959344625473,0.2994303911109455,0.2970364987850189,0.2926647961139679,0.2999323308467865,0.0
1729,4,7081984,97.37533199333487,412.09224318683545,9.939522200962529,22.833632308989763,9,0,1,8,0.0,0.1111111111111111,0.8888888888888888,-0.0017190585749631282,0.12777526826755548,0.0,0.6203973446972668,0.006829112862760667,0.07061767578125,1.6257880970661063,0.38942182902246714,0.00146484375,0.0,0.2975864457548596,0.2932181704672985,0.3000118611380458,0.2979976534843445,0.294479638338089,0.30000001192092896,0.0
1730,4,7086080,97.32319245891068,399.87212718116837,10.24327459099004,69.78869317600038,14,0,0,14,0.0,0.0,1.0,0.0002744074481597636,0.09977226325372612,0.0,0.6240027288440615,0.004518958092376124,0.0565185546875,2.01601521827979,0.3952655093744397,0.003173828125,0.0,0.2979314706171863,0.2947694536414929,0.29997494182316586,0.29799094796180725,0.29497388005256653,0.30000001192092896,0.0
1731,4,7090176,97.33569492109116,416.5628120360378,9.832850849023089,22.83662366401404,8,0,0,8,0.0,0.0,1.0,0.0004498725047596963,0.07752643514788815,0.0,0.6347730548586696,0.003377389355591731,0.02716064453125,1.8452345993428025,0.39850805746391416,0.001708984375,0.0,0.29900619422551244,0.29710435355082154,0.3000193147454411,0.2995351552963257,0.29866695404052734,0.30000001192092896,0.0
1732,4,7094272,97.34753927586662,395.8533212209323,10.347266981028952,22.865231219970156,17,0,0,17,0.0,0.0,1.0,-0.0012148017667641398,0.07907178622099309,0.0,0.638658732175827,0.004227100049320143,0.04754638671875,1.888464474643115,0.3988403230905533,0.0029296875,0.0,0.2993788171443157,0.29877859324915335,0.2998776038293727,0.29882583022117615,0.2969881594181061,0.29982271790504456,0.0
1733,4,7098368,97.35990409675664,410.9956947304869,9.966041135019623,22.84853881597519,8,0,0,8,0.0,0.0,1.0,0.0008201669043046422,0.10234598812121476,0.0,0.6345542096532881,0.0023405966931022704,0.04150390625,1.9944260773481801,0.3964786510914564,0.002197265625,0.0,0.29897571477340534,0.2971070123021491,0.2999888135236688,0.29838845133781433,0.2951653003692627,0.30000001192092896,0.0
1734,4,7102464,97.3721590929262,407.2875417312379,10.056777044024784,22.83172610105248,11,0,0,11,0.0,0.0,1.0,-0.0009192792640533298,0.11172651889944518,0.0,0.6243303301744163,0.004626428180927178,0.06732177734375,1.9117716601467691,0.40014797216281295,0.001953125,0.0,0.2979670569766313,0.29418151546269655,0.2999878096743487,0.2973829507827759,0.292700856924057,0.30000001192092896,0.0
1735,4,7106560,97.32051860569231,421.52341985353786,9.717135056038387,70.05623103899416,6,0,0,6,0.0,0.0,1.0,-0.005890921100217383,0.08406115850823426,0.0,0.6194940954446793,0.009055384289240465,0.12548828125,1.806238025717903,0.39407340809702873,0.00146484375,0.0,0.29748544306494296,0.2948644709540531,0.30000308383023366,0.29753684997558594,0.29622793197631836,0.30000001192092896,0.0
1736,4,7110656,97.3322248907644,392.26752197284287,10.441853507014457,22.857274278998375,16,0,0,16,0.0,0.0,1.0,-0.0005685124033334432,0.06633169184874532,0.0,0.6228595012798905,0.00336637180953403,0.0506591796875,1.8254257713269908,0.39754462568089366,0.0009765625,0.0,0.29781604337040335,0.29624154773773625,0.299991421517916,0.2984621226787567,0.296642005443573,0.29987049102783203,0.0
1737,4,7114752,97.34463341073658,413.520848873691,9.905183768016286,22.858829953998793,10,0,0,10,0.0,0.0,1.0,-0.001825739573177998,0.0770343449153188,0.0,0.6268348176963627,0.008880308338120813,0.0748291015625,1.9563297825516202,0.40271533001214266,0.0029296875,0.0,0.29821049235761166,0.2950682347291149,0.29994494159473106,0.298141747713089,0.2945331037044525,0.30000001192092896,0.0
1738,4,7118848,97.3566189488277,401.2345439915579,10.208492916019168,22.86444030003622,13,0,0,13,0.0,0.0,1.0,0.00012770069588441402,0.09855895622058597,0.0,0.6187085546553135,0.008526744059054181,0.09869384765625,2.0080195641494356,0.4014988443814218,0.002197265625,0.0,0.29741886956617236,0.2925558476126753,0.29999105393653736,0.29683569073677063,0.2906435430049896,0.29993313550949097,0.0
1739,4,7122944,97.36889961598108,411.12564884443094,9.962890934955794,22.880679901049007,9,0,0,9,0.0,0.0,1.0,0.0002123162521456834,0.10649267425378639,0.0,0.6190323152113706,0.0035423096815065946,0.041015625,1.8444742333667818,0.3984265085309744,0.001953125,0.0,0.29745259089395404,0.2925891119521111,0.299995890178252,0.29786619544029236,0.29413676261901855,0.30000001192092896,0.0
1740,4,7127040,97.31714121499947,406.876608729794,10.066934083006345,69.91203060297994,10,0,0,10,0.0,0.0,1.0,0.00037292872730176896,0.16540158423231333,0.0,0.6273847254924476,0.00238759067360661,0.03076171875,1.9657948998792563,0.4014989440329373,0.00244140625,0.0,0.2982628949685022,0.2957614116021432,0.29987271630670875,0.2980026602745056,0.2963617444038391,0.2997339367866516,0.0
1741,4,7131136,97.32955666704117,415.8132169333396,9.850576733006164,22.82939426600933,6,0,0,6,0.0,0.0,1.0,-0.001329971000814112,0.07236946245961917,0.0,0.6244041975587606,0.00282103443169035,0.0718994140625,1.9978230535343755,0.3976852810010314,0.00244140625,0.0,0.2979640872217715,0.29663856379920617,0.29993171169189736,0.2979027330875397,0.2970130443572998,0.29957902431488037,0.0
1742,4,7135232,97.3409978596809,386.16421892884034,10.60688639502041,22.859543872997165,20,0,0,20,0.0,0.0,1.0,0.00046172845395631157,0.04392317274232482,0.0,0.6259496361017227,0.005438710766611621,0.0416259765625,1.7359136654267786,0.39844536036252975,0.002685546875,0.0,0.2981194066815078,0.29657434194814414,0.2999757822835818,0.29817238450050354,0.2963758111000061,0.30000001192092896,0.0
1743,4,7139328,97.3534502294403,417.00072312889307,9.822524932969827,22.873972697998397,7,0,0,7,0.0,0.0,1.0,0.0017057249096978921,0.13563708936453622,0.0,0.6290291484910995,0.0015099462107173167,0.01837158203125,2.033896079286933,0.4002259951084852,0.00341796875,0.0,0.2984246789710596,0.29637685092166066,0.29987386986613274,0.29812654852867126,0.2949233949184418,0.29997149109840393,0.0
1744,4,7143424,97.36547455113137,404.53284980085124,10.125259300984908,22.88531104498543,13,0,0,13,0.0,0.0,1.0,-0.0023975418844202068,0.06458240295319229,0.0,0.6120271817781031,0.005909774488827679,0.06884765625,1.8851187501859386,0.4021616675890982,0.001708984375,0.0048828125,0.29673893126891926,0.2938290738966316,0.2996501757297665,0.2959878444671631,0.29262980818748474,0.2998352348804474,0.0
1745,4,7147520,97.31377524965292,404.8724626793868,10.116766087012365,69.93455501704011,10,0,0,10,0.0,0.0,1.0,6.178981129778549e-05,0.10216352953614205,0.0,0.6184133600909263,0.00463637431312236,0.04278564453125,1.7849552900588606,0.3912722086533904,0.002685546875,0.0009765625,0.2973851505666971,0.294610820885282,0.2999910475919023,0.29876258969306946,0.29671570658683777,0.30000001192092896,0.0
1746,4,7151616,97.32615948534108,414.84542906083385,9.873557024053298,22.864832961990032,9,0,0,9,0.0,0.0,1.0,0.00046604001909145154,0.05775993401357482,0.0,0.6263963936362416,0.00489500441835844,0.046875,1.915916160796769,0.4062936841510236,0.00146484375,0.0,0.29815870051970705,0.29661756881978363,0.2998969276668504,0.2973845303058624,0.2958456873893738,0.30000001192092896,0.0
1747,4,7155712,97.33847023537281,412.3455978429868,9.93341512902407,22.8522834010073,9,0,0,9,0.0,0.0,1.0,-0.0049101308977697045,0.052649593255068794,0.0,0.6103618785273284,0.005469718646054389,0.1219482421875,1.6782560031861067,0.4004835966043174,0.000732421875,0.0,0.29657760699046776,0.29341493610991165,0.29966252128360793,0.2963070869445801,0.29218292236328125,0.2997902035713196,0.0
1748,4,7159808,97.35014474507578,393.80490209958947,10.401089418039192,22.856821197026875,17,0,0,17,0.0,0.0,1.0,-0.0013354305265238509,0.06339505477922103,0.0,0.6141443671658635,0.0038823008071631193,0.0531005859375,1.7990642800868955,0.4027728261426091,0.001953125,0.0,0.29696009174222127,0.2927479643258266,0.29986402683425695,0.29745104908943176,0.2927279472351074,0.30000001192092896,0.0
1749,4,7163904,97.36232112027962,410.3968784116494,9.980582737014629,22.89002728095511,9,0,0,9,0.0,0.0,1.0,0.0010011868325818796,0.061293779727861875,0.0,0.6197111853398383,0.0032618113546050154,0.03472900390625,1.8989836536347866,0.40384163707494736,0.003173828125,0.0,0.2975086861406453,0.29357153980527073,0.29982665518764406,0.29770979285240173,0.2944985628128052,0.299884170293808,0.0
1750,4,7168000,97.31089599040087,408.3985719368263,10.029418028017972,69.92781934101367,10,0,0,10,0.0,0.0,1.0,0.0004834973606193671,0.07132405236507111,0.0,0.6246885419823229,0.007242905478051398,0.05731201171875,1.9366485187783837,0.4007132616825402,0.00146484375,0.0,0.29799641796853393,0.2946896362118423,0.2998358373879455,0.2978001832962036,0.2944120466709137,0.29958370327949524,0.0
1751,4,7172096,97.32266697898706,400.52629468065635,10.226544559991453,22.892742870026268,10,0,0,10,0.0,0.0,1.0,0.0014783127880946267,0.06067795877925164,0.0,0.6198904411867261,0.0033509546010463964,0.0286865234375,1.989156263472978,0.40371069125831127,0.00244140625,0.0,0.29751376569038257,0.29558181372703984,0.299185469863005,0.2976226210594177,0.29666948318481445,0.29914167523384094,0.0
1752,4,7176192,97.33478634951912,407.1251350779549,10.060788801987655,22.84409459703602,12,0,0,12,0.0,0.0,1.0,-0.0010205469370703213,0.1010319261697532,0.0,0.6272488469257951,0.004652637584513286,0.0513916015625,1.7971386361168697,0.4002779182046652,0.002197265625,0.0,0.29824470507446676,0.29718590463744476,0.2995356710162014,0.29853057861328125,0.2971316874027252,0.29984626173973083,0.0
1753,4,7180288,97.34716103542252,414.6190061468568,9.878948961035348,22.824300042004324,9,0,0,9,0.0,0.0,1.0,-0.002999049971549539,0.0580378959027712,0.0,0.6374846063554287,0.004203098902507918,0.0987548828125,1.7000502491428051,0.4060635808855295,0.002685546875,0.0,0.2992662455653772,0.2984819174162112,0.2998750180704519,0.29987943172454834,0.2997685968875885,0.29997965693473816,0.0
1754,4,7184384,97.35911325819032,404.6637778602746,10.121983296005055,22.89291111601051,14,0,0,14,0.0,0.0,1.0,0.0004256464962963946,0.07239362765790247,0.0,0.6424637965392321,0.00317570187326055,0.04095458984375,1.8383286519092508,0.4036439196206629,0.002197265625,0.0,0.2997646373696625,0.29942155483877286,0.29998669488122687,0.2995392680168152,0.29861775040626526,0.30000001192092896,0.0
1755,4,7188480,97.30790312870383,407.12916230468534,10.060689283011016,69.84937219700078,10,0,0,10,0.0,0.0,1.0,-7.741468652966432e-05,0.08653157090111563,0.0,0.6363567996304482,0.00594196032761829,0.0567626953125,1.9600059692165814,0.4108771146275103,0.001220703125,0.0,0.2991484928643331,0.29840669699478894,0.29995011538267136,0.29845935106277466,0.2974364459514618,0.2998730540275574,0.0
1756,4,7192576,97.31992979358289,404.55556989889095,10.12469065998448,22.833188832970336,13,0,0,13,0.0,0.0,1.0,0.0012599207839230075,0.10912047966189675,0.0,0.6342032181564718,0.002397947962890612,0.03759765625,2.0044622545246966,0.4075945084914565,0.00244140625,0.0,0.2989432740723714,0.29752603475935757,0.29998319561127573,0.29906007647514343,0.2974492609500885,0.30000001192092896,0.0
1757,4,7196672,97.33226464777198,415.1252446502586,9.866901742992923,22.84855387598509,7,0,0,7,0.0,0.0,1.0,-0.0044357368897181,0.08837043582752813,0.0,0.6308412889484316,0.011015307140041841,0.097412109375,1.6970197508926503,0.40887790033593774,0.00244140625,0.001220703125,0.2986051822081208,0.2970245494507253,0.2999046511249617,0.2984668016433716,0.29650503396987915,0.29974839091300964,0.0
1758,4,7200768,97.34420923682225,402.69956068328236,10.17135452805087,22.832414427015465,13,0,0,13,0.0,0.0,1.0,0.0005532713512366172,0.120032894875294,0.0,0.6294004074297845,0.005104525211208966,0.03125,1.9163157954462804,0.40305732376873493,0.001708984375,0.00634765625,0.29845842061331496,0.2966012698598206,0.29976871598046273,0.29830610752105713,0.2956446409225464,0.2998632490634918,0.0
1759,4,7204864,97.35633982428361,410.65552539021286,9.97429657401517,22.87998886400601,10,0,0,10,0.0,0.0,1.0,0.0006834621308371425,0.05394854506323554,0.0,0.6319415387697518,0.0036784566873393487,0.03472900390625,1.6922435664309887,0.4070450528524816,0.002197265625,0.0,0.29871633084258065,0.29669595771702006,0.29986235866090283,0.2992522418498993,0.2979227602481842,0.30000001192092896,0.0
1760,4,7208960,97.30516326350605,406.0364608746286,10.087764017982408,69.91286816599313,11,0,0,11,0.0,0.0,1.0,-0.004815710206457879,0.09897759227101233,0.0,0.6336027663201094,0.007337109364016214,0.08380126953125,1.7693359867553227,0.40573940984904766,0.0029296875,0.0,0.2988808961235918,0.297067949839402,0.2999831597553566,0.29903697967529297,0.29720908403396606,0.30000001192092896,0.0
1761,4,7213056,97.31691142680117,398.24593635301284,10.285101807967294,22.798454898002092,13,0,0,13,0.0,0.0,1.0,-0.0036816344945691526,0.08646421977709906,0.0,0.6290630328003317,0.005849307461176068,0.09613037109375,1.9097678636026103,0.41148302238434553,0.001708984375,0.0,0.29843130917288363,0.2954336585244164,0.29998595506185666,0.2978334426879883,0.29376208782196045,0.2998887598514557,0.0
1762,4,7217152,97.32897206654727,408.256719448065,10.032902840001043,22.865717340027913,11,0,0,11,0.0,0.0,1.0,-9.700150258140638e-05,0.08008003518943951,0.0,0.6283086373005062,0.005538809120480437,0.042724609375,1.8345479133713525,0.4051303048618138,0.00146484375,0.0,0.2983629531809129,0.2953218439943157,0.2999724092078395,0.29908889532089233,0.2972666919231415,0.30000001192092896,0.0
1763,4,7221248,97.34093151302575,405.01126741640047,10.113298887037672,22.85406578204129,10,0,0,10,0.0,0.0,1.0,0.00026586825697449967,0.0634736476145008,0.0,0.6378352849278599,0.004049432372994488,0.044921875,1.728083915062598,0.40893683629110456,0.001953125,0.0,0.2992997045512311,0.2984784800792113,0.29997253930196166,0.29892924427986145,0.29839861392974854,0.29998213052749634,0.0
1764,4,7225344,97.35312507212828,413.8112808085182,9.898231850995217,22.882800045015756,9,0,0,9,0.0,0.0,1.0,-0.0012391868040140253,0.17330834968015552,0.0,0.6315657482482493,0.004102667677216232,0.05242919921875,2.040549945551902,0.40785085316747427,0.00244140625,0.0,0.29867433215258643,0.29716335592092946,0.2998620447469875,0.2986561059951782,0.2969014346599579,0.29962337017059326,0.0
1765,4,7229440,97.30217822363599,402.76222800299996,10.16977192799095,69.76873382000485,14,0,0,14,0.0,0.0,1.0,-0.00016332170707755722,0.0940652013550789,0.0,0.6244198931381106,0.006114124938903842,0.060302734375,1.9778293669514824,0.4070642879232764,0.00390625,0.00537109375,0.2979574576020241,0.29731424641795456,0.29869444970972836,0.29714804887771606,0.29641544818878174,0.29802629351615906,0.0
1766,4,7233536,97.3144041590619,414.63179562797734,9.878644240961876,22.876328841026407,8,0,0,8,0.0,0.0,1.0,-0.00023345887530012988,0.06019313418948968,0.0,0.6269656342919916,0.006338956831314135,0.05181884765625,1.8386058934556786,0.4059298443607986,0.003173828125,0.019287109375,0.29821959271794185,0.2972437617718242,0.29943909781286493,0.29895487427711487,0.2979797124862671,0.2999122440814972,0.0
1767,4,7237632,97.32594490233419,394.7392254211473,10.37647068296792,22.893972110003233,16,0,0,16,0.0,0.0,1.0,0.0010191631772613619,0.10670684349167914,0.0,0.6415815933141857,0.003588205774576636,0.02349853515625,1.8494717839639634,0.41382545279338956,0.0029296875,0.01123046875,0.29967782145831734,0.29918685409938917,0.300014931417536,0.2996872365474701,0.29915374517440796,0.30000001192092896,0.0
1768,4,7241728,97.33803333316446,410.37444276778166,9.981128386978526,22.862673238967545,8,0,0,8,0.0,0.0,1.0,-0.002308703464223072,0.06508086207577435,0.0,0.6411860028747469,0.0058941208262695,0.0693359375,1.8883003622468095,0.41249176347628236,0.002197265625,0.001708984375,0.29963756806682795,0.2991842103074305,0.2999644347000867,0.2993737757205963,0.29894569516181946,0.29997503757476807,0.0
1769,4,7245824,97.34985573186952,401.7482216284071,10.195440276991576,22.84381149499677,12,0,0,12,0.0,0.0,1.0,-0.0004910987845505588,0.07176072392132937,0.0,0.6416696824599057,0.00642949773100554,0.05340576171875,1.7736269982415251,0.4076531548053026,0.001953125,0.001953125,0.2996803565765731,0.2994066369137727,0.2999258203199133,0.29965588450431824,0.2993510663509369,0.2999613285064697,0.0
1770,4,7249920,97.29920069273751,419.47113102501925,9.764676749007776,70.06487948202994,6,0,0,6,0.0,0.0,1.0,-0.003376492652023444,0.041826222472877816,0.0,0.6422416414134204,0.006906466096552322,0.07965087890625,1.57671756525815,0.4082734053954482,0.001708984375,0.000732421875,0.2997427381342277,0.2993714362382889,0.30000626819673926,0.29985690116882324,0.29957062005996704,0.30000001192092896,0.0
1771,4,7254016,97.31075865114519,396.2106291611345,10.337935679999646,22.845625029003713,16,0,0,16,0.0,0.0,1.0,-0.0015980231473804452,0.07409618500105353,0.0,0.6423320167232305,0.007105538552423241,0.0589599609375,1.82102399476571,0.41582118021324277,0.00146484375,0.0,0.29974914010381326,0.2993746299762279,0.29999492719070986,0.29966697096824646,0.29904118180274963,0.30000001192092896,0.0
1772,4,7258112,97.32306896911419,418.2736905344486,9.792631218966562,22.863576519011986,8,0,0,8,0.0,0.0,1.0,0.0012762653423123993,0.06617902693437827,0.0,0.63956055091694,0.003813251489191316,0.0401611328125,1.8666156819817843,0.41384423710405827,0.003173828125,0.0,0.29946911049773917,0.29895341623341665,0.2998653344111517,0.29934996366500854,0.2980540990829468,0.30000001192092896,0.0
1773,4,7262208,97.33462079116418,394.8704192764295,10.373023148975335,22.856895597011317,15,0,0,15,0.0,0.0,1.0,-0.000552266936210799,0.049641247196518634,0.0,0.6348428663332015,0.0031219169868563768,0.0506591796875,1.788200186623726,0.4133949759416282,0.00146484375,0.0,0.29899652174208313,0.29831323854159564,0.29957623325753957,0.2985376715660095,0.2969614267349243,0.2993285357952118,0.0
1774,4,7266304,97.34671689116048,411.8164818803432,9.946177922014613,22.85828567604767,8,0,0,8,0.0,0.0,1.0,-0.0003580338134270278,0.05117041486380458,0.0,0.6326609840616584,0.005609835985524114,0.046875,1.8190321491856594,0.42124421894550323,0.001708984375,0.003662109375,0.2987817520624958,0.2973906729603186,0.2996732171741314,0.2984011173248291,0.29706013202667236,0.2996310293674469,0.0
1775,4,7270400,97.296078076806,407.42466750184974,10.05339226295473,69.87553786102217,11,0,0,11,0.0,0.0,1.0,0.0021093449940963183,0.06970545737101475,0.0,0.6343734778929502,0.0034905869433714543,0.037841796875,1.9404101104591973,0.4168703253380954,0.001953125,0.0,0.2989546043681912,0.2977007847512141,0.29986499092774466,0.2988482713699341,0.2966417670249939,0.30000001192092896,0.0
1776,4,7274496,97.30839040788692,418.82384790026526,9.779767844011076,22.857306395017076,6,0,0,6,0.0,0.0,1.0,-0.0006941567480680533,0.06467148536080458,0.0,0.6375376880168915,0.004183076995104784,0.0504150390625,1.9898113411618397,0.41411648876965046,0.001220703125,0.00927734375,0.2992712465347722,0.2982374391867779,0.29994834802346304,0.29921218752861023,0.29863664507865906,0.29995813965797424,0.0
1777,4,7278592,97.31987060606669,392.40142589621524,10.438290306017734,22.829919454990886,18,0,0,18,0.0,0.0,1.0,0.001811943351640366,0.09531911775115987,0.0,0.6403056783601642,0.0039485205452365335,0.02642822265625,1.9198772446834482,0.4086246518418193,0.002685546875,0.001953125,0.2995479579549283,0.2990538449957967,0.2999926099437289,0.2997428774833679,0.29964977502822876,0.29987022280693054,0.0
1778,4,7282688,97.33203614305431,415.9197548120186,9.848053506982978,22.88555898994673,9,0,0,9,0.0,0.0,1.0,-0.0007999584595381748,0.0634037044417255,0.0,0.6395281350705773,0.004456704591575544,0.0872802734375,1.7985789347585524,0.4157706322148442,0.002685546875,0.0,0.29946520854718983,0.29893048625672236,0.2998801259091124,0.2992785573005676,0.29820922017097473,0.29998883605003357,0.0
1779,4,7286784,97.34373646559786,400.09305003881803,10.237618473009206,22.845679814985488,12,0,0,12,0.0,0.0,1.0,0.000900050548807485,0.05150982028783346,0.0,0.6376648382283747,0.0060148916018079035,0.02923583984375,1.7801734363747528,0.4146176860667765,0.001953125,0.0,0.299284499255009,0.29821596801048145,0.29990370594896376,0.2991844713687897,0.2978436350822449,0.2999131381511688,0.0
1780,4,7290880,97.29309589713489,407.30861512539815,10.056256724987179,69.98939573101234,9,0,0,9,0.0,0.0,1.0,-0.0002657278600963764,0.07413321354465552,0.0,0.6371222545858473,0.0075112724261998665,0.0931396484375,1.8503592849010602,0.4251869791187346,0.001953125,0.0,0.2992275519063696,0.29826658638194203,0.29987858748063445,0.2992587983608246,0.2984917461872101,0.30000001192092896,0.0
1781,4,7294976,97.30494345037054,407.07167610897375,10.06211004202487,22.849402338964865,10,0,0,10,0.0,0.0,1.0,0.00012212918773002457,0.0351710250596966,0.0,0.6416140501387417,0.00744566458160989,0.0257568359375,1.6408941995032365,0.41480765119194984,0.00146484375,0.004150390625,0.2996788471355103,0.29911065055057406,0.300003201700747,0.299843966960907,0.29959967732429504,0.30000001192092896,0.0
1782,4,7299072,97.31701144751933,412.3176838224677,9.934087623958476,22.85728218703298,10,1,0,9,0.1,0.0,0.9,-0.0017370211280649528,0.07881381675042576,0.0,0.6423234830144793,0.006844154355349019,0.0826416015625,1.7811325408692937,0.42389260325580835,0.001953125,0.00048828125,0.2997474388103001,0.2994066884275526,0.29996407305588946,0.29992109537124634,0.29990071058273315,0.2999449074268341,0.0
1783,4,7303168,97.32861783536772,397.8647165590811,10.294956626021303,22.844052856962662,17,0,0,17,0.0,0.0,1.0,-0.00010160049350815825,0.036261551207473985,0.0,0.6426467036362737,0.0035813714275718667,0.06268310546875,1.6968094299372751,0.41228725761175156,0.002197265625,0.0,0.29977865662658587,0.2995804002857767,0.2999399423133582,0.2995830476284027,0.29927191138267517,0.29989486932754517,0.0
1784,4,7307264,97.34076370835018,414.63031794669837,9.878679446992464,22.836663644993678,8,0,0,8,0.0,0.0,1.0,0.0005508549875230528,0.11711717510024755,0.0,0.6388177978806198,0.0038949221016082447,0.03515625,1.9036782294570003,0.4149655420333147,0.001708984375,0.003173828125,0.29940107639413327,0.29869562649400905,0.29995141905965284,0.29903167486190796,0.298341304063797,0.29978761076927185,0.0
1785,4,7311360,97.29038678827509,406.42154636219163,10.078205834957771,69.87915173597867,11,0,0,11,0.0,0.0,1.0,-0.003598886225518072,0.09036499926355646,0.0,0.6208890320267528,0.004326804250013083,0.1016845703125,1.9439586428925395,0.4197577270679176,0.00146484375,0.0,0.29761092719854787,0.2954892378184013,0.29963131865952164,0.2961690127849579,0.29261547327041626,0.30000001192092896,0.0
1786,4,7315456,97.30222919056854,407.3645754453353,10.054875280999113,22.893483561987523,10,0,0,10,0.0,0.0,1.0,-0.0006236577464733273,0.08871427393250997,0.0,0.5955186672508717,0.005935914432484424,0.0457763671875,1.9565909504599404,0.41588477697223425,0.002197265625,0.0,0.29511627019383013,0.2912475388147868,0.29879504814743996,0.29443058371543884,0.2899434566497803,0.2983877956867218,0.0
1787,4,7319552,97.31401376284452,403.66384332503225,10.147056932968553,22.837490228004754,14,0,1,13,0.0,0.07142857142857142,0.9285714285714286,-0.0008460693643428385,0.08001834907668126,0.0,0.5859107703436166,0.006807379744714126,0.0897216796875,1.503371643499122,0.4108425001613796,0.002197265625,0.0,0.2941850473289378,0.28929320262977853,0.2989466419094242,0.2939969003200531,0.28798907995224,0.29968512058258057,0.0
1788,4,7323648,97.32619493184626,417.0566612276889,9.82120747800218,22.849179861019365,7,0,0,7,0.0,0.0,1.0,-0.00011449675730546005,0.09938610963922656,0.0,0.583366148872301,0.004757564096507849,0.056396484375,1.8198563978075981,0.421160195954144,0.00244140625,0.0,0.2939756923005916,0.28596383007243276,0.29999335255706683,0.29372191429138184,0.28423964977264404,0.29996898770332336,0.0
1789,4,7327744,97.33758254115227,394.3616795873794,10.386404693999793,22.889571199018974,16,0,2,14,0.0,0.125,0.875,-0.0021925016881141346,0.2858845143509825,0.0,0.5812591162975878,0.007257410201418679,0.06829833984375,1.8176145508768968,0.412888343911618,0.001708984375,0.0,0.29376636078814045,0.2854600154678337,0.2990540927858092,0.2940290868282318,0.2865082919597626,0.2989463806152344,0.0
1790,4,7331840,97.28745069720327,411.34150235914564,9.957662858010735,69.92139967798721,10,0,0,10,0.0,0.0,1.0,0.0008253740270447452,0.07442223048724372,0.0,0.5927276038564742,0.0030752838174521457,0.03021240234375,1.92693446217163,0.4063731739297509,0.001953125,0.0,0.29486698150867596,0.28887045790906996,0.2995690292445943,0.2954977750778198,0.2914121747016907,0.29945915937423706,0.0
1791,4,7335936,97.29949307885876,414.36566115460647,9.884988993988372,22.82133038894972,8,0,0,8,0.0,0.0,1.0,0.0008000851230463013,0.05845448150853372,0.0,0.6046829784754664,0.0037385407340480015,0.0360107421875,1.8444359755812911,0.4115926162339747,0.001708984375,0.0,0.2960325694293715,0.29122441593790427,0.2999374619103037,0.29620668292045593,0.29036280512809753,0.29976686835289,0.0
1792,4,7340032,97.3113848216414,408.0878382297674,10.037054810964037,22.840308402024675,11,0,0,11,0.0,0.0,1.0,-0.001029564176860731,0.09430353771222144,0.0,0.6146577759645879,0.0058538342418614775,0.07684326171875,1.9114904115558602,0.4113231529481709,0.00341796875,0.0,0.29701510281302035,0.29208299139281735,0.2997766111511737,0.2970922589302063,0.2924104928970337,0.2995387315750122,0.0
1793,4,7344128,97.3230970737626,403.0702528356356,10.162000224983785,22.846218308026437,14,0,1,13,0.0,0.07142857142857142,0.9285714285714286,-0.0002964313098345883,0.1741962247651827,0.0,0.6166986997704953,0.003461674215941457,0.0308837890625,1.7859069570258725,0.4157707975246012,0.002197265625,0.0,0.29720721527701244,0.29386163473827764,0.29986802267376333,0.2971147298812866,0.29478418827056885,0.29996833205223083,0.0
1794,4,7348224,97.33514022980583,419.4733224095153,9.764625737036113,22.97883279900998,6,0,0,6,0.0,0.0,1.0,-0.0025886140720103867,0.03942373120889897,0.0,0.604609134607017,0.007859344379539834,0.09918212890625,1.6904054136248305,0.4123707157559693,0.001708984375,0.0,0.29600105673307553,0.29396209958940744,0.29849233431741595,0.2946588397026062,0.2916184961795807,0.29735949635505676,0.0
1795,4,7352320,97.28494789122888,399.34950088429883,10.256679903017357,69.78026894899085,15,0,0,15,0.0,0.0,1.0,-0.0016524353086424526,0.05622615397555819,0.0,0.603054650593549,0.005052369804616319,0.10150146484375,1.732745713525219,0.40013212570920587,0.001953125,0.0,0.29585711780237034,0.29374767100671306,0.2988213957869448,0.29641538858413696,0.29434749484062195,0.29960107803344727,0.0
1796,4,7356416,97.29655665756346,398.71006834724767,10.27312908595195,22.807077837991528,12,0,0,12,0.0,0.0,1.0,0.0009330561151728034,0.06322441644920218,0.0,0.6248696858529001,0.0030068133673921693,0.02777099609375,1.770055712084286,0.4072405556216836,0.0029296875,0.0,0.2980172462412156,0.2958825249224901,0.2998624060419388,0.2985760271549225,0.2973412871360779,0.2992890775203705,0.0
1797,4,7360512,97.30862845520296,414.2525054328698,9.887689141964074,22.824746037018485,9,0,0,9,0.0,0.0,1.0,8.896284271031618e-05,0.016373017403338963,0.0,0.6378704695962369,0.0037182065534580033,0.04254150390625,1.6921970904513728,0.40746846701949835,0.00390625,0.0,0.2993027953780256,0.29879243922187015,0.2997850187239237,0.29932963848114014,0.2988687753677368,0.30000001192092896,0.0
1798,4,7364608,97.32030911921258,403.0619697960255,10.162209057016298,22.845576905994676,11,0,0,11,0.0,0.0,1.0,-0.0009006943182612304,0.08403183165137307,0.0,0.6414441936649382,0.005090496379125398,0.05322265625,1.8572413239744492,0.41288683423772454,0.001708984375,0.0,0.2996632205322385,0.29918391798855737,0.2999738723738119,0.2996891140937805,0.2994658350944519,0.30000001192092896,0.0
1799,4,7368704,97.33231157969605,415.25498958044545,9.863818864978384,22.88586853502784,12,1,0,11,0.08333333333333333,0.0,0.9166666666666666,0.0019949499965150608,0.07049857838956086,0.0,0.6395160479005426,0.0025200376512657385,0.04034423828125,1.992433563573286,0.41081624710932374,0.001708984375,0.004638671875,0.29946369625395164,0.29906890919664875,0.2998183533200063,0.2993011176586151,0.29871365427970886,0.29995226860046387,0.0
1800,4,7372800,97.28231104970698,405.7782729782321,10.094182642991655,69.90399087499827,11,0,0,11,0.0,0.0,1.0,-0.0029471287489286624,0.04750508616689331,0.0,0.6285654988605529,0.006070690738852136,0.08514404296875,1.7502974915551022,0.406089851167053,0.004150390625,0.0,0.29837029974441975,0.2972212364547886,0.2994375427952036,0.29731619358062744,0.2955872118473053,0.29873356223106384,0.0
1801,4,7376896,97.29382853235141,401.1098338145348,10.21166686702054,22.854017364035826,11,0,0,11,0.0,0.0,1.0,-0.0015845593916310463,0.06513185803862598,0.0,0.6099804632831365,0.0056964127616083715,0.053466796875,1.7915077419020236,0.4061927981674671,0.0009765625,0.0,0.29653639398748055,0.29384923924226314,0.29867788060801104,0.29718172550201416,0.29368647933006287,0.30000001192092896,0.0
1802,4,7380992,97.30534325258705,399.0116530831689,10.265364353021141,22.85570384201128,13,0,0,13,0.0,0.0,1.0,-0.0015341493526648264,0.03727833314746931,0.0,0.6082967787515372,0.0053425449041242246,0.0450439453125,1.649887607054552,0.4057111693546176,0.002685546875,0.0,0.29638558166334406,0.2914878631127067,0.29990748135605827,0.2951142191886902,0.2890218496322632,0.29903683066368103,0.0
1803,4,7385088,97.31734950656872,413.0803471634888,9.915746484010015,22.814154337975197,7,0,0,7,0.0,0.0,1.0,-0.0009936290043697227,0.08923074750623528,0.0,0.5773279569111764,0.0040833850544004235,0.06170654296875,1.9940489482833073,0.4122364791110158,0.00244140625,0.0,0.2933880358468741,0.2845243723713793,0.2995063073467463,0.2919657230377197,0.2812961935997009,0.2991344630718231,0.0
1804,4,7389184,97.32895484404189,402.01648496998786,10.188636916980613,22.845852297032252,12,0,0,12,0.0,0.0,1.0,-0.00031155166107055265,0.01688508742176964,0.0,0.527963645523414,0.006938039870874491,0.040771484375,1.8023078856058419,0.41067476430907845,0.00146484375,0.0,0.28862313932040706,0.278450406214688,0.29614246607525274,0.2859238088130951,0.2758582532405853,0.2943163812160492,0.0
1805,4,7393280,97.27942026245275,416.46906606777844,9.835064194980077,69.91147150396137,10,0,0,10,0.0,0.0,1.0,-0.001772567147781956,0.09666512991543641,0.0,0.5166862714104354,0.005551716283662245,0.0556640625,1.9319173149124254,0.3982487632893026,0.003173828125,0.0,0.28763055888703093,0.2744057110976428,0.29800062923459336,0.288733571767807,0.27272772789001465,0.30000001192092896,0.0
1806,4,7397376,97.29115147528819,405.07069273300175,10.111815229989588,22.82346766302362,13,0,0,13,0.0,0.0,1.0,-0.001025389414280653,0.06206735809143993,0.0,0.5275610126554966,0.005579668526479509,0.04638671875,1.975588700355729,0.40346861397847533,0.001953125,0.007568359375,0.28875310899456963,0.2719644833705388,0.2998331229900941,0.28862640261650085,0.2709757089614868,0.30000001192092896,0.0
1807,4,7401472,97.30294398752281,409.1755719181918,10.010372761986218,22.869149683974683,9,0,0,9,0.0,0.0,1.0,0.0011679417402774561,0.08409455016021639,0.0,0.5325668812729418,0.0026579062832752243,0.02606201171875,2.0701054287492298,0.40152333956211805,0.00341796875,0.00146484375,0.2892522920155898,0.2718033629935235,0.2996626172098331,0.2896583378314972,0.2712319493293762,0.2998865246772766,0.0
1808,4,7405568,97.3142152274669,392.72276949563434,10.429749222996179,22.849723918014206,14,0,0,14,0.0,0.0,1.0,-0.0005039731731812935,0.09270178264000606,0.0,0.5416698274202645,0.004195983077806886,0.04180908203125,1.8314480366534553,0.39918514294549823,0.001953125,0.0,0.2901888703927398,0.2709398125880398,0.3000036653247662,0.29024627804756165,0.27094802260398865,0.2999270558357239,0.0
1809,4,7409664,97.32606843149756,410.6995011313553,9.973228573973756,22.843145771999843,8,0,0,8,0.0,0.0,1.0,-4.508714482653886e-06,0.07613115058074982,0.0,0.5398500100709498,0.00277977401856333,0.0660400390625,1.9796696674020495,0.4019470461644232,0.00390625,0.0,0.28995201049838215,0.2725240618456155,0.2999619946349412,0.2901390790939331,0.2739144265651703,0.30000001192092896,0.0
1810,4,7413760,97.27642275090747,403.376691852259,10.154280311020557,69.79274147801334,12,0,0,12,0.0,0.0,1.0,0.0007558192482974846,0.03424027932226181,0.0,0.544062243308872,0.0033437147139920853,0.0299072265625,1.8757708541234024,0.4072058601304889,0.00341796875,0.0,0.2903231121599674,0.2739122646744363,0.29934679059078917,0.2904606759548187,0.2739473581314087,0.29921266436576843,0.0
1811,4,7417856,97.28832592234326,414.58526484403995,9.879752965993248,22.834783713973593,10,0,2,8,0.0,0.2,0.8,-0.0004021115746581927,0.14415222210379852,0.0,0.5524921340402216,0.0027828071106341667,0.05389404296875,1.558399221044965,0.4096498121507466,0.00244140625,0.0,0.2911678003729321,0.27392167068319395,0.29990413488121703,0.29115229845046997,0.2737978994846344,0.30000001192092896,0.0
1812,4,7421952,97.29986264958578,401.4720144297663,10.202454599027988,22.852753645041957,14,0,0,14,0.0,0.0,1.0,-0.004292793051718036,0.03452058641471467,0.0,0.5520567838102579,0.006669191858236445,0.07379150390625,1.6258851427701302,0.4122682008892298,0.001953125,0.0,0.29110983258578926,0.2742686857236549,0.29987533623352647,0.2914619445800781,0.27487510442733765,0.29995185136795044,0.0
1813,4,7426048,97.31169672498675,410.8854595982814,9.968714891991112,22.84546901396243,11,0,0,11,0.0,0.0,1.0,0.0016254061556537636,0.0626435221194015,0.0,0.5582890145014971,0.0032214606762863696,0.01922607421875,1.9658679385029245,0.40856844186782837,0.00146484375,0.0,0.291673727275338,0.27634088072227314,0.2999737687641755,0.2916000187397003,0.2773011326789856,0.30000001192092896,0.0
1814,4,7430144,97.3233249034998,405.0247470603922,10.11296230595326,22.854919167002663,9,0,0,9,0.0,0.0,1.0,-0.0017909774360305164,0.08292938956810758,0.0,0.5584311001002789,0.006138083823316265,0.08343505859375,1.9546380600950215,0.4072558549232781,0.00146484375,0.0,0.29166674811858684,0.27701752190478146,0.2997998960199766,0.2912917137145996,0.2756822407245636,0.2994481921195984,0.0
1815,4,7434240,97.2738171745486,406.24392061952614,10.082612421014346,69.86575882398756,9,0,0,9,0.0,0.0,1.0,-0.0018452533295203466,0.07364091115550764,0.0,0.5596601730212569,0.007090541006618878,0.06298828125,1.9268525316147134,0.3974767392501235,0.0009765625,0.0,0.29179780988488346,0.27677941165165976,0.299880477366969,0.2916199564933777,0.2767132520675659,0.30000001192092896,0.0
1816,4,7438336,97.28529713153927,400.24243168752514,10.233797508000862,22.849473804992158,13,0,0,13,0.0,0.0,1.0,-0.002153253968572244,0.11267145182955574,0.0,0.5503416610881686,0.005604278023383813,0.068115234375,1.9914366832817905,0.3989104717038572,0.001220703125,0.0,0.2908865188364871,0.2759195286198519,0.29895157110877335,0.29043281078338623,0.27466267347335815,0.29947319626808167,0.0
1817,4,7442432,97.2973373486669,419.22711499376175,9.770360392984003,22.865111205959693,8,0,0,8,0.0,0.0,1.0,-0.0027791233969765017,0.038143486869671506,0.0,0.5225818753242493,0.005403278904850595,0.0550537109375,1.7874343963922001,0.39896474964916706,0.003173828125,0.0,0.288198612339329,0.2736872413661331,0.2971009851898998,0.2861481308937073,0.27218863368034363,0.29557037353515625,0.0
1818,4,7446528,97.30868682858096,396.9181705720991,10.319507403997704,22.850914137030486,18,0,0,18,0.0,0.0,1.0,-0.00036227678174327593,0.03521557422254773,0.0,0.4937372913118452,0.005885822312848177,0.0716552734375,1.8230366795905866,0.39584137685596943,0.001708984375,0.00048828125,0.2854276371654123,0.2718704557628371,0.29487796750618145,0.28431111574172974,0.27067282795906067,0.29416796565055847,0.0
1819,4,7450624,97.32072866277441,417.33492723494913,9.814659000956453,22.803377426986117,8,0,0,8,0.0,0.0,1.0,-0.00021138068404980004,0.0655125185463703,0.0,0.4894532647449523,0.005307365827320609,0.03076171875,1.9730473996314686,0.38759566843509674,0.002197265625,0.000244140625,0.2849977690493688,0.27320455689914525,0.29489946289686486,0.2857554256916046,0.2755308151245117,0.29537448287010193,0.0
1820,4,7454720,97.27136496538203,407.9362847727905,10.040783702977933,69.90302247798536,9,0,0,9,0.0,0.0,1.0,-0.0012999617974855937,0.04900636056152052,0.0,0.510755303548649,0.0070797512198623735,0.06817626953125,1.7969163023517467,0.3929579760879278,0.002685546875,0.0,0.2870050629135221,0.2769494106178172,0.29720930237090215,0.28771835565567017,0.2774322032928467,0.298772394657135,0.0
1821,4,7458816,97.28296280335299,406.378957400626,10.079262042010669,22.82765431399457,10,0,0,10,0.0,0.0,1.0,-0.0016716384343453683,0.06519208750137295,0.0,0.5056008656974882,0.005167683706531534,0.047607421875,1.8066782983078156,0.39658775832504034,0.00244140625,0.0,0.2865251832990907,0.275846850941889,0.29767676669871435,0.286318302154541,0.27541008591651917,0.2977025508880615,0.0
1822,4,7462912,97.29451156812276,403.2331771700945,10.157894319971092,22.839202619041316,14,0,0,14,0.0,0.0,1.0,0.0005287202548061032,0.049482017630680275,0.0,0.506540724541992,0.004788266927789664,0.0482177734375,1.8766678992542438,0.3915072865784168,0.0029296875,0.0,0.2866217259434052,0.27569957671221346,0.29771267977776006,0.28715240955352783,0.2754421532154083,0.2985966205596924,0.0
1823,4,7467008,97.30652225450086,418.67710990576126,9.78319545800332,22.84173618303612,8,0,0,8,0.0,0.0,1.0,0.0001453773056709906,0.09858639385493007,0.0,0.5201904941350222,0.0023330458825512324,0.03466796875,1.9578671885537915,0.3999556517228484,0.003173828125,0.0,0.28795049007749185,0.2767205291893333,0.2999125669593923,0.28844940662384033,0.2784563899040222,0.30000001192092896,0.0
1824,4,7471104,97.31772700006432,394.7191141823313,10.376999372034334,22.875403212965466,16,0,0,16,0.0,0.0,1.0,-0.0005593294263235293,0.06757092565817402,0.0,0.5217433285433799,0.0050881595561804716,0.055908203125,1.883432157424977,0.4037712598219514,0.001953125,0.0,0.28809523582458496,0.2764054561848752,0.2998074346105568,0.28790920972824097,0.27440163493156433,0.30000001192092896,0.0
1825,4,7475200,97.26861154544363,416.06758081587776,9.844554560026154,70.01210510602687,8,0,0,8,0.0,0.0,1.0,-0.0007301906625798438,0.05218636791039444,0.0,0.5301699251867831,0.0069805022940272465,0.07586669921875,1.788542937953025,0.4027424054220319,0.003173828125,0.0,0.2889249647851102,0.2755403267801739,0.29972522478783503,0.28915053606033325,0.27594685554504395,0.2991258203983307,0.0
1826,4,7479296,97.28032690668239,409.03266580123295,10.01387014403008,22.8349572729785,8,0,0,8,0.0,0.0,1.0,1.5773437553434633e-05,0.06866502170908007,0.0,0.557744799181819,0.00379483944925596,0.05645751953125,1.7588830649328884,0.4027788979001343,0.00146484375,0.0,0.29156094521749765,0.27904582855990157,0.29903094295877963,0.29353415966033936,0.2816338837146759,0.2999512255191803,0.0
1827,4,7483392,97.29174544476314,401.48738132292635,10.202064101002179,22.873402109951712,11,0,0,11,0.0,0.0,1.0,-0.0007120725094864611,0.03565476086424724,0.0,0.5780653345864266,0.004891719476290746,0.046630859375,1.7778600416204426,0.4004346071742475,0.003662109375,0.0,0.2935136899468489,0.2815472282236442,0.2997284203302115,0.29264044761657715,0.28046682476997375,0.29912251234054565,0.0
1828,4,7487488,97.3029375102273,393.5780905713742,10.40708336699754,22.83999086904805,17,0,0,17,0.0,0.0,1.0,-0.0026929601190204266,0.08711308713236576,0.0,0.5750255023594946,0.006243951735086739,0.08782958984375,1.7562659541436005,0.3920060070231557,0.002197265625,0.0,0.29320574610028416,0.2820892370073125,0.2998919020174071,0.2932341396808624,0.2823692262172699,0.299887478351593,0.0
1829,4,7491584,97.31474744775973,414.22374379336395,9.888375693990383,22.862250820966437,6,0,0,6,0.0,0.0,1.0,-0.005400255955464672,0.10029736874139417,0.0,0.5765138750430197,0.008439146760792937,0.0948486328125,1.897939188464079,0.3951719240285456,0.001953125,0.0,0.29336399713065475,0.28165996266761795,0.2999647108372301,0.2932788133621216,0.2802220284938812,0.30000001192092896,0.0
1830,4,7495680,97.26546256958629,393.94855573473836,10.397296653012745,69.70751446299255,15,0,0,15,0.0,0.0,1.0,-0.0008273266939795576,0.094485484465622,0.0,0.5768597209826112,0.003261388628743589,0.064453125,1.8569734343909658,0.4039916591718793,0.001220703125,0.005126953125,0.29339736566180363,0.28174643218517303,0.29999056563246995,0.29344990849494934,0.28309983015060425,0.29994645714759827,0.0
1831,4,7499776,97.27706149875539,409.3035953912209,10.007241681043524,22.84937546902802,9,0,0,9,0.0,0.0,1.0,-0.003009909505635733,0.06526322506283577,0.0,0.5873033704701811,0.007809778842783999,0.09124755859375,1.8397329506697133,0.40272895619273186,0.002685546875,0.0,0.2943876915378496,0.28439017751952633,0.29988189873984084,0.2950831353664398,0.28577300906181335,0.2997424900531769,0.0
1832,4,7503872,97.28874087061494,408.58026883750483,10.024957915011328,22.820387372979894,10,0,0,10,0.0,0.0,1.0,-0.0036782651586690918,0.054546439404589364,0.0,0.6020645811222494,0.009141076763626188,0.098388671875,1.7858241273788735,0.39609418995678425,0.002685546875,0.0,0.2958041991805658,0.287844289385248,0.29989258816931397,0.2956532835960388,0.28812333941459656,0.2995951473712921,0.0
1833,4,7507968,97.30039408473814,407.94739266872557,10.040510305028874,22.817672748002224,10,0,0,10,0.0,0.0,1.0,-0.00306455438840203,0.07539384343556321,0.0,0.6095900379586965,0.005715080762456637,0.09320068359375,1.7258439070137683,0.4022068437188864,0.002197265625,0.0,0.29653090704232454,0.2901787362061441,0.29990778455976397,0.2973026633262634,0.29196569323539734,0.2999970614910126,0.0
1834,4,7512064,97.31184847690614,403.1828614638624,10.159161987015978,22.848690290993545,15,0,0,15,0.0,0.0,1.0,0.0007550992413598578,0.05320854365129435,0.0,0.6117673669941723,0.007689977697737049,0.04833984375,1.8403304627572652,0.40182578144595027,0.002685546875,0.0,0.2967413194710389,0.2905212639598176,0.29997121123597026,0.296489953994751,0.289469838142395,0.30000001192092896,0.0
1835,4,7516160,97.26303234980537,415.5815237163517,9.85606858402025,69.98339137702715,8,0,0,8,0.0,0.0,1.0,0.0012037168853566982,0.05088616386308331,0.0,0.6103419137652963,0.006692402726912405,0.0599365234375,1.8780777355132159,0.40882966527715325,0.00244140625,0.0,0.2965904803131707,0.29126071103382856,0.2995090933400206,0.2964884638786316,0.2921375334262848,0.29869550466537476,0.0
1836,4,7520256,97.27433310161689,398.1992517961893,10.286307624948677,22.84288013103651,13,0,0,13,0.0,0.0,1.0,-0.0017907914698298555,0.08405005951146904,0.0,0.6227124743163586,0.0068142731543048285,0.05609130859375,1.7827307790284976,0.4012996102683246,0.003662109375,0.0,0.297800763102714,0.29547092207940295,0.2994742042501457,0.2984914183616638,0.2978833019733429,0.29947012662887573,0.0
1837,4,7524352,97.28589529095598,405.38919651164906,10.103870638995431,22.809870075958315,9,0,0,9,0.0,0.0,1.0,-0.0034726889316516463,0.0739732950491998,0.0,0.6284543296787888,0.003408282354939729,0.0948486328125,1.8317312148865312,0.40799477929249406,0.00146484375,0.0,0.2983647790970281,0.29627933487063274,0.2998327636742033,0.29758507013320923,0.2945282757282257,0.2995171546936035,0.0
1838,4,7528448,97.29751020876768,409.7183513237512,9.99711139802821,22.86675224499777,10,0,0,10,0.0,0.0,1.0,-0.00047607324086129665,0.0912965011182223,0.0,0.6293203844688833,0.002914304473961238,0.0621337890625,1.8084431141614914,0.4027364538051188,0.00341796875,0.0,0.2984631430590525,0.2957280150731094,0.30000036832643673,0.2990443706512451,0.29718008637428284,0.30000001192092896,0.0
1839,4,7532544,97.3090860427366,407.8464151103829,10.042996207019314,22.844054186949506,11,0,0,11,0.0,0.0,1.0,-0.000888274924363941,0.17898285541377845,0.0,0.6383646670728922,0.005247554920060793,0.05194091796875,1.9539683072944172,0.39770603459328413,0.001220703125,0.0,0.29934929497539997,0.298762735852506,0.29979016084689647,0.29917722940444946,0.2987331449985504,0.29971417784690857,0.0
1840,4,7536640,97.26043576043297,410.3484258353033,9.981761211005505,69.83701415598625,13,0,0,13,0.0,0.0,1.0,-0.00349343016569037,0.06546694340659087,0.0,0.6376726382877678,0.0026147599455725867,0.09619140625,1.846650169143686,0.40183765115216374,0.002685546875,0.0,0.29928023839602247,0.29847797116963193,0.2998490473255515,0.29896339774131775,0.2979906499385834,0.2997576594352722,0.0
1841,4,7540736,97.27199851751715,410.1607581717914,9.986328331986442,22.850535525009036,11,0,0,11,0.0,0.0,1.0,0.0007988425277289934,0.07012046902070779,0.0,0.6247983174398541,0.00484759116807254,0.06060791015625,1.9222945671353955,0.4048748970963061,0.003173828125,0.0,0.2979944287217222,0.29750232689548284,0.29838715703226626,0.2973743677139282,0.29698237776756287,0.2976312041282654,0.0
1842,4,7544832,97.28342546990253,404.4413514530748,10.127549977973104,22.869323257997166,10,0,0,10,0.0,0.0,1.0,-0.00015531508688582107,0.0493749490249229,0.0,0.6204019656870514,0.007639748950168723,0.06146240234375,1.8825609140621964,0.3980393777601421,0.001708984375,0.0,0.29756397946039215,0.29626439878484234,0.29867602267768234,0.29812783002853394,0.2962534427642822,0.2997823655605316,0.0
1843,4,7548928,97.2948015996222,400.94909623800544,10.21576064999681,22.814166415017098,13,0,0,13,0.0,0.0,1.0,-0.0007121271955838893,0.054021579273580755,0.0,0.6278176000341773,0.004369017253338825,0.05517578125,1.86119613685878,0.3982388712465763,0.00244140625,0.0,0.2983004548586905,0.29702417115913704,0.29953161312732846,0.2983730435371399,0.2972700595855713,0.2991151213645935,0.0
1844,4,7553024,97.3065593132899,413.8251358079264,9.897900454991031,22.81975267303642,8,0,0,8,0.0,0.0,1.0,-0.0010125223307113629,0.058497152444147105,0.0,0.6218415533658117,0.006058071867300896,0.0733642578125,1.8680035685538314,0.39900695625692606,0.00244140625,0.0,0.29770257603377104,0.29673313576495275,0.2985267974436283,0.2972448468208313,0.2959887385368347,0.29820045828819275,0.0
1845,4,7557120,97.25782298528563,403.75162620091373,10.144850780023262,69.84921729599591,12,0,0,12,0.0,0.0,1.0,-1.1655803973553702e-05,0.1143774065803882,0.0,0.6263019863981754,0.004409570054122014,0.04022216796875,1.936219017545227,0.3999501462094486,0.00244140625,0.0,0.2981546242372133,0.2967382938368246,0.2996467937482521,0.2982496917247772,0.29662272334098816,0.30000001192092896,0.0
1846,4,7561216,97.26951412464143,413.34658535490445,9.90935971197905,22.86029151902767,10,0,0,10,0.0,0.0,1.0,-0.0009077096183318645,0.049565337831154466,0.0,0.6192066178191453,0.005784304627013626,0.05133056640625,1.7311087710986612,0.4020562279038131,0.00244140625,0.0,0.297440038935747,0.2966628563590348,0.29824749095132574,0.2964478135108948,0.29547828435897827,0.29737403988838196,0.0
1847,4,7565312,97.28108068855171,406.9917225273794,10.064086744969245,22.79719783598557,13,0,0,13,0.0,0.0,1.0,-0.003201789319064119,0.05472931811436865,0.0,0.6129689703229815,0.009024997354572406,0.08929443359375,1.8466896426107269,0.39996560430154204,0.00146484375,0.0,0.2968331564334221,0.2945351942908019,0.29901561728911474,0.2974068820476532,0.29393622279167175,0.29993438720703125,0.0
1848,4,7569408,97.29265799865824,409.2822525378155,10.007763528963551,22.83717130299192,12,0,0,12,0.0,0.0,1.0,-0.0010109134236699902,0.06529505972014249,0.0,0.5999229846056551,0.005142815483850427,0.06304931640625,1.9478234452253673,0.40063686529174447,0.002685546875,0.0,0.2955504889250733,0.29101238964358345,0.2984783233841881,0.2939126193523407,0.289144366979599,0.2973678708076477,0.0
1849,4,7573504,97.30401481579753,404.018990388402,10.138137308997102,22.875442833988927,9,0,0,9,0.0,0.0,1.0,0.0012979174425709061,0.04473636073231546,0.0,0.5981244370341301,0.0038761618015996646,0.03765869140625,1.7311958901264006,0.39328056294471025,0.00244140625,0.0,0.29540548514341936,0.28870971145806834,0.29902369040064514,0.29631635546684265,0.28925469517707825,0.2998736798763275,0.0
1850,4,7577600,97.25546005276445,408.04750849872386,10.038046832021791,69.92018616601126,10,0,1,9,0.0,0.1,0.9,0.0016956245381152257,0.1506887962145811,0.0,0.6122887486126274,0.005022625111450907,0.03277587890625,1.7978622777445707,0.39577569579705596,0.002685546875,0.0,0.2967940412927419,0.2907431641360745,0.29990704252850264,0.29716384410858154,0.291562557220459,0.30000001192092896,0.0
1851,4,7581696,97.26670958510344,401.5654041804934,10.20008187298663,22.840007285005413,12,0,0,12,0.0,0.0,1.0,0.0005964918091194704,0.06118686881166013,0.0,0.610243919538334,0.001959285840712255,0.0341796875,1.8224077498889528,0.39646655740216374,0.001220703125,0.0,0.2965908959740773,0.2902661099215038,0.29994605464162305,0.2962650656700134,0.28965359926223755,0.30000001192092896,0.0
1852,4,7585792,97.2786267860735,422.0604394097782,9.704771207005251,22.8513375580078,8,0,0,8,0.0,0.0,1.0,-0.003358830257639056,0.056670704795578786,0.0,0.603651036741212,0.00651571509661153,0.06951904296875,1.802438443468418,0.39516858011484146,0.001953125,0.0,0.2959350523306057,0.28997350757708773,0.2992470593890175,0.2961249351501465,0.29065197706222534,0.29904231429100037,0.0
1853,4,7589888,97.28970544028725,393.0536261015183,10.420969882979989,22.796096467995085,17,0,0,17,0.0,0.0,1.0,-0.0037647995159204584,0.09346858527646873,0.0,0.6134203406982124,0.007021353481832193,0.09832763671875,1.7733104926592205,0.39861420914530754,0.00244140625,0.0,0.2968895742087625,0.2925490766065195,0.29972431337228045,0.2969834804534912,0.29343682527542114,0.30000001192092896,0.0
1854,4,7593984,97.30134037481791,411.2937415200769,9.958819175953977,22.807842587004416,9,0,0,9,0.0,0.0,1.0,-0.0012660760476137511,0.0911184901233355,0.0,0.6241859083529562,0.004997805306629743,0.0577392578125,1.8363866313593462,0.39738098438829184,0.0029296875,0.0,0.2979482018854469,0.2957370825461112,0.29982507292879745,0.29880571365356445,0.29750844836235046,0.2999853193759918,0.0
1855,4,7598080,97.25304090313034,412.01927893813604,9.941282385028899,69.91876419400796,8,0,0,8,0.0,0.0,1.0,-0.002278809830386308,0.060216108268377866,0.0,0.6322603484150022,0.005870656095794402,0.05694580078125,1.8527031194535084,0.4017303246073425,0.001708984375,0.0,0.2987410202040337,0.29755554714938626,0.29983161913696676,0.29833319783210754,0.29622557759284973,0.29993999004364014,0.0
1856,4,7602176,97.26461245251151,409.6762902469081,9.998137791990303,22.818227415031288,12,0,0,12,0.0,0.0,1.0,-0.0014484732346318197,0.05350575815782577,0.0,0.6146981676574796,0.005206665053265169,0.09033203125,1.8501819367229473,0.4090062412433326,0.002685546875,0.0,0.2969959444599226,0.2949592932709493,0.298491706547793,0.29604390263557434,0.2935250401496887,0.2980653643608093,0.0
1857,4,7606272,97.27580772879413,397.14789981029776,10.313538110000081,22.797585870022886,12,0,2,10,0.0,0.16666666666666666,0.8333333333333334,0.001035103548929328,0.24253972982751293,0.0,0.6077759964391589,0.003714658105309354,0.01953125,1.7760810183826834,0.40460717119276524,0.00146484375,0.0,0.29631433793110773,0.2947858401457779,0.29779091279488057,0.29628676176071167,0.2947787642478943,0.29887622594833374,0.0
1858,4,7610368,97.28737386759907,408.9552109509154,10.015766740019899,22.78946762497071,11,0,1,10,0.0,0.09090909090909091,0.9090909090909091,-0.001478171316193766,0.20178528703490883,0.0,0.6256000108551234,0.004115882205951493,0.052490234375,1.704845370433759,0.3980568079277873,0.0009765625,0.0,0.298087612609379,0.29707432247232646,0.29961421590996906,0.2993348240852356,0.29839274287223816,0.30000001192092896,0.0
1859,4,7614464,97.29847013758145,395.7388709242558,10.35025947901886,22.824746281956322,15,0,1,14,0.0,0.06666666666666667,0.9333333333333333,0.0004600249958457425,0.1895467894983085,0.0,0.639604571973905,0.004397759130370105,0.0289306640625,1.7061759507923853,0.4073517960496247,0.002197265625,0.0,0.2994801921886392,0.2985868008690886,0.29998788656666875,0.2996639907360077,0.2995196282863617,0.29974862933158875,0.0
1860,4,7618560,97.25037292355505,415.0272463910939,9.869231563992798,69.93765422195429,7,0,0,7,0.0,0.0,1.0,-0.004155753646045923,0.0544205846931618,0.0,0.6273371879942715,0.006826539887697436,0.090087890625,1.7809365246503148,0.4114995924755931,0.000732421875,0.0,0.29824986023595557,0.29650619631865993,0.2993551320396364,0.297160267829895,0.2939213514328003,0.2990926206111908,0.0
1861,4,7622656,97.26180507726919,406.70306545155813,10.07122972002253,22.771934225980658,12,0,4,8,0.0,0.3333333333333333,0.6666666666666666,-0.0020165259811619762,0.4292714082121165,0.0,0.6209522231947631,0.004743782868899871,0.06048583984375,1.772743457404431,0.4076726622879505,0.002685546875,0.0,0.2976371555705555,0.2936427252134308,0.29996382171520963,0.2977261245250702,0.29335901141166687,0.30000001192092896,0.0
1862,4,7626752,97.2731291093429,401.2530927188659,10.208021008002106,22.774985052004922,11,0,1,10,0.0,0.09090909090909091,0.9090909090909091,-0.0009913108515320346,0.13953794202438985,0.0,0.6113154301419854,0.004834546729398426,0.06353759765625,1.6795518469298258,0.40388372354209423,0.001953125,0.0,0.29668533557560295,0.29137684288434684,0.29988519119797274,0.29606014490127563,0.2907310426235199,0.29963767528533936,0.0
1863,4,7630848,97.28442365855828,401.21587424576,10.208967946993653,22.79093998397002,14,0,1,13,0.0,0.07142857142857142,0.9285714285714286,-0.001743925178743666,0.1369144846059953,0.0,0.6221444911789149,0.006916095484484686,0.07952880859375,1.5217571884859353,0.4018277688883245,0.0029296875,0.0,0.29775984009029344,0.29372487316140905,0.3000029028626159,0.298393189907074,0.29539719223976135,0.30000001192092896,0.0
1864,4,7634944,97.29599926263076,411.4282589817146,9.95556311600376,22.80982435203623,9,0,1,8,0.0,0.1111111111111111,0.8888888888888888,-0.004346444737166166,0.129590804084728,0.0,0.6193243456073105,0.004686697498982539,0.10455322265625,1.6494768544507679,0.4062394443899393,0.00244140625,0.0,0.29745769361034036,0.2948850793763995,0.29931829089764506,0.29719623923301697,0.29526960849761963,0.29883381724357605,0.0
1865,4,7639040,97.24796790500297,398.1021058247584,10.288817718042992,69.57237921998603,16,0,3,13,0.0,0.1875,0.8125,0.0003162009634252172,0.29208142673405746,0.0,0.6215086539741606,0.0034538705804152414,0.0374755859375,1.587978707102593,0.3999583567492664,0.00146484375,0.0,0.29769032821059227,0.29378937871661037,0.29980540479300544,0.29781728982925415,0.2934702932834625,0.30000001192092896,0.0
1866,4,7643136,97.25950442554942,410.0772537737541,9.988361856958363,22.807215092005208,6,0,0,6,0.0,0.0,1.0,-6.572412166860886e-05,0.05113083186870426,0.0,0.6300930888392031,0.004471137963264482,0.046142578125,1.719582585414173,0.40978062339127064,0.001708984375,0.0,0.2985382527112961,0.29581330466317013,0.29999507282627746,0.2990764379501343,0.29774823784828186,0.2997596859931946,0.0
1867,4,7647232,97.27083720884009,402.53161389473036,10.175598284986336,22.77706639096141,12,0,1,11,0.0,0.08333333333333333,0.9166666666666666,-0.0006424324928957503,0.13319537914708235,0.0,0.6414848344866186,0.0039423432244802825,0.0267333984375,1.5084708286449313,0.41036247787997127,0.00146484375,0.0,0.29966818779939786,0.2990902729216032,0.30001067486591637,0.2998847961425781,0.29966825246810913,0.30000001192092896,0.0
1868,4,7651328,97.28188607449401,394.44030249762295,10.384334394999314,22.790202637028415,13,0,4,9,0.0,0.3076923076923077,0.6923076923076923,-0.002568101233919151,0.36512516345374024,0.0,0.6391087041702121,0.005550310157559579,0.0819091796875,1.6305002760782372,0.41044572554528713,0.001220703125,0.0,0.29943249200005084,0.2983735531452112,0.30002223362680525,0.2990063428878784,0.2972053289413452,0.30000001192092896,0.0
1869,4,7655424,97.29305075364121,397.9918288440639,10.291668579971883,22.781432093994226,13,0,1,12,0.0,0.07692307692307693,0.9230769230769231,-0.0032725175406085327,0.1603140440435027,0.0,0.6358467326499522,0.006674236516118981,0.08160400390625,1.6525323102250695,0.40602788934484124,0.002685546875,0.0,0.2991009390098043,0.29800623725168407,0.2999717755592428,0.29912447929382324,0.29827627539634705,0.2999805808067322,0.0
1870,4,7659520,97.24514328339058,414.3645479642484,9.885015550011303,69.98175119596999,7,0,0,7,0.0,0.0,1.0,0.000660272198729217,0.03307205729470297,0.0,0.6368297408334911,0.005735880469728727,0.0428466796875,1.6483920880127698,0.4035374978557229,0.001708984375,0.0,0.29920388222672045,0.29784511699108407,0.29999776370823383,0.29923826456069946,0.2977147400379181,0.30000001192092896,0.0
1871,4,7663616,97.25621266513028,397.7033236597917,10.299134446016978,22.78937885101186,13,0,0,13,0.0,0.0,1.0,0.001387052452628268,0.04537631198360259,0.0,0.637266255216673,0.0047603555576642975,0.04803466796875,1.719642925017979,0.4033455802127719,0.0029296875,0.0,0.299243627989199,0.2983045859145932,0.2999742515385151,0.29909399151802063,0.2979908585548401,0.2998516857624054,0.0
1872,4,7667712,97.26761491924158,407.2651266701034,10.057330548996106,22.814849510032218,7,0,0,7,0.0,0.0,1.0,-0.0018721493797784206,0.08264146901774438,0.0,0.6361759244464338,0.003582385583285941,0.0531005859375,1.8439243040047586,0.3948514349758625,0.00244140625,0.0,0.2991314069367945,0.29814597888616845,0.2997912915307097,0.2988632023334503,0.2979350686073303,0.2995925545692444,0.0
1873,4,7671808,97.27871509709514,396.3981216159589,10.3330459370045,22.77651048300322,14,0,1,13,0.0,0.07142857142857142,0.9285714285714286,0.001091215181077132,0.13569440076287265,0.0,0.6403349374886602,0.0031835995250730775,0.03668212890625,1.6401817944279173,0.39236646611243486,0.001953125,0.0,0.2995516689843498,0.29894400032935664,0.29996219446184114,0.2995980679988861,0.2991744875907898,0.30000001192092896,0.0
1874,4,7675904,97.2899160124415,400.6760883112102,10.222721343976445,22.797861700004432,13,0,0,13,0.0,0.0,1.0,-0.0011554614939086605,0.0976630805912464,0.0,0.6396780968643725,0.004748175975691993,0.05316162109375,1.8804385636176448,0.4012528145685792,0.0009765625,0.0,0.2994828275986947,0.29891347722150385,0.29989917430793867,0.2994689345359802,0.29885053634643555,0.30000001192092896,0.0
1875,4,7680000,97.24192199494897,398.8184454000394,10.270337411027867,69.77603523700964,10,0,0,10,0.0,0.0,1.0,-0.0009149781690211967,0.08823650184012877,0.0,0.6233633775264025,0.0059122565035067964,0.05120849609375,1.8450879493029788,0.40209128241986036,0.00244140625,0.0,0.29785555077251047,0.2959687914699316,0.29980973969213665,0.2969362139701843,0.2936594784259796,0.2999860346317291,0.0
1876,4,7684096,97.25338890172745,408.3300312112037,10.031101527973078,22.772515664983075,9,0,0,9,0.0,0.0,1.0,-0.0008598806889494881,0.05095520218594629,0.0,0.6052907842677087,0.0014739663602085784,0.07098388671875,1.8099245737103047,0.3976597236469388,0.0029296875,0.0,0.2960714778746478,0.2930466932011768,0.29839949612505734,0.2952248156070709,0.291902095079422,0.2972385585308075,0.0
1877,4,7688192,97.26472322030955,404.20467594706196,10.13348000094993,22.770230256952345,12,0,0,12,0.0,0.0,1.0,-0.0010562457719061058,0.08312543920123971,0.0,0.5983431523200125,0.005541861792153213,0.0621337890625,1.8870505680533824,0.4004046362824738,0.002197265625,0.0,0.29540115856798366,0.2906980703701265,0.2984454996767454,0.29534924030303955,0.2896934449672699,0.2995045483112335,0.0
1878,4,7692288,97.27605000358042,405.592584248455,10.098803969973233,22.80324933998054,9,0,0,9,0.0,0.0,1.0,0.0004962954189977609,0.09978100114221888,0.0,0.6057783206924796,0.004697581571235787,0.05316162109375,1.8986882130848244,0.3977578063495457,0.003173828125,0.0,0.29614874481922016,0.2903145871241577,0.2998842351953499,0.2963005304336548,0.2896331548690796,0.2997243404388428,0.0
1879,4,7696384,97.28700569724208,396.5985533744608,10.327823853993323,22.86827032500878,13,0,1,12,0.0,0.07692307692307693,0.9230769230769231,-0.0002077927565551363,0.10455855787176915,0.0,0.609637051820755,0.007638975708687212,0.066650390625,1.35212551523,0.39784729294478893,0.001953125,0.0,0.2965338579961099,0.29001041495939717,0.2999215155141428,0.2965034246444702,0.2901001274585724,0.30000001192092896,0.0
1880,4,7700480,97.23937357199644,404.19609018623584,10.133695252006873,69.72676126100123,12,0,0,12,0.0,0.0,1.0,-0.006138202375950641,0.06707096739512508,0.0,0.6065295841544867,0.006139695007732371,0.113037109375,1.6583772225712892,0.40059847570955753,0.001953125,0.0,0.29622438841033727,0.28987939277430996,0.2998892795294523,0.29570698738098145,0.2886236906051636,0.30000001192092896,0.0
1881,4,7704576,97.25075423788307,409.08296364167876,10.012638912012335,22.779301310016308,11,0,1,10,0.0,0.09090909090909091,0.9090909090909091,0.0017545840637467336,0.12176980719965513,0.0,0.5985800041817129,0.0032413363369414583,0.032958984375,1.6161122001212789,0.3967946283519268,0.0009765625,0.0,0.2954458696185611,0.28842605790123343,0.29956606979249045,0.29503580927848816,0.28782275319099426,0.2998201251029968,0.0
1882,4,7708672,97.26212408514867,407.2106336616873,10.05867642298108,22.792445781000424,10,0,1,9,0.0,0.1,0.9,-0.0007615410140715539,0.0790667985664868,0.0,0.6001912476494908,0.00440694869030267,0.0557861328125,1.6602210125129204,0.3921566610224545,0.001220703125,0.0,0.2956169047392905,0.2881019380874932,0.29991309525212273,0.296137273311615,0.28873175382614136,0.30000001192092896,0.0
1883,4,7712768,97.27349489331239,407.6636005485095,10.047499934968073,22.7948304140009,10,0,0,10,0.0,0.0,1.0,0.001075622574717272,0.04824612587026422,0.0,0.6027593635953963,0.0024903033045120537,0.0330810546875,1.7820371072448324,0.3986393488012254,0.00146484375,0.0,0.29585306328954175,0.28949065576307476,0.2998371599824168,0.2956416606903076,0.29013705253601074,0.29997214674949646,0.0
1884,4,7716864,97.28466893421032,401.5576646521467,10.20027846697485,22.794946940033697,10,0,0,10,0.0,0.0,1.0,-0.002343558764550835,0.07529667533219708,0.0,0.606820176821202,0.006740039381838869,0.0936279296875,1.8017997438728344,0.3954362357035279,0.00244140625,0.0,0.2962341448874213,0.2923394974786788,0.2993310398887843,0.29687899351119995,0.2940335273742676,0.29970306158065796,0.0
1885,4,7720960,97.23719844216266,406.339011956483,10.080252890998963,69.75131211499684,13,0,0,13,0.0,0.0,1.0,-0.002838777276338078,0.12562548383448302,0.0,0.6181970313191414,0.008808433729427634,0.07965087890625,1.8274247176595964,0.3998708645813167,0.001953125,0.0,0.2973662383155897,0.2929710778989829,0.2999565686332062,0.2974666953086853,0.29331934452056885,0.299848735332489,0.0
1886,4,7725056,97.24836257108466,399.94699718041863,10.24135705200024,22.761075261980295,12,0,0,12,0.0,0.0,1.0,-0.0021766713107354008,0.11637998328751564,0.0,0.6160645028576255,0.006032441950083012,0.06658935546875,1.9647914686356671,0.4075031094253063,0.00244140625,0.0,0.2971437131636776,0.29315530095482245,0.29972917604027316,0.2966853082180023,0.2920382022857666,0.30000001192092896,0.0
1887,4,7729152,97.25953564234999,401.1699691594599,10.210136139008682,22.777287348988466,11,0,1,10,0.0,0.09090909090909091,0.9090909090909091,-0.0005061911069788039,0.16000054498726968,0.0,0.607526732608676,0.0066155343847640324,0.04046630859375,1.6689594758790918,0.39781677769497037,0.001953125,0.0,0.29630572395399213,0.2921625326271169,0.29993934254162014,0.2956201136112213,0.2918010950088501,0.2998804748058319,0.0
1888,4,7733248,97.27078820126856,406.0400192808033,10.08767561201239,22.827528152032755,11,0,1,10,0.0,0.09090909090909091,0.9090909090909091,-0.0012593852643476566,0.16053903871613784,0.0,0.6082680381368846,0.005881011595192831,0.0921630859375,1.7540391257207375,0.39836772065609694,0.003173828125,0.0,0.29636991157894954,0.2944360600085929,0.299187385244295,0.2966402471065521,0.29551318287849426,0.29858505725860596,0.0
1889,4,7737344,97.28211007352738,406.6596110832453,10.072305899986532,22.77857139002299,9,0,0,9,0.0,0.0,1.0,-0.0023749785250402056,0.08385729977271694,0.0,0.630068322410807,0.004423646991199348,0.0811767578125,1.7436933340504766,0.4022054863162339,0.002197265625,0.0,0.29853232571622357,0.2971637345617637,0.29975006269523874,0.29876938462257385,0.29732805490493774,0.2997625768184662,0.0
1890,4,7741440,97.23461635921551,404.3624745478332,10.129525506985374,69.82867226900999,11,0,2,9,0.0,0.18181818181818182,0.8181818181818182,-0.0002600575826363638,0.17759315868352132,0.0,0.6305547819938511,0.004751257085445104,0.06097412109375,1.7607186975947116,0.40079110115766525,0.002197265625,0.0,0.29857300204457715,0.29721017193514854,0.299936955969315,0.2978007197380066,0.29634159803390503,0.30000001192092896,0.0
1891,4,7745536,97.24580032354912,403.80463508581977,10.143519029021263,22.758636826998554,11,0,0,11,0.0,0.0,1.0,-0.0036722263430419844,0.10162256054263707,0.0,0.6296978173777461,0.006183282170241,0.07568359375,1.8302898737310898,0.4034600662998855,0.00146484375,0.0,0.29849349026335403,0.29677862097742036,0.29990234348224476,0.29904302954673767,0.2971290349960327,0.30000001192092896,0.0
1892,4,7749632,97.25679733100898,395.8624102121735,10.34702940803254,22.761368544015568,12,0,0,12,0.0,0.0,1.0,-0.0013456409142236225,0.08667963551806679,0.0,0.6286458959802985,0.006782813754398376,0.08050537109375,1.8409672421985306,0.3969209068454802,0.00146484375,0.0,0.29838401440065354,0.29620242991950363,0.29984878725372255,0.2975231409072876,0.29476287961006165,0.29924577474594116,0.0
1893,4,7753728,97.26806801238297,405.9092082983617,10.090926532982849,22.78570727299666,11,0,0,11,0.0,0.0,1.0,-0.0015501243542530574,0.06912262621244736,0.0,0.6173034922685474,0.005781276355264708,0.059814453125,1.8650068091228604,0.4014858747832477,0.002685546875,0.0,0.2972567392862402,0.29564479109831154,0.29894599807448685,0.29729795455932617,0.29610562324523926,0.29955968260765076,0.0
1894,4,7757824,97.27927656367895,404.46280806407844,10.127012714976445,22.792750589025673,14,0,0,14,0.0,0.0,1.0,-0.0018778217563522048,0.06585122925503128,0.0,0.6166200372390449,0.007468117659300333,0.06243896484375,1.8002785402932204,0.400115005671978,0.00244140625,0.0,0.29719236050732434,0.2956512242089957,0.2998416186310351,0.296497642993927,0.2946231961250305,0.2997571527957916,0.0
1895,4,7761920,97.2319752401719,411.56479894979253,9.952260277001187,69.95484891801607,7,0,0,7,0.0,0.0,1.0,-0.001104092505556764,0.08865068130592135,0.0,0.5949923954904079,0.0026449494289408904,0.04998779296875,1.8892088807333494,0.3928429717198014,0.00341796875,0.0,0.2950498364516534,0.29372358333785087,0.2966176114859991,0.2937682867050171,0.2927713394165039,0.29547274112701416,0.0
1896,4,7766016,97.24296111499521,397.22358222548434,10.311573087004945,22.79024618602125,13,0,0,13,0.0,0.0,1.0,-0.00013147461868356913,0.05479277678091421,0.0,0.5918199303559959,0.004824572995858034,0.03619384765625,1.9217627554317005,0.39306729240342975,0.001220703125,0.0,0.29474491789005697,0.2929509482928552,0.2963492623530328,0.29494673013687134,0.2928116023540497,0.2969101369380951,0.0
1897,4,7770112,97.25407254390697,401.45128757081386,10.202981349953916,22.78820407501189,9,0,0,9,0.0,0.0,1.0,-0.002863345420337282,0.07091222370627293,0.0,0.6063234456814826,0.007280322060978506,0.07794189453125,1.7264294689230155,0.38765884283930063,0.002197265625,0.0,0.29617501969914883,0.2948217948433012,0.297640843433328,0.2971755862236023,0.29581183195114136,0.2994379997253418,0.0
1898,4,7774208,97.2647587864148,389.1546628385389,10.525378188001923,22.807583880028687,14,0,0,14,0.0,0.0,1.0,0.0004051589567097835,0.07162331858114612,0.0,0.6202053737360984,0.002970148914755555,0.04974365234375,1.9100640721153468,0.3954761945642531,0.001953125,0.0,0.2975510318647139,0.2944115250138566,0.29965959588298574,0.2968578040599823,0.29322150349617004,0.2989828586578369,0.0
1899,4,7778304,97.27600892673584,406.3012411573283,10.081189977005124,22.78061549901031,9,0,0,9,0.0,0.0,1.0,0.0004824653369723819,0.10317269186725753,0.0,0.6187690240330994,0.00792997342068702,0.07244873046875,1.9470130745903589,0.39571643620729446,0.00146484375,0.0,0.2974156735581346,0.29324943479150534,0.2998048031004146,0.2970256209373474,0.2925471067428589,0.29927510023117065,0.0
1900,4,7782400,97.22889699772935,402.32547791951157,10.180811867001466,69.67574812099338,14,0,0,14,0.0,0.0,1.0,-0.0025549838828737848,0.04394743858131278,0.0,0.6029121347237378,0.004968732038832968,0.07568359375,1.7749701535649365,0.3942702952772379,0.002685546875,0.0,0.2958592405775562,0.28989110462134704,0.29946228238986805,0.29436567425727844,0.2870400547981262,0.2994970381259918,0.0
1901,4,7786496,97.24037387230787,415.65865046638856,9.854239759966731,22.756305135029834,6,0,0,6,0.0,0.0,1.0,-0.0018802459526341408,0.07372231883073255,0.0,0.601897299522534,0.007823532054317184,0.06158447265625,1.792368149093818,0.39556025713682175,0.002685546875,0.0,0.2957707274472341,0.28989467746578157,0.29978131083771586,0.29666683077812195,0.2919262945652008,0.2999413013458252,0.0
1902,4,7790592,97.2514009550148,400.1220992133242,10.23687521397369,22.80012206401443,12,0,0,12,0.0,0.0,1.0,-0.003673392737255199,0.0627916571146443,0.0,0.5963442139327526,0.007040065469482215,0.08233642578125,1.8016858464980032,0.39513220451772213,0.0009765625,0.0,0.29520734515972435,0.2899186147842556,0.299403568264097,0.2937658727169037,0.28716719150543213,0.2992003560066223,0.0
1903,4,7794688,97.26249977045258,401.47719204439545,10.202323023986537,22.768123180954717,11,0,0,11,0.0,0.0,1.0,-0.00045384937948256265,0.01813082358023621,0.0,0.5697167699690908,0.005973256142169703,0.056640625,1.6471674537169747,0.3891134141013026,0.002197265625,0.0,0.2926310926559381,0.2847825580975041,0.2983275873120874,0.29190361499786377,0.28316137194633484,0.30000001192092896,0.0
1904,4,7798784,97.27343759028021,399.0225410952066,10.265084245009348,22.83044152101502,14,0,0,14,0.0,0.0,1.0,-0.002323232729395386,0.07544515008248709,0.0,0.5458870460279286,0.006882194084028015,0.0616455078125,1.9643920242669992,0.3901787605136633,0.00244140625,0.0,0.2903246158384718,0.28246758569730446,0.29781011870363727,0.28923970460891724,0.28197211027145386,0.29689404368400574,0.0
1905,4,7802880,97.22635609789269,409.3949445520604,10.005008744017687,69.93082627898548,7,0,0,7,0.0,0.0,1.0,0.0006929483679414261,0.06564450573910108,0.0,0.5460594454780221,0.006996445976255927,0.07342529296875,1.7952211643278133,0.38805106608197093,0.0029296875,0.0,0.29034945857711136,0.2826250972575508,0.29787488584406674,0.29144182801246643,0.2837277054786682,0.2986304759979248,0.0
1906,4,7806976,97.2372430765792,395.3161285078633,10.361327819991857,22.77549214696046,14,0,0,14,0.0,0.0,1.0,0.0007095141045283526,0.07247066590900886,0.0,0.5698615445289761,0.0037504394713323563,0.03118896484375,1.941790157201467,0.3867504382506013,0.00341796875,0.0,0.29264358821092173,0.2857197775156237,0.29891924641560763,0.2931082844734192,0.2865084409713745,0.2990395724773407,0.0
1907,4,7811072,97.24845031978197,405.7755144062645,10.094251265982166,22.771175171947107,8,0,0,8,0.0,0.0,1.0,-0.0014188029999786522,0.08017113701453127,0.0,0.5702422210015357,0.0026337024282838684,0.07391357421875,1.9609471246658359,0.3943910738453269,0.002685546875,0.0,0.2926703336997889,0.2862489423714578,0.29882125183939934,0.2919588088989258,0.28519272804260254,0.29915595054626465,0.0
1908,4,7815168,97.25957217654643,404.33962816842376,10.130097854998894,22.798359910026193,12,0,0,12,0.0,0.0,1.0,0.0005565978935919702,0.1818246241837187,0.0,0.5913637799676508,0.0018733012257143855,0.031005859375,1.9961365522467531,0.39308326691389084,0.002197265625,0.0,0.29473221040097997,0.28998402424622327,0.2988728521158919,0.2969400882720947,0.29396918416023254,0.2987528443336487,0.0
1909,4,7819264,97.27045146899664,397.18434042811924,10.312591870024335,22.808779262006283,11,0,0,11,0.0,0.0,1.0,0.0007954918910400011,0.056881109651840234,0.0,0.6233111361507326,0.006435559425881365,0.05731201171875,1.9172417133813724,0.3974934509024024,0.00244140625,0.0,0.29786332516232505,0.2946551929344423,0.2997153635369614,0.2982804775238037,0.2949996590614319,0.29998770356178284,0.0
1910,4,7823360,97.22326488819564,393.4328339643949,10.410925694042817,69.71559936599806,14,0,0,14,0.0,0.0,1.0,-0.0005558235425269231,0.06257046718837955,0.0,0.618089095223695,0.007358476526860613,0.06646728515625,1.7936170704488177,0.4054663204587996,0.001953125,0.0,0.2973566632135771,0.29240308701992035,0.30000138748437166,0.2968944311141968,0.29070669412612915,0.30000001192092896,0.0
1911,4,7827456,97.23454419817747,411.705609383324,9.948856431990862,22.782426377991214,8,0,0,8,0.0,0.0,1.0,0.0012742873514071107,0.08285397281929363,0.0,0.6279997795354575,0.002862398610886885,0.02117919921875,1.894688037224114,0.40091509465128183,0.00244140625,0.0,0.298337705375161,0.29531674220925197,0.29992460150970146,0.2998046875,0.29953643679618835,0.29998189210891724,0.0
1912,4,7831552,97.24560811643875,404.71555002971985,10.120688467985019,22.83957403805107,12,0,0,12,0.0,0.0,1.0,-0.0007845981599530205,0.10262978912078324,0.0,0.6437685438431799,0.005580660486884881,0.051025390625,1.880859120952664,0.40096941078081727,0.001953125,0.0,0.299895629636012,0.2997398520819843,0.3000003547058441,0.2997910678386688,0.2996158003807068,0.299895703792572,0.0
1913,4,7835648,97.25673065028032,405.5088348289115,10.10088966798503,22.80357325600926,9,0,0,9,0.0,0.0,1.0,-0.0038325302011799067,0.08587892557579835,0.0,0.6421950163785368,0.0061940777086419985,0.0758056640625,1.8712836136692204,0.406010955106467,0.0009765625,0.0,0.2997368328506127,0.2994430580874905,0.29999737977050245,0.29966527223587036,0.29900145530700684,0.30000001192092896,0.0
1914,4,7839744,97.26772654320261,402.6084237807227,10.173656978004146,22.828034488018602,12,0,0,12,0.0,0.0,1.0,-0.0013712755135202315,0.07057143042504777,0.0,0.6430259814951569,0.005364889275369933,0.02471923828125,1.7644364394363947,0.3981840261258185,0.001220703125,0.0,0.2998227117350325,0.29951004771282896,0.3000110651482828,0.2999880313873291,0.2999640703201294,0.30000001192092896,0.0
1915,4,7843840,97.2208618898258,402.28756652488653,10.181771302013658,69.78226843499579,11,0,0,11,0.0,0.0,1.0,-0.0011180709225300234,0.07772684486872095,0.0,0.6387061378918588,0.005067113641416654,0.068115234375,1.6416921011405066,0.4056908111087978,0.002685546875,0.0,0.29938437207601964,0.2989389189751819,0.2999269532156177,0.2992454171180725,0.29837653040885925,0.2999817430973053,0.0
1916,4,7847936,97.23183953719378,401.5306123449684,10.200965689960867,22.815039444016293,13,0,0,13,0.0,0.0,1.0,-0.002211043398347101,0.04490661957697739,0.0,0.6318087526597083,0.006579410652193474,0.05181884765625,1.7234480594925117,0.40612305188551545,0.0029296875,0.0,0.29869621054967865,0.2971656196168624,0.2997915156884119,0.29800352454185486,0.29533326625823975,0.2995359003543854,0.0
1917,4,7852032,97.24311716918608,412.8286167716583,9.921792806009762,22.838049065961968,8,0,0,8,0.0,0.0,1.0,0.0012548268387035932,0.0717783935042462,0.0,0.6344363689422607,0.003424167436605785,0.03021240234375,2.0379349513095804,0.410354474093765,0.000732421875,0.0,0.2989599851425737,0.2978541250922717,0.2997227054438554,0.29895487427711487,0.2969813942909241,0.30000001192092896,0.0
1918,4,7856128,97.25411806228306,402.6086313066515,10.17365173395956,22.808496197976638,11,0,0,11,0.0,0.0,1.0,-0.0013595462896773824,0.03656888650635892,0.0,0.6293058914598078,0.006241016460990068,0.06317138671875,1.6133530031947885,0.4078219598159194,0.00146484375,0.0,0.2984478803118691,0.2966765145538375,0.29974416259210557,0.298107385635376,0.29537639021873474,0.29991769790649414,0.0
1919,4,7860224,97.26515969762394,404.4895245883899,10.126343826006632,22.814512696990278,10,0,0,10,0.0,0.0,1.0,-6.876670158817433e-05,0.05368706339157825,0.0,0.6315193476621062,0.00561730373010505,0.05352783203125,1.5671881407906767,0.39799006236717105,0.002197265625,0.0,0.29867219348670915,0.29697891481919214,0.2998312133131549,0.2986758351325989,0.29663845896720886,0.30000001192092896,0.0
1920,4,7864320,97.21864547554082,406.5210683342049,10.075738550978713,69.70298192702467,13,0,1,12,0.0,0.07692307692307693,0.9230769230769231,-0.0006152164714876562,0.125558747906382,0.0,0.6291821515187621,0.005160787517525023,0.03607177734375,1.6187250046350528,0.40432010823860765,0.0009765625,0.0,0.2984432390658185,0.2955613940139301,0.29998764576157555,0.2977393865585327,0.29349958896636963,0.30000001192092896,0.0
1921,4,7868416,97.22947139380803,399.38880855949,10.25567044498166,22.806381588976365,11,0,0,11,0.0,0.0,1.0,-0.0018397596140857786,0.11627816672762492,0.0,0.6187792692799121,0.00587869485389092,0.0677490234375,1.893881608353695,0.41122579853981733,0.001220703125,0.0,0.29741678677964956,0.2935635466128588,0.2999653916922398,0.29705989360809326,0.29338574409484863,0.2999543249607086,0.0
1922,4,7872512,97.24043403810296,401.51084201262387,10.201467983948532,22.796678021957632,12,0,0,12,0.0,0.0,1.0,-0.00016820362725411542,0.10701745088817916,0.0,0.6193193565122783,0.006022590638167458,0.03411865234375,1.8506952632160392,0.40153650054708123,0.001708984375,0.0,0.29747270606458187,0.2937848611618392,0.2999708022689447,0.2980252504348755,0.29506632685661316,0.2999485433101654,0.0
1923,4,7876608,97.25151267975112,405.9521221881437,10.089859803963918,22.804405336035416,10,0,1,9,0.0,0.1,0.9,0.0003753053897526115,0.11902571945643103,0.0,0.6160237195435911,0.0062165922281565145,0.079345703125,1.6911247849930078,0.4036239427514374,0.003173828125,0.0,0.2971301783109084,0.2943561328575015,0.2988033296423964,0.2961857318878174,0.29281261563301086,0.29799166321754456,0.0
1924,4,7880704,97.26256252779203,405.13544326940456,10.110199115006253,22.800558851042297,11,0,0,11,0.0,0.0,1.0,-0.0020314268840593286,0.060682325289803885,0.0,0.605198250617832,0.004687153646955267,0.05950927734375,1.860803823074093,0.4024082636460662,0.001220703125,0.0,0.29608071071561426,0.29103954369202256,0.2995559700066224,0.2959357500076294,0.2902006506919861,0.30000001192092896,0.0
1925,4,7884800,97.2159823341955,404.88064724529147,10.116561578994151,69.82268916402245,10,0,0,10,0.0,0.0,1.0,-0.0013390184394665994,0.06820439799025735,0.0,0.5972500483039767,0.00366652313459781,0.0435791015625,1.896713016263675,0.4009074135683477,0.0029296875,0.0,0.29530785005772486,0.28905472334008664,0.2992162727168761,0.2950195074081421,0.287915974855423,0.29899173974990845,0.0
1926,4,7888896,97.22678662493335,398.12833450921715,10.288139890995808,22.826502309995703,12,0,0,12,0.0,0.0,1.0,-0.0017749955441104248,0.09220062281815444,0.0,0.5995078694541007,0.005711273752240231,0.068115234375,1.8429924981901422,0.4057342321611941,0.001708984375,0.0,0.295538138365373,0.28882601857185364,0.2997825561906211,0.29563888907432556,0.28896182775497437,0.29972922801971436,0.0
1927,4,7892992,97.23763111156104,399.5023400524373,10.252755964989774,22.82104425498983,11,0,0,11,0.0,0.0,1.0,-0.0015678500894864555,0.09373545056087096,0.0,0.6022191431839019,0.005853104332345538,0.0767822265625,1.8485113842179999,0.40382971661165357,0.002685546875,0.0,0.2958130131592043,0.28838467970490456,0.2998789983103052,0.29594260454177856,0.28835761547088623,0.30000001192092896,0.0
1928,4,7897088,97.24849188833376,400.2002406983829,10.234876403003,22.817888188001234,11,0,0,11,0.0,0.0,1.0,-0.000558617615752155,0.10092767189962615,0.0,0.6091320053674281,0.005839581597683718,0.0316162109375,1.8381408556597307,0.4020251310430467,0.0029296875,0.0,0.2964964247075841,0.2895952155231498,0.3000191674218513,0.2962836027145386,0.28897103667259216,0.30000001192092896,0.0
1929,4,7901184,97.25931076511068,399.9982318049607,10.240045265993103,22.839835132006556,14,0,0,14,0.0,0.0,1.0,-0.0038305807756842114,0.0898156460618793,0.0,0.6014507729560137,0.008925090791308321,0.09210205078125,1.7787498070392758,0.40107064973562956,0.002685546875,0.0,0.2957264061551541,0.28893967339536175,0.2994209532625973,0.2956312298774719,0.2896314561367035,0.29924076795578003,0.0
1930,4,7905280,97.21267098587738,404.4580262624943,10.1271324440022,69.96491983300075,9,0,2,7,0.0,0.2222222222222222,0.7777777777777778,-0.0007313519963645376,0.18492116202958186,0.0,0.5889868466183543,0.003956561711675022,0.0438232421875,1.5600579416350229,0.4010427249595523,0.001708984375,0.0,0.2944875693647191,0.28864871634868905,0.298395489808172,0.2932646870613098,0.28713440895080566,0.2972489297389984,0.0
1931,4,7909376,97.22336243296097,396.6950011056024,10.325312869041227,22.801229873031843,12,0,1,11,0.0,0.08333333333333333,0.9166666666666666,-0.0006520184051623801,0.12260180264968312,0.0,0.5811406027060002,0.006372744992404478,0.06231689453125,1.4601352944155224,0.40426010778173804,0.00146484375,0.0,0.29371751233702525,0.2883926742943004,0.296766938874498,0.29377567768096924,0.288513720035553,0.2968718409538269,0.0
1932,4,7913472,97.23431553433437,402.2810964574079,10.18193506001262,22.77824730001157,11,0,3,8,0.0,0.2727272727272727,0.7272727272727273,0.0007363639961113222,0.29535005202296816,0.0,0.5939646046608686,0.004648276441002963,0.038818359375,1.669960471597733,0.4044467583298683,0.001953125,0.0,0.29497179691679776,0.29069083370268345,0.2976535937632434,0.296103298664093,0.29249727725982666,0.298512727022171,0.0
1933,4,7917568,97.24502154377713,396.79539675487484,10.32270039798459,22.8363137349952,11,0,2,9,0.0,0.18181818181818182,0.8181818181818182,-0.0028548618047352647,0.15322367415728877,0.0,0.6069686650298536,0.009759899709024467,0.09613037109375,1.6505610799358692,0.40016506658867,0.001708984375,0.0,0.29625477391527966,0.2911489204852842,0.2993610661942512,0.29634392261505127,0.2906200587749481,0.29958850145339966,0.0
1934,4,7921664,97.25595960658606,403.7234132610188,10.145559720986057,22.81231954699615,9,0,0,9,0.0,0.0,1.0,-0.005543666098674294,0.037910408129050666,0.0,0.604210615856573,0.00836248577979859,0.1046142578125,1.5617159627581714,0.40131486346945167,0.0029296875,0.0,0.2960074527654797,0.28858846746152267,0.29993901459965855,0.2954578101634979,0.2866228222846985,0.29998981952667236,0.0
1935,4,7925760,97.20972476521007,403.45187347656673,10.152388101967517,69.7075175679638,14,0,0,14,0.0,0.0,1.0,-0.004302105113310972,0.087882501437889,0.0,0.5875908508896828,0.007378574366157409,0.1031494140625,1.8451600299740676,0.40191323263570666,0.00146484375,0.0,0.2943936370429583,0.28535080095753074,0.2997960618813522,0.2933596968650818,0.2828802764415741,0.30000001192092896,0.0
1936,4,7929856,97.22080674600323,408.07691876428885,10.037323386000935,22.798672930977773,8,0,0,8,0.0,0.0,1.0,-0.0007663649121241178,0.1047818585279856,0.0,0.5773344666231424,0.004143199181271484,0.04864501953125,1.845956075412687,0.3995272614993155,0.00244140625,0.0,0.2934305574162863,0.2823269370710477,0.299965285230428,0.29296785593032837,0.2819731831550598,0.30000001192092896,0.0
1937,4,7933952,97.23200055353382,410.7712133537453,9.971487452974543,22.763396258989815,11,0,0,11,0.0,0.0,1.0,-0.001532847949420102,0.0694829177423344,0.0,0.5756964916363358,0.005305298702296568,0.063232421875,1.8652011665108148,0.4008953501470387,0.001708984375,0.0,0.2932886822964065,0.2812967296340503,0.2998849196010269,0.29328471422195435,0.2805313467979431,0.30000001192092896,0.0
1938,4,7938048,97.24256670093122,391.1009137924924,10.473000332014635,22.781431612966117,15,0,0,15,0.0,0.0,1.0,-0.002087646073050564,0.14846735488936247,0.0,0.569472391391173,0.004886726830591215,0.04681396484375,1.944922577647958,0.4032350913621485,0.00244140625,0.0,0.2927230975474231,0.27881926676491275,0.29994128533871844,0.29248881340026855,0.2782481610774994,0.29978227615356445,0.0
1939,4,7942144,97.25344945011523,402.5129788175896,10.176069382985588,22.80517174297711,10,0,0,10,0.0,0.0,1.0,-0.0037774567936139647,0.1085250876731152,0.0,0.5667642292100936,0.007103979271050775,0.07293701171875,1.8956084682722576,0.4085384178906679,0.002685546875,0.0,0.29248086066218093,0.27774546353612095,0.29997088439995423,0.29229608178138733,0.27692076563835144,0.30000001192092896,0.0
1940,4,7946240,97.20698332188628,401.64245335010594,10.198125138005707,69.95907382504083,9,0,3,7,0.0,0.3333333333333333,0.7777777777777778,-0.00043191012628085446,0.285076944960565,0.0,0.5607187000568956,0.005792856689367909,0.0478515625,1.6894457041635178,0.40182688320055604,0.002197265625,0.0,0.29189279035199434,0.2771360147744417,0.29997971758712083,0.29172587394714355,0.27784234285354614,0.30000001192092896,0.0
1941,4,7950336,97.2176384381655,396.9172569278718,10.319531157962047,22.794877450040076,15,0,3,12,0.0,0.2,0.8,-0.00020146229871897958,0.251105965149236,0.0,0.5658388503361493,0.003054567401704844,0.03900146484375,1.5413993674737867,0.3978075869381428,0.001708984375,0.0,0.29232489760033786,0.2807135178009048,0.2999391734483652,0.29269224405288696,0.2829475700855255,0.29959818720817566,0.0
1942,4,7954432,97.22873127901387,410.1427195488646,9.98676754400367,22.80955141497543,9,0,1,8,0.0,0.1111111111111111,0.8888888888888888,-0.0018392668571323156,0.029114715185414752,0.0,0.5451809652149677,0.0030265311324910726,0.06781005859375,1.4565590854326729,0.3929579262621701,0.001708984375,0.0,0.29026657505892217,0.28098545130342245,0.29687833302887157,0.28868794441223145,0.2799619436264038,0.2955077588558197,0.0
1943,4,7958528,97.23973202680371,407.1502264336816,10.060168788011651,22.806320636998862,9,0,0,9,0.0,0.0,1.0,0.0016728591108403634,0.04411699423553728,0.0,0.5411641576793045,0.0036978027383156586,0.02923583984375,1.807145510611008,0.3992012948729098,0.00244140625,0.0,0.28988310357090086,0.2806506253546104,0.2957576078479178,0.28980979323387146,0.2800753116607666,0.294937402009964,0.0
1944,4,7962624,97.25032551035224,392.3274573136149,10.440258319023997,22.76146183896344,14,0,0,14,0.0,0.0,1.0,0.0016687524584995117,0.04217706665542664,0.0,0.5674530942924321,0.004495558543567313,0.033447265625,1.7067102746950695,0.395256238989532,0.002197265625,0.0,0.2924650051863864,0.2818748655845411,0.2984059977461584,0.2940911054611206,0.28325513005256653,0.30000001192092896,0.0
1945,4,7966720,97.20407040197362,398.7661622728655,10.271683978033252,69.81068764801603,10,0,0,10,0.0,0.0,1.0,0.0011617292402661406,0.07504323883722464,0.0,0.5873246614355594,0.0049725210046744905,0.0498046875,1.7422110674961004,0.4034214452840388,0.001220703125,0.0,0.2944182535284199,0.2833463057759218,0.3000210167374462,0.2944263219833374,0.28328773379325867,0.30000001192092896,0.0
1946,4,7970816,97.21515128946855,409.6030500281474,9.999925536976662,22.790610781987198,9,0,0,9,0.0,0.0,1.0,-0.0013296525430632755,0.052894964061806604,0.0,0.5872138882987201,0.006176952887471998,0.04833984375,1.7182460112671833,0.4051071386784315,0.001953125,0.0,0.294390749593731,0.28358762711286545,0.2999225663370453,0.2945912778377533,0.2839757800102234,0.2999272048473358,0.0
1947,4,7974912,97.22585813956212,397.33666525584596,10.308638386952225,22.789905725978315,15,0,0,15,0.0,0.0,1.0,-0.0024888994039429235,0.03724540088910544,0.0,0.5911995708011091,0.0048901369409577455,0.07098388671875,1.7457324821152724,0.41728347865864635,0.001953125,0.0,0.29474780708551407,0.28595217561814934,0.2997998964856379,0.29451805353164673,0.28664106130599976,0.30000001192092896,0.0
1948,4,7979008,97.23685741210556,407.51404631804775,10.051187283010222,22.79348198499065,7,0,0,7,0.0,0.0,1.0,-0.0013849908136762679,0.04525397776660611,0.0,0.599783567013219,0.006703175033180742,0.0880126953125,1.6427869007457048,0.412070797290653,0.000732421875,0.0,0.29557753447443247,0.2882595423143357,0.2999109292286448,0.2966862916946411,0.2901751399040222,0.30000001192092896,0.0
1949,4,7983104,97.24754323885931,397.4691845251239,10.305201407987624,22.796451738046017,13,0,1,12,0.0,0.07692307692307693,0.9230769230769231,0.0013028451794525608,0.1595751043068958,0.0,0.6086113925557584,0.004323339198890608,0.03082275390625,1.755786589026684,0.421443872153759,0.001953125,0.0,0.29643225023755804,0.28995917964493856,0.2999820534023456,0.2958892583847046,0.28966277837753296,0.2999262511730194,0.0
1950,4,7987200,97.20151662768521,400.2687193493557,10.233125402999576,69.76161277701613,12,0,1,11,0.0,0.08333333333333333,0.9166666666666666,-0.001829452026868239,0.12366207952766217,0.0,0.6121898784767836,0.006836427313828608,0.0706787109375,1.5365431755635655,0.42473025200888515,0.0009765625,0.0,0.2967663034796715,0.2932694655028172,0.29981933656381443,0.2968827188014984,0.29531943798065186,0.30000001192092896,0.0
1951,4,7991296,97.21253162241759,410.3260381566472,9.982305822952185,22.783122105989605,8,0,0,8,0.0,0.0,1.0,-0.0017315744444204029,0.029092970698229692,0.0,0.6161273831967264,0.006965702017623698,0.1041259765625,1.688135535470792,0.430562614928931,0.001708984375,0.0,0.2971467387978919,0.2947060552542098,0.2998910725582391,0.29701489210128784,0.29309356212615967,0.299666166305542,0.0
1952,4,7995392,97.22325292690275,398.5892516908572,10.276242981024552,22.787619912996888,11,0,0,11,0.0,0.0,1.0,-0.0019030438215850154,0.07519986189367955,0.0,0.6137273488566279,0.007133740433346247,0.06866455078125,1.7592451846285257,0.41967072570696473,0.000244140625,0.0,0.2969176122569479,0.292810685292352,0.29980147717287764,0.2966921031475067,0.29315558075904846,0.29991525411605835,0.0
1953,4,7999488,97.23395454916259,398.54501424089426,10.277383617009036,22.795795115991496,14,0,0,14,0.0,0.0,1.0,-0.0011593369672482368,0.04621559860606794,0.0,0.6318694052752107,0.006088181176892249,0.05517578125,1.6470774787158007,0.4122093706391752,0.0029296875,0.0,0.29871707322308794,0.2975574251031503,0.2999347521690652,0.29996997117996216,0.29994484782218933,0.30000001192092896,0.0
1954,4,8003584,97.24498876103485,410.8713468412558,9.969057301001158,22.815205084974878,8,0,0,8,0.0,0.0,1.0,0.000587596012337599,0.05022022030095741,0.0,0.6404412253759801,0.007217789072456071,0.036865234375,1.8306225829583127,0.4194008558988571,0.002685546875,0.0,0.2995578608242795,0.2992371078580618,0.2998613811796531,0.29965367913246155,0.29924100637435913,0.29998791217803955,0.0
1955,4,8007680,97.19917694378296,402.7006725371809,10.171326445008162,69.74293067597318,12,0,0,12,0.0,0.0,1.0,-2.433239933452569e-05,0.10219064658588195,0.0,0.6429836913011968,0.005701370631868485,0.048095703125,1.78708378149895,0.41635453794151545,0.002685546875,0.0,0.29981509409844875,0.29959599615540355,0.2999840229167603,0.2998178005218506,0.299541175365448,0.30000001192092896,0.0
1956,4,8011776,97.20998988027657,403.5780015665333,10.149215230019763,22.821388273034245,11,0,0,11,0.0,0.0,1.0,0.0014953192403481808,0.0541463211137625,0.0,0.6423867144621909,0.004367686160549056,0.06158447265625,1.9391403502959292,0.42407149774953723,0.000732421875,0.0,0.29975490987999365,0.2995093404315412,0.2999581526382826,0.29980629682540894,0.2994188368320465,0.30000001192092896,0.0
1957,4,8015872,97.2207998164086,403.1452636387499,10.160109443007968,22.80584203801118,9,0,0,9,0.0,0.0,1.0,-0.0018819910510501359,0.09399394013053097,0.0,0.6334141220431775,0.0037287766754161566,0.072998046875,1.9047844748129137,0.4224240696057677,0.000732421875,0.004638671875,0.29885458649368957,0.29799012234434485,0.29989774635760114,0.2979062497615814,0.29626503586769104,0.2997426390647888,0.0
1958,4,8019968,97.23151188216072,400.79501750427806,10.219687923032325,22.821797635988332,12,0,0,12,0.0,0.0,1.0,-0.0014032240105734672,0.07650306821710728,0.0,0.6240946250036359,0.005025437127187615,0.04254150390625,1.899210364324972,0.43024908658117056,0.000244140625,0.00048828125,0.29793119587702677,0.2964061317034066,0.2992807583650574,0.2980614900588989,0.2954639494419098,0.29968583583831787,0.0
1959,4,8024064,97.24228818646004,401.8733080159734,10.192266861966345,22.78733037901111,13,0,1,12,0.0,0.07692307692307693,0.9230769230769231,-9.03518757695565e-05,0.21725446192567688,0.0,0.6352140353992581,0.0044945790541532915,0.04522705078125,1.711376881430624,0.4324635290540755,0.001708984375,0.0,0.29904147825436667,0.2976663868757896,0.2998760814080015,0.2992079257965088,0.2988291382789612,0.2997080087661743,0.0
1960,4,8028160,97.19648503533142,405.86931737867934,10.091918321035337,69.91866333899088,10,0,1,9,0.0,0.1,0.9,0.000900836104847258,0.16404135539733034,0.0,0.6401583068072796,0.0041656078392406926,0.02752685546875,1.567981820233399,0.43472869833931327,0.00244140625,0.0,0.29953263740753755,0.2990440602879971,0.2999465531902388,0.29994744062423706,0.29984429478645325,0.30000001192092896,0.0
1961,4,8032256,97.20706277029312,398.732551524206,10.272549819026608,22.814807594986632,13,0,0,13,0.0,0.0,1.0,-0.0008404891450481955,0.025337548598486137,0.0,0.6405367620754987,0.0047826168811297975,0.05682373046875,1.643038769805571,0.44509669626131654,0.00146484375,0.00439453125,0.29956672771368176,0.29916800488717854,0.2999494995456189,0.2991402745246887,0.2985224723815918,0.29977741837501526,0.0
1962,4,8036352,97.21794865517028,406.18178748559734,10.084154745971318,22.794311260047834,9,0,1,8,0.0,0.1111111111111111,0.8888888888888888,0.0004668558503908571,0.1476879301583267,0.0,0.6429624368902296,0.00582774819486076,0.03729248046875,1.7575887491984759,0.4308854937553406,0.001953125,0.00439453125,0.29981559282168746,0.299586596142035,0.29997577460017055,0.2999034523963928,0.29979342222213745,0.30000001192092896,0.0
1963,4,8040448,97.2285416590648,399.6331263314535,10.249400587985292,22.87136480800109,10,0,0,10,0.0,0.0,1.0,-0.0011717230736394413,0.04621904430655377,0.0,0.6428086804226041,0.006222072937816847,0.0567626953125,1.702800493920222,0.4352894965559244,0.003173828125,0.00146484375,0.2997968254494481,0.29954994475701824,0.2999862454016693,0.29932901263237,0.2987431287765503,0.2998817265033722,0.0
1964,4,8044544,97.23918740109814,400.29520583227276,10.232448303955607,22.83570499601774,13,0,1,12,0.0,0.07692307692307693,0.9230769230769231,-0.0028595574549399316,0.16444417590946614,0.0,0.6387363730464131,0.00695952743262751,0.077880859375,1.5984025305951945,0.42565462086349726,0.001708984375,0.000732421875,0.2993907858035527,0.2987810953054577,0.2999712274177,0.29948127269744873,0.29890334606170654,0.2999632656574249,0.0
1965,4,8048640,97.19352040205284,403.1567793173788,10.159819231950678,69.83655770798214,13,0,0,13,0.0,0.0,1.0,-0.0009319913842773531,0.08211774167330077,0.0,0.6384121652226895,0.009005721811263356,0.09820556640625,1.8096772183198482,0.43998114205896854,0.001953125,0.00244140625,0.29935770557494834,0.29830025701085106,0.29999138694256544,0.2989889681339264,0.297029048204422,0.30000001192092896,0.0
1966,4,8052736,97.20461242158801,414.40363029503897,9.884083295997698,22.803424985031597,8,0,0,8,0.0,0.0,1.0,-0.0013042423124716152,0.07889884710812112,0.0,0.6383226807229221,0.006490701827715384,0.0479736328125,1.910973362682853,0.44483796367421746,0.002685546875,0.0,0.2993504191399552,0.2982965114642866,0.2999395546503365,0.2994486689567566,0.29891908168792725,0.2999573051929474,0.0
1967,4,8056832,97.2152159132472,398.53318080282037,10.27768877800554,22.81875061703613,14,0,1,13,0.0,0.07142857142857142,0.9285714285714286,-0.0004916879079246428,0.15364312708470607,0.0,0.6426601400598884,0.006335108027997194,0.06268310546875,1.6327324930753093,0.4480843632481992,0.00048828125,0.0029296875,0.29978380171814933,0.29953248583478853,0.29999950708588585,0.29981645941734314,0.29944929480552673,0.30000001192092896,0.0
1968,4,8060928,97.2258998272555,400.3083380074077,10.232112626952585,22.78876681701513,9,0,0,9,0.0,0.0,1.0,0.0002001130924327299,0.09224177336091088,0.0,0.6382665897253901,0.004570678182062693,0.0684814453125,1.8542185189726297,0.449314808472991,0.001220703125,0.018798828125,0.2993395162629895,0.29868416697718203,0.29985107033280656,0.2989795207977295,0.297798752784729,0.2998288571834564,0.0
1969,4,8065024,97.23681842211238,407.88838636564344,10.041962794028223,22.771099304023664,8,0,0,8,0.0,0.0,1.0,-0.0014640846129623242,0.1072176420316282,0.0,0.6413011497352272,0.005461276956339134,0.05267333984375,1.9127127056126483,0.44829785404726863,0.001708984375,0.009765625,0.29964889283291996,0.2991065047099255,0.3000061666825786,0.2993611693382263,0.2983274459838867,0.30000001192092896,0.0
1970,4,8069120,97.19114516232051,395.08863401428766,10.367293937015347,69.73459147498943,17,0,1,16,0.0,0.058823529411764705,0.9411764705882353,-0.0011614917020779103,0.12942758793860776,0.0,0.6400445706676692,0.00473389903709176,0.0645751953125,1.7818010960472748,0.45179983507841825,0.001220703125,0.000244140625,0.299521631677635,0.29882318852469325,0.29997309227474034,0.29974693059921265,0.29945191740989685,0.30000001192092896,0.0
1971,4,8073216,97.201806319075,403.71998766059085,10.145645806973334,22.828324802976567,9,0,1,8,0.0,0.1111111111111111,0.8888888888888888,0.0011636144081421662,0.15315083230461823,0.0,0.6417036063503474,0.003259339944634121,0.027099609375,1.738598092852044,0.45611921418458223,0.00146484375,0.00537109375,0.29968703241320327,0.2992659538285807,0.2999952274840325,0.2997448444366455,0.29938313364982605,0.30000001192092896,0.0
1972,4,8077312,97.21249572492205,402.01295443582563,10.18872639501933,22.812340083008166,12,1,0,11,0.08333333333333333,0.0,0.9166666666666666,-0.0010969230588671053,0.057507431545218424,0.0,0.6343430944252759,0.004585786948155146,0.04595947265625,1.6296613388112746,0.4469709596596658,0.002685546875,0.000244140625,0.2989453821792267,0.2981617528712377,0.2996821616543457,0.2985408306121826,0.29727765917778015,0.29925665259361267,0.0
1973,4,8081408,97.22322839367139,403.69386521689205,10.146302316978108,22.809945398010314,13,0,0,13,0.0,0.0,1.0,-0.0021192377753322944,0.04547295542715801,0.0,0.6341697813477367,0.0081659344577929,0.067138671875,1.6261564821761567,0.45000247843563557,0.001708984375,0.0,0.2989336390164681,0.29777137958444655,0.2997983360546641,0.2988927960395813,0.2976504862308502,0.2999430000782013,0.0
1974,4,8085504,97.2340705724519,409.01683974316154,10.014257609960623,22.84142694901675,7,0,1,6,0.0,0.14285714285714285,0.8571428571428571,0.0001637326458876487,0.13531657055955293,0.0,0.6379578534979373,0.004503902673604898,0.06146240234375,1.6001950537320226,0.43824984645470977,0.001708984375,0.0,0.29930924478685483,0.29867974790977314,0.29988831758964807,0.29878807067871094,0.29824191331863403,0.2998698949813843,0.0
1975,4,8089600,97.18852138599077,403.5279836468171,10.15047324099578,69.94832966499962,9,0,0,9,0.0,0.0,1.0,3.739105704880785e-05,0.04624663870072254,0.0,0.639227322069928,0.004959942179993959,0.04290771484375,1.531409663031809,0.4364425418898463,0.001953125,0.0,0.29943700664443895,0.2990166536765173,0.2998571663047187,0.2995944917201996,0.2993607819080353,0.2999028265476227,0.0
1976,4,8093696,97.19912532083089,398.7239321058972,10.272771885967813,22.785891491977964,15,0,0,15,0.0,0.0,1.0,0.0012372631135804113,0.06228447823446004,0.0,0.6420546716544777,0.004759566676511895,0.04937744140625,1.8464087824104354,0.42938323644921184,0.002197265625,0.0,0.2997230821638368,0.2993336656363681,0.3000018030288629,0.29917922616004944,0.29810798168182373,0.30000001192092896,0.0
1977,4,8097792,97.20975811016665,399.9641746932354,10.240917210001498,22.78611331002321,11,0,1,10,0.0,0.09090909090909091,0.9090909090909091,-0.0004478754926822148,0.17828167416541874,0.0,0.6349417238961905,0.007612071374751395,0.077392578125,1.7196435494406614,0.4274058174341917,0.002685546875,0.0,0.2990156156010926,0.297149728925433,0.30000256432686,0.2987481355667114,0.2966391444206238,0.29981327056884766,0.0
1978,4,8101888,97.22080935682165,414.67078955810484,9.877715294016525,22.78286094602663,10,0,0,10,0.0,0.0,1.0,-0.003291087930847425,0.07423222750048808,0.0,0.6335290963761508,0.007218726743303705,0.08740234375,1.7779286390868947,0.4296527048572898,0.000732421875,0.0,0.2988709039054811,0.2973837560857646,0.29985870455857366,0.29903537034988403,0.29843026399612427,0.2997462749481201,0.0
1979,4,8105984,97.23137656627563,402.6197864004348,10.173369859985542,22.89502865599934,13,0,0,13,0.0,0.0,1.0,0.0002069892652798444,0.08804867316189302,0.0,0.6373503839131445,0.004610759151546517,0.055908203125,2.009472655801801,0.42804397316649556,0.001220703125,0.0,0.2992501261178404,0.29862035339465365,0.29984176211291924,0.29940927028656006,0.298397958278656,0.30000001192092896,0.0
1980,4,8110080,97.18600213606493,406.92332146481834,10.06577844999265,69.98379865998868,8,0,0,8,0.0,0.0,1.0,-0.0018216857879451709,0.08009781078681044,0.0,0.6356894762720913,0.002768594742519781,0.06683349609375,1.8202201552921906,0.4238693849183619,0.00244140625,0.0,0.299089549749624,0.29756737616844475,0.2999970289529301,0.29897424578666687,0.29693707823753357,0.30000001192092896,0.0
1981,4,8114176,97.19662938052664,403.61102204728525,10.148384895990603,22.80615578504512,9,0,0,9,0.0,0.0,1.0,-0.0019362693383300211,0.07579275428088295,0.0,0.6345454349648207,0.005022808993089711,0.070556640625,1.6959577228408307,0.417845256626606,0.002685546875,0.00341796875,0.2989760984783061,0.29721774510107934,0.2999629931873642,0.29873836040496826,0.29643315076828003,0.29992035031318665,0.0
1982,4,8118272,97.20710459885386,396.6244825645929,10.327148676034994,22.81262813595822,16,0,1,15,0.0,0.0625,0.9375,0.000604209724770044,0.15127077292140712,0.0,0.6235675977077335,0.004068697307957336,0.04827880859375,1.6533654852537438,0.4154970250092447,0.00146484375,0.0,0.2978772415081039,0.2959919635322876,0.29975171032128856,0.2970692813396454,0.29418691992759705,0.29996195435523987,0.0
1983,4,8122368,97.21787327413618,407.36895831103874,10.054767101013567,22.825851806032006,10,0,1,9,0.0,0.1,0.9,0.0015967288927640766,0.08922065718280692,0.0,0.6146565689705312,0.0024152521291398443,0.01397705078125,1.360189739294583,0.4097418561577797,0.001708984375,0.0,0.297006698558107,0.2929555394221097,0.29978713986929506,0.29691940546035767,0.29232850670814514,0.29937440156936646,0.0
1984,4,8126464,97.22875503072339,411.3576319817737,9.957272411033046,22.81823411298683,10,0,0,10,0.0,0.0,1.0,-0.00035635355379781686,0.07671303371284921,0.0,0.6284029881935567,0.003532259950588923,0.02703857421875,1.8348863193532452,0.4133842699229717,0.001708984375,0.0,0.29837142943870276,0.29560759209562093,0.2998984474106692,0.2989577651023865,0.298038125038147,0.299686461687088,0.0
1985,4,8130560,97.18343719196513,401.7436457306698,10.195556404010858,69.91002734500216,12,0,0,12,0.0,0.0,1.0,0.00038282593959593214,0.08977663057567042,0.0,0.6418149794917554,0.005010458935430506,0.03271484375,1.8021674513875041,0.4083150941878557,0.002685546875,0.0,0.2997030830010772,0.2992635067785159,0.2999781633261591,0.29986950755119324,0.2996712625026703,0.30000001192092896,0.0
1986,4,8134656,97.19415216280028,405.5489319748532,10.099890979996417,22.81847930100048,9,0,1,8,0.0,0.1111111111111111,0.8888888888888888,0.001785140737410984,0.10576998054921205,0.0,0.6413657660596073,0.002951282207504846,0.01715087890625,1.548761834448669,0.4220650284551084,0.00244140625,0.0,0.2996530286036432,0.2992951979977079,0.29996897414093837,0.29976868629455566,0.29957810044288635,0.29987117648124695,0.0
1987,4,8138752,97.20477905319434,402.5543042786855,10.175024727010168,22.812071284046397,13,0,1,12,0.0,0.07692307692307693,0.9230769230769231,0.0007274642084666993,0.18136056636808462,0.0,0.6421985337510705,0.00545576706645079,0.034423828125,1.6471453784324694,0.4162645642645657,0.002685546875,0.0,0.2997378190048039,0.2993712594616227,0.29999279166804627,0.2994191646575928,0.2982574701309204,0.30000001192092896,0.0
1988,4,8142848,97.21528142888731,397.5135342877102,10.304051677987445,22.782769017037936,13,0,1,12,0.0,0.07692307692307693,0.9230769230769231,-0.002818288437993033,0.15644933680664508,0.0,0.6368362710345536,0.008004319683095673,0.07928466796875,1.5952951615618076,0.41662861360237,0.002197265625,0.0,0.29920328012667596,0.29777078522602096,0.30001176288351417,0.2990717589855194,0.29735445976257324,0.29994523525238037,0.0
1989,4,8146944,97.22591138675502,402.7457293544644,10.170188536983915,22.799966307007708,11,0,0,11,0.0,0.0,1.0,0.0006380822087521665,0.07739544517198738,0.0,0.6288248328492045,0.001710066218947759,0.02752685546875,1.9617002992308699,0.4097029701806605,0.002685546875,0.001708984375,0.2984053787076846,0.29555088630877435,0.29994257097132504,0.29760098457336426,0.29392895102500916,0.299761027097702,0.0
1990,4,8151040,97.18089386239069,409.63792632768565,9.999074149993248,69.94667915202444,9,0,0,9,0.0,0.0,1.0,0.0010242310509056551,0.09421777843544987,0.0,0.6166096618399024,0.0035522135221981443,0.03314208984375,1.995928788324818,0.4059180552139878,0.0009765625,0.0,0.29719320125877857,0.2942885785596445,0.2993845904711634,0.29718178510665894,0.295151025056839,0.29959678649902344,0.0
1991,4,8155136,97.19136874905641,400.3745308642528,10.230420978972688,22.813748278014828,12,0,0,12,0.0,0.0,1.0,-0.005090066417324124,0.06632302559000891,0.0,0.6240953726228327,0.008695285512658302,0.09478759765625,1.6885253964283038,0.40281490702182055,0.001220703125,0.0,0.29793319827876985,0.29667529510334134,0.2990126861841418,0.2988145351409912,0.29718121886253357,0.29983240365982056,0.0
1992,4,8159232,97.20233326973596,414.3941549431803,9.88430930103641,22.78869191702688,7,0,0,7,0.0,0.0,1.0,-0.00045144555406295694,0.07882851382737499,0.0,0.6373415477573872,0.007656102992768865,0.0657958984375,1.8207731481525116,0.40171534521505237,0.003662109375,0.0,0.29925662564346567,0.2979958532960154,0.3000058334437199,0.2990795373916626,0.2972384989261627,0.30000001192092896,0.0
1993,4,8163328,97.21284815774676,399.8553218011334,10.243705102009699,22.810367536032572,14,0,0,14,0.0,0.0,1.0,0.00014767876928090118,0.046732889441955194,0.0,0.6362595316022635,0.004844123075599782,0.041015625,1.7902037695457693,0.40442983992397785,0.00146484375,0.0,0.29914480476872995,0.297785832604859,0.2999953074613586,0.29872387647628784,0.2961715757846832,0.30000001192092896,0.0
1994,4,8167424,97.22323206598685,394.8758635088411,10.37288013403304,22.78721505100839,14,0,0,14,0.0,0.0,1.0,2.5099328922806308e-05,0.08839454508165545,0.0,0.6331273559480906,0.004512483676080592,0.0390625,1.8478541571821552,0.41015864443033934,0.003173828125,0.0,0.29883430985501036,0.2972166564431973,0.2999593212152831,0.2987527847290039,0.2962590754032135,0.30000001192092896,0.0
1995,4,8171520,97.17823164073161,406.470057355752,10.077003031037748,69.9558956049732,9,0,0,9,0.0,0.0,1.0,-0.00016747729387134314,0.06863091630430063,0.0,0.6338830774184316,0.004762386124639306,0.055419921875,1.7646559450367931,0.4048790908418596,0.001708984375,0.0,0.2989066303707659,0.29761195956962183,0.2998615603428334,0.29950520396232605,0.29904115200042725,0.30000001192092896,0.0
1996,4,8175616,97.1889359545133,405.5490176237042,10.099888846976683,22.78238552401308,10,0,0,10,0.0,0.0,1.0,0.0010624060560076032,0.0528415025224831,0.0,0.6388971218839288,0.0034302400417800527,0.0328369140625,1.7597741105419118,0.4000546378083527,0.003173828125,0.0,0.29940450069261715,0.2989348729024641,0.2999011456267908,0.2988573908805847,0.29782506823539734,0.30000001192092896,0.0
1997,4,8179712,97.19942496779416,399.62591287645415,10.249585594981909,22.81196330295643,11,0,0,11,0.0,0.0,1.0,-0.0029726360689892317,0.03982517422429055,0.0,0.6405862332321703,0.005267044729407644,0.078125,1.596290262095863,0.4049127004109323,0.001953125,0.0,0.29957491299137473,0.2992278116289526,0.29989499639486894,0.29984933137893677,0.29971346259117126,0.30000001192092896,0.0
1998,4,8183808,97.2102047031461,408.9884404037814,10.0149529799819,22.787381854024716,8,0,0,8,0.0,0.0,1.0,0.0009053538524312899,0.07494694614069886,0.0,0.6357792750932276,0.0037491048060473986,0.03338623046875,1.9454263738589361,0.41398703306913376,0.0029296875,0.0,0.2990910509834066,0.2978922316688113,0.2998826173134148,0.2986948788166046,0.2963508367538452,0.30000001192092896,0.0
1999,4,8187904,97.22071068999882,400.2101032688254,10.234624180011451,22.797358770039864,15,0,0,15,0.0,0.0,1.0,-0.0008360335377801675,0.09441609046098165,0.0,0.6398129854351282,0.004779450144269504,0.0728759765625,1.8428570086252876,0.4097860362380743,0.00244140625,0.0,0.2995023399707861,0.2986794733442366,0.30000537406885996,0.29976487159729004,0.299623966217041,0.29987695813179016,0.0
2000,4,8192000,97.17553425454575,392.1536368126424,10.444885920966044,69.84147805196699,12,0,0,12,0.0,0.0,1.0,-0.0014929545814084122,0.049979000597545564,0.0,0.6349377369042486,0.004590184365952155,0.06781005859375,1.7489618038816843,0.41643509175628424,0.001708984375,0.0,0.29900657676625997,0.2980434615747072,0.29979923990322277,0.29873931407928467,0.297503262758255,0.29963767528533936,0.0
