episode,t,update,step,px_x,dist,end_d,end_x,raw_a_x,raw_a_y,raw_a_w,move_a_x,move_a_y,move_a_w,teacher_a_x,teacher_a_y,teacher_a_w,reward,done,success,fail,timeout,robot_x,robot_y,head_yaw,target_x,target_y
0,0,890,3645440,-1.0000,0.0000,1.5000,0.0000,0.0141,0.0756,0.2414,0.0141,0.0756,0.2414,-0.0845,0.1497,0.3687,0.0021,0,0,0,0,0.0006,0.0030,0.0152,2.9455,2.6992
0,1,890,3645440,-1.0000,0.0000,1.5000,0.0000,0.4444,0.0714,0.2593,0.4444,0.0714,0.2593,-0.0845,0.1497,0.3687,-0.0075,0,0,0,0,0.0183,0.0061,0.0315,2.9455,2.6992
0,2,890,3645440,0.2284,3.0418,1.5000,0.0000,0.2687,0.0765,0.2604,0.2687,0.0765,0.2604,-0.0845,0.1497,0.3687,0.9970,0,0,0,0,0.0289,0.0095,0.0478,2.9455,2.6992
0,3,890,3645440,2.9511,3.0600,1.5000,0.0000,0.4734,0.0604,0.2343,0.4734,0.0604,0.2343,1.5312,0.1816,0.5538,0.0069,0,0,0,0,0.0477,0.0129,0.0625,2.9455,2.6992
0,4,890,3645440,5.8034,3.0788,1.5000,0.0000,0.4966,0.0657,0.2487,0.4966,0.0657,0.2487,1.5368,0.1819,0.5550,0.0074,0,0,0,0,0.0674,0.0167,0.0782,2.9455,2.6992
0,5,890,3645440,8.8267,3.1011,1.5000,0.0000,0.4190,0.0710,0.2566,0.4190,0.0710,0.2566,1.5428,0.1821,0.5562,0.0077,0,0,0,0,0.0839,0.0209,0.0943,2.9455,2.6992
0,6,890,3645440,11.7643,3.1207,1.5000,0.0000,0.4792,0.0709,0.2603,0.4792,0.0709,0.2603,1.5505,0.1824,0.5575,0.0077,0,0,0,0,0.1027,0.0255,0.1106,2.9455,2.6992
0,7,890,3645440,14.3165,3.1354,1.5000,0.0000,0.4929,0.0607,0.2369,0.4929,0.0607,0.2369,1.5571,0.1827,0.5587,0.0065,0,0,0,0,0.1220,0.0301,0.1255,2.9455,2.6992
0,8,890,3645440,16.5937,3.1419,1.5000,0.0000,0.6867,0.0561,0.2377,0.6867,0.0561,0.2377,1.5619,0.1828,0.5595,0.0064,0,0,0,0,0.1490,0.0357,0.1405,2.9455,2.6992
0,9,890,3645440,19.0115,3.1454,1.5000,0.0000,0.8307,0.0632,0.2641,0.8307,0.0632,0.2641,1.5629,0.1828,0.5597,0.0073,0,0,0,0,0.1815,0.0429,0.1571,2.9455,2.6992
0,10,890,3645440,21.6955,3.1533,1.5000,0.0000,0.7512,0.0713,0.2795,0.7512,0.0713,0.2795,1.5622,0.1827,0.5596,0.0080,0,0,0,0,0.2108,0.0504,0.1746,2.9455,2.6992
0,11,890,3645440,24.1351,3.1575,1.5000,0.0000,0.7725,0.0649,0.2651,0.7725,0.0649,0.2651,1.5634,0.1826,0.5597,0.0074,0,0,0,0,0.2408,0.0583,0.1913,2.9455,2.6992
0,12,890,3645440,26.2935,3.1543,1.5000,0.0000,0.9091,0.0582,0.2575,0.9091,0.0582,0.2575,1.5629,0.1825,0.5595,0.0070,0,0,0,0,0.2760,0.0675,0.2075,2.9455,2.6992
0,13,890,3645440,28.7150,3.1565,1.5000,0.0000,0.7901,0.0663,0.2696,0.7901,0.0663,0.2696,1.5587,0.1822,0.5588,0.0075,0,0,0,0,0.3064,0.0766,0.2244,2.9455,2.6992
0,14,890,3645440,31.1840,3.1540,1.5000,0.0000,0.9436,0.0704,0.2896,0.9436,0.0704,0.2896,1.5569,0.1818,0.5582,0.0083,0,0,0,0,0.3426,0.0878,0.2426,2.9455,2.6992
0,15,890,3645440,33.5126,3.1489,1.5000,0.0000,0.9576,0.0669,0.2812,0.9576,0.0669,0.2812,1.5524,0.1814,0.5571,0.0080,0,0,0,0,0.3791,0.0996,0.2603,2.9455,2.6992
0,16,890,3645440,36.0243,3.1475,1.5000,0.0000,0.8669,0.0728,0.2906,0.8669,0.0728,0.2906,1.5464,0.1808,0.5557,0.0084,0,0,0,0,0.4119,0.1113,0.2785,2.9455,2.6992
0,17,890,3645440,38.5218,3.1437,1.5000,0.0000,0.9119,0.0735,0.2954,0.9119,0.0735,0.2954,1.5419,0.1802,0.5543,0.0086,0,0,0,0,0.4461,0.1242,0.2971,2.9455,2.6992
0,18,890,3645440,40.8980,3.1352,1.5000,0.0000,1.1134,0.0679,0.2948,1.0000,0.0679,0.2948,1.5359,0.1794,0.5525,0.0087,0,0,0,0,0.4836,0.1385,0.3156,2.9455,2.6992
0,19,890,3645440,43.0897,3.1240,1.5000,0.0000,1.0745,0.0626,0.2801,1.0000,0.0626,0.2801,1.5271,0.1785,0.5501,0.0082,0,0,0,0,0.5208,0.1533,0.3332,2.9455,2.6992
0,20,890,3645440,45.3842,3.1129,1.5000,0.0000,1.1048,0.0664,0.2907,1.0000,0.0664,0.2907,1.5168,0.1775,0.5475,0.0086,0,0,0,0,0.5578,0.1689,0.3515,2.9455,2.6992
0,21,890,3645440,47.7366,3.1019,1.5000,0.0000,0.9806,0.0715,0.2953,0.9806,0.0715,0.2953,1.5060,0.1764,0.5446,0.0089,0,0,0,0,0.5936,0.1851,0.3700,2.9455,2.6992
0,22,890,3645440,50.1528,3.0899,1.5000,0.0000,1.0960,0.0722,0.3045,1.0000,0.0722,0.3045,1.4948,0.1751,0.5412,0.0093,0,0,0,0,0.6299,0.2022,0.3892,2.9455,2.6992
0,23,890,3645440,52.8689,3.0875,1.5000,0.0000,0.7489,0.0852,0.3135,0.7489,0.0852,0.3135,1.4825,0.1736,0.5373,0.0094,0,0,0,0,0.6563,0.2167,0.4088,2.9455,2.6992
0,24,890,3645440,55.1119,3.0720,1.5000,0.0000,1.2665,0.0622,0.2913,1.0000,0.0622,0.2913,1.4751,0.1718,0.5331,0.0090,0,0,0,0,0.6920,0.2349,0.4272,2.9455,2.6992
0,25,890,3645440,57.6107,3.0573,1.5000,0.0000,1.1415,0.0760,0.3160,1.0000,0.0760,0.3160,1.4603,0.1699,0.5282,0.0100,0,0,0,0,0.7271,0.2543,0.4470,2.9455,2.6992
0,26,890,3645440,60.1186,3.0422,1.5000,0.0000,0.9798,0.0802,0.3158,0.9798,0.0802,0.3158,1.4451,0.1677,0.5224,0.0101,0,0,0,0,0.7611,0.2741,0.4668,2.9455,2.6992
0,27,890,3645440,62.6986,3.0270,1.5000,0.0000,0.9607,0.0836,0.3223,0.9607,0.0836,0.3223,1.4293,0.1651,0.5159,0.0104,0,0,0,0,0.7939,0.2944,0.4871,2.9455,2.6992
0,28,890,3645440,64.9238,3.0069,1.5000,0.0000,1.1801,0.0652,0.2917,1.0000,0.0652,0.2917,1.4129,0.1621,0.5084,0.0094,0,0,0,0,0.8280,0.3154,0.5054,2.9455,2.6992
0,29,890,3645440,67.2054,2.9862,1.5000,0.0000,1.1341,0.0687,0.2974,1.0000,0.0687,0.2974,1.3939,0.1592,0.5007,0.0098,0,0,0,0,0.8617,0.3372,0.5241,2.9455,2.6992
0,30,890,3645440,69.5284,2.9646,1.5000,0.0000,1.3304,0.0657,0.3026,1.0000,0.0657,0.3026,1.3740,0.1559,0.4921,0.0101,0,0,0,0,0.8950,0.3595,0.5431,2.9455,2.6992
0,31,890,3645440,71.5484,2.9403,1.5000,0.0000,1.1873,0.0564,0.2714,1.0000,0.0564,0.2714,1.3532,0.1522,0.4823,0.0091,0,0,0,0,0.9281,0.3821,0.5602,2.9455,2.6992
0,32,890,3645440,73.5576,2.9149,1.5000,0.0000,1.1648,0.0564,0.2699,1.0000,0.0564,0.2699,1.3311,0.1485,0.4727,0.0091,0,0,0,0,0.9608,0.4052,0.5771,2.9455,2.6992
0,33,890,3645440,75.4386,2.8881,1.5000,0.0000,1.4612,0.0431,0.2579,1.0000,0.0431,0.2579,1.3082,0.1446,0.4622,0.0087,0,0,0,0,0.9934,0.4285,0.5933,2.9455,2.6992
0,34,890,3645440,77.2605,2.8602,1.5000,0.0000,1.3907,0.0422,0.2509,1.0000,0.0422,0.2509,1.2843,0.1406,0.4514,0.0086,0,0,0,0,1.0256,0.4523,0.6091,2.9455,2.6992
0,35,890,3645440,79.0940,2.8316,1.5000,0.0000,1.4619,0.0403,0.2519,1.0000,0.0403,0.2519,1.2597,0.1364,0.4401,0.0088,0,0,0,0,1.0575,0.4765,0.6249,2.9455,2.6992
0,36,890,3645440,80.8351,2.8018,1.5000,0.0000,1.0780,0.0456,0.2395,1.0000,0.0456,0.2395,1.2344,0.1319,0.4277,0.0085,0,0,0,0,1.0888,0.5014,0.6400,2.9455,2.6992
0,37,890,3645440,82.5556,2.7712,1.5000,0.0000,1.0958,0.0435,0.2366,1.0000,0.0435,0.2366,1.2083,0.1272,0.4151,0.0085,0,0,0,0,1.1199,0.5267,0.6548,2.9455,2.6992
0,38,890,3645440,84.2137,2.7397,1.5000,0.0000,1.1320,0.0397,0.2292,1.0000,0.0397,0.2292,1.1816,0.1223,0.4016,0.0083,0,0,0,0,1.1506,0.5523,0.6692,2.9455,2.6992
0,39,890,3645440,85.9032,2.7077,1.5000,0.0000,1.2417,0.0376,0.2321,1.0000,0.0376,0.2321,1.1543,0.1172,0.3877,0.0085,0,0,0,0,1.1811,0.5783,0.6838,2.9455,2.6992
0,40,890,3645440,87.6877,2.6754,1.5000,0.0000,1.2440,0.0408,0.2410,1.0000,0.0408,0.2410,1.1265,0.1118,0.3726,0.0090,0,0,0,0,1.2111,0.6048,0.6990,2.9455,2.6992
0,41,890,3645440,89.2636,2.6417,1.5000,0.0000,1.0165,0.0362,0.2163,1.0000,0.0362,0.2163,1.0983,0.1056,0.3558,0.0082,0,0,0,0,1.2407,0.6316,0.7126,2.9455,2.6992
0,42,890,3645440,90.6554,2.6071,1.5000,0.0000,1.1535,0.0243,0.1963,1.0000,0.0243,0.1963,1.0693,0.0998,0.3397,0.0075,0,0,0,0,1.2704,0.6585,0.7249,2.9455,2.6992
0,43,890,3645440,92.1420,2.5770,1.5000,0.0000,0.8769,0.0324,0.1992,0.8769,0.0324,0.1992,1.0397,0.0945,0.3246,0.0074,0,0,0,0,1.2958,0.6828,0.7374,2.9455,2.6992
0,44,890,3645440,93.3860,2.5430,1.5000,0.0000,0.9513,0.0199,0.1751,0.9513,0.0199,0.1751,1.0137,0.0885,0.3081,0.0068,0,0,0,0,1.3234,0.7089,0.7484,2.9455,2.6992
0,45,890,3645440,94.7958,2.5071,1.5000,0.0000,1.0205,0.0255,0.1936,1.0000,0.0255,0.1936,0.9847,0.0834,0.2933,0.0078,0,0,0,0,1.3520,0.7369,0.7606,2.9455,2.6992
0,46,890,3645440,96.2044,2.4817,1.5000,0.0000,0.7221,0.0282,0.1818,0.7221,0.0282,0.1818,0.9538,0.0773,0.2759,0.0065,0,0,0,0,1.3722,0.7576,0.7720,2.9455,2.6992
0,47,890,3645440,97.5713,2.4527,1.5000,0.0000,0.8038,0.0247,0.1790,0.8038,0.0247,0.1790,0.9319,0.0708,0.2583,0.0067,0,0,0,0,1.3945,0.7808,0.7832,2.9455,2.6992
0,48,890,3645440,98.8270,2.4279,1.5000,0.0000,0.6841,0.0207,0.1620,0.6841,0.0207,0.1620,0.9070,0.0644,0.2404,0.0057,0,0,0,0,1.4133,0.8007,0.7934,2.9455,2.6992
0,49,890,3645440,100.0114,2.3963,1.5000,0.0000,0.8456,0.0149,0.1581,0.8456,0.0149,0.1581,0.8857,0.0583,0.2235,0.0062,0,0,0,0,1.4366,0.8252,0.8033,2.9455,2.6992
0,50,890,3645440,101.3930,2.3694,1.5000,0.0000,0.7276,0.0243,0.1745,0.7276,0.0243,0.1745,0.8585,0.0525,0.2068,0.0065,0,0,0,0,1.4561,0.8468,0.8143,2.9455,2.6992
0,51,890,3645440,102.2743,2.3403,1.5000,0.0000,0.7630,0.0009,0.1206,0.7630,0.0009,0.1206,0.8354,0.0453,0.1872,0.0046,0,0,0,0,1.4771,0.8690,0.8219,2.9455,2.6992
0,52,890,3645440,103.3642,2.3085,1.5000,0.0000,0.8305,0.0087,0.1436,0.8305,0.0087,0.1436,0.8101,0.0409,0.1740,0.0058,0,0,0,0,1.4994,0.8936,0.8309,2.9455,2.6992
0,53,890,3645440,104.3557,2.2811,1.5000,0.0000,0.7128,0.0057,0.1290,0.7128,0.0057,0.1290,0.7823,0.0352,0.1576,0.0048,0,0,0,0,1.5185,0.9148,0.8390,2.9455,2.6992
0,54,890,3645440,105.1346,2.2543,1.5000,0.0000,0.6909,-0.0037,0.1048,0.6909,-0.0037,0.1048,0.7584,0.0300,0.1424,0.0038,0,0,0,0,1.5370,0.9353,0.8456,2.9455,2.6992
0,55,890,3645440,105.9644,2.2288,1.5000,0.0000,0.6567,-0.0014,0.1087,0.6567,-0.0014,0.1087,0.7347,0.0259,0.1302,0.0039,0,0,0,0,1.5545,0.9549,0.8524,2.9455,2.6992
0,56,890,3645440,106.9974,2.1998,1.5000,0.0000,0.7425,0.0054,0.1311,0.7425,0.0054,0.1311,0.7120,0.0214,0.1172,0.0052,0,0,0,0,1.5739,0.9774,0.8607,2.9455,2.6992
0,57,890,3645440,107.6482,2.1644,1.5000,0.0000,0.8975,-0.0152,0.0919,0.8975,-0.0152,0.0919,0.6863,0.0158,0.1010,0.0043,0,0,0,0,1.5978,1.0042,0.8664,2.9455,2.6992
0,58,890,3645440,108.1912,2.1421,1.5000,0.0000,0.5655,-0.0134,0.0742,0.5655,-0.0134,0.0742,0.6541,0.0126,0.0901,0.0022,0,0,0,0,1.6128,1.0211,0.8711,2.9455,2.6992
0,59,890,3645440,108.7485,2.1229,1.5000,0.0000,0.4850,-0.0110,0.0738,0.4850,-0.0110,0.0738,0.6339,0.0097,0.0813,0.0019,0,0,0,0,1.6256,1.0357,0.8757,2.9455,2.6992
0,60,890,3645440,109.2789,2.0944,1.5000,0.0000,0.7192,-0.0175,0.0739,0.7192,-0.0175,0.0739,0.6165,0.0067,0.0723,0.0029,0,0,0,0,1.6446,1.0573,0.8804,2.9455,2.6992
0,61,890,3645440,109.7813,2.0715,1.5000,0.0000,0.5766,-0.0156,0.0683,0.5766,-0.0156,0.0683,0.5903,0.0040,0.0633,0.0021,0,0,0,0,1.6598,1.0747,0.8847,2.9455,2.6992
0,62,890,3645440,110.1703,2.0547,1.5000,0.0000,0.4215,-0.0173,0.0539,0.4215,-0.0173,0.0539,0.5692,0.0014,0.0550,0.0008,0,0,0,0,1.6710,1.0873,0.8881,2.9455,2.6992
0,63,890,3645440,110.4944,2.0322,1.5000,0.0000,0.5641,-0.0239,0.0485,0.5641,-0.0239,0.0485,0.5537,-0.0007,0.0485,0.0013,0,0,0,0,1.6860,1.1042,0.8911,2.9455,2.6992
0,64,890,3645440,110.6430,2.0117,1.5000,0.0000,0.5145,-0.0304,0.0292,0.5145,-0.0304,0.0292,0.5328,-0.0023,0.0429,0.0002,0,0,0,0,1.6999,1.1194,0.8929,2.9455,2.6992
0,65,890,3645440,110.8111,1.9899,1.5000,0.0000,0.5458,-0.0304,0.0315,0.5458,-0.0304,0.0315,0.5136,-0.0028,0.0399,0.0005,0,0,0,0,1.7145,1.1357,0.8949,2.9455,2.6992
0,66,890,3645440,111.0441,1.9691,1.5000,0.0000,0.5224,-0.0270,0.0380,0.5224,-0.0270,0.0380,0.4932,-0.0035,0.0366,0.0006,0,0,0,0,1.7284,1.1513,0.8973,2.9455,2.6992
0,67,890,3645440,111.3410,1.9540,1.5000,0.0000,0.3778,-0.0207,0.0430,0.3778,-0.0207,0.0430,0.4736,-0.0045,0.0324,0.0002,0,0,0,0,1.7385,1.1626,0.9000,2.9455,2.6992
0,68,890,3645440,111.5667,1.9399,1.5000,0.0000,0.3520,-0.0232,0.0351,0.3520,-0.0232,0.0351,0.4594,-0.0060,0.0274,-0.0002,0,0,0,0,1.7480,1.1731,0.9022,2.9455,2.6992
0,69,890,3645440,111.7580,1.9290,1.5000,0.0000,0.2723,-0.0226,0.0306,0.2723,-0.0226,0.0306,0.4462,-0.0072,0.0235,-0.0008,0,0,0,0,1.7554,1.1810,0.9041,2.9455,2.6992
0,70,890,3645440,111.8711,1.9165,1.5000,0.0000,0.3132,-0.0271,0.0227,0.3132,-0.0271,0.0227,0.4360,-0.0081,0.0202,-0.0009,0,0,0,0,1.7640,1.1902,0.9056,2.9455,2.6992
0,71,890,3645440,112.1450,1.9058,1.5000,0.0000,0.2670,-0.0189,0.0391,0.2670,-0.0189,0.0391,0.4241,-0.0086,0.0180,-0.0017,0,0,0,0,1.7712,1.1982,0.9080,2.9455,2.6992
0,72,890,3645440,112.5268,1.8924,1.5000,0.0000,0.3345,-0.0161,0.0508,0.3345,-0.0161,0.0508,0.4141,-0.0101,0.0135,-0.0030,0,0,0,0,1.7800,1.2083,0.9112,2.9455,2.6992
0,73,890,3645440,112.9378,1.8783,1.5000,0.0000,0.3514,-0.0155,0.0538,0.3514,-0.0155,0.0538,0.4014,-0.0121,0.0073,-0.0031,0,0,0,0,1.7891,1.2190,0.9146,2.9455,2.6992
0,74,890,3645440,113.2614,1.8692,1.5000,0.0000,0.2266,-0.0158,0.0434,0.2266,-0.0158,0.0434,0.3881,-0.0143,0.0005,-0.0033,0,0,0,0,1.7951,1.2258,0.9173,2.9455,2.6992
0,75,890,3645440,113.5836,1.8622,1.5000,0.0000,0.1744,-0.0144,0.0428,0.1744,-0.0144,0.0428,0.3795,-0.0161,-0.0047,-0.0036,0,0,0,0,1.7998,1.2310,0.9200,2.9455,2.6992
0,76,890,3645440,113.6672,1.8545,1.5000,0.0000,0.1922,-0.0253,0.0179,0.1922,-0.0253,0.0179,0.3729,-0.0179,-0.0098,-0.0024,0,0,0,0,1.8052,1.2365,0.9211,2.9455,2.6992
0,77,890,3645440,113.6694,1.8472,1.5000,0.0000,0.1812,-0.0285,0.0093,0.1812,-0.0285,0.0093,0.3655,-0.0183,-0.0113,-0.0021,0,0,0,0,1.8105,1.2416,0.9217,2.9455,2.6992
0,78,890,3645440,113.6348,1.8404,1.5000,0.0000,0.1713,-0.0297,0.0054,0.1713,-0.0297,0.0054,0.3586,-0.0182,-0.0116,-0.0020,0,0,0,0,1.8156,1.2463,0.9221,2.9455,2.6992
0,79,890,3645440,113.5641,1.8330,1.5000,0.0000,0.1836,-0.0316,0.0018,0.1836,-0.0316,0.0018,0.3521,-0.0179,-0.0113,-0.0018,0,0,0,0,1.8211,1.2514,0.9222,2.9455,2.6992
0,80,890,3645440,113.4981,1.8264,1.5000,0.0000,0.1653,-0.0308,0.0022,0.1653,-0.0308,0.0022,0.3450,-0.0173,-0.0105,-0.0019,0,0,0,0,1.8260,1.2560,0.9223,2.9455,2.6992
0,81,890,3645440,113.3319,1.8194,1.5000,0.0000,0.1746,-0.0353,-0.0081,0.1746,-0.0353,-0.0081,0.3387,-0.0168,-0.0098,-0.0014,0,0,0,0,1.8314,1.2607,0.9218,2.9455,2.6992
0,82,890,3645440,113.2630,1.8113,1.5000,0.0000,0.2030,-0.0321,0.0024,0.2030,-0.0321,0.0024,0.3320,-0.0157,-0.0075,-0.0017,0,0,0,0,1.8373,1.2664,0.9219,2.9455,2.6992
0,83,890,3645440,113.1824,1.8036,1.5000,0.0000,0.1937,-0.0323,0.0011,0.1937,-0.0323,0.0011,0.3242,-0.0152,-0.0068,-0.0017,0,0,0,0,1.8430,1.2718,0.9220,2.9455,2.6992
0,84,890,3645440,113.1511,1.7956,1.5000,0.0000,0.2005,-0.0304,0.0064,0.2005,-0.0304,0.0064,0.3168,-0.0146,-0.0059,-0.0019,0,0,0,0,1.8488,1.2774,0.9224,2.9455,2.6992
0,85,890,3645440,113.0714,1.7885,1.5000,0.0000,0.1753,-0.0316,0.0012,0.1753,-0.0316,0.0012,0.3091,-0.0143,-0.0057,-0.0018,0,0,0,0,1.8541,1.2822,0.9225,2.9455,2.6992
0,86,890,3645440,113.0072,1.7813,1.5000,0.0000,0.1798,-0.0311,0.0029,0.1798,-0.0311,0.0029,0.3024,-0.0137,-0.0047,-0.0018,0,0,0,0,1.8594,1.2872,0.9227,2.9455,2.6992
0,87,890,3645440,112.9275,1.7715,1.5000,0.0000,0.2451,-0.0336,0.0019,0.2451,-0.0336,0.0019,0.2955,-0.0132,-0.0040,-0.0014,0,0,0,0,1.8664,1.2942,0.9228,2.9455,2.6992
0,88,890,3645440,113.0042,1.7629,1.5000,0.0000,0.2153,-0.0258,0.0179,0.2153,-0.0258,0.0179,0.2860,-0.0126,-0.0032,-0.0023,0,0,0,0,1.8724,1.3005,0.9239,2.9455,2.6992
0,89,890,3645440,113.0768,1.7564,1.5000,0.0000,0.1636,-0.0244,0.0171,0.1636,-0.0244,0.0171,0.2778,-0.0129,-0.0047,-0.0025,0,0,0,0,1.8772,1.3051,0.9250,2.9455,2.6992
0,90,890,3645440,113.0439,1.7496,1.5000,0.0000,0.1681,-0.0290,0.0062,0.1681,-0.0290,0.0062,0.2715,-0.0133,-0.0060,-0.0020,0,0,0,0,1.8821,1.3098,0.9254,2.9455,2.6992
0,91,890,3645440,113.0683,1.7438,1.5000,0.0000,0.1460,-0.0259,0.0119,0.1460,-0.0259,0.0119,0.2650,-0.0130,-0.0058,-0.0024,0,0,0,0,1.8865,1.3138,0.9261,2.9455,2.6992
0,92,890,3645440,113.1484,1.7378,1.5000,0.0000,0.1493,-0.0236,0.0178,0.1493,-0.0236,0.0178,0.2594,-0.0130,-0.0063,-0.0026,0,0,0,0,1.8908,1.3180,0.9273,2.9455,2.6992
0,93,890,3645440,113.2143,1.7332,1.5000,0.0000,0.1142,-0.0231,0.0160,0.1142,-0.0231,0.0160,0.2537,-0.0134,-0.0078,-0.0027,0,0,0,0,1.8943,1.3211,0.9283,2.9455,2.6992
0,94,890,3645440,113.2204,1.7289,1.5000,0.0000,0.1062,-0.0253,0.0097,0.1062,-0.0253,0.0097,0.2493,-0.0137,-0.0089,-0.0025,0,0,0,0,1.8977,1.3239,0.9289,2.9455,2.6992
0,95,890,3645440,113.2382,1.7253,1.5000,0.0000,0.0899,-0.0242,0.0107,0.0899,-0.0242,0.0107,0.2452,-0.0137,-0.0092,-0.0026,0,0,0,0,1.9006,1.3262,0.9295,2.9455,2.6992
0,96,890,3645440,113.3107,1.7217,1.5000,0.0000,0.0905,-0.0219,0.0164,0.0905,-0.0219,0.0164,0.2417,-0.0137,-0.0096,-0.0029,0,0,0,0,1.9034,1.3286,0.9306,2.9455,2.6992
0,97,890,3645440,113.4167,1.7173,1.5000,0.0000,0.1093,-0.0211,0.0201,0.1093,-0.0211,0.0201,0.2383,-0.0141,-0.0108,-0.0029,0,0,0,0,1.9067,1.3316,0.9318,2.9455,2.6992
0,98,890,3645440,113.2675,1.7143,1.5000,0.0000,0.0752,-0.0308,-0.0067,0.0752,-0.0308,-0.0067,0.2341,-0.0147,-0.0126,-0.0020,0,0,0,0,1.9095,1.3333,0.9314,2.9455,2.6992
0,99,890,3645440,113.1507,1.7106,1.5000,0.0000,0.0941,-0.0301,-0.0030,0.0941,-0.0301,-0.0030,0.2311,-0.0137,-0.0104,-0.0020,0,0,0,0,1.9127,1.3356,0.9312,2.9455,2.6992
0,100,890,3645440,113.0617,1.7071,1.5000,0.0000,0.0875,-0.0286,-0.0002,0.0875,-0.0286,-0.0002,0.2275,-0.0130,-0.0088,-0.0022,0,0,0,0,1.9157,1.3377,0.9312,2.9455,2.6992
0,101,890,3645440,112.9745,1.7029,1.5000,0.0000,0.1046,-0.0291,0.0002,0.1046,-0.0291,0.0002,0.2241,-0.0124,-0.0076,-0.0021,0,0,0,0,1.9192,1.3404,0.9312,2.9455,2.6992
0,102,890,3645440,113.0818,1.6997,1.5000,0.0000,0.0796,-0.0200,0.0201,0.0796,-0.0200,0.0201,0.2200,-0.0118,-0.0064,0.9970,0,0,0,0,1.9217,1.3424,0.9325,2.9455,2.6992
0,103,890,3645440,112.9969,1.6959,1.5000,0.0000,0.0953,-0.0287,0.0004,0.0953,-0.0287,0.0004,0.0000,0.0000,0.0000,-0.0030,0,0,0,0,1.9249,1.3448,0.9325,2.9455,2.6992
0,104,890,3645440,112.8395,1.6934,1.5000,0.0000,0.0621,-0.0305,-0.0075,0.0621,-0.0305,-0.0075,0.0000,0.0000,0.0000,-0.0030,0,0,0,0,1.9274,1.3461,0.9320,2.9455,2.6992
0,105,890,3645440,112.7969,1.6899,1.5000,0.0000,0.0879,-0.0266,0.0048,0.0879,-0.0266,0.0048,0.0000,0.0000,0.0000,-0.0030,0,0,0,0,1.9303,1.3483,0.9323,2.9455,2.6992
0,106,890,3645440,112.7287,1.6861,1.5000,0.0000,0.0941,-0.0279,0.0022,0.0941,-0.0279,0.0022,0.0000,0.0000,0.0000,-0.0030,0,0,0,0,1.9335,1.3506,0.9325,2.9455,2.6992
0,107,890,3645440,112.5288,1.6829,1.5000,0.0000,0.0809,-0.0329,-0.0115,0.0809,-0.0329,-0.0115,0.0000,0.0000,0.0000,-0.0030,0,0,0,0,1.9364,1.3524,0.9317,2.9455,2.6992
0,108,890,3645440,112.3446,1.6799,1.5000,0.0000,0.0744,-0.0320,-0.0099,0.0744,-0.0320,-0.0099,0.0000,0.0000,0.0000,-0.0030,0,0,0,0,1.9392,1.3541,0.9311,2.9455,2.6992
0,109,890,3645440,112.1607,1.6768,1.5000,0.0000,0.0772,-0.0321,-0.0098,0.0772,-0.0321,-0.0098,0.0000,0.0000,0.0000,-0.0030,0,0,0,0,1.9421,1.3558,0.9305,2.9455,2.6992
0,110,890,3645440,112.0854,1.6740,1.5000,0.0000,0.0692,-0.0273,0.0014,0.0692,-0.0273,0.0014,0.0000,0.0000,0.0000,-0.0030,0,0,0,0,1.9446,1.3573,0.9306,2.9455,2.6992
0,111,890,3645440,111.9818,1.6711,1.5000,0.0000,0.0745,-0.0286,-0.0015,0.0745,-0.0286,-0.0015,0.0000,0.0000,0.0000,-0.0030,0,0,0,0,1.9473,1.3590,0.9305,2.9455,2.6992
0,112,890,3645440,111.9524,1.6681,1.5000,0.0000,0.0747,-0.0255,0.0062,0.0747,-0.0255,0.0062,0.0000,0.0000,0.0000,-0.0030,0,0,0,0,1.9499,1.3608,0.9309,2.9455,2.6992
0,113,890,3645440,111.8992,1.6653,1.5000,0.0000,0.0692,-0.0263,0.0037,0.0692,-0.0263,0.0037,0.0000,0.0000,0.0000,-0.0030,0,0,0,0,1.9524,1.3624,0.9311,2.9455,2.6992
0,114,890,3645440,111.8408,1.6624,1.5000,0.0000,0.0720,-0.0266,0.0033,0.0720,-0.0266,0.0033,0.0000,0.0000,0.0000,-0.0030,0,0,0,0,1.9550,1.3641,0.9313,2.9455,2.6992
0,115,890,3645440,111.8133,1.6591,1.5000,0.0000,0.0819,-0.0256,0.0066,0.0819,-0.0256,0.0066,0.0000,0.0000,0.0000,-0.0030,0,0,0,0,1.9578,1.3661,0.9317,2.9455,2.6992
0,116,890,3645440,111.8060,1.6555,1.5000,0.0000,0.0904,-0.0250,0.0088,0.0904,-0.0250,0.0088,0.0000,0.0000,0.0000,-0.0030,0,0,0,0,1.9608,1.3684,0.9323,2.9455,2.6992
0,117,890,3645440,111.7985,1.6517,1.5000,0.0000,0.0956,-0.0252,0.0089,0.0956,-0.0252,0.0089,0.0000,0.0000,0.0000,-0.0030,0,0,0,0,1.9638,1.3709,0.9329,2.9455,2.6992
0,118,890,3645440,111.9063,1.6485,1.5000,0.0000,0.0810,-0.0199,0.0206,0.0810,-0.0199,0.0206,0.0000,0.0000,0.0000,-0.0030,0,0,0,0,1.9664,1.3730,0.9341,2.9455,2.6992
0,119,890,3645440,111.9776,1.6453,1.5000,0.0000,0.0794,-0.0213,0.0168,0.0794,-0.0213,0.0168,0.0000,0.0000,0.0000,-0.0030,0,0,0,0,1.9690,1.3751,0.9352,2.9455,2.6992
0,120,890,3645440,112.0815,1.6423,1.5000,0.0000,0.0737,-0.0198,0.0201,0.0737,-0.0198,0.0201,0.0000,0.0000,0.0000,-0.0030,0,0,0,0,1.9714,1.3770,0.9365,2.9455,2.6992
0,121,890,3645440,112.1869,1.6392,1.5000,0.0000,0.0784,-0.0199,0.0203,0.0784,-0.0199,0.0203,0.0000,0.0000,0.0000,-0.0030,0,0,0,0,1.9739,1.3790,0.9377,2.9455,2.6992
0,122,890,3645440,112.1869,1.6392,1.5000,0.0000,0.0392,-0.0129,0.0333,0.0000,0.0000,0.0000,0.0000,0.0000,0.0000,-0.0030,0,0,0,0,1.9739,1.3790,0.9377,2.9455,2.6992
0,123,890,3645440,112.1869,1.6392,1.5000,0.0000,0.0470,-0.0191,0.0189,0.0000,0.0000,0.0000,0.0000,0.0000,0.0000,-0.0030,0,0,0,0,1.9739,1.3790,0.9377,2.9455,2.6992
0,124,890,3645440,112.1869,1.6392,1.5000,0.0000,0.0405,-0.0151,0.0281,0.0000,0.0000,0.0000,0.0000,0.0000,0.0000,3.7889,1,1,0,0,1.9739,1.3790,0.9377,2.9455,2.6992
1,0,890,3645440,123.1374,6.6096,1.5000,0.0000,2.5967,-0.0623,0.0816,1.0000,-0.0623,0.0816,3.1775,-0.1196,-0.0417,0.9970,0,0,0,0,0.0400,-0.0025,0.0051,6.6524,-0.5201
1,1,890,3645440,123.6861,6.5674,1.5000,0.0000,2.6635,-0.0715,0.0638,1.0000,-0.0715,0.0638,3.1636,-0.1212,-0.0457,-0.0002,0,0,0,0,0.0800,-0.0051,0.0091,6.6524,-0.5201
1,2,890,3645440,124.3506,6.5246,1.5000,0.0000,2.5090,-0.0616,0.0761,1.0000,-0.0616,0.0761,3.1500,-0.1223,-0.0488,-0.0006,0,0,0,0,0.1200,-0.0072,0.0139,6.6524,-0.5201
1,3,890,3645440,124.8142,6.4826,1.5000,0.0000,2.4536,-0.0701,0.0526,1.0000,-0.0701,0.0526,3.1355,-0.1238,-0.0525,0.0002,0,0,0,0,0.1601,-0.0095,0.0172,6.6524,-0.5201
1,4,890,3645440,125.1537,6.4410,1.5000,0.0000,2.4975,-0.0773,0.0383,1.0000,-0.0773,0.0383,3.1217,-0.1247,-0.0552,0.0007,0,0,0,0,0.2001,-0.0119,0.0196,6.6524,-0.5201
1,5,890,3645440,125.6260,6.3989,1.5000,0.0000,2.4543,-0.0699,0.0529,1.0000,-0.0699,0.0529,3.1083,-0.1253,-0.0571,0.0002,0,0,0,0,0.2402,-0.0139,0.0230,6.6524,-0.5201
1,6,890,3645440,126.0537,6.3570,1.5000,0.0000,2.3296,-0.0689,0.0472,1.0000,-0.0689,0.0472,3.0940,-0.1262,-0.0598,0.0003,0,0,0,0,0.2802,-0.0157,0.0259,6.6524,-0.5201
1,7,890,3645440,126.5604,6.3146,1.5000,0.0000,2.0901,-0.0592,0.0551,1.0000,-0.0592,0.0551,3.0796,-0.1270,-0.0623,0.0000,0,0,0,0,0.3203,-0.0171,0.0294,6.6524,-0.5201
1,8,890,3645440,127.0529,6.2723,1.5000,0.0000,2.1050,-0.0604,0.0531,1.0000,-0.0604,0.0531,3.0645,-0.1280,-0.0652,0.0001,0,0,0,0,0.3603,-0.0183,0.0327,6.6524,-0.5201
1,9,890,3645440,127.3857,6.2307,1.5000,0.0000,2.0421,-0.0662,0.0345,1.0000,-0.0662,0.0345,3.0491,-0.1289,-0.0680,0.0007,0,0,0,0,0.4004,-0.0197,0.0349,6.6524,-0.5201
1,10,890,3645440,127.5362,6.1901,1.5000,0.0000,2.3859,-0.0838,0.0145,1.0000,-0.0838,0.0145,3.0345,-0.1295,-0.0700,0.0014,0,0,0,0,0.4405,-0.0216,0.0358,6.6524,-0.5201
1,11,890,3645440,127.9703,6.1480,1.5000,0.0000,2.3813,-0.0705,0.0464,1.0000,-0.0705,0.0464,3.0209,-0.1296,-0.0711,0.0003,0,0,0,0,0.4806,-0.0230,0.0387,6.6524,-0.5201
1,12,890,3645440,128.3609,6.1061,1.5000,0.0000,2.3290,-0.0711,0.0409,1.0000,-0.0711,0.0409,3.0052,-0.1304,-0.0736,0.0005,0,0,0,0,0.5206,-0.0243,0.0413,6.6524,-0.5201
1,13,890,3645440,128.6032,6.0650,1.5000,0.0000,2.2191,-0.0754,0.0236,1.0000,-0.0754,0.0236,2.9895,-0.1311,-0.0759,0.0011,0,0,0,0,0.5607,-0.0256,0.0428,6.6524,-0.5201
1,14,890,3645440,128.6713,6.0248,1.5000,0.0000,2.1930,-0.0831,0.0037,1.0000,-0.0831,0.0037,2.9746,-0.1314,-0.0775,0.0017,0,0,0,0,0.6008,-0.0273,0.0430,6.6524,-0.5201
1,15,890,3645440,128.7901,5.9843,1.5000,0.0000,2.1802,-0.0803,0.0093,1.0000,-0.0803,0.0093,2.9608,-0.1314,-0.0783,0.0015,0,0,0,0,0.6409,-0.0287,0.0436,6.6524,-0.5201
1,16,890,3645440,128.8815,5.9441,1.5000,0.0000,2.1584,-0.0810,0.0060,1.0000,-0.0810,0.0060,2.9464,-0.1314,-0.0793,0.0016,0,0,0,0,0.6810,-0.0302,0.0440,6.6524,-0.5201
1,17,890,3645440,128.9567,5.9039,1.5000,0.0000,2.0560,-0.0792,0.0038,1.0000,-0.0792,0.0038,2.9320,-0.1314,-0.0802,0.0017,0,0,0,0,0.7211,-0.0317,0.0442,6.6524,-0.5201
1,18,890,3645440,129.1956,5.8629,1.5000,0.0000,1.9145,-0.0680,0.0217,1.0000,-0.0680,0.0217,2.9176,-0.1314,-0.0810,0.0011,0,0,0,0,0.7612,-0.0326,0.0456,6.6524,-0.5201
1,19,890,3645440,129.7334,5.8202,1.5000,0.0000,1.8679,-0.0532,0.0549,1.0000,-0.0532,0.0549,2.9017,-0.1317,-0.0827,-0.0001,0,0,0,0,0.8013,-0.0329,0.0490,6.6524,-0.5201
1,20,890,3645440,130.0250,5.7789,1.5000,0.0000,2.0146,-0.0686,0.0272,1.0000,-0.0686,0.0272,2.8832,-0.1327,-0.0859,0.0009,0,0,0,0,0.8414,-0.0337,0.0507,6.6524,-0.5201
1,21,890,3645440,130.4512,5.7369,1.5000,0.0000,1.7662,-0.0561,0.0413,1.0000,-0.0561,0.0413,2.8664,-0.1331,-0.0879,0.0004,0,0,0,0,0.8814,-0.0339,0.0533,6.6524,-0.5201
1,22,890,3645440,130.5171,5.6968,1.5000,0.0000,1.6855,-0.0708,0.0003,1.0000,-0.0708,0.0003,2.8483,-0.1338,-0.0906,0.0017,0,0,0,0,0.9215,-0.0346,0.0533,6.6524,-0.5201
1,23,890,3645440,130.6666,5.6564,1.5000,0.0000,1.7145,-0.0677,0.0096,1.0000,-0.0677,0.0096,2.8329,-0.1337,-0.0915,0.0014,0,0,0,0,0.9616,-0.0352,0.0539,6.6524,-0.5201
1,24,890,3645440,130.7828,5.6161,1.5000,0.0000,1.6444,-0.0678,0.0056,1.0000,-0.0678,0.0056,2.8166,-0.1339,-0.0928,0.0015,0,0,0,0,1.0017,-0.0357,0.0543,6.6524,-0.5201
1,25,890,3645440,130.9170,5.5757,1.5000,0.0000,1.6537,-0.0673,0.0075,1.0000,-0.0673,0.0075,2.8004,-0.1339,-0.0940,0.0014,0,0,0,0,1.0418,-0.0362,0.0548,6.6524,-0.5201
1,26,890,3645440,130.9016,5.5362,1.5000,0.0000,1.7164,-0.0758,-0.0092,1.0000,-0.0758,-0.0092,2.7838,-0.1340,-0.0953,0.0020,0,0,0,0,1.0819,-0.0371,0.0542,6.6524,-0.5201
1,27,890,3645440,131.1718,5.4950,1.5000,0.0000,1.8359,-0.0658,0.0230,1.0000,-0.0658,0.0230,2.7684,-0.1337,-0.0958,0.0009,0,0,0,0,1.1220,-0.0375,0.0556,6.6524,-0.5201
1,28,890,3645440,131.4370,5.4539,1.5000,0.0000,1.7818,-0.0645,0.0219,1.0000,-0.0645,0.0219,2.7502,-0.1341,-0.0978,0.0010,0,0,0,0,1.1620,-0.0379,0.0570,6.6524,-0.5201
1,29,890,3645440,131.5631,5.4136,1.5000,0.0000,1.7920,-0.0712,0.0061,1.0000,-0.0712,0.0061,2.7317,-0.1344,-0.0999,0.0015,0,0,0,0,1.2021,-0.0385,0.0574,6.6524,-0.5201
1,30,890,3645440,131.5817,5.3739,1.5000,0.0000,1.7009,-0.0742,-0.0062,1.0000,-0.0742,-0.0062,2.7143,-0.1345,-0.1012,0.0019,0,0,0,0,1.2422,-0.0391,0.0570,6.6524,-0.5201
1,31,890,3645440,131.5051,5.3348,1.5000,0.0000,1.7616,-0.0801,-0.0167,1.0000,-0.0801,-0.0167,2.6978,-0.1343,-0.1020,0.0022,0,0,0,0,1.2824,-0.0400,0.0559,6.6524,-0.5201
1,32,890,3645440,131.4845,5.2953,1.5000,0.0000,1.8098,-0.0788,-0.0103,1.0000,-0.0788,-0.0103,2.6819,-0.1339,-0.1023,0.0020,0,0,0,0,1.3225,-0.0410,0.0553,6.6524,-0.5201
1,33,890,3645440,131.6007,5.2550,1.5000,0.0000,1.7397,-0.0706,0.0046,1.0000,-0.0706,0.0046,2.6654,-0.1337,-0.1029,0.0015,0,0,0,0,1.3626,-0.0416,0.0556,6.6524,-0.5201
1,34,890,3645440,131.7420,5.2147,1.5000,0.0000,1.8935,-0.0734,0.0077,1.0000,-0.0734,0.0077,2.6472,-0.1337,-0.1043,0.0014,0,0,0,0,1.4027,-0.0423,0.0561,6.6524,-0.5201
1,35,890,3645440,131.8234,5.1747,1.5000,0.0000,1.6806,-0.0710,0.0002,1.0000,-0.0710,0.0002,2.6287,-0.1338,-0.1058,0.0016,0,0,0,0,1.4428,-0.0429,0.0561,6.6524,-0.5201
1,36,890,3645440,131.6930,5.1358,1.5000,0.0000,1.7383,-0.0823,-0.0232,1.0000,-0.0823,-0.0232,2.6104,-0.1337,-0.1070,0.0024,0,0,0,0,1.4829,-0.0439,0.0546,6.6524,-0.5201
1,37,890,3645440,131.5301,5.0970,1.5000,0.0000,1.8734,-0.0875,-0.0264,1.0000,-0.0875,-0.0264,2.5941,-0.1332,-0.1071,0.0026,0,0,0,0,1.5230,-0.0452,0.0530,6.6524,-0.5201
1,38,890,3645440,131.6827,5.0566,1.5000,0.0000,2.0419,-0.0772,0.0093,1.0000,-0.0772,0.0093,2.5780,-0.1326,-0.1070,0.0014,0,0,0,0,1.5631,-0.0462,0.0535,6.6524,-0.5201
1,39,890,3645440,131.8023,5.0164,1.5000,0.0000,1.8656,-0.0743,0.0049,1.0000,-0.0743,0.0049,2.5584,-0.1327,-0.1087,0.0015,0,0,0,0,1.6032,-0.0470,0.0539,6.6524,-0.5201
1,40,890,3645440,131.7111,4.9772,1.5000,0.0000,1.8304,-0.0832,-0.0188,1.0000,-0.0832,-0.0188,2.5389,-0.1327,-0.1102,0.0023,0,0,0,0,1.6434,-0.0482,0.0527,6.6524,-0.5201
1,41,890,3645440,131.3749,4.9393,1.5000,0.0000,1.8018,-0.0938,-0.0460,1.0000,-0.0938,-0.0460,2.5214,-0.1322,-0.1106,0.0032,0,0,0,0,1.6835,-0.0498,0.0498,6.6524,-0.5201
1,42,890,3645440,131.1194,4.9010,1.5000,0.0000,1.7854,-0.0895,-0.0369,1.0000,-0.0895,-0.0369,2.5061,-0.1312,-0.1095,0.0029,0,0,0,0,1.7236,-0.0514,0.0475,6.6524,-0.5201
1,43,890,3645440,131.1274,4.8613,1.5000,0.0000,1.9948,-0.0827,-0.0068,1.0000,-0.0827,-0.0068,2.4899,-0.1304,-0.1089,0.0019,0,0,0,0,1.7637,-0.0528,0.0470,6.6524,-0.5201
1,44,890,3645440,131.0496,4.8220,1.5000,0.0000,1.7681,-0.0808,-0.0172,1.0000,-0.0808,-0.0172,2.4707,-0.1301,-0.1099,0.0023,0,0,0,0,1.8038,-0.0542,0.0460,6.6524,-0.5201
1,45,890,3645440,130.8866,4.7832,1.5000,0.0000,1.7403,-0.0842,-0.0267,1.0000,-0.0842,-0.0267,2.4522,-0.1297,-0.1103,0.0026,0,0,0,0,1.8440,-0.0557,0.0443,6.6524,-0.5201
1,46,890,3645440,130.7708,4.7441,1.5000,0.0000,1.6569,-0.0800,-0.0216,1.0000,-0.0800,-0.0216,2.4343,-0.1290,-0.1103,0.0024,0,0,0,0,1.8841,-0.0571,0.0429,6.6524,-0.5201
1,47,890,3645440,130.8035,4.7042,1.5000,0.0000,2.0147,-0.0823,-0.0039,1.0000,-0.0823,-0.0039,2.4158,-0.1284,-0.1105,0.0018,0,0,0,0,1.9242,-0.0587,0.0427,6.6524,-0.5201
1,48,890,3645440,130.9428,4.6639,1.5000,0.0000,1.7043,-0.0698,0.0068,1.0000,-0.0698,0.0068,2.3954,-0.1282,-0.1116,0.0014,0,0,0,0,1.9642,-0.0598,0.0431,6.6524,-0.5201
1,49,890,3645440,130.8239,4.6248,1.5000,0.0000,1.7940,-0.0837,-0.0218,1.0000,-0.0837,-0.0218,2.3737,-0.1283,-0.1134,0.0024,0,0,0,0,2.0044,-0.0614,0.0417,6.6524,-0.5201
1,50,890,3645440,130.6816,4.5858,1.5000,0.0000,1.6640,-0.0815,-0.0248,1.0000,-0.0815,-0.0248,2.3545,-0.1277,-0.1137,0.0025,0,0,0,0,2.0445,-0.0630,0.0402,6.6524,-0.5201
1,51,890,3645440,130.6921,4.5461,1.5000,0.0000,1.7207,-0.0759,-0.0076,1.0000,-0.0759,-0.0076,2.3353,-0.1271,-0.1138,0.0019,0,0,0,0,2.0845,-0.0644,0.0397,6.6524,-0.5201
1,52,890,3645440,130.6862,4.5065,1.5000,0.0000,1.6076,-0.0739,-0.0098,1.0000,-0.0739,-0.0098,2.3143,-0.1268,-0.1148,0.0020,0,0,0,0,2.1246,-0.0658,0.0391,6.6524,-0.5201
1,53,890,3645440,130.6599,4.4670,1.5000,0.0000,1.5932,-0.0744,-0.0122,1.0000,-0.0744,-0.0122,2.2932,-0.1265,-0.1158,0.0021,0,0,0,0,2.1647,-0.0672,0.0383,6.6524,-0.5201
1,54,890,3645440,130.4638,4.4282,1.5000,0.0000,2.0028,-0.0924,-0.0296,1.0000,-0.0924,-0.0296,2.2721,-0.1261,-0.1167,0.0027,0,0,0,0,2.2048,-0.0693,0.0364,6.6524,-0.5201
1,55,890,3645440,130.3850,4.3888,1.5000,0.0000,1.8645,-0.0838,-0.0170,1.0000,-0.0838,-0.0170,2.2525,-0.1253,-0.1165,0.0023,0,0,0,0,2.2449,-0.0712,0.0354,6.6524,-0.5201
1,56,890,3645440,130.3858,4.3491,1.5000,0.0000,1.8134,-0.0789,-0.0084,1.0000,-0.0789,-0.0084,2.2315,-0.1248,-0.1170,0.0020,0,0,0,0,2.2850,-0.0730,0.0349,6.6524,-0.5201
1,57,890,3645440,130.3042,4.3098,1.5000,0.0000,1.7740,-0.0818,-0.0177,1.0000,-0.0818,-0.0177,2.2094,-0.1244,-0.1181,0.0023,0,0,0,0,2.3251,-0.0749,0.0337,6.6524,-0.5201
1,58,890,3645440,130.0873,4.2710,1.5000,0.0000,1.9153,-0.0915,-0.0321,1.0000,-0.0915,-0.0321,2.1878,-0.1239,-0.1186,0.0028,0,0,0,0,2.3652,-0.0772,0.0317,6.6524,-0.5201
1,59,890,3645440,130.1375,4.2311,1.5000,0.0000,1.9256,-0.0798,-0.0024,1.0000,-0.0798,-0.0024,2.1675,-0.1230,-0.1183,0.0018,0,0,0,0,2.4053,-0.0791,0.0316,6.6524,-0.5201
1,60,890,3645440,129.7451,4.1929,1.5000,0.0000,1.8655,-0.0986,-0.0515,1.0000,-0.0986,-0.0515,2.1441,-0.1228,-0.1198,0.0035,0,0,0,0,2.4454,-0.0818,0.0283,6.6524,-0.5201
1,61,890,3645440,129.4281,4.1544,1.5000,0.0000,1.8826,-0.0953,-0.0428,1.0000,-0.0953,-0.0428,2.1251,-0.1214,-0.1182,0.0032,0,0,0,0,2.4855,-0.0844,0.0257,6.6524,-0.5201
1,62,890,3645440,129.0014,4.1162,1.5000,0.0000,1.9275,-0.1014,-0.0545,1.0000,-0.1014,-0.0545,2.1050,-0.1202,-0.1171,0.0037,0,0,0,0,2.5256,-0.0875,0.0222,6.6524,-0.5201
1,63,890,3645440,128.5644,4.0780,1.5000,0.0000,1.6133,-0.0944,-0.0564,1.0000,-0.0944,-0.0564,2.0858,-0.1186,-0.1152,0.0037,0,0,0,0,2.5656,-0.0904,0.0187,6.6524,-0.5201
1,64,890,3645440,128.2397,4.0393,1.5000,0.0000,1.7046,-0.0910,-0.0433,1.0000,-0.0910,-0.0433,2.0663,-0.1170,-0.1131,0.0033,0,0,0,0,2.6057,-0.0932,0.0160,6.6524,-0.5201
1,65,890,3645440,127.6605,4.0014,1.5000,0.0000,2.0987,-0.1123,-0.0696,1.0000,-0.1123,-0.0696,2.0454,-0.1156,-0.1118,0.0043,0,0,0,0,2.6458,-0.0971,0.0116,6.6524,-0.5201
1,66,890,3645440,127.1087,3.9634,1.5000,0.0000,1.7364,-0.1020,-0.0674,1.0000,-0.1020,-0.0674,2.0265,-0.1135,-0.1084,0.0042,0,0,0,0,2.6858,-0.1007,0.0074,6.6524,-0.5201
1,67,890,3645440,126.9084,3.9242,1.5000,0.0000,1.6333,-0.0830,-0.0284,1.0000,-0.0830,-0.0284,2.0071,-0.1113,-0.1051,0.0028,0,0,0,0,2.7258,-0.1037,0.0056,6.6524,-0.5201
1,68,890,3645440,126.5500,3.8854,1.5000,0.0000,1.6457,-0.0901,-0.0457,1.0000,-0.0901,-0.0457,1.9840,-0.1103,-0.1046,0.0034,0,0,0,0,2.7659,-0.1071,0.0027,6.6524,-0.5201
1,69,890,3645440,126.1565,3.8467,1.5000,0.0000,1.7032,-0.0931,-0.0490,1.0000,-0.0931,-0.0490,1.9621,-0.1087,-0.1028,0.0036,0,0,0,0,2.8059,-0.1107,-0.0004,6.6524,-0.5201
1,70,890,3645440,125.6990,3.8081,1.5000,0.0000,1.6985,-0.0956,-0.0557,1.0000,-0.0956,-0.0557,1.9401,-0.1070,-0.1006,0.0039,0,0,0,0,2.8459,-0.1146,-0.0039,6.6524,-0.5201
1,71,890,3645440,125.3816,3.7690,1.5000,0.0000,1.6734,-0.0886,-0.0398,1.0000,-0.0886,-0.0398,1.9183,-0.1049,-0.0977,0.0033,0,0,0,0,2.8859,-0.1183,-0.0064,6.6524,-0.5201
1,72,890,3645440,124.9393,3.7302,1.5000,0.0000,1.7791,-0.0969,-0.0528,1.0000,-0.0969,-0.0528,1.8950,-0.1034,-0.0960,0.0038,0,0,0,0,2.9258,-0.1224,-0.0097,6.6524,-0.5201
1,73,890,3645440,124.2479,3.6920,1.5000,0.0000,1.9723,-0.1125,-0.0790,1.0000,-0.1125,-0.0790,1.8724,-0.1013,-0.0931,0.0049,0,0,0,0,2.9658,-0.1273,-0.0147,6.6524,-0.5201
1,74,890,3645440,123.6625,3.6533,1.5000,0.0000,1.9672,-0.1074,-0.0665,1.0000,-0.1074,-0.0665,1.8512,-0.0983,-0.0878,0.0044,0,0,0,0,3.0057,-0.1322,-0.0188,6.6524,-0.5201
1,75,890,3645440,122.8813,3.6150,1.5000,0.0000,2.1992,-0.1219,-0.0864,1.0000,-0.1219,-0.0864,1.8287,-0.0956,-0.0833,0.0053,0,0,0,0,3.0456,-0.1378,-0.0243,6.6524,-0.5201
1,76,890,3645440,122.1008,3.5765,1.5000,0.0000,2.1369,-0.1201,-0.0857,1.0000,-0.1201,-0.0857,1.8070,-0.0920,-0.0766,0.0053,0,0,0,0,3.0855,-0.1436,-0.0296,6.6524,-0.5201
1,77,890,3645440,121.5219,3.5375,1.5000,0.0000,1.9186,-0.1055,-0.0633,1.0000,-0.1055,-0.0633,1.7846,-0.0883,-0.0697,0.0045,0,0,0,0,3.1253,-0.1490,-0.0336,6.6524,-0.5201
1,78,890,3645440,120.8680,3.4986,1.5000,0.0000,1.9111,-0.1079,-0.0710,1.0000,-0.1079,-0.0710,1.7604,-0.0853,-0.0646,0.0048,0,0,0,0,3.1652,-0.1546,-0.0381,6.6524,-0.5201
1,79,890,3645440,120.5185,3.4591,1.5000,0.0000,2.0111,-0.0962,-0.0360,1.0000,-0.0962,-0.0360,1.7360,-0.0819,-0.0585,0.0035,0,0,0,0,3.2050,-0.1600,-0.0403,6.6524,-0.5201
1,80,890,3645440,120.1709,3.4196,1.5000,0.0000,1.6800,-0.0879,-0.0368,1.0000,-0.0879,-0.0368,1.7096,-0.0798,-0.0555,0.0035,0,0,0,0,3.2448,-0.1651,-0.0427,6.6524,-0.5201
1,81,890,3645440,119.6551,3.3803,1.5000,0.0000,1.7231,-0.0965,-0.0547,1.0000,-0.0965,-0.0547,1.6828,-0.0777,-0.0526,0.0042,0,0,0,0,3.2846,-0.1707,-0.0461,6.6524,-0.5201
1,82,890,3645440,119.3503,3.3406,1.5000,0.0000,1.8810,-0.0905,-0.0299,1.0000,-0.0905,-0.0299,1.6564,-0.0747,-0.0476,0.0033,0,0,0,0,3.3244,-0.1762,-0.0480,6.6524,-0.5201
1,83,890,3645440,119.1135,3.3009,1.5000,0.0000,1.5712,-0.0796,-0.0234,1.0000,-0.0796,-0.0234,1.6286,-0.0727,-0.0450,0.0030,0,0,0,0,3.3642,-0.1813,-0.0495,6.6524,-0.5201
1,84,890,3645440,118.9558,3.2610,1.5000,0.0000,1.5780,-0.0761,-0.0143,1.0000,-0.0761,-0.0143,1.6001,-0.0709,-0.0431,0.0027,0,0,0,0,3.4040,-0.1863,-0.0503,6.6524,-0.5201
1,85,890,3645440,118.5857,3.2214,1.5000,0.0000,1.6057,-0.0862,-0.0373,1.0000,-0.0862,-0.0373,1.5710,-0.0696,-0.0421,0.0036,0,0,0,0,3.4438,-0.1917,-0.0527,6.6524,-0.5201
1,86,890,3645440,118.4836,3.1815,1.5000,0.0000,1.7718,-0.0782,-0.0064,1.0000,-0.0782,-0.0064,1.5424,-0.0672,-0.0386,0.0024,0,0,0,0,3.4836,-0.1970,-0.0531,6.6524,-0.5201
1,87,890,3645440,118.1467,3.1418,1.5000,0.0000,1.6537,-0.0860,-0.0325,1.0000,-0.0860,-0.0325,1.5125,-0.0660,-0.0383,0.0035,0,0,0,0,3.5233,-0.2025,-0.0551,6.6524,-0.5201
1,88,890,3645440,117.6603,3.1022,1.5000,0.0000,1.6427,-0.0922,-0.0484,1.0000,-0.0922,-0.0484,1.4831,-0.0637,-0.0351,0.0041,0,0,0,0,3.5631,-0.2084,-0.0582,6.6524,-0.5201
1,89,890,3645440,117.2360,3.0625,1.5000,0.0000,1.7987,-0.0932,-0.0400,1.0000,-0.0932,-0.0400,1.4537,-0.0606,-0.0298,0.0039,0,0,0,0,3.6028,-0.2145,-0.0607,6.6524,-0.5201
1,90,890,3645440,116.8750,3.0227,1.5000,0.0000,1.7708,-0.0897,-0.0324,1.0000,-0.0897,-0.0324,1.4238,-0.0578,-0.0253,0.0036,0,0,0,0,3.6425,-0.2205,-0.0627,6.6524,-0.5201
1,91,890,3645440,116.1998,2.9832,1.5000,0.0000,1.6608,-0.1010,-0.0667,1.0000,-0.1010,-0.0667,1.3932,-0.0553,-0.0216,0.0050,0,0,0,0,3.6822,-0.2270,-0.0669,6.6524,-0.5201
1,92,890,3645440,115.8335,2.9433,1.5000,0.0000,1.6108,-0.0854,-0.0320,1.0000,-0.0854,-0.0320,1.3629,-0.0510,-0.0135,0.0036,0,0,0,0,3.7218,-0.2331,-0.0689,6.6524,-0.5201
1,93,890,3645440,115.5490,2.9035,1.5000,0.0000,1.7282,-0.0841,-0.0218,1.0000,-0.0841,-0.0218,1.3316,-0.0484,-0.0095,0.0033,0,0,0,0,3.7615,-0.2392,-0.0703,6.6524,-0.5201
1,94,890,3645440,115.1825,2.8636,1.5000,0.0000,1.4733,-0.0819,-0.0314,1.0000,-0.0819,-0.0314,1.2997,-0.0462,-0.0066,0.0036,0,0,0,0,3.8012,-0.2453,-0.0723,6.6524,-0.5201
1,95,890,3645440,114.5648,2.8238,1.5000,0.0000,1.7400,-0.0991,-0.0566,1.0000,-0.0991,-0.0566,1.2676,-0.0435,-0.0024,0.0047,0,0,0,0,3.8408,-0.2521,-0.0758,6.6524,-0.5201
1,96,890,3645440,114.1557,2.7839,1.5000,0.0000,1.4091,-0.0814,-0.0346,1.0000,-0.0814,-0.0346,1.2354,-0.0393,0.0053,0.0038,0,0,0,0,3.8804,-0.2584,-0.0780,6.6524,-0.5201
1,97,890,3645440,113.6416,2.7440,1.5000,0.0000,1.4212,-0.0860,-0.0451,1.0000,-0.0860,-0.0451,1.2026,-0.0363,0.0101,0.0043,0,0,0,0,3.9200,-0.2649,-0.0808,6.6524,-0.5201
1,98,890,3645440,113.1669,2.7041,1.5000,0.0000,1.3698,-0.0824,-0.0401,1.0000,-0.0824,-0.0401,1.1694,-0.0327,0.0165,0.0041,0,0,0,0,3.9597,-0.2715,-0.0833,6.6524,-0.5201
1,99,890,3645440,112.7402,2.6641,1.5000,0.0000,1.2200,-0.0766,-0.0347,1.0000,-0.0766,-0.0347,1.1358,-0.0293,0.0225,0.0039,0,0,0,0,3.9993,-0.2778,-0.0855,6.6524,-0.5201
1,100,890,3645440,112.3951,2.6241,1.5000,0.0000,1.0387,-0.0680,-0.0260,1.0000,-0.0680,-0.0260,1.1019,-0.0261,0.0277,0.0035,0,0,0,0,4.0389,-0.2840,-0.0872,6.6524,-0.5201
1,101,890,3645440,111.9120,2.5841,1.5000,0.0000,1.1358,-0.0759,-0.0396,1.0000,-0.0759,-0.0396,1.0676,-0.0234,0.0318,0.0034,0,0,0,0,4.0785,-0.2905,-0.0896,6.6524,-0.5201
1,102,890,3645440,111.7613,2.5563,1.5000,0.0000,0.6948,-0.0502,-0.0053,0.6948,-0.0502,-0.0053,1.0330,-0.0199,0.0380,-0.0002,0,0,0,0,4.1060,-0.2950,-0.0900,6.6524,-0.5201
1,103,890,3645440,111.6450,2.5245,1.5000,0.0000,0.7966,-0.0512,-0.0006,0.7966,-0.0512,-0.0006,1.0088,-0.0185,0.0395,0.0005,0,0,0,0,4.1375,-0.2999,-0.0900,6.6524,-0.5201
1,104,890,3645440,111.6045,2.4999,1.5000,0.0000,0.6153,-0.0435,0.0067,0.6153,-0.0435,0.0067,0.9809,-0.0172,0.0404,-0.0001,0,0,0,0,4.1619,-0.3038,-0.0896,6.6524,-0.5201
1,105,890,3645440,111.4650,2.4684,1.5000,0.0000,0.7856,-0.0518,-0.0027,0.7856,-0.0518,-0.0027,0.9593,-0.0166,0.0404,0.0003,0,0,0,0,4.1930,-0.3087,-0.0898,6.6524,-0.5201
1,106,890,3645440,111.4266,2.4371,1.5000,0.0000,0.7832,-0.0474,0.0086,0.7832,-0.0474,0.0086,0.9315,-0.0152,0.0416,0.0007,0,0,0,0,4.2240,-0.3134,-0.0892,6.6524,-0.5201
1,107,890,3645440,111.3589,2.4068,1.5000,0.0000,0.7582,-0.0478,0.0054,0.7582,-0.0478,0.0054,0.9038,-0.0145,0.0413,0.0005,0,0,0,0,4.2541,-0.3180,-0.0889,6.6524,-0.5201
1,108,890,3645440,111.3774,2.3791,1.5000,0.0000,0.6938,-0.0423,0.0144,0.6938,-0.0423,0.0144,0.8767,-0.0135,0.0415,0.0006,0,0,0,0,4.2815,-0.3221,-0.0880,6.6524,-0.5201
1,109,890,3645440,111.5443,2.3480,1.5000,0.0000,0.7762,-0.0374,0.0310,0.7762,-0.0374,0.0310,0.8519,-0.0132,0.0404,0.0016,0,0,0,0,4.3123,-0.3264,-0.0860,6.6524,-0.5201
1,110,890,3645440,111.6647,2.3229,1.5000,0.0000,0.6282,-0.0361,0.0248,0.6282,-0.0361,0.0248,0.8241,-0.0137,0.0370,0.0007,0,0,0,0,4.3373,-0.3300,-0.0845,6.6524,-0.5201
1,111,890,3645440,111.7726,2.3006,1.5000,0.0000,0.5589,-0.0348,0.0229,0.5589,-0.0348,0.0229,0.8014,-0.0140,0.0344,0.0003,0,0,0,0,4.3594,-0.3332,-0.0830,6.6524,-0.5201
1,112,890,3645440,111.5628,2.2799,1.5000,0.0000,0.5159,-0.0480,-0.0114,0.5159,-0.0480,-0.0114,0.7812,-0.0142,0.0321,-0.0014,0,0,0,0,4.3798,-0.3369,-0.0837,6.6524,-0.5201
1,113,890,3645440,111.7566,2.2597,1.5000,0.0000,0.5056,-0.0298,0.0320,0.5056,-0.0298,0.0320,0.7624,-0.0126,0.0347,0.0004,0,0,0,0,4.3999,-0.3397,-0.0817,6.6524,-0.5201
1,114,890,3645440,111.4799,2.2420,1.5000,0.0000,0.4418,-0.0490,-0.0188,0.4418,-0.0490,-0.0188,0.7440,-0.0135,0.0311,-0.0020,0,0,0,0,4.4173,-0.3431,-0.0829,6.6524,-0.5201
1,115,890,3645440,111.5398,2.2239,1.5000,0.0000,0.4534,-0.0343,0.0175,0.4534,-0.0343,0.0175,0.7278,-0.0115,0.0348,-0.0005,0,0,0,0,4.4353,-0.3460,-0.0818,6.6524,-0.5201
1,116,890,3645440,111.4637,2.2107,1.5000,0.0000,0.3293,-0.0371,0.0019,0.3293,-0.0371,0.0019,0.7112,-0.0116,0.0333,-0.0017,0,0,0,0,4.4483,-0.3486,-0.0817,6.6524,-0.5201
1,117,890,3645440,111.3807,2.1980,1.5000,0.0000,0.3177,-0.0366,0.0011,0.3177,-0.0366,0.0011,0.6991,-0.0109,0.0340,-0.0018,0,0,0,0,4.4608,-0.3510,-0.0816,6.6524,-0.5201
1,118,890,3645440,111.1090,2.1828,1.5000,0.0000,0.3804,-0.0467,-0.0183,0.3804,-0.0467,-0.0183,0.6873,-0.0102,0.0349,-0.0023,0,0,0,0,4.4758,-0.3541,-0.0828,6.6524,-0.5201
1,119,890,3645440,111.3025,2.1700,1.5000,0.0000,0.3207,-0.0247,0.0309,0.3207,-0.0247,0.0309,0.6732,-0.0083,0.0385,-0.0005,0,0,0,0,4.4886,-0.3562,-0.0808,6.6524,-0.5201
1,120,890,3645440,111.1556,2.1574,1.5000,0.0000,0.3138,-0.0395,-0.0054,0.3138,-0.0395,-0.0054,0.6615,-0.0093,0.0352,-0.0021,0,0,0,0,4.5009,-0.3588,-0.0812,6.6524,-0.5201
1,121,890,3645440,111.1970,2.1481,1.5000,0.0000,0.2327,-0.0288,0.0139,0.2327,-0.0288,0.0139,0.6498,-0.0082,0.0370,-0.0017,0,0,0,0,4.5101,-0.3607,-0.0803,6.6524,-0.5201
1,122,890,3645440,111.3378,2.1383,1.5000,0.0000,0.2478,-0.0249,0.0246,0.2478,-0.0249,0.0246,0.6412,-0.0083,0.0361,-0.0011,0,0,0,0,4.5199,-0.3625,-0.0788,6.6524,-0.5201
1,123,890,3645440,111.4038,2.1262,1.5000,0.0000,0.3024,-0.0296,0.0172,0.3024,-0.0296,0.0172,0.6321,-0.0090,0.0336,-0.0012,0,0,0,0,4.5319,-0.3646,-0.0777,6.6524,-0.5201
1,124,890,3645440,111.2910,2.1142,1.5000,0.0000,0.2984,-0.0374,-0.0018,0.2984,-0.0374,-0.0018,0.6209,-0.0092,0.0322,-0.0020,0,0,0,0,4.5437,-0.3670,-0.0778,6.6524,-0.5201
1,125,890,3645440,111.2686,2.0985,1.5000,0.0000,0.3940,-0.0358,0.0088,0.3940,-0.0358,0.0088,0.6098,-0.0083,0.0336,-0.0011,0,0,0,0,4.5593,-0.3697,-0.0772,6.6524,-0.5201
1,126,890,3645440,111.0277,2.0826,1.5000,0.0000,0.3977,-0.0452,-0.0142,0.3977,-0.0452,-0.0142,0.5951,-0.0079,0.0334,-0.0021,0,0,0,0,4.5750,-0.3727,-0.0781,6.6524,-0.5201
1,127,890,3645440,110.7882,2.0725,1.5000,0.0000,0.2520,-0.0415,-0.0153,0.2520,-0.0415,-0.0153,0.5801,-0.0062,0.0365,-0.0028,0,0,0,0,4.5849,-0.3751,-0.0791,6.6524,-0.5201
1,128,890,3645440,110.6886,2.0619,1.5000,0.0000,0.2645,-0.0356,-0.0002,0.2645,-0.0356,-0.0002,0.5706,-0.0046,0.0398,-0.0021,0,0,0,0,4.5953,-0.3774,-0.0791,6.6524,-0.5201
1,129,890,3645440,110.7694,2.0495,1.5000,0.0000,0.3107,-0.0290,0.0196,0.3107,-0.0290,0.0196,0.5607,-0.0039,0.0409,-0.0011,0,0,0,0,4.6076,-0.3795,-0.0779,6.6524,-0.5201
1,130,890,3645440,110.5533,2.0391,1.5000,0.0000,0.2582,-0.0402,-0.0125,0.2582,-0.0402,-0.0125,0.5491,-0.0042,0.0393,-0.0027,0,0,0,0,4.6178,-0.3819,-0.0786,6.6524,-0.5201
1,131,890,3645440,110.3598,2.0282,1.5000,0.0000,0.2725,-0.0395,-0.0097,0.2725,-0.0395,-0.0097,0.5393,-0.0027,0.0422,-0.0025,0,0,0,0,4.6286,-0.3844,-0.0793,6.6524,-0.5201
1,132,890,3645440,110.1355,2.0191,1.5000,0.0000,0.2276,-0.0396,-0.0134,0.2276,-0.0396,-0.0134,0.5290,-0.0014,0.0448,-0.0029,0,0,0,0,4.6375,-0.3867,-0.0801,6.6524,-0.5201
1,133,890,3645440,110.0498,2.0085,1.5000,0.0000,0.2652,-0.0348,0.0020,0.2652,-0.0348,0.0020,0.5203,0.0001,0.0479,-0.0021,0,0,0,0,4.6480,-0.3889,-0.0800,6.6524,-0.5201
1,134,890,3645440,109.9261,1.9968,1.5000,0.0000,0.2931,-0.0370,-0.0016,0.2931,-0.0370,-0.0016,0.5103,0.0008,0.0488,-0.0021,0,0,0,0,4.6595,-0.3913,-0.0801,6.6524,-0.5201
1,135,890,3645440,109.8241,1.9842,1.5000,0.0000,0.3134,-0.0365,0.0011,0.3134,-0.0365,0.0011,0.4992,0.0017,0.0502,-0.0019,0,0,0,0,4.6719,-0.3938,-0.0800,6.6524,-0.5201
1,136,890,3645440,109.8872,1.9727,1.5000,0.0000,0.2901,-0.0287,0.0183,0.2901,-0.0287,0.0183,0.4873,0.0025,0.0514,-0.0013,0,0,0,0,4.6834,-0.3959,-0.0789,6.6524,-0.5201
1,137,890,3645440,109.7672,1.9644,1.5000,0.0000,0.2071,-0.0345,-0.0021,0.2071,-0.0345,-0.0021,0.4765,0.0023,0.0500,-0.0025,0,0,0,0,4.6915,-0.3979,-0.0790,6.6524,-0.5201
1,138,890,3645440,109.7406,1.9571,1.5000,0.0000,0.1833,-0.0296,0.0075,0.1833,-0.0296,0.0075,0.4686,0.0031,0.0515,-0.0022,0,0,0,0,4.6988,-0.3996,-0.0785,6.6524,-0.5201
1,139,890,3645440,109.5589,1.9480,1.5000,0.0000,0.2271,-0.0376,-0.0081,0.2271,-0.0376,-0.0081,0.4617,0.0034,0.0517,-0.0027,0,0,0,0,4.7077,-0.4019,-0.0790,6.6524,-0.5201
1,140,890,3645440,109.4169,1.9388,1.5000,0.0000,0.2298,-0.0360,-0.0037,0.2298,-0.0360,-0.0037,0.4530,0.0046,0.0541,-0.0025,0,0,0,0,4.7167,-0.4040,-0.0793,6.6524,-0.5201
1,141,890,3645440,109.2544,1.9293,1.5000,0.0000,0.2351,-0.0369,-0.0057,0.2351,-0.0369,-0.0057,0.4442,0.0056,0.0559,-0.0025,0,0,0,0,4.7260,-0.4062,-0.0796,6.6524,-0.5201
1,142,890,3645440,109.2114,1.9213,1.5000,0.0000,0.2017,-0.0308,0.0065,0.2017,-0.0308,0.0065,0.4352,0.0067,0.0580,-0.0022,0,0,0,0,4.7339,-0.4081,-0.0792,6.6524,-0.5201
1,143,890,3645440,109.3821,1.9135,1.5000,0.0000,0.1957,-0.0213,0.0288,0.1957,-0.0213,0.0288,0.4276,0.0071,0.0584,-0.0013,0,0,0,0,4.7417,-0.4096,-0.0774,6.6524,-0.5201
1,144,890,3645440,109.6163,1.9054,1.5000,0.0000,0.2057,-0.0190,0.0356,0.2057,-0.0190,0.0356,0.4203,0.0062,0.0555,-0.0009,0,0,0,0,4.7498,-0.4110,-0.0752,6.6524,-0.5201
1,145,890,3645440,109.7736,1.8983,1.5000,0.0000,0.1773,-0.0214,0.0270,0.1773,-0.0214,0.0270,0.4127,0.0050,0.0517,-0.0014,0,0,0,0,4.7568,-0.4124,-0.0735,6.6524,-0.5201
1,146,890,3645440,109.9389,1.8932,1.5000,0.0000,0.1295,-0.0196,0.0270,0.1295,-0.0196,0.0270,0.4060,0.0041,0.0491,-0.0016,0,0,0,0,4.7619,-0.4135,-0.0718,6.6524,-0.5201
1,147,890,3645440,110.0739,1.8881,1.5000,0.0000,0.1285,-0.0208,0.0238,0.1285,-0.0208,0.0238,0.4012,0.0032,0.0464,-0.0018,0,0,0,0,4.7670,-0.4147,-0.0703,6.6524,-0.5201
1,148,890,3645440,110.1649,1.8832,1.5000,0.0000,0.1232,-0.0226,0.0191,0.1232,-0.0226,0.0191,0.3964,0.0025,0.0442,-0.0020,0,0,0,0,4.7719,-0.4160,-0.0691,6.6524,-0.5201
1,149,890,3645440,110.2388,1.8776,1.5000,0.0000,0.1406,-0.0239,0.0176,0.1406,-0.0239,0.0176,0.3918,0.0020,0.0426,-0.0020,0,0,0,0,4.7774,-0.4173,-0.0680,6.6524,-0.5201
1,150,890,3645440,110.2274,1.8718,1.5000,0.0000,0.1468,-0.0278,0.0088,0.1468,-0.0278,0.0088,0.3865,0.0017,0.0413,-0.0023,0,0,0,0,4.7832,-0.4188,-0.0674,6.6524,-0.5201
1,151,890,3645440,110.1673,1.8662,1.5000,0.0000,0.1404,-0.0297,0.0036,0.1404,-0.0297,0.0036,0.3810,0.0019,0.0413,-0.0026,0,0,0,0,4.7887,-0.4204,-0.0672,6.6524,-0.5201
1,152,890,3645440,110.3180,1.8615,1.5000,0.0000,0.1164,-0.0198,0.0253,0.1164,-0.0198,0.0253,0.3756,0.0023,0.0420,-0.0017,0,0,0,0,4.7933,-0.4215,-0.0656,6.6524,-0.5201
1,153,890,3645440,110.4455,1.8558,1.5000,0.0000,0.1444,-0.0217,0.0233,0.1444,-0.0217,0.0233,0.3712,0.0015,0.0396,-0.0017,0,0,0,0,4.7990,-0.4227,-0.0641,6.6524,-0.5201
1,154,890,3645440,110.7141,1.8498,1.5000,0.0000,0.1513,-0.0159,0.0381,0.1513,-0.0159,0.0381,0.3658,0.0008,0.0374,-0.0011,0,0,0,0,4.8050,-0.4238,-0.0618,6.6524,-0.5201
1,155,890,3645440,110.9390,1.8449,1.5000,0.0000,0.1238,-0.0169,0.0330,0.1238,-0.0169,0.0330,0.3602,-0.0007,0.0332,-0.0014,0,0,0,0,4.8099,-0.4247,-0.0597,6.6524,-0.5201
1,156,890,3645440,110.9890,1.8392,1.5000,0.0000,0.1415,-0.0249,0.0150,0.1415,-0.0249,0.0150,0.3556,-0.0019,0.0296,-0.0021,0,0,0,0,4.8155,-0.4261,-0.0587,6.6524,-0.5201
1,157,890,3645440,111.1187,1.8349,1.5000,0.0000,0.1086,-0.0204,0.0228,0.1086,-0.0204,0.0228,0.3502,-0.0022,0.0286,-0.0019,0,0,0,0,4.8198,-0.4271,-0.0573,6.6524,-0.5201
1,158,890,3645440,111.3837,1.8307,1.5000,0.0000,0.1050,-0.0146,0.0369,0.1050,-0.0146,0.0369,0.3461,-0.0029,0.0265,-0.0013,0,0,0,0,4.8239,-0.4280,-0.0550,6.6524,-0.5201
1,159,890,3645440,111.5352,1.8271,1.5000,0.0000,0.0921,-0.0189,0.0248,0.0921,-0.0189,0.0248,0.3423,-0.0044,0.0223,-0.0019,0,0,0,0,4.8276,-0.4289,-0.0534,6.6524,-0.5201
1,160,890,3645440,111.5581,1.8235,1.5000,0.0000,0.0893,-0.0243,0.0113,0.0893,-0.0243,0.0113,0.3388,-0.0052,0.0199,-0.0025,0,0,0,0,4.8311,-0.4301,-0.0527,6.6524,-0.5201
1,161,890,3645440,111.5636,1.8192,1.5000,0.0000,0.1070,-0.0257,0.0098,0.1070,-0.0257,0.0098,0.3354,-0.0053,0.0194,-0.0024,0,0,0,0,4.8353,-0.4313,-0.0521,6.6524,-0.5201
1,162,890,3645440,111.4417,1.8143,1.5000,0.0000,0.1225,-0.0316,-0.0033,0.1225,-0.0316,-0.0033,0.3313,-0.0053,0.0192,-0.0029,0,0,0,0,4.8401,-0.4328,-0.0523,6.6524,-0.5201
1,163,890,3645440,111.3758,1.8099,1.5000,0.0000,0.1117,-0.0288,0.0024,0.1117,-0.0288,0.0024,0.3266,-0.0045,0.0209,-0.0027,0,0,0,0,4.8445,-0.4342,-0.0522,6.6524,-0.5201
1,164,890,3645440,111.4006,1.8056,1.5000,0.0000,0.1077,-0.0248,0.0119,0.1077,-0.0248,0.0119,0.3223,-0.0040,0.0217,-0.0024,0,0,0,0,4.8488,-0.4354,-0.0514,6.6524,-0.5201
1,165,890,3645440,111.5829,1.8010,1.5000,0.0000,0.1138,-0.0184,0.0284,0.1138,-0.0184,0.0284,0.3182,-0.0041,0.0212,-0.0016,0,0,0,0,4.8533,-0.4364,-0.0496,6.6524,-0.5201
1,166,890,3645440,111.5814,1.7964,1.5000,0.0000,0.1167,-0.0263,0.0093,0.1167,-0.0263,0.0093,0.3139,-0.0051,0.0182,-0.0024,0,0,0,0,4.8579,-0.4377,-0.0490,6.6524,-0.5201
1,167,890,3645440,111.4959,1.7911,1.5000,0.0000,0.1324,-0.0305,0.0008,0.1324,-0.0305,0.0008,0.3094,-0.0050,0.0181,-0.0027,0,0,0,0,4.8631,-0.4392,-0.0490,6.6524,-0.5201
1,168,890,3645440,111.4768,1.7861,1.5000,0.0000,0.1247,-0.0274,0.0076,0.1247,-0.0274,0.0076,0.3043,-0.0044,0.0192,-0.0025,0,0,0,0,4.8681,-0.4405,-0.0485,6.6524,-0.5201
1,169,890,3645440,111.4730,1.7813,1.5000,0.0000,0.1194,-0.0265,0.0092,0.1194,-0.0265,0.0092,0.2995,-0.0042,0.0193,-0.0024,0,0,0,0,4.8728,-0.4418,-0.0479,6.6524,-0.5201
1,170,890,3645440,111.4035,1.7769,1.5000,0.0000,0.1101,-0.0289,0.0022,0.1101,-0.0289,0.0022,0.2949,-0.0041,0.0192,-0.0028,0,0,0,0,4.8771,-0.4432,-0.0478,6.6524,-0.5201
1,171,890,3645440,111.4560,1.7731,1.5000,0.0000,0.0961,-0.0232,0.0147,0.0961,-0.0232,0.0147,0.2907,-0.0037,0.0201,-0.0023,0,0,0,0,4.8809,-0.4443,-0.0469,6.6524,-0.5201
1,172,890,3645440,111.4815,1.7689,1.5000,0.0000,0.1051,-0.0246,0.0121,0.1051,-0.0246,0.0121,0.2870,-0.0039,0.0191,-0.0024,0,0,0,0,4.8851,-0.4455,-0.0461,6.6524,-0.5201
1,173,890,3645440,111.4765,1.7649,1.5000,0.0000,0.0987,-0.0257,0.0088,0.0987,-0.0257,0.0088,0.2830,-0.0040,0.0186,-0.0025,0,0,0,0,4.8890,-0.4467,-0.0456,6.6524,-0.5201
1,174,890,3645440,111.4263,1.7605,1.5000,0.0000,0.1101,-0.0281,0.0043,0.1101,-0.0281,0.0043,0.2792,-0.0039,0.0185,-0.0027,0,0,0,0,4.8933,-0.4480,-0.0453,6.6524,-0.5201
1,175,890,3645440,111.4837,1.7558,1.5000,0.0000,0.1170,-0.0237,0.0156,0.1170,-0.0237,0.0156,0.2750,-0.0035,0.0191,-0.0022,0,0,0,0,4.8980,-0.4492,-0.0443,6.6524,-0.5201
1,176,890,3645440,111.6006,1.7507,1.5000,0.0000,0.1283,-0.0216,0.0220,0.1283,-0.0216,0.0220,0.2705,-0.0038,0.0181,-0.0018,0,0,0,0,4.9031,-0.4502,-0.0429,6.6524,-0.5201
1,177,890,3645440,112.0075,1.7468,1.5000,0.0000,0.0975,-0.0083,0.0516,0.0975,-0.0083,0.0516,0.2656,-0.0044,0.0161,-0.0008,0,0,0,0,4.9069,-0.4507,-0.0397,6.6524,-0.5201
1,178,890,3645440,112.2084,1.7425,1.5000,0.0000,0.1076,-0.0174,0.0303,0.1076,-0.0174,0.0303,0.2620,-0.0068,0.0098,-0.0034,0,0,0,0,4.9112,-0.4516,-0.0378,6.6524,-0.5201
1,179,890,3645440,112.1079,1.7377,1.5000,0.0000,0.1195,-0.0304,-0.0009,0.1195,-0.0304,-0.0009,0.2580,-0.0079,0.0066,-0.0020,0,0,0,0,4.9159,-0.4530,-0.0378,6.6524,-0.5201
1,180,890,3645440,112.2135,1.7332,1.5000,0.0000,0.1145,-0.0216,0.0205,0.1145,-0.0216,0.0205,0.2533,-0.0072,0.0080,-0.0029,0,0,0,0,4.9205,-0.4540,-0.0365,6.6524,-0.5201
1,181,890,3645440,112.2190,1.7285,1.5000,0.0000,0.1171,-0.0260,0.0102,0.1171,-0.0260,0.0102,0.2490,-0.0078,0.0062,-0.0024,0,0,0,0,4.9251,-0.4553,-0.0359,6.6524,-0.5201
1,182,890,3645440,112.2263,1.7238,1.5000,0.0000,0.1163,-0.0258,0.0103,0.1163,-0.0258,0.0103,0.2445,-0.0077,0.0059,-0.0025,0,0,0,0,4.9297,-0.4565,-0.0353,6.6524,-0.5201
1,183,890,3645440,112.1969,1.7199,1.5000,0.0000,0.0969,-0.0266,0.0063,0.0969,-0.0266,0.0063,0.2400,-0.0077,0.0057,-0.0024,0,0,0,0,4.9336,-0.4577,-0.0349,6.6524,-0.5201
1,184,890,3645440,112.2736,1.7163,1.5000,0.0000,0.0905,-0.0218,0.0172,0.0905,-0.0218,0.0172,0.2362,-0.0075,0.0060,-0.0029,0,0,0,0,4.9372,-0.4586,-0.0338,6.6524,-0.5201
1,185,890,3645440,112.1949,1.7122,1.5000,0.0000,0.1039,-0.0289,0.0013,0.1039,-0.0289,0.0013,0.2328,-0.0079,0.0047,-0.0021,0,0,0,0,4.9413,-0.4599,-0.0337,6.6524,-0.5201
1,186,890,3645440,112.2659,1.7079,1.5000,0.0000,0.1062,-0.0226,0.0168,0.1062,-0.0226,0.0168,0.2287,-0.0073,0.0057,-0.0028,0,0,0,0,4.9455,-0.4610,-0.0326,6.6524,-0.5201
1,187,890,3645440,112.1926,1.7041,1.5000,0.0000,0.0958,-0.0283,0.0018,0.0958,-0.0283,0.0018,0.2247,-0.0077,0.0045,-0.0022,0,0,0,0,4.9493,-0.4622,-0.0325,6.6524,-0.5201
1,188,890,3645440,112.1097,1.7001,1.5000,0.0000,0.0988,-0.0288,0.0008,0.0988,-0.0288,0.0008,0.2210,-0.0072,0.0054,-0.0021,0,0,0,0,4.9532,-0.4635,-0.0325,6.6524,-0.5201
1,189,890,3645440,112.1385,1.6953,1.5000,0.0000,0.1216,-0.0250,0.0128,0.1216,-0.0250,0.0128,0.2171,-0.0067,0.0065,0.9970,0,0,0,0,4.9580,-0.4647,-0.0317,6.6524,-0.5201
1,190,890,3645440,112.0865,1.6917,1.5000,0.0000,0.0882,-0.0271,0.0039,0.0882,-0.0271,0.0039,0.0000,0.0000,0.0000,-0.0030,0,0,0,0,4.9615,-0.4659,-0.0314,6.6524,-0.5201
1,191,890,3645440,112.1460,1.6884,1.5000,0.0000,0.0836,-0.0221,0.0154,0.0836,-0.0221,0.0154,0.0000,0.0000,0.0000,-0.0030,0,0,0,0,4.9648,-0.4669,-0.0305,6.6524,-0.5201
1,192,890,3645440,112.1311,1.6849,1.5000,0.0000,0.0859,-0.0254,0.0078,0.0859,-0.0254,0.0078,0.0000,0.0000,0.0000,-0.0030,0,0,0,0,4.9682,-0.4680,-0.0300,6.6524,-0.5201
1,193,890,3645440,112.0780,1.6813,1.5000,0.0000,0.0909,-0.0271,0.0039,0.0909,-0.0271,0.0039,0.0000,0.0000,0.0000,-0.0030,0,0,0,0,4.9718,-0.4692,-0.0297,6.6524,-0.5201
1,194,890,3645440,112.0740,1.6778,1.5000,0.0000,0.0882,-0.0249,0.0089,0.0882,-0.0249,0.0089,0.0000,0.0000,0.0000,-0.0030,0,0,0,0,4.9753,-0.4703,-0.0292,6.6524,-0.5201
1,195,890,3645440,112.1580,1.6746,1.5000,0.0000,0.0784,-0.0208,0.0179,0.0784,-0.0208,0.0179,0.0000,0.0000,0.0000,-0.0030,0,0,0,0,4.9784,-0.4712,-0.0280,6.6524,-0.5201
1,196,890,3645440,112.2720,1.6715,1.5000,0.0000,0.0774,-0.0195,0.0210,0.0774,-0.0195,0.0210,0.0000,0.0000,0.0000,-0.0030,0,0,0,0,4.9815,-0.4721,-0.0267,6.6524,-0.5201
1,197,890,3645440,112.3319,1.6681,1.5000,0.0000,0.0863,-0.0220,0.0155,0.0863,-0.0220,0.0155,0.0000,0.0000,0.0000,-0.0030,0,0,0,0,4.9849,-0.4730,-0.0257,6.6524,-0.5201
1,198,890,3645440,112.3893,1.6647,1.5000,0.0000,0.0858,-0.0222,0.0152,0.0858,-0.0222,0.0152,0.0000,0.0000,0.0000,-0.0030,0,0,0,0,4.9884,-0.4740,-0.0248,6.6524,-0.5201
1,199,890,3645440,112.3838,1.6616,1.5000,0.0000,0.0772,-0.0244,0.0086,0.0772,-0.0244,0.0086,0.0000,0.0000,0.0000,-0.0030,0,0,0,0,4.9914,-0.4751,-0.0242,6.6524,-0.5201
1,200,890,3645440,112.1526,1.6582,1.5000,0.0000,0.0843,-0.0340,-0.0146,0.0843,-0.0340,-0.0146,0.0000,0.0000,0.0000,-0.0030,0,0,0,0,4.9948,-0.4765,-0.0252,6.6524,-0.5201
1,201,890,3645440,112.0482,1.6549,1.5000,0.0000,0.0817,-0.0287,-0.0014,0.0817,-0.0287,-0.0014,0.0000,0.0000,0.0000,-0.0030,0,0,0,0,4.9980,-0.4777,-0.0252,6.6524,-0.5201
1,202,890,3645440,112.0735,1.6516,1.5000,0.0000,0.0830,-0.0233,0.0120,0.0830,-0.0233,0.0120,0.0000,0.0000,0.0000,-0.0030,0,0,0,0,5.0013,-0.4788,-0.0245,6.6524,-0.5201
1,203,890,3645440,112.1399,1.6486,1.5000,0.0000,0.0749,-0.0212,0.0161,0.0749,-0.0212,0.0161,0.0000,0.0000,0.0000,-0.0030,0,0,0,0,5.0043,-0.4797,-0.0235,6.6524,-0.5201
1,204,890,3645440,112.2521,1.6457,1.5000,0.0000,0.0715,-0.0190,0.0207,0.0715,-0.0190,0.0207,0.0000,0.0000,0.0000,-0.0030,0,0,0,0,5.0071,-0.4805,-0.0222,6.6524,-0.5201
1,205,890,3645440,112.3098,1.6425,1.5000,0.0000,0.0810,-0.0219,0.0153,0.0810,-0.0219,0.0153,0.0000,0.0000,0.0000,-0.0030,0,0,0,0,5.0103,-0.4815,-0.0212,6.6524,-0.5201
1,206,890,3645440,112.2353,1.6394,1.5000,0.0000,0.0785,-0.0273,0.0016,0.0785,-0.0273,0.0016,0.0000,0.0000,0.0000,-0.0030,0,0,0,0,5.0134,-0.4826,-0.0211,6.6524,-0.5201
1,207,890,3645440,112.1919,1.6360,1.5000,0.0000,0.0848,-0.0262,0.0050,0.0848,-0.0262,0.0050,0.0000,0.0000,0.0000,-0.0030,0,0,0,0,5.0168,-0.4837,-0.0208,6.6524,-0.5201
1,208,890,3645440,112.1947,1.6325,1.5000,0.0000,0.0864,-0.0242,0.0097,0.0864,-0.0242,0.0097,0.0000,0.0000,0.0000,-0.0030,0,0,0,0,5.0202,-0.4848,-0.0202,6.6524,-0.5201
1,209,890,3645440,112.1754,1.6291,1.5000,0.0000,0.0853,-0.0248,0.0073,0.0853,-0.0248,0.0073,0.0000,0.0000,0.0000,-0.0030,0,0,0,0,5.0236,-0.4858,-0.0197,6.6524,-0.5201
1,210,890,3645440,112.1713,1.6255,1.5000,0.0000,0.0895,-0.0243,0.0090,0.0895,-0.0243,0.0090,0.0000,0.0000,0.0000,-0.0030,0,0,0,0,5.0272,-0.4869,-0.0192,6.6524,-0.5201
1,211,890,3645440,112.4256,1.6231,1.5000,0.0000,0.0599,-0.0125,0.0352,0.0599,-0.0125,0.0352,0.0000,0.0000,0.0000,-0.0030,0,0,0,0,5.0296,-0.4874,-0.0170,6.6524,-0.5201
1,212,890,3645440,112.5175,1.6200,1.5000,0.0000,0.0779,-0.0199,0.0187,0.0779,-0.0199,0.0187,0.0000,0.0000,0.0000,-0.0030,0,0,0,0,5.0327,-0.4883,-0.0158,6.6524,-0.5201
1,213,890,3645440,112.4059,1.6173,1.5000,0.0000,0.0670,-0.0282,-0.0023,0.0670,-0.0282,-0.0023,0.0000,0.0000,0.0000,-0.0030,0,0,0,0,5.0353,-0.4894,-0.0159,6.6524,-0.5201
1,214,890,3645440,112.3923,1.6149,1.5000,0.0000,0.0604,-0.0235,0.0076,0.0604,-0.0235,0.0076,0.0000,0.0000,0.0000,-0.0030,0,0,0,0,5.0377,-0.4904,-0.0155,6.6524,-0.5201
1,215,890,3645440,112.4302,1.6126,1.5000,0.0000,0.0569,-0.0212,0.0128,0.0569,-0.0212,0.0128,0.0000,0.0000,0.0000,-0.0030,0,0,0,0,5.0400,-0.4913,-0.0147,6.6524,-0.5201
1,216,890,3645440,112.3728,1.6106,1.5000,0.0000,0.0507,-0.0250,0.0030,0.0507,-0.0250,0.0030,0.0000,0.0000,0.0000,-0.0030,0,0,0,0,5.0420,-0.4923,-0.0145,6.6524,-0.5201
1,217,890,3645440,112.3735,1.6084,1.5000,0.0000,0.0546,-0.0227,0.0090,0.0546,-0.0227,0.0090,0.0000,0.0000,0.0000,-0.0030,0,0,0,0,5.0442,-0.4933,-0.0139,6.6524,-0.5201
1,218,890,3645440,112.3527,1.6062,1.5000,0.0000,0.0546,-0.0237,0.0069,0.0546,-0.0237,0.0069,0.0000,0.0000,0.0000,-0.0030,0,0,0,0,5.0464,-0.4942,-0.0135,6.6524,-0.5201
1,219,890,3645440,112.0616,1.6039,1.5000,0.0000,0.0584,-0.0351,-0.0208,0.0584,-0.0351,-0.0208,0.0000,0.0000,0.0000,-0.0030,0,0,0,0,5.0487,-0.4957,-0.0148,6.6524,-0.5201
1,220,890,3645440,111.9613,1.6018,1.5000,0.0000,0.0532,-0.0271,-0.0012,0.0532,-0.0271,-0.0012,0.0000,0.0000,0.0000,-0.0030,0,0,0,0,5.0508,-0.4968,-0.0149,6.6524,-0.5201
1,221,890,3645440,111.8774,1.5993,1.5000,0.0000,0.0617,-0.0269,0.0007,0.0617,-0.0269,0.0007,0.0000,0.0000,0.0000,-0.0030,0,0,0,0,5.0532,-0.4979,-0.0148,6.6524,-0.5201
1,222,890,3645440,111.9728,1.5968,1.5000,0.0000,0.0623,-0.0195,0.0192,0.0623,-0.0195,0.0192,0.0000,0.0000,0.0000,-0.0030,0,0,0,0,5.0557,-0.4987,-0.0136,6.6524,-0.5201
1,223,890,3645440,111.9387,1.5944,1.5000,0.0000,0.0592,-0.0245,0.0057,0.0592,-0.0245,0.0057,0.0000,0.0000,0.0000,-0.0030,0,0,0,0,5.0581,-0.4997,-0.0132,6.6524,-0.5201
1,224,890,3645440,112.0556,1.5916,1.5000,0.0000,0.0700,-0.0189,0.0215,0.0700,-0.0189,0.0215,0.0000,0.0000,0.0000,-0.0030,0,0,0,0,5.0609,-0.5005,-0.0119,6.6524,-0.5201
1,225,890,3645440,111.8617,1.5890,1.5000,0.0000,0.0654,-0.0316,-0.0105,0.0654,-0.0316,-0.0105,0.0000,0.0000,0.0000,-0.0030,0,0,0,0,5.0635,-0.5018,-0.0125,6.6524,-0.5201
1,226,890,3645440,111.8549,1.5867,1.5000,0.0000,0.0585,-0.0236,0.0087,0.0585,-0.0236,0.0087,0.0000,0.0000,0.0000,-0.0030,0,0,0,0,5.0658,-0.5028,-0.0120,6.6524,-0.5201
1,227,890,3645440,111.9163,1.5845,1.5000,0.0000,0.0536,-0.0204,0.0156,0.0536,-0.0204,0.0156,0.0000,0.0000,0.0000,-0.0030,0,0,0,0,5.0679,-0.5036,-0.0110,6.6524,-0.5201
1,228,890,3645440,111.9163,1.5845,1.5000,0.0000,0.0465,-0.0250,0.0033,0.0000,0.0000,0.0000,0.0000,0.0000,0.0000,-0.0030,0,0,0,0,5.0679,-0.5036,-0.0110,6.6524,-0.5201
1,229,890,3645440,111.9163,1.5845,1.5000,0.0000,0.0438,-0.0247,0.0039,0.0000,0.0000,0.0000,0.0000,0.0000,0.0000,-0.0030,0,0,0,0,5.0679,-0.5036,-0.0110,6.6524,-0.5201
1,230,890,3645440,111.9163,1.5845,1.5000,0.0000,0.0378,-0.0240,0.0049,0.0000,0.0000,0.0000,0.0000,0.0000,0.0000,6.9919,1,1,0,0,5.0679,-0.5036,-0.0110,6.6524,-0.5201
2,0,890,3645440,94.0742,3.1776,1.5000,0.0000,1.7422,-0.0138,0.1431,1.0000,-0.0138,0.1431,1.5068,0.0780,0.3175,0.9970,0,0,0,0,0.0400,-0.0006,0.0090,3.2136,0.4548
2,1,890,3645440,95.2296,3.1418,1.5000,0.0000,1.9031,-0.0094,0.1641,1.0000,-0.0094,0.1641,1.4823,0.0736,0.3051,0.0066,0,0,0,0,0.0800,-0.0006,0.0193,3.2136,0.4548
2,2,890,3645440,96.2808,3.1054,1.5000,0.0000,1.7706,-0.0112,0.1512,1.0000,-0.0112,0.1512,1.4580,0.0681,0.2899,0.0062,0,0,0,0,0.1200,-0.0002,0.0288,3.2136,0.4548
2,3,890,3645440,97.6053,3.0694,1.5000,0.0000,1.7218,0.0018,0.1797,1.0000,0.0018,0.1797,1.4328,0.0630,0.2757,0.0074,0,0,0,0,0.1600,0.0010,0.0401,3.2136,0.4548
2,4,890,3645440,98.8993,3.0328,1.5000,0.0000,1.6209,0.0019,0.1747,1.0000,0.0019,0.1747,1.4081,0.0563,0.2574,0.0073,0,0,0,0,0.1999,0.0027,0.0511,3.2136,0.4548
2,5,890,3645440,99.9560,2.9954,1.5000,0.0000,1.5072,-0.0068,0.1470,1.0000,-0.0068,0.1470,1.3827,0.0497,0.2391,0.0064,0,0,0,0,0.2399,0.0044,0.0603,3.2136,0.4548
2,6,890,3645440,101.1954,2.9581,1.5000,0.0000,1.4480,0.0024,0.1655,1.0000,0.0024,0.1655,1.3559,0.0443,0.2237,0.0072,0,0,0,0,0.2798,0.0069,0.0707,3.2136,0.4548
2,7,890,3645440,102.2503,2.9202,1.5000,0.0000,1.7288,-0.0134,0.1455,1.0000,-0.0134,0.1455,1.3290,0.0378,0.2054,0.0065,0,0,0,0,0.3198,0.0092,0.0798,3.2136,0.4548
2,8,890,3645440,103.2044,2.8818,1.5000,0.0000,1.6500,-0.0166,0.1329,1.0000,-0.0166,0.1329,1.3010,0.0322,0.1895,0.0060,0,0,0,0,0.3597,0.0118,0.0882,3.2136,0.4548
2,9,890,3645440,104.2511,2.8434,1.5000,0.0000,1.6271,-0.0124,0.1418,1.0000,-0.0124,0.1418,1.2720,0.0272,0.1748,0.0065,0,0,0,0,0.3996,0.0148,0.0971,3.2136,0.4548
2,10,890,3645440,105.2535,2.8047,1.5000,0.0000,1.3888,-0.0094,0.1345,1.0000,-0.0094,0.1345,1.2427,0.0216,0.1587,0.0063,0,0,0,0,0.4394,0.0183,0.1056,3.2136,0.4548
2,11,890,3645440,106.2472,2.7658,1.5000,0.0000,1.4346,-0.0112,0.1324,1.0000,-0.0112,0.1324,1.2127,0.0163,0.1430,0.0063,0,0,0,0,0.4793,0.0221,0.1139,3.2136,0.4548
2,12,890,3645440,107.1926,2.7267,1.5000,0.0000,1.2105,-0.0088,0.1247,1.0000,-0.0088,0.1247,1.1820,0.0110,0.1273,0.0061,0,0,0,0,0.5190,0.0262,0.1217,3.2136,0.4548
2,13,890,3645440,108.1537,2.6874,1.5000,0.0000,1.1228,-0.0069,0.1246,1.0000,-0.0069,0.1246,1.1506,0.0060,0.1122,0.0062,0,0,0,0,0.5588,0.0308,0.1295,3.2136,0.4548
2,14,890,3645440,109.0051,2.6478,1.5000,0.0000,1.1681,-0.0136,0.1116,1.0000,-0.0136,0.1116,1.1186,0.0009,0.0969,0.0057,0,0,0,0,0.5985,0.0355,0.1366,3.2136,0.4548
2,15,890,3645440,109.6889,2.6081,1.5000,0.0000,1.1243,-0.0207,0.0920,1.0000,-0.0207,0.0920,1.0859,-0.0036,0.0832,0.0050,0,0,0,0,0.6383,0.0401,0.1423,3.2136,0.4548
2,16,890,3645440,109.9028,2.5706,1.5000,0.0000,0.9411,-0.0380,0.0389,0.9411,-0.0380,0.0389,1.0524,-0.0070,0.0719,0.0026,0,0,0,0,0.6757,0.0439,0.1448,3.2136,0.4548
2,17,890,3645440,110.0503,2.5319,1.5000,0.0000,0.9703,-0.0417,0.0319,0.9703,-0.0417,0.0319,1.0201,-0.0076,0.0678,0.0025,0,0,0,0,0.7144,0.0479,0.1468,3.2136,0.4548
2,18,890,3645440,110.1621,2.4924,1.5000,0.0000,0.9881,-0.0439,0.0282,0.9881,-0.0439,0.0282,0.9865,-0.0079,0.0646,0.0024,0,0,0,0,0.7537,0.0519,0.1486,3.2136,0.4548
2,19,890,3645440,110.4128,2.4588,1.5000,0.0000,0.8414,-0.0344,0.0418,0.8414,-0.0344,0.0418,0.9520,-0.0078,0.0618,0.0023,0,0,0,0,0.7872,0.0555,0.1512,3.2136,0.4548
2,20,890,3645440,110.6221,2.4287,1.5000,0.0000,0.7539,-0.0342,0.0363,0.7539,-0.0342,0.0363,0.9225,-0.0088,0.0572,0.0017,0,0,0,0,0.8172,0.0587,0.1535,3.2136,0.4548
2,21,890,3645440,110.8069,2.4001,1.5000,0.0000,0.7163,-0.0342,0.0330,0.7163,-0.0342,0.0330,0.8959,-0.0095,0.0532,0.0014,0,0,0,0,0.8458,0.0617,0.1555,3.2136,0.4548
2,22,890,3645440,111.0412,2.3747,1.5000,0.0000,0.6378,-0.0301,0.0375,0.6378,-0.0301,0.0375,0.8705,-0.0101,0.0496,0.0012,0,0,0,0,0.8712,0.0645,0.1579,3.2136,0.4548
2,23,890,3645440,111.2663,2.3532,1.5000,0.0000,0.5383,-0.0283,0.0355,0.5383,-0.0283,0.0355,0.8478,-0.0111,0.0453,0.0007,0,0,0,0,0.8926,0.0668,0.1601,3.2136,0.4548
2,24,890,3645440,111.6906,2.3321,1.5000,0.0000,0.5279,-0.0194,0.0567,0.5279,-0.0194,0.0567,0.8286,-0.0121,0.0413,0.0015,0,0,0,0,0.9136,0.0694,0.1637,3.2136,0.4548
2,25,890,3645440,112.0792,2.3048,1.5000,0.0000,0.6831,-0.0252,0.0537,0.6831,-0.0252,0.0537,0.8097,-0.0143,0.0343,0.0014,0,0,0,0,0.9407,0.0728,0.1671,3.2136,0.4548
2,26,890,3645440,112.3676,2.2867,1.5000,0.0000,0.4514,-0.0239,0.0410,0.4514,-0.0239,0.0410,0.7851,-0.0161,0.0277,-0.0020,0,0,0,0,0.9587,0.0749,0.1696,3.2136,0.4548
2,27,890,3645440,112.8045,2.2678,1.5000,0.0000,0.4710,-0.0179,0.0568,0.4710,-0.0179,0.0568,0.7688,-0.0175,0.0228,-0.0026,0,0,0,0,0.9773,0.0774,0.1732,3.2136,0.4548
2,28,890,3645440,112.8402,2.2500,1.5000,0.0000,0.4469,-0.0353,0.0135,0.4469,-0.0353,0.0135,0.7517,-0.0198,0.0157,-0.0009,0,0,0,0,0.9952,0.0791,0.1741,3.2136,0.4548
2,29,890,3645440,113.0978,2.2292,1.5000,0.0000,0.5170,-0.0273,0.0376,0.5170,-0.0273,0.0376,0.7353,-0.0197,0.0146,-0.0016,0,0,0,0,1.0158,0.0816,0.1764,3.2136,0.4548
2,30,890,3645440,113.3438,2.2148,1.5000,0.0000,0.3604,-0.0234,0.0352,0.3604,-0.0234,0.0352,0.7164,-0.0209,0.0101,-0.0023,0,0,0,0,1.0301,0.0832,0.1786,3.2136,0.4548
2,31,890,3645440,113.7111,2.2026,1.5000,0.0000,0.3034,-0.0164,0.0476,0.3034,-0.0164,0.0476,0.7031,-0.0221,0.0059,-0.0031,0,0,0,0,1.0422,0.0847,0.1816,3.2136,0.4548
2,32,890,3645440,113.9674,2.1882,1.5000,0.0000,0.3568,-0.0230,0.0359,0.3568,-0.0230,0.0359,0.6919,-0.0241,0.0000,-0.0024,0,0,0,0,1.0564,0.0864,0.1839,3.2136,0.4548
2,33,890,3645440,114.1586,2.1767,1.5000,0.0000,0.2876,-0.0241,0.0286,0.2876,-0.0241,0.0286,0.6787,-0.0253,-0.0042,-0.0024,0,0,0,0,1.0679,0.0875,0.1857,3.2136,0.4548
2,34,890,3645440,114.4348,2.1627,1.5000,0.0000,0.3458,-0.0222,0.0378,0.3458,-0.0222,0.0378,0.6680,-0.0263,-0.0075,-0.0025,0,0,0,0,1.0816,0.0892,0.1881,3.2136,0.4548
2,35,890,3645440,114.5423,2.1480,1.5000,0.0000,0.3677,-0.0302,0.0198,0.3677,-0.0302,0.0198,0.6551,-0.0277,-0.0120,-0.0016,0,0,0,0,1.0963,0.0908,0.1893,3.2136,0.4548
2,36,890,3645440,114.6268,2.1341,1.5000,0.0000,0.3470,-0.0305,0.0172,0.3470,-0.0305,0.0172,0.6414,-0.0281,-0.0141,-0.0016,0,0,0,0,1.1102,0.0922,0.1904,3.2136,0.4548
2,37,890,3645440,114.7159,2.1208,1.5000,0.0000,0.3292,-0.0298,0.0176,0.3292,-0.0298,0.0176,0.6285,-0.0283,-0.0158,-0.0017,0,0,0,0,1.1233,0.0935,0.1915,3.2136,0.4548
2,38,890,3645440,114.8583,2.1095,1.5000,0.0000,0.2818,-0.0261,0.0231,0.2818,-0.0261,0.0231,0.6162,-0.0286,-0.0176,-0.0022,0,0,0,0,1.1346,0.0946,0.1929,3.2136,0.4548
2,39,890,3645440,115.1420,2.0977,1.5000,0.0000,0.2916,-0.0202,0.0380,0.2916,-0.0202,0.0380,0.6057,-0.0293,-0.0201,-0.0028,0,0,0,0,1.1462,0.0961,0.1953,3.2136,0.4548
2,40,890,3645440,115.3984,2.0845,1.5000,0.0000,0.3275,-0.0224,0.0350,0.3275,-0.0224,0.0350,0.5946,-0.0307,-0.0247,-0.0025,0,0,0,0,1.1592,0.0977,0.1975,3.2136,0.4548
2,41,890,3645440,115.6904,2.0723,1.5000,0.0000,0.3019,-0.0202,0.0386,0.3019,-0.0202,0.0386,0.5822,-0.0320,-0.0289,-0.0028,0,0,0,0,1.1712,0.0993,0.2000,3.2136,0.4548
2,42,890,3645440,115.7976,2.0591,1.5000,0.0000,0.3293,-0.0291,0.0190,0.3293,-0.0291,0.0190,0.5707,-0.0335,-0.0336,-0.0018,0,0,0,0,1.1843,0.1008,0.2011,3.2136,0.4548
2,43,890,3645440,115.9231,2.0476,1.5000,0.0000,0.2851,-0.0270,0.0208,0.2851,-0.0270,0.0208,0.5583,-0.0339,-0.0357,-0.0021,0,0,0,0,1.1957,0.1020,0.2025,3.2136,0.4548
2,44,890,3645440,116.1386,2.0366,1.5000,0.0000,0.2716,-0.0227,0.0303,0.2716,-0.0227,0.0303,0.5475,-0.0345,-0.0379,-0.0026,0,0,0,0,1.2066,0.1033,0.2044,3.2136,0.4548
2,45,890,3645440,116.2349,2.0252,1.5000,0.0000,0.2834,-0.0283,0.0176,0.2834,-0.0283,0.0176,0.5371,-0.0355,-0.0414,-0.0020,0,0,0,0,1.2179,0.1045,0.2055,3.2136,0.4548
2,46,890,3645440,116.3623,2.0159,1.5000,0.0000,0.2316,-0.0253,0.0208,0.2316,-0.0253,0.0208,0.5264,-0.0359,-0.0433,-0.0024,0,0,0,0,1.2272,0.1054,0.2068,3.2136,0.4548
2,47,890,3645440,116.5130,2.0047,1.5000,0.0000,0.2765,-0.0257,0.0233,0.2765,-0.0257,0.0233,0.5175,-0.0365,-0.0455,-0.0023,0,0,0,0,1.2382,0.1066,0.2082,3.2136,0.4548
2,48,890,3645440,116.5422,1.9936,1.5000,0.0000,0.2755,-0.0310,0.0104,0.2755,-0.0310,0.0104,0.5070,-0.0372,-0.0481,-0.0017,0,0,0,0,1.2492,0.1077,0.2089,3.2136,0.4548
2,49,890,3645440,116.8644,1.9855,1.5000,0.0000,0.1993,-0.0159,0.0413,0.1993,-0.0159,0.0413,0.4966,-0.0372,-0.0489,-0.0034,0,0,0,0,1.2572,0.1087,0.2115,3.2136,0.4548
2,50,890,3645440,117.1477,1.9779,1.5000,0.0000,0.1865,-0.0172,0.0371,0.1865,-0.0172,0.0371,0.4887,-0.0389,-0.0539,-0.0033,0,0,0,0,1.2646,0.1096,0.2138,3.2136,0.4548
2,51,890,3645440,117.3127,1.9712,1.5000,0.0000,0.1630,-0.0215,0.0245,0.1630,-0.0215,0.0245,0.4813,-0.0404,-0.0582,-0.0029,0,0,0,0,1.2712,0.1102,0.2153,3.2136,0.4548
2,52,890,3645440,117.4716,1.9653,1.5000,0.0000,0.1453,-0.0211,0.0239,0.1453,-0.0211,0.0239,0.4749,-0.0412,-0.0609,-0.0030,0,0,0,0,1.2770,0.1106,0.2168,3.2136,0.4548
2,53,890,3645440,117.7344,1.9560,1.5000,0.0000,0.2272,-0.0195,0.0346,0.2272,-0.0195,0.0346,0.4692,-0.0420,-0.0634,-0.0030,0,0,0,0,1.2861,0.1118,0.2190,3.2136,0.4548
2,54,890,3645440,117.8550,1.9504,1.5000,0.0000,0.1387,-0.0225,0.0198,0.1387,-0.0225,0.0198,0.4603,-0.0434,-0.0675,-0.0028,0,0,0,0,1.2917,0.1121,0.2203,3.2136,0.4548
2,55,890,3645440,117.8691,1.9453,1.5000,0.0000,0.1261,-0.0267,0.0086,0.1261,-0.0267,0.0086,0.4548,-0.0439,-0.0694,-0.0024,0,0,0,0,1.2968,0.1122,0.2208,3.2136,0.4548
2,56,890,3645440,117.9626,1.9402,1.5000,0.0000,0.1235,-0.0232,0.0169,0.1235,-0.0232,0.0169,0.4500,-0.0439,-0.0698,-0.0028,0,0,0,0,1.3019,0.1123,0.2219,3.2136,0.4548
2,57,890,3645440,117.9936,1.9359,1.5000,0.0000,0.1072,-0.0253,0.0104,0.1072,-0.0253,0.0104,0.4452,-0.0444,-0.0714,-0.0026,0,0,0,0,1.3063,0.1123,0.2225,3.2136,0.4548
2,58,890,3645440,118.1025,1.9303,1.5000,0.0000,0.1369,-0.0230,0.0185,0.1369,-0.0230,0.0185,0.4411,-0.0445,-0.0720,-0.0028,0,0,0,0,1.3118,0.1126,0.2237,3.2136,0.4548
2,59,890,3645440,118.1489,1.9234,1.5000,0.0000,0.1706,-0.0269,0.0118,0.1706,-0.0269,0.0118,0.4357,-0.0450,-0.0737,-0.0023,0,0,0,0,1.3187,0.1131,0.2244,3.2136,0.4548
2,60,890,3645440,118.1962,1.9184,1.5000,0.0000,0.1236,-0.0252,0.0121,0.1236,-0.0252,0.0121,0.4292,-0.0452,-0.0747,-0.0026,0,0,0,0,1.3237,0.1132,0.2252,3.2136,0.4548
2,61,890,3645440,118.0449,1.9151,1.5000,0.0000,0.0848,-0.0322,-0.0086,0.0848,-0.0322,-0.0086,0.4244,-0.0454,-0.0755,-0.0019,0,0,0,0,1.3273,0.1127,0.2246,3.2136,0.4548
2,62,890,3645440,117.8999,1.9097,1.5000,0.0000,0.1351,-0.0339,-0.0080,0.1351,-0.0339,-0.0080,0.4214,-0.0445,-0.0735,-0.0017,0,0,0,0,1.3329,0.1126,0.2241,3.2136,0.4548
2,63,890,3645440,117.8448,1.9049,1.5000,0.0000,0.1208,-0.0294,0.0015,0.1208,-0.0294,0.0015,0.4165,-0.0436,-0.0717,-0.0021,0,0,0,0,1.3379,0.1125,0.2242,3.2136,0.4548
2,64,890,3645440,117.7673,1.9001,1.5000,0.0000,0.1192,-0.0304,-0.0008,0.1192,-0.0304,-0.0008,0.4120,-0.0432,-0.0711,-0.0021,0,0,0,0,1.3428,0.1124,0.2242,3.2136,0.4548
2,65,890,3645440,117.6020,1.8962,1.5000,0.0000,0.0995,-0.0334,-0.0099,0.0995,-0.0334,-0.0099,0.4075,-0.0427,-0.0701,-0.0018,0,0,0,0,1.3470,0.1120,0.2236,3.2136,0.4548
2,66,890,3645440,117.5244,1.8920,1.5000,0.0000,0.1051,-0.0298,-0.0007,0.1051,-0.0298,-0.0007,0.4040,-0.0417,-0.0679,-0.0021,0,0,0,0,1.3513,0.1117,0.2235,3.2136,0.4548
2,67,890,3645440,117.4154,1.8891,1.5000,0.0000,0.0733,-0.0298,-0.0040,0.0733,-0.0298,-0.0040,0.4001,-0.0412,-0.0669,-0.0021,0,0,0,0,1.3545,0.1112,0.2233,3.2136,0.4548
2,68,890,3645440,117.2454,1.8847,1.5000,0.0000,0.1104,-0.0339,-0.0103,0.1104,-0.0339,-0.0103,0.3974,-0.0406,-0.0655,-0.0017,0,0,0,0,1.3591,0.1109,0.2226,3.2136,0.4548
2,69,890,3645440,117.0801,1.8808,1.5000,0.0000,0.0990,-0.0332,-0.0098,0.0990,-0.0332,-0.0098,0.3934,-0.0395,-0.0632,-0.0018,0,0,0,0,1.3632,0.1105,0.2220,3.2136,0.4548
2,70,890,3645440,116.9431,1.8765,1.5000,0.0000,0.1078,-0.0323,-0.0068,0.1078,-0.0323,-0.0068,0.3898,-0.0385,-0.0610,-0.0019,0,0,0,0,1.3677,0.1101,0.2216,3.2136,0.4548
2,71,890,3645440,116.9391,1.8717,1.5000,0.0000,0.1183,-0.0270,0.0072,0.1183,-0.0270,0.0072,0.3858,-0.0377,-0.0591,-0.0024,0,0,0,0,1.3726,0.1101,0.2220,3.2136,0.4548
2,72,890,3645440,116.9440,1.8673,1.5000,0.0000,0.1095,-0.0263,0.0082,0.1095,-0.0263,0.0082,0.3813,-0.0376,-0.0592,-0.0025,0,0,0,0,1.3771,0.1101,0.2225,3.2136,0.4548
2,73,890,3645440,116.9044,1.8637,1.5000,0.0000,0.0907,-0.0275,0.0035,0.0907,-0.0275,0.0035,0.3771,-0.0376,-0.0595,-0.0024,0,0,0,0,1.3809,0.1098,0.2228,3.2136,0.4548
2,74,890,3645440,116.7837,1.8589,1.5000,0.0000,0.1201,-0.0320,-0.0049,0.1201,-0.0320,-0.0049,0.3737,-0.0373,-0.0591,-0.0019,0,0,0,0,1.3858,0.1096,0.2225,3.2136,0.4548
2,75,890,3645440,116.6562,1.8540,1.5000,0.0000,0.1221,-0.0325,-0.0055,0.1221,-0.0325,-0.0055,0.3692,-0.0365,-0.0575,-0.0018,0,0,0,0,1.3909,0.1094,0.2221,3.2136,0.4548
2,76,890,3645440,116.6060,1.8497,1.5000,0.0000,0.1074,-0.0285,0.0025,0.1074,-0.0285,0.0025,0.3646,-0.0357,-0.0558,-0.0022,0,0,0,0,1.3953,0.1093,0.2223,3.2136,0.4548
2,77,890,3645440,116.6190,1.8454,1.5000,0.0000,0.1084,-0.0259,0.0092,0.1084,-0.0259,0.0092,0.3606,-0.0354,-0.0552,-0.0025,0,0,0,0,1.3998,0.1092,0.2228,3.2136,0.4548
2,78,890,3645440,116.5748,1.8407,1.5000,0.0000,0.1157,-0.0286,0.0032,0.1157,-0.0286,0.0032,0.3564,-0.0354,-0.0556,-0.0022,0,0,0,0,1.4045,0.1091,0.2230,3.2136,0.4548
2,79,890,3645440,116.3760,1.8358,1.5000,0.0000,0.1240,-0.0355,-0.0129,0.1240,-0.0355,-0.0129,0.3520,-0.0350,-0.0551,-0.0015,0,0,0,0,1.4097,0.1088,0.2222,3.2136,0.4548
2,80,890,3645440,116.1770,1.8325,1.5000,0.0000,0.0826,-0.0339,-0.0129,0.0826,-0.0339,-0.0129,0.3474,-0.0338,-0.0524,-0.0017,0,0,0,0,1.4132,0.1082,0.2214,3.2136,0.4548
2,81,890,3645440,116.2649,1.8298,1.5000,0.0000,0.0675,-0.0210,0.0170,0.0675,-0.0210,0.0170,0.3444,-0.0326,-0.0496,-0.0030,0,0,0,0,1.4160,0.1080,0.2225,3.2136,0.4548
2,82,890,3645440,116.1138,1.8270,1.5000,0.0000,0.0702,-0.0313,-0.0079,0.0702,-0.0313,-0.0079,0.3417,-0.0331,-0.0510,-0.0020,0,0,0,0,1.4190,0.1074,0.2220,3.2136,0.4548
2,83,890,3645440,115.9674,1.8234,1.5000,0.0000,0.0897,-0.0319,-0.0073,0.0897,-0.0319,-0.0073,0.3391,-0.0322,-0.0488,-0.0019,0,0,0,0,1.4228,0.1069,0.2215,3.2136,0.4548
2,84,890,3645440,115.7751,1.8201,1.5000,0.0000,0.0843,-0.0335,-0.0121,0.0843,-0.0335,-0.0121,0.3358,-0.0313,-0.0468,-0.0017,0,0,0,0,1.4264,0.1064,0.2208,3.2136,0.4548
2,85,890,3645440,115.6897,1.8159,1.5000,0.0000,0.1058,-0.0298,-0.0008,0.1058,-0.0298,-0.0008,0.3326,-0.0301,-0.0441,-0.0021,0,0,0,0,1.4308,0.1061,0.2207,3.2136,0.4548
2,86,890,3645440,115.5825,1.8123,1.5000,0.0000,0.0893,-0.0300,-0.0031,0.0893,-0.0300,-0.0031,0.3286,-0.0295,-0.0430,-0.0021,0,0,0,0,1.4345,0.1058,0.2205,3.2136,0.4548
2,87,890,3645440,115.5258,1.8082,1.5000,0.0000,0.1025,-0.0283,0.0022,0.1025,-0.0283,0.0022,0.3252,-0.0289,-0.0415,-0.0022,0,0,0,0,1.4388,0.1055,0.2207,3.2136,0.4548
2,88,890,3645440,115.4982,1.8055,1.5000,0.0000,0.0666,-0.0257,0.0052,0.0666,-0.0257,0.0052,0.3213,-0.0285,-0.0409,-0.0025,0,0,0,0,1.4416,0.1051,0.2210,3.2136,0.4548
2,89,890,3645440,115.4084,1.8026,1.5000,0.0000,0.0738,-0.0286,-0.0013,0.0738,-0.0286,-0.0013,0.3188,-0.0283,-0.0405,-0.0022,0,0,0,0,1.4447,0.1047,0.2209,3.2136,0.4548
2,90,890,3645440,115.2692,1.7991,1.5000,0.0000,0.0877,-0.0312,-0.0063,0.0877,-0.0312,-0.0063,0.3160,-0.0277,-0.0393,-0.0019,0,0,0,0,1.4484,0.1042,0.2205,3.2136,0.4548
2,91,890,3645440,115.2443,1.7950,1.5000,0.0000,0.1026,-0.0269,0.0057,0.1026,-0.0269,0.0057,0.3127,-0.0268,-0.0374,-0.0024,0,0,0,0,1.4527,0.1041,0.2209,3.2136,0.4548
2,92,890,3645440,115.4803,1.7915,1.5000,0.0000,0.0852,-0.0152,0.0328,0.0852,-0.0152,0.0328,0.3087,-0.0266,-0.0372,-0.0036,0,0,0,0,1.4561,0.1042,0.2229,3.2136,0.4548
2,93,890,3645440,115.3576,1.7892,1.5000,0.0000,0.0559,-0.0293,-0.0047,0.0559,-0.0293,-0.0047,0.3053,-0.0280,-0.0408,-0.0022,0,0,0,0,1.4586,0.1036,0.2226,3.2136,0.4548
2,94,890,3645440,115.3370,1.7859,1.5000,0.0000,0.0843,-0.0261,0.0061,0.0843,-0.0261,0.0061,0.3032,-0.0272,-0.0391,-0.0025,0,0,0,0,1.4621,0.1033,0.2230,3.2136,0.4548
2,95,890,3645440,115.3153,1.7828,1.5000,0.0000,0.0765,-0.0258,0.0059,0.0765,-0.0258,0.0059,0.3000,-0.0270,-0.0389,-0.0025,0,0,0,0,1.4653,0.1030,0.2234,3.2136,0.4548
2,96,890,3645440,115.3974,1.7796,1.5000,0.0000,0.0777,-0.0214,0.0168,0.0777,-0.0214,0.0168,0.2971,-0.0269,-0.0387,-0.0030,0,0,0,0,1.4685,0.1028,0.2245,3.2136,0.4548
2,97,890,3645440,115.3969,1.7764,1.5000,0.0000,0.0794,-0.0250,0.0082,0.0794,-0.0250,0.0082,0.2940,-0.0273,-0.0400,-0.0026,0,0,0,0,1.4719,0.1025,0.2250,3.2136,0.4548
2,98,890,3645440,115.3150,1.7731,1.5000,0.0000,0.0829,-0.0286,-0.0003,0.0829,-0.0286,-0.0003,0.2910,-0.0272,-0.0401,-0.0022,0,0,0,0,1.4753,0.1022,0.2250,3.2136,0.4548
2,99,890,3645440,115.2192,1.7693,1.5000,0.0000,0.0962,-0.0297,-0.0016,0.0962,-0.0297,-0.0016,0.2878,-0.0267,-0.0390,-0.0021,0,0,0,0,1.4794,0.1019,0.2249,3.2136,0.4548
2,100,890,3645440,115.0743,1.7656,1.5000,0.0000,0.0933,-0.0316,-0.0067,0.0933,-0.0316,-0.0067,0.2841,-0.0261,-0.0377,-0.0019,0,0,0,0,1.4833,0.1015,0.2244,3.2136,0.4548
2,101,890,3645440,115.0823,1.7622,1.5000,0.0000,0.0838,-0.0248,0.0092,0.0838,-0.0248,0.0092,0.2806,-0.0252,-0.0357,-0.0026,0,0,0,0,1.4868,0.1012,0.2250,3.2136,0.4548
2,102,890,3645440,114.9161,1.7580,1.5000,0.0000,0.1052,-0.0329,-0.0088,0.1052,-0.0329,-0.0088,0.2773,-0.0252,-0.0360,-0.0017,0,0,0,0,1.4912,0.1009,0.2245,3.2136,0.4548
2,103,890,3645440,114.9270,1.7536,1.5000,0.0000,0.1088,-0.0255,0.0097,0.1088,-0.0255,0.0097,0.2733,-0.0241,-0.0336,-0.0025,0,0,0,0,1.4956,0.1009,0.2251,3.2136,0.4548
2,104,890,3645440,114.8857,1.7494,1.5000,0.0000,0.1041,-0.0275,0.0043,0.1041,-0.0275,0.0043,0.2691,-0.0241,-0.0340,-0.0023,0,0,0,0,1.4999,0.1007,0.2253,3.2136,0.4548
2,105,890,3645440,114.8470,1.7432,1.5000,0.0000,0.1545,-0.0291,0.0048,0.1545,-0.0291,0.0048,0.2651,-0.0238,-0.0335,-0.0021,0,0,0,0,1.5062,0.1010,0.2256,3.2136,0.4548
2,106,890,3645440,114.7561,1.7383,1.5000,0.0000,0.1231,-0.0303,-0.0007,0.1231,-0.0303,-0.0007,0.2592,-0.0235,-0.0332,-0.0020,0,0,0,0,1.5113,0.1009,0.2256,3.2136,0.4548
2,107,890,3645440,114.7266,1.7344,1.5000,0.0000,0.0976,-0.0268,0.0056,0.0976,-0.0268,0.0056,0.2544,-0.0229,-0.0320,-0.0024,0,0,0,0,1.5153,0.1007,0.2259,3.2136,0.4548
2,108,890,3645440,114.7383,1.7308,1.5000,0.0000,0.0904,-0.0248,0.0098,0.0904,-0.0248,0.0098,0.2507,-0.0227,-0.0317,-0.0026,0,0,0,0,1.5191,0.1006,0.2266,3.2136,0.4548
2,109,890,3645440,114.6910,1.7274,1.5000,0.0000,0.0834,-0.0270,0.0037,0.0834,-0.0270,0.0037,0.2472,-0.0227,-0.0320,-0.0024,0,0,0,0,1.5226,0.1003,0.2268,3.2136,0.4548
2,110,890,3645440,114.6759,1.7233,1.5000,0.0000,0.1032,-0.0264,0.0072,0.1032,-0.0264,0.0072,0.2440,-0.0223,-0.0314,-0.0024,0,0,0,0,1.5268,0.1002,0.2272,3.2136,0.4548
2,111,890,3645440,114.7136,1.7204,1.5000,0.0000,0.0725,-0.0230,0.0125,0.0725,-0.0230,0.0125,0.2400,-0.0222,-0.0313,-0.0028,0,0,0,0,1.5299,0.0999,0.2280,3.2136,0.4548
2,112,890,3645440,114.6288,1.7177,1.5000,0.0000,0.0667,-0.0280,-0.0003,0.0667,-0.0280,-0.0003,0.2372,-0.0224,-0.0320,-0.0023,0,0,0,0,1.5327,0.0994,0.2280,3.2136,0.4548
2,113,890,3645440,114.4950,1.7151,1.5000,0.0000,0.0652,-0.0300,-0.0053,0.0652,-0.0300,-0.0053,0.2346,-0.0218,-0.0308,-0.0021,0,0,0,0,1.5355,0.0989,0.2277,3.2136,0.4548
2,114,890,3645440,114.4548,1.7121,1.5000,0.0000,0.0746,-0.0264,0.0045,0.0746,-0.0264,0.0045,0.2321,-0.0210,-0.0289,-0.0024,0,0,0,0,1.5387,0.0985,0.2280,3.2136,0.4548
2,115,890,3645440,114.3955,1.7089,1.5000,0.0000,0.0809,-0.0274,0.0026,0.0809,-0.0274,0.0026,0.2292,-0.0207,-0.0284,-0.0023,0,0,0,0,1.5421,0.0982,0.2281,3.2136,0.4548
2,116,890,3645440,114.3986,1.7057,1.5000,0.0000,0.0794,-0.0247,0.0091,0.0794,-0.0247,0.0091,0.2261,-0.0203,-0.0277,-0.0026,0,0,0,0,1.5454,0.0979,0.2287,3.2136,0.4548
2,117,890,3645440,114.3870,1.7022,1.5000,0.0000,0.0864,-0.0256,0.0076,0.0864,-0.0256,0.0076,0.2230,-0.0203,-0.0278,-0.0025,0,0,0,0,1.5490,0.0977,0.2292,3.2136,0.4548
2,118,890,3645440,114.3339,1.6990,1.5000,0.0000,0.0798,-0.0270,0.0033,0.0798,-0.0270,0.0033,0.2197,-0.0202,-0.0278,0.9970,0,0,0,0,1.5524,0.0974,0.2294,3.2136,0.4548
2,119,890,3645440,114.2503,1.6959,1.5000,0.0000,0.0778,-0.0283,0.0001,0.0778,-0.0283,0.0001,0.0000,0.0000,0.0000,-0.0030,0,0,0,0,1.5556,0.0970,0.2294,3.2136,0.4548
2,120,890,3645440,114.2876,1.6930,1.5000,0.0000,0.0710,-0.0229,0.0126,0.0710,-0.0229,0.0126,0.0000,0.0000,0.0000,-0.0030,0,0,0,0,1.5586,0.0967,0.2302,3.2136,0.4548
2,121,890,3645440,114.3093,1.6906,1.5000,0.0000,0.0600,-0.0231,0.0109,0.0600,-0.0231,0.0109,0.0000,0.0000,0.0000,-0.0030,0,0,0,0,1.5612,0.0964,0.2309,3.2136,0.4548
2,122,890,3645440,114.3215,1.6880,1.5000,0.0000,0.0652,-0.0237,0.0100,0.0652,-0.0237,0.0100,0.0000,0.0000,0.0000,-0.0030,0,0,0,0,1.5639,0.0961,0.2315,3.2136,0.4548
2,123,890,3645440,114.3756,1.6851,1.5000,0.0000,0.0702,-0.0221,0.0143,0.0702,-0.0221,0.0143,0.0000,0.0000,0.0000,-0.0030,0,0,0,0,1.5669,0.0959,0.2324,3.2136,0.4548
2,124,890,3645440,114.3798,1.6825,1.5000,0.0000,0.0648,-0.0240,0.0091,0.0648,-0.0240,0.0091,0.0000,0.0000,0.0000,-0.0030,0,0,0,0,1.5696,0.0955,0.2330,3.2136,0.4548
2,125,890,3645440,114.4263,1.6802,1.5000,0.0000,0.0564,-0.0219,0.0134,0.0564,-0.0219,0.0134,0.0000,0.0000,0.0000,-0.0030,0,0,0,0,1.5720,0.0952,0.2338,3.2136,0.4548
2,126,890,3645440,114.4885,1.6769,1.5000,0.0000,0.0828,-0.0222,0.0153,0.0828,-0.0222,0.0153,0.0000,0.0000,0.0000,-0.0030,0,0,0,0,1.5754,0.0951,0.2348,3.2136,0.4548
2,127,890,3645440,114.5344,1.6748,1.5000,0.0000,0.0522,-0.0217,0.0133,0.0522,-0.0217,0.0133,0.0000,0.0000,0.0000,-0.0030,0,0,0,0,1.5777,0.0947,0.2356,3.2136,0.4548
2,128,890,3645440,114.5344,1.6748,1.5000,0.0000,0.0365,-0.0205,0.0145,0.0000,0.0000,0.0000,0.0000,0.0000,0.0000,-0.0030,0,0,0,0,1.5777,0.0947,0.2356,3.2136,0.4548
2,129,890,3645440,114.5344,1.6748,1.5000,0.0000,0.0445,-0.0209,0.0144,0.0000,0.0000,0.0000,0.0000,0.0000,0.0000,-0.0030,0,0,0,0,1.5777,0.0947,0.2356,3.2136,0.4548
2,130,890,3645440,114.5344,1.6748,1.5000,0.0000,0.0374,-0.0208,0.0139,0.0000,0.0000,0.0000,0.0000,0.0000,0.0000,1.9060,1,1,0,0,1.5777,0.0947,0.2356,3.2136,0.4548
3,0,890,3645440,142.9311,5.0545,1.5000,0.0000,2.1858,-0.0912,-0.0183,1.0000,-0.0912,-0.0183,2.4703,-0.1527,-0.1569,0.9970,0,0,0,0,0.0400,-0.0036,-0.0012,5.0932,-1.1808
3,1,890,3645440,142.6426,5.0180,1.5000,0.0000,2.2540,-0.1051,-0.0479,1.0000,-0.1051,-0.0479,2.4520,-0.1525,-0.1580,0.0029,0,0,0,0,0.0800,-0.0079,-0.0042,5.0932,-1.1808
3,2,890,3645440,142.3220,4.9817,1.5000,0.0000,2.0773,-0.1022,-0.0518,1.0000,-0.1022,-0.0518,2.4376,-0.1520,-0.1581,0.0030,0,0,0,0,0.1200,-0.0122,-0.0074,5.0932,-1.1808
3,3,890,3645440,141.9319,4.9459,1.5000,0.0000,2.1991,-0.1080,-0.0588,1.0000,-0.1080,-0.0588,2.4235,-0.1514,-0.1581,0.0032,0,0,0,0,0.1599,-0.0168,-0.0111,5.0932,-1.1808
3,4,890,3645440,141.6953,4.9088,1.5000,0.0000,2.1151,-0.0990,-0.0423,1.0000,-0.0990,-0.0423,2.4102,-0.1507,-0.1577,0.0027,0,0,0,0,0.1999,-0.0212,-0.0138,5.0932,-1.1808
3,5,890,3645440,141.2723,4.8730,1.5000,0.0000,2.1278,-0.1077,-0.0624,1.0000,-0.1077,-0.0624,2.3944,-0.1503,-0.1580,0.0034,0,0,0,0,0.2398,-0.0260,-0.0177,5.0932,-1.1808
3,6,890,3645440,141.1962,4.8347,1.5000,0.0000,1.9424,-0.0873,-0.0252,1.0000,-0.0873,-0.0252,2.3812,-0.1495,-0.1575,0.0021,0,0,0,0,0.2798,-0.0302,-0.0193,5.0932,-1.1808
3,7,890,3645440,141.1332,4.7963,1.5000,0.0000,1.9940,-0.0882,-0.0237,1.0000,-0.0882,-0.0237,2.3628,-0.1492,-0.1584,0.0021,0,0,0,0,0.3197,-0.0345,-0.0208,5.0932,-1.1808
3,8,890,3645440,141.0724,4.7578,1.5000,0.0000,2.0139,-0.0885,-0.0235,1.0000,-0.0885,-0.0235,2.3440,-0.1489,-0.1594,0.0021,0,0,0,0,0.3596,-0.0389,-0.0222,5.0932,-1.1808
3,9,890,3645440,140.8665,4.7203,1.5000,0.0000,2.1173,-0.0976,-0.0389,1.0000,-0.0976,-0.0389,2.3249,-0.1487,-0.1604,0.0026,0,0,0,0,0.3995,-0.0437,-0.0247,5.0932,-1.1808
3,10,890,3645440,140.5949,4.6833,1.5000,0.0000,2.0319,-0.0982,-0.0463,1.0000,-0.0982,-0.0463,2.3078,-0.1482,-0.1608,0.0028,0,0,0,0,0.4394,-0.0486,-0.0276,5.0932,-1.1808
3,11,890,3645440,140.1595,4.6472,1.5000,0.0000,1.9802,-0.1045,-0.0641,1.0000,-0.1045,-0.0641,2.2914,-0.1476,-0.1610,0.0034,0,0,0,0,0.4793,-0.0539,-0.0316,5.0932,-1.1808
3,12,890,3645440,139.8352,4.6104,1.5000,0.0000,1.9029,-0.0977,-0.0520,1.0000,-0.0977,-0.0520,2.2771,-0.1467,-0.1603,0.0031,0,0,0,0,0.5191,-0.0591,-0.0349,5.0932,-1.1808
3,13,890,3645440,139.4249,4.5741,1.5000,0.0000,1.8031,-0.0990,-0.0615,1.0000,-0.0990,-0.0615,2.2611,-0.1460,-0.1602,0.0034,0,0,0,0,0.5590,-0.0644,-0.0388,5.0932,-1.1808
3,14,890,3645440,139.1929,4.5366,1.5000,0.0000,1.6732,-0.0876,-0.0424,1.0000,-0.0876,-0.0424,2.2460,-0.1452,-0.1596,0.0027,0,0,0,0,0.5988,-0.0695,-0.0414,5.0932,-1.1808
3,15,890,3645440,138.7711,4.5002,1.5000,0.0000,1.6341,-0.0951,-0.0631,1.0000,-0.0951,-0.0631,2.2282,-0.1446,-0.1599,0.0034,0,0,0,0,0.6386,-0.0749,-0.0454,5.0932,-1.1808
3,16,890,3645440,138.3969,4.4634,1.5000,0.0000,1.8389,-0.0982,-0.0570,1.0000,-0.0982,-0.0570,2.2129,-0.1437,-0.1592,0.0033,0,0,0,0,0.6784,-0.0807,-0.0490,5.0932,-1.1808
3,17,890,3645440,138.1133,4.4259,1.5000,0.0000,1.7612,-0.0922,-0.0472,1.0000,-0.0922,-0.0472,2.1966,-0.1428,-0.1588,0.0029,0,0,0,0,0.7182,-0.0863,-0.0519,5.0932,-1.1808
3,18,890,3645440,137.6579,4.3895,1.5000,0.0000,1.6557,-0.0970,-0.0661,1.0000,-0.0970,-0.0661,2.1788,-0.1421,-0.1587,0.0036,0,0,0,0,0.7579,-0.0923,-0.0561,5.0932,-1.1808
3,19,890,3645440,137.3357,4.3522,1.5000,0.0000,1.6136,-0.0903,-0.0514,1.0000,-0.0903,-0.0514,2.1632,-0.1410,-0.1578,0.0031,0,0,0,0,0.7976,-0.0981,-0.0593,5.0932,-1.1808
3,20,890,3645440,137.0754,4.3145,1.5000,0.0000,1.6514,-0.0888,-0.0444,1.0000,-0.0888,-0.0444,2.1455,-0.1402,-0.1575,0.0029,0,0,0,0,0.8374,-0.1040,-0.0621,5.0932,-1.1808
3,21,890,3645440,136.8397,4.2765,1.5000,0.0000,1.7744,-0.0905,-0.0412,1.0000,-0.0905,-0.0412,2.1267,-0.1395,-0.1576,0.0028,0,0,0,0,0.8771,-0.1101,-0.0647,5.0932,-1.1808
3,22,890,3645440,136.4759,4.2392,1.5000,0.0000,1.8103,-0.0975,-0.0548,1.0000,-0.0975,-0.0548,2.1073,-0.1388,-0.1577,0.0033,0,0,0,0,0.9167,-0.1166,-0.0681,5.0932,-1.1808
3,23,890,3645440,136.1728,4.2016,1.5000,0.0000,1.7493,-0.0933,-0.0482,1.0000,-0.0933,-0.0482,2.0894,-0.1378,-0.1571,0.0031,0,0,0,0,0.9564,-0.1230,-0.0712,5.0932,-1.1808
3,24,890,3645440,135.7639,4.1644,1.5000,0.0000,1.6629,-0.0959,-0.0598,1.0000,-0.0959,-0.0598,2.0704,-0.1370,-0.1569,0.0035,0,0,0,0,0.9960,-0.1297,-0.0749,5.0932,-1.1808
3,25,890,3645440,135.8432,4.1247,1.5000,0.0000,1.6908,-0.0748,-0.0063,1.0000,-0.0748,-0.0063,2.0526,-0.1359,-0.1560,0.0016,0,0,0,0,1.0357,-0.1357,-0.0753,5.0932,-1.1808
3,26,890,3645440,135.8008,4.0856,1.5000,0.0000,1.4859,-0.0750,-0.0205,1.0000,-0.0750,-0.0205,2.0280,-0.1358,-0.1579,0.0021,0,0,0,0,1.0753,-0.1417,-0.0766,5.0932,-1.1808
3,27,890,3645440,135.5656,4.0475,1.5000,0.0000,1.6837,-0.0885,-0.0409,1.0000,-0.0885,-0.0409,2.0049,-0.1355,-0.1591,0.0028,0,0,0,0,1.1149,-0.1483,-0.0792,5.0932,-1.1808
3,28,890,3645440,135.2203,4.0098,1.5000,0.0000,1.6513,-0.0928,-0.0529,1.0000,-0.0928,-0.0529,1.9840,-0.1347,-0.1592,0.0032,0,0,0,0,1.1545,-0.1552,-0.0825,5.0932,-1.1808
3,29,890,3645440,134.8413,3.9722,1.5000,0.0000,1.6557,-0.0943,-0.0563,1.0000,-0.0943,-0.0563,1.9644,-0.1337,-0.1587,0.0034,0,0,0,0,1.1941,-0.1622,-0.0860,5.0932,-1.1808
3,30,890,3645440,134.5347,3.9342,1.5000,0.0000,1.7232,-0.0929,-0.0478,1.0000,-0.0929,-0.0478,1.9449,-0.1326,-0.1579,0.0031,0,0,0,0,1.2336,-0.1694,-0.0890,5.0932,-1.1808
3,31,890,3645440,134.0956,3.8968,1.5000,0.0000,1.9012,-0.1032,-0.0614,1.0000,-0.1032,-0.0614,1.9241,-0.1316,-0.1575,0.0036,0,0,0,0,1.2731,-0.1770,-0.0929,5.0932,-1.1808
3,32,890,3645440,133.6509,3.8592,1.5000,0.0000,1.7437,-0.0993,-0.0623,1.0000,-0.0993,-0.0623,1.9048,-0.1303,-0.1563,0.0037,0,0,0,0,1.3125,-0.1847,-0.0968,5.0932,-1.1808
3,33,890,3645440,133.1714,3.8218,1.5000,0.0000,1.7509,-0.1014,-0.0656,1.0000,-0.1014,-0.0656,1.8852,-0.1289,-0.1550,0.0038,0,0,0,0,1.3520,-0.1926,-0.1009,5.0932,-1.1808
3,34,890,3645440,132.8170,3.7837,1.5000,0.0000,1.4759,-0.0888,-0.0527,1.0000,-0.0888,-0.0527,1.8657,-0.1275,-0.1533,0.0033,0,0,0,0,1.3914,-0.2002,-0.1042,5.0932,-1.1808
3,35,890,3645440,132.4371,3.7457,1.5000,0.0000,1.6210,-0.0938,-0.0546,1.0000,-0.0938,-0.0546,1.8444,-0.1263,-0.1525,0.0034,0,0,0,0,1.4308,-0.2080,-0.1077,5.0932,-1.1808
3,36,890,3645440,132.0003,3.7079,1.5000,0.0000,1.6823,-0.0977,-0.0602,1.0000,-0.0977,-0.0602,1.8231,-0.1250,-0.1514,0.0037,0,0,0,0,1.4701,-0.2162,-0.1115,5.0932,-1.1808
3,37,890,3645440,131.3957,3.6705,1.5000,0.0000,1.6741,-0.1050,-0.0782,1.0000,-0.1050,-0.0782,1.8021,-0.1235,-0.1499,0.0044,0,0,0,0,1.5094,-0.2249,-0.1164,5.0932,-1.1808
3,38,890,3645440,130.9601,3.6325,1.5000,0.0000,1.5803,-0.0948,-0.0596,1.0000,-0.0948,-0.0596,1.7827,-0.1215,-0.1471,0.0037,0,0,0,0,1.5487,-0.2333,-0.1201,5.0932,-1.1808
3,39,890,3645440,130.5184,3.5944,1.5000,0.0000,1.6674,-0.0969,-0.0595,1.0000,-0.0969,-0.0595,1.7609,-0.1200,-0.1454,0.0037,0,0,0,0,1.5880,-0.2419,-0.1238,5.0932,-1.1808
3,40,890,3645440,129.6874,3.5575,1.5000,0.0000,1.2854,-0.1051,-0.1032,1.0000,-0.1051,-0.1032,1.7389,-0.1184,-0.1436,0.0053,0,0,0,0,1.6271,-0.2510,-0.1303,5.0932,-1.1808
3,41,890,3645440,129.1980,3.5194,1.5000,0.0000,1.2968,-0.0893,-0.0651,1.0000,-0.0893,-0.0651,1.7207,-0.1155,-0.1386,0.0039,0,0,0,0,1.6663,-0.2598,-0.1344,5.0932,-1.1808
3,42,890,3645440,128.6548,3.4813,1.5000,0.0000,1.2618,-0.0908,-0.0706,1.0000,-0.0908,-0.0706,1.6983,-0.1136,-0.1362,0.0042,0,0,0,0,1.7055,-0.2687,-0.1389,5.0932,-1.1808
3,43,890,3645440,127.8834,3.4438,1.5000,0.0000,1.3324,-0.1025,-0.0947,1.0000,-0.1025,-0.0947,1.6761,-0.1115,-0.1332,0.0051,0,0,0,0,1.7445,-0.2783,-0.1448,5.0932,-1.1808
3,44,890,3645440,127.5455,3.4050,1.5000,0.0000,1.3754,-0.0839,-0.0462,1.0000,-0.0839,-0.0462,1.6556,-0.1086,-0.1281,0.0034,0,0,0,0,1.7836,-0.2874,-0.1477,5.0932,-1.1808
3,45,890,3645440,127.1401,3.3663,1.5000,0.0000,1.4637,-0.0889,-0.0529,1.0000,-0.0889,-0.0529,1.6305,-0.1070,-0.1266,0.0036,0,0,0,0,1.8227,-0.2968,-0.1510,5.0932,-1.1808
3,46,890,3645440,126.5902,3.3279,1.5000,0.0000,1.3392,-0.0920,-0.0688,1.0000,-0.0920,-0.0688,1.6056,-0.1052,-0.1245,0.0043,0,0,0,0,1.8617,-0.3065,-0.1554,5.0932,-1.1808
3,47,890,3645440,126.0486,3.2894,1.5000,0.0000,1.4672,-0.0945,-0.0667,1.0000,-0.0945,-0.0667,1.5816,-0.1028,-0.1209,0.0042,0,0,0,0,1.9006,-0.3164,-0.1595,5.0932,-1.1808
3,48,890,3645440,125.5115,3.2508,1.5000,0.0000,1.4705,-0.0941,-0.0655,1.0000,-0.0941,-0.0655,1.5571,-0.1004,-0.1173,0.0042,0,0,0,0,1.9395,-0.3265,-0.1637,5.0932,-1.1808
3,49,890,3645440,124.8990,3.2122,1.5000,0.0000,1.5373,-0.0991,-0.0728,1.0000,-0.0991,-0.0728,1.5320,-0.0979,-0.1135,0.0046,0,0,0,0,1.9783,-0.3369,-0.1682,5.0932,-1.1808
3,50,890,3645440,124.2247,3.1737,1.5000,0.0000,1.5533,-0.1019,-0.0786,1.0000,-0.1019,-0.0786,1.5070,-0.0951,-0.1089,0.0048,0,0,0,0,2.0171,-0.3476,-0.1732,5.0932,-1.1808
3,51,890,3645440,123.5447,3.1351,1.5000,0.0000,1.4849,-0.1003,-0.0787,1.0000,-0.1003,-0.0787,1.4820,-0.0919,-0.1034,0.0049,0,0,0,0,2.0558,-0.3585,-0.1781,5.0932,-1.1808
3,52,890,3645440,122.9393,3.0962,1.5000,0.0000,1.5174,-0.0975,-0.0694,1.0000,-0.0975,-0.0694,1.4563,-0.0886,-0.0976,0.0046,0,0,0,0,2.0944,-0.3694,-0.1825,5.0932,-1.1808
3,53,890,3645440,122.4283,3.0571,1.5000,0.0000,1.4956,-0.0921,-0.0584,1.0000,-0.0921,-0.0584,1.4296,-0.0856,-0.0925,0.0042,0,0,0,0,2.1331,-0.3803,-0.1862,5.0932,-1.1808
3,54,890,3645440,121.8807,3.0180,1.5000,0.0000,1.3846,-0.0911,-0.0622,1.0000,-0.0911,-0.0622,1.4018,-0.0828,-0.0881,0.0043,0,0,0,0,2.1717,-0.3912,-0.1901,5.0932,-1.1808
3,55,890,3645440,121.4002,2.9787,1.5000,0.0000,1.3144,-0.0861,-0.0544,1.0000,-0.0861,-0.0544,1.3737,-0.0798,-0.0832,0.0041,0,0,0,0,2.2104,-0.4022,-0.1935,5.0932,-1.1808
3,56,890,3645440,120.9186,2.9394,1.5000,0.0000,1.5307,-0.0911,-0.0527,1.0000,-0.0911,-0.0527,1.3447,-0.0771,-0.0790,0.0041,0,0,0,0,2.2489,-0.4135,-0.1968,5.0932,-1.1808
3,57,890,3645440,120.4045,2.9001,1.5000,0.0000,1.3524,-0.0883,-0.0564,1.0000,-0.0883,-0.0564,1.3153,-0.0743,-0.0746,0.0042,0,0,0,0,2.2875,-0.4247,-0.2003,5.0932,-1.1808
3,58,890,3645440,119.8640,2.8607,1.5000,0.0000,1.2964,-0.0879,-0.0587,1.0000,-0.0879,-0.0587,1.2855,-0.0713,-0.0697,0.0043,0,0,0,0,2.3260,-0.4361,-0.2040,5.0932,-1.1808
3,59,890,3645440,119.3884,2.8212,1.5000,0.0000,1.3662,-0.0864,-0.0503,1.0000,-0.0864,-0.0503,1.2554,-0.0681,-0.0643,0.0041,0,0,0,0,2.3644,-0.4476,-0.2072,5.0932,-1.1808
3,60,890,3645440,118.9006,2.7817,1.5000,0.0000,1.2099,-0.0827,-0.0518,1.0000,-0.0827,-0.0518,1.2245,-0.0651,-0.0595,0.0041,0,0,0,0,2.4029,-0.4591,-0.2104,5.0932,-1.1808
3,61,890,3645440,118.4707,2.7421,1.5000,0.0000,1.0105,-0.0752,-0.0457,1.0000,-0.0752,-0.0457,1.1932,-0.0620,-0.0545,0.0039,0,0,0,0,2.4414,-0.4704,-0.2133,5.0932,-1.1808
3,62,890,3645440,117.7997,2.7026,1.5000,0.0000,1.0416,-0.0865,-0.0709,1.0000,-0.0865,-0.0709,1.1613,-0.0592,-0.0502,0.0049,0,0,0,0,2.4798,-0.4822,-0.2178,5.0932,-1.1808
3,63,890,3645440,117.0006,2.6672,1.5000,0.0000,0.8996,-0.0878,-0.0835,0.8996,-0.0878,-0.0835,1.1297,-0.0551,-0.0425,0.0050,0,0,0,0,2.5141,-0.4934,-0.2230,5.0932,-1.1808
3,64,890,3645440,116.5385,2.6293,1.5000,0.0000,0.9545,-0.0739,-0.0458,0.9545,-0.0739,-0.0458,1.1012,-0.0502,-0.0328,0.0038,0,0,0,0,2.5507,-0.5048,-0.2259,5.0932,-1.1808
3,65,890,3645440,116.1204,2.5939,1.5000,0.0000,0.8913,-0.0700,-0.0401,0.8913,-0.0700,-0.0401,1.0695,-0.0471,-0.0275,0.0033,0,0,0,0,2.5848,-0.5155,-0.2284,5.0932,-1.1808
3,66,890,3645440,115.5633,2.5622,1.5000,0.0000,0.7981,-0.0734,-0.0543,0.7981,-0.0734,-0.0543,1.0396,-0.0442,-0.0228,0.0034,0,0,0,0,2.6153,-0.5256,-0.2318,5.0932,-1.1808
3,67,890,3645440,115.0391,2.5314,1.5000,0.0000,0.7736,-0.0710,-0.0498,0.7736,-0.0710,-0.0498,1.0128,-0.0406,-0.0158,0.0032,0,0,0,0,2.6447,-0.5354,-0.2349,5.0932,-1.1808
3,68,890,3645440,114.6964,2.5002,1.5000,0.0000,0.7831,-0.0630,-0.0293,0.7831,-0.0630,-0.0293,0.9864,-0.0371,-0.0093,0.0024,0,0,0,0,2.6746,-0.5452,-0.2368,5.0932,-1.1808
3,69,890,3645440,114.5344,2.4701,1.5000,0.0000,0.7534,-0.0536,-0.0094,0.7534,-0.0536,-0.0094,0.9593,-0.0347,-0.0052,0.0015,0,0,0,0,2.7034,-0.5543,-0.2374,5.0932,-1.1808
3,70,890,3645440,114.0993,2.4415,1.5000,0.0000,0.7182,-0.0648,-0.0385,0.7182,-0.0648,-0.0385,0.9329,-0.0332,-0.0038,0.0025,0,0,0,0,2.7307,-0.5636,-0.2398,5.0932,-1.1808
3,71,890,3645440,113.7235,2.4067,1.5000,0.0000,0.8711,-0.0658,-0.0310,0.8711,-0.0658,-0.0310,0.9077,-0.0303,0.0017,0.0030,0,0,0,0,2.7639,-0.5745,-0.2417,5.0932,-1.1808
3,72,890,3645440,113.1808,2.3759,1.5000,0.0000,0.7707,-0.0705,-0.0485,0.7707,-0.0705,-0.0485,0.8769,-0.0275,0.0062,0.0033,0,0,0,0,2.7932,-0.5846,-0.2448,5.0932,-1.1808
3,73,890,3645440,112.8812,2.3442,1.5000,0.0000,0.7928,-0.0599,-0.0214,0.7928,-0.0599,-0.0214,0.8494,-0.0238,0.0133,0.0023,0,0,0,0,2.8234,-0.5946,-0.2461,5.0932,-1.1808
3,74,890,3645440,112.6662,2.3114,1.5000,0.0000,0.8222,-0.0568,-0.0115,0.8222,-0.0568,-0.0115,0.8209,-0.0215,0.0168,0.0021,0,0,0,0,2.8547,-0.6048,-0.2469,5.0932,-1.1808
3,75,890,3645440,112.0862,2.2714,1.5000,0.0000,1.0067,-0.0774,-0.0489,1.0000,-0.0774,-0.0489,0.7912,-0.0197,0.0191,0.0046,0,0,0,0,2.8927,-0.6176,-0.2499,5.0932,-1.1808
3,76,890,3645440,111.7296,2.2458,1.5000,0.0000,0.6400,-0.0579,-0.0262,0.6400,-0.0579,-0.0262,0.7548,-0.0156,0.0265,-0.0006,0,0,0,0,2.9170,-0.6261,-0.2516,5.0932,-1.1808
3,77,890,3645440,111.5329,2.2161,1.5000,0.0000,0.7427,-0.0534,-0.0077,0.7427,-0.0534,-0.0077,0.7313,-0.0131,0.0311,-0.0002,0,0,0,0,2.9452,-0.6356,-0.2521,5.0932,-1.1808
3,78,890,3645440,111.3071,2.1933,1.5000,0.0000,0.5698,-0.0499,-0.0119,0.5698,-0.0499,-0.0119,0.7040,-0.0114,0.0332,-0.0012,0,0,0,0,2.9668,-0.6432,-0.2528,5.0932,-1.1808
3,79,890,3645440,111.1574,2.1666,1.5000,0.0000,0.6662,-0.0487,-0.0025,0.6662,-0.0487,-0.0025,0.6829,-0.0097,0.0359,-0.0003,0,0,0,0,2.9921,-0.6518,-0.2530,5.0932,-1.1808
3,80,890,3645440,110.7473,2.1458,1.5000,0.0000,0.5206,-0.0567,-0.0311,0.5206,-0.0567,-0.0311,0.6583,-0.0084,0.0373,-0.0022,0,0,0,0,3.0117,-0.6592,-0.2549,5.0932,-1.1808
3,81,890,3645440,110.7149,2.1194,1.5000,0.0000,0.6598,-0.0430,0.0109,0.6598,-0.0430,0.0109,0.6388,-0.0056,0.0428,0.0002,0,0,0,0,3.0368,-0.6675,-0.2542,5.0932,-1.1808
3,82,890,3645440,110.6486,2.0958,1.5000,0.0000,0.5893,-0.0426,0.0067,0.5893,-0.0426,0.0067,0.6143,-0.0050,0.0424,-0.0004,0,0,0,0,3.0592,-0.6751,-0.2538,5.0932,-1.1808
3,83,890,3645440,110.6199,2.0700,1.5000,0.0000,0.6464,-0.0424,0.0116,0.6464,-0.0424,0.0116,0.5923,-0.0042,0.0427,0.0001,0,0,0,0,3.0838,-0.6832,-0.2531,5.0932,-1.1808
3,84,890,3645440,110.3792,2.0429,1.5000,0.0000,0.6766,-0.0523,-0.0102,0.6766,-0.0523,-0.0102,0.5682,-0.0036,0.0422,-0.0007,0,0,0,0,3.1095,-0.6920,-0.2537,5.0932,-1.1808
3,85,890,3645440,110.1981,2.0259,1.5000,0.0000,0.4258,-0.0433,-0.0063,0.4258,-0.0433,-0.0063,0.5428,-0.0017,0.0450,-0.0017,0,0,0,0,3.1255,-0.6980,-0.2541,5.0932,-1.1808
3,86,890,3645440,110.0814,2.0069,1.5000,0.0000,0.4742,-0.0416,0.0013,0.4742,-0.0416,0.0013,0.5267,-0.0004,0.0471,-0.0012,0,0,0,0,3.1435,-0.7044,-0.2540,5.0932,-1.1808
3,87,890,3645440,109.7811,1.9905,1.5000,0.0000,0.4091,-0.0480,-0.0186,0.4091,-0.0480,-0.0186,0.5088,0.0006,0.0483,-0.0023,0,0,0,0,3.1588,-0.7103,-0.2552,5.0932,-1.1808
3,88,890,3645440,109.6010,1.9743,1.5000,0.0000,0.4046,-0.0423,-0.0056,0.4046,-0.0423,-0.0056,0.4932,0.0027,0.0522,-0.0018,0,0,0,0,3.1741,-0.7160,-0.2556,5.0932,-1.1808
3,89,890,3645440,109.4790,1.9596,1.5000,0.0000,0.3660,-0.0388,0.0002,0.3660,-0.0388,0.0002,0.4779,0.0040,0.0544,-0.0017,0,0,0,0,3.1878,-0.7212,-0.2555,5.0932,-1.1808
3,90,890,3645440,109.3361,1.9405,1.5000,0.0000,0.4790,-0.0423,-0.0002,0.4790,-0.0423,-0.0002,0.4640,0.0049,0.0557,-0.0012,0,0,0,0,3.2059,-0.7277,-0.2556,5.0932,-1.1808
3,91,890,3645440,109.3326,1.9263,1.5000,0.0000,0.3559,-0.0332,0.0129,0.3559,-0.0332,0.0129,0.4458,0.0061,0.0572,-0.0012,0,0,0,0,3.2194,-0.7326,-0.2547,5.0932,-1.1808
3,92,890,3645440,109.2044,1.9164,1.5000,0.0000,0.2479,-0.0358,-0.0017,0.2479,-0.0358,-0.0017,0.4323,0.0063,0.0567,-0.0023,0,0,0,0,3.2286,-0.7365,-0.2549,5.0932,-1.1808
3,93,890,3645440,108.8696,1.9030,1.5000,0.0000,0.3338,-0.0469,-0.0219,0.3338,-0.0469,-0.0219,0.4229,0.0072,0.0583,-0.0028,0,0,0,0,3.2411,-0.7417,-0.2562,5.0932,-1.1808
3,94,890,3645440,108.8555,1.8905,1.5000,0.0000,0.3125,-0.0324,0.0117,0.3125,-0.0324,0.0117,0.4100,0.0094,0.0628,-0.0015,0,0,0,0,3.2528,-0.7461,-0.2555,5.0932,-1.1808
3,95,890,3645440,108.8895,1.8782,1.5000,0.0000,0.3071,-0.0301,0.0167,0.3071,-0.0301,0.0167,0.3982,0.0097,0.0626,-0.0013,0,0,0,0,3.2644,-0.7504,-0.2544,5.0932,-1.1808
3,96,890,3645440,108.9060,1.8676,1.5000,0.0000,0.2669,-0.0298,0.0142,0.2669,-0.0298,0.0142,0.3866,0.0097,0.0616,-0.0016,0,0,0,0,3.2744,-0.7542,-0.2536,5.0932,-1.1808
3,97,890,3645440,109.0571,1.8560,1.5000,0.0000,0.2924,-0.0248,0.0288,0.2924,-0.0248,0.0288,0.3765,0.0097,0.0610,-0.0009,0,0,0,0,3.2855,-0.7581,-0.2517,5.0932,-1.1808
3,98,890,3645440,108.9826,1.8455,1.5000,0.0000,0.2617,-0.0338,0.0048,0.2617,-0.0338,0.0048,0.3654,0.0090,0.0583,-0.0020,0,0,0,0,3.2953,-0.7620,-0.2514,5.0932,-1.1808
3,99,890,3645440,108.8686,1.8344,1.5000,0.0000,0.2777,-0.0359,0.0010,0.2777,-0.0359,0.0010,0.3555,0.0096,0.0591,-0.0021,0,0,0,0,3.3057,-0.7662,-0.2514,5.0932,-1.1808
3,100,890,3645440,108.9720,1.8244,1.5000,0.0000,0.2532,-0.0259,0.0234,0.2532,-0.0259,0.0234,0.3448,0.0104,0.0604,-0.0013,0,0,0,0,3.3153,-0.7697,-0.2499,5.0932,-1.1808
3,101,890,3645440,108.9026,1.8131,1.5000,0.0000,0.2810,-0.0340,0.0059,0.2810,-0.0340,0.0059,0.3352,0.0100,0.0584,-0.0019,0,0,0,0,3.3258,-0.7738,-0.2495,5.0932,-1.1808
3,102,890,3645440,108.7925,1.7990,1.5000,0.0000,0.3527,-0.0374,0.0030,0.3527,-0.0374,0.0030,0.3245,0.0106,0.0591,-0.0017,0,0,0,0,3.3391,-0.7787,-0.2493,5.0932,-1.1808
3,103,890,3645440,108.7858,1.7905,1.5000,0.0000,0.2138,-0.0294,0.0115,0.2138,-0.0294,0.0115,0.3110,0.0114,0.0602,-0.0020,0,0,0,0,3.3471,-0.7820,-0.2486,5.0932,-1.1808
3,104,890,3645440,108.8201,1.7828,1.5000,0.0000,0.1932,-0.0270,0.0154,0.1932,-0.0270,0.0154,0.3028,0.0116,0.0600,-0.0019,0,0,0,0,3.3543,-0.7849,-0.2477,5.0932,-1.1808
3,105,890,3645440,108.8375,1.7733,1.5000,0.0000,0.2393,-0.0290,0.0145,0.2393,-0.0290,0.0145,0.2955,0.0115,0.0592,-0.0017,0,0,0,0,3.3633,-0.7884,-0.2467,5.0932,-1.1808
3,106,890,3645440,109.0025,1.7652,1.5000,0.0000,0.2054,-0.0216,0.0292,0.2054,-0.0216,0.0292,0.2864,0.0115,0.0585,-0.0012,0,0,0,0,3.3711,-0.7912,-0.2449,5.0932,-1.1808
3,107,890,3645440,109.1447,1.7563,1.5000,0.0000,0.2224,-0.0229,0.0270,0.2224,-0.0229,0.0270,0.2786,0.0107,0.0558,-0.0013,0,0,0,0,3.3795,-0.7943,-0.2432,5.0932,-1.1808
3,108,890,3645440,109.2816,1.7487,1.5000,0.0000,0.1914,-0.0223,0.0259,0.1914,-0.0223,0.0259,0.2702,0.0100,0.0533,-0.0014,0,0,0,0,3.3867,-0.7970,-0.2416,5.0932,-1.1808
3,109,890,3645440,109.3008,1.7408,1.5000,0.0000,0.2002,-0.0277,0.0139,0.2002,-0.0277,0.0139,0.2629,0.0093,0.0510,-0.0019,0,0,0,0,3.3942,-0.8000,-0.2407,5.0932,-1.1808
3,110,890,3645440,109.1735,1.7325,1.5000,0.0000,0.2056,-0.0340,-0.0012,0.2056,-0.0340,-0.0012,0.2553,0.0093,0.0504,-0.0025,0,0,0,0,3.4019,-0.8033,-0.2408,5.0932,-1.1808
3,111,890,3645440,109.1768,1.7239,1.5000,0.0000,0.2167,-0.0286,0.0126,0.2167,-0.0286,0.0126,0.2473,0.0102,0.0520,-0.0019,0,0,0,0,3.4100,-0.8064,-0.2400,5.0932,-1.1808
3,112,890,3645440,109.3339,1.7131,1.5000,0.0000,0.2717,-0.0235,0.0296,0.2717,-0.0235,0.0296,0.2390,0.0103,0.0516,-0.0009,0,0,0,0,3.4204,-0.8099,-0.2381,5.0932,-1.1808
3,113,890,3645440,109.4096,1.7048,1.5000,0.0000,0.2087,-0.0254,0.0201,0.2087,-0.0254,0.0201,0.2287,0.0095,0.0488,-0.0016,0,0,0,0,3.4282,-0.8129,-0.2369,5.0932,-1.1808
3,114,890,3645440,109.4186,1.6969,1.5000,0.0000,0.1971,-0.0277,0.0129,0.1971,-0.0277,0.0129,0.2207,0.0092,0.0474,0.9970,0,0,0,0,3.4356,-0.8158,-0.2361,5.0932,-1.1808
3,115,890,3645440,109.3303,1.6882,1.5000,0.0000,0.2187,-0.0325,0.0033,0.2187,-0.0325,0.0033,0.0000,0.0000,0.0000,-0.0030,0,0,0,0,3.4438,-0.8191,-0.2358,5.0932,-1.1808
3,116,890,3645440,109.3939,1.6803,1.5000,0.0000,0.1983,-0.0255,0.0187,0.1983,-0.0255,0.0187,0.0000,0.0000,0.0000,-0.0030,0,0,0,0,3.4513,-0.8220,-0.2347,5.0932,-1.1808
3,117,890,3645440,109.4847,1.6727,1.5000,0.0000,0.1909,-0.0240,0.0214,0.1909,-0.0240,0.0214,0.0000,0.0000,0.0000,-0.0030,0,0,0,0,3.4585,-0.8247,-0.2333,5.0932,-1.1808
3,118,890,3645440,109.5559,1.6630,1.5000,0.0000,0.2442,-0.0262,0.0203,0.2442,-0.0262,0.0203,0.0000,0.0000,0.0000,-0.0030,0,0,0,0,3.4678,-0.8280,-0.2321,5.0932,-1.1808
3,119,890,3645440,110.0419,1.6550,1.5000,0.0000,0.2022,-0.0075,0.0623,0.2022,-0.0075,0.0623,0.0000,0.0000,0.0000,-0.0030,0,0,0,0,3.4756,-0.8301,-0.2281,5.0932,-1.1808
3,120,890,3645440,110.4934,1.6490,1.5000,0.0000,0.1519,-0.0077,0.0577,0.1519,-0.0077,0.0577,0.0000,0.0000,0.0000,-0.0030,0,0,0,0,3.4814,-0.8318,-0.2245,5.0932,-1.1808
3,121,890,3645440,110.7268,1.6439,1.5000,0.0000,0.1286,-0.0162,0.0346,0.1286,-0.0162,0.0346,0.0000,0.0000,0.0000,-0.0030,0,0,0,0,3.4863,-0.8336,-0.2223,5.0932,-1.1808
3,122,890,3645440,111.0623,1.6390,1.5000,0.0000,0.1232,-0.0118,0.0450,0.1232,-0.0118,0.0450,0.0000,0.0000,0.0000,-0.0030,0,0,0,0,3.4910,-0.8351,-0.2195,5.0932,-1.1808
3,123,890,3645440,111.2819,1.6338,1.5000,0.0000,0.1299,-0.0169,0.0331,0.1299,-0.0169,0.0331,0.0000,0.0000,0.0000,-0.0030,0,0,0,0,3.4959,-0.8369,-0.2174,5.0932,-1.1808
3,124,890,3645440,111.3112,1.6291,1.5000,0.0000,0.1188,-0.0246,0.0134,0.1188,-0.0246,0.0134,0.0000,0.0000,0.0000,-0.0030,0,0,0,0,3.5003,-0.8389,-0.2166,5.0932,-1.1808
3,125,890,3645440,111.3582,1.6234,1.5000,0.0000,0.1416,-0.0245,0.0155,0.1416,-0.0245,0.0155,0.0000,0.0000,0.0000,-0.0030,0,0,0,0,3.5057,-0.8411,-0.2156,5.0932,-1.1808
3,126,890,3645440,111.3031,1.6192,1.5000,0.0000,0.1071,-0.0276,0.0045,0.1071,-0.0276,0.0045,0.0000,0.0000,0.0000,-0.0030,0,0,0,0,3.5096,-0.8431,-0.2153,5.0932,-1.1808
3,127,890,3645440,111.2118,1.6144,1.5000,0.0000,0.1195,-0.0295,0.0010,0.1195,-0.0295,0.0010,0.0000,0.0000,0.0000,-0.0030,0,0,0,0,3.5140,-0.8452,-0.2153,5.0932,-1.1808
3,128,890,3645440,111.2565,1.6099,1.5000,0.0000,0.1114,-0.0235,0.0149,0.1114,-0.0235,0.0149,0.0000,0.0000,0.0000,-0.0030,0,0,0,0,3.5182,-0.8471,-0.2143,5.0932,-1.1808
3,129,890,3645440,111.3410,1.6058,1.5000,0.0000,0.1031,-0.0216,0.0189,0.1031,-0.0216,0.0189,0.0000,0.0000,0.0000,-0.0030,0,0,0,0,3.5220,-0.8488,-0.2131,5.0932,-1.1808
3,130,890,3645440,111.4213,1.6019,1.5000,0.0000,0.0973,-0.0216,0.0183,0.0973,-0.0216,0.0183,0.0000,0.0000,0.0000,-0.0030,0,0,0,0,3.5256,-0.8505,-0.2120,5.0932,-1.1808
3,131,890,3645440,111.6010,1.5985,1.5000,0.0000,0.0856,-0.0170,0.0284,0.0856,-0.0170,0.0284,0.0000,0.0000,0.0000,-0.0030,0,0,0,0,3.5288,-0.8519,-0.2102,5.0932,-1.1808
3,132,890,3645440,111.6440,1.5951,1.5000,0.0000,0.0868,-0.0228,0.0143,0.0868,-0.0228,0.0143,0.0000,0.0000,0.0000,-0.0030,0,0,0,0,3.5321,-0.8535,-0.2093,5.0932,-1.1808
3,133,890,3645440,111.7282,1.5920,1.5000,0.0000,0.0772,-0.0207,0.0184,0.0772,-0.0207,0.0184,0.0000,0.0000,0.0000,-0.0030,0,0,0,0,3.5349,-0.8550,-0.2082,5.0932,-1.1808
3,134,890,3645440,111.6858,1.5898,1.5000,0.0000,0.0553,-0.0252,0.0051,0.0553,-0.0252,0.0051,0.0000,0.0000,0.0000,-0.0030,0,0,0,0,3.5369,-0.8564,-0.2078,5.0932,-1.1808
3,135,890,3645440,111.7507,1.5874,1.5000,0.0000,0.0584,-0.0209,0.0162,0.0584,-0.0209,0.0162,0.0000,0.0000,0.0000,-0.0030,0,0,0,0,3.5390,-0.8577,-0.2068,5.0932,-1.1808
3,136,890,3645440,111.7359,1.5847,1.5000,0.0000,0.0678,-0.0246,0.0082,0.0678,-0.0246,0.0082,0.0000,0.0000,0.0000,-0.0030,0,0,0,0,3.5414,-0.8592,-0.2063,5.0932,-1.1808
3,137,890,3645440,111.7450,1.5819,1.5000,0.0000,0.0712,-0.0237,0.0107,0.0712,-0.0237,0.0107,0.0000,0.0000,0.0000,-0.0030,0,0,0,0,3.5440,-0.8607,-0.2056,5.0932,-1.1808
3,138,890,3645440,111.8333,1.5785,1.5000,0.0000,0.0850,-0.0208,0.0190,0.0850,-0.0208,0.0190,0.0000,0.0000,0.0000,-0.0030,0,0,0,0,3.5472,-0.8622,-0.2044,5.0932,-1.1808
3,139,890,3645440,111.7182,1.5750,1.5000,0.0000,0.0870,-0.0293,-0.0018,0.0870,-0.0293,-0.0018,0.0000,0.0000,0.0000,-0.0030,0,0,0,0,3.5503,-0.8641,-0.2046,5.0932,-1.1808
3,140,890,3645440,111.6515,1.5718,1.5000,0.0000,0.0812,-0.0271,0.0031,0.0812,-0.0271,0.0031,0.0000,0.0000,0.0000,-0.0030,0,0,0,0,3.5533,-0.8658,-0.2044,5.0932,-1.1808
3,141,890,3645440,111.5346,1.5688,1.5000,0.0000,0.0744,-0.0290,-0.0021,0.0744,-0.0290,-0.0021,0.0000,0.0000,0.0000,-0.0030,0,0,0,0,3.5560,-0.8676,-0.2045,5.0932,-1.1808
3,142,890,3645440,111.4794,1.5660,1.5000,0.0000,0.0694,-0.0262,0.0042,0.0694,-0.0262,0.0042,0.0000,0.0000,0.0000,-0.0030,0,0,0,0,3.5585,-0.8691,-0.2042,5.0932,-1.1808
3,143,890,3645440,111.4794,1.5660,1.5000,0.0000,0.0453,-0.0209,0.0145,0.0000,0.0000,0.0000,0.0000,0.0000,0.0000,-0.0030,0,0,0,0,3.5585,-0.8691,-0.2042,5.0932,-1.1808
3,144,890,3645440,111.4794,1.5660,1.5000,0.0000,0.0480,-0.0223,0.0114,0.0000,0.0000,0.0000,0.0000,0.0000,0.0000,-0.0030,0,0,0,0,3.5585,-0.8691,-0.2042,5.0932,-1.1808
3,145,890,3645440,111.4775,1.5640,1.5000,0.0000,0.0515,-0.0233,0.0094,0.0515,-0.0233,0.0094,0.0000,0.0000,0.0000,-0.0030,0,0,0,0,3.5603,-0.8705,-0.2036,5.0932,-1.1808
3,146,890,3645440,111.4501,1.5610,1.5000,0.0000,0.0742,-0.0252,0.0071,0.0742,-0.0252,0.0071,0.0000,0.0000,0.0000,-0.0030,0,0,0,0,3.5630,-0.8721,-0.2032,5.0932,-1.1808
3,147,890,3645440,111.3352,1.5580,1.5000,0.0000,0.0753,-0.0288,-0.0018,0.0753,-0.0288,-0.0018,0.0000,0.0000,0.0000,-0.0030,0,0,0,0,3.5657,-0.8738,-0.2033,5.0932,-1.1808
3,148,890,3645440,111.2631,1.5555,1.5000,0.0000,0.0609,-0.0265,0.0024,0.0609,-0.0265,0.0024,0.0000,0.0000,0.0000,-0.0030,0,0,0,0,3.5679,-0.8753,-0.2032,5.0932,-1.1808
3,149,890,3645440,111.1598,1.5535,1.5000,0.0000,0.0513,-0.0275,-0.0009,0.0513,-0.0275,-0.0009,0.0000,0.0000,0.0000,-0.0030,0,0,0,0,3.5697,-0.8768,-0.2032,5.0932,-1.1808
3,150,890,3645440,111.1598,1.5535,1.5000,0.0000,0.0340,-0.0139,0.0306,0.0000,0.0000,0.0000,0.0000,0.0000,0.0000,-0.0030,0,0,0,0,3.5697,-0.8768,-0.2032,5.0932,-1.1808
3,151,890,3645440,111.1598,1.5535,1.5000,0.0000,0.0414,-0.0144,0.0303,0.0000,0.0000,0.0000,0.0000,0.0000,0.0000,-0.0030,0,0,0,0,3.5697,-0.8768,-0.2032,5.0932,-1.1808
3,152,890,3645440,111.1598,1.5535,1.5000,0.0000,0.0319,-0.0123,0.0343,0.0000,0.0000,0.0000,0.0000,0.0000,0.0000,8.5423,1,1,0,0,3.5697,-0.8768,-0.2032,5.0932,-1.1808
4,0,890,3645440,129.1223,4.8378,1.5000,0.0000,2.3191,-0.0924,-0.0103,1.0000,-0.0924,-0.0103,2.4933,-0.1254,-0.0979,0.9970,0,0,0,0,0.0400,-0.0037,-0.0006,4.8774,-0.6274
4,1,890,3645440,128.9652,4.7987,1.5000,0.0000,2.3693,-0.0988,-0.0223,1.0000,-0.0988,-0.0223,2.4745,-0.1249,-0.0984,0.0026,0,0,0,0,0.0800,-0.0077,-0.0020,4.8774,-0.6274
4,2,890,3645440,128.9607,4.7589,1.5000,0.0000,2.3710,-0.0919,-0.0052,1.0000,-0.0919,-0.0052,2.4565,-0.1242,-0.0982,0.0020,0,0,0,0,0.1200,-0.0114,-0.0024,4.8774,-0.6274
4,3,890,3645440,128.9432,4.7191,1.5000,0.0000,2.2681,-0.0899,-0.0070,1.0000,-0.0899,-0.0070,2.4369,-0.1239,-0.0990,0.0020,0,0,0,0,0.1600,-0.0151,-0.0028,4.8774,-0.6274
4,4,890,3645440,128.8158,4.6799,1.5000,0.0000,2.1676,-0.0924,-0.0196,1.0000,-0.0924,-0.0196,2.4172,-0.1236,-0.0998,0.0025,0,0,0,0,0.2000,-0.0189,-0.0040,4.8774,-0.6274
4,5,890,3645440,128.6971,4.6405,1.5000,0.0000,2.2108,-0.0931,-0.0184,1.0000,-0.0931,-0.0184,2.3983,-0.1229,-0.0998,0.0024,0,0,0,0,0.2400,-0.0228,-0.0052,4.8774,-0.6274
